date,nav,spy
2010-01-04,10000.0,84.36896514892578
2010-01-05,10004.328455534946,84.59230041503906
2010-01-06,10002.059042869087,84.6518783569336
2010-01-07,10027.629933398617,85.00919342041016
2010-01-08,10060.595234484357,85.2921142578125
2010-01-11,10050.890407155892,85.41120147705078
2010-01-12,9953.405205850211,84.61463928222656
2010-01-13,10032.966934845515,85.3293228149414
2010-01-14,10040.817433271835,85.56010437011719
2010-01-15,9957.552084443014,84.59974670410156
2010-01-19,10053.79562551983,85.6568603515625
2010-01-20,9975.405802010202,84.785888671875
2010-01-21,9806.492002549336,83.15550231933594
2010-01-22,9553.947195801198,81.30179595947266
2010-01-25,9572.69332940569,81.71871948242188
2010-01-26,9546.660008660185,81.37622833251953
2010-01-27,9626.037159786727,81.7634048461914
2010-01-28,9547.60497712305,80.82539367675781
2010-01-29,9450.46182153126,79.9469223022461
2010-02-01,9541.621616357414,81.19017028808594
2010-02-02,9622.94180548871,82.17282104492188
2010-02-03,9610.223376587315,81.7634048461914
2010-02-04,9355.023201822372,79.23970031738281
2010-02-05,9386.738253691414,79.40348052978516
2010-02-08,9326.921670741778,78.83025360107422
2010-02-09,9430.947052665002,79.82038116455078
2010-02-10,9426.701218455137,79.66401672363281
2010-02-11,9529.011891020597,80.49781036376953
2010-02-12,9515.538081202978,80.43083953857422
2010-02-16,9658.456418672344,81.6963882446289
2010-02-17,9684.889090622639,82.08350372314453
2010-02-18,9729.79002681601,82.56739044189453
2010-02-19,9733.20644868309,82.73863220214844
2010-02-22,9718.771937381647,82.75352478027344
2010-02-23,9623.392917673813,81.74848937988281
2010-02-24,9701.331216829945,82.50040435791016
2010-02-25,9673.533102216043,82.38873291015625
2010-02-26,9680.945019623425,82.44084930419922
2010-03-01,9783.207755939753,83.29694366455078
2010-03-02,9793.89510499764,83.52774810791016
2010-03-03,9783.84110199,83.60218811035156
2010-03-04,9835.046304327863,83.8553237915039
2010-03-05,9948.237382123902,85.05381774902344
2010-03-08,9963.28297512806,85.0687484741211
2010-03-09,9975.741463884984,85.210205078125
2010-03-10,10028.34661789989,85.58988189697266
2010-03-11,10053.681196863932,85.94720458984375
2010-03-12,10055.79155338266,85.95464324951172
2010-03-15,10047.76277582776,85.97698211669922
2010-03-16,10104.831328421771,86.66188049316406
2010-03-17,10161.638920428948,87.17555236816406
2010-03-18,10161.334600211027,87.13087463378906
2010-03-19,10101.693118327672,86.68985748291016
2010-03-22,10155.914417221058,87.15330505371094
2010-03-23,10222.335962838615,87.76628112792969
2010-03-24,10164.456613894146,87.3401870727539
2010-03-25,10207.874547502257,87.19815063476562
2010-03-26,10207.921548283806,87.14588165283203
2010-03-29,10249.871116732293,87.69902801513672
2010-03-30,10268.797513049522,87.7588119506836
2010-03-31,10228.694068552937,87.45980072021484
2010-04-01,10292.892933374198,88.05782318115234
2010-04-05,10370.127356351679,88.77544403076172
2010-04-06,10410.9775398356,88.98474884033203
2010-04-07,10361.22745604607,88.4764175415039
2010-04-08,10403.967091665305,88.78291320800781
2010-04-09,10455.436563215404,89.3659896850586
2010-04-12,10494.227830382493,89.50801849365234
2010-04-13,10523.124674666913,89.57532501220703
2010-04-14,10669.201066415224,90.59191131591797
2010-04-15,10689.796397770246,90.66665649414062
2010-04-16,10472.617868779485,89.22398376464844
2010-04-19,10507.728248593443,89.56031036376953
2010-04-20,10581.978866576956,90.36019134521484
2010-04-21,10559.20666413008,90.19575500488281
2010-04-22,10635.751651591889,90.46482849121094
2010-04-23,10687.251789294141,91.05538940429688
2010-04-26,10665.13848295007,90.71153259277344
2010-04-27,10422.808940444089,88.56613159179688
2010-04-28,10472.816989012257,89.23892211914062
2010-04-29,10645.252570721503,90.3452377319336
2010-04-30,10421.930177466862,88.81278991699219
2010-05-03,10551.949550218147,89.96398162841797
2010-05-04,10300.020267572363,87.84854888916016
2010-05-05,10221.5511449028,87.32523345947266
2010-05-06,9897.551712106138,84.42487335205078
2010-05-07,9734.788054611807,83.16903686523438
2010-05-10,10163.865221268428,86.8318862915039
2010-05-11,10125.86787378965,86.58519744873047
2010-05-12,10306.32113846156,87.79618072509766
2010-05-13,10192.784751276758,86.70482635498047
2010-05-14,9929.137693091998,85.1350326538086
2010-05-17,9957.167159367067,85.17984771728516
2010-05-18,9759.227546226628,84.021240234375
2010-05-19,9716.883223472547,83.54283905029297
2010-05-20,9369.90019280992,80.3882827758789
2010-05-21,9526.370167818744,81.5618667602539
2010-05-24,9417.797840132205,80.51537322998047
2010-05-25,9443.49138385104,80.59758758544922
2010-05-26,9377.546369971973,80.11170959472656
2010-05-27,9674.746416252678,82.7952880859375
2010-05-28,9554.492669463983,81.75621032714844
2010-06-01,9409.117294862912,80.38078308105469
2010-06-02,9618.697320463498,82.47388458251953
2010-06-03,9650.217695919015,82.75789642333984
2010-06-04,9353.07583750463,79.85005950927734
2010-06-07,9234.398236334418,78.85585021972656
2010-06-08,9308.064101267895,79.70054626464844
2010-06-09,9257.2001878535,79.27447509765625
2010-06-10,9518.998256973728,81.59180450439453
2010-06-11,9553.723132087842,81.98796081542969
2010-06-14,9536.897325488366,81.86092376708984
2010-06-15,9756.698572154479,83.72220611572266
2010-06-16,9775.925970419461,83.69231414794922
2010-06-17,9807.125749259196,83.82685089111328
2010-06-18,9822.906788438157,83.91776275634766
2010-06-21,9770.110990868858,83.6773910522461
2010-06-22,9632.240063790028,82.29540252685547
2010-06-23,9596.661558419766,82.04005432128906
2010-06-24,9435.709930363639,80.68057250976562
2010-06-25,9495.129710633162,81.01856994628906
2010-06-28,9454.141496524708,80.76322937011719
2010-06-29,9143.862826338553,78.26964569091797
2010-06-30,9038.234029056734,77.52609252929688
2010-07-01,9045.19047953943,77.18059539794922
2010-07-02,9007.417174361977,76.75997161865234
2010-07-06,9062.141726978525,77.26322937011719
2010-07-07,9379.252009773252,79.69669342041016
2010-07-08,9464.214741046248,80.48530578613281
2010-07-09,9550.839692043248,81.08617401123047
2010-07-12,9581.542053265133,81.13876342773438
2010-07-13,9727.548580405932,82.36302185058594
2010-07-14,9738.532019201988,82.35551452636719
2010-07-15,9747.400104083625,82.3780288696289
2010-07-16,9434.910797598284,80.10979461669922
2010-07-19,9501.48009284038,80.58296203613281
2010-07-20,9610.057607714263,81.47677612304688
2010-07-21,9491.017244768671,80.4177474975586
2010-07-22,9686.707152312618,82.21282958984375
2010-07-23,9755.70794908859,82.92633056640625
2010-07-26,9838.054330390587,83.79005432128906
2010-07-27,9848.619895800059,83.78254699707031
2010-07-28,9768.708750083963,83.24176788330078
2010-07-29,9704.303118177993,82.83616638183594
2010-07-30,9710.305232268982,82.8211669921875
2010-08-02,9889.789080764178,84.69132995605469
2010-08-03,9866.95675835739,84.28577423095703
2010-08-04,9942.57401149248,84.84909057617188
2010-08-05,9931.848037993303,84.75894165039062
2010-08-06,9933.177239020382,84.41345977783203
2010-08-09,10007.477861255393,84.86408996582031
2010-08-10,9967.043141681874,84.40595245361328
2010-08-11,9708.302273091647,82.09264373779297
2010-08-12,9640.219061952042,81.58940887451172
2010-08-13,9605.336471983102,81.34906768798828
2010-08-16,9632.629841431632,81.31149291992188
2010-08-17,9723.720384987944,82.31043243408203
2010-08-18,9715.8957492136,82.46067810058594
2010-08-19,9564.539180535108,81.0261001586914
2010-08-20,9541.038233492047,80.76322937011719
2010-08-23,9474.354261545754,80.45527648925781
2010-08-24,9344.84746440816,79.26104736328125
2010-08-25,9392.609753606763,79.5689926147461
2010-08-26,9308.734959434081,79.0357437133789
2010-08-27,9450.78100357245,80.2599868774414
2010-08-30,9282.640434134184,79.09584045410156
2010-08-31,9278.196630878558,79.09584045410156
2010-09-01,9561.02347273654,81.46172332763672
2010-09-02,9650.037814909276,82.2203140258789
2010-09-03,9805.25338603413,83.28683471679688
2010-09-07,9719.232357350038,82.34799194335938
2010-09-08,9781.752718513733,82.92633056640625
2010-09-09,9816.201910600188,83.30935668945312
2010-09-10,9873.400995393547,83.72997283935547
2010-09-13,10005.385704081245,84.66132354736328
2010-09-14,9999.985035876149,84.6087417602539
2010-09-15,10030.3633671953,84.93169403076172
2010-09-16,10038.159031454295,84.90917205810547
2010-09-17,10081.177449711773,84.94088745117188
2010-09-20,10246.07812898384,86.23966217041016
2010-09-21,10247.174821254628,86.06598663330078
2010-09-22,10258.994265206247,85.64311218261719
2010-09-23,10193.143811367896,84.94844818115234
2010-09-24,10416.037534529998,86.70027160644531
2010-09-27,10369.259566142317,86.28497314453125
2010-09-28,10386.159715665173,86.58699035644531
2010-09-29,10389.339644758786,86.43598175048828
2010-09-30,10332.841638330521,86.17923736572266
2010-10-01,10385.074527329572,86.54169464111328
2010-10-04,10295.722351039105,85.89229583740234
2010-10-05,10480.435223536097,87.62147521972656
2010-10-06,10469.935637235501,87.61392211914062
2010-10-07,10451.263047392253,87.50823974609375
2010-10-08,10496.482182492598,87.99903869628906
2010-10-11,10498.337356841334,88.08208465576172
2010-10-12,10551.723630976438,88.35391235351562
2010-10-13,10613.101449373184,89.04108428955078
2010-10-14,10568.373152074799,88.69371032714844
2010-10-15,10597.577444454208,88.87493896484375
2010-10-18,10671.730721908512,89.31289672851562
2010-10-19,10527.797064970531,88.14247131347656
2010-10-20,10629.75681486379,89.00328826904297
2010-10-21,10701.226208839096,89.19963073730469
2010-10-22,10727.065514583395,89.36575317382812
2010-10-25,10740.03252574858,89.6300277709961
2010-10-26,10766.772753907819,89.64511108398438
2010-10-27,10761.245867764255,89.388427734375
2010-10-28,10752.368281475618,89.40351104736328
2010-10-29,10744.961859153766,89.47145080566406
2010-11-01,10725.04943233281,89.50162506103516
2010-11-02,10813.213361973252,90.21146392822266
2010-11-03,10851.954142932425,90.57389831542969
2010-11-04,11073.98174838447,92.31815338134766
2010-11-05,11144.600180167185,92.66551971435547
2010-11-08,11099.43788326398,92.49185180664062
2010-11-09,11022.2354490302,91.82733154296875
2010-11-10,11069.449079217884,92.19735717773438
2010-11-11,10979.61259505671,91.85003662109375
2010-11-12,10855.950851056283,90.76265716552734
2010-11-15,10822.233101728323,90.63429260253906
2010-11-16,10674.413154832178,89.2222900390625
2010-11-17,10695.137474322924,89.26758575439453
2010-11-18,10846.355202345028,90.58145141601562
2010-11-19,10873.262114030877,90.83063507080078
2010-11-22,10884.001104403977,90.755126953125
2010-11-23,10740.43903261938,89.4412612915039
2010-11-24,10895.63754899876,90.76265716552734
2010-11-26,10818.71809643246,89.70555114746094
2010-11-29,10843.776744454006,89.97738647460938
2010-11-30,10784.95354594704,89.47145080566406
2010-12-01,11008.958332697452,91.37430572509766
2010-12-02,11131.102703925648,92.544677734375
2010-12-03,11154.130616525645,92.79387664794922
2010-12-06,11161.79524484144,92.69571685791016
2010-12-07,11135.458600506645,92.74858093261719
2010-12-08,11206.598237307375,93.0883560180664
2010-12-09,11266.883205961674,93.45081329345703
2010-12-10,11345.083056879745,93.9944839477539
2010-12-13,11330.44334627547,94.05487823486328
2010-12-14,11319.657864560892,94.137939453125
2010-12-15,11254.203484944506,93.70756530761719
2010-12-16,11259.200551190586,94.25121307373047
2010-12-17,11254.893095212808,94.35215759277344
2010-12-20,11273.50430076584,94.57987213134766
2010-12-21,11363.656883439633,95.17957305908203
2010-12-22,11408.076193004636,95.4755859375
2010-12-23,11381.44237723466,95.33898162841797
2010-12-27,11402.576601717174,95.3769302368164
2010-12-28,11416.27360124454,95.51355743408203
2010-12-29,11418.215452157663,95.5818862915039
2010-12-30,11388.434568920726,95.4300537109375
2010-12-31,11395.245318974747,95.45279693603516
2011-01-03,11552.356409485572,96.43962097167969
2011-01-04,11576.888451922276,96.38650512695312
2011-01-05,11657.286149033143,96.88748168945312
2011-01-06,11685.654300696255,96.69770812988281
2011-01-07,11667.063658335484,96.50794982910156
2011-01-10,11672.66125002758,96.38650512695312
2011-01-11,11706.684833402083,96.72805786132812
2011-01-12,11860.185935040321,97.60096740722656
2011-01-13,11853.432175945121,97.44158172607422
2011-01-14,11972.975625318157,98.14752960205078
2011-01-18,11980.007754599374,98.31450653076172
2011-01-19,11846.521220307794,97.35051727294922
2011-01-20,11838.817151961863,97.22144317626953
2011-01-21,11850.091472610402,97.44158172607422
2011-01-24,11964.228903928588,97.99571990966797
2011-01-25,11953.38395271675,98.04882049560547
2011-01-26,11964.762133064773,98.42835998535156
2011-01-27,12093.921893301873,98.67130279541016
2011-01-28,11889.71778171968,96.9482192993164
2011-01-31,11940.536440933063,97.67688751220703
2011-02-01,12119.230135808446,99.2406005859375
2011-02-02,12104.89495192884,99.05082702636719
2011-02-03,12141.686756197289,99.2709732055664
2011-02-04,12174.702092041489,99.55180358886719
2011-02-07,12227.76682128941,100.17423248291016
2011-02-08,12295.378803558398,100.62966918945312
2011-02-09,12263.753346146394,100.40198516845703
2011-02-10,12248.038647438269,100.43992614746094
2011-02-11,12346.960287046284,101.03958892822266
2011-02-14,12396.955491894423,101.28243255615234
2011-02-15,12354.786698291877,100.96365356445312
2011-02-16,12404.46773208054,101.60131072998047
2011-02-17,12448.813380702853,101.90494537353516
2011-02-18,12476.339731549004,102.11746978759766
2011-02-22,12171.526547214724,100.06794738769531
2011-02-23,12044.656762817649,99.453125
2011-02-24,12074.577211049964,99.38478088378906
2011-02-25,12182.75894511121,100.44749450683594
2011-02-28,12200.87298743723,101.06993103027344
2011-03-01,11996.819766937155,99.38478088378906
2011-03-02,12000.593803183654,99.59734344482422
2011-03-03,12224.13095225747,101.3128662109375
2011-03-04,12125.31810462307,100.55377197265625
2011-03-07,12020.87764712675,99.76432800292969
2011-03-08,12111.05978526424,100.63729858398438
2011-03-09,12090.962697172119,100.4930648803711
2011-03-10,11865.085173512574,98.63335418701172
2011-03-11,11930.49780870053,99.31646728515625
2011-03-14,11854.552862879435,98.71685791015625
2011-03-15,11731.505856924723,97.58580017089844
2011-03-16,11479.122521323485,95.77922058105469
2011-03-17,11610.798303179028,97.04686737060547
2011-03-18,11664.144571100946,97.39984130859375
2011-03-21,11828.895881789967,98.9093246459961
2011-03-22,11808.589850617007,98.5662612915039
2011-03-23,11859.522469945829,98.84835815429688
2011-03-24,11989.564071192712,99.7936782836914
2011-03-25,11985.11143740413,100.09861755371094
2011-03-28,12002.775587111844,99.85467529296875
2011-03-29,12107.533722917342,100.52555084228516
2011-03-30,12179.231772651876,101.21929168701172
2011-03-31,12149.503584920663,101.08206176757812
2011-04-01,12244.099882843497,101.5090103149414
2011-04-04,12242.459583618169,101.59285736083984
2011-04-05,12235.250766974634,101.57766723632812
2011-04-06,12297.308056682134,101.89781951904297
2011-04-07,12298.18900204374,101.63862609863281
2011-04-08,12241.695915640557,101.28792572021484
2011-04-11,12205.123092090145,100.98299407958984
2011-04-12,12126.027499571319,100.22823333740234
2011-04-13,12135.533795397267,100.22062683105469
2011-04-14,12131.242673283075,100.29684448242188
2011-04-15,12137.587621593793,100.66280364990234
2011-04-18,12012.366945789505,99.53447723388672
2011-04-19,12072.982694234082,100.10623168945312
2011-04-20,12233.971256702498,101.47091674804688
2011-04-21,12336.135426302617,101.98930358886719
2011-04-25,12322.675774678364,101.88256072998047
2011-04-26,12399.243571929122,102.75929260253906
2011-04-27,12516.547889058702,103.43016815185547
2011-04-28,12551.800640415524,103.76560974121094
2011-04-29,12586.033387363077,104.00955200195312
2011-05-02,12584.226309851849,103.84949493408203
2011-05-03,12572.187154925303,103.47590637207031
2011-05-04,12511.774699537063,102.7898178100586
2011-05-05,12398.375109425671,101.85970306396484
2011-05-06,12461.029248092738,102.30949401855469
2011-05-09,12512.087730494417,102.70591735839844
2011-05-10,12596.211871184241,103.58262634277344
2011-05-11,12500.1739975666,102.49246978759766
2011-05-12,12571.127703529655,102.9803466796875
2011-05-13,12431.22221634512,102.18751525878906
2011-05-16,12327.83623105005,101.53949737548828
2011-05-17,12349.31576528904,101.52425384521484
2011-05-18,12435.09757005797,102.43148040771484
2011-05-19,12463.642603858221,102.67544555664062
2011-05-20,12363.496645737981,101.85970306396484
2011-05-23,12229.138040344222,100.67799377441406
2011-05-24,12192.735034395822,100.59416961669922
2011-05-25,12237.467514177202,100.92961883544922
2011-05-26,12285.098703551828,101.3946304321289
2011-05-27,12362.772136593918,101.78346252441406
2011-05-31,12519.164936184714,102.84317016601562
2011-06-01,12213.91861300503,100.53317260742188
2011-06-02,12229.753009352551,100.42646789550781
2011-06-03,12103.094511586545,99.42774200439453
2011-06-06,11967.838941132566,98.37567901611328
2011-06-07,11950.290717050428,98.314697265625
2011-06-08,11892.945053238369,97.90301513671875
2011-06-09,11976.282202144672,98.65011596679688
2011-06-10,11816.927870740195,97.27788543701172
2011-06-13,11854.201846635051,97.35413360595703
2011-06-14,11989.869497009551,98.5891342163086
2011-06-15,11783.322454189185,96.835693359375
2011-06-16,11793.135188498596,97.04917907714844
2011-06-17,11808.52953153761,97.3387680053711
2011-06-20,11871.212547322899,97.83674621582031
2011-06-21,12036.443721302288,99.17753601074219
2011-06-22,11935.12816059474,98.57994842529297
2011-06-23,11939.760611362353,98.29645538330078
2011-06-24,11796.555820505895,97.15489959716797
2011-06-27,11920.365271473032,98.02066802978516
2011-06-28,12063.663923983238,99.30010223388672
2011-06-29,12211.842123768036,100.15052795410156
2011-06-30,12318.39178980401,101.10820770263672
2011-07-01,12570.091564665827,102.6021957397461
2011-07-05,12572.657996721056,102.51791381835938
2011-07-06,12601.563881610029,102.64051818847656
2011-07-07,12732.63157461837,103.70543670654297
2011-07-08,12642.361452580424,102.96993255615234
2011-07-11,12421.871033373764,101.10820770263672
2011-07-12,12340.318272935434,100.6714859008789
2011-07-13,12385.923980490465,101.00859069824219
2011-07-14,12280.107431306282,100.31140899658203
2011-07-15,12361.013052880397,100.8936767578125
2011-07-18,12258.370462169949,100.06624603271484
2011-07-19,12464.950036600158,101.69051361083984
2011-07-20,12490.688246464675,101.62919616699219
2011-07-21,12641.36913190048,103.0389175415039
2011-07-22,12657.186314297927,103.10783386230469
2011-07-25,12601.8422848736,102.533203125
2011-07-26,12513.145970617237,102.150146484375
2011-07-27,12275.703008695213,100.05857849121094
2011-07-28,12255.072768353988,99.76744842529297
2011-07-29,12181.87995589438,99.08557891845703
2011-08-01,12175.148392717929,98.66417694091797
2011-08-02,11890.003753093211,96.14356994628906
2011-08-03,12014.382683533811,96.6645736694336
2011-08-04,11483.125190907218,92.13665771484375
2011-08-05,11441.60784274421,91.99872589111328
2011-08-08,10686.539554006169,86.00748443603516
2011-08-09,11237.348297533921,90.0067367553711
2011-08-10,10697.057061653588,86.03048706054688
2011-08-11,11197.155760203272,89.89183807373047
2011-08-12,11235.882286957029,90.49708557128906
2011-08-15,11465.368342557034,92.41248321533203
2011-08-16,11344.116970715,91.62332153320312
2011-08-17,11346.856602097125,91.68462371826172
2011-08-18,10850.346205203354,87.73128509521484
2011-08-19,10676.784994462914,86.29862213134766
2011-08-22,10681.283783718545,86.36756134033203
2011-08-23,11084.044745502433,89.2099609375
2011-08-24,11243.012071478463,90.46643829345703
2011-08-25,11100.508057103165,89.0873794555664
2011-08-26,11264.274486858641,90.38219451904297
2011-08-29,11532.60119620732,92.97940063476562
2011-08-30,11581.56512583851,93.22457122802734
2011-08-31,11630.345325063634,93.6383056640625
2011-09-01,11503.83571954917,92.6576156616211
2011-09-02,11207.572076851498,90.29021453857422
2011-09-06,11153.289747164004,89.63131713867188
2011-09-07,11475.310577409336,92.15962982177734
2011-09-08,11360.521968983026,91.2019271850586
2011-09-09,11070.426861861637,88.81158447265625
2011-09-12,11184.628420774148,89.38619232177734
2011-09-13,11291.459145272263,90.20596313476562
2011-09-14,11449.398773270974,91.45476531982422
2011-09-15,11613.814504103942,93.03303527832031
2011-09-16,11681.542194062087,93.5836410522461
2011-09-19,11574.706115794044,92.65185546875
2011-09-20,11550.623982163013,92.54400634765625
2011-09-21,11262.280749199737,89.81783294677734
2011-09-22,10936.840888444487,86.91447448730469
2011-09-23,11055.726988074308,87.43817901611328
2011-09-26,11272.219634558845,89.5174789428711
2011-09-27,11336.170328420309,90.51861572265625
2011-09-28,11152.185654879335,88.67036437988281
2011-09-29,11199.621134070254,89.37116241455078
2011-09-30,10934.339357927665,87.13784790039062
2011-10-03,10666.486234155136,84.65807342529297
2011-10-04,10850.295212636513,86.5140609741211
2011-10-05,11026.546694643663,88.11589050292969
2011-10-06,11217.431436774285,89.71000671386719
2011-10-07,11142.196665119827,89.10931396484375
2011-10-10,11498.109454064355,92.08963775634766
2011-10-11,11507.029873461293,92.18207550048828
2011-10-12,11628.434765050357,92.99066162109375
2011-10-13,11635.358752132604,92.80583190917969
2011-10-14,11829.53029201909,94.39228820800781
2011-10-17,11598.675374452741,92.59024047851562
2011-10-18,11811.115970334055,94.39998626708984
2011-10-19,11635.992666013615,93.28331756591797
2011-10-20,11667.205101168922,93.69148254394531
2011-10-21,11855.532439426433,95.47044372558594
2011-10-24,12015.296334798108,96.64100646972656
2011-10-25,11667.601924347457,94.76192474365234
2011-10-26,11754.199476513424,95.72453308105469
2011-10-27,12169.651493252053,99.05912017822266
2011-10-28,12186.423042253646,99.03602600097656
2011-10-31,11894.527418364585,96.64868927001953
2011-11-01,11559.15339724511,93.95330810546875
2011-11-02,11755.144390653937,95.48583221435547
2011-11-03,12027.479566652404,97.2262954711914
2011-11-04,11932.705828181117,96.63329315185547
2011-11-07,12010.023267039207,97.2339859008789
2011-11-08,12155.793918301493,98.48158264160156
2011-11-09,11744.142805559517,94.84663391113281
2011-11-10,11813.534202718212,95.73995208740234
2011-11-11,12062.587528653734,97.54202270507812
2011-11-14,11977.078076307427,96.6178970336914
2011-11-15,12046.884321657135,97.09535217285156
2011-11-16,11833.201038882426,95.5551528930664
2011-11-17,11630.925562293098,94.03801727294922
2011-11-18,11616.762365995008,93.93791961669922
2011-11-21,11407.018824625658,92.15126037597656
2011-11-22,11356.818614207265,91.7892837524414
2011-11-23,11096.661057981131,89.76390838623047
2011-11-25,11054.897247106828,89.5945053100586
2011-11-28,11414.955987098114,92.18976593017578
2011-11-29,11430.298339861198,92.45159912109375
2011-11-30,11916.012599115345,96.25593566894531
2011-12-01,11944.299584178674,96.24053192138672
2011-12-02,11956.86021506393,96.15579223632812
2011-12-05,12073.507110382232,97.20316314697266
2011-12-06,12075.631590329054,97.2339859008789
2011-12-07,12134.16475649284,97.5959243774414
2011-12-08,11880.761604951418,95.45502471923828
2011-12-09,12082.738668991491,97.07225036621094
2011-12-12,11910.88759808201,95.65523529052734
2011-12-13,11797.300607238456,94.76192474365234
2011-12-14,11658.163023484823,93.75309753417969
2011-12-15,11678.830642064364,94.0919418334961
2011-12-16,11729.587737937984,94.2314453125
2011-12-19,11593.521331576663,93.22393798828125
2011-12-20,11953.706972208778,96.04490661621094
2011-12-21,11910.42311041536,96.23092651367188
2011-12-22,12032.071373305393,97.08341217041016
2011-12-23,12129.556949747483,97.95137786865234
2011-12-27,12103.304535982976,98.02888488769531
2011-12-28,11962.191058084522,96.74242401123047
2011-12-29,12091.439796056802,97.74214935302734
2011-12-30,12027.340096226097,97.26162719726562
2012-01-03,12256.300614115615,98.8116455078125
2012-01-04,12286.41330980867,98.96664428710938
2012-01-05,12319.769902619531,99.23014831542969
2012-01-06,12295.338842532265,98.9743881225586
2012-01-09,12338.751784922197,99.21463012695312
2012-01-10,12407.929999573274,100.07488250732422
2012-01-11,12409.057470691247,100.129150390625
2012-01-12,12457.141354722737,100.3693618774414
2012-01-13,12401.765104631211,99.85011291503906
2012-01-17,12435.602634684183,100.23765563964844
2012-01-18,12627.945114752434,101.34587860107422
2012-01-19,12687.4198181771,101.880615234375
2012-01-20,12652.665282289732,102.26038360595703
2012-01-23,12640.907090375107,101.99687957763672
2012-01-24,12622.962851424494,101.880615234375
2012-01-25,12711.133176519748,102.73310852050781
2012-01-26,12710.169438158335,102.20614624023438
2012-01-27,12736.221453684002,102.15962982177734
2012-01-30,12708.306599545393,101.8108901977539
2012-01-31,12709.482709296677,101.7721176147461
2012-02-01,12809.986476786498,102.6633529663086
2012-02-02,12886.787055462775,102.82610321044922
2012-02-03,13072.305681742493,104.26760864257812
2012-02-06,13070.357320171695,104.19784545898438
2012-02-07,13088.245085967557,104.46135711669922
2012-02-08,13126.78831859031,104.77136993408203
2012-02-09,13151.570946192774,104.90306091308594
2012-02-10,13067.282405251302,104.12808990478516
2012-02-13,13130.096393738808,104.90306091308594
2012-02-14,13142.006915272828,104.77136993408203
2012-02-15,13041.321916696985,104.28312683105469
2012-02-16,13166.503756894588,105.43783569335938
2012-02-17,13214.644571805846,105.71685028076172
2012-02-21,13219.183482950066,105.76334381103516
2012-02-22,13166.435361781221,105.4223403930664
2012-02-23,13209.796036208001,105.88732147216797
2012-02-24,13230.828097268557,106.11981201171875
2012-02-27,13250.179816414615,106.29810333251953
2012-02-28,13320.733119610613,106.60807037353516
2012-02-29,13251.994078114903,106.1895523071289
2012-03-01,13327.630423000162,106.73982238769531
2012-03-02,13295.574399234249,106.41429901123047
2012-03-05,13219.947194441387,105.98031616210938
2012-03-06,13031.000594809275,104.43035125732422
2012-03-07,13141.033517373926,105.15884399414062
2012-03-08,13262.980663718425,106.20504760742188
2012-03-09,13295.382222642242,106.61581420898438
2012-03-12,13279.553896565592,106.62358093261719
2012-03-13,13531.936697861873,108.54557037353516
2012-03-14,13532.563257683989,108.42929077148438
2012-03-15,13637.176182771014,109.05705261230469
2012-03-16,13645.289657409967,109.20806121826172
2012-03-19,13722.109313200885,109.63619995117188
2012-03-20,13698.791074535791,109.3170166015625
2012-03-21,13670.94321848826,109.13799285888672
2012-03-22,13598.55348498292,108.35184478759766
2012-03-23,13649.88367680118,108.7021255493164
2012-03-26,13853.275883106802,110.2277603149414
2012-03-27,13807.159931045051,109.88522338867188
2012-03-28,13777.365736556985,109.34040069580078
2012-03-29,13742.990551389346,109.153564453125
2012-03-30,13784.457565663499,109.60502624511719
2012-04-02,13889.384875218957,110.40675354003906
2012-04-03,13838.560120757402,109.95531463623047
2012-04-04,13672.460771263193,108.8656005859375
2012-04-05,13689.902367937379,108.81105041503906
2012-04-09,13538.615722276985,107.58898162841797
2012-04-10,13303.423126311713,105.78316497802734
2012-04-11,13407.453295519705,106.63937377929688
2012-04-12,13618.351533016292,108.03266906738281
2012-04-13,13433.47587434493,106.74835968017578
2012-04-16,13429.749802609094,106.67826080322266
2012-04-17,13635.483227510023,108.2584228515625
2012-04-18,13572.588632008092,107.89260864257812
2012-04-19,13455.671192774058,107.19979858398438
2012-04-20,13477.689258950242,107.37885284423828
2012-04-23,13337.189446041213,106.47592163085938
2012-04-24,13343.059676225756,106.88068389892578
2012-04-25,13520.959216274961,108.34403991699219
2012-04-26,13607.899468098862,109.09906005859375
2012-04-27,13666.889770430786,109.27810668945312
2012-04-30,13597.837156365758,108.87337493896484
2012-05-01,13657.876834678029,109.55052185058594
2012-05-02,13628.14741408643,109.22367095947266
2012-05-03,13477.843437433175,108.39076232910156
2012-05-04,13255.300047507024,106.63937377929688
2012-05-07,13271.76352243479,106.71722412109375
2012-05-08,13228.151849107135,106.28913116455078
2012-05-09,13136.043216988257,105.65857696533203
2012-05-10,13155.058065526064,105.8765640258789
2012-05-11,13142.264878360536,105.55738830566406
2012-05-14,13005.30713514558,104.38983917236328
2012-05-15,12955.126247730532,103.79045867919922
2012-05-16,12904.506138847017,103.39348602294922
2012-05-17,12722.857690519522,101.86004638671875
2012-05-18,12600.491730949876,100.9882583618164
2012-05-21,12783.308947809839,102.72407531738281
2012-05-22,12789.348964548386,102.9030990600586
2012-05-23,12852.263467662891,102.95759582519531
2012-05-24,12841.213182987474,103.15996551513672
2012-05-25,12803.975446588216,102.82527923583984
2012-05-29,12948.656157929463,104.07069396972656
2012-05-30,12779.411650417342,102.56061553955078
2012-05-31,12751.603175188258,102.33489227294922
2012-06-01,12432.576662331756,99.7584228515625
2012-06-04,12446.321325509625,99.71170806884766
2012-06-05,12527.45281467746,100.46674346923828
2012-06-06,12829.265485649146,102.72407531738281
2012-06-07,12819.45752592813,102.78633117675781
2012-06-08,12940.687435741,103.60364532470703
2012-06-11,12782.973870595422,102.28819274902344
2012-06-12,12947.257664031365,103.46355438232422
2012-06-13,12865.433479877374,102.80192565917969
2012-06-14,12974.645864931796,103.89167022705078
2012-06-15,13123.204013302857,104.95419311523438
2012-06-18,13140.067964887456,105.15758514404297
2012-06-19,13286.160055514707,106.17474365234375
2012-06-20,13282.567474483296,106.00261688232422
2012-06-21,13006.05890351693,103.62409210205078
2012-06-22,13127.829285239313,104.42216491699219
2012-06-25,12912.484519605225,102.74775695800781
2012-06-26,12974.27391475751,103.26415252685547
2012-06-27,13082.8380997232,104.1951904296875
2012-06-28,13030.590887390012,103.89793395996094
2012-06-29,13357.03227086069,106.48776245117188
2012-07-02,13399.130098677504,106.80854797363281
2012-07-03,13479.55236962649,107.51274871826172
2012-07-05,13454.864958294344,107.02762603759766
2012-07-06,13323.469420015483,106.01049041748047
2012-07-09,13305.187720502456,105.87745666503906
2012-07-10,13200.202101674096,104.95419311523438
2012-07-11,13188.012241683178,104.9698486328125
2012-07-12,13108.732607197779,104.4612808227539
2012-07-13,13336.180176078515,106.21391296386719
2012-07-16,13311.066319124899,105.96349334716797
2012-07-17,13379.763115211486,106.69114685058594
2012-07-18,13502.53816934363,107.48139953613281
2012-07-19,13540.9410750583,107.7630844116211
2012-07-20,13428.809066205316,106.77723693847656
2012-07-23,13326.679208372929,105.69744110107422
2012-07-24,13219.074992252872,104.78984832763672
2012-07-25,13173.928832494637,104.81333923339844
2012-07-26,13396.803012903261,106.54251861572266
2012-07-27,13687.392270400047,108.50640869140625
2012-07-30,13658.548927197598,108.50640869140625
2012-07-31,13593.065095359081,107.74745178222656
2012-08-01,13530.523743179214,107.65349578857422
2012-08-02,13428.268354782896,106.91022491455078
2012-08-03,13664.862567095119,109.03060913085938
2012-08-06,13680.152270871564,109.24186706542969
2012-08-07,13746.77991256727,109.78960418701172
2012-08-08,13764.335213068522,109.92256927490234
2012-08-09,13784.26726768844,110.01644134521484
2012-08-10,13809.123476234503,110.19647216796875
2012-08-13,13793.080415567387,110.14163208007812
2012-08-14,13814.308947015756,110.1572494506836
2012-08-15,13846.51283198353,110.282470703125
2012-08-16,13953.643280172062,111.09624481201172
2012-08-17,13958.298807274106,111.2448501586914
2012-08-20,13952.756369982646,111.25267791748047
2012-08-21,13914.131077913922,110.91627502441406
2012-08-22,13915.320408038366,110.96318054199219
2012-08-23,13803.651368513565,110.0555191040039
2012-08-24,13896.188451557586,110.72061157226562
2012-08-27,13885.947272793,110.7441177368164
2012-08-28,13881.540836966224,110.63459014892578
2012-08-29,13897.76752619951,110.72061157226562
2012-08-30,13781.681067862482,109.92256927490234
2012-08-31,13860.027791568791,110.44676971435547
2012-09-04,13794.727798685024,110.3449935913086
2012-09-05,13773.845103026293,110.25122833251953
2012-09-06,14077.933417998434,112.48888397216797
2012-09-07,14100.87459451865,112.92705535888672
2012-09-10,13980.194779243164,112.28553009033203
2012-09-11,14018.146066591526,112.59847259521484
2012-09-12,14057.645206667421,112.97400665283203
2012-09-13,14294.26687607986,114.6954116821289
2012-09-14,14341.730908224423,115.20393371582031
2012-09-17,14275.511147467634,114.81269836425781
2012-09-18,14278.530987266355,114.71884155273438
2012-09-19,14294.764317024501,114.78142547607422
2012-09-20,14288.444250203693,114.78926849365234
2012-09-21,14296.373081575122,114.74125671386719
2012-09-24,14265.105908663467,114.5682144165039
2012-09-25,14119.14018003143,113.34898376464844
2012-09-26,14055.394059104648,112.71183776855469
2012-09-27,14191.872999932568,113.77375030517578
2012-09-28,14133.545720329226,113.24671936035156
2012-10-01,14231.477961449244,113.54563903808594
2012-10-02,14224.466983909797,113.6635971069336
2012-10-03,14333.085494768895,114.12779235839844
2012-10-04,14464.757033018863,114.94573974609375
2012-10-05,14470.382354215526,114.95360565185547
2012-10-08,14432.094790422323,114.56037139892578
2012-10-09,14267.649663083703,113.42766571044922
2012-10-10,14188.926513480685,112.70401000976562
2012-10-11,14190.14099780277,112.76689147949219
2012-10-12,14138.575186630038,112.397216796875
2012-10-15,14271.893956676799,113.3332290649414
2012-10-16,14404.990183469601,114.48172760009766
2012-10-17,14449.17258477848,115.0008544921875
2012-10-18,14373.143109318205,114.70196533203125
2012-10-19,14143.43804709092,112.79051208496094
2012-10-22,14143.003383977517,112.80622863769531
2012-10-23,13979.658092804098,111.24089813232422
2012-10-24,13889.078748151449,110.9262924194336
2012-10-25,13923.536410870305,111.24873352050781
2012-10-26,13971.225282365094,111.18582916259766
2012-10-31,14003.939153371082,111.18582916259766
2012-11-01,14167.314459569425,112.35004425048828
2012-11-02,14051.896078032147,111.35102844238281
2012-11-05,14087.530026596805,111.57913208007812
2012-11-06,14210.683051377497,112.4522705078125
2012-11-07,13875.661278505135,109.90367126464844
2012-11-08,13743.314526094386,108.58219146728516
2012-11-09,13782.229842304308,108.67658996582031
2012-11-12,13780.322173641325,108.76312255859375
2012-11-13,13736.467953927637,108.3855209350586
2012-11-14,13541.73058730483,106.92247772216797
2012-11-15,13514.819299967134,106.7415771484375
2012-11-16,13564.664332150172,107.2685775756836
2012-11-19,13804.190522564631,109.43961334228516
2012-11-20,13833.885366133967,109.48676300048828
2012-11-21,13862.637656428573,109.69134521484375
2012-11-23,14028.912377905574,111.18582916259766
2012-11-26,14007.813921578156,110.94985961914062
2012-11-27,13952.954004625744,110.3835220336914
2012-11-28,14082.65512537178,111.27236938476562
2012-11-29,14137.853732973559,111.79149627685547
2012-11-30,14164.204543685366,111.81511688232422
2012-12-03,14079.088592337255,111.2645263671875
2012-12-04,14085.349197277648,111.10719299316406
2012-12-05,14143.056267443939,111.3038330078125
2012-12-06,14193.337745147011,111.68138122558594
2012-12-07,14219.30388976884,112.0196533203125
2012-12-10,14231.942739638427,112.0668716430664
2012-12-11,14335.804316517615,112.82984161376953
2012-12-12,14339.6591910391,112.88490295410156
2012-12-13,14272.07852543771,112.19269561767578
2012-12-14,14179.121390151631,111.7757568359375
2012-12-17,14373.019155844515,113.0893783569336
2012-12-18,14528.1439576445,114.34796905517578
2012-12-19,14416.643638146794,113.49844360351562
2012-12-20,14507.202856838181,114.15132141113281
2012-12-21,14371.20111298112,113.11512756347656
2012-12-24,14331.562344568005,112.7665786743164
2012-12-26,14263.47761327331,112.29127502441406
2012-12-27,14237.091208951486,112.14079284667969
2012-12-28,14091.545327645355,110.9287338256836
2012-12-31,14302.4680719418,112.81413269042969
2013-01-02,14724.181012667295,115.70552825927734
2013-01-03,14708.827155774334,115.44415283203125
2013-01-04,14777.237971891987,115.951171875
2013-01-07,14764.509058624313,115.63428497314453
2013-01-08,14701.734664604899,115.30157470703125
2013-01-09,14751.646013345644,115.59469604492188
2013-01-10,14863.751888908531,116.51358795166016
2013-01-11,14874.124652058272,116.50566101074219
2013-01-14,14861.262541724085,116.42639923095703
2013-01-15,14844.269794961443,116.50566101074219
2013-01-16,14839.453058840154,116.4898452758789
2013-01-17,14891.089356698481,117.24240112304688
2013-01-18,14925.925678659105,117.50385284423828
2013-01-22,14975.779382172144,118.13751983642578
2013-01-23,15017.13578155027,118.32774353027344
2013-01-24,15151.283351780277,118.359375
2013-01-25,15272.341713521877,119.02479553222656
2013-01-28,15243.520131580797,118.8822021484375
2013-01-29,15317.473896387593,119.34961700439453
2013-01-30,15287.565754893849,118.8822021484375
2013-01-31,15276.620431409552,118.589111328125
2013-02-01,15428.594058719309,119.80904388427734
2013-02-04,15278.360892229697,118.46236419677734
2013-02-05,15458.61855349546,119.65858459472656
2013-02-06,15490.16014072765,119.7457046508789
2013-02-07,15434.544824142395,119.58723449707031
2013-02-08,15511.645480190036,120.25267028808594
2013-02-11,15488.281763306255,120.22896575927734
2013-02-12,15520.604809837554,120.427001953125
2013-02-13,15554.302832100717,120.52995300292969
2013-02-14,15597.777327162004,120.64082336425781
2013-02-15,15570.039281459081,120.49820709228516
2013-02-19,15682.851443721836,121.40133666992188
2013-02-20,15484.477724710661,119.8882064819336
2013-02-21,15392.542347096045,119.15948486328125
2013-02-22,15515.656038774338,120.32403564453125
2013-02-25,15273.051257549614,118.03458404541016
2013-02-26,15368.993921579871,118.84260559082031
2013-02-27,15565.933478838368,120.33979797363281
2013-02-28,15547.11289236022,120.10216522216797
2013-03-01,15573.94608090947,120.49820709228516
2013-03-04,15644.752859688917,121.139892578125
2013-03-05,15798.771330014159,122.22520446777344
2013-03-06,15851.886731345,122.39154815673828
2013-03-07,15898.920880388803,122.61333465576172
2013-03-08,15953.413258050048,123.13614654541016
2013-03-11,15984.605435782043,123.60360717773438
2013-03-12,15958.490096228867,123.32637023925781
2013-03-13,16009.814675076463,123.50057983398438
2013-03-14,16056.79215077808,124.15811157226562
2013-03-15,16024.245234528888,123.99423217773438
2013-03-18,15918.13814474989,123.30990600585938
2013-03-19,15881.451812109452,123.02342987060547
2013-03-20,15987.92437840913,123.88275146484375
2013-03-21,15824.200161583034,122.82453155517578
2013-03-22,15925.401059039876,123.81116485595703
2013-03-25,15879.451918634122,123.29396057128906
2013-03-26,16064.984974358647,124.28069305419922
2013-03-27,16067.10033117057,124.28069305419922
2013-03-28,16129.763908371024,124.66259765625
2013-04-01,16075.642733148514,124.16922760009766
2013-04-02,16181.12272871177,124.78192901611328
2013-04-03,15992.417768396945,123.51675415039062
2013-04-04,16055.281249054664,124.01807403564453
2013-04-05,15978.115058731464,123.46112060546875
2013-04-08,16074.593459698583,124.29657745361328
2013-04-09,16158.283007511223,124.72627258300781
2013-04-10,16366.132883223281,126.2540054321289
2013-04-11,16410.115729488425,126.66777038574219
2013-04-12,16391.851329853995,126.357421875
2013-04-15,16094.495194257514,123.42925262451172
2013-04-16,16278.787902645161,125.25141143798828
2013-04-17,16029.83315570312,123.42124938964844
2013-04-18,15887.514444950177,122.64946746826172
2013-04-19,16022.340370490503,123.71568298339844
2013-04-22,16102.053388823937,124.26469421386719
2013-04-23,16376.142416462462,125.54581451416016
2013-04-24,16390.867072583667,125.62541198730469
2013-04-25,16424.952817376165,126.13468933105469
2013-04-26,16384.258879975372,125.91184997558594
2013-04-29,16457.53461449814,126.75532531738281
2013-04-30,16494.29912346294,127.05764770507812
2013-05-01,16347.452613172067,125.94374084472656
2013-05-02,16504.518326694335,127.1133041381836
2013-05-03,16638.59354125052,128.40234375
2013-05-06,16673.007562793384,128.7285919189453
2013-05-07,16723.360403514194,129.38108825683594
2013-05-08,16821.738522982003,129.96990966796875
2013-05-09,16788.332719105176,129.6038818359375
2013-05-10,16865.45605533781,130.02565002441406
2013-05-13,16880.475662396915,130.12908935546875
2013-05-14,17048.53165465112,131.47381591796875
2013-05-15,17202.279838441664,132.18194580078125
2013-05-16,17123.465783995347,131.56130981445312
2013-05-17,17307.709100974233,132.8343963623047
2013-05-20,17303.9148411949,132.8264617919922
2013-05-21,17359.709225114457,133.01744079589844
2013-05-22,17202.449337092785,132.03076171875
2013-05-23,17137.29148838977,131.6488800048828
2013-05-24,17158.92104403373,131.5374298095703
2013-05-28,17236.555894928053,132.32522583007812
2013-05-29,17138.572630246068,131.46583557128906
2013-05-30,17278.287998598862,131.95126342773438
2013-05-31,17066.346721825936,130.0574951171875
2013-06-03,17161.88579526708,130.7736053466797
2013-06-04,17091.39640051003,130.14492797851562
2013-06-05,16866.827594830196,128.3228302001953
2013-06-06,16978.70603017104,129.48451232910156
2013-06-07,17207.088206210345,131.131591796875
2013-06-10,17221.205063729052,131.131591796875
2013-06-11,17011.43603369275,129.77890014648438
2013-06-12,16856.96145246004,128.70477294921875
2013-06-13,17100.401044985352,130.6621551513672
2013-06-14,16983.51508995343,129.84262084960938
2013-06-17,17167.362013405567,130.84518432617188
2013-06-18,17319.451224809185,131.87962341308594
2013-06-19,17120.542041984958,130.0574951171875
2013-06-20,16703.754313190646,126.8348159790039
2013-06-21,16704.91298531915,127.2419662475586
2013-06-24,16499.732963480845,125.6341552734375
2013-06-25,16644.37961706175,126.84207153320312
2013-06-26,16804.626578708594,128.097900390625
2013-06-27,16906.570658617486,128.84979248046875
2013-06-28,16823.06448366406,128.3218536376953
2013-07-01,16936.780025134813,129.0738525390625
2013-07-02,16899.198302399494,128.95379638671875
2013-07-03,16917.344035483922,129.00982666015625
2013-07-05,17113.441573542368,130.40164184570312
2013-07-08,17205.855018791426,131.1456298828125
2013-07-09,17344.081049896515,132.0894775390625
2013-07-10,17348.916037181865,132.13748168945312
2013-07-11,17584.446550230467,133.93727111816406
2013-07-12,17673.610203065244,133.99327087402344
2013-07-15,17713.513212632988,134.50521850585938
2013-07-16,17627.044940093692,134.0012969970703
2013-07-17,17710.256447825617,134.3452606201172
2013-07-18,17754.791851134207,135.0811767578125
2013-07-19,17763.015881464857,135.3211212158203
2013-07-22,17829.66430535564,135.58505249023438
2013-07-23,17816.72509207084,135.29718017578125
2013-07-24,17728.386386323953,134.80117797851562
2013-07-25,17793.132214369583,135.12913513183594
2013-07-26,17819.600795306793,135.2731475830078
2013-07-29,17776.819371406466,134.85716247558594
2013-07-30,17799.568540362874,134.85716247558594
2013-07-31,17750.470232667558,134.95321655273438
2013-08-01,17972.129108815272,136.51300048828125
2013-08-02,18014.695609875205,136.7449951171875
2013-08-05,18017.44511638595,136.54498291015625
2013-08-06,17911.619917759213,135.76907348632812
2013-08-07,17839.37803086163,135.3291778564453
2013-08-08,17934.433951373263,135.82508850097656
2013-08-09,17857.65768277826,135.43313598632812
2013-08-12,17837.889664381502,135.2731475830078
2013-08-13,17894.00177959762,135.67311096191406
2013-08-14,17791.323730355336,134.97714233398438
2013-08-15,17524.933976368255,133.08935546875
2013-08-16,17508.50088091161,132.6494598388672
2013-08-19,17443.861605051236,131.80148315429688
2013-08-20,17525.308222838823,132.44947814941406
2013-08-21,17419.69475460909,131.63352966308594
2013-08-22,17582.48244534716,132.83343505859375
2013-08-23,17669.146359612132,133.28135681152344
2013-08-26,17657.709542248558,132.78536987304688
2013-08-27,17379.446372117804,130.6496124267578
2013-08-28,17443.10980687922,131.11361694335938
2013-08-29,17487.569595181973,131.3216094970703
2013-08-30,17433.537483915996,130.90560913085938
2013-09-03,17514.21413467282,131.49757385253906
2013-09-04,17648.4627736355,132.58544921875
2013-09-05,17681.155912116672,132.75340270996094
2013-09-06,17651.004822586972,132.81736755371094
2013-09-09,17795.60653914933,134.0893096923828
2013-09-10,18028.545525689584,135.0811767578125
2013-09-11,18034.27873725021,135.5050811767578
2013-09-12,18002.97210003126,135.14515686035156
2013-09-13,18074.69966158197,135.44911193847656
2013-09-16,18187.510949195286,136.23300170898438
2013-09-17,18271.418270648526,136.84091186523438
2013-09-18,18512.3708052636,138.42477416992188
2013-09-19,18523.926892050094,138.1927947998047
2013-09-20,18444.507024130937,137.2266845703125
2013-09-23,18336.010707160545,136.59156799316406
2013-09-24,18294.998467911428,136.27011108398438
2013-09-25,18235.47473014779,135.8762664794922
2013-09-26,18295.03502029481,136.39871215820312
2013-09-27,18218.66682307737,135.77175903320312
2013-09-30,18132.86138195812,135.04830932617188
2013-10-01,18316.07669852731,136.1173858642578
2013-10-02,18293.126837170697,135.98878479003906
2013-10-03,18109.886511187324,134.7348175048828
2013-10-04,18223.32686589523,135.75564575195312
2013-10-07,18045.481566683673,134.5820770263672
2013-10-08,17822.590145943504,133.01466369628906
2013-10-09,17804.035561353932,133.11114501953125
2013-10-10,18232.814916173847,135.98072814941406
2013-10-11,18353.406703453475,136.8568572998047
2013-10-14,18466.627939187427,137.40345764160156
2013-10-15,18341.06133478892,136.40675354003906
2013-10-16,18608.61131262914,138.31178283691406
2013-10-17,18718.569422470835,139.23617553710938
2013-10-18,18844.792470991804,140.1766815185547
2013-10-21,18859.80061399419,140.18463134765625
2013-10-22,18894.6725902365,140.9965362548828
2013-10-23,18785.721220449082,140.3213348388672
2013-10-24,18880.503209536102,140.7875213623047
2013-10-25,18997.47860088174,141.43057250976562
2013-10-28,18994.674293436474,141.6556396484375
2013-10-29,19137.166308565877,142.41119384765625
2013-10-30,19041.00710841904,141.7038116455078
2013-10-31,18966.351576080753,141.30197143554688
2013-11-01,19039.951764572448,141.63958740234375
2013-11-04,19092.705147810662,142.13790893554688
2013-11-05,19077.70047962617,141.687744140625
2013-11-06,19147.896516007422,142.41119384765625
2013-11-07,18856.67966054766,140.6106719970703
2013-11-08,19104.442182180064,142.50770568847656
2013-11-11,19148.042441470265,142.5318603515625
2013-11-12,19100.12024269742,142.24240112304688
2013-11-13,19266.74937418653,143.38381958007812
2013-11-14,19306.94062726111,144.09925842285156
2013-11-15,19407.439468797533,144.72621154785156
2013-11-18,19326.59566749292,144.21978759765625
2013-11-19,19298.460289327522,143.90631103515625
2013-11-20,19164.817008085236,143.45616149902344
2013-11-21,19323.04421748398,144.6136474609375
2013-11-22,19385.31229941019,145.3370819091797
2013-11-25,19401.960610548125,145.19244384765625
2013-11-26,19442.523643071137,145.2326202392578
2013-11-27,19516.067552904315,145.58628845214844
2013-11-29,19526.782032030238,145.4898223876953
2013-12-02,19445.829895932464,145.11199951171875
2013-12-03,19392.969742994752,144.48504638671875
2013-12-04,19371.669375413217,144.46896362304688
2013-12-05,19318.544659662824,143.8339385986328
2013-12-06,19524.162958011988,145.44155883789062
2013-12-09,19548.563902079728,145.8113250732422
2013-12-10,19477.577708259247,145.28887939453125
2013-12-11,19310.269384206586,143.6571502685547
2013-12-12,19242.49614284865,143.1829071044922
2013-12-13,19229.83119434761,143.1667938232422
2013-12-16,19403.25473413236,144.0590362548828
2013-12-17,19428.742344886992,143.60084533691406
2013-12-18,19748.336473935233,146.0524444580078
2013-12-19,19715.78391416994,145.8836212158203
2013-12-20,19818.273685763543,146.7322540283203
2013-12-23,19931.485798753787,147.51622009277344
2013-12-24,19995.12462728518,147.8394012451172
2013-12-26,20101.70033776279,148.5911102294922
2013-12-27,20087.67049112373,148.58297729492188
2013-12-30,20095.36237189822,148.5586700439453
2013-12-31,20170.677345558608,149.26185607910156
2014-01-02,20074.88182080125,147.8313751220703
2014-01-03,20081.458301112492,147.80715942382812
2014-01-06,20042.25666957756,147.37879943847656
2014-01-07,20141.684270684505,148.283935546875
2014-01-08,20155.17380900435,148.31629943847656
2014-01-09,20145.60539760791,148.4132843017578
2014-01-10,20157.01917304296,148.8173828125
2014-01-13,19921.712072945305,146.8373260498047
2014-01-14,20180.65642669343,148.4375
2014-01-15,20323.240727404955,149.23760986328125
2014-01-16,20281.732769575035,149.04359436035156
2014-01-17,20260.81222413233,148.4132843017578
2014-01-21,20305.88780275478,148.849609375
2014-01-22,20347.137671530898,148.94664001464844
2014-01-23,20256.755812692776,147.72633361816406
2014-01-24,19834.034273069432,144.57443237304688
2014-01-27,19729.292938275372,143.86322021484375
2014-01-28,19895.698495385728,144.71987915039062
2014-01-29,19657.965824863597,143.3299102783203
2014-01-30,19912.28491540537,144.8492431640625
2014-01-31,19752.773826196444,144.00064086914062
2014-02-03,19325.44523180063,140.75990295410156
2014-02-04,19393.495563297678,141.74583435058594
2014-02-05,19363.757512131535,141.5680389404297
2014-02-06,19638.732154835376,143.43484497070312
2014-02-07,19918.135437656412,145.2128448486328
2014-02-10,19972.335670782984,145.4795684814453
2014-02-11,20196.607238525776,147.0717315673828
2014-02-12,20210.427328454934,147.14443969726562
2014-02-13,20332.62007611222,147.90408325195312
2014-02-14,20412.27338339697,148.72035217285156
2014-02-18,20411.330727456694,148.89816284179688
2014-02-19,20217.91704934621,147.91226196289062
2014-02-20,20365.14150327364,148.78500366210938
2014-02-21,20316.132237810667,148.61529541015625
2014-02-24,20493.790316025043,149.439697265625
2014-02-25,20555.390639792506,149.3831024169922
2014-02-26,20619.67231426125,149.3911590576172
2014-02-27,20712.282376957544,150.1750946044922
2014-02-28,20731.44777091325,150.55496215820312
2014-03-03,20559.324300193843,149.49618530273438
2014-03-04,20893.812336799743,151.59747314453125
2014-03-05,20903.557384441738,151.73487854003906
2014-03-06,20925.585095625203,152.08241271972656
2014-03-07,20911.44130849669,152.14695739746094
2014-03-10,20874.907758578673,152.0662078857422
2014-03-11,20776.732914345375,151.31463623046875
2014-03-12,20826.7165162024,151.3550262451172
2014-03-13,20558.64641801254,149.6578369140625
2014-03-14,20440.30061404381,149.23760986328125
2014-03-17,20669.91028715082,150.5872344970703
2014-03-18,20834.6574427125,151.66209411621094
2014-03-19,20744.85203674906,150.8539581298828
2014-03-20,20903.98478859727,151.73487854003906
2014-03-21,20787.887683304136,151.14637756347656
2014-03-24,20688.637125993268,150.52130126953125
2014-03-25,20763.652751224752,151.2356719970703
2014-03-26,20628.67635594954,150.1478729248047
2014-03-27,20560.608361145732,149.83128356933594
2014-03-28,20650.28131711011,150.57000732421875
2014-03-31,20782.251727372128,151.8038787841797
2014-04-01,21001.512698517803,152.8104248046875
2014-04-02,21038.057239913698,153.32183837890625
2014-04-03,20992.567481796494,153.118896484375
2014-04-04,20660.28406125804,151.30873107910156
2014-04-07,20469.35116856844,149.63648986816406
2014-04-08,20588.80711760715,150.25344848632812
2014-04-09,20813.10679648691,151.86883544921875
2014-04-10,20329.535709811367,148.6786651611328
2014-04-11,20123.84083315841,147.33924865722656
2014-04-14,20313.424082426613,148.50009155273438
2014-04-15,20437.373858059786,149.5228729248047
2014-04-16,20620.081767679847,151.0895233154297
2014-04-17,20631.06852338463,151.3005828857422
2014-04-21,20708.6820488917,151.8282012939453
2014-04-22,20870.453025282342,152.51815795898438
2014-04-23,20758.609985190295,152.16099548339844
2014-04-24,20817.015642470647,152.46949768066406
2014-04-25,20524.14790415511,151.2194366455078
2014-04-28,20541.677361962073,151.69837951660156
2014-04-29,20653.70101150542,152.40455627441406
2014-04-30,20705.6826028202,152.85911560058594
2014-05-01,20720.07329661187,152.87533569335938
2014-05-02,20690.383970762025,152.65618896484375
2014-05-05,20730.67182752637,152.9484405517578
2014-05-06,20518.389801961697,151.61715698242188
2014-05-07,20620.192130730356,152.51007080078125
2014-05-08,20577.016692010766,152.3477325439453
2014-05-09,20598.8227405629,152.57505798339844
2014-05-12,20808.476264694727,154.0605010986328
2014-05-13,20824.263946389634,154.19850158691406
2014-05-14,20733.822003919977,153.46791076660156
2014-05-15,20543.532456038927,152.12042236328125
2014-05-16,20620.88252713587,152.6480712890625
2014-05-19,20714.72381424535,153.2081756591797
2014-05-20,20614.959560841708,152.24215698242188
2014-05-21,20803.058391710783,153.52476501464844
2014-05-22,20882.61568653945,153.8981475830078
2014-05-23,20993.77237664323,154.51512145996094
2014-05-27,21147.57859327439,155.4647674560547
2014-05-28,21110.458954639817,155.35118103027344
2014-05-29,21218.341619779087,156.15478515625
2014-05-30,21275.417503411183,156.4064178466797
2014-06-02,21290.881943806635,156.58499145507812
2014-06-03,21286.014308494687,156.50387573242188
2014-06-04,21296.399122337156,156.82041931152344
2014-06-05,21458.429687127235,157.84324645996094
2014-06-06,21587.49317754139,158.59815979003906
2014-06-09,21595.983015361046,158.7604522705078
2014-06-10,21615.153742972372,158.77674865722656
2014-06-11,21499.316654896593,158.22471618652344
2014-06-12,21346.844480516836,157.10455322265625
2014-06-13,21429.422025089185,157.58346557617188
2014-06-16,21443.3691268953,157.7133331298828
2014-06-17,21534.883797937386,158.1517333984375
2014-06-18,21675.642859322743,159.3125
2014-06-19,21680.03483671103,159.4910430908203
2014-06-20,21692.397121910242,159.81488037109375
2014-06-23,21705.164464506503,159.7659149169922
2014-06-24,21567.055973324575,158.80349731445312
2014-06-25,21699.613416220585,159.52120971679688
2014-06-26,21657.97814889893,159.40704345703125
2014-06-27,21725.76382839565,159.71702575683594
2014-06-30,21744.04284851723,159.63540649414062
2014-07-01,21987.83716642654,160.703857421875
2014-07-02,21985.55493370626,160.86703491210938
2014-07-03,22100.927411711073,161.65814208984375
2014-07-07,22002.76183419148,161.09542846679688
2014-07-08,21832.17253625139,160.05955505371094
2014-07-09,21929.162823817715,160.77732849121094
2014-07-10,21825.339007046558,160.14108276367188
2014-07-11,21883.893400633056,160.361328125
2014-07-14,22040.697510442096,161.16888427734375
2014-07-15,22039.631646322796,160.86703491210938
2014-07-16,22142.95907055833,161.4624481201172
2014-07-17,21892.295961697215,159.627197265625
2014-07-18,22102.42435140027,161.25856018066406
2014-07-21,22092.094117829165,160.9567413330078
2014-07-22,22168.677111952464,161.65814208984375
2014-07-23,22122.58007867512,162.0170440673828
2014-07-24,22067.297979190833,162.02517700195312
2014-07-25,21892.162308287665,161.26669311523438
2014-07-28,21918.500288646657,161.33193969726562
2014-07-29,21836.74461531568,160.63861083984375
2014-07-30,21896.13790658651,160.66310119628906
2014-07-31,21457.367047269487,157.4903106689453
2014-08-01,21390.17840874277,157.00906372070312
2014-08-04,21516.894746020447,158.1427764892578
2014-08-05,21331.14187951302,156.60940551757812
2014-08-06,21396.64664617235,156.6583709716797
2014-08-07,21335.39398657064,155.81008911132812
2014-08-08,21593.969292915495,157.61268615722656
2014-08-11,21671.72497277419,158.0694122314453
2014-08-12,21651.391990272732,157.84918212890625
2014-08-13,21816.10446886607,158.9176483154297
2014-08-14,21910.60998622077,159.6680145263672
2014-08-15,21898.689328730215,159.63540649414062
2014-08-18,22091.388512153866,160.9730682373047
2014-08-19,22218.38108551425,161.81321716308594
2014-08-20,22292.65066609048,162.24539184570312
2014-08-21,22391.45708171529,162.718505859375
2014-08-22,22363.147620309606,162.4656219482422
2014-08-25,22471.138716845715,163.28945922851562
2014-08-26,22519.53479100351,163.3955078125
2014-08-27,22524.467681978353,163.33023071289062
2014-08-28,22485.114611308363,163.24053955078125
2014-08-29,22605.390808516786,163.70542907714844
2014-09-02,22610.20924430237,163.6238555908203
2014-09-03,22620.588038406127,163.53414916992188
2014-09-04,22657.847465495663,163.297607421875
2014-09-05,22744.981448062186,164.03172302246094
2014-09-08,22725.130603805286,163.6075439453125
2014-09-09,22558.65504266699,162.5717010498047
2014-09-10,22657.900751630972,163.18345642089844
2014-09-11,22660.896449345633,163.3709716796875
2014-09-12,22541.908513901195,162.41671752929688
2014-09-15,22449.766645177384,162.2943572998047
2014-09-16,22637.694687962903,163.51783752441406
2014-09-17,22668.810713003277,163.73806762695312
2014-09-18,22847.93795243408,164.61073303222656
2014-09-19,22821.424349911504,164.4624481201172
2014-09-22,22633.056813424057,163.19235229492188
2014-09-23,22499.749852564324,162.25814819335938
2014-09-24,22678.216988568838,163.5283203125
2014-09-25,22289.186675666602,160.88966369628906
2014-09-26,22462.803917073845,162.16806030273438
2014-09-29,22421.09877744506,161.87298583984375
2014-09-30,22374.91472371844,161.44688415527344
2014-10-01,22147.30024634012,159.2589874267578
2014-10-02,22165.81515888226,159.28355407714844
2014-10-03,22411.92424320495,161.03713989257812
2014-10-06,22410.51332748973,160.8487091064453
2014-10-07,22083.714031663487,158.36578369140625
2014-10-08,22495.182717573236,161.13552856445312
2014-10-09,22085.287244468986,157.93966674804688
2014-10-10,21683.618394102214,156.1368865966797
2014-10-13,21367.05473725655,153.572021484375
2014-10-14,21452.893753691736,153.8096466064453
2014-10-15,21234.552891766674,152.7689666748047
2014-10-16,21136.353187155644,152.63787841796875
2014-10-17,21431.817488609177,154.4406280517578
2014-10-20,21589.482529827324,155.94021606445312
2014-10-21,22043.60535890415,159.02951049804688
2014-10-22,21848.542510218667,157.89869689941406
2014-10-23,22152.164164579495,159.73426818847656
2014-10-24,22283.37825829869,160.9634246826172
2014-10-27,22220.450859452703,160.74215698242188
2014-10-28,22571.90963905037,162.58596801757812
2014-10-29,22572.859259437617,162.34011840820312
2014-10-30,22757.397513145883,163.38076782226562
2014-10-31,23065.495898241905,165.2490997314453
2014-11-03,23082.294531035015,165.33924865722656
2014-11-04,23066.790922496093,164.76559448242188
2014-11-05,23180.52025899337,165.80633544921875
2014-11-06,23234.947140908538,166.4700927734375
2014-11-07,23227.78620464699,166.62574768066406
2014-11-10,23331.12655808741,167.15020751953125
2014-11-11,23345.767257076484,167.31410217285156
2014-11-12,23315.7619747943,167.13388061523438
2014-11-13,23361.42661738351,167.32232666015625
2014-11-14,23400.2450264396,167.36329650878906
2014-11-17,23406.01072236992,167.4697723388672
2014-11-18,23526.996125104357,168.43673706054688
2014-11-19,23477.38738655325,168.16636657714844
2014-11-20,23567.577670413077,168.46136474609375
2014-11-21,23671.85337707744,169.3627471923828
2014-11-24,23741.976359099015,169.8379669189453
2014-11-25,23688.74703256879,169.71510314941406
2014-11-26,23805.31521360085,170.1494140625
2014-11-28,23830.898781733446,169.78883361816406
2014-12-01,23628.139697956423,168.60888671875
2014-12-02,23795.40380955678,169.6986846923828
2014-12-03,23884.91133956173,170.35427856445312
2014-12-04,23900.171737045697,170.16575622558594
2014-12-05,23952.865694325887,170.4444122314453
2014-12-08,23795.176024264685,169.30538940429688
2014-12-09,23798.974108779326,169.19065856933594
2014-12-10,23386.024094172833,166.4783172607422
2014-12-11,23484.4260905667,167.32232666015625
2014-12-12,23080.663510567283,164.6181640625
2014-12-15,22945.970679198177,163.4873504638672
2014-12-16,22708.370058018325,162.17623901367188
2014-12-17,23185.55288050584,165.35565185546875
2014-12-18,23775.523547009627,169.44468688964844
2014-12-19,23840.550348264213,170.16561889648438
2014-12-22,24005.083799632794,170.9484100341797
2014-12-23,24040.610935299323,171.1790771484375
2014-12-24,24073.42260596592,171.19561767578125
2014-12-26,24144.879342561875,171.74766540527344
2014-12-29,24149.992216496095,171.9783935546875
2014-12-30,24023.009728329165,171.0554962158203
2014-12-31,23781.432754782156,169.358154296875
2015-01-02,23818.05094187725,169.26751708984375
2015-01-05,23382.216925081942,166.2106170654297
2015-01-06,23152.99322003713,164.6450958251953
2015-01-07,23423.110995470444,166.6967315673828
2015-01-08,23810.05995066674,169.65475463867188
2015-01-09,23595.35395201155,168.29525756835938
2015-01-12,23420.57745147506,166.97689819335938
2015-01-13,23387.31416316205,166.50726318359375
2015-01-14,23220.75095181286,165.50198364257812
2015-01-15,22997.914217045458,163.9858856201172
2015-01-16,23294.101797790343,166.13644409179688
2015-01-20,23332.874001193042,166.4907989501953
2015-01-21,23528.349489379103,167.33120727539062
2015-01-22,23903.69334661893,169.81961059570312
2015-01-23,23838.801707954408,168.88853454589844
2015-01-26,23866.44108101039,169.28399658203125
2015-01-27,23509.082041623657,167.05104064941406
2015-01-28,23248.262174929034,164.90872192382812
2015-01-29,23505.603344856518,166.43309020996094
2015-01-30,23198.651199640084,164.34019470214844
2015-02-02,23499.055873837984,166.37539672851562
2015-02-03,23835.899866471642,168.78138732910156
2015-02-04,23777.382991877137,168.13870239257812
2015-02-05,24031.254036099326,169.83604431152344
2015-02-06,23933.26126318531,169.3663787841797
2015-02-09,23816.060596502102,168.6083984375
2015-02-10,24127.480503069986,170.4046173095703
2015-02-11,24087.881426743283,170.50347900390625
2015-02-12,24324.62642404228,172.1431884765625
2015-02-13,24392.620617768607,172.851806640625
2015-02-17,24438.32236672296,173.12368774414062
2015-02-18,24425.13539398564,173.14013671875
2015-02-19,24400.121189705824,173.0165252685547
2015-02-20,24596.55938287359,174.05477905273438
2015-02-23,24556.34608125424,174.03005981445312
2015-02-24,24664.45562334591,174.5244598388672
2015-02-25,24646.476389161726,174.3761444091797
2015-02-26,24745.392203267584,174.170166015625
2015-02-27,24608.322244904073,173.576904296875
2015-03-02,24804.893936743396,174.67276000976562
2015-03-03,24691.535802915918,173.9558868408203
2015-03-04,24613.31735971455,173.22256469726562
2015-03-05,24697.278448732694,173.41213989257812
2015-03-06,24335.839612939057,170.97312927246094
2015-03-09,24424.23390297858,171.68177795410156
2015-03-10,24014.057715900602,168.89674377441406
2015-03-11,23976.669593338087,168.50115966796875
2015-03-12,24248.753424823204,170.64356994628906
2015-03-13,24101.566466318494,169.59713745117188
2015-03-16,24444.107419025822,171.863037109375
2015-03-17,24341.2022795885,171.35211181640625
2015-03-18,24593.137125698977,173.41213989257812
2015-03-19,24476.20465090055,172.6210479736328
2015-03-20,24690.820519738332,174.144775390625
2015-03-23,24619.594815830264,173.805419921875
2015-03-24,24505.529127902122,172.82884216308594
2015-03-25,24012.339239523426,170.2962646484375
2015-03-26,23934.079020722467,169.8907012939453
2015-03-27,24005.817954202095,170.27967834472656
2015-03-30,24325.353905816315,172.35702514648438
2015-03-31,24096.06765419444,170.85067749023438
2015-04-01,24038.43542070641,170.24652099609375
2015-04-02,24086.821201618386,170.85903930664062
2015-04-06,24268.05797939158,172.00942993164062
2015-04-07,24256.968365432742,171.55422973632812
2015-04-08,24383.445385730432,172.1336212158203
2015-04-09,24487.26441602226,172.89500427246094
2015-04-10,24667.63851137971,173.8385467529297
2015-04-13,24576.506377987786,173.05223083496094
2015-04-14,24590.746349181063,173.38340759277344
2015-04-15,24718.543867437893,174.16128540039062
2015-04-16,24825.924520219924,174.1116485595703
2015-04-17,24511.926313888693,172.10877990722656
2015-04-20,24745.179181674896,173.6813201904297
2015-04-21,24730.304678523964,173.47438049316406
2015-04-22,24943.406404489044,174.3268280029297
2015-04-23,24889.257918222655,174.7654571533203
2015-04-24,24962.815185992225,175.17103576660156
2015-04-27,24920.523243140877,174.4427490234375
2015-04-28,24987.47220979431,174.99728393554688
2015-04-29,24885.426684486578,174.27719116210938
2015-04-30,24628.4723672778,172.5308837890625
2015-05-01,24877.465340408362,174.40133666992188
2015-05-04,24964.63938681454,174.89794921875
2015-05-05,24715.332850344468,172.89500427246094
2015-05-06,24600.081547847392,172.1832733154297
2015-05-07,24764.26404615109,172.87017822265625
2015-05-08,25076.524675244418,175.14617919921875
2015-05-11,25007.021939517486,174.31028747558594
2015-05-12,24956.865444261013,173.78887939453125
2015-05-13,25009.388218265383,173.8219757080078
2015-05-14,25310.875610617102,175.6345672607422
2015-05-15,25367.96839609868,175.8249053955078
2015-05-18,25447.354056197655,176.37110900878906
2015-05-19,25422.371071144964,176.31317138671875
2015-05-20,25380.795466749696,176.1890869140625
2015-05-21,25402.466288819425,176.70220947265625
2015-05-22,25357.203665787965,176.2801055908203
2015-05-26,25104.483845111277,174.3848419189453
2015-05-27,25436.174508814616,176.04006958007812
2015-05-28,25427.24523736078,175.8413848876953
2015-05-29,25263.522565020416,174.74888610839844
2015-06-01,25312.92556147985,175.10484313964844
2015-06-02,25257.67280294045,174.93099975585938
2015-06-03,25331.6714619773,175.39451599121094
2015-06-04,25129.28931155892,173.9130401611328
2015-06-05,25115.694631788218,173.6150665283203
2015-06-08,24927.151269058588,172.54739379882812
2015-06-09,24976.858961320366,172.52256774902344
2015-06-10,25294.80430020442,174.59170532226562
2015-06-11,25337.534841327066,175.15455627441406
2015-06-12,25147.551887659105,173.813720703125
2015-06-15,25034.49209025621,173.06884765625
2015-06-16,25196.214757259993,174.0123291015625
2015-06-17,25250.978420201925,174.293701171875
2015-06-18,25498.587025982833,176.10629272460938
2015-06-19,25346.118047176595,175.3245391845703
2015-06-22,25498.349878901583,176.2227325439453
2015-06-23,25552.695466063597,176.34744262695312
2015-06-24,25339.365138674337,175.06666564941406
2015-06-25,25227.24058274943,174.53440856933594
2015-06-26,25170.649233473407,174.50119018554688
2015-06-29,24660.154966485192,170.84178161621094
2015-06-30,24730.92416846759,171.19940185546875
2015-07-01,24964.64485264744,172.57168579101562
2015-07-02,24988.677962022924,172.41363525390625
2015-07-06,24909.78865575692,171.92295837402344
2015-07-07,24953.63386448097,173.00413513183594
2015-07-08,24547.2607857598,170.10159301757812
2015-07-09,24570.701138258584,170.4093475341797
2015-07-10,24910.10081306736,172.55508422851562
2015-07-13,25216.618974469337,174.4595947265625
2015-07-14,25362.620658456715,175.21633911132812
2015-07-15,25364.643707352374,175.15821838378906
2015-07-16,25716.74633184005,176.56370544433594
2015-07-17,25823.58962423755,176.71336364746094
2015-07-20,25855.65499706706,176.8048858642578
2015-07-21,25720.632233567834,176.1063232421875
2015-07-22,25658.3420736955,175.79025268554688
2015-07-23,25498.18934391855,174.8005828857422
2015-07-24,25331.17825015673,172.9875030517578
2015-07-27,25137.320388164713,171.98117065429688
2015-07-28,25426.801916435095,174.09371948242188
2015-07-29,25610.181626467398,175.29124450683594
2015-07-30,25664.367504062,175.33277893066406
2015-07-31,25644.776364311965,175.06666564941406
2015-08-03,25587.053080661746,174.47622680664062
2015-08-04,25584.905515036116,174.13525390625
2015-08-05,25790.005751823017,174.70907592773438
2015-08-06,25552.784593630575,173.2786407470703
2015-08-07,25584.06648093304,172.94593811035156
2015-08-10,25866.089190711875,175.12489318847656
2015-08-11,25614.6790356211,173.54478454589844
2015-08-12,25626.050765386022,173.752685546875
2015-08-13,25659.170236768696,173.5364227294922
2015-08-14,25765.584791931364,174.16845703125
2015-08-17,25899.390091358437,175.14154052734375
2015-08-18,25854.025423447456,174.63417053222656
2015-08-19,25651.977740240174,173.25367736816406
2015-08-20,24997.916330459517,169.6358642578125
2015-08-21,24146.93879778946,164.52943420410156
2015-08-24,23167.82351168141,157.60162353515625
2015-08-25,22856.41219966584,155.7469940185547
2015-08-26,23853.45142183649,161.7267303466797
2015-08-27,24494.438223973382,165.7270050048828
2015-08-28,24533.393648522713,165.73533630371094
2015-08-31,24320.235930224273,164.3964080810547
2015-09-01,23514.070474420198,159.489501953125
2015-09-02,23978.1334682867,162.51678466796875
2015-09-03,23962.514431154294,162.63320922851562
2015-09-04,23549.8952770369,160.17144775390625
2015-09-08,24172.068299298644,164.1967315673828
2015-09-09,23882.737126618696,162.0011444091797
2015-09-10,24022.014970556753,162.88270568847656
2015-09-11,24135.449429201035,163.6229248046875
2015-09-14,24037.159287705916,163.01577758789062
2015-09-15,24373.295901894937,165.0533905029297
2015-09-16,24603.062095839854,166.48388671875
2015-09-17,24551.962355969696,166.109619140625
2015-09-18,24207.143709043045,163.39512634277344
2015-09-21,24330.663189557443,164.2394561767578
2015-09-22,24002.13553876467,162.1077117919922
2015-09-23,23995.94391811073,161.84854125976562
2015-09-24,23962.065312649258,161.26332092285156
2015-09-25,23974.100470854886,161.2215576171875
2015-09-28,23397.29470926316,157.17538452148438
2015-09-29,23440.292487805007,157.26730346679688
2015-09-30,23911.52463252639,160.20162963867188
2015-10-01,23944.181239615726,160.6195831298828
2015-10-02,24247.73542706871,163.01895141601562
2015-10-05,24728.1350207163,165.91986083984375
2015-10-06,24633.024847761328,165.3513641357422
2015-10-07,24829.11117291878,166.70570373535156
2015-10-08,25000.826647800808,168.21044921875
2015-10-09,25000.867550444673,168.31072998046875
2015-10-12,25082.348104953246,168.4696044921875
2015-10-13,24943.717487397236,167.40792846679688
2015-10-14,24843.1696060584,166.60528564453125
2015-10-15,25159.293490521395,169.1634521484375
2015-10-16,25257.041917431594,169.93260192871094
2015-10-19,25294.764537760337,170.01622009277344
2015-10-20,25189.938758174692,169.798828125
2015-10-21,25059.903862996583,168.74549865722656
2015-10-22,25597.004442361456,171.59622192382812
2015-10-23,25964.145598141346,173.477294921875
2015-10-26,25956.770002983343,173.0509033203125
2015-10-27,25899.215668718716,172.71646118164062
2015-10-28,26253.53382634167,174.68099975585938
2015-10-29,26112.029479194745,174.58071899414062
2015-10-30,25967.353522203164,173.8282928466797
2015-11-02,26205.16095091588,175.88485717773438
2015-11-03,26288.47622124311,176.3948211669922
2015-11-04,26349.187190554967,175.8597869873047
2015-11-05,26328.027757628985,175.68421936035156
2015-11-06,26549.57958528445,175.59231567382812
2015-11-09,26261.633664156197,173.95375061035156
2015-11-10,26268.601641317367,174.3550262451172
2015-11-11,26240.500980671695,173.6694793701172
2015-11-12,25879.94723542454,171.24510192871094
2015-11-13,25505.40676263079,169.3223114013672
2015-11-16,25943.829322986498,171.897216796875
2015-11-17,25993.809689815265,171.77178955078125
2015-11-18,26420.521928270573,174.49710083007812
2015-11-19,26432.11194150135,174.34666442871094
2015-11-20,26576.227119810075,174.98199462890625
2015-11-23,26498.70788024728,174.78140258789062
2015-11-24,26494.16408579068,175.01544189453125
2015-11-25,26511.324907916736,174.9904022216797
2015-11-27,26564.233551383248,175.1909942626953
2015-11-30,26462.689145251148,174.46368408203125
2015-12-01,26786.78975941234,176.1273193359375
2015-12-02,26581.365712456467,174.32994079589844
2015-12-03,26311.387614647076,171.88880920410156
2015-12-04,26908.027235101123,175.24114990234375
2015-12-07,26730.4917957072,174.1794891357422
2015-12-08,26568.844564826482,173.00906372070312
2015-12-09,26297.168532690845,171.66310119628906
2015-12-10,26371.462143061824,172.1061248779297
2015-12-11,25814.68350414536,168.7705535888672
2015-12-14,25998.950079190578,169.62330627441406
2015-12-15,26283.14477117637,171.40394592285156
2015-12-16,26722.621280557047,173.91192626953125
2015-12-17,26364.01477728313,171.26182556152344
2015-12-18,25818.734253702896,168.21078491210938
2015-12-21,26064.985356501104,169.59840393066406
2015-12-22,26234.67957450639,171.1373291015625
2015-12-23,26524.817157970025,173.2566375732422
2015-12-24,26487.900373322922,172.97061157226562
2015-12-28,26483.10961721587,172.57542419433594
2015-12-29,26819.536181922038,174.41714477539062
2015-12-30,26627.12129682266,173.18093872070312
2015-12-31,26339.97707381447,171.44851684570312
2016-01-04,25880.7339463888,169.05178833007812
2016-01-05,25876.43152072246,169.3376922607422
2016-01-06,25607.396911123647,167.20164489746094
2016-01-07,24908.237858018514,163.19020080566406
2016-01-08,24582.48272657678,161.39898681640625
2016-01-11,24728.361349214425,161.55874633789062
2016-01-12,24951.512625956246,162.86224365234375
2016-01-13,24241.245733517477,158.80038452148438
2016-01-14,24612.640218254106,161.4073486328125
2016-01-15,23976.857228006054,157.94252014160156
2016-01-19,24047.170384793946,158.15280151367188
2016-01-20,23783.89812866948,156.12608337402344
2016-01-21,23845.127753700963,157.00070190429688
2016-01-22,24230.281593708256,160.2215576171875
2016-01-25,23902.508841804265,157.799560546875
2016-01-26,24192.789070758427,159.95248413085938
2016-01-27,23890.18391153387,158.21163940429688
2016-01-28,24108.52319580717,159.03587341308594
2016-01-29,24779.049311927767,162.91268920898438
2016-02-01,24816.317217608474,162.85379028320312
2016-02-02,24247.20430777274,159.9188232421875
2016-02-03,24246.816304452022,160.87753295898438
2016-02-04,24357.705395441215,161.12985229492188
2016-02-05,23795.24715792065,158.06031799316406
2016-02-08,23421.514570153555,155.93263244628906
2016-02-09,23420.937651806056,155.94107055664062
2016-02-10,23414.328089138366,155.80645751953125
2016-02-11,23113.484256995354,153.77972412109375
2016-02-12,23616.589073977953,156.95016479492188
2016-02-16,24060.44438375468,159.59927368164062
2016-02-17,24491.97598278926,162.2062530517578
2016-02-18,24362.979559090993,161.54190063476562
2016-02-19,24387.171380975,161.46621704101562
2016-02-22,24755.074440355904,163.80413818359375
2016-02-23,24404.03913767904,161.73533630371094
2016-02-24,24501.988272727416,162.4753875732422
2016-02-25,24786.031662181027,164.44320678710938
2016-02-26,24732.721219734292,164.06478881835938
2016-02-29,24512.164282841244,162.778076171875
2016-03-01,25165.033568820847,166.60452270507812
2016-03-02,25259.101040865455,167.35301208496094
2016-03-03,25307.57072074246,168.00897216796875
2016-03-04,25438.573366802113,168.5555877685547
2016-03-07,25396.310947211296,168.69012451171875
2016-03-08,25199.166283891824,166.84844970703125
2016-03-09,25325.025115365188,167.672607421875
2016-03-10,25310.93004207226,167.80712890625
2016-03-11,25733.632515240282,170.51502990722656
2016-03-14,25739.448915310673,170.29641723632812
2016-03-15,25767.674997670063,170.0188751220703
2016-03-16,25890.031645173167,171.00279235839844
2016-03-17,26056.816400693242,172.08767700195312
2016-03-18,26268.649287264914,172.763916015625
2016-03-21,26334.904310111662,173.00904846191406
2016-03-22,26296.598003311326,172.9160919189453
2016-03-23,26181.328685074935,171.77493286132812
2016-03-24,26172.834250774187,171.69882202148438
2016-03-28,26191.843417591594,171.8002471923828
2016-03-29,26414.68516953025,173.38941955566406
2016-03-30,26550.74129320063,174.15025329589844
2016-03-31,26491.938799221964,173.72760009765625
2016-04-01,26787.044492801833,174.9110107421875
2016-04-04,26703.700208904433,174.34463500976562
2016-04-05,26510.91018274177,172.60325622558594
2016-04-06,26782.56749543029,174.4883575439453
2016-04-07,26430.551312007436,172.40042114257812
2016-04-08,26470.353076281688,172.8653564453125
2016-04-11,26447.45322188616,172.4596405029297
2016-04-12,26709.786983450107,174.065673828125
2016-04-13,27090.402688922703,175.8239288330078
2016-04-14,27156.18547498649,175.83233642578125
2016-04-15,27116.875438587616,175.6379852294922
2016-04-18,27266.67968268777,176.87208557128906
2016-04-19,27215.342910318555,177.42999267578125
2016-04-20,27317.421517912597,177.5990447998047
2016-04-21,27190.978011678504,176.64389038085938
2016-04-22,27141.724714416046,176.64389038085938
2016-04-25,27081.764612232135,176.33956909179688
2016-04-26,27097.46813822937,176.60157775878906
2016-04-27,27152.896770691623,176.96505737304688
2016-04-28,26863.079561091472,175.35902404785156
2016-04-29,26728.448571945453,174.41226196289062
2016-05-02,26945.12096283378,175.79855346679688
2016-05-03,26655.495237088922,174.26853942871094
2016-05-04,26454.91074637525,173.29638671875
2016-05-05,26397.456731380436,173.26268005371094
2016-05-06,26509.15982808344,173.89662170410156
2016-05-09,26471.13253204537,174.0403289794922
2016-05-10,26815.002296624,176.20433044433594
2016-05-11,26611.3397754185,174.5559539794922
2016-05-12,26573.31314101801,174.606689453125
2016-05-13,26458.15863856991,173.08514404296875
2016-05-16,26748.790306410097,174.7926025390625
2016-05-17,26462.051301585114,173.1612548828125
2016-05-18,26627.682654146553,173.21185302734375
2016-05-19,26522.075710985388,172.61172485351562
2016-05-20,26731.56499953327,173.70216369628906
2016-05-23,26659.912269781955,173.46554565429688
2016-05-24,27066.772484713052,175.7140350341797
2016-05-25,27293.211696891045,176.90591430664062
2016-05-26,27354.571989065233,176.9566192626953
2016-05-27,27444.902833216074,177.71739196777344
2016-05-31,27429.090096444204,177.37930297851562
2016-06-01,27445.55507618412,177.74281311035156
2016-06-02,27495.459941939964,178.28378295898438
2016-06-03,27411.392003502027,177.75120544433594
2016-06-06,27550.9511135651,178.65565490722656
2016-06-07,27567.3775819016,178.93463134765625
2016-06-08,27654.661985176605,179.5178985595703
2016-06-09,27599.007905741943,179.2727508544922
2016-06-10,27288.282936587588,177.57369995117188
2016-06-13,27084.695728711748,176.20433044433594
2016-06-14,27017.487259744645,175.8577423095703
2016-06-15,26968.96285248652,175.61257934570312
2016-06-16,27074.953624086116,176.1366729736328
2016-06-17,26957.03096626719,175.48072814941406
2016-06-20,27107.74371556709,176.61083984375
2016-06-21,27142.63169685447,177.11215209960938
2016-06-22,27044.02552847656,176.82321166992188
2016-06-23,27446.51431048783,179.1259765625
2016-06-24,26439.048349457906,172.69369506835938
2016-06-27,26035.995453651336,169.6007537841797
2016-06-28,26521.04546349393,172.65969848632812
2016-06-29,27001.691365989118,175.59967041015625
2016-06-30,27291.084020896556,177.99583435058594
2016-07-01,27403.15385980945,178.36973571777344
2016-07-05,27241.88874584496,177.086669921875
2016-07-06,27384.037300917807,178.14877319335938
2016-07-07,27431.97972056733,178.03829956054688
2016-07-08,27885.519565649425,180.6893768310547
2016-07-11,28005.877611068794,181.32667541503906
2016-07-12,28197.684080946685,182.6437225341797
2016-07-13,28185.212435070112,182.61822509765625
2016-07-14,28377.45521472291,183.6378936767578
2016-07-15,28356.23772402642,183.3914794921875
2016-07-18,28479.925418258346,183.88427734375
2016-07-19,28398.20405829041,183.6973419189453
2016-07-20,28576.71127471066,184.46209716796875
2016-07-21,28427.901587312976,183.76528930664062
2016-07-22,28585.15182341776,184.5895538330078
2016-07-25,28572.893532810504,184.08822631835938
2016-07-26,28672.179409057557,184.17320251464844
2016-07-27,28717.259641060406,183.977783203125
2016-07-28,28761.4102515566,184.190185546875
2016-07-29,28814.02549694657,184.48756408691406
2016-08-01,28846.389446633908,184.33460998535156
2016-08-02,28672.38225217902,183.1534881591797
2016-08-03,28714.41891801326,183.68887329101562
2016-08-04,28795.146358370766,183.88427734375
2016-08-05,28990.902950829128,185.38819885253906
2016-08-08,28926.784792306982,185.2777862548828
2016-08-09,28946.851928493492,185.38819885253906
2016-08-10,28830.53852729687,184.92942810058594
2016-08-11,28961.994916615306,185.78756713867188
2016-08-12,28985.47728229686,185.62615966796875
2016-08-15,29065.85291234106,186.16156005859375
2016-08-16,28931.692856845253,185.2013397216797
2016-08-17,28933.63752603471,185.54974365234375
2016-08-18,28961.9803895076,185.966064453125
2016-08-19,28932.715470689636,185.6941375732422
2016-08-22,28934.150343113786,185.68563842773438
2016-08-23,28985.934618786072,186.0594940185547
2016-08-24,28824.40863409429,185.1078643798828
2016-08-25,28808.302749073297,184.98043823242188
2016-08-26,28816.852188839628,184.6320037841797
2016-08-29,28943.033917113396,185.54122924804688
2016-08-30,28872.954283175066,185.23529052734375
2016-08-31,28824.092001013556,184.70852661132812
2016-09-01,28792.287858994012,184.7169952392578
2016-09-02,28851.856970964513,185.54974365234375
2016-09-06,28975.4781269987,186.11045837402344
2016-09-07,28903.063974184977,186.09347534179688
2016-09-08,28861.24577725996,185.6686553955078
2016-09-09,28165.311783401732,181.22474670410156
2016-09-12,28593.375694923234,183.82481384277344
2016-09-13,28206.65365202829,181.1822509765625
2016-09-14,28234.931699261902,181.11424255371094
2016-09-15,28549.71020784671,182.9241485595703
2016-09-16,28515.85006947303,182.2169647216797
2016-09-19,28521.52118660629,182.2511444091797
2016-09-20,28540.29512219242,182.25965881347656
2016-09-21,28783.7592193963,184.30934143066406
2016-09-22,28936.968172963385,185.470703125
2016-09-23,28774.085609007372,184.45443725585938
2016-09-26,28487.100279850627,182.9599609375
2016-09-27,28731.73048377427,184.09576416015625
2016-09-28,28834.616001666647,185.00955200195312
2016-09-29,28585.455492133984,183.3357391357422
2016-09-30,28854.135056651445,184.71920776367188
2016-10-03,28876.53268143065,184.27511596679688
2016-10-04,28779.281248929547,183.3357391357422
2016-10-05,28985.76368366546,184.14703369140625
2016-10-06,28952.36766204053,184.27511596679688
2016-10-07,28867.243871697625,183.6431427001953
2016-10-10,28924.176764334105,184.599609375
2016-10-11,28553.076959837716,182.26820373535156
2016-10-12,28562.200160412864,182.50738525390625
2016-10-13,28475.645458965086,181.90956115722656
2016-10-14,28516.539778373994,182.0034942626953
2016-10-17,28413.867881082224,181.37155151367188
2016-10-18,28758.9635653003,182.50738525390625
2016-10-19,28797.15980990753,182.994140625
2016-10-20,28839.597568435333,182.65255737304688
2016-10-21,28849.460555291807,182.73794555664062
2016-10-24,29026.44236162975,183.51512145996094
2016-10-25,28932.620836813327,182.90023803710938
2016-10-26,28946.31583366876,182.53297424316406
2016-10-27,28924.632432794064,182.0462646484375
2016-10-28,28767.154552345295,181.5081787109375
2016-10-31,28750.981889090865,181.5167236328125
2016-11-01,28507.21434513766,180.2015380859375
2016-11-02,28310.948113464496,179.11700439453125
2016-11-03,28195.69349978425,178.29718017578125
2016-11-04,28137.950442248468,178.1007537841797
2016-11-07,28803.200229062648,182.02906799316406
2016-11-08,28898.429731688782,182.84893798828125
2016-11-09,29190.550482290797,184.7875213623047
2016-11-10,29226.40680010152,185.2487030029297
2016-11-11,29425.21032060655,184.8216552734375
2016-11-14,29323.904193419756,184.9668426513672
2016-11-15,29548.693741875457,186.41009521484375
2016-11-16,29528.325449419113,186.0600128173828
2016-11-17,29651.58274309327,187.0164794921875
2016-11-18,29615.016014591925,186.59800720214844
2016-11-21,29826.060598175638,188.00714111328125
2016-11-22,29942.982086935655,188.3743133544922
2016-11-23,29905.73796642482,188.47679138183594
2016-11-25,30038.359927807716,189.1770782470703
2016-11-28,29883.965161055436,188.28890991210938
2016-11-29,29901.254124284686,188.65614318847656
2016-11-30,29809.56054986638,188.20352172851562
2016-12-01,29613.223021953003,187.51181030273438
2016-12-02,29673.34752678159,187.60569763183594
2016-12-05,29885.83309134581,188.7329864501953
2016-12-06,30013.977647485157,189.33079528808594
2016-12-07,30481.024469948956,191.80735778808594
2016-12-08,30558.455222350844,192.27703857421875
2016-12-09,30741.7860871352,193.43850708007812
2016-12-12,30691.771522442537,193.21649169921875
2016-12-13,30961.931586354804,194.50601196289062
2016-12-14,30835.08694845147,192.9004669189453
2016-12-15,31040.697096465297,193.69468688964844
2016-12-16,30968.47323250685,193.31585693359375
2016-12-19,31064.172989999184,193.73680114746094
2016-12-20,31264.307445319482,194.48419189453125
2016-12-21,31202.976378255527,193.9429931640625
2016-12-22,31145.054638736176,193.60797119140625
2016-12-23,31218.87983359138,193.8914337158203
2016-12-27,31378.802569550866,194.37245178222656
2016-12-28,31053.279852377636,192.76612854003906
2016-12-29,31030.444140919175,192.72315979003906
2016-12-30,30841.881316835086,192.01870727539062
2017-01-03,31131.37391720386,193.48768615722656
2017-01-04,31297.550936627813,194.63877868652344
2017-01-05,31287.140700704684,194.48419189453125
2017-01-06,31448.57100080467,195.17991638183594
2017-01-09,31411.39858592064,194.53567504882812
2017-01-10,31401.55228290703,194.53567504882812
2017-01-11,31471.68086683878,195.08543395996094
2017-01-12,31405.117910802823,194.59584045410156
2017-01-13,31507.98944475163,195.0425262451172
2017-01-17,31331.68459127118,194.35531616210938
2017-01-18,31411.561785267568,194.78480529785156
2017-01-19,31368.94786951973,194.06321716308594
2017-01-20,31414.70164357455,194.77622985839844
2017-01-23,31302.575358852293,194.2693634033203
2017-01-24,31561.06683252874,195.5149688720703
2017-01-25,31831.978605853088,197.20724487304688
2017-01-26,31810.259873528677,197.0011444091797
2017-01-27,31857.449004454418,196.69187927246094
2017-01-30,31680.068678184853,195.47203063964844
2017-01-31,31522.78334520465,195.45481872558594
2017-02-01,31550.527183258142,195.5321807861328
2017-02-02,31586.25991775528,195.6610565185547
2017-02-03,31866.30338894132,197.0097198486328
2017-02-06,31840.777056905437,196.65745544433594
2017-02-07,31910.913876503037,196.66610717773438
2017-02-08,31921.961241091118,196.92381286621094
2017-02-09,32042.264615655524,198.09205627441406
2017-02-10,32143.252458289247,198.87376403808594
2017-02-13,32344.340519105826,199.9561767578125
2017-02-14,32521.628730097163,200.75509643554688
2017-02-15,32740.99554455857,201.80308532714844
2017-02-16,32746.744503413454,201.6313018798828
2017-02-17,32802.55133287143,201.94912719726562
2017-02-21,33048.67814879246,203.15179443359375
2017-02-22,33061.65680605777,202.97140502929688
2017-02-23,32989.820234338884,203.10882568359375
2017-02-24,33049.941431442436,203.3665008544922
2017-02-27,33077.0953800128,203.68434143066406
2017-02-28,32972.73082106506,203.13455200195312
2017-03-01,33451.145840850324,205.97792053222656
2017-03-02,33248.79725099303,204.68084716796875
2017-03-03,33249.02938654233,204.8096466064453
2017-03-06,33163.27054654522,204.19979858398438
2017-03-07,33117.34029844571,203.58985900878906
2017-03-08,33091.157325360924,203.21189880371094
2017-03-09,33131.43810105361,203.46966552734375
2017-03-10,33262.942529243635,204.1826171875
2017-03-13,33270.21108246894,204.2857208251953
2017-03-14,33233.73856832957,203.50396728515625
2017-03-15,33455.920797210194,205.26492309570312
2017-03-16,33474.146384966785,204.86119079589844
2017-03-17,33371.93724384678,204.50140380859375
2017-03-20,33289.22884784807,204.27713012695312
2017-03-21,32835.24050110988,201.654296875
2017-03-22,32942.335666204526,202.12884521484375
2017-03-23,32876.80756930113,201.9131317138672
2017-03-24,32873.8603418495,201.7664794921875
2017-03-27,32858.460226186646,201.5594482421875
2017-03-28,33094.996292458156,203.02613830566406
2017-03-29,33076.21957153868,203.21591186523438
2017-03-30,33194.38874700862,203.86302185058594
2017-03-31,33114.81696406808,203.38845825195312
2017-04-03,33189.35912977633,203.03477478027344
2017-04-04,33192.04650133641,203.16416931152344
2017-04-05,33055.893816610864,202.5602264404297
2017-04-06,33098.421207881176,203.129638671875
2017-04-07,33073.565854673216,202.922607421875
2017-04-10,33084.98290411308,203.0433349609375
2017-04-11,33030.23722884706,202.80177307128906
2017-04-12,32828.93007114267,201.9131317138672
2017-04-13,32606.40274161799,200.60169982910156
2017-04-17,32905.19605711009,202.37901306152344
2017-04-18,32807.238885587205,201.77505493164062
2017-04-19,32695.63218824531,201.4041290283203
2017-04-20,32993.27146907436,203.0433349609375
2017-04-21,32925.86134563529,202.39630126953125
2017-04-24,33333.9968111369,204.6222381591797
2017-04-25,33573.0481135575,205.81288146972656
2017-04-26,33530.31463596624,205.68338012695312
2017-04-27,33592.89415990591,205.85598754882812
2017-04-28,33541.59159828708,205.40733337402344
2017-05-01,33631.04915618394,205.92498779296875
2017-05-02,33681.94450190543,206.00265502929688
2017-05-03,33701.75511929892,205.75245666503906
2017-05-04,33714.545712964806,205.99404907226562
2017-05-05,33776.566183798575,206.8050079345703
2017-05-08,33776.70306768765,206.7705535888672
2017-05-09,33774.41026404487,206.58071899414062
2017-05-10,33947.811748216765,206.95166015625
2017-05-11,33884.81157622634,206.5289306640625
2017-05-12,33920.485230748694,206.18386840820312
2017-05-15,34093.119272997996,207.32266235351562
2017-05-16,34119.3925800083,207.1328887939453
2017-05-17,33398.415149560766,203.45750427246094
2017-05-18,33565.14807411966,204.27713012695312
2017-05-19,33769.17284571257,205.60577392578125
2017-05-22,33941.85754319832,206.64979553222656
2017-05-23,33982.673952217236,207.10696411132812
2017-05-24,34069.56786906032,207.59017944335938
2017-05-25,34277.31572498842,208.5823211669922
2017-05-26,34320.20780869187,208.5391845703125
2017-05-30,34329.34141172233,208.35801696777344
2017-05-31,34304.23137585188,208.30624389648438
2017-06-01,34507.96983334248,209.96275329589844
2017-06-02,34690.17810836397,210.66160583496094
2017-06-05,34718.69319901897,210.50628662109375
2017-06-06,34638.33440281993,209.8333282470703
2017-06-07,34745.697349527836,210.22157287597656
2017-06-08,34921.64108555157,210.3251190185547
2017-06-09,34715.306206194095,210.00587463378906
2017-06-12,34642.99809481836,209.96275329589844
2017-06-13,34852.48786984941,210.9894561767578
2017-06-14,34882.16919011627,210.72193908691406
2017-06-15,34803.69112237669,210.3165283203125
2017-06-16,34762.037472857715,210.36241149902344
2017-06-19,35084.55459326371,212.1137237548828
2017-06-20,34916.34219192391,210.68319702148438
2017-06-21,34918.60954022721,210.63121032714844
2017-06-22,34941.142774096596,210.53585815429688
2017-06-23,34926.70215028083,210.7872772216797
2017-06-26,34911.411037991005,210.9259796142578
2017-06-27,34541.81751487835,209.22671508789062
2017-06-28,34887.9280250844,211.09938049316406
2017-06-29,34567.61237270084,209.24404907226562
2017-06-30,34558.87705612177,209.63421630859375
2017-07-03,34603.12431736976,209.98965454101562
2017-07-05,34683.23998455316,210.47515869140625
2017-07-06,34366.11565015701,208.5504913330078
2017-07-07,34628.850245808295,209.90292358398438
2017-07-10,34740.16034584527,210.12838745117188
2017-07-11,34769.634013110306,209.97227478027344
2017-07-12,35054.92391970974,211.55018615722656
2017-07-13,35099.170333880174,211.90565490722656
2017-07-14,35292.166538192934,212.8939666748047
2017-07-17,35225.16758013599,212.86801147460938
2017-07-18,35399.76365089772,212.98069763183594
2017-07-19,35548.21488011172,214.13381958007812
2017-07-20,35518.51226030477,214.2291717529297
2017-07-21,35520.64853040439,214.0383758544922
2017-07-24,35521.59019730924,213.98638916015625
2017-07-25,35654.0471062836,214.50656127929688
2017-07-26,35780.93023604111,214.5152130126953
2017-07-27,35610.359154201215,214.3158416748047
2017-07-28,35620.50027857334,214.06442260742188
2017-07-31,35602.020211650066,213.94308471679688
2017-08-01,35738.21775222887,214.41983032226562
2017-08-02,35814.80290761204,214.52392578125
2017-08-03,35815.88931775668,214.10772705078125
2017-08-04,35942.79953296712,214.4979248046875
2017-08-07,36047.42184459147,214.89669799804688
2017-08-08,35987.68803476257,214.3678436279297
2017-08-09,35967.30580248961,214.35919189453125
2017-08-10,35403.38970456581,211.3334503173828
2017-08-11,35424.27615632344,211.6455841064453
2017-08-14,35881.09794055503,213.74362182617188
2017-08-15,35864.54960954083,213.7176513671875
2017-08-16,35908.693708563274,214.0904541015625
2017-08-17,35310.57350476255,210.75254821777344
2017-08-18,35221.173549354346,210.423095703125
2017-08-21,35222.76209954441,210.58782958984375
2017-08-22,35613.38086261424,212.78997802734375
2017-08-23,35552.94024235142,212.02700805664062
2017-08-24,35517.88164623822,211.53285217285156
2017-08-25,35474.420868017456,212.02700805664062
2017-08-28,35528.22948954342,212.0356903076172
2017-08-29,35582.880092843356,212.27847290039062
2017-08-30,35788.57012657684,213.2841033935547
2017-08-31,35993.637943424386,214.5672607421875
2017-09-01,36062.24398633608,214.87071228027344
2017-09-05,35751.137197538985,213.32752990722656
2017-09-06,35856.824728548396,214.05575561523438
2017-09-07,35936.62469971521,214.02975463867188
2017-09-08,35823.44299816231,213.77830505371094
2017-09-11,36351.198633787455,216.05848693847656
2017-09-12,36525.47719157274,216.7867431640625
2017-09-13,36545.99798516431,216.89071655273438
2017-09-14,36589.26706494485,216.8213653564453
2017-09-15,36701.05244428051,217.11325073242188
2017-09-18,36843.21628252062,217.57504272460938
2017-09-19,36888.072354924305,217.7928924560547
2017-09-20,36906.15016627076,217.8712615966797
2017-09-21,36847.58352276051,217.28753662109375
2017-09-22,36825.09967409215,217.33108520507812
2017-09-25,36573.229469018755,216.8867645263672
2017-09-26,36583.72426737859,217.0174102783203
2017-09-27,36757.9237537119,217.86260986328125
2017-09-28,36887.620699349034,218.12396240234375
2017-09-29,37028.5032582778,218.89064025878906
2017-10-02,37213.22586291234,219.84036254882812
2017-10-03,37318.595760733726,220.3108673095703
2017-10-04,37399.6906895572,220.57220458984375
2017-10-05,37705.301610235954,221.87918090820312
2017-10-06,37725.783121728404,221.62648010253906
2017-10-09,37648.42127938867,221.2605438232422
2017-10-10,37795.15331270234,221.84432983398438
2017-10-11,37879.4351299985,222.1928253173828
2017-10-12,37792.56115347603,221.8617706298828
2017-10-13,37872.95338658733,222.1317596435547
2017-10-16,37955.187811478536,222.4281005859375
2017-10-17,37973.17710574999,222.58486938476562
2017-10-18,38065.450436524196,222.8026885986328
2017-10-19,38028.53037052532,222.86367797851562
2017-10-20,38196.99501485148,224.01376342773438
2017-10-23,38055.49307611307,223.14254760742188
2017-10-24,38239.59701279423,223.53451538085938
2017-10-25,38011.65176027065,222.4281005859375
2017-10-26,38091.61972712491,222.71554565429688
2017-10-27,38535.477379695854,224.5365447998047
2017-10-30,38429.02111142354,223.70013427734375
2017-10-31,38466.2276924836,224.0486602783203
2017-11-01,38534.89448246033,224.3448028564453
2017-11-02,38511.166672318424,224.43199157714844
2017-11-03,38785.119012878604,225.18136596679688
2017-11-06,38789.66054844619,225.52981567382812
2017-11-07,38763.43742553932,225.37298583984375
2017-11-08,38771.88099013549,225.7563018798828
2017-11-09,38548.33531025301,224.93731689453125
2017-11-10,38507.705279832095,224.86766052246094
2017-11-13,38590.96073101372,225.07672119140625
2017-11-14,38551.07773303605,224.55406188964844
2017-11-15,38357.6534692379,223.43002319335938
2017-11-16,38741.418485275724,225.3294219970703
2017-11-17,38582.65099367676,224.66725158691406
2017-11-20,38690.2419729061,225.0505828857422
2017-11-21,38985.160723328314,226.52310180664062
2017-11-22,38909.9630856419,226.32266235351562
2017-11-24,39059.97500675206,226.84544372558594
2017-11-27,39104.31960788967,226.732177734375
2017-11-28,39489.87555369338,229.03231811523438
2017-11-29,39296.17043048907,228.8928680419922
2017-11-30,39701.937968020524,230.89682006835938
2017-12-01,39592.704842650186,230.41763305664062
2017-12-04,39485.79694085143,230.13893127441406
2017-12-05,39362.20883494401,229.31114196777344
2017-12-06,39355.22886177976,229.3546600341797
2017-12-07,39490.320475185894,230.07791137695312
2017-12-08,39717.61086156492,231.33248901367188
2017-12-11,39861.97550458989,232.0295867919922
2017-12-12,39978.48259018478,232.43905639648438
2017-12-13,39953.59293337431,232.4128875732422
2017-12-14,39792.37375193986,231.46322631835938
2017-12-15,40132.63855014291,233.3906707763672
2017-12-18,40378.95314885049,234.8706512451172
2017-12-19,40222.7918895448,233.96868896484375
2017-12-20,40227.78614474572,233.84605407714844
2017-12-21,40269.59063025141,234.32774353027344
2017-12-22,40227.69384584517,234.2664337158203
2017-12-26,40142.14836141986,233.9861602783203
2017-12-27,40194.320945847816,234.1000518798828
2017-12-28,40320.66572384204,234.5817108154297
2017-12-29,40083.7882554035,233.6971435546875
2018-01-02,40543.70478176615,235.36985778808594
2018-01-03,40810.80302545493,236.85855102539062
2018-01-04,41027.49222503165,237.85691833496094
2018-01-05,41373.210786450865,239.4419708251953
2018-01-08,41512.46225573661,239.87985229492188
2018-01-09,41536.63086441819,240.4228515625
2018-01-10,41526.85384255466,240.05503845214844
2018-01-11,41811.021351461306,241.8064727783203
2018-01-12,42139.2735087368,243.3827667236328
2018-01-16,42114.01974287779,242.55079650878906
2018-01-17,42560.325872576075,244.8627166748047
2018-01-18,42502.14141682873,244.45115661621094
2018-01-19,42651.78327894524,245.56333923339844
2018-01-22,43064.30373441596,247.56002807617188
2018-01-23,43278.930572662844,248.0854034423828
2018-01-24,43213.21435964681,247.98910522460938
2018-01-25,43335.048577831,248.09414672851562
2018-01-26,43909.8087151174,250.96658325195312
2018-01-29,43734.38294792878,249.30259704589844
2018-01-30,43179.683349110084,246.74557495117188
2018-01-31,43210.36557498169,246.86810302734375
2018-02-01,43126.43025538663,246.58798217773438
2018-02-02,42287.234577969204,241.2197265625
2018-02-05,40411.06315381131,231.13131713867188
2018-02-06,41263.93407146865,235.6851043701172
2018-02-07,41122.427143733876,234.4065399169922
2018-02-08,39442.96881741407,225.61422729492188
2018-02-09,40109.49414986499,229.0032958984375
2018-02-12,40692.36062061823,232.3660888671875
2018-02-13,40831.15793683379,232.94406127929688
2018-02-14,41439.81467590994,236.08795166015625
2018-02-15,42078.85039829534,239.1004180908203
2018-02-16,42065.590565041675,239.1704559326172
2018-02-20,41861.45028621798,237.6729736328125
2018-02-21,41606.608640552506,236.4907989501953
2018-02-22,41672.04086868809,236.7972412109375
2018-02-23,42388.86405039501,240.57167053222656
2018-02-26,43004.639194990035,243.36521911621094
2018-02-27,42532.38994196667,240.326416015625
2018-02-28,42012.952182735564,237.89195251464844
2018-03-01,41343.610088701105,234.43280029296875
2018-03-02,41568.05566415684,235.64125061035156
2018-03-05,42080.003439800515,238.36480712890625
2018-03-06,42167.0407029325,238.96900939941406
2018-03-07,42131.84789087188,238.8814697265625
2018-03-08,42230.117516285885,240.03746032714844
2018-03-09,43060.874814006456,244.21470642089844
2018-03-12,43014.583585511136,243.90818786621094
2018-03-13,42619.76592090915,242.33192443847656
2018-03-14,42398.115795364996,241.0883026123047
2018-03-15,42449.43004585729,240.82557678222656
2018-03-16,42503.436724575775,241.08673095703125
2018-03-19,41785.00720202297,237.8247528076172
2018-03-20,41869.48238963768,238.22923278808594
2018-03-21,41831.771142858124,237.77206420898438
2018-03-22,40683.4793111846,231.8284454345703
2018-03-23,39737.967466396774,226.8870391845703
2018-03-26,41018.077310379376,233.0944366455078
2018-03-27,40031.17758252796,229.1291046142578
2018-03-28,39706.352627004744,228.4520721435547
2018-03-29,40346.91279868083,231.37120056152344
2018-04-02,39391.778913707014,226.37713623046875
2018-04-03,39958.659570851865,229.27859497070312
2018-04-04,40439.3421214153,231.73162841796875
2018-04-05,40814.51122855508,233.56053161621094
2018-04-06,39867.51388794324,228.35537719726562
2018-04-09,39978.04141032534,229.48086547851562
2018-04-10,40806.57436722367,233.129638671875
2018-04-11,40530.17722139846,231.90753173828125
2018-04-12,40946.633160550955,233.81549072265625
2018-04-13,40803.96207378579,233.129638671875
2018-04-16,40991.5661144312,235.04638671875
2018-04-17,41510.752529811514,237.56094360351562
2018-04-18,41474.99911566372,237.73684692382812
2018-04-19,41393.62607067119,236.41798400878906
2018-04-20,41011.756175151786,234.41331481933594
2018-04-23,40848.003275411225,234.37814331054688
2018-04-24,40348.318070984344,231.2217254638672
2018-04-25,40412.77490561147,231.793212890625
2018-04-26,41015.21603830892,234.1496124267578
2018-04-27,41115.11140051197,234.369384765625
2018-04-30,40810.718093304065,232.56700134277344
2018-05-01,40915.48348019273,232.9801483154297
2018-05-02,40693.953027998316,231.41513061523438
2018-05-03,40585.04791396125,230.90521240234375
2018-05-04,41149.06109908893,233.8945770263672
2018-05-07,41400.46644503181,234.6859130859375
2018-05-08,41447.38534457742,234.6859130859375
2018-05-09,41837.54044695447,236.954345703125
2018-05-10,42262.54012909587,239.16993713378906
2018-05-11,42370.451112712864,239.8997802734375
2018-05-14,42442.47795250462,240.0141143798828
2018-05-15,42038.824876870436,238.36111450195312
2018-05-16,42150.9724402359,239.36341857910156
2018-05-17,42032.16587503952,239.1613006591797
2018-05-18,41895.96446142838,238.56326293945312
2018-05-21,42329.64010345671,240.3570098876953
2018-05-22,42177.17260462278,239.6887969970703
2018-05-23,42468.185147599674,240.3481903076172
2018-05-24,42391.50637745128,239.85581970214844
2018-05-25,42385.24160426889,239.28428649902344
2018-05-29,41884.12041427154,236.53228759765625
2018-05-30,42422.16948653009,239.6887969970703
2018-05-31,42190.2641346328,238.22047424316406
2018-06-01,42696.04522222947,240.55923461914062
2018-06-04,42952.142250150886,241.70220947265625
2018-06-05,42929.51477932939,241.8780975341797
2018-06-06,43454.563510861626,243.90042114257812
2018-06-07,43388.09318774435,243.87388610839844
2018-06-08,43402.01333925081,244.5948944091797
2018-06-11,43461.852703889956,244.92018127441406
2018-06-12,43581.75518702531,245.23680114746094
2018-06-13,43446.64344833083,244.45423889160156
2018-06-14,43597.75089611585,245.06973266601562
2018-06-15,43548.91396639783,244.75701904296875
2018-06-18,43497.021454688555,244.25369262695312
2018-06-19,43259.818709306484,243.3174591064453
2018-06-20,43340.981809898054,243.7324981689453
2018-06-21,43045.20428738422,242.2046661376953
2018-06-22,43005.72871367859,242.646240234375
2018-06-25,42329.10599617505,239.3431854248047
2018-06-26,42477.41679643349,239.873046875
2018-06-27,42107.31266230954,237.88587951660156
2018-06-28,42403.83753888578,239.24603271484375
2018-06-29,42349.503983594834,239.59043884277344
2018-07-02,42557.34441674345,240.1026153564453
2018-07-03,42153.692863919394,239.2547607421875
2018-07-05,42571.19638515192,241.20660400390625
2018-07-06,42891.876125615076,243.24679565429688
2018-07-09,43373.229995224996,245.43707275390625
2018-07-10,43607.05343002772,246.3203125
2018-07-11,43308.71728835253,244.51856994628906
2018-07-12,43587.02498161374,246.7354278564453
2018-07-13,43514.628439186796,246.92967224121094
2018-07-16,43576.047369797685,246.70884704589844
2018-07-17,43760.65239850504,247.7068328857422
2018-07-18,43866.32039954755,248.22796630859375
2018-07-19,43665.81092246369,247.2918243408203
2018-07-20,43630.306948869744,247.00917053222656
2018-07-23,43739.27111466088,247.4683837890625
2018-07-24,44004.87599701538,248.7136993408203
2018-07-25,44468.422009414506,250.83334350585938
2018-07-26,44256.13497598051,250.24159240722656
2018-07-27,43940.098758073495,248.54600524902344
2018-07-30,43640.465754428566,247.2476348876953
2018-07-31,43834.674968138206,248.46636962890625
2018-08-01,43715.554039146235,248.0513458251953
2018-08-02,44091.858279955915,249.4026336669922
2018-08-03,44325.80365595833,250.47129821777344
2018-08-06,44442.57313726765,251.38975524902344
2018-08-07,44790.54555632127,252.2200164794922
2018-08-08,44765.94664698004,252.11392211914062
2018-08-09,44569.6472483449,251.76950073242188
2018-08-10,44215.831058584095,250.08262634277344
2018-08-13,44009.98966954083,249.14649963378906
2018-08-14,44200.53492023013,250.73623657226562
2018-08-15,43859.59516890115,248.8638458251953
2018-08-16,44316.4157968256,250.8775634765625
2018-08-17,44282.87819333811,251.76075744628906
2018-08-20,44374.48266901135,252.29934692382812
2018-08-21,44588.90636977583,252.8911590576172
2018-08-22,44699.08363627231,252.74102783203125
2018-08-23,44639.26173691687,252.40541076660156
2018-08-24,44959.75146103221,253.9245147705078
2018-08-27,45341.227574939316,255.9292449951172
2018-08-28,45352.15857379068,256.052978515625
2018-08-29,45533.3037323651,257.43072509765625
2018-08-30,45324.61696998042,256.388671875
2018-08-31,45332.21931485935,256.3973693847656
2018-09-04,45304.57397329857,255.95590209960938
2018-09-05,45087.20204409356,255.2669677734375
2018-09-06,44976.74953785018,254.49862670898438
2018-09-07,44847.126489089416,254.00399780273438
2018-09-10,45091.235427110485,254.44552612304688
2018-09-11,45141.255855461895,255.28468322753906
2018-09-12,45152.07850634466,255.34640502929688
2018-09-13,45373.76124992683,256.8566589355469
2018-09-14,45408.32146878653,256.9008483886719
2018-09-17,45138.67645870959,255.5406951904297
2018-09-18,45426.589025214605,256.92730712890625
2018-09-19,45671.051004942565,257.2011413574219
2018-09-20,46005.248313312535,259.28546142578125
2018-09-21,46008.191462092924,259.04852294921875
2018-09-24,45881.469255608856,258.1880798339844
2018-09-25,45807.21603087561,257.94842529296875
2018-09-26,45665.43701806907,257.1766052246094
2018-09-27,45799.39288511036,257.895263671875
2018-09-28,45662.16726569145,257.9218444824219
2018-10-01,46154.59115944258,258.81793212890625
2018-10-02,46170.208924454666,258.66705322265625
2018-10-03,46169.83181481028,258.80908203125
2018-10-04,45816.82933036155,256.7862548828125
2018-10-05,45381.73743660322,255.34906005859375
2018-10-08,45329.784008583796,255.34906005859375
2018-10-09,45326.595296509346,254.97637939453125
2018-10-10,43808.6826516304,246.9029998779297
2018-10-11,42908.95958176417,241.46456909179688
2018-10-12,43613.87789608558,244.8181915283203
2018-10-15,43313.63394306293,243.44302368164062
2018-10-16,44240.95949253988,248.7660675048828
2018-10-17,44229.18911718997,248.81045532226562
2018-10-18,43473.041378670285,245.2173309326172
2018-10-19,43427.82196091598,245.08424377441406
2018-10-22,43237.87608199117,243.984130859375
2018-10-23,43121.19670465124,242.74212646484375
2018-10-24,41750.42214137494,235.38742065429688
2018-10-25,42618.902314846026,239.6103973388672
2018-10-26,41927.09965218182,235.39625549316406
2018-10-29,41631.22772524709,234.0920867919922
2018-10-30,42258.1029941407,237.5609588623047
2018-10-31,42778.33774144325,240.09835815429688
2018-11-01,43212.19760754421,242.6533966064453
2018-11-02,42921.692783611485,241.21620178222656
2018-11-05,43202.3500867229,242.54698181152344
2018-11-06,43399.42137833287,244.08181762695312
2018-11-07,44365.75167129465,249.30731201171875
2018-11-08,44266.055543188595,248.85484313964844
2018-11-09,43828.2122117837,246.42398071289062
2018-11-12,42794.2112755125,241.81944274902344
2018-11-13,42829.42042559275,241.3669891357422
2018-11-14,42544.57393974743,239.7168426513672
2018-11-15,43092.984129293385,242.21865844726562
2018-11-16,43067.23194093707,242.84866333007812
2018-11-19,42353.4498150691,238.740966796875
2018-11-20,41641.86970991683,234.32276916503906
2018-11-21,41580.19350971008,235.12124633789062
2018-11-23,41261.046650536846,233.55093383789062
2018-11-26,41994.513832881064,237.32144165039062
2018-11-27,42205.35057033803,238.1199493408203
2018-11-28,43222.701835256856,243.60275268554688
2018-11-29,43123.441452664185,243.07041931152344
2018-11-30,43660.52942133509,244.55201721191406
2018-12-03,44140.33044624761,247.7902069091797
2018-12-04,42620.17658443891,239.76123046875
2018-12-06,42616.70000017083,239.3974151611328
2018-12-07,41612.79068243545,233.83485412597656
2018-12-10,41788.5102395341,234.2784423828125
2018-12-11,41772.04723391213,234.3316192626953
2018-12-12,42042.2268721186,235.51156616210938
2018-12-13,42171.643333233034,235.43179321289062
2018-12-14,41371.05071412331,231.08457946777344
2018-12-17,40494.74405158695,226.55101013183594
2018-12-18,40605.41615741616,226.30264282226562
2018-12-19,39959.506819635266,222.91358947753906
2018-12-20,39401.886040346384,219.2850341796875
2018-12-21,38655.66215767798,214.79197692871094
2018-12-24,37548.463027704296,209.1165313720703
2018-12-26,39544.421223230136,219.68211364746094
2018-12-27,39863.20275460888,221.3687286376953
2018-12-28,39946.271034047066,221.0831756591797
2018-12-31,40299.58529894647,223.01954650878906
2019-01-02,40352.04749356091,223.25155639648438
2019-01-03,39243.163386921486,217.9241485595703
2019-01-04,40638.97688976316,225.2237091064453
2019-01-07,41031.13096812886,226.99949645996094
2019-01-08,41327.4737306632,229.1322784423828
2019-01-09,41535.07756396477,230.203125
2019-01-10,41731.120246178376,231.01510620117188
2019-01-11,41819.11676333595,231.10440063476562
2019-01-14,41614.33780316153,229.69442749023438
2019-01-15,42092.24259471876,232.32693481445312
2019-01-16,42256.44384563027,232.88912963867188
2019-01-17,42534.35633265039,234.65597534179688
2019-01-18,42881.0317114692,237.7792510986328
2019-01-22,42331.22710802903,234.56675720214844
2019-01-23,42328.180861743705,235.05760192871094
2019-01-24,42475.808201731874,235.18247985839844
2019-01-25,42792.6461505865,237.1724395751953
2019-01-28,42281.31401417015,235.36988830566406
2019-01-29,42166.08123890783,235.05760192871094
2019-01-30,42825.92402645304,238.77871704101562
2019-01-31,43195.05312436687,240.8757781982422
2019-02-01,43248.01978364218,240.99183654785156
2019-02-04,43597.698537608776,242.6872100830078
2019-02-05,43848.685126913224,243.70455932617188
2019-02-06,43871.59918494038,243.38331604003906
2019-02-07,43357.74644956561,241.06314086914062
2019-02-08,43391.85102707473,241.3575897216797
2019-02-11,43412.10561457324,241.49148559570312
2019-02-12,44032.67761568622,244.59689331054688
2019-02-13,44150.69904878906,245.39112854003906
2019-02-14,44056.25922579555,244.8467559814453
2019-02-15,44596.50189301461,247.51492309570312
2019-02-19,44652.42131282962,247.94326782226562
2019-02-20,44763.33553967044,248.44302368164062
2019-02-21,44557.839994016256,247.55955505371094
2019-02-22,44852.39607434705,249.0944366455078
2019-02-25,45005.3931110114,249.43357849121094
2019-02-26,44951.04692198147,249.25515747070312
2019-02-27,45014.993325696145,249.14796447753906
2019-02-28,44971.29144663981,248.68389892578125
2019-03-01,45143.85643869976,250.2366943359375
2019-03-04,44958.99357807898,249.3264923095703
2019-03-05,44945.92747445566,248.98736572265625
2019-03-06,44684.627736973576,247.479248046875
2019-03-07,44285.71296980126,245.40892028808594
2019-03-08,44310.979334503885,244.91819763183594
2019-03-11,44868.25085451248,248.46981811523438
2019-03-12,44919.44001982895,249.40672302246094
2019-03-13,45295.6618328451,251.05764770507812
2019-03-14,45248.92099480193,250.89698791503906
2019-03-15,45543.26270056069,252.13658142089844
2019-03-18,45728.07506895328,253.05081176757812
2019-03-19,45776.98564009208,253.113525390625
2019-03-20,45629.57513351511,252.35166931152344
2019-03-21,46075.51896922748,255.20199584960938
2019-03-22,45191.48662415984,250.29026794433594
2019-03-25,45147.91457686821,250.1020050048828
2019-03-26,45516.91926618882,251.96621704101562
2019-03-27,45300.64119196818,250.64874267578125
2019-03-28,45451.79024711437,251.59881591796875
2019-03-29,45771.04797841906,253.18524169921875
2019-04-01,46439.82705400058,256.18780517578125
2019-04-02,46448.43475634114,256.3133239746094
2019-04-03,46610.83749780044,256.71661376953125
2019-04-04,46633.473847275774,257.3978271484375
2019-04-05,46819.8885575972,258.6436767578125
2019-04-08,46811.40973907154,258.8408508300781
2019-04-09,46525.55929093759,257.5143127441406
2019-04-10,46640.283081687114,258.39276123046875
2019-04-11,46604.6822079334,258.321044921875
2019-04-12,46850.549595094846,260.0687561035156
2019-04-15,46833.31842835873,259.8984680175781
2019-04-16,47176.9378004565,260.0687561035156
2019-04-17,47262.01861633346,259.4324951171875
2019-04-18,47327.207005319906,259.94329833984375
2019-04-22,47386.424726757024,260.1674499511719
2019-04-23,47795.853508408974,262.5067138671875
2019-04-24,47711.6800087813,261.9241638183594
2019-04-25,47531.27039605725,261.7627258300781
2019-04-26,47562.54121269915,262.9818115234375
2019-04-29,47651.432061926265,263.3940124511719
2019-04-30,47722.33181719748,263.52850341796875
2019-05-01,47358.26362164296,261.54766845703125
2019-05-02,47366.18938853138,260.98309326171875
2019-05-03,47829.23514316405,263.53741455078125
2019-05-06,47609.40214696235,262.4529113769531
2019-05-07,46730.41791025611,258.070068359375
2019-05-08,46567.212380997626,257.71148681640625
2019-05-09,46368.321014104156,256.93170166015625
2019-05-10,46562.20959783872,258.2223815917969
2019-05-13,45377.109572510555,251.7332763671875
2019-05-14,45744.755227016285,254.00985717773438
2019-05-15,46044.29363281488,255.49771118164062
2019-05-16,46362.050907436125,257.8639221191406
2019-05-17,46025.0456106145,256.19677734375
2019-05-20,45662.44807879553,254.50286865234375
2019-05-21,46041.607385490366,256.7974853515625
2019-05-22,45633.50763038094,256.00860595703125
2019-05-23,45118.31499387527,252.8805694580078
2019-05-24,45147.34202904693,253.4542236328125
2019-05-28,44719.64589805148,251.09689331054688
2019-05-29,44494.27533557614,249.41183471679688
2019-05-30,44587.9622123526,250.09295654296875
2019-05-31,43989.19122506791,246.72291564941406
2019-06-03,43846.77098493944,246.09559631347656
2019-06-04,44909.52591581213,251.4375
2019-06-05,45231.986021106575,253.61541748046875
2019-06-06,45590.84726789351,255.2646484375
2019-06-07,46030.475197291,257.819091796875
2019-06-10,46301.71401890947,259.0021667480469
2019-06-11,46404.92361285004,258.9394836425781
2019-06-12,46242.675330443635,258.48236083984375
2019-06-13,46406.20496033249,259.5489501953125
2019-06-14,46294.877886666065,259.26220703125
2019-06-17,46411.361379135604,259.3606872558594
2019-06-18,46996.671976678925,262.0765380859375
2019-06-19,47084.02283581835,262.66802978515625
2019-06-20,47565.959474357835,265.1775817871094
2019-06-21,47572.26439937634,264.7922058105469
2019-06-24,47529.19214774166,264.4679870605469
2019-06-25,47053.981450052306,261.87408447265625
2019-06-26,47142.92935363476,261.6128845214844
2019-06-27,47323.607152971665,262.54058837890625
2019-06-28,47543.925159514314,263.89154052734375
2019-07-01,48018.02777969542,266.2872314453125
2019-07-02,48137.98681728177,266.9808654785156
2019-07-03,48469.384413977226,269.1152648925781
2019-07-05,48389.838503466155,268.8091125488281
2019-07-08,48158.49179934264,267.33203125
2019-07-09,48277.96757871354,267.665283203125
2019-07-10,48454.79541875613,268.94415283203125
2019-07-11,48615.349941639135,269.5747375488281
2019-07-12,48900.40217893022,270.7815856933594
2019-07-15,48954.98501645472,270.87164306640625
2019-07-16,48754.67107811564,269.9980163574219
2019-07-17,48583.048819520576,268.1605529785156
2019-07-18,48690.85774688607,269.1423645019531
2019-07-19,48411.20992851684,267.6472473144531
2019-07-22,48566.65140489464,268.3047180175781
2019-07-23,48845.25384484797,270.2232360839844
2019-07-24,49185.751914711705,271.4930725097656
2019-07-25,48832.25990398293,270.1961975097656
2019-07-26,49165.14257594733,272.0065002441406
2019-07-29,49160.003334677705,271.5110168457031
2019-07-30,49043.675623772404,270.8446044921875
2019-07-31,48487.429095584404,267.88134765625
2019-08-01,47978.22156913076,265.54876708984375
2019-08-02,47743.822795295986,263.5492858886719
2019-08-05,46272.54096078092,255.62355041503906
2019-08-06,46825.97679952806,259.2080993652344
2019-08-07,46849.084184853986,259.3612365722656
2019-08-08,47640.94786515252,264.4498596191406
2019-08-09,47384.98379809634,262.6485290527344
2019-08-12,46856.90628957955,259.4513854980469
2019-08-13,47563.86976992499,263.4862365722656
2019-08-14,46174.2122825621,255.69569396972656
2019-08-15,46238.852985537356,256.37109375
2019-08-16,46946.66714553753,260.1537780761719
2019-08-19,47533.81426001716,263.2881164550781
2019-08-20,47161.44516337382,261.2707214355469
2019-08-21,47598.108370036185,263.3961181640625
2019-08-22,47595.79374400317,263.31512451171875
2019-08-23,46349.43228671503,256.5511779785156
2019-08-26,46877.13722077116,259.38818359375
2019-08-27,46831.32979303997,258.3704833984375
2019-08-28,47148.37295488159,260.18994140625
2019-08-29,47817.1385548483,263.5132141113281
2019-08-30,47909.58734740217,263.3961181640625
2019-09-03,47492.19043208956,261.8560791015625
2019-09-04,48019.01124868283,264.8282165527344
2019-09-05,48744.0923775829,268.23272705078125
2019-09-06,48726.96937208221,268.4398498535156
2019-09-09,48823.408513965594,268.57501220703125
2019-09-10,48847.691113635134,268.5119323730469
2019-09-11,49196.15923915365,270.4212951660156
2019-09-12,49242.05819582181,271.35797119140625
2019-09-13,49220.52942101869,271.1778259277344
2019-09-16,48922.516752164156,270.3402099609375
2019-09-17,49074.911063533546,271.0247497558594
2019-09-18,49104.90282593261,271.1868896484375
2019-09-19,49074.907112467336,271.1687927246094
2019-09-20,48809.05171877394,269.88763427734375
2019-09-23,48829.45981341176,269.8242492675781
2019-09-24,48350.834732635914,267.70703125
2019-09-25,48689.2215978827,269.2903747558594
2019-09-26,48638.16096288347,268.7294616699219
2019-09-27,48514.092913999186,267.28167724609375
2019-09-30,48698.55734416175,268.5213317871094
2019-10-01,48233.82829801047,265.3273010253906
2019-10-02,47386.44308807447,260.6404724121094
2019-10-03,47758.80541932224,262.77581787109375
2019-10-04,48427.493998025166,266.33172607421875
2019-10-07,48273.740719618385,265.1825256347656
2019-10-08,47545.37238820298,261.0657043457031
2019-10-09,47977.59680371949,263.54473876953125
2019-10-10,48292.189963931836,265.3273010253906
2019-10-11,48846.92174379108,268.0780029296875
2019-10-14,48816.24274991582,267.7793884277344
2019-10-15,49365.783175515535,270.4305114746094
2019-10-16,49292.22430384654,269.9961853027344
2019-10-17,49438.412830023866,270.79241943359375
2019-10-18,49113.54538906542,269.6070556640625
2019-10-21,49452.56415753296,271.434814453125
2019-10-22,49235.08553337216,270.5481262207031
2019-10-23,49197.0704542794,271.3353271484375
2019-10-24,49411.61282237096,271.77874755859375
2019-10-25,49902.99635903834,272.89154052734375
2019-10-28,50250.62998384853,274.42974853515625
2019-10-29,50084.874031506166,274.34832763671875
2019-10-30,50323.5489849599,275.18988037109375
2019-10-31,50175.36139109386,274.4568786621094
2019-11-01,50618.08805012464,276.99951171875
2019-11-04,50940.723709032995,278.1123046875
2019-11-05,50931.62511320504,277.8047180175781
2019-11-06,51060.47719568783,277.8680419921875
2019-11-07,51384.3842645589,278.84521484375
2019-11-08,51541.45255709738,279.5329895019531
2019-11-11,51400.44202865196,278.99908447265625
2019-11-12,51478.944510702684,279.58721923828125
2019-11-13,51378.07014607939,279.67767333984375
2019-11-14,51372.20975698346,280.0847473144531
2019-11-15,51740.1019134707,282.1116638183594
2019-11-18,51780.32559479989,282.3197326660156
2019-11-19,51726.475103115044,282.2383117675781
2019-11-20,51512.40743140658,281.1886901855469
2019-11-21,51524.04803102537,280.7362060546875
2019-11-22,51573.50237165263,281.3606872558594
2019-11-25,51960.27391737102,283.541259765625
2019-11-26,51974.03938427657,284.18365478515625
2019-11-27,52159.49091985558,285.4504089355469
2019-11-29,51971.265102857855,284.3917236328125
2019-12-02,51497.948035100184,281.97601318359375
2019-12-03,51101.91735768919,280.0847473144531
2019-12-04,51400.273945157096,281.8129577636719
2019-12-05,51478.2507704492,282.3197326660156
2019-12-06,51988.211389258155,284.8984375
2019-12-09,51907.97100882986,284.00274658203125
2019-12-10,51908.924159164286,283.68603515625
2019-12-11,52094.29590571426,284.4912414550781
2019-12-12,52595.50215311229,286.943359375
2019-12-13,52511.32008313291,287.1152038574219
2019-12-16,52926.63721353848,289.0877685546875
2019-12-17,53054.046941121844,289.1510314941406
2019-12-18,53090.627307073984,289.1692199707031
2019-12-19,53391.50391708804,290.3544921875
2019-12-20,53556.53443757497,291.6274108886719
2019-12-23,53640.25493670302,292.07293701171875
2019-12-24,53638.45246709288,292.0821228027344
2019-12-26,53894.80681554558,293.63690185546875
2019-12-27,53882.60555751388,293.56402587890625
2019-12-30,53492.74398394557,291.94561767578125
2019-12-31,53647.24322227213,292.65484619140625
2020-01-02,54251.15866413252,295.3917236328125
2020-01-03,53849.37123627991,293.1550598144531
2020-01-06,54047.45370949263,294.2734069824219
2020-01-07,53986.436764371756,293.4460144042969
2020-01-08,54334.18198000785,295.0098571777344
2020-01-09,54688.877827073375,297.0102844238281
2020-01-10,54486.9114373612,296.1554260253906
2020-01-13,55039.316574212644,298.19232177734375
2020-01-14,55052.01317221911,297.7376403808594
2020-01-15,55055.1189446806,298.4104919433594
2020-01-16,55454.63597924552,300.892822265625
2020-01-17,55672.225868403366,301.8293151855469
2020-01-21,55650.67460129858,301.2382507324219
2020-01-22,55840.40424372128,301.2747802734375
2020-01-23,55998.866680009545,301.6201171875
2020-01-24,55595.84109995663,298.93780517578125
2020-01-27,54663.99205314731,294.1461181640625
2020-01-28,55238.58297069571,297.2284240722656
2020-01-29,55330.822845193965,296.98291015625
2020-01-30,55666.38710449376,297.94677734375
2020-01-31,54621.7780810094,292.5367126464844
2020-02-03,55410.8429915535,294.70977783203125
2020-02-04,56539.111637430266,299.2015075683594
2020-02-05,56840.3901514437,302.6567687988281
2020-02-06,57038.99362611188,303.67510986328125
2020-02-07,56660.117684030025,302.05670166015625
2020-02-10,57082.42282252239,304.3116760253906
2020-02-11,57255.52960662391,304.8389892578125
2020-02-12,57644.55124043676,306.802978515625
2020-02-13,57674.05649529193,306.4756164550781
2020-02-14,57787.842796160636,306.9667053222656
2020-02-18,57845.161640576785,306.175537109375
2020-02-19,58370.197897143786,307.6395263671875
2020-02-20,58103.824314483325,306.3756103515625
2020-02-21,57452.710890446775,303.22052001953125
2020-02-24,55286.01592431629,293.1640930175781
2020-02-25,53500.55137356156,284.2806091308594
2020-02-26,53267.36656174726,283.23504638671875
2020-02-27,50654.83799456595,270.5143737792969
2020-02-28,50250.89389119864,269.3778076171875
2020-03-02,52791.349408280694,281.0436096191406
2020-03-03,51285.63390351185,272.9966735839844
2020-03-04,53486.46575713665,284.4715270996094
2020-03-05,51677.68860626347,275.01513671875
2020-03-06,50884.16732034278,270.46893310546875
2020-03-09,47042.02594891109,249.3467559814453
2020-03-10,49508.494075147,262.2491455078125
2020-03-11,47044.10262599342,249.4650421142578
2020-03-12,42398.73955033807,225.5968780517578
2020-03-13,46537.512002384094,244.88229370117188
2020-03-16,40768.09078646819,218.0863800048828
2020-03-17,43378.40316094413,229.86129760742188
2020-03-18,41262.52978999822,218.2227783203125
2020-03-19,41565.61417412302,218.68646240234375
2020-03-20,39709.7854746266,209.2623748779297
2020-03-23,38811.54241234902,203.91192626953125
2020-03-24,42527.60293959744,222.386962890625
2020-03-25,42918.72834375571,225.71617126464844
2020-03-26,45617.15015896809,238.8957061767578
2020-03-27,44238.15604123995,231.78001403808594
2020-03-30,45612.56453076264,239.3071746826172
2020-03-31,44842.39776280091,235.7402801513672
2020-04-01,42941.52150605127,225.1307830810547
2020-04-02,44138.41391708226,230.32574462890625
2020-04-03,43359.28004889183,226.9966278076172
2020-04-06,46410.935951241685,242.24310302734375
2020-04-07,46274.04744485097,242.4900665283203
2020-04-08,47761.3754567646,250.63003540039062
2020-04-09,48232.33549192647,254.44400024414062
2020-04-13,48099.40278244227,252.12088012695312
2020-04-14,49474.51531645469,259.5566711425781
2020-04-15,48497.641072464714,254.0415496826172
2020-04-16,48806.48624444842,255.26715087890625
2020-04-17,50031.63467573563,262.1631774902344
2020-04-20,49176.05434096965,257.5445861816406
2020-04-21,47683.18267408895,249.72457885742188
2020-04-22,48793.13961895945,255.26715087890625
2020-04-23,48725.24524892831,255.24884033203125
2020-04-24,49359.80399997746,258.80670166015625
2020-04-27,50209.49430697724,262.5383605957031
2020-04-28,49849.189487361495,261.3310546875
2020-04-29,51051.47921533903,268.1722717285156
2020-04-30,50546.01886833468,265.6753234863281
2020-05-01,49046.79356423965,258.64215087890625
2020-05-04,49323.1676106911,259.3554382324219
2020-05-05,49770.65170463656,261.751708984375
2020-05-06,49498.810434616695,259.9774475097656
2020-05-07,49948.45993657907,263.1145324707031
2020-05-08,50842.37295345551,267.4680480957031
2020-05-11,50813.73002616271,267.5228271484375
2020-05-12,49744.33758964743,262.1907653808594
2020-05-13,48986.578005051095,257.5536804199219
2020-05-14,49777.94574202155,260.6358337402344
2020-05-15,49825.53876648093,261.8340759277344
2020-05-18,51343.79417152664,269.8094177246094
2020-05-19,50670.32429251387,267.0381774902344
2020-05-20,51529.68499995288,271.57452392578125
2020-05-21,51156.19608060727,269.69964599609375
2020-05-22,51291.9811141039,270.2117614746094
2020-05-26,51900.23736651552,273.541015625
2020-05-27,52807.191356560455,277.61102294921875
2020-05-28,52493.69044618683,277.09893798828125
2020-05-29,52817.760212168614,278.3335266113281
2020-06-01,53076.93580310817,279.45849609375
2020-06-02,53606.58356052636,281.7724914550781
2020-06-03,54276.11004987255,285.5223388671875
2020-06-04,54192.33283875596,284.7723693847656
2020-06-05,55511.77350696394,292.071044921875
2020-06-08,56350.234210351344,295.6014404296875
2020-06-09,55964.17605998007,293.397216796875
2020-06-10,55809.942964206835,291.76007080078125
2020-06-11,52509.73867591899,274.9403076171875
2020-06-12,53059.32436485573,278.23297119140625
2020-06-15,53656.48728614672,280.8303527832031
2020-06-16,54709.4320070446,286.23565673828125
2020-06-17,54542.83517981801,285.0467834472656
2020-06-18,54619.35352050224,285.15655517578125
2020-06-19,54333.495978664854,283.52685546875
2020-06-22,54598.52109088027,285.34576416015625
2020-06-23,54813.04134835599,286.659423828125
2020-06-24,53454.982994508275,279.3471374511719
2020-06-25,54151.2358200718,282.341796875
2020-06-26,52685.91421629847,275.6358337402344
2020-06-29,53568.766241698504,279.6870422363281
2020-06-30,54458.64718365755,283.2696228027344
2020-07-01,54922.306783948734,285.25390625
2020-07-02,55280.381462144775,286.82476806640625
2020-07-06,56271.70789988744,291.2525634765625
2020-07-07,55758.162492119554,288.24859619140625
2020-07-08,56147.855643027375,290.45330810546875
2020-07-09,55929.780388315725,288.79986572265625
2020-07-10,56787.808353885644,291.7486267089844
2020-07-13,56329.794219980475,289.22247314453125
2020-07-14,57120.16321323196,292.9704895019531
2020-07-15,57502.89932263259,295.6619873046875
2020-07-16,57290.677248053806,294.6883239746094
2020-07-17,57374.23045034631,295.54254150390625
2020-07-20,57878.2995379965,297.93109130859375
2020-07-21,57887.10987848195,298.56488037109375
2020-07-22,58113.71653202203,300.2643737792969
2020-07-23,57378.605293881126,296.6817321777344
2020-07-24,56676.79066523629,294.77093505859375
2020-07-27,57219.23574234734,296.9205627441406
2020-07-28,56941.38336111464,295.03741455078125
2020-07-29,57362.14519080625,298.6659240722656
2020-07-30,57332.06633939428,297.6003112792969
2020-07-31,57337.868259653376,299.9520263671875
2020-08-03,57825.95073935302,302.037353515625
2020-08-04,58215.72182521619,303.2039794921875
2020-08-05,58572.21965075675,305.0872497558594
2020-08-06,58901.10799847542,307.1265563964844
2020-08-07,59017.36984860995,307.34716796875
2020-08-10,59149.95712500249,308.26568603515625
2020-08-11,58752.91345162552,305.7210693359375
2020-08-12,59819.777510021435,309.9835510253906
2020-08-13,59593.99693986735,309.4230651855469
2020-08-14,59656.43926650692,309.4322814941406
2020-08-17,60011.79410250134,310.415283203125
2020-08-18,60089.10403655877,311.0859069824219
2020-08-19,59894.67394608999,309.7906494140625
2020-08-20,60107.17437971664,310.75518798828125
2020-08-21,60443.48636402948,311.8575744628906
2020-08-24,61041.97559623264,315.01763916015625
2020-08-25,61272.06163949466,316.1199951171875
2020-08-26,61941.78017533226,319.2892150878906
2020-08-27,62215.264011183855,319.9874572753906
2020-08-28,62674.96224300431,322.0543518066406
2020-08-31,62783.10689348709,320.8876037597656
2020-09-01,63082.51654634659,323.9099426269531
2020-09-02,64048.022209961804,328.594970703125
2020-09-03,61675.05032094365,317.28668212890625
2020-09-04,61371.338539977376,314.69610595703125
2020-09-08,59257.43903357979,306.0976867675781
2020-09-09,60565.26769677397,312.142333984375
2020-09-10,59553.60964219523,306.722412109375
2020-09-11,59732.74546215023,306.8785705566406
2020-09-14,60722.59073208294,310.92059326171875
2020-09-15,61229.71728724478,312.4914855957031
2020-09-16,61026.83302587169,311.251220703125
2020-09-17,60567.519885660186,308.5137634277344
2020-09-18,60082.70891606174,304.9618835449219
2020-09-21,59570.282976224786,301.5677795410156
2020-09-22,59811.869598916994,304.6390686035156
2020-09-23,58229.64226221862,297.57415771484375
2020-09-24,58502.40889921853,298.3673400878906
2020-09-25,59435.261801556415,303.1911315917969
2020-09-28,60403.95663674067,308.226806640625
2020-09-29,60188.77020072474,306.5482177734375
2020-09-30,60914.16355807617,308.87249755859375
2020-10-01,61508.86419592391,310.85546875
2020-10-02,60793.77642464617,307.904052734375
2020-10-05,61900.4413570238,313.36407470703125
2020-10-06,61167.07445501481,308.9093322753906
2020-10-07,62309.21398622234,314.2864074707031
2020-10-08,62849.54513110051,317.07177734375
2020-10-09,63354.167412394025,319.9033203125
2020-10-12,64191.365995699634,325.0498046875
2020-10-13,63907.1916760562,322.928466796875
2020-10-14,63558.1248091286,320.8994140625
2020-10-15,63403.9902823453,320.5027770996094
2020-10-16,63582.14103963753,320.3091735839844
2020-10-19,62644.9616959393,315.4394226074219
2020-10-20,62888.69182752918,316.7029724121094
2020-10-21,62466.26446453166,316.10333251953125
2020-10-22,62900.0756492997,317.8373107910156
2020-10-23,62813.86119432544,318.91650390625
2020-10-26,61671.239552244726,313.02288818359375
2020-10-27,61273.55470182503,311.9437561035156
2020-10-28,59231.02208567806,301.2818908691406
2020-10-29,59923.52417159405,304.34393310546875
2020-10-30,59243.244993972716,301.1712341308594
2020-11-02,60067.54603337131,304.54681396484375
2020-11-03,61182.97120484796,309.9238586425781
2020-11-04,62382.424725522425,316.8504333496094
2020-11-05,63653.880300619734,323.0299377441406
2020-11-06,63576.65858901411,322.9562072753906
2020-11-09,64201.03582557317,327.0142822265625
2020-11-10,64288.38281180443,326.5346984863281
2020-11-11,64847.94752207275,328.96038818359375
2020-11-12,64172.95406029103,325.7691650390625
2020-11-13,64936.36881121952,330.2793273925781
2020-11-16,65740.38312989874,334.4020080566406
2020-11-17,65478.01352669192,332.6034851074219
2020-11-18,64838.15180706412,328.6007080078125
2020-11-19,65104.20683532586,329.9841003417969
2020-11-20,64652.15482051665,327.7245178222656
2020-11-23,65230.53673621112,329.6889953613281
2020-11-24,66502.21398586452,335.0014953613281
2020-11-25,66484.22760466383,334.4850769042969
2020-11-27,66704.46223532247,335.41656494140625
2020-11-30,66299.18200789776,333.9316711425781
2020-12-01,67044.91893087603,337.5839538574219
2020-12-02,67325.40659783036,338.294189453125
2020-12-03,67220.50427081216,338.2019348144531
2020-12-04,67844.40762138262,341.116455078125
2020-12-07,67923.66972475563,340.41552734375
2020-12-08,68107.30687576835,341.4116516113281
2020-12-09,67765.15527961716,338.3494873046875
2020-12-10,67707.75504897784,338.2388610839844
2020-12-11,67354.16369604682,337.8421936035156
2020-12-14,67232.81358583792,336.32965087890625
2020-12-15,68024.19754781594,340.8765869140625
2020-12-16,68062.5964685624,341.4116516113281
2020-12-17,68473.93939083794,343.3208312988281
2020-12-18,68351.02610999472,341.94989013671875
2020-12-21,68040.82186672885,340.7273254394531
2020-12-22,67607.62276943475,340.153076171875
2020-12-23,67741.9809529037,340.4586181640625
2020-12-24,67990.16552351411,341.7832336425781
2020-12-28,68439.02720314596,344.7194519042969
2020-12-29,68403.42441743567,344.0618591308594
2020-12-30,68606.28001285555,344.5526123046875
2020-12-31,69175.36746732789,346.30322265625
2021-01-04,68486.4656668829,341.5887145996094
2021-01-05,68896.56130335448,343.9413146972656
2021-01-06,69505.40935822118,345.99761962890625
2021-01-07,70367.55218957202,351.1382141113281
2021-01-08,70686.33248366283,353.138916015625
2021-01-11,70589.16697969144,350.7585144042969
2021-01-12,70726.04205600165,350.8326110839844
2021-01-13,71061.72368699423,351.77740478515625
2021-01-14,70867.81070846063,350.54541015625
2021-01-15,70254.65380119852,347.9889831542969
2021-01-19,70811.68183155183,350.7215270996094
2021-01-20,71674.68081959261,355.5748596191406
2021-01-21,71735.3493562342,355.899169921875
2021-01-22,71348.1195239792,354.6394348144531
2021-01-25,71583.98228003387,356.0381164550781
2021-01-26,71559.15617358698,355.4822998046875
2021-01-27,69711.81788058781,346.7941589355469
2021-01-28,70351.13915848228,349.7767333984375
2021-01-29,69146.74082433918,342.77435302734375
2021-02-01,69933.03062273818,348.47991943359375
2021-02-02,71011.66311760561,353.40753173828125
2021-02-03,70985.64440380892,353.6854553222656
2021-02-04,71654.10067679627,357.70526123046875
2021-02-05,71830.92321002798,359.1131896972656
2021-02-08,72429.00868887578,361.7066650390625
2021-02-09,72305.46444768949,361.4658203125
2021-02-10,72279.3627654717,361.308349609375
2021-02-11,72341.80470407757,361.8919677734375
2021-02-12,72648.49635958062,363.6795654296875
2021-02-16,72729.60416599804,363.3646545410156
2021-02-17,72761.90826952495,363.4479675292969
2021-02-18,72363.4979922981,361.9011535644531
2021-02-19,72314.23167753094,361.2620849609375
2021-02-22,71963.57852034098,358.48333740234375
2021-02-23,72039.49229953237,358.918701171875
2021-02-24,72968.541495879,362.8736877441406
2021-02-25,71359.4355895818,354.1300048828125
2021-02-26,70851.9097823032,352.3052978515625
2021-03-01,72505.57450836546,360.84527587890625
2021-03-02,71965.31487099291,358.02947998046875
2021-03-03,71285.31369489101,353.2871398925781
2021-03-04,70399.6981904413,348.915283203125
2021-03-05,71772.93152321811,355.3341979980469
2021-03-08,71599.0793867619,353.56494140625
2021-03-09,72609.667995753,358.613037109375
2021-03-10,73071.00222830939,360.84527587890625
2021-03-11,73431.5595884311,364.5039367675781
2021-03-12,73723.11777802152,364.994873046875
2021-03-15,74042.75743393585,367.17156982421875
2021-03-16,74034.06138205378,366.7082824707031
2021-03-17,74290.93704321473,367.9588317871094
2021-03-18,73421.1329100362,362.60516357421875
2021-03-19,73426.96506112636,361.9342041015625
2021-03-22,73882.4002762633,364.82427978515625
2021-03-23,73342.12743109064,361.9527587890625
2021-03-24,72948.81775750738,360.1128234863281
2021-03-25,73478.88713207368,362.1386413574219
2021-03-26,74817.8732817258,367.9744873046875
2021-03-29,74875.7262257697,367.7887268066406
2021-03-30,74636.1307735201,366.81298828125
2021-03-31,74880.999613533,368.2997131347656
2021-04-01,75749.8355780161,372.2769775390625
2021-04-05,76759.38590168535,377.6203308105469
2021-04-06,76536.40479408609,377.3973388671875
2021-04-07,76708.87542907624,377.8341369628906
2021-04-08,77017.7730493006,379.6275329589844
2021-04-09,77536.11529567305,382.38751220703125
2021-04-12,77549.64300487368,382.5269775390625
2021-04-13,77674.58100452326,383.6606750488281
2021-04-14,77577.29761509,382.350341796875
2021-04-15,78359.32517447314,386.4577331542969
2021-04-16,78672.84950888707,387.7494812011719
2021-04-19,78211.1449598782,385.844482421875
2021-04-20,77591.75816478062,383.01947021484375
2021-04-21,78062.84185319231,386.6435852050781
2021-04-22,77198.61530078313,383.1123962402344
2021-04-23,77746.54144604996,387.26629638671875
2021-04-26,77858.17540245481,388.07470703125
2021-04-27,77863.1440377858,387.9910583496094
2021-04-28,77754.01780012387,387.8795471191406
2021-04-29,78522.67903655676,390.35137939453125
2021-04-30,78000.6353573229,387.78668212890625
2021-05-03,78401.1575783305,388.6230163574219
2021-05-04,78231.86879256203,386.2253723144531
2021-05-05,78528.48041128599,386.34625244140625
2021-05-06,79302.89508533891,389.431396484375
2021-05-07,79858.76824456398,392.2657165527344
2021-05-10,79085.70429051736,388.38140869140625
2021-05-11,78290.21612326433,384.9151916503906
2021-05-12,76800.19434055572,376.737548828125
2021-05-13,77739.3824479155,381.2631530761719
2021-05-14,78801.22814309585,387.1175842285156
2021-05-17,78699.0364166863,386.13250732421875
2021-05-18,78004.02078556085,382.80572509765625
2021-05-19,77768.66794174607,381.8021240234375
2021-05-20,78437.21333488512,385.9095458984375
2021-05-21,78599.53839951915,385.5935363769531
2021-05-24,79217.8400900414,389.5244140625
2021-05-25,78943.51877177173,388.6600341796875
2021-05-26,79052.2798764177,389.431396484375
2021-05-27,79314.18291244742,389.63592529296875
2021-05-28,79380.58711766428,390.3327941894531
2021-06-01,79361.62852825069,389.98907470703125
2021-06-02,79761.99225404086,390.6023254394531
2021-06-03,79642.97673950961,389.15264892578125
2021-06-04,80232.65005678964,392.71173095703125
2021-06-07,80291.25559873365,392.33074951171875
2021-06-08,80130.46405687892,392.41436767578125
2021-06-09,79839.2157721039,391.8289794921875
2021-06-10,79961.7576462901,393.6502990722656
2021-06-11,80046.0595552152,394.3009033203125
2021-06-14,80013.31612039685,395.18365478515625
2021-06-15,79789.02200043366,394.4588317871094
2021-06-16,79111.15326251544,392.2563781738281
2021-06-17,78879.73054302255,392.1263427734375
2021-06-18,77731.11186065528,386.8363342285156
2021-06-21,78934.2456058345,392.3742980957031
2021-06-22,79292.70023724985,394.4720764160156
2021-06-23,79206.73446178075,393.99658203125
2021-06-24,79981.0188122595,396.3274230957031
2021-06-25,80208.5031096858,397.7351989746094
2021-06-28,80347.94550811885,398.5369873046875
2021-06-29,80276.9285986175,398.7513427734375
2021-06-30,80511.56574231182,399.0870361328125
2021-07-01,81058.09461306261,401.2966003417969
2021-07-02,81477.24363197567,404.3639221191406
2021-07-06,80998.6541267058,403.62738037109375
2021-07-07,81076.85539595471,405.0538330078125
2021-07-08,80481.16253028366,401.7535095214844
2021-07-09,81506.42554327492,406.0421447753906
2021-07-12,81861.34120878356,407.4964599609375
2021-07-13,81457.41625959614,406.1073913574219
2021-07-14,81469.02085563181,406.7132873535156
2021-07-15,81289.17965667222,405.32415771484375
2021-07-16,80543.84825873186,402.14501953125
2021-07-19,79219.33920613915,396.2061767578125
2021-07-20,80400.24060611441,401.884033203125
2021-07-21,81223.71569327335,405.1377258300781
2021-07-22,81051.72891809561,405.9861755371094
2021-07-23,81643.42801566572,410.1629333496094
2021-07-26,81939.85324725516,411.1697998046875
2021-07-27,81524.17027398299,409.2958679199219
2021-07-28,81546.489793485,409.1280822753906
2021-07-29,82058.94160878057,410.8248596191406
2021-07-30,81473.8851962885,408.8296813964844
2021-08-02,81303.28281574689,407.9720153808594
2021-08-03,82025.25061937224,411.291015625
2021-08-04,81559.0689384828,409.26788330078125
2021-08-05,82166.69599774251,411.8597412109375
2021-08-06,82409.55523195383,412.540283203125
2021-08-09,82329.9621735901,412.20465087890625
2021-08-10,82709.28059209124,412.7174987792969
2021-08-11,83043.6976054348,413.7430725097656
2021-08-12,83136.2103375619,414.98297119140625
2021-08-13,83103.735404063,415.7382507324219
2021-08-16,83238.40505092982,416.7170715332031
2021-08-17,82474.52844473484,413.9853515625
2021-08-18,81726.80607062556,409.454345703125
2021-08-19,81696.31655596408,410.08831787109375
2021-08-20,82274.91819554343,413.3514404296875
2021-08-23,82989.08110786379,416.98748779296875
2021-08-24,83095.56170955498,417.6494140625
2021-08-25,83347.66686116638,418.5257873535156
2021-08-26,82863.70647223319,416.0551452636719
2021-08-27,83637.94629684399,419.7751159667969
2021-08-30,83660.12902254544,421.6210632324219
2021-08-31,83469.19398453466,420.9964599609375
2021-09-01,83302.34198878572,421.22015380859375
2021-09-02,83701.6916142896,422.51611328125
2021-09-03,83560.12599274216,422.4135437011719
2021-09-07,83200.47147086817,420.9032287597656
2021-09-08,83051.84015567889,420.3904113769531
2021-09-09,82622.96089056585,418.5910339355469
2021-09-10,82265.69038840296,415.2906494140625
2021-09-13,82814.31442654127,416.3534851074219
2021-09-14,82113.9756479685,414.1066589355469
2021-09-15,82842.46868791396,417.5655517578125
2021-09-16,82589.01712010094,416.9035949707031
2021-09-17,81972.69828990482,412.842529296875
2021-09-20,80545.9207204758,405.9586486816406
2021-09-21,80570.03011317692,405.57513427734375
2021-09-22,81405.02645842006,409.5315246582031
2021-09-23,82531.57159575216,414.5072937011719
2021-09-24,82824.34795439833,415.1900939941406
2021-09-27,82961.57108152319,414.0023498535156
2021-09-28,81692.14935029506,405.65936279296875
2021-09-29,82001.91151070113,406.34210205078125
2021-09-30,80972.44891827594,401.375732421875
2021-10-01,82015.44479913097,406.145751953125
2021-10-04,81236.19921459815,400.90802001953125
2021-10-05,82075.86508221377,405.0794677734375
2021-10-06,82297.09544250263,406.7630310058594
2021-10-07,82954.66528270979,410.27972412109375
2021-10-08,83053.3203297105,409.5315246582031
2021-10-11,82496.45233544658,406.56658935546875
2021-10-12,82086.20250663957,405.5658874511719
2021-10-13,82181.56454435272,407.0248718261719
2021-10-14,83332.82772023891,413.871337890625
2021-10-15,84250.46237515354,417.0232849121094
2021-10-18,84509.68532323684,418.2579040527344
2021-10-19,85238.3369715398,421.4847412109375
2021-10-20,85620.95186759577,423.1401062011719
2021-10-21,85732.11804703681,424.24383544921875
2021-10-22,85797.71023449756,423.80426025390625
2021-10-25,86284.23250002332,426.07708740234375
2021-10-26,86637.6627167037,426.46044921875
2021-10-27,85721.95355103927,424.57122802734375
2021-10-28,86557.38949354738,428.6678161621094
2021-10-29,86773.08497980454,429.5376892089844
2021-11-01,87066.50445230094,430.27655029296875
2021-11-02,87259.8279041888,432.0162048339844
2021-11-03,87807.53044032825,434.65380859375
2021-11-04,88255.13050979958,436.7020263671875
2021-11-05,88693.53911104646,438.21722412109375
2021-11-08,88869.20178671188,438.5914306640625
2021-11-09,88426.29401034351,437.1416931152344
2021-11-10,87975.5022148653,433.6248779296875
2021-11-11,88000.9978941406,433.7652587890625
2021-11-12,88417.9216578918,437.038818359375
2021-11-15,88467.48491675402,437.1883850097656
2021-11-16,88769.63114767724,438.918701171875
2021-11-17,88340.83612278705,437.8525085449219
2021-11-18,88495.35981259646,439.33966064453125
2021-11-19,88006.45018946931,438.5540771484375
2021-11-22,87983.45445359807,437.3193054199219
2021-11-23,88408.50756551103,437.8992614746094
2021-11-24,88664.22191322004,439.0684509277344
2021-11-26,86434.45116937022,429.27581787109375
2021-11-29,87327.50544485303,434.5414733886719
2021-11-30,85589.74900791018,426.0864562988281
2021-12-01,84656.42815303046,421.3537902832031
2021-12-02,85933.84240096959,427.8073425292969
2021-12-03,85345.86532932306,424.0848693847656
2021-12-06,86512.98440722395,429.107421875
2021-12-07,88183.48096175242,437.9833984375
2021-12-08,88072.03859691274,439.1431579589844
2021-12-09,87636.9643630214,436.1783142089844
2021-12-10,88648.8728538441,440.2843017578125
2021-12-13,87616.08149811956,436.384033203125
2021-12-14,87207.89940628101,433.3817443847656
2021-12-15,88745.89324456234,440.1532287597656
2021-12-16,88382.34419774495,436.2718200683594
2021-12-17,87010.31477028405,431.6286315917969
2021-12-20,86097.18461996522,427.0389709472656
2021-12-21,87423.1136522673,434.6227722167969
2021-12-22,88215.31106847909,438.96844482421875
2021-12-23,88815.43579365373,441.6996154785156
2021-12-27,89847.89257095661,447.9507141113281
2021-12-28,89814.00449757319,447.5846252441406
2021-12-29,89844.17127794598,448.1571350097656
2021-12-30,89569.77229738011,446.918212890625
2021-12-31,89408.11354256995,445.7919006347656
2022-01-03,90673.43390231063,448.37298583984375
2022-01-04,91232.16408112715,448.2229309082031
2022-01-05,90061.96450919214,439.61602783203125
2022-01-06,90235.9718342209,439.2030334472656
2022-01-07,90277.93577197522,437.4666442871094
2022-01-10,90182.4085062454,436.92230224609375
2022-01-11,90931.72280905208,440.90185546875
2022-01-12,91031.42104867537,442.0938720703125
2022-01-13,90241.17669994835,436.0024719238281
2022-01-14,90321.03872164903,436.1808166503906
2022-01-18,88813.29844076256,428.4561767578125
2022-01-19,87707.73927771245,424.00738525390625
2022-01-20,86718.89233001732,419.3143005371094
2022-01-21,85074.9676725836,411.0829772949219
2022-01-24,85119.38836631596,412.8287658691406
2022-01-25,84789.68586146888,407.78851318359375
2022-01-26,84721.83905626267,406.7654724121094
2022-01-27,84272.04083496572,404.7568054199219
2022-01-28,86010.68308334761,414.80908203125
2022-01-31,87378.04062833916,422.2803039550781
2022-02-01,88540.95141342941,425.13360595703125
2022-02-02,89370.21493678496,429.2633972167969
2022-02-03,87368.53090384262,419.173583984375
2022-02-04,87623.67775666692,421.14459228515625
2022-02-07,87596.5023097071,419.7930603027344
2022-02-08,88088.27147140616,423.2470397949219
2022-02-09,89060.33210897067,429.4417419433594
2022-02-10,87483.94079635385,421.7265319824219
2022-02-11,86201.6491007182,413.4106750488281
2022-02-14,85781.87723847653,412.0590515136719
2022-02-15,87079.9927404219,418.7043151855469
2022-02-16,87096.36501530524,419.173583984375
2022-02-17,85456.71250196184,410.219482421875
2022-02-18,84770.43730093568,407.563232421875
2022-02-22,83908.76745390557,403.1893615722656
2022-02-23,82593.68301684783,396.037353515625
2022-02-24,83075.79470574693,401.9974060058594
2022-02-25,85065.07905598314,410.8671569824219
2022-02-28,84905.06845857928,409.81585693359375
2022-03-01,83213.58071450656,403.5742492675781
2022-03-02,84824.32417776539,410.9985046386719
2022-03-03,84419.18857982052,408.9523620605469
2022-03-04,83921.8455435014,405.6297912597656
2022-03-07,82020.05487566478,393.6721496582031
2022-03-08,81934.42349635245,390.68743896484375
2022-03-09,83453.38690510698,401.16204833984375
2022-03-10,83348.0821272641,399.35064697265625
2022-03-11,82600.34390642302,394.2727966308594
2022-03-14,82303.7477401012,391.3912658691406
2022-03-15,83628.69578379672,399.9982604980469
2022-03-16,85020.28726664076,408.8678894042969
2022-03-17,86182.85049893583,413.9831237792969
2022-03-18,86860.22022693309,418.51739501953125
2022-03-21,86772.91877949503,418.3950500488281
2022-03-22,87573.91353810452,423.2908630371094
2022-03-23,86538.20533199482,417.839599609375
2022-03-24,87650.68455024902,424.13824462890625
2022-03-25,88197.29774882682,426.2095642089844
2022-03-28,88389.36487489459,429.2412109375
2022-03-29,89276.70844990485,434.55120849609375
2022-03-30,88694.59046758463,431.8679504394531
2022-03-31,87304.26981260753,425.220947265625
2022-04-01,87617.61533170966,426.4260559082031
2022-04-04,88229.26020791447,430.0791320800781
2022-04-05,87140.65197192128,424.6466369628906
2022-04-06,86609.06128915321,420.4004211425781
2022-04-07,86863.02330543457,422.5188293457031
2022-04-08,86801.53574471014,421.3890686035156
2022-04-11,85547.68413589112,414.1865234375
2022-04-12,85282.23816864104,412.65185546875
2022-04-13,86130.88682526749,417.3782043457031
2022-04-14,85490.6786436661,412.1810607910156
2022-04-18,85650.96098906324,412.35064697265625
2022-04-19,86807.62977280622,419.0070495605469
2022-04-20,86619.3637328236,418.6962890625
2022-04-21,85571.7340540173,412.43536376953125
2022-04-22,83515.99067981515,401.1184387207031
2022-04-25,83793.02411928371,403.4439697265625
2022-04-26,81671.07135699286,391.7599182128906
2022-04-27,81632.52274942704,392.8614807128906
2022-04-28,83537.16652314205,402.784912109375
2022-04-29,80794.01116047539,387.8997802734375
2022-05-02,81295.60132238036,390.2346496582031
2022-05-03,81656.27649070401,392.0235290527344
2022-05-04,84135.44139747297,403.96185302734375
2022-05-05,81581.95252176737,389.6038513183594
2022-05-06,81438.23238835312,387.2783508300781
2022-05-09,79295.4077719376,374.8787536621094
2022-05-10,79299.07423283679,375.744873046875
2022-05-11,78325.73113752059,369.77581787109375
2022-05-12,78256.75018127698,369.3898010253906
2022-05-13,79701.41527658967,378.22113037109375
2022-05-16,79622.92820036305,376.6864318847656
2022-05-17,81073.43886734433,384.4350280761719
2022-05-18,78140.21659727875,368.93780517578125
2022-05-19,77456.70630372385,366.67822265625
2022-05-20,77536.92368679728,366.8383483886719
2022-05-23,79076.58049581863,373.701904296875
2022-05-24,78826.95385432677,370.8491516113281
2022-05-25,79518.82800875926,374.1255187988281
2022-05-26,81176.60220298806,381.60113525390625
2022-05-27,82733.66376182256,390.968994140625
2022-05-31,82261.5216356056,388.77532958984375
2022-06-01,81637.96394464622,385.6306457519531
2022-06-02,82796.10008501318,392.97442626953125
2022-06-03,81869.8746401347,386.525146484375
2022-06-06,81999.0601659962,387.7019958496094
2022-06-07,82701.7175735931,391.42095947265625
2022-06-08,81872.40187025504,387.16534423828125
2022-06-09,80134.78313170654,377.9574890136719
2022-06-10,77982.47776589035,366.998291015625
2022-06-13,75464.51217432218,353.0640563964844
2022-06-14,75187.45231545666,352.0002746582031
2022-06-15,75969.9424898095,357.0184020996094
2022-06-16,73846.34310395793,345.2025146484375
2022-06-17,73650.5219526826,345.9466247558594
2022-06-21,75380.97298817101,354.6554260253906
2022-06-22,75123.46170216124,354.0124206542969
2022-06-23,75294.51224489455,357.482666015625
2022-06-24,77416.72579938556,368.848388671875
2022-06-27,77324.11282038613,367.4395446777344
2022-06-28,76255.79200090874,359.9316101074219
2022-06-29,76164.6432153528,359.63861083984375
2022-06-30,75684.87506889958,356.71673583984375
2022-07-01,76367.27102381403,360.4895935058594
2022-07-05,76166.18546301239,361.17034912109375
2022-07-06,76266.29713865812,362.39019775390625
2022-07-07,77395.0458208175,367.81768798828125
2022-07-08,77425.46880918843,367.51519775390625
2022-07-11,76656.39651884338,363.31683349609375
2022-07-12,76236.38960232658,360.1018371582031
2022-07-13,75927.41199063961,358.2107849121094
2022-07-14,75891.08912131532,357.3408203125
2022-07-15,77535.57218512389,364.1678771972656
2022-07-18,77110.2978286678,361.16094970703125
2022-07-19,78993.18133223549,370.9192199707031
2022-07-20,79259.71955155603,373.28314208984375
2022-07-21,79929.44906514534,377.0843505859375
2022-07-22,79579.80003681652,373.585693359375
2022-07-25,79780.79543767897,374.03955078125
2022-07-26,78913.65543727271,369.6143493652344
2022-07-27,80394.07235675654,379.2118225097656
2022-07-28,81008.9974112227,383.9681091308594
2022-07-29,81892.34550755429,389.5659484863281
2022-08-01,81968.53378953348,388.4123229980469
2022-08-02,81185.605453497,385.849853515625
2022-08-03,82153.16890763593,391.8919677734375
2022-08-04,81981.84591477564,391.62725830078125
2022-08-05,81974.93874729978,390.9653625488281
2022-08-08,81797.36440463757,390.5115051269531
2022-08-09,81530.62908009745,388.9607238769531
2022-08-10,83058.72706246587,397.13043212890625
2022-08-11,83186.24728106147,397.13043212890625
2022-08-12,84475.5208248835,403.853515625
2022-08-15,84797.72207586524,405.517578125
2022-08-16,85066.54685353077,406.3119812011719
2022-08-17,84575.78666612935,403.4280090332031
2022-08-18,85085.44810282503,404.6004638671875
2022-08-19,84195.56618506995,399.1634521484375
2022-08-22,82565.89335608516,390.8518981933594
2022-08-23,82454.68719949169,389.90631103515625
2022-08-24,82629.43136205868,391.1544494628906
2022-08-25,83697.90776240858,396.67657470703125
2022-08-26,81096.76723943098,383.24957275390625
2022-08-29,80760.21932474602,380.71533203125
2022-08-30,79939.27875593741,376.5359191894531
2022-08-31,79331.87624257353,373.6707763671875
2022-09-01,79611.48919313647,374.84332275390625
2022-09-02,78914.8596808998,370.89080810546875
2022-09-06,78552.94917916555,369.4914245605469
2022-09-07,79713.45518113629,376.1293640136719
2022-09-08,80361.0267412656,378.587890625
2022-09-09,81483.42312380664,384.46929931640625
2022-09-12,82103.18948080247,388.6014099121094
2022-09-13,78742.64643696116,371.70404052734375
2022-09-14,79034.93266077907,373.1224670410156
2022-09-15,78336.57293480611,368.8861999511719
2022-09-16,77938.54367932274,366.0720520019531
2022-09-19,78436.90958180791,368.9108581542969
2022-09-20,77588.9625451287,364.6763916015625
2022-09-21,76347.63070425192,358.3149719238281
2022-09-22,75848.53119731217,355.3052062988281
2022-09-23,74334.13213853248,349.3521423339844
2022-09-26,73556.3149150502,345.8961181640625
2022-09-27,73337.16174399917,345.0131530761719
2022-09-28,74705.46055291529,351.8017883300781
2022-09-29,73293.07639224459,344.45294189453125
2022-09-30,72232.1169205455,339.12652587890625
2022-10-03,74055.8237366469,348.0799255371094
2022-10-04,76177.48020903466,358.8657531738281
2022-10-05,76080.66664907796,358.0301818847656
2022-10-06,75286.31236818421,354.33685302734375
2022-10-07,73519.06586304853,344.45294189453125
2022-10-10,73015.92824142273,341.8229675292969
2022-10-11,72598.52703266812,339.658203125
2022-10-12,72422.23181278256,338.53790283203125
2022-10-13,74565.3488764914,347.47222900390625
2022-10-14,73324.76175476589,339.5538024902344
2022-10-17,74924.19120352433,348.27923583984375
2022-10-18,75689.68487926644,352.37139892578125
2022-10-19,75270.77229885977,349.87432861328125
2022-10-20,74833.02396033394,346.9405822753906
2022-10-21,76840.94366512429,355.3717041015625
2022-10-24,77867.16908897438,359.7201843261719
2022-10-25,78844.62299987218,365.46441650390625
2022-10-26,78917.11986466967,362.7109375
2022-10-27,78686.83165829771,360.77410888671875
2022-10-28,80496.89617265784,369.357177734375
2022-10-31,80011.8838615241,366.6891784667969
2022-11-01,79920.25690080332,365.0845642089844
2022-11-02,78504.88558440254,355.9223937988281
2022-11-03,78007.35431289754,352.25750732421875
2022-11-04,79146.4641015947,357.32757568359375
2022-11-07,80051.16018499105,360.74566650390625
2022-11-08,80641.4834875996,362.6919860839844
2022-11-09,79166.13183946567,355.2198181152344
2022-11-10,82756.6671195298,374.74053955078125
2022-11-11,83235.79477494082,378.3675537109375
2022-11-14,82603.26636967472,375.14886474609375
2022-11-15,83263.25393437508,378.34844970703125
2022-11-16,82678.69951955465,375.4621887207031
2022-11-17,82630.23565872331,374.31329345703125
2022-11-18,83038.08815153333,376.01287841796875
2022-11-21,82759.28603245747,374.6456604003906
2022-11-22,83877.69855310238,379.687255859375
2022-11-23,84088.10414703366,382.07989501953125
2022-11-25,84144.70267739601,381.99444580078125
2022-11-28,82956.38584291286,375.89898681640625
2022-11-29,82979.50633091194,375.2532653808594
2022-11-30,85114.68713614605,387.0740051269531
2022-12-01,84946.16694983083,386.7891845703125
2022-12-02,84827.93733352641,386.34295654296875
2022-12-05,83334.52143344235,379.3929443359375
2022-12-06,82252.39064936613,373.9241027832031
2022-12-07,82096.61066864198,373.28790283203125
2022-12-08,82573.3639838368,376.21221923828125
2022-12-09,81931.63066504242,373.40185546875
2022-12-12,83162.65970196428,378.7853088378906
2022-12-13,83646.00179366526,381.65264892578125
2022-12-14,83249.66333415899,379.2124938964844
2022-12-15,81334.23789940432,369.93634033203125
2022-12-16,80559.93823688643,365.56884765625
2022-12-19,80168.74745619309,362.46893310546875
2022-12-20,80236.77717781726,362.9649353027344
2022-12-21,81466.62442197425,368.39215087890625
2022-12-22,80359.01438294521,363.1366271972656
2022-12-23,80822.16441791173,365.2254943847656
2022-12-27,80660.58392357995,363.78521728515625
2022-12-28,79849.44814687267,359.2640686035156
2022-12-29,80942.82988288585,365.73101806640625
2022-12-30,80861.05652202599,364.7676086425781
2023-01-03,80838.94272217106,363.23199462890625
2023-01-04,81703.21637834773,366.03619384765625
2023-01-05,81042.48391496889,361.8585205078125
2023-01-06,82940.69991473538,370.1566467285156
2023-01-09,82866.30112473783,369.9468078613281
2023-01-10,83369.0013816405,372.54119873046875
2023-01-11,84173.93513549905,377.25311279296875
2023-01-12,84573.87348533321,378.6265563964844
2023-01-13,84969.55340740888,380.0954895019531
2023-01-17,84517.21569024661,379.399169921875
2023-01-18,83175.87109818666,373.4092102050781
2023-01-19,82393.02887950532,370.69085693359375
2023-01-20,83597.31949342602,377.5964050292969
2023-01-23,84566.19867895513,382.12701416015625
2023-01-24,84623.69208595113,381.7169494628906
2023-01-25,84750.02939477806,381.85992431640625
2023-01-26,85278.09776722937,386.0567321777344
2023-01-27,85593.38471239377,386.9438171386719
2023-01-30,84749.73403261579,382.08892822265625
2023-01-31,85694.07669072489,387.7068786621094
2023-02-01,86234.27481882187,391.8273620605469
2023-02-02,86735.86254053541,397.5312194824219
2023-02-03,86184.04664541411,393.3057861328125
2023-02-06,85937.28429477263,390.9021301269531
2023-02-07,86669.93578444776,396.0146484375
2023-02-08,85825.65381521503,391.6842346191406
2023-02-09,85069.47870283351,388.28863525390625
2023-02-10,85348.77835750484,389.19482421875
2023-02-13,86287.05555679186,393.7635803222656
2023-02-14,86311.41837973682,393.5824279785156
2023-02-15,86414.49316065492,394.8605651855469
2023-02-16,85409.25724203688,389.42376708984375
2023-02-17,85283.91021103525,388.4508972167969
2023-02-21,83643.8164967944,380.65814208984375
2023-02-22,83397.11973511112,380.133544921875
2023-02-23,83837.66154914364,382.1556396484375
2023-02-24,83162.06424757463,378.0733642578125
2023-02-27,83389.0677801895,379.361083984375
2023-02-28,83126.68742222825,377.9588928222656
2023-03-01,82869.35045661271,376.50909423828125
2023-03-02,83355.50441626832,379.4372863769531
2023-03-03,84537.61297201343,385.5226745605469
2023-03-06,84588.94660999918,385.7897644042969
2023-03-07,83184.69738033776,379.8759765625
2023-03-08,83301.88334243916,380.4959716796875
2023-03-09,81931.04650126502,373.4759826660156
2023-03-10,81015.08735977336,368.08685302734375
2023-03-13,80488.40742404855,367.56231689453125
2023-03-14,81693.00508451763,373.63812255859375
2023-03-15,81041.86251541102,371.3012390136719
2023-03-16,82144.51344105553,377.8158264160156
2023-03-17,81209.29657965655,373.3980407714844
2023-03-20,81952.657556669,376.98858642578125
2023-03-21,82863.9585687136,381.93865966796875
2023-03-22,81602.91391418705,375.42791748046875
2023-03-23,81904.09237620224,376.4428405761719
2023-03-24,82148.48421505223,378.9130859375
2023-03-27,82621.42376247473,379.62152099609375
2023-03-28,82489.599359919,378.7694396972656
2023-03-29,83536.20239925612,384.2747802734375
2023-03-30,83865.70187402135,386.52484130859375
2023-03-31,84958.33547810839,391.9727783203125
2023-04-03,85645.94278991688,393.4663391113281
2023-04-04,85039.22895598748,391.2834167480469
2023-04-05,85064.46192186157,390.25897216796875
2023-04-06,85183.22804951163,391.78125
2023-04-10,85340.04090858626,392.18341064453125
2023-04-11,85543.22018672427,392.2887268066406
2023-04-12,85145.04503821126,390.6897888183594
2023-04-13,86074.29552762586,395.879150390625
2023-04-14,86106.04221826051,394.9121398925781
2023-04-17,86381.92834704787,396.3292236328125
2023-04-18,86445.95067125832,396.5876770019531
2023-04-19,86469.70008656757,396.52069091796875
2023-04-20,85929.5925656688,394.35687255859375
2023-04-21,85929.38870403051,394.66326904296875
2023-04-24,85956.74546137817,395.07489013671875
2023-04-25,84672.23507732883,388.80352783203125
2023-04-26,83824.90845059458,387.1567687988281
2023-04-27,85187.17369702114,394.8642578125
2023-04-28,85945.22482136887,398.2345275878906
2023-05-01,85967.5333365776,397.8323974609375
2023-05-02,84743.12346210703,393.3610534667969
2023-05-03,84323.626122539,390.6610107421875
2023-05-04,83634.90998061257,387.89398193359375
2023-05-05,85030.64930805043,395.07489013671875
2023-05-08,85067.14115122159,395.18023681640625
2023-05-09,84849.69058024537,393.447265625
2023-05-10,84879.99671090551,395.2855529785156
2023-05-11,84658.14123128816,394.59619140625
2023-05-12,84562.72318656353,394.07916259765625
2023-05-15,84893.89598600159,395.4387512207031
2023-05-16,84159.4948837496,392.796142578125
2023-05-17,85475.54579190323,397.5643005371094
2023-05-18,86177.68851043271,401.3941650390625
2023-05-19,86056.50568803,400.81005859375
2023-05-22,86041.30629276168,400.972900390625
2023-05-23,85404.45185035918,396.4728088378906
2023-05-24,84738.36449613374,393.6004943847656
2023-05-25,85389.14016071176,397.00897216796875
2023-05-26,86712.51992908579,402.15045166015625
2023-05-30,86805.0765759199,402.3036804199219
2023-05-31,86283.65757087685,400.07281494140625
2023-06-01,87130.40902420878,403.8739013671875
2023-06-02,88490.08744297437,409.7144470214844
2023-06-05,88098.66429283793,408.9292297363281
2023-06-06,88390.48136517826,409.8197937011719
2023-06-07,88534.9540797017,408.4027404785156
2023-06-08,89064.40284678384,410.8729553222656
2023-06-09,89212.94399165208,411.6102294921875
2023-06-12,90043.44787757259,415.34423828125
2023-06-13,90703.13355663639,418.08258056640625
2023-06-14,90852.1495540105,418.58038330078125
2023-06-15,91902.83036767934,423.7698669433594
2023-06-16,91641.5526854404,422.326416015625
2023-06-20,91055.90250907757,420.13525390625
2023-06-21,90531.55118504551,417.9826965332031
2023-06-22,90431.93826921134,419.4913635253906
2023-06-23,89716.65992507397,416.3200988769531
2023-06-26,89506.61691381075,414.61907958984375
2023-06-27,90439.25212296778,419.1647033691406
2023-06-28,90308.73560269625,419.3761291503906
2023-06-29,90884.29122633532,421.0290832519531
2023-06-30,91864.09022060788,425.99749755859375
2023-07-03,92273.19184171247,426.48760986328125
2023-07-05,92196.71755398622,425.8533630371094
2023-07-06,91119.13197327958,422.5186767578125
2023-07-07,90983.27230617013,421.4519348144531
2023-07-10,91537.86593313933,422.5186767578125
2023-07-11,92332.4931642124,425.20941162109375
2023-07-12,93014.71101274827,428.6307067871094
2023-07-13,93686.85138219374,432.03265380859375
2023-07-14,93395.61803599828,431.7635803222656
2023-07-17,93664.09201634619,433.2627258300781
2023-07-18,94441.12194199154,436.4821472167969
2023-07-19,94895.29362866774,437.4527587890625
2023-07-20,94636.49913230777,434.55047607421875
2023-07-21,94609.45751429215,434.55047607421875
2023-07-24,95175.29302322867,436.4917907714844
2023-07-25,95294.0661825435,437.6833801269531
2023-07-26,95327.12122260389,437.75067138671875
2023-07-27,94825.83869841254,434.8484191894531
2023-07-28,95558.70115788947,439.1057434082031
2023-07-31,95814.89224335129,439.9417724609375
2023-08-01,95625.63042650868,438.6828918457031
2023-08-02,94381.73963921642,432.5804748535156
2023-08-03,94089.3697164453,431.34075927734375
2023-08-04,93764.08128965473,429.3898620605469
2023-08-07,94660.25878666223,433.13787841796875
2023-08-08,94462.39117116504,431.2542419433594
2023-08-09,93839.0881639445,428.37115478515625
2023-08-10,93908.13085613908,428.52490234375
2023-08-11,94015.95318679714,428.2750549316406
2023-08-14,94422.49854502092,430.63916015625
2023-08-15,93334.70671378277,425.6227722167969
2023-08-16,92569.83872549489,422.4993896484375
2023-08-17,92046.66030676692,419.2800598144531
2023-08-18,92159.23250188002,419.4817810058594
2023-08-21,92577.80620264837,422.21112060546875
2023-08-22,92227.73275745386,421.0674743652344
2023-08-23,93146.57990220159,425.7572326660156
2023-08-24,91836.81811625346,419.85662841796875
2023-08-25,92474.2831770077,422.81658935546875
2023-08-28,93105.07729729178,425.49774169921875
2023-08-29,94392.52241887787,431.64825439453125
2023-08-30,94562.8632700888,433.4261474609375
2023-08-31,94484.22986507352,432.79180908203125
2023-09-01,94665.95964323726,433.5991516113281
2023-09-05,94388.77100549341,431.7251281738281
2023-09-06,93890.76892020009,428.8229064941406
2023-09-07,93750.82502503294,427.5062561035156
2023-09-08,93926.53404298924,428.150146484375
2023-09-11,94662.03390410241,430.9659423828125
2023-09-12,94278.03247729801,428.601806640625
2023-09-13,94206.01052956967,429.1015625
2023-09-14,95075.56269347921,432.80145263671875
2023-09-15,93995.25214368246,427.58697509765625
2023-09-18,93907.81538476124,427.837646484375
2023-09-19,93634.9791887726,426.950439453125
2023-09-20,92939.1862180849,423.02532958984375
2023-09-21,91400.17290638486,416.03338623046875
2023-09-22,91095.16998529299,415.09796142578125
2023-09-25,91415.21498974034,416.843505859375
2023-09-26,90102.88588614122,410.71954345703125
2023-09-27,90115.80907181777,410.88348388671875
2023-09-28,90589.39549468891,413.26556396484375
2023-09-29,90121.264371994,412.2625732421875
2023-10-02,89923.0338320816,412.0986633300781
2023-10-03,88805.24139944333,406.58221435546875
2023-10-04,89141.96273470305,409.5429382324219
2023-10-05,89031.66001607229,409.3887023925781
2023-10-06,89951.79441129569,414.2492370605469
2023-10-09,90524.2320636017,416.9013671875
2023-10-10,91040.77101993855,419.0712890625
2023-10-11,91377.2576571551,420.78790283203125
2023-10-12,90867.45032136442,418.22259521484375
2023-10-13,90475.18641355641,416.1394958496094
2023-10-16,91378.85922432473,420.5178527832031
2023-10-17,91419.23179136141,420.49853515625
2023-10-18,90372.71228596012,414.8953552246094
2023-10-19,89890.13731796533,411.25
2023-10-20,88691.41055320879,406.196533203125
2023-10-23,88441.99994576215,405.4924621582031
2023-10-24,89159.01862347656,408.5496520996094
2023-10-25,88054.12417903497,402.6860046386719
2023-10-26,87171.3836496848,397.86407470703125
2023-10-27,86562.1091507021,396.0606689453125
2023-10-30,87753.29693820488,400.79583740234375
2023-10-31,88158.86537059915,403.3130187988281
2023-11-01,88919.25977188289,407.6142272949219
2023-11-02,90779.95590808261,415.42584228515625
2023-11-03,91594.49350926836,419.21588134765625
2023-11-06,91784.45429361652,420.18035888671875
2023-11-07,91719.51337340074,421.3761291503906
2023-11-08,91825.13230420704,421.684814453125
2023-11-09,90992.76181633974,418.3962097167969
2023-11-10,92420.29007002608,424.9252014160156
2023-11-13,92554.74699612631,424.5201416015625
2023-11-14,94428.37192033026,432.756103515625
2023-11-15,94833.05933982118,433.6722106933594
2023-11-16,94493.39891447918,434.2027893066406
2023-11-17,94863.70356012473,434.7427978515625
2023-11-20,95516.02332907074,438.0893249511719
2023-11-21,95218.10367245766,437.134521484375
2023-11-22,95479.50949354137,438.8222351074219
2023-11-24,95688.5607666445,439.09222412109375
2023-11-27,95451.53609557978,438.30145263671875
2023-11-28,95681.2645411779,438.7354431152344
2023-11-29,95759.94659694773,438.42681884765625
2023-11-30,96244.28136391172,440.1531066894531
2023-12-01,96807.06267886925,442.75701904296875
2023-12-04,96477.85791336803,440.4327697753906
2023-12-05,96275.25490716191,440.3459777832031
2023-12-06,95952.66684484798,438.57147216796875
2023-12-07,96607.27652540637,441.9179382324219
2023-12-08,97050.14871966725,443.81781005859375
2023-12-11,97552.44434801486,445.5440368652344
2023-12-12,97753.40666593009,447.57891845703125
2023-12-13,99297.19707283228,453.7511291503906
2023-12-14,100183.63413350783,455.2074279785156
2023-12-15,100523.48420591271,454.4578857421875
2023-12-18,100887.35464859738,457.0143127441406
2023-12-19,101579.37592926882,459.7933349609375
2023-12-20,100065.27352623029,453.42181396484375
2023-12-21,100989.18434299665,457.7211608886719
2023-12-22,101241.26559813447,458.6410217285156
2023-12-26,101827.4928609364,460.5776062011719
2023-12-27,102048.464228551,461.4104309082031
2023-12-28,102052.42704415093,461.5846862792969
2023-12-29,101783.66686840246,460.2484130859375
2024-01-02,101510.2021164247,457.6726989746094
2024-01-03,100828.83238900318,453.93505859375
2024-01-04,100727.60380013433,452.472900390625
2024-01-05,101095.04100726997,453.09259033203125
2024-01-08,101981.73296439316,459.5608825683594
2024-01-09,101608.99902609327,458.86376953125
2024-01-10,101998.33647690514,461.4588317871094
2024-01-11,101791.75186705873,461.2555236816406
2024-01-12,101835.57048188626,461.57501220703125
2024-01-16,101122.18468538957,459.8804931640625
2024-01-17,100564.23027423758,457.32415771484375
2024-01-18,101345.92347786692,461.3909912109375
2024-01-19,102818.32913126201,467.142822265625
2024-01-22,103114.82121412011,468.1304626464844
2024-01-23,103325.21513140052,469.495849609375
2024-01-24,103572.3710124085,470.009033203125
2024-01-25,104291.64684280868,472.5654296875
2024-01-26,104250.49458770508,471.96502685546875
2024-01-29,104817.76805442807,475.7026672363281
2024-01-30,104867.05651928934,475.3347473144531
2024-01-31,103590.0827288327,467.57855224609375
2024-02-01,104601.28891509068,473.69830322265625
2024-02-02,105507.40360494204,478.6850891113281
2024-02-05,105109.76946519375,476.9421081542969
2024-02-06,105233.52207703321,478.326904296875
2024-02-07,105933.40169223917,482.3162536621094
2024-02-08,105989.73613212346,482.5292663574219
2024-02-09,106233.59555062337,485.31805419921875
2024-02-12,106590.73951086384,485.1049499511719
2024-02-13,105208.13552514855,478.4236145019531
2024-02-14,106214.26351329214,482.7713623046875
2024-02-15,107376.62227739791,486.10235595703125
2024-02-16,106993.11766644505,483.6816101074219
2024-02-20,106423.17820609696,481.01873779296875
2024-02-21,106644.47775589116,481.4544372558594
2024-02-22,108628.59706734239,491.4184265136719
2024-02-23,108783.91667265212,491.75732421875
2024-02-26,108537.20429279174,489.9562072753906
2024-02-27,108733.54677239007,490.8664855957031
2024-02-28,108659.7445812325,490.21771240234375
2024-02-29,109107.23698505499,491.9799499511719
2024-03-01,110134.35578279979,496.598876953125
2024-03-04,110482.55571069324,496.0662536621094
2024-03-05,109539.80911318975,491.1085205078125
2024-03-06,110362.36150387774,493.59710693359375
2024-03-07,111614.75884748837,498.4967346191406
2024-03-08,110709.48731497907,495.50469970703125
2024-03-11,110454.84939926033,495.0786437988281
2024-03-12,111816.9851431074,500.404296875
2024-03-13,111688.11463866718,499.6199645996094
2024-03-14,111085.09789077133,498.6322937011719
2024-03-15,110593.06203164926,495.2084655761719
2024-03-18,111249.81763346517,498.1515197753906
2024-03-19,111851.24873961287,500.91973876953125
2024-03-20,113021.94776314986,505.552978515625
2024-03-21,113921.07471884527,507.2236022949219
2024-03-22,113481.76373127449,506.2620849609375
2024-03-25,113062.51596121103,504.8633728027344
2024-03-26,112673.21719489388,503.93084716796875
2024-03-27,113835.93074790134,508.16583251953125
2024-03-28,113902.13394668268,508.0688171386719
2024-04-01,113702.54133690972,507.1847839355469
2024-04-02,112895.84663779674,503.96002197265625
2024-04-03,113047.32066628676,504.51361083984375
2024-04-04,111709.25539105611,498.35552978515625
2024-04-05,112816.80324620419,503.5617370605469
2024-04-08,112835.14317329325,503.8433532714844
2024-04-09,112898.97062811551,504.4263000488281
2024-04-10,111707.25965871273,499.3753662109375
2024-04-11,112292.7502527477,503.14404296875
2024-04-12,110529.93174972234,496.1991882324219
2024-04-15,109730.0383189211,489.98272705078125
2024-04-16,109385.82359542741,489.0890808105469
2024-04-17,109030.40644171592,486.194580078125
2024-04-18,108828.98115152618,485.194091796875
2024-04-19,108426.07318898161,480.95916748046875
2024-04-22,109377.86600172633,485.38836669921875
2024-04-23,110734.29320169137,491.1482849121094
2024-04-24,110686.04712663549,490.9151916503906
2024-04-25,109940.85865458455,489.0502624511719
2024-04-26,110621.20230980664,493.6835021972656
2024-04-29,110994.36163427871,495.4317932128906
2024-04-30,109462.77216355423,487.5835266113281
2024-05-01,109269.28555634744,486.00030517578125
2024-05-02,110149.33869819054,490.54608154296875
2024-05-03,111225.10678148591,496.6265563964844
2024-05-06,112342.69307392628,501.7550964355469
2024-05-07,112606.0108021041,502.30877685546875
2024-05-08,112877.89497005484,502.35723876953125
2024-05-09,113501.51844902209,505.2518005371094
2024-05-10,113718.90896614415,505.9028015136719
2024-05-13,113619.60585360213,505.9705810546875
2024-05-14,114249.48415430954,508.2921142578125
2024-05-15,115513.13990914078,514.5863037109375
2024-05-16,115336.26710854901,513.5276489257812
2024-05-17,115544.34929564211,514.2656860351562
2024-05-20,115387.45105322098,514.8582153320312
2024-05-21,115848.82824940573,516.1209106445312
2024-05-22,115311.35172225213,514.6348266601562
2024-05-23,114144.20655932429,510.8758544921875
2024-05-24,114857.07823032272,514.2560424804688
2024-05-28,114719.7225926779,514.6154174804688
2024-05-29,113505.48113140251,511.0117492675781
2024-05-30,113316.31790250694,507.6219177246094
2024-05-31,114384.32263019892,512.2454833984375
2024-06-03,114218.50798722795,512.6630249023438
2024-06-04,114391.92609900211,513.236083984375
2024-06-05,115404.29440589537,519.3360595703125
2024-06-06,115295.98168454088,519.3262329101562
2024-06-07,115267.57761737524,518.6950073242188
2024-06-10,115601.36812963152,520.2976684570312
2024-06-11,115156.67958971372,521.5507202148438
2024-06-12,115945.36473573626,525.8341064453125
2024-06-13,116287.90398928434,526.8928833007812
2024-06-14,116237.44591540666,527.2135009765625
2024-06-17,117379.76676437735,531.4095458984375
2024-06-18,117919.9550854845,532.7596435546875
2024-06-20,117855.25848305058,531.3124389648438
2024-06-21,117529.15130387488,530.60009765625
2024-06-24,117632.96349649191,528.8751831054688
2024-06-25,117348.53369927923,530.9120483398438
2024-06-26,117357.20283850626,531.5745239257812
2024-06-27,117399.4220370764,532.41259765625
2024-06-28,117527.61773759055,530.3175048828125
2024-07-01,117958.1284823041,531.408935546875
2024-07-02,118840.50688246776,534.9851684570312
2024-07-03,119238.99226451592,537.37255859375
2024-07-05,119686.22321542876,540.4713134765625
2024-07-08,119925.8542687467,541.094970703125
2024-07-09,120161.56396944472,541.6211547851562
2024-07-10,121218.2571910549,546.9806518554688
2024-07-11,120513.7385682746,542.2642822265625
2024-07-12,120831.8883778857,545.6845703125
2024-07-15,121390.36814969947,547.1854248046875
2024-07-16,122848.70437268472,550.4302368164062
2024-07-17,122250.02674640232,542.7125854492188
2024-07-18,121032.20370753344,538.5418701171875
2024-07-19,120214.87642940883,534.9656982421875
2024-07-22,121134.87565515256,540.4810791015625
2024-07-23,120904.82512503957,539.63330078125
2024-07-24,118709.7122500885,527.4038696289062
2024-07-25,118381.10096669823,524.6558837890625
2024-07-26,119874.14489647286,530.5319213867188
2024-07-29,119649.18698775659,530.84375
2024-07-30,119272.79541377418,528.1541748046875
2024-07-31,120777.94541890937,536.7391357421875
2024-08-01,119121.57678586378,529.138427734375
2024-08-02,116277.25502363693,519.2868041992188
2024-08-05,113097.64837585499,504.1632080078125
2024-08-06,114299.67953095064,508.8113708496094
2024-08-07,113360.38161423965,505.4104309082031
2024-08-08,116000.43606973812,517.0941162109375
2024-08-09,116492.9340349255,519.3743896484375
2024-08-12,116142.47745693335,519.6472778320312
2024-08-13,117771.06369888582,528.1931762695312
2024-08-14,118294.82345847812,529.8595581054688
2024-08-15,120283.83727760655,538.9414672851562
2024-08-16,120658.8884666084,540.1497802734375
2024-08-19,121603.55464918491,545.3143310546875
2024-08-20,121359.44851346668,544.4276733398438
2024-08-21,121693.81180423607,546.2985229492188
2024-08-22,120924.92809239318,542.0109252929688
2024-08-23,122394.57197921307,547.7699584960938
2024-08-26,122336.89330326133,546.4641723632812
2024-08-27,122458.04267021726,547.2145385742188
2024-08-28,121923.39064376411,544.0377807617188
2024-08-29,122387.92327303028,544.08642578125
2024-08-30,123757.64771899977,549.2804565429688
2024-09-03,121361.67438613728,537.9767456054688
2024-09-04,121409.49966517145,536.8756103515625
2024-09-05,120838.5054993549,535.56982421875
2024-09-06,118695.15929793325,526.5560302734375
2024-09-09,120256.79929956688,532.4515991210938
2024-09-10,120644.01111609675,534.770751953125
2024-09-11,121508.05580666591,540.2568359375
2024-09-12,122193.46167739459,544.8077392578125
2024-09-13,123115.68177228757,547.6530151367188
2024-09-16,123934.08418713963,548.4619750976562
2024-09-17,124059.94629751073,548.6859130859375
2024-09-18,123694.76051141259,547.0587158203125
2024-09-19,125640.84337023488,556.3939208984375
2024-09-20,125584.92580294487,555.4320678710938
2024-09-23,126019.36176709984,556.820068359375
2024-09-24,126076.91923919618,558.4132080078125
2024-09-25,125594.91896588853,557.1817016601562
2024-09-26,126090.97042894323,559.3906860351562
2024-09-27,126140.5277216676,558.5794677734375
2024-09-30,126645.13601272927,560.81787109375
2024-10-01,125959.53093246782,555.7937622070312
2024-10-02,126164.66374361572,556.0283203125
2024-10-03,125743.27603216204,555.0117797851562
2024-10-04,127049.75108037137,560.055419921875
2024-10-07,126125.07108363532,554.9921875
2024-10-08,126975.75362355981,560.2411499023438
2024-10-09,128221.48734578984,564.12158203125
2024-10-10,127686.25230974494,563.1343383789062
2024-10-11,129020.56972870065,566.5064697265625
2024-10-14,129762.52408253268,571.1396484375
2024-10-15,128873.70457237927,566.7020263671875
2024-10-16,129908.5663782116,569.1651611328125
2024-10-17,129915.18858336222,569.2140502929688
2024-10-18,130178.37019435636,571.4035034179688
2024-10-21,129436.89931317576,570.4652099609375
2024-10-22,129308.81805188445,570.1621704101562
2024-10-23,128582.18574387845,564.952392578125
2024-10-24,128674.78871522473,566.1741943359375
2024-10-25,128073.8886819474,565.9786987304688
2024-10-28,128550.05645125388,567.7283935546875
2024-10-29,128434.03313234134,568.6470336914062
2024-10-30,127915.6192070055,566.9268188476562
2024-10-31,126536.80065196104,555.8132934570312
2024-11-01,127062.91457898323,558.1591186523438
2024-11-04,126498.80741646286,556.9569702148438
2024-11-05,127914.40765447335,563.6913452148438
2024-11-06,132193.23545670122,577.7079467773438
2024-11-07,132421.80973252066,582.1749267578125
2024-11-08,133382.0571889709,584.6966552734375
2024-11-11,133875.91209972053,585.25390625
2024-11-12,132906.40247698323,583.4359130859375
2024-11-13,132862.14447160883,583.7193603515625
2024-11-14,132074.27665982276,579.9658203125
2024-11-15,131085.39275924556,572.5374145507812
2024-11-18,131871.30934762483,574.8832397460938
2024-11-19,131872.3606725694,576.984619140625
2024-11-20,131796.22456062847,577.1803588867188
2024-11-21,132684.28748144791,580.2787475585938
2024-11-22,133637.77720125637,582.0772705078125
2024-11-25,134252.11540873974,584.0517578125
2024-11-26,134768.78179316843,587.1011962890625
2024-11-27,134309.65298209758,585.3223266601562
2024-11-29,135002.40051250107,588.958251953125
2024-12-02,134907.56473519836,590.0140991210938
2024-12-03,134771.36538840545,590.2877197265625
2024-12-04,135044.52102242512,593.953125
2024-12-05,134889.46341173458,592.9757080078125
2024-12-06,135480.92492968024,594.0997924804688
2024-12-09,134567.3570453776,591.0403442382812
2024-12-10,134219.70848613602,589.2026977539062
2024-12-11,134868.77580540688,593.7576293945312
2024-12-12,134051.53962587207,590.6982421875
2024-12-13,134527.5259115907,590.5809936523438
2024-12-16,135099.67402944787,593.102783203125
2024-12-17,134442.44653921085,590.6591186523438
2024-12-18,130458.11967529052,573.055419921875
2024-12-19,130583.64850292531,572.8795166015625
2024-12-20,131829.99912008396,579.7603759765625
2024-12-23,132785.00082643327,583.2321166992188
2024-12-24,134468.19079763017,589.7147827148438
2024-12-26,134502.55438119915,589.7539672851562
2024-12-27,133256.58232528224,583.5458984375
2024-12-30,131769.1580733786,576.88671875
