date,nav,spy
2010-01-04,10000.0,84.36893463134766
2010-01-05,10000.0,84.59230041503906
2010-01-06,10000.0,84.65187072753906
2010-01-07,10000.0,85.00919342041016
2010-01-08,10000.0,85.2920913696289
2010-01-11,10000.0,85.41119384765625
2010-01-12,10000.0,84.6146469116211
2010-01-13,10000.0,85.32928466796875
2010-01-14,10000.0,85.56009674072266
2010-01-15,10000.0,84.59974670410156
2010-01-19,10000.0,85.6568603515625
2010-01-20,10000.0,84.78587341308594
2010-01-21,10000.0,83.15550231933594
2010-01-22,10000.0,81.30181884765625
2010-01-25,10000.0,81.71874237060547
2010-01-26,10000.0,81.37628936767578
2010-01-27,10000.0,81.7634048461914
2010-01-28,10000.0,80.82536315917969
2010-01-29,10000.0,79.94690704345703
2010-02-01,10000.0,81.19013214111328
2010-02-02,10000.0,82.17284393310547
2010-02-03,10000.0,81.7634048461914
2010-02-04,10000.0,79.23970794677734
2010-02-05,10000.0,79.40345001220703
2010-02-08,10000.0,78.83024597167969
2010-02-09,10000.0,79.8203353881836
2010-02-10,10000.0,79.66404724121094
2010-02-11,10000.0,80.49783325195312
2010-02-12,10000.0,80.43082427978516
2010-02-16,10000.0,81.69637298583984
2010-02-17,10000.0,82.08348083496094
2010-02-18,10000.0,82.5673828125
2010-02-19,10000.0,82.7386245727539
2010-02-22,10000.0,82.7535400390625
2010-02-23,10000.0,81.74848175048828
2010-02-24,10000.0,82.5003890991211
2010-02-25,10000.0,82.38870239257812
2010-02-26,10000.0,82.44083404541016
2010-03-01,10000.0,83.29694366455078
2010-03-02,10000.0,83.52774047851562
2010-03-03,10000.0,83.60218811035156
2010-03-04,10000.0,83.85528564453125
2010-03-05,10000.0,85.0538558959961
2010-03-08,10000.0,85.06875610351562
2010-03-09,10000.0,85.21018981933594
2010-03-10,10000.0,85.58987426757812
2010-03-11,10000.0,85.94721221923828
2010-03-12,10000.0,85.9546890258789
2010-03-15,10000.0,85.97699737548828
2010-03-16,10000.0,86.6618881225586
2010-03-17,10000.0,87.17557525634766
2010-03-18,10000.0,87.13093566894531
2010-03-19,10000.0,86.68987274169922
2010-03-22,10000.0,87.1533203125
2010-03-23,10000.0,87.76629638671875
2010-03-24,10000.0,87.34021759033203
2010-03-25,10000.0,87.19819641113281
2010-03-26,10000.0,87.1458511352539
2010-03-29,10000.0,87.6989974975586
2010-03-30,10000.0,87.75881958007812
2010-03-31,10000.0,87.45980834960938
2010-04-01,10000.0,88.05783081054688
2010-04-05,10000.0,88.77545928955078
2010-04-06,10000.0,88.98474884033203
2010-04-07,10000.0,88.47643280029297
2010-04-08,10000.0,88.78292083740234
2010-04-09,10000.0,89.36597442626953
2010-04-12,10000.0,89.50802612304688
2010-04-13,10000.0,89.5753173828125
2010-04-14,10000.0,90.5918960571289
2010-04-15,10000.0,90.66667175292969
2010-04-16,10000.0,89.22395324707031
2010-04-19,10000.0,89.56031799316406
2010-04-20,10000.0,90.36017608642578
2010-04-21,10000.0,90.19574737548828
2010-04-22,10000.0,90.46483612060547
2010-04-23,10000.0,91.05536651611328
2010-04-26,10000.0,90.7115249633789
2010-04-27,10000.0,88.56612396240234
2010-04-28,10000.0,89.2388916015625
2010-04-29,10000.0,90.34525299072266
2010-04-30,10000.0,88.81282806396484
2010-05-03,10000.0,89.96397399902344
2010-05-04,10000.0,87.8485336303711
2010-05-05,10000.0,87.32524108886719
2010-05-06,10000.0,84.42488098144531
2010-05-07,10000.0,83.16905212402344
2010-05-10,10000.0,86.8319091796875
2010-05-11,10000.0,86.585205078125
2010-05-12,10000.0,87.79618835449219
2010-05-13,10000.0,86.70484161376953
2010-05-14,10000.0,85.13502502441406
2010-05-17,10000.0,85.17987060546875
2010-05-18,10000.0,84.0212173461914
2010-05-19,10000.0,83.54283905029297
2010-05-20,10000.0,80.38825988769531
2010-05-21,10000.0,81.5618896484375
2010-05-24,10000.0,80.51534271240234
2010-05-25,10000.0,80.59757995605469
2010-05-26,10000.0,80.11168670654297
2010-05-27,10000.0,82.79529571533203
2010-05-28,10000.0,81.75624084472656
2010-06-01,10000.0,80.38081359863281
2010-06-02,10000.0,82.473876953125
2010-06-03,10000.0,82.75790405273438
2010-06-04,10000.0,79.85005187988281
2010-06-07,10000.0,78.85586547851562
2010-06-08,10000.0,79.70055389404297
2010-06-09,10000.0,79.27446746826172
2010-06-10,10000.0,81.59178924560547
2010-06-11,10000.0,81.98796081542969
2010-06-14,10000.0,81.86091613769531
2010-06-15,10000.0,83.72220611572266
2010-06-16,10000.0,83.69230651855469
2010-06-17,10000.0,83.82684326171875
2010-06-18,10000.0,83.91773986816406
2010-06-21,10000.0,83.67739868164062
2010-06-22,10000.0,82.29541778564453
2010-06-23,10000.0,82.04004669189453
2010-06-24,10000.0,80.68061065673828
2010-06-25,10000.0,81.01856231689453
2010-06-28,10000.0,80.76322174072266
2010-06-29,10000.0,78.2696533203125
2010-06-30,10000.0,77.52608489990234
2010-07-01,10000.0,77.18059539794922
2010-07-02,10000.0,76.7599868774414
2010-07-06,10000.0,77.26319122314453
2010-07-07,10000.0,79.69670867919922
2010-07-08,10000.0,80.48532104492188
2010-07-09,10000.0,81.0862045288086
2010-07-12,10000.0,81.13874816894531
2010-07-13,10000.0,82.36299896240234
2010-07-14,10000.0,82.35549926757812
2010-07-15,10000.0,82.3780746459961
2010-07-16,10000.0,80.10980987548828
2010-07-19,10000.0,80.58296203613281
2010-07-20,10000.0,81.47676086425781
2010-07-21,10000.0,80.41773986816406
2010-07-22,10000.0,82.2127914428711
2010-07-23,10000.0,82.92633056640625
2010-07-26,10000.0,83.79007720947266
2010-07-27,10000.0,83.78256225585938
2010-07-28,10000.0,83.24179077148438
2010-07-29,10000.0,82.83619689941406
2010-07-30,10000.0,82.82115936279297
2010-08-02,10000.0,84.69136810302734
2010-08-03,10000.0,84.28578186035156
2010-08-04,10000.0,84.84908294677734
2010-08-05,10000.0,84.75895690917969
2010-08-06,10000.0,84.41342163085938
2010-08-09,10000.0,84.86408996582031
2010-08-10,10000.0,84.40593719482422
2010-08-11,10000.0,82.0926284790039
2010-08-12,10000.0,81.58941650390625
2010-08-13,10000.0,81.34904479980469
2010-08-16,10000.0,81.3115005493164
2010-08-17,10000.0,82.31043243408203
2010-08-18,10000.0,82.4606704711914
2010-08-19,10000.0,81.02608489990234
2010-08-20,10000.0,80.76322174072266
2010-08-23,10000.0,80.45526885986328
2010-08-24,10000.0,79.26107788085938
2010-08-25,10000.0,79.5689926147461
2010-08-26,10000.0,79.03575897216797
2010-08-27,10000.0,80.260009765625
2010-08-30,10000.0,79.0958480834961
2010-08-31,10000.0,79.0958480834961
2010-09-01,10000.0,81.46172332763672
2010-09-02,10000.0,82.22030639648438
2010-09-03,10000.0,83.2868423461914
2010-09-07,10000.0,82.34797668457031
2010-09-08,10000.0,82.92633056640625
2010-09-09,10000.0,83.30939483642578
2010-09-10,10000.0,83.72998809814453
2010-09-13,10000.0,84.66130065917969
2010-09-14,10000.0,84.60871887207031
2010-09-15,10000.0,84.93170928955078
2010-09-16,10000.0,84.90919494628906
2010-09-17,10000.0,84.94085693359375
2010-09-20,10000.0,86.2396240234375
2010-09-21,10000.0,86.06597137451172
2010-09-22,10000.0,85.64312744140625
2010-09-23,10000.0,84.94844055175781
2010-09-24,10000.0,86.70027160644531
2010-09-27,10000.0,86.2849349975586
2010-09-28,10000.0,86.58697509765625
2010-09-29,10000.0,86.43597412109375
2010-09-30,10000.0,86.17924499511719
2010-10-01,10000.0,86.54166412353516
2010-10-04,10000.0,85.89228057861328
2010-10-05,10000.0,87.62145233154297
2010-10-06,10000.0,87.61392974853516
2010-10-07,10000.0,87.50825500488281
2010-10-08,10000.0,87.99903869628906
2010-10-11,10000.0,88.08208465576172
2010-10-12,10000.0,88.35391998291016
2010-10-13,10000.0,89.04106903076172
2010-10-14,10000.0,88.69369506835938
2010-10-15,10000.0,88.87493133544922
2010-10-18,10000.0,89.31289672851562
2010-10-19,10000.0,88.14248657226562
2010-10-20,10000.0,89.00328826904297
2010-10-21,10000.0,89.19963073730469
2010-10-22,10000.0,89.3657455444336
2010-10-25,10000.0,89.63002014160156
2010-10-26,10000.0,89.6451416015625
2010-10-27,10000.0,89.38841247558594
2010-10-28,10000.0,89.40349578857422
2010-10-29,10000.0,89.471435546875
2010-11-01,10000.0,89.50167083740234
2010-11-02,10000.0,90.21144104003906
2010-11-03,10000.0,90.57389831542969
2010-11-04,10000.0,92.31816864013672
2010-11-05,10000.0,92.66551208496094
2010-11-08,10000.0,92.49183654785156
2010-11-09,10000.0,91.82735443115234
2010-11-10,10000.0,92.1973648071289
2010-11-11,10000.0,91.85002899169922
2010-11-12,10000.0,90.76268768310547
2010-11-15,10000.0,90.63431549072266
2010-11-16,10000.0,89.2222900390625
2010-11-17,10000.0,89.267578125
2010-11-18,10000.0,90.58145141601562
2010-11-19,10000.0,90.83063507080078
2010-11-22,10000.0,90.755126953125
2010-11-23,10000.0,89.44122314453125
2010-11-24,10000.0,90.76268768310547
2010-11-26,10000.0,89.70555877685547
2010-11-29,10000.0,89.97738647460938
2010-11-30,10000.0,89.471435546875
2010-12-01,10000.0,91.37429809570312
2010-12-02,10000.0,92.54470825195312
2010-12-03,10000.0,92.79386901855469
2010-12-06,10000.0,92.69573211669922
2010-12-07,10000.0,92.74862670898438
2010-12-08,10000.0,93.08837890625
2010-12-09,10000.0,93.45081329345703
2010-12-10,10000.0,93.99451446533203
2010-12-13,10000.0,94.05488586425781
2010-12-14,10000.0,94.13795471191406
2010-12-15,10000.0,93.70751953125
2010-12-16,10000.0,94.25123596191406
2010-12-17,10000.0,94.35218048095703
2010-12-20,10000.0,94.57989501953125
2010-12-21,10000.0,95.1795425415039
2010-12-22,10000.0,95.47562408447266
2010-12-23,10000.0,95.33897399902344
2010-12-27,10000.0,95.37692260742188
2010-12-28,10000.0,95.51355743408203
2010-12-29,10000.0,95.58184814453125
2010-12-30,10000.0,95.43006134033203
2010-12-31,10000.0,95.45284271240234
2011-01-03,10000.0,96.43960571289062
2011-01-04,10000.0,96.38645935058594
2011-01-05,10000.0,96.88744354248047
2011-01-06,10000.0,96.69769287109375
2011-01-07,10000.0,96.5079574584961
2011-01-10,10000.0,96.38645935058594
2011-01-11,10000.0,96.72806549072266
2011-01-12,10000.0,97.60098266601562
2011-01-13,10000.0,97.44158172607422
2011-01-14,10000.0,98.14753723144531
2011-01-18,10000.0,98.31451416015625
2011-01-19,10000.0,97.3504867553711
2011-01-20,10000.0,97.2214584350586
2011-01-21,10000.0,97.44158172607422
2011-01-24,10000.0,97.9957275390625
2011-01-25,10000.0,98.04884338378906
2011-01-26,10000.0,98.4283676147461
2011-01-27,10000.0,98.67129516601562
2011-01-28,10000.0,96.94818878173828
2011-01-31,10000.0,97.67691040039062
2011-02-01,10000.0,99.2406005859375
2011-02-02,10000.0,99.05079650878906
2011-02-03,10000.0,99.27094268798828
2011-02-04,10000.0,99.55182647705078
2011-02-07,10000.0,100.17422485351562
2011-02-08,10000.0,100.62969207763672
2011-02-09,10000.0,100.40196228027344
2011-02-10,10000.0,100.43989562988281
2011-02-11,10000.0,101.0395736694336
2011-02-14,10000.0,101.2824478149414
2011-02-15,10000.0,100.96363067626953
2011-02-16,10000.0,101.60128021240234
2011-02-17,10000.0,101.9049072265625
2011-02-18,10000.0,102.1174545288086
2011-02-22,10000.0,100.06794738769531
2011-02-23,10000.0,99.453125
2011-02-24,10000.0,99.3847885131836
2011-02-25,10000.0,100.44751739501953
2011-02-28,10000.0,101.06993865966797
2011-03-01,10000.0,99.3847885131836
2011-03-02,10000.0,99.59736633300781
2011-03-03,10000.0,101.3128890991211
2011-03-04,10000.0,100.55376434326172
2011-03-07,10000.0,99.76432800292969
2011-03-08,10000.0,100.63727569580078
2011-03-09,10000.0,100.49304962158203
2011-03-10,10000.0,98.63331604003906
2011-03-11,10000.0,99.31649780273438
2011-03-14,10000.0,98.71685028076172
2011-03-15,10000.0,97.5858154296875
2011-03-16,10000.0,95.77925872802734
2011-03-17,10000.0,97.04686737060547
2011-03-18,10000.0,97.39984130859375
2011-03-21,10000.0,98.90933227539062
2011-03-22,10000.0,98.5662612915039
2011-03-23,10000.0,98.84832000732422
2011-03-24,10000.0,99.79369354248047
2011-03-25,10000.0,100.0986328125
2011-03-28,10000.0,99.85466766357422
2011-03-29,10000.0,100.52557373046875
2011-03-30,10000.0,101.21929168701172
2011-03-31,10000.0,101.08208465576172
2011-04-01,10000.0,101.50900268554688
2011-04-04,10000.0,101.59286499023438
2011-04-05,10000.0,101.57762908935547
2011-04-06,10000.0,101.8978500366211
2011-04-07,10000.0,101.63861846923828
2011-04-08,10000.0,101.2879638671875
2011-04-11,10000.0,100.98294067382812
2011-04-12,10000.0,100.22821807861328
2011-04-13,10000.0,100.22059631347656
2011-04-14,10000.0,100.29682922363281
2011-04-15,10000.0,100.66277313232422
2011-04-18,10000.0,99.53450775146484
2011-04-19,10000.0,100.10624694824219
2011-04-20,10000.0,101.47087860107422
2011-04-21,10000.0,101.98931121826172
2011-04-25,10000.0,101.88253784179688
2011-04-26,10000.0,102.75930786132812
2011-04-27,10000.0,103.43017578125
2011-04-28,10000.0,103.76560974121094
2011-04-29,10000.0,104.009521484375
2011-05-02,10000.0,103.84947204589844
2011-05-03,10000.0,103.47591400146484
2011-05-04,10000.0,102.789794921875
2011-05-05,10000.0,101.8597183227539
2011-05-06,10000.0,102.30948638916016
2011-05-09,10000.0,102.70592498779297
2011-05-10,10000.0,103.58264923095703
2011-05-11,10000.0,102.4924545288086
2011-05-12,10000.0,102.98033905029297
2011-05-13,10000.0,102.1875
2011-05-16,10000.0,101.53949737548828
2011-05-17,10000.0,101.52426147460938
2011-05-18,10000.0,102.43145751953125
2011-05-19,10000.0,102.6754379272461
2011-05-20,10000.0,101.8597183227539
2011-05-23,10000.0,100.67802429199219
2011-05-24,10000.0,100.59416198730469
2011-05-25,10000.0,100.92959594726562
2011-05-26,10000.0,101.39466094970703
2011-05-27,10000.0,101.78350830078125
2011-05-31,10000.0,102.8431167602539
2011-06-01,10000.0,100.5331802368164
2011-06-02,10000.0,100.42642974853516
2011-06-03,10000.0,99.427734375
2011-06-06,10000.0,98.37565612792969
2011-06-07,10000.0,98.314697265625
2011-06-08,10000.0,97.90301513671875
2011-06-09,10000.0,98.65015411376953
2011-06-10,10000.0,97.27787780761719
2011-06-13,10000.0,97.35411834716797
2011-06-14,10000.0,98.58916473388672
2011-06-15,10000.0,96.83568572998047
2011-06-16,10000.0,97.04915618896484
2011-06-17,10000.0,97.33876037597656
2011-06-20,10000.0,97.83676147460938
2011-06-21,10000.0,99.17753601074219
2011-06-22,10000.0,98.57991027832031
2011-06-23,10000.0,98.29644012451172
2011-06-24,10000.0,97.15491485595703
2011-06-27,10000.0,98.02063751220703
2011-06-28,10000.0,99.30009460449219
2011-06-29,10000.0,100.1505355834961
2011-06-30,10000.0,101.10816955566406
2011-07-01,10000.0,102.60218811035156
2011-07-05,10000.0,102.51792907714844
2011-07-06,10000.0,102.64051818847656
2011-07-07,10000.0,103.70543670654297
2011-07-08,10000.0,102.96997833251953
2011-07-11,10000.0,101.10816955566406
2011-07-12,10000.0,100.6715087890625
2011-07-13,10000.0,101.00860595703125
2011-07-14,10000.0,100.31140899658203
2011-07-15,10000.0,100.89368438720703
2011-07-18,10000.0,100.06623077392578
2011-07-19,10000.0,101.6904525756836
2011-07-20,10000.0,101.6291732788086
2011-07-21,10000.0,103.03890228271484
2011-07-22,10000.0,103.10783386230469
2011-07-25,10000.0,102.53325653076172
2011-07-26,10000.0,102.15017700195312
2011-07-27,10000.0,100.0585708618164
2011-07-28,10000.0,99.7674560546875
2011-07-29,10000.0,99.08558654785156
2011-08-01,10000.0,98.66419982910156
2011-08-02,10000.0,96.14358520507812
2011-08-03,10000.0,96.66458129882812
2011-08-04,10000.0,92.13665771484375
2011-08-05,10000.0,91.99871826171875
2011-08-08,10000.0,86.00749206542969
2011-08-09,10000.0,90.00674438476562
2011-08-10,10000.0,86.03046417236328
2011-08-11,10000.0,89.89183044433594
2011-08-12,10000.0,90.49710845947266
2011-08-15,10000.0,92.4124526977539
2011-08-16,10000.0,91.62333679199219
2011-08-17,10000.0,91.68462371826172
2011-08-18,10000.0,87.73131561279297
2011-08-19,10000.0,86.29862213134766
2011-08-22,10000.0,86.36759948730469
2011-08-23,10000.0,89.20996856689453
2011-08-24,10000.0,90.46647644042969
2011-08-25,10000.0,89.08735656738281
2011-08-26,10000.0,90.38216400146484
2011-08-29,10000.0,92.97940063476562
2011-08-30,10000.0,93.22456359863281
2011-08-31,10000.0,93.63829803466797
2011-09-01,10000.0,92.65760803222656
2011-09-02,10000.0,90.29020690917969
2011-09-06,10000.0,89.63134765625
2011-09-07,10000.0,92.15962982177734
2011-09-08,10000.0,91.20193481445312
2011-09-09,10000.0,88.81159210205078
2011-09-12,10000.0,89.38614654541016
2011-09-13,10000.0,90.20594787597656
2011-09-14,10000.0,91.45478820800781
2011-09-15,10000.0,93.03302764892578
2011-09-16,10000.0,93.58365631103516
2011-09-19,10000.0,92.65180969238281
2011-09-20,10000.0,92.54402160644531
2011-09-21,10000.0,89.81781005859375
2011-09-22,10000.0,86.91450500488281
2011-09-23,10000.0,87.43819427490234
2011-09-26,10000.0,89.51748657226562
2011-09-27,10000.0,90.51863861083984
2011-09-28,10000.0,88.67034149169922
2011-09-29,10000.0,89.37114715576172
2011-09-30,10000.0,87.13784790039062
2011-10-03,10000.0,84.65809631347656
2011-10-04,10000.0,86.5140609741211
2011-10-05,10000.0,88.11588287353516
2011-10-06,10000.0,89.70999145507812
2011-10-07,10000.0,89.10932159423828
2011-10-10,10000.0,92.08963775634766
2011-10-11,10000.0,92.18203735351562
2011-10-12,10000.0,92.99066925048828
2011-10-13,10000.0,92.80583953857422
2011-10-14,10000.0,94.39227294921875
2011-10-17,10000.0,92.59020233154297
2011-10-18,10000.0,94.39997100830078
2011-10-19,10000.0,93.28331756591797
2011-10-20,10000.0,93.69148254394531
2011-10-21,10000.0,95.47042083740234
2011-10-24,10000.0,96.64097595214844
2011-10-25,10000.0,94.76191711425781
2011-10-26,10000.0,95.72457122802734
2011-10-27,10000.0,99.05914306640625
2011-10-28,10000.0,99.03604125976562
2011-10-31,10000.0,96.64868927001953
2011-11-01,10000.0,93.95330810546875
2011-11-02,10000.0,95.48582458496094
2011-11-03,10000.0,97.22628021240234
2011-11-04,10000.0,96.63331604003906
2011-11-07,10000.0,97.23396301269531
2011-11-08,10000.0,98.48158264160156
2011-11-09,10000.0,94.84663391113281
2011-11-10,10000.0,95.7399673461914
2011-11-11,10000.0,97.54200744628906
2011-11-14,10000.0,96.61788940429688
2011-11-15,10000.0,97.09536743164062
2011-11-16,10000.0,95.55512237548828
2011-11-17,10000.0,94.03802490234375
2011-11-18,10000.0,93.93788146972656
2011-11-21,10000.0,92.15127563476562
2011-11-22,10000.0,91.789306640625
2011-11-23,10000.0,89.76390838623047
2011-11-25,10000.0,89.5945053100586
2011-11-28,10000.0,92.18978118896484
2011-11-29,10000.0,92.45157623291016
2011-11-30,10000.0,96.25595092773438
2011-12-01,10000.0,96.24055480957031
2011-12-02,10000.0,96.15583038330078
2011-12-05,10000.0,97.20317840576172
2011-12-06,10000.0,97.23396301269531
2011-12-07,10000.0,97.595947265625
2011-12-08,10000.0,95.45501708984375
2011-12-09,10000.0,97.072265625
2011-12-12,10000.0,95.6552734375
2011-12-13,10000.0,94.76191711425781
2011-12-14,10000.0,93.75312042236328
2011-12-15,10000.0,94.09191131591797
2011-12-16,10000.0,94.23143768310547
2011-12-19,10000.0,93.22393035888672
2011-12-20,10000.0,96.04488372802734
2011-12-21,10000.0,96.23090362548828
2011-12-22,10000.0,97.0833969116211
2011-12-23,10000.0,97.95140075683594
2011-12-27,10000.0,98.02888488769531
2011-12-28,10000.0,96.74240112304688
2011-12-29,10000.0,97.74215698242188
2011-12-30,10000.0,97.26165008544922
2012-01-03,10000.0,98.81163024902344
2012-01-04,10000.0,98.96665954589844
2012-01-05,10000.0,99.23013305664062
2012-01-06,10000.0,98.9743881225586
2012-01-09,10000.0,99.21464538574219
2012-01-10,10000.0,100.07488250732422
2012-01-11,10000.0,100.12911224365234
2012-01-12,10000.0,100.36937713623047
2012-01-13,10000.0,99.85011291503906
2012-01-17,10000.0,100.23760986328125
2012-01-18,10000.0,101.34587097167969
2012-01-19,10000.0,101.88057708740234
2012-01-20,10000.0,102.26033782958984
2012-01-23,10000.0,101.99687957763672
2012-01-24,10000.0,101.88057708740234
2012-01-25,10000.0,102.73309326171875
2012-01-26,10000.0,102.20613098144531
2012-01-27,10000.0,102.15961456298828
2012-01-30,10000.0,101.81085968017578
2012-01-31,10000.0,101.77206420898438
2012-02-01,10000.0,102.663330078125
2012-02-02,10000.0,102.82612609863281
2012-02-03,10000.0,104.26756286621094
2012-02-06,10000.0,104.19786071777344
2012-02-07,10000.0,104.46131134033203
2012-02-08,10000.0,104.77132415771484
2012-02-09,10000.0,104.903076171875
2012-02-10,10000.0,104.12808227539062
2012-02-13,10000.0,104.903076171875
2012-02-14,10000.0,104.77132415771484
2012-02-15,10000.0,104.2831039428711
2012-02-16,10000.0,105.4378433227539
2012-02-17,10000.0,105.71685791015625
2012-02-21,10000.0,105.76335906982422
2012-02-22,10000.0,105.42233276367188
2012-02-23,10000.0,105.88731384277344
2012-02-24,10000.0,106.11981201171875
2012-02-27,10000.0,106.29808044433594
2012-02-28,10000.0,106.60807037353516
2012-02-29,10000.0,106.18956756591797
2012-03-01,10000.0,106.73986053466797
2012-03-02,10000.0,106.4142837524414
2012-03-05,10000.0,105.9803237915039
2012-03-06,10000.0,104.43031311035156
2012-03-07,10000.0,105.1588363647461
2012-03-08,10000.0,106.20507049560547
2012-03-09,10000.0,106.6158218383789
2012-03-12,10000.0,106.62358856201172
2012-03-13,10000.0,108.5455551147461
2012-03-14,10000.0,108.4292984008789
2012-03-15,10000.0,109.05701446533203
2012-03-16,10000.0,109.20807647705078
2012-03-19,10000.0,109.63617706298828
2012-03-20,10000.0,109.3170394897461
2012-03-21,10000.0,109.13797760009766
2012-03-22,10000.0,108.35184478759766
2012-03-23,10000.0,108.70210266113281
2012-03-26,10000.0,110.2277603149414
2012-03-27,10000.0,109.88530731201172
2012-03-28,10000.0,109.34037780761719
2012-03-29,10000.0,109.1535873413086
2012-03-30,10000.0,109.60502624511719
2012-04-02,10000.0,110.40679931640625
2012-04-03,10000.0,109.9552993774414
2012-04-04,10000.0,108.86552429199219
2012-04-05,10000.0,108.81107330322266
2012-04-09,10000.0,107.58900451660156
2012-04-10,10000.0,105.78311920166016
2012-04-11,10000.0,106.63935852050781
2012-04-12,10000.0,108.03268432617188
2012-04-13,10000.0,106.74833679199219
2012-04-16,10000.0,106.67826843261719
2012-04-17,10000.0,108.25840759277344
2012-04-18,10000.0,107.89256286621094
2012-04-19,10000.0,107.19982147216797
2012-04-20,10000.0,107.37885284423828
2012-04-23,10000.0,106.47591400146484
2012-04-24,10000.0,106.8806381225586
2012-04-25,10000.0,108.34405517578125
2012-04-26,10000.0,109.0990982055664
2012-04-27,10000.0,109.27812194824219
2012-04-30,10000.0,108.87332153320312
2012-05-01,10000.0,109.55055236816406
2012-05-02,10000.0,109.2236557006836
2012-05-03,10000.0,108.39073944091797
2012-05-04,10000.0,106.63935852050781
2012-05-07,10000.0,106.71721649169922
2012-05-08,10000.0,106.28909301757812
2012-05-09,10000.0,105.65861511230469
2012-05-10,10000.0,105.87653350830078
2012-05-11,10000.0,105.55742645263672
2012-05-14,10000.0,104.38984680175781
2012-05-15,10000.0,103.79045104980469
2012-05-16,10000.0,103.39348602294922
2012-05-17,10000.0,101.86006164550781
2012-05-18,10000.0,100.98828887939453
2012-05-21,10000.0,102.72406768798828
2012-05-22,10000.0,102.903076171875
2012-05-23,10000.0,102.95760345458984
2012-05-24,10000.0,103.15999603271484
2012-05-25,10000.0,102.82527923583984
2012-05-29,10000.0,104.07069396972656
2012-05-30,10000.0,102.5606460571289
2012-05-31,10000.0,102.33488464355469
2012-06-01,10000.0,99.7584228515625
2012-06-04,10000.0,99.71171569824219
2012-06-05,10000.0,100.46673583984375
2012-06-06,10000.0,102.72406768798828
2012-06-07,10000.0,102.786376953125
2012-06-08,10000.0,103.60366821289062
2012-06-11,10000.0,102.28820037841797
2012-06-12,10000.0,103.4636001586914
2012-06-13,10000.0,102.80189514160156
2012-06-14,10000.0,103.89167022705078
2012-06-15,10000.0,104.9542007446289
2012-06-18,10000.0,105.15762329101562
2012-06-19,10000.0,106.17475891113281
2012-06-20,10000.0,106.00263214111328
2012-06-21,10000.0,103.62406921386719
2012-06-22,10000.0,104.4221420288086
2012-06-25,10000.0,102.7477035522461
2012-06-26,10000.0,103.26415252685547
2012-06-27,10000.0,104.19525909423828
2012-06-28,10000.0,103.89791107177734
2012-06-29,10000.0,106.48770141601562
2012-07-02,10000.0,106.80854797363281
2012-07-03,10000.0,107.51271057128906
2012-07-05,10000.0,107.0276107788086
2012-07-06,10000.0,106.01045989990234
2012-07-09,10000.0,105.87744140625
2012-07-10,10000.0,104.9542007446289
2012-07-11,10000.0,104.9698257446289
2012-07-12,10000.0,104.4612808227539
2012-07-13,10000.0,106.21388244628906
2012-07-16,10000.0,105.96348571777344
2012-07-17,10000.0,106.691162109375
2012-07-18,10000.0,107.48141479492188
2012-07-19,10000.0,107.76313781738281
2012-07-20,10000.0,106.77726745605469
2012-07-23,10000.0,105.69750213623047
2012-07-24,10000.0,104.78986358642578
2012-07-25,10000.0,104.81334686279297
2012-07-26,10000.0,106.54251098632812
2012-07-27,10000.0,108.50638580322266
2012-07-30,10000.0,108.50638580322266
2012-07-31,10000.0,107.74744415283203
2012-08-01,10000.0,107.65355682373047
2012-08-02,10000.0,106.91024780273438
2012-08-03,10000.0,109.03060913085938
2012-08-06,10000.0,109.24187469482422
2012-08-07,10000.0,109.78958892822266
2012-08-08,10000.0,109.92255401611328
2012-08-09,10000.0,110.01646423339844
2012-08-10,10000.0,110.1964111328125
2012-08-13,10000.0,110.14163208007812
2012-08-14,10000.0,110.15729522705078
2012-08-15,10000.0,110.28245544433594
2012-08-16,10000.0,111.09620666503906
2012-08-17,10000.0,111.2448501586914
2012-08-20,10000.0,111.25265502929688
2012-08-21,10000.0,110.91624450683594
2012-08-22,10000.0,110.96318817138672
2012-08-23,10000.0,110.05561828613281
2012-08-24,10000.0,110.72067260742188
2012-08-27,10000.0,110.74409484863281
2012-08-28,10000.0,110.63459777832031
2012-08-29,10000.0,110.72067260742188
2012-08-30,10000.0,109.92255401611328
2012-08-31,10000.0,110.4468002319336
2012-09-04,10000.0,110.34504699707031
2012-09-05,10000.0,110.25119018554688
2012-09-06,10000.0,112.48892211914062
2012-09-07,10000.0,112.92707824707031
2012-09-10,10000.0,112.28546142578125
2012-09-11,10000.0,112.59844970703125
2012-09-12,10000.0,112.97405242919922
2012-09-13,10000.0,114.69532012939453
2012-09-14,10000.0,115.20394897460938
2012-09-17,10000.0,114.81269836425781
2012-09-18,10000.0,114.71881103515625
2012-09-19,10000.0,114.7813949584961
2012-09-20,10000.0,114.78926849365234
2012-09-21,10000.0,114.74129486083984
2012-09-24,10000.0,114.56820678710938
2012-09-25,10000.0,113.3489761352539
2012-09-26,10000.0,112.7117919921875
2012-09-27,10000.0,113.77376556396484
2012-09-28,10000.0,113.24676513671875
2012-10-01,10000.0,113.545654296875
2012-10-02,10000.0,113.66363525390625
2012-10-03,10000.0,114.12771606445312
2012-10-04,10000.0,114.94578552246094
2012-10-05,10000.0,114.95368957519531
2012-10-08,10000.0,114.56031799316406
2012-10-09,10000.0,113.42765045166016
2012-10-10,10000.0,112.7039566040039
2012-10-11,10000.0,112.76686096191406
2012-10-12,10000.0,112.39716339111328
2012-10-15,10000.0,113.33328247070312
2012-10-16,10000.0,114.48167419433594
2012-10-17,10000.0,115.0008316040039
2012-10-18,10000.0,114.70195770263672
2012-10-19,10000.0,112.79048919677734
2012-10-22,10000.0,112.80622100830078
2012-10-23,10000.0,111.24092864990234
2012-10-24,10000.0,110.92623138427734
2012-10-25,10000.0,111.2487564086914
2012-10-26,10000.0,111.18584442138672
2012-10-31,10000.0,111.18584442138672
2012-11-01,10000.0,112.3499984741211
2012-11-02,10000.0,111.3509750366211
2012-11-05,10000.0,111.57913970947266
2012-11-06,10000.0,112.4522933959961
2012-11-07,10000.0,109.90369415283203
2012-11-08,10000.0,108.5821762084961
2012-11-09,10000.0,108.67658996582031
2012-11-12,10000.0,108.76312255859375
2012-11-13,10000.0,108.3855209350586
2012-11-14,10000.0,106.9224624633789
2012-11-15,10000.0,106.74153900146484
2012-11-16,10000.0,107.26854705810547
2012-11-19,10000.0,109.43961334228516
2012-11-20,10000.0,109.4867935180664
2012-11-21,10000.0,109.69129180908203
2012-11-23,10000.0,111.18584442138672
2012-11-26,10000.0,110.9498519897461
2012-11-27,10000.0,110.38352966308594
2012-11-28,10000.0,111.27238464355469
2012-11-29,10000.0,111.79153442382812
2012-11-30,10000.0,111.81512451171875
2012-12-03,10000.0,111.26453399658203
2012-12-04,10000.0,111.10717010498047
2012-12-05,10000.0,111.30384063720703
2012-12-06,10000.0,111.681396484375
2012-12-07,10000.0,112.0196533203125
2012-12-10,10000.0,112.06684112548828
2012-12-11,10000.0,112.8298568725586
2012-12-12,10000.0,112.8848648071289
2012-12-13,10000.0,112.19268798828125
2012-12-14,10000.0,111.77582550048828
2012-12-17,10000.0,113.08940124511719
2012-12-18,10000.0,114.34794616699219
2012-12-19,10000.0,113.49844360351562
2012-12-20,10000.0,114.15132141113281
2012-12-21,10000.0,113.1151351928711
2012-12-24,10000.0,112.7665786743164
2012-12-26,10000.0,112.29126739501953
2012-12-27,10000.0,112.1407470703125
2012-12-28,10000.0,110.92877960205078
2012-12-31,10000.0,112.81414794921875
2013-01-02,10000.0,115.70558166503906
2013-01-03,10000.0,115.44416809082031
2013-01-04,10000.0,115.95114135742188
2013-01-07,10000.0,115.63428497314453
2013-01-08,10000.0,115.30155944824219
2013-01-09,10000.0,115.59466552734375
2013-01-10,10000.0,116.51360321044922
2013-01-11,10000.0,116.50569915771484
2013-01-14,10000.0,116.42646026611328
2013-01-15,10000.0,116.50569915771484
2013-01-16,10000.0,116.48986053466797
2013-01-17,10000.0,117.24238586425781
2013-01-18,10000.0,117.50383758544922
2013-01-22,10000.0,118.13755798339844
2013-01-23,10000.0,118.32769012451172
2013-01-24,10000.0,118.35935974121094
2013-01-25,10000.0,119.02482604980469
2013-01-28,10000.0,118.88221740722656
2013-01-29,10000.0,119.34956359863281
2013-01-30,10000.0,118.88221740722656
2013-01-31,10000.0,118.589111328125
2013-02-01,10000.0,119.80908203125
2013-02-04,10000.0,118.46234893798828
2013-02-05,10000.0,119.65848541259766
2013-02-06,10000.0,119.74565887451172
2013-02-07,10000.0,119.5872802734375
2013-02-08,10000.0,120.25267028808594
2013-02-11,10000.0,120.22891235351562
2013-02-12,10000.0,120.4269790649414
2013-02-13,10000.0,120.52997589111328
2013-02-14,10000.0,120.6408462524414
2013-02-15,10000.0,120.49824523925781
2013-02-19,10000.0,121.40135955810547
2013-02-20,10000.0,119.88827514648438
2013-02-21,10000.0,119.15945434570312
2013-02-22,10000.0,120.32392883300781
2013-02-25,10000.0,118.03457641601562
2013-02-26,10000.0,118.84260559082031
2013-02-27,10000.0,120.33985137939453
2013-02-28,10000.0,120.10218048095703
2013-03-01,10000.0,120.49824523925781
2013-03-04,10000.0,121.13994598388672
2013-03-05,10000.0,122.22521209716797
2013-03-06,10000.0,122.39154815673828
2013-03-07,10000.0,122.61337280273438
2013-03-08,10000.0,123.1362075805664
2013-03-11,10000.0,123.60353088378906
2013-03-12,10000.0,123.32632446289062
2013-03-13,10000.0,123.5006103515625
2013-03-14,10000.0,124.15818786621094
2013-03-15,10000.0,123.99420166015625
2013-03-18,10000.0,123.30986022949219
2013-03-19,10000.0,123.02344512939453
2013-03-20,10000.0,123.88279724121094
2013-03-21,10000.0,122.82450103759766
2013-03-22,10000.0,123.81114959716797
2013-03-25,10000.0,123.29393768310547
2013-03-26,10000.0,124.28067779541016
2013-03-27,10000.0,124.28067779541016
2013-03-28,10000.0,124.66260528564453
2013-04-01,10000.0,124.16921997070312
2013-04-02,10000.0,124.7819595336914
2013-04-03,10000.0,123.51677703857422
2013-04-04,10000.0,124.01808166503906
2013-04-05,10000.0,123.46109771728516
2013-04-08,10000.0,124.29650115966797
2013-04-09,10000.0,124.72624206542969
2013-04-10,10000.0,126.25399017333984
2013-04-11,10000.0,126.66777038574219
2013-04-12,10000.0,126.35747528076172
2013-04-15,10000.0,123.42920684814453
2013-04-16,10000.0,125.2514419555664
2013-04-17,10000.0,123.42127227783203
2013-04-18,10000.0,122.64947509765625
2013-04-19,10000.0,123.7156982421875
2013-04-22,10000.0,124.26468658447266
2013-04-23,10000.0,125.54582214355469
2013-04-24,10000.0,125.6253433227539
2013-04-25,10000.0,126.13462829589844
2013-04-26,10000.0,125.9118881225586
2013-04-29,10000.0,126.7552719116211
2013-04-30,10000.0,127.05766296386719
2013-05-01,10000.0,125.94365692138672
2013-05-02,10000.0,127.11334991455078
2013-05-03,10000.0,128.40235900878906
2013-05-06,10000.0,128.72866821289062
2013-05-07,10000.0,129.381103515625
2013-05-08,10000.0,129.9698944091797
2013-05-09,10000.0,129.60391235351562
2013-05-10,10000.0,130.02566528320312
2013-05-13,10000.0,130.12908935546875
2013-05-14,10000.0,131.47381591796875
2013-05-15,10000.0,132.1819610595703
2013-05-16,10000.0,131.561279296875
2013-05-17,10000.0,132.83447265625
2013-05-20,10000.0,132.82644653320312
2013-05-21,10000.0,133.01742553710938
2013-05-22,10000.0,132.03076171875
2013-05-23,10000.0,131.64878845214844
2013-05-24,10000.0,131.53746032714844
2013-05-28,10000.0,132.32518005371094
2013-05-29,10000.0,131.4658203125
2013-05-30,10000.0,131.95118713378906
2013-05-31,10000.0,130.05743408203125
2013-06-03,10000.0,130.7735595703125
2013-06-04,10000.0,130.1449737548828
2013-06-05,10000.0,128.3228759765625
2013-06-06,10000.0,129.4845733642578
2013-06-07,10000.0,131.1316375732422
2013-06-10,10000.0,131.1316375732422
2013-06-11,10000.0,129.7789306640625
2013-06-12,10000.0,128.70474243164062
2013-06-13,10000.0,130.66217041015625
2013-06-14,10000.0,129.8426055908203
2013-06-17,10000.0,130.84518432617188
2013-06-18,10000.0,131.87960815429688
2013-06-19,10000.0,130.05743408203125
2013-06-20,10000.0,126.8348159790039
2013-06-21,10000.0,127.24207305908203
2013-06-24,10000.0,125.63411712646484
2013-06-25,10000.0,126.84202575683594
2013-06-26,10000.0,128.0978546142578
2013-06-27,10000.0,128.84983825683594
2013-06-28,10000.0,128.32186889648438
2013-07-01,10000.0,129.07379150390625
2013-07-02,10000.0,128.95384216308594
2013-07-03,10000.0,129.0098114013672
2013-07-05,10000.0,130.40170288085938
2013-07-08,10000.0,131.1455841064453
2013-07-09,10000.0,132.08949279785156
2013-07-10,10000.0,132.13751220703125
2013-07-11,10000.0,133.93727111816406
2013-07-12,10000.0,133.9932098388672
2013-07-15,10000.0,134.50518798828125
2013-07-16,10000.0,134.00125122070312
2013-07-17,10000.0,134.3452606201172
2013-07-18,10000.0,135.0811309814453
2013-07-19,10000.0,135.3211212158203
2013-07-22,10000.0,135.58505249023438
2013-07-23,10000.0,135.29713439941406
2013-07-24,10000.0,134.8011474609375
2013-07-25,10000.0,135.12911987304688
2013-07-26,10000.0,135.27313232421875
2013-07-29,10000.0,134.85719299316406
2013-07-30,10000.0,134.85719299316406
2013-07-31,10000.0,134.9531707763672
2013-08-01,10000.0,136.51296997070312
2013-08-02,10000.0,136.74497985839844
2013-08-05,10000.0,136.54498291015625
2013-08-06,10000.0,135.76907348632812
2013-08-07,10000.0,135.32911682128906
2013-08-08,10000.0,135.82508850097656
2013-08-09,10000.0,135.43309020996094
2013-08-12,10000.0,135.27313232421875
2013-08-13,10000.0,135.67312622070312
2013-08-14,10000.0,134.9771728515625
2013-08-15,10000.0,133.08934020996094
2013-08-16,10000.0,132.64942932128906
2013-08-19,10000.0,131.80154418945312
2013-08-20,10000.0,132.449462890625
2013-08-21,10000.0,131.63352966308594
2013-08-22,10000.0,132.83334350585938
2013-08-23,10000.0,133.2813720703125
2013-08-26,10000.0,132.78541564941406
2013-08-27,10000.0,130.6496124267578
2013-08-28,10000.0,131.11361694335938
2013-08-29,10000.0,131.32154846191406
2013-08-30,10000.0,130.90560913085938
2013-09-03,10000.0,131.49755859375
2013-09-04,10000.0,132.58541870117188
2013-09-05,10000.0,132.75344848632812
2013-09-06,10000.0,132.8173370361328
2013-09-09,10000.0,134.08926391601562
2013-09-10,10000.0,135.0811309814453
2013-09-11,10000.0,135.50509643554688
2013-09-12,10000.0,135.14517211914062
2013-09-13,10000.0,135.44911193847656
2013-09-16,10000.0,136.2329864501953
2013-09-17,10000.0,136.84095764160156
2013-09-18,10000.0,138.42477416992188
2013-09-19,10000.0,138.19277954101562
2013-09-20,10000.0,137.22659301757812
2013-09-23,10000.0,136.59156799316406
2013-09-24,10000.0,136.27011108398438
2013-09-25,10000.0,135.87620544433594
2013-09-26,10000.0,136.398681640625
2013-09-27,10000.0,135.77174377441406
2013-09-30,10000.0,135.04830932617188
2013-10-01,10000.0,136.11737060546875
2013-10-02,10000.0,135.9887237548828
2013-10-03,10000.0,134.73484802246094
2013-10-04,10000.0,135.7556610107422
2013-10-07,10000.0,134.58206176757812
2013-10-08,10000.0,133.0146942138672
2013-10-09,10000.0,133.11114501953125
2013-10-10,10000.0,135.980712890625
2013-10-11,10000.0,136.85687255859375
2013-10-14,10000.0,137.40345764160156
2013-10-15,10000.0,136.40670776367188
2013-10-16,10000.0,138.311767578125
2013-10-17,10000.0,139.23614501953125
2013-10-18,10000.0,140.17660522460938
2013-10-21,10000.0,140.18463134765625
2013-10-22,10000.0,140.9965362548828
2013-10-23,10000.0,140.32130432128906
2013-10-24,10000.0,140.7875518798828
2013-10-25,10000.0,141.43063354492188
2013-10-28,10000.0,141.6556396484375
2013-10-29,10000.0,142.41123962402344
2013-10-30,10000.0,141.70387268066406
2013-10-31,10000.0,141.30191040039062
2013-11-01,10000.0,141.63954162597656
2013-11-04,10000.0,142.13800048828125
2013-11-05,10000.0,141.68780517578125
2013-11-06,10000.0,142.41123962402344
2013-11-07,10000.0,140.61062622070312
2013-11-08,10000.0,142.50765991210938
2013-11-11,10000.0,142.53184509277344
2013-11-12,10000.0,142.24240112304688
2013-11-13,10000.0,143.3838348388672
2013-11-14,10000.0,144.0991973876953
2013-11-15,10000.0,144.7261505126953
2013-11-18,10000.0,144.21975708007812
2013-11-19,10000.0,143.90631103515625
2013-11-20,10000.0,143.45620727539062
2013-11-21,10000.0,144.61367797851562
2013-11-22,10000.0,145.33712768554688
2013-11-25,10000.0,145.19239807128906
2013-11-26,10000.0,145.23257446289062
2013-11-27,10000.0,145.58627319335938
2013-11-29,10000.0,145.4898223876953
2013-12-02,10000.0,145.1119842529297
2013-12-03,10000.0,144.48501586914062
2013-12-04,10000.0,144.46897888183594
2013-12-05,10000.0,143.83395385742188
2013-12-06,10000.0,145.4415740966797
2013-12-09,10000.0,145.81130981445312
2013-12-10,10000.0,145.288818359375
2013-12-11,10000.0,143.6571502685547
2013-12-12,10000.0,143.18289184570312
2013-12-13,10000.0,143.166748046875
2013-12-16,10000.0,144.05897521972656
2013-12-17,10000.0,143.60086059570312
2013-12-18,10000.0,146.05245971679688
2013-12-19,10000.0,145.8836669921875
2013-12-20,10000.0,146.7322235107422
2013-12-23,10000.0,147.5162353515625
2013-12-24,10000.0,147.8394775390625
2013-12-26,10000.0,148.59103393554688
2013-12-27,10000.0,148.5830078125
2013-12-30,10000.0,148.55874633789062
2013-12-31,10000.0,149.26181030273438
2014-01-02,10000.0,147.83140563964844
2014-01-03,10000.0,147.80712890625
2014-01-06,10000.0,147.37881469726562
2014-01-07,10000.0,148.2839813232422
2014-01-08,10000.0,148.31626892089844
2014-01-09,10000.0,148.41323852539062
2014-01-10,10000.0,148.81736755371094
2014-01-13,10000.0,146.8373260498047
2014-01-14,10000.0,148.43751525878906
2014-01-15,10000.0,149.2376251220703
2014-01-16,10000.0,149.04364013671875
2014-01-17,10000.0,148.41323852539062
2014-01-21,10000.0,148.84967041015625
2014-01-22,10000.0,148.94662475585938
2014-01-23,10000.0,147.7262725830078
2014-01-24,10000.0,144.574462890625
2014-01-27,10000.0,143.86322021484375
2014-01-28,10000.0,144.71987915039062
2014-01-29,10000.0,143.3297882080078
2014-01-30,10000.0,144.84918212890625
2014-01-31,10000.0,144.00059509277344
2014-02-03,10000.0,140.75979614257812
2014-02-04,10000.0,141.74583435058594
2014-02-05,10000.0,141.56800842285156
2014-02-06,10000.0,143.4348907470703
2014-02-07,10000.0,145.21287536621094
2014-02-10,10000.0,145.4795684814453
2014-02-11,10000.0,147.07167053222656
2014-02-12,10000.0,147.1444091796875
2014-02-13,10000.0,147.90411376953125
2014-02-14,10000.0,148.72036743164062
2014-02-18,10000.0,148.89817810058594
2014-02-19,10000.0,147.91217041015625
2014-02-20,10000.0,148.7849578857422
2014-02-21,10000.0,148.6153564453125
2014-02-24,10000.0,149.43966674804688
2014-02-25,10000.0,149.383056640625
2014-02-26,10000.0,149.39112854003906
2014-02-27,10000.0,150.17506408691406
2014-02-28,10000.0,150.55494689941406
2014-03-03,10000.0,149.49623107910156
2014-03-04,10000.0,151.5974884033203
2014-03-05,10000.0,151.7348175048828
2014-03-06,10000.0,152.08233642578125
2014-03-07,10000.0,152.14703369140625
2014-03-10,10000.0,152.0662384033203
2014-03-11,10000.0,151.3146514892578
2014-03-12,10000.0,151.3550262451172
2014-03-13,10000.0,149.65786743164062
2014-03-14,10000.0,149.2376251220703
2014-03-17,10000.0,150.58724975585938
2014-03-18,10000.0,151.66212463378906
2014-03-19,10000.0,150.85398864746094
2014-03-20,10000.0,151.7348175048828
2014-03-21,10000.0,151.14633178710938
2014-03-24,10000.0,150.52125549316406
2014-03-25,10000.0,151.2356414794922
2014-03-26,10000.0,150.14793395996094
2014-03-27,10000.0,149.83135986328125
2014-03-28,10000.0,150.57000732421875
2014-03-31,10000.0,151.8038330078125
2014-04-01,10000.0,152.8104248046875
2014-04-02,10000.0,153.32183837890625
2014-04-03,10000.0,153.11888122558594
2014-04-04,10000.0,151.30870056152344
2014-04-07,10000.0,149.63645935058594
2014-04-08,10000.0,150.25344848632812
2014-04-09,10000.0,151.86878967285156
2014-04-10,10000.0,148.67861938476562
2014-04-11,10000.0,147.3392333984375
2014-04-14,10000.0,148.50006103515625
2014-04-15,10000.0,149.52281188964844
2014-04-16,10000.0,151.0895233154297
2014-04-17,10000.0,151.30056762695312
2014-04-21,10000.0,151.82821655273438
2014-04-22,10000.0,152.5181884765625
2014-04-23,10000.0,152.16104125976562
2014-04-24,10000.0,152.46946716308594
2014-04-25,10000.0,151.2194366455078
2014-04-28,10000.0,151.6983184814453
2014-04-29,10000.0,152.40451049804688
2014-04-30,10000.0,152.85911560058594
2014-05-01,10000.0,152.87538146972656
2014-05-02,10000.0,152.65618896484375
2014-05-05,10000.0,152.94837951660156
2014-05-06,10000.0,151.61715698242188
2014-05-07,10000.0,152.5100555419922
2014-05-08,10000.0,152.34771728515625
2014-05-09,10000.0,152.5749969482422
2014-05-12,10000.0,154.0605010986328
2014-05-13,10000.0,154.19845581054688
2014-05-14,10000.0,153.46792602539062
2014-05-15,10000.0,152.12046813964844
2014-05-16,10000.0,152.64804077148438
2014-05-19,10000.0,153.2081298828125
2014-05-20,10000.0,152.24221801757812
2014-05-21,10000.0,153.52479553222656
2014-05-22,10000.0,153.89816284179688
2014-05-23,10000.0,154.51502990722656
2014-05-27,10000.0,155.46481323242188
2014-05-28,10000.0,155.35118103027344
2014-05-29,10000.0,156.15475463867188
2014-05-30,10000.0,156.40646362304688
2014-06-02,10000.0,156.58502197265625
2014-06-03,10000.0,156.50387573242188
2014-06-04,10000.0,156.82040405273438
2014-06-05,10000.0,157.84320068359375
2014-06-06,10000.0,158.59815979003906
2014-06-09,10000.0,158.7604522705078
2014-06-10,10000.0,158.77671813964844
2014-06-11,10000.0,158.2248077392578
2014-06-12,10000.0,157.10450744628906
2014-06-13,10000.0,157.58348083496094
2014-06-16,10000.0,157.71336364746094
2014-06-17,10000.0,158.1516571044922
2014-06-18,10000.0,159.31248474121094
2014-06-19,10000.0,159.49105834960938
2014-06-20,10000.0,159.8148956298828
2014-06-23,10000.0,159.76596069335938
2014-06-24,10000.0,158.80345153808594
2014-06-25,10000.0,159.5211944580078
2014-06-26,10000.0,159.40701293945312
2014-06-27,10000.0,159.7169647216797
2014-06-30,10000.0,159.63539123535156
2014-07-01,10000.0,160.70388793945312
2014-07-02,10000.0,160.86703491210938
2014-07-03,10000.0,161.65814208984375
2014-07-07,10000.0,161.0954132080078
2014-07-08,10000.0,160.0595245361328
2014-07-09,10000.0,160.7772674560547
2014-07-10,10000.0,160.14112854003906
2014-07-11,10000.0,160.36129760742188
2014-07-14,10000.0,161.1688232421875
2014-07-15,10000.0,160.86703491210938
2014-07-16,10000.0,161.4624481201172
2014-07-17,10000.0,159.62722778320312
2014-07-18,10000.0,161.25851440429688
2014-07-21,10000.0,160.95672607421875
2014-07-22,10000.0,161.65814208984375
2014-07-23,10000.0,162.01707458496094
2014-07-24,10000.0,162.02520751953125
2014-07-25,10000.0,161.2666778564453
2014-07-28,10000.0,161.33192443847656
2014-07-29,10000.0,160.6385955810547
2014-07-30,10000.0,160.66311645507812
2014-07-31,10000.0,157.49026489257812
2014-08-01,10000.0,157.00906372070312
2014-08-04,10000.0,158.1427764892578
2014-08-05,10000.0,156.60940551757812
2014-08-06,10000.0,156.65835571289062
2014-08-07,10000.0,155.8101348876953
2014-08-08,10000.0,157.61264038085938
2014-08-11,10000.0,158.06944274902344
2014-08-12,10000.0,157.84918212890625
2014-08-13,10000.0,158.9176483154297
2014-08-14,10000.0,159.66807556152344
2014-08-15,10000.0,159.63539123535156
2014-08-18,10000.0,160.97300720214844
2014-08-19,10000.0,161.8131561279297
2014-08-20,10000.0,162.24545288085938
2014-08-21,10000.0,162.71847534179688
2014-08-22,10000.0,162.46563720703125
2014-08-25,10000.0,163.28948974609375
2014-08-26,10000.0,163.39547729492188
2014-08-27,10000.0,163.33023071289062
2014-08-28,10000.0,163.24049377441406
2014-08-29,10000.0,163.7053985595703
2014-09-02,10000.0,163.6238250732422
2014-09-03,10000.0,163.5341796875
2014-09-04,10000.0,163.29762268066406
2014-09-05,10000.0,164.0316925048828
2014-09-08,10000.0,163.6074981689453
2014-09-09,10000.0,162.57168579101562
2014-09-10,10000.0,163.18344116210938
2014-09-11,10000.0,163.37098693847656
2014-09-12,10000.0,162.41673278808594
2014-09-15,10000.0,162.29437255859375
2014-09-16,10000.0,163.517822265625
2014-09-17,10000.0,163.73805236816406
2014-09-18,10000.0,164.61074829101562
2014-09-19,10000.0,164.4624481201172
2014-09-22,10000.0,163.19232177734375
2014-09-23,10000.0,162.2581787109375
2014-09-24,10000.0,163.52825927734375
2014-09-25,10000.0,160.8897247314453
2014-09-26,10000.0,162.16799926757812
2014-09-29,10000.0,161.87298583984375
2014-09-30,10000.0,161.4468994140625
2014-10-01,10000.0,159.2589569091797
2014-10-02,10000.0,159.2836151123047
2014-10-03,10000.0,161.03717041015625
2014-10-06,10000.0,160.84869384765625
2014-10-07,10000.0,158.36578369140625
2014-10-08,10000.0,161.135498046875
2014-10-09,10000.0,157.93968200683594
2014-10-10,10000.0,156.13687133789062
2014-10-13,10000.0,153.57203674316406
2014-10-14,10000.0,153.80966186523438
2014-10-15,10000.0,152.76901245117188
2014-10-16,10000.0,152.6378936767578
2014-10-17,10000.0,154.44064331054688
2014-10-20,10000.0,155.9402618408203
2014-10-21,10000.0,159.02951049804688
2014-10-22,10000.0,157.89874267578125
2014-10-23,10000.0,159.7342529296875
2014-10-24,10000.0,160.9634246826172
2014-10-27,10000.0,160.74215698242188
2014-10-28,10000.0,162.58590698242188
2014-10-29,10000.0,162.34010314941406
2014-10-30,10000.0,163.38076782226562
2014-10-31,10000.0,165.24916076660156
2014-11-03,10000.0,165.3392791748047
2014-11-04,10000.0,164.76565551757812
2014-11-05,10000.0,165.80633544921875
2014-11-06,10000.0,166.47006225585938
2014-11-07,10000.0,166.62576293945312
2014-11-10,10000.0,167.15023803710938
2014-11-11,10000.0,167.3141326904297
2014-11-12,10000.0,167.1338653564453
2014-11-13,10000.0,167.32229614257812
2014-11-14,10000.0,167.36325073242188
2014-11-17,10000.0,167.46981811523438
2014-11-18,10000.0,168.436767578125
2014-11-19,10000.0,168.16629028320312
2014-11-20,10000.0,168.4613800048828
2014-11-21,10000.0,169.36276245117188
2014-11-24,10000.0,169.83799743652344
2014-11-25,10000.0,169.71507263183594
2014-11-26,10000.0,170.14944458007812
2014-11-28,10000.0,169.7887725830078
2014-12-01,10000.0,168.6088409423828
2014-12-02,10000.0,169.6986541748047
2014-12-03,10000.0,170.354248046875
2014-12-04,10000.0,170.16574096679688
2014-12-05,10000.0,170.4444122314453
2014-12-08,10000.0,169.30532836914062
2014-12-09,10000.0,169.190673828125
2014-12-10,10000.0,166.47833251953125
2014-12-11,10000.0,167.32229614257812
2014-12-12,10000.0,164.61814880371094
2014-12-15,10000.0,163.4872589111328
2014-12-16,10000.0,162.17616271972656
2014-12-17,10000.0,165.3556671142578
2014-12-18,10000.0,169.4447021484375
2014-12-19,10000.0,170.1656494140625
2014-12-22,10000.0,170.9484100341797
2014-12-23,10000.0,171.17910766601562
2014-12-24,10000.0,171.1956024169922
2014-12-26,10000.0,171.7476806640625
2014-12-29,10000.0,171.9783477783203
2014-12-30,10000.0,171.05552673339844
2014-12-31,10000.0,169.358154296875
2015-01-02,10000.0,169.26751708984375
2015-01-05,10000.0,166.21063232421875
2015-01-06,10000.0,164.6451416015625
2015-01-07,10000.0,166.69676208496094
2015-01-08,10000.0,169.65476989746094
2015-01-09,10000.0,168.29525756835938
2015-01-12,10000.0,166.9768524169922
2015-01-13,10000.0,166.50723266601562
2015-01-14,10000.0,165.5020294189453
2015-01-15,10000.0,163.9859619140625
2015-01-16,10000.0,166.13644409179688
2015-01-20,10000.0,166.49073791503906
2015-01-21,10000.0,167.33119201660156
2015-01-22,10000.0,169.81964111328125
2015-01-23,10000.0,168.88845825195312
2015-01-26,10000.0,169.2840118408203
2015-01-27,10000.0,167.05105590820312
2015-01-28,10000.0,164.90872192382812
2015-01-29,10000.0,166.43307495117188
2015-01-30,10000.0,164.34022521972656
2015-02-02,10000.0,166.37539672851562
2015-02-03,10000.0,168.78138732910156
2015-02-04,10000.0,168.13865661621094
2015-02-05,10000.0,169.8361053466797
2015-02-06,10000.0,169.3664093017578
2015-02-09,10000.0,168.6083221435547
2015-02-10,10000.0,170.4045867919922
2015-02-11,10000.0,170.50347900390625
2015-02-12,10000.0,172.14317321777344
2015-02-13,10000.0,172.8517608642578
2015-02-17,10000.0,173.12368774414062
2015-02-18,10000.0,173.14015197753906
2015-02-19,10000.0,173.01658630371094
2015-02-20,10000.0,174.05479431152344
2015-02-23,10000.0,174.03009033203125
2015-02-24,10000.0,174.52442932128906
2015-02-25,10000.0,174.3760986328125
2015-02-26,10000.0,174.170166015625
2015-02-27,10000.0,173.5768585205078
2015-03-02,10000.0,174.67276000976562
2015-03-03,10000.0,173.95584106445312
2015-03-04,10000.0,173.2225341796875
2015-03-05,10000.0,173.4120635986328
2015-03-06,10000.0,170.97311401367188
2015-03-09,10000.0,171.68174743652344
2015-03-10,10000.0,168.896728515625
2015-03-11,10000.0,168.50125122070312
2015-03-12,10000.0,170.64356994628906
2015-03-13,10000.0,169.5971221923828
2015-03-16,10000.0,171.863037109375
2015-03-17,10000.0,171.35211181640625
2015-03-18,10000.0,173.4120635986328
2015-03-19,10000.0,172.6210479736328
2015-03-20,10000.0,174.144775390625
2015-03-23,10000.0,173.805419921875
2015-03-24,10000.0,172.82882690429688
2015-03-25,10000.0,170.29623413085938
2015-03-26,10000.0,169.8907012939453
2015-03-27,10000.0,170.27969360351562
2015-03-30,10000.0,172.35707092285156
2015-03-31,10000.0,170.8507080078125
2015-04-01,10000.0,170.2465362548828
2015-04-02,10000.0,170.8590087890625
2015-04-06,10000.0,172.0094451904297
2015-04-07,10000.0,171.55419921875
2015-04-08,10000.0,172.1335906982422
2015-04-09,10000.0,172.89503479003906
2015-04-10,10000.0,173.8385772705078
2015-04-13,10000.0,173.05223083496094
2015-04-14,10000.0,173.3833770751953
2015-04-15,10000.0,174.16128540039062
2015-04-16,10000.0,174.1116943359375
2015-04-17,10000.0,172.1087646484375
2015-04-20,10000.0,173.68128967285156
2015-04-21,10000.0,173.47438049316406
2015-04-22,10000.0,174.32687377929688
2015-04-23,10000.0,174.7655487060547
2015-04-24,10000.0,175.17108154296875
2015-04-27,10000.0,174.44276428222656
2015-04-28,10000.0,174.99725341796875
2015-04-29,10000.0,174.27723693847656
2015-04-30,10000.0,172.5308074951172
2015-05-01,10000.0,174.40135192871094
2015-05-04,10000.0,174.89796447753906
2015-05-05,10000.0,172.89503479003906
2015-05-06,10000.0,172.18324279785156
2015-05-07,10000.0,172.8701934814453
2015-05-08,10000.0,175.14620971679688
2015-05-11,10000.0,174.31027221679688
2015-05-12,10000.0,173.7888946533203
2015-05-13,10000.0,173.82199096679688
2015-05-14,10000.0,175.63455200195312
2015-05-15,10000.0,175.82489013671875
2015-05-18,10000.0,176.37107849121094
2015-05-19,10000.0,176.3131866455078
2015-05-20,10000.0,176.18907165527344
2015-05-21,10000.0,176.70220947265625
2015-05-22,10000.0,176.28012084960938
2015-05-26,10000.0,174.384765625
2015-05-27,10000.0,176.04010009765625
2015-05-28,10000.0,175.84144592285156
2015-05-29,10000.0,174.74891662597656
2015-06-01,10000.0,175.10482788085938
2015-06-02,10000.0,174.93104553222656
2015-06-03,10000.0,175.3944549560547
2015-06-04,10000.0,173.91302490234375
2015-06-05,10000.0,173.61509704589844
2015-06-08,10000.0,172.54742431640625
2015-06-09,10000.0,172.52259826660156
2015-06-10,10000.0,174.59165954589844
2015-06-11,10000.0,175.15447998046875
2015-06-12,10000.0,173.81370544433594
2015-06-15,10000.0,173.06884765625
2015-06-16,10000.0,174.0123748779297
2015-06-17,10000.0,174.2937774658203
2015-06-18,10000.0,176.10626220703125
2015-06-19,10000.0,175.324462890625
2015-06-22,10000.0,176.2227325439453
2015-06-23,10000.0,176.3474884033203
2015-06-24,10000.0,175.06671142578125
2015-06-25,10000.0,174.53443908691406
2015-06-26,10000.0,174.5011444091797
2015-06-29,10000.0,170.84176635742188
2015-06-30,10000.0,171.19943237304688
2015-07-01,10000.0,172.57167053222656
2015-07-02,10000.0,172.41366577148438
2015-07-06,10000.0,171.9230194091797
2015-07-07,10000.0,173.00416564941406
2015-07-08,10000.0,170.10159301757812
2015-07-09,10000.0,170.4093475341797
2015-07-10,10000.0,172.5550537109375
2015-07-13,10000.0,174.4595947265625
2015-07-14,10000.0,175.2163848876953
2015-07-15,10000.0,175.1581573486328
2015-07-16,10000.0,176.56369018554688
2015-07-17,10000.0,176.71337890625
2015-07-20,10000.0,176.80490112304688
2015-07-21,10000.0,176.10630798339844
2015-07-22,10000.0,175.7902374267578
2015-07-23,10000.0,174.80056762695312
2015-07-24,10000.0,172.98751831054688
2015-07-27,10000.0,171.98117065429688
2015-07-28,10000.0,174.09364318847656
2015-07-29,10000.0,175.29122924804688
2015-07-30,10000.0,175.3328399658203
2015-07-31,10000.0,175.06671142578125
2015-08-03,10000.0,174.4761962890625
2015-08-04,10000.0,174.13523864746094
2015-08-05,10000.0,174.70909118652344
2015-08-06,10000.0,173.27867126464844
2015-08-07,10000.0,172.94593811035156
2015-08-10,10000.0,175.1248779296875
2015-08-11,10000.0,173.54473876953125
2015-08-12,10000.0,173.7526397705078
2015-08-13,10000.0,173.53643798828125
2015-08-14,10000.0,174.1685028076172
2015-08-17,10000.0,175.14154052734375
2015-08-18,10000.0,174.6342315673828
2015-08-19,10000.0,173.25367736816406
2015-08-20,10000.0,169.63587951660156
2015-08-21,10000.0,164.52944946289062
2015-08-24,10000.0,157.60165405273438
2015-08-25,10000.0,155.7469482421875
2015-08-26,10000.0,161.72669982910156
2015-08-27,10000.0,165.72702026367188
2015-08-28,10000.0,165.7353973388672
2015-08-31,10000.0,164.3963165283203
2015-09-01,10000.0,159.489501953125
2015-09-02,10000.0,162.5167694091797
2015-09-03,10000.0,162.6332244873047
2015-09-04,10000.0,160.1714630126953
2015-09-08,10000.0,164.1967315673828
2015-09-09,10000.0,162.0011444091797
2015-09-10,10000.0,162.88267517089844
2015-09-11,10000.0,163.6229248046875
2015-09-14,10000.0,163.01576232910156
2015-09-15,10000.0,165.0534210205078
2015-09-16,10000.0,166.48385620117188
2015-09-17,10000.0,166.10963439941406
2015-09-18,10000.0,163.39511108398438
2015-09-21,10000.0,164.23953247070312
2015-09-22,10000.0,162.1077117919922
2015-09-23,10000.0,161.84854125976562
2015-09-24,10000.0,161.2633056640625
2015-09-25,10000.0,161.22157287597656
2015-09-28,10000.0,157.17530822753906
2015-09-29,10000.0,157.26727294921875
2015-09-30,10000.0,160.2016143798828
2015-10-01,10000.0,160.61964416503906
2015-10-02,10000.0,163.0189208984375
2015-10-05,10000.0,165.91981506347656
2015-10-06,10000.0,165.3513641357422
2015-10-07,10000.0,166.7056884765625
2015-10-08,10000.0,168.21043395996094
2015-10-09,10000.0,168.31080627441406
2015-10-12,10000.0,168.4696807861328
2015-10-13,10000.0,167.40792846679688
2015-10-14,10000.0,166.60533142089844
2015-10-15,10000.0,169.1634979248047
2015-10-16,10000.0,169.9325714111328
2015-10-19,10000.0,170.01622009277344
2015-10-20,10000.0,169.79881286621094
2015-10-21,10000.0,168.7454833984375
2015-10-22,10000.0,171.59625244140625
2015-10-23,10000.0,173.4772186279297
2015-10-26,10000.0,173.05087280273438
2015-10-27,10000.0,172.7164306640625
2015-10-28,10000.0,174.6809844970703
2015-10-29,10000.0,174.58071899414062
2015-10-30,10000.0,173.82830810546875
2015-11-02,10000.0,175.88490295410156
2015-11-03,10000.0,176.3948516845703
2015-11-04,10000.0,175.85975646972656
2015-11-05,10000.0,175.6842498779297
2015-11-06,10000.0,175.5923309326172
2015-11-09,10000.0,173.95375061035156
2015-11-10,10000.0,174.35499572753906
2015-11-11,10000.0,173.6695098876953
2015-11-12,10000.0,171.2451171875
2015-11-13,10000.0,169.32229614257812
2015-11-16,10000.0,171.8971405029297
2015-11-17,10000.0,171.77175903320312
2015-11-18,10000.0,174.4971466064453
2015-11-19,10000.0,174.3466339111328
2015-11-20,10000.0,174.98199462890625
2015-11-23,10000.0,174.78135681152344
2015-11-24,10000.0,175.0154571533203
2015-11-25,10000.0,174.99037170410156
2015-11-27,10000.0,175.1910400390625
2015-11-30,10000.0,174.46363830566406
2015-12-01,10000.0,176.1273193359375
2015-12-02,10000.0,174.32997131347656
2015-12-03,10000.0,171.8887939453125
2015-12-04,10000.0,175.2411651611328
2015-12-07,10000.0,174.17950439453125
2015-12-08,10000.0,173.00909423828125
2015-12-09,10000.0,171.66310119628906
2015-12-10,10000.0,172.106201171875
2015-12-11,10000.0,168.77053833007812
2015-12-14,10000.0,169.62326049804688
2015-12-15,10000.0,171.40394592285156
2015-12-16,10000.0,173.9119110107422
2015-12-17,10000.0,171.2617950439453
2015-12-18,10000.0,168.21078491210938
2015-12-21,10000.0,169.59837341308594
2015-12-22,10000.0,171.1373291015625
2015-12-23,10000.0,173.25665283203125
2015-12-24,10000.0,172.9706573486328
2015-12-28,10000.0,172.57540893554688
2015-12-29,10000.0,174.4171142578125
2015-12-30,10000.0,173.1809539794922
2015-12-31,10000.0,171.44850158691406
2016-01-04,10000.0,169.05172729492188
2016-01-05,10000.0,169.33767700195312
2016-01-06,10000.0,167.2016143798828
2016-01-07,10000.0,163.19020080566406
2016-01-08,10000.0,161.39895629882812
2016-01-11,10000.0,161.55874633789062
2016-01-12,10000.0,162.86224365234375
2016-01-13,10000.0,158.80035400390625
2016-01-14,10000.0,161.4073486328125
2016-01-15,10000.0,157.94253540039062
2016-01-19,10000.0,158.15272521972656
2016-01-20,10000.0,156.1260528564453
2016-01-21,10000.0,157.00064086914062
2016-01-22,10000.0,160.2215576171875
2016-01-25,10000.0,157.799560546875
2016-01-26,10000.0,159.95245361328125
2016-01-27,10000.0,158.21168518066406
2016-01-28,10000.0,159.0358428955078
2016-01-29,10000.0,162.9127197265625
2016-02-01,10000.0,162.8538360595703
2016-02-02,10000.0,159.91883850097656
2016-02-03,10000.0,160.87753295898438
2016-02-04,10000.0,161.12985229492188
2016-02-05,10000.0,158.060302734375
2016-02-08,10000.0,155.93260192871094
2016-02-09,10000.0,155.94105529785156
2016-02-10,10000.0,155.8064727783203
2016-02-11,10000.0,153.7797393798828
2016-02-12,10000.0,156.95022583007812
2016-02-16,10000.0,159.5992431640625
2016-02-17,10000.0,162.20623779296875
2016-02-18,10000.0,161.54185485839844
2016-02-19,10000.0,161.46620178222656
2016-02-22,10000.0,163.80406188964844
2016-02-23,10000.0,161.73533630371094
2016-02-24,10000.0,162.4753875732422
2016-02-25,10000.0,164.4432830810547
2016-02-26,10000.0,164.06478881835938
2016-02-29,10000.0,162.77813720703125
2016-03-01,10000.0,166.60452270507812
2016-03-02,10000.0,167.3529815673828
2016-03-03,10000.0,168.00900268554688
2016-03-04,10000.0,168.55557250976562
2016-03-07,10000.0,168.6901397705078
2016-03-08,10000.0,166.84841918945312
2016-03-09,10000.0,167.67259216308594
2016-03-10,10000.0,167.80715942382812
2016-03-11,10000.0,170.5150604248047
2016-03-14,10000.0,170.29640197753906
2016-03-15,10000.0,170.01889038085938
2016-03-16,10000.0,171.00277709960938
2016-03-17,10000.0,172.08767700195312
2016-03-18,10000.0,172.76390075683594
2016-03-21,10000.0,173.00901794433594
2016-03-22,10000.0,172.9160919189453
2016-03-23,10000.0,171.77490234375
2016-03-24,10000.0,171.6988525390625
2016-03-28,10000.0,171.8002471923828
2016-03-29,10000.0,173.3894500732422
2016-03-30,10000.0,174.15025329589844
2016-03-31,10000.0,173.7276153564453
2016-04-01,10000.0,174.9109649658203
2016-04-04,10000.0,174.34463500976562
2016-04-05,10000.0,172.60328674316406
2016-04-06,10000.0,174.48831176757812
2016-04-07,10000.0,172.40042114257812
2016-04-08,10000.0,172.8653564453125
2016-04-11,10000.0,172.45962524414062
2016-04-12,10000.0,174.0656280517578
2016-04-13,10000.0,175.82394409179688
2016-04-14,10000.0,175.83238220214844
2016-04-15,10000.0,175.63795471191406
2016-04-18,10000.0,176.87208557128906
2016-04-19,10000.0,177.42999267578125
2016-04-20,10000.0,177.59902954101562
2016-04-21,10000.0,176.64389038085938
2016-04-22,10000.0,176.64389038085938
2016-04-25,10000.0,176.33949279785156
2016-04-26,10000.0,176.6016082763672
2016-04-27,10000.0,176.96510314941406
2016-04-28,10000.0,175.35902404785156
2016-04-29,10000.0,174.4122314453125
2016-05-02,10000.0,175.7985076904297
2016-05-03,10000.0,174.26856994628906
2016-05-04,10000.0,173.29644775390625
2016-05-05,10000.0,173.26263427734375
2016-05-06,10000.0,173.8966064453125
2016-05-09,10000.0,174.0403594970703
2016-05-10,10000.0,176.2042999267578
2016-05-11,10000.0,174.55592346191406
2016-05-12,10000.0,174.606689453125
2016-05-13,10000.0,173.0851287841797
2016-05-16,10000.0,174.7926483154297
2016-05-17,10000.0,173.1612091064453
2016-05-18,10000.0,173.21197509765625
2016-05-19,10000.0,172.61170959472656
2016-05-20,10000.0,173.7021942138672
2016-05-23,10000.0,173.4654998779297
2016-05-24,10000.0,175.7140655517578
2016-05-25,10000.0,176.90591430664062
2016-05-26,10000.0,176.95663452148438
2016-05-27,10000.0,177.7174072265625
2016-05-31,10000.0,177.37924194335938
2016-06-01,10000.0,177.74273681640625
2016-06-02,10000.0,178.28375244140625
2016-06-03,10000.0,177.751220703125
2016-06-06,10000.0,178.65573120117188
2016-06-07,10000.0,178.9346160888672
2016-06-08,10000.0,179.51788330078125
2016-06-09,10000.0,179.27272033691406
2016-06-10,10000.0,177.5736846923828
2016-06-13,10000.0,176.2042999267578
2016-06-14,10000.0,175.8577423095703
2016-06-15,10000.0,175.61257934570312
2016-06-16,10000.0,176.1366424560547
2016-06-17,10000.0,175.48069763183594
2016-06-20,10000.0,176.61083984375
2016-06-21,10000.0,177.1121368408203
2016-06-22,10000.0,176.8232421875
2016-06-23,10000.0,179.12591552734375
2016-06-24,10000.0,172.6936798095703
2016-06-27,10000.0,169.60076904296875
2016-06-28,10000.0,172.65969848632812
2016-06-29,10000.0,175.5996551513672
2016-06-30,10000.0,177.9958038330078
2016-07-01,10000.0,178.36965942382812
2016-07-05,10000.0,177.08668518066406
2016-07-06,10000.0,178.1487579345703
2016-07-07,10000.0,178.0382843017578
2016-07-08,10000.0,180.68934631347656
2016-07-11,10000.0,181.32667541503906
2016-07-12,10000.0,182.6437225341797
2016-07-13,10000.0,182.6182403564453
2016-07-14,10000.0,183.6378173828125
2016-07-15,10000.0,183.39144897460938
2016-07-18,10000.0,183.88429260253906
2016-07-19,10000.0,183.69735717773438
2016-07-20,10000.0,184.46202087402344
2016-07-21,10000.0,183.7653350830078
2016-07-22,10000.0,184.5895538330078
2016-07-25,10000.0,184.0881805419922
2016-07-26,10000.0,184.17320251464844
2016-07-27,10000.0,183.97775268554688
2016-07-28,10000.0,184.190185546875
2016-07-29,10000.0,184.48757934570312
2016-08-01,10000.0,184.33460998535156
2016-08-02,10000.0,183.15354919433594
2016-08-03,10000.0,183.68885803222656
2016-08-04,10000.0,183.88429260253906
2016-08-05,10000.0,185.38824462890625
2016-08-08,10000.0,185.27781677246094
2016-08-09,10000.0,185.38824462890625
2016-08-10,10000.0,184.92942810058594
2016-08-11,10000.0,185.78762817382812
2016-08-12,10000.0,185.626220703125
2016-08-15,10000.0,186.16151428222656
2016-08-16,10000.0,185.2013702392578
2016-08-17,10000.0,185.54969787597656
2016-08-18,10000.0,185.96604919433594
2016-08-19,10000.0,185.694091796875
2016-08-22,10000.0,185.68565368652344
2016-08-23,10000.0,186.0594940185547
2016-08-24,10000.0,185.1078338623047
2016-08-25,10000.0,184.98040771484375
2016-08-26,10000.0,184.6320037841797
2016-08-29,10000.0,185.54122924804688
2016-08-30,10000.0,185.2352752685547
2016-08-31,10000.0,184.70848083496094
2016-09-01,10000.0,184.71697998046875
2016-09-02,10000.0,185.54969787597656
2016-09-06,10000.0,186.11048889160156
2016-09-07,10000.0,186.09349060058594
2016-09-08,10000.0,185.66864013671875
2016-09-09,10000.0,181.2247314453125
2016-09-12,10000.0,183.8247528076172
2016-09-13,10000.0,181.18222045898438
2016-09-14,10000.0,181.1143035888672
2016-09-15,10000.0,182.9241485595703
2016-09-16,10000.0,182.21697998046875
2016-09-19,10000.0,182.2511749267578
2016-09-20,10000.0,182.25973510742188
2016-09-21,10000.0,184.309326171875
2016-09-22,10000.0,185.470703125
2016-09-23,10000.0,184.45445251464844
2016-09-26,10000.0,182.95997619628906
2016-09-27,10000.0,184.09576416015625
2016-09-28,10000.0,185.00953674316406
2016-09-29,10000.0,183.33575439453125
2016-09-30,10000.0,184.71925354003906
2016-10-03,10000.0,184.2751007080078
2016-10-04,10000.0,183.33575439453125
2016-10-05,10000.0,184.1470184326172
2016-10-06,10000.0,184.2751007080078
2016-10-07,10000.0,183.64315795898438
2016-10-10,10000.0,184.59967041015625
2016-10-11,10000.0,182.26824951171875
2016-10-12,10000.0,182.50738525390625
2016-10-13,10000.0,181.90956115722656
2016-10-14,10000.0,182.00344848632812
2016-10-17,10000.0,181.37156677246094
2016-10-18,10000.0,182.50738525390625
2016-10-19,10000.0,182.99412536621094
2016-10-20,10000.0,182.65255737304688
2016-10-21,10000.0,182.73789978027344
2016-10-24,10000.0,183.5150604248047
2016-10-25,10000.0,182.90023803710938
2016-10-26,10000.0,182.53302001953125
2016-10-27,10000.0,182.04623413085938
2016-10-28,10000.0,181.50816345214844
2016-10-31,10000.0,181.5167694091797
2016-11-01,10000.0,180.2015838623047
2016-11-02,10000.0,179.11697387695312
2016-11-03,10000.0,178.29713439941406
2016-11-04,10000.0,178.10072326660156
2016-11-07,10000.0,182.0291748046875
2016-11-08,10000.0,182.8489532470703
2016-11-09,10000.0,184.7875213623047
2016-11-10,10000.0,185.24864196777344
2016-11-11,10000.0,184.82168579101562
2016-11-14,10000.0,184.96682739257812
2016-11-15,10000.0,186.41015625
2016-11-16,10000.0,186.05995178222656
2016-11-17,10000.0,187.0164794921875
2016-11-18,10000.0,186.59803771972656
2016-11-21,10000.0,188.00714111328125
2016-11-22,10000.0,188.37432861328125
2016-11-23,10000.0,188.47677612304688
2016-11-25,10000.0,189.17709350585938
2016-11-28,10000.0,188.28887939453125
2016-11-29,10000.0,188.65614318847656
2016-11-30,10000.0,188.20350646972656
2016-12-01,10000.0,187.5117645263672
2016-12-02,10000.0,187.60568237304688
2016-12-05,10000.0,188.73300170898438
2016-12-06,10000.0,189.33078002929688
2016-12-07,10000.0,191.80735778808594
2016-12-08,10000.0,192.2770538330078
2016-12-09,10000.0,193.43846130371094
2016-12-12,10000.0,193.21646118164062
2016-12-13,10000.0,194.50604248046875
2016-12-14,10000.0,192.9004669189453
2016-12-15,10000.0,193.6947021484375
2016-12-16,10000.0,193.3158721923828
2016-12-19,10000.0,193.73683166503906
2016-12-20,10000.0,194.48411560058594
2016-12-21,10000.0,193.94297790527344
2016-12-22,10000.0,193.60794067382812
2016-12-23,10000.0,193.89141845703125
2016-12-27,10000.0,194.3724822998047
2016-12-28,10000.0,192.76611328125
2016-12-29,10000.0,192.72317504882812
2016-12-30,10000.0,192.01873779296875
2017-01-03,10000.0,193.48770141601562
2017-01-04,10000.0,194.6387939453125
2017-01-05,10000.0,194.48411560058594
2017-01-06,10000.0,195.17994689941406
2017-01-09,10000.0,194.53570556640625
2017-01-10,10000.0,194.53570556640625
2017-01-11,10000.0,195.08547973632812
2017-01-12,10000.0,194.5958251953125
2017-01-13,10000.0,195.0425262451172
2017-01-17,10000.0,194.35528564453125
2017-01-18,10000.0,194.7848358154297
2017-01-19,10000.0,194.0632781982422
2017-01-20,10000.0,194.77626037597656
2017-01-23,10000.0,194.26939392089844
2017-01-24,10000.0,195.51504516601562
2017-01-25,10000.0,197.207275390625
2017-01-26,10000.0,197.00108337402344
2017-01-27,10000.0,196.6918487548828
2017-01-30,10000.0,195.4720458984375
2017-01-31,10000.0,195.45486450195312
2017-02-01,10000.0,195.53216552734375
2017-02-02,10000.0,195.66104125976562
2017-02-03,10000.0,197.00965881347656
2017-02-06,10000.0,196.65750122070312
2017-02-07,10000.0,196.66610717773438
2017-02-08,10000.0,196.92379760742188
2017-02-09,10000.0,198.09207153320312
2017-02-10,10000.0,198.87380981445312
2017-02-13,10000.0,199.95614624023438
2017-02-14,10000.0,200.75509643554688
2017-02-15,10000.0,201.80313110351562
2017-02-16,10000.0,201.63125610351562
2017-02-17,10000.0,201.94911193847656
2017-02-21,10000.0,203.15176391601562
2017-02-22,10000.0,202.9713592529297
2017-02-23,10000.0,203.10879516601562
2017-02-24,10000.0,203.3665313720703
2017-02-27,10000.0,203.6843719482422
2017-02-28,10000.0,203.13458251953125
2017-03-01,10000.0,205.97793579101562
2017-03-02,10000.0,204.68084716796875
2017-03-03,10000.0,204.80970764160156
2017-03-06,10000.0,204.19979858398438
2017-03-07,10000.0,203.58981323242188
2017-03-08,10000.0,203.2119140625
2017-03-09,10000.0,203.4695281982422
2017-03-10,10000.0,204.18252563476562
2017-03-13,10000.0,204.28570556640625
2017-03-14,10000.0,203.50396728515625
2017-03-15,10000.0,205.2649383544922
2017-03-16,10000.0,204.86122131347656
2017-03-17,10000.0,204.50148010253906
2017-03-20,10000.0,204.27711486816406
2017-03-21,10000.0,201.6543426513672
2017-03-22,10000.0,202.1288604736328
2017-03-23,10000.0,201.9131622314453
2017-03-24,10000.0,201.7664794921875
2017-03-27,10000.0,201.5594024658203
2017-03-28,10000.0,203.026123046875
2017-03-29,10000.0,203.21592712402344
2017-03-30,10000.0,203.86300659179688
2017-03-31,10000.0,203.38845825195312
2017-04-03,10000.0,203.03480529785156
2017-04-04,10000.0,203.16416931152344
2017-04-05,10000.0,202.56021118164062
2017-04-06,10000.0,203.12965393066406
2017-04-07,10000.0,202.922607421875
2017-04-10,10000.0,203.04335021972656
2017-04-11,10000.0,202.8018035888672
2017-04-12,10000.0,201.9131622314453
2017-04-13,10000.0,200.60177612304688
2017-04-17,10000.0,202.37908935546875
2017-04-18,10000.0,201.7751007080078
2017-04-19,10000.0,201.40406799316406
2017-04-20,10000.0,203.04335021972656
2017-04-21,10000.0,202.39630126953125
2017-04-24,10000.0,204.62220764160156
2017-04-25,10000.0,205.81283569335938
2017-04-26,10000.0,205.68341064453125
2017-04-27,10000.0,205.85598754882812
2017-04-28,10000.0,205.40733337402344
2017-05-01,10000.0,205.92501831054688
2017-05-02,10000.0,206.00270080566406
2017-05-03,10000.0,205.75244140625
2017-05-04,10000.0,205.9940185546875
2017-05-05,10000.0,206.80502319335938
2017-05-08,10000.0,206.77052307128906
2017-05-09,10000.0,206.58071899414062
2017-05-10,10000.0,206.9517059326172
2017-05-11,10000.0,206.5289306640625
2017-05-12,10000.0,206.18380737304688
2017-05-15,10000.0,207.32269287109375
2017-05-16,10000.0,207.1328887939453
2017-05-17,10000.0,203.4574737548828
2017-05-18,10000.0,204.27711486816406
2017-05-19,10000.0,205.60585021972656
2017-05-22,10000.0,206.64974975585938
2017-05-23,10000.0,207.10696411132812
2017-05-24,10000.0,207.59017944335938
2017-05-25,10000.0,208.58236694335938
2017-05-26,10000.0,208.53916931152344
2017-05-30,10000.0,208.35801696777344
2017-05-31,10000.0,208.30625915527344
2017-06-01,10000.0,209.96275329589844
2017-06-02,10000.0,210.66162109375
2017-06-05,10000.0,210.5062713623047
2017-06-06,10000.0,209.83338928222656
2017-06-07,10000.0,210.2216033935547
2017-06-08,10000.0,210.32510375976562
2017-06-09,10000.0,210.00588989257812
2017-06-12,10000.0,209.96275329589844
2017-06-13,10000.0,210.98944091796875
2017-06-14,10000.0,210.7220458984375
2017-06-15,10000.0,210.3164520263672
2017-06-16,10000.0,210.36241149902344
2017-06-19,10000.0,212.11370849609375
2017-06-20,10000.0,210.68325805664062
2017-06-21,10000.0,210.6312255859375
2017-06-22,10000.0,210.53585815429688
2017-06-23,10000.0,210.7872772216797
2017-06-26,10000.0,210.92601013183594
2017-06-27,10000.0,209.22671508789062
2017-06-28,10000.0,211.099365234375
2017-06-29,10000.0,209.24404907226562
2017-06-30,10000.0,209.6342010498047
2017-07-03,10000.0,209.98965454101562
2017-07-05,10000.0,210.47511291503906
2017-07-06,10000.0,208.55044555664062
2017-07-07,10000.0,209.90293884277344
2017-07-10,10000.0,210.12831115722656
2017-07-11,10000.0,209.97232055664062
2017-07-12,10000.0,211.5502166748047
2017-07-13,10000.0,211.90560913085938
2017-07-14,10000.0,212.89395141601562
2017-07-17,10000.0,212.8679962158203
2017-07-18,10000.0,212.98069763183594
2017-07-19,10000.0,214.13375854492188
2017-07-20,10000.0,214.22914123535156
2017-07-21,10000.0,214.03843688964844
2017-07-24,10000.0,213.9864044189453
2017-07-25,10000.0,214.50657653808594
2017-07-26,10000.0,214.5152130126953
2017-07-27,10000.0,214.31582641601562
2017-07-28,10000.0,214.0644073486328
2017-07-31,10000.0,213.94305419921875
2017-08-01,10000.0,214.41986083984375
2017-08-02,10000.0,214.52389526367188
2017-08-03,10000.0,214.10775756835938
2017-08-04,10000.0,214.49786376953125
2017-08-07,10000.0,214.89674377441406
2017-08-08,10000.0,214.36785888671875
2017-08-09,10000.0,214.3592071533203
2017-08-10,10000.0,211.3334503173828
2017-08-11,10000.0,211.6455841064453
2017-08-14,10000.0,213.74366760253906
2017-08-15,10000.0,213.71763610839844
2017-08-16,10000.0,214.0904083251953
2017-08-17,10000.0,210.7526092529297
2017-08-18,10000.0,210.4231414794922
2017-08-21,10000.0,210.58787536621094
2017-08-22,10000.0,212.79002380371094
2017-08-23,10000.0,212.02700805664062
2017-08-24,10000.0,211.53286743164062
2017-08-25,10000.0,212.02700805664062
2017-08-28,10000.0,212.03570556640625
2017-08-29,10000.0,212.27847290039062
2017-08-30,10000.0,213.28414916992188
2017-08-31,10000.0,214.5672607421875
2017-09-01,10000.0,214.87074279785156
2017-09-05,10000.0,213.32752990722656
2017-09-06,10000.0,214.05577087402344
2017-09-07,10000.0,214.02980041503906
2017-09-08,10000.0,213.7782745361328
2017-09-11,10000.0,216.05848693847656
2017-09-12,10000.0,216.7866973876953
2017-09-13,10000.0,216.89077758789062
2017-09-14,10000.0,216.8214111328125
2017-09-15,10000.0,217.11328125
2017-09-18,10000.0,217.5750732421875
2017-09-19,10000.0,217.79286193847656
2017-09-20,10000.0,217.87127685546875
2017-09-21,10000.0,217.28753662109375
2017-09-22,10000.0,217.33114624023438
2017-09-25,10000.0,216.88674926757812
2017-09-26,10000.0,217.01747131347656
2017-09-27,10000.0,217.86257934570312
2017-09-28,10000.0,218.1239776611328
2017-09-29,10000.0,218.89068603515625
2017-10-02,10000.0,219.84039306640625
2017-10-03,10000.0,220.31080627441406
2017-10-04,10000.0,220.572265625
2017-10-05,10000.0,221.8791961669922
2017-10-06,10000.0,221.62644958496094
2017-10-09,10000.0,221.26058959960938
2017-10-10,10000.0,221.8443145751953
2017-10-11,10000.0,222.19284057617188
2017-10-12,10000.0,221.86170959472656
2017-10-13,10000.0,222.13182067871094
2017-10-16,10000.0,222.4280548095703
2017-10-17,10000.0,222.58485412597656
2017-10-18,10000.0,222.80271911621094
2017-10-19,10000.0,222.8636932373047
2017-10-20,10000.0,224.0137481689453
2017-10-23,10000.0,223.14251708984375
2017-10-24,10000.0,223.53457641601562
2017-10-25,10000.0,222.4280548095703
2017-10-26,10000.0,222.71556091308594
2017-10-27,10000.0,224.53652954101562
2017-10-30,10000.0,223.70010375976562
2017-10-31,10000.0,224.04859924316406
2017-11-01,10000.0,224.34486389160156
2017-11-02,10000.0,224.43197631835938
2017-11-03,10000.0,225.18125915527344
2017-11-06,10000.0,225.52981567382812
2017-11-07,10000.0,225.3729248046875
2017-11-08,10000.0,225.75634765625
2017-11-09,10000.0,224.93734741210938
2017-11-10,10000.0,224.8675994873047
2017-11-13,10000.0,225.0767822265625
2017-11-14,10000.0,224.55398559570312
2017-11-15,10000.0,223.43003845214844
2017-11-16,10000.0,225.32936096191406
2017-11-17,10000.0,224.66722106933594
2017-11-20,10000.0,225.0505828857422
2017-11-21,10000.0,226.5230255126953
2017-11-22,10000.0,226.32264709472656
2017-11-24,10000.0,226.84539794921875
2017-11-27,10000.0,226.73219299316406
2017-11-28,10000.0,229.03231811523438
2017-11-29,10000.0,228.89291381835938
2017-11-30,10000.0,230.89682006835938
2017-12-01,10000.0,230.41761779785156
2017-12-04,10000.0,230.13885498046875
2017-12-05,10000.0,229.31114196777344
2017-12-06,10000.0,229.3546905517578
2017-12-07,10000.0,230.07786560058594
2017-12-08,10000.0,231.33250427246094
2017-12-11,10000.0,232.02952575683594
2017-12-12,10000.0,232.43898010253906
2017-12-13,10000.0,232.4128875732422
2017-12-14,10000.0,231.46324157714844
2017-12-15,10000.0,233.3907012939453
2017-12-18,10000.0,234.87069702148438
2017-12-19,10000.0,233.9686737060547
2017-12-20,10000.0,233.8460235595703
2017-12-21,10000.0,234.32769775390625
2017-12-22,10000.0,234.26641845703125
2017-12-26,10000.0,233.98619079589844
2017-12-27,10000.0,234.0999755859375
2017-12-28,10000.0,234.5816650390625
2017-12-29,10000.0,233.6971893310547
2018-01-02,10000.0,235.36976623535156
2018-01-03,10000.0,236.8585968017578
2018-01-04,10000.0,237.85679626464844
2018-01-05,10000.0,239.4419708251953
2018-01-08,10000.0,239.87979125976562
2018-01-09,10000.0,240.4227752685547
2018-01-10,10000.0,240.05494689941406
2018-01-11,10000.0,241.8064727783203
2018-01-12,10000.0,243.38284301757812
2018-01-16,10000.0,242.5507354736328
2018-01-17,10000.0,244.8626708984375
2018-01-18,10000.0,244.4511260986328
2018-01-19,10000.0,245.56324768066406
2018-01-22,10000.0,247.55996704101562
2018-01-23,10000.0,248.0854034423828
2018-01-24,10000.0,247.9891357421875
2018-01-25,10000.0,248.09423828125
2018-01-26,10000.0,250.96656799316406
2018-01-29,10000.0,249.30276489257812
2018-01-30,10000.0,246.7455596923828
2018-01-31,10000.0,246.86813354492188
2018-02-01,10000.0,246.5879669189453
2018-02-02,10000.0,241.2196502685547
2018-02-05,10000.0,231.13137817382812
2018-02-06,10000.0,235.68511962890625
2018-02-07,10000.0,234.40655517578125
2018-02-08,10000.0,225.61416625976562
2018-02-09,10000.0,229.0032501220703
2018-02-12,10000.0,232.36605834960938
2018-02-13,10000.0,232.94406127929688
2018-02-14,10000.0,236.08790588378906
2018-02-15,10000.0,239.1004180908203
2018-02-16,10000.0,239.17047119140625
2018-02-20,10000.0,237.6730194091797
2018-02-21,10000.0,236.49070739746094
2018-02-22,10000.0,236.7972412109375
2018-02-23,10000.0,240.5716552734375
2018-02-26,10000.0,243.36526489257812
2018-02-27,10000.0,240.32644653320312
2018-02-28,10000.0,237.89190673828125
2018-03-01,10000.0,234.4327850341797
2018-03-02,10000.0,235.6413116455078
2018-03-05,10000.0,238.36483764648438
2018-03-06,10000.0,238.96917724609375
2018-03-07,10000.0,238.88143920898438
2018-03-08,10000.0,240.03746032714844
2018-03-09,10000.0,244.21470642089844
2018-03-12,10000.0,243.90821838378906
2018-03-13,10000.0,242.33187866210938
2018-03-14,10000.0,241.0882568359375
2018-03-15,10000.0,240.8256378173828
2018-03-16,10000.0,241.08668518066406
2018-03-19,10000.0,237.8247528076172
2018-03-20,10000.0,238.22926330566406
2018-03-21,10000.0,237.77195739746094
2018-03-22,10000.0,231.82846069335938
2018-03-23,10000.0,226.8870391845703
2018-03-26,10000.0,233.094482421875
2018-03-27,10000.0,229.12913513183594
2018-03-28,10000.0,228.45208740234375
2018-03-29,10000.0,231.3711700439453
2018-04-02,10000.0,226.3770751953125
2018-04-03,10000.0,229.27854919433594
2018-04-04,10000.0,231.73175048828125
2018-04-05,10000.0,233.56051635742188
2018-04-06,10000.0,228.3553924560547
2018-04-09,10000.0,229.4808807373047
2018-04-10,10000.0,233.1296844482422
2018-04-11,10000.0,231.90762329101562
2018-04-12,10000.0,233.81539916992188
2018-04-13,10000.0,233.1296844482422
2018-04-16,10000.0,235.0463409423828
2018-04-17,10000.0,237.56103515625
2018-04-18,10000.0,237.73687744140625
2018-04-19,10000.0,236.4180145263672
2018-04-20,10000.0,234.4133758544922
2018-04-23,10000.0,234.37818908691406
2018-04-24,10000.0,231.2217254638672
2018-04-25,10000.0,231.793212890625
2018-04-26,10000.0,234.14956665039062
2018-04-27,10000.0,234.3694305419922
2018-04-30,10000.0,232.5669403076172
2018-05-01,10000.0,232.98019409179688
2018-05-02,10000.0,231.4151153564453
2018-05-03,10000.0,230.90518188476562
2018-05-04,10000.0,233.8946075439453
2018-05-07,10000.0,234.6859130859375
2018-05-08,10000.0,234.6859130859375
2018-05-09,10000.0,236.95437622070312
2018-05-10,10000.0,239.1699676513672
2018-05-11,10000.0,239.89981079101562
2018-05-14,10000.0,240.0141143798828
2018-05-15,10000.0,238.361083984375
2018-05-16,10000.0,239.36338806152344
2018-05-17,10000.0,239.16116333007812
2018-05-18,10000.0,238.5632781982422
2018-05-21,10000.0,240.35696411132812
2018-05-22,10000.0,239.68875122070312
2018-05-23,10000.0,240.3482208251953
2018-05-24,10000.0,239.85581970214844
2018-05-25,10000.0,239.28428649902344
2018-05-29,10000.0,236.5322265625
2018-05-30,10000.0,239.68875122070312
2018-05-31,10000.0,238.22052001953125
2018-06-01,10000.0,240.55921936035156
2018-06-04,10000.0,241.7022247314453
2018-06-05,10000.0,241.87814331054688
2018-06-06,10000.0,243.9003448486328
2018-06-07,10000.0,243.8739471435547
2018-06-08,10000.0,244.59487915039062
2018-06-11,10000.0,244.92022705078125
2018-06-12,10000.0,245.23675537109375
2018-06-13,10000.0,244.45425415039062
2018-06-14,10000.0,245.06971740722656
2018-06-15,10000.0,244.75704956054688
2018-06-18,10000.0,244.25364685058594
2018-06-19,10000.0,243.31748962402344
2018-06-20,10000.0,243.73257446289062
2018-06-21,10000.0,242.20457458496094
2018-06-22,10000.0,242.64627075195312
2018-06-25,10000.0,239.3431854248047
2018-06-26,10000.0,239.8730010986328
2018-06-27,10000.0,237.88592529296875
2018-06-28,10000.0,239.24594116210938
2018-06-29,10000.0,239.5903778076172
2018-07-02,10000.0,240.10275268554688
2018-07-03,10000.0,239.25479125976562
2018-07-05,10000.0,241.20663452148438
2018-07-06,10000.0,243.24679565429688
2018-07-09,10000.0,245.4371795654297
2018-07-10,10000.0,246.32025146484375
2018-07-11,10000.0,244.51861572265625
2018-07-12,10000.0,246.73533630371094
2018-07-13,10000.0,246.92965698242188
2018-07-16,10000.0,246.7089385986328
2018-07-17,10000.0,247.7068634033203
2018-07-18,10000.0,248.2279815673828
2018-07-19,10000.0,247.291748046875
2018-07-20,10000.0,247.00917053222656
2018-07-23,10000.0,247.468505859375
2018-07-24,10000.0,248.71368408203125
2018-07-25,10000.0,250.8333282470703
2018-07-26,10000.0,250.24156188964844
2018-07-27,10000.0,248.5459442138672
2018-07-30,10000.0,247.24758911132812
2018-07-31,10000.0,248.46640014648438
2018-08-01,10000.0,248.0513153076172
2018-08-02,10000.0,249.40257263183594
2018-08-03,10000.0,250.4712677001953
2018-08-06,10000.0,251.3898162841797
2018-08-07,10000.0,252.21995544433594
2018-08-08,10000.0,252.11398315429688
2018-08-09,10000.0,251.76951599121094
2018-08-10,10000.0,250.08270263671875
2018-08-13,10000.0,249.14654541015625
2018-08-14,10000.0,250.73623657226562
2018-08-15,10000.0,248.8638153076172
2018-08-16,10000.0,250.87750244140625
2018-08-17,10000.0,251.76068115234375
2018-08-20,10000.0,252.29940795898438
2018-08-21,10000.0,252.89117431640625
2018-08-22,10000.0,252.74111938476562
2018-08-23,10000.0,252.40538024902344
2018-08-24,10000.0,253.92449951171875
2018-08-27,10000.0,255.9293975830078
2018-08-28,10000.0,256.0529479980469
2018-08-29,10000.0,257.4307556152344
2018-08-30,10000.0,256.3886413574219
2018-08-31,10000.0,256.3974914550781
2018-09-04,10000.0,255.95579528808594
2018-09-05,10000.0,255.26687622070312
2018-09-06,10000.0,254.4985809326172
2018-09-07,10000.0,254.00405883789062
2018-09-10,10000.0,254.4455108642578
2018-09-11,10000.0,255.28456115722656
2018-09-12,10000.0,255.3465118408203
2018-09-13,10000.0,256.856689453125
2018-09-14,10000.0,256.9009094238281
2018-09-17,10000.0,255.54075622558594
2018-09-18,10000.0,256.9273681640625
2018-09-19,10000.0,257.2010498046875
2018-09-20,10000.0,259.2854309082031
2018-09-21,10000.0,259.0486145019531
2018-09-24,10000.0,258.18792724609375
2018-09-25,10000.0,257.94842529296875
2018-09-26,10000.0,257.1766662597656
2018-09-27,10000.0,257.89520263671875
2018-09-28,10000.0,257.921875
2018-10-01,10000.0,258.81787109375
2018-10-02,10000.0,258.6671142578125
2018-10-03,10000.0,258.8089294433594
2018-10-04,10000.0,256.7861633300781
2018-10-05,10000.0,255.34896850585938
2018-10-08,10000.0,255.34896850585938
2018-10-09,10000.0,254.97640991210938
2018-10-10,10000.0,246.90296936035156
2018-10-11,10000.0,241.4646453857422
2018-10-12,10000.0,244.81813049316406
2018-10-15,10000.0,243.4430389404297
2018-10-16,10000.0,248.7660675048828
2018-10-17,10000.0,248.81051635742188
2018-10-18,10000.0,245.21734619140625
2018-10-19,10000.0,245.08419799804688
2018-10-22,10000.0,243.98426818847656
2018-10-23,10000.0,242.74212646484375
2018-10-24,10000.0,235.38739013671875
2018-10-25,10000.0,239.6103973388672
2018-10-26,10000.0,235.3963165283203
2018-10-29,10000.0,234.09205627441406
2018-10-30,10000.0,237.56092834472656
2018-10-31,10000.0,240.09832763671875
2018-11-01,10000.0,242.65345764160156
2018-11-02,10000.0,241.21620178222656
2018-11-05,10000.0,242.54701232910156
2018-11-06,10000.0,244.08177185058594
2018-11-07,10000.0,249.30723571777344
2018-11-08,10000.0,248.85484313964844
2018-11-09,10000.0,246.4239501953125
2018-11-12,10000.0,241.81944274902344
2018-11-13,10000.0,241.36700439453125
2018-11-14,10000.0,239.71688842773438
2018-11-15,10000.0,242.2187042236328
2018-11-16,10000.0,242.84860229492188
2018-11-19,10000.0,238.7409210205078
2018-11-20,10000.0,234.32273864746094
2018-11-21,10000.0,235.12120056152344
2018-11-23,10000.0,233.55088806152344
2018-11-26,10000.0,237.32139587402344
2018-11-27,10000.0,238.1199493408203
2018-11-28,10000.0,243.6027069091797
2018-11-29,10000.0,243.0704345703125
2018-11-30,10000.0,244.55197143554688
2018-12-03,10000.0,247.79014587402344
2018-12-04,10000.0,239.76126098632812
2018-12-06,10000.0,239.39747619628906
2018-12-07,10000.0,233.83480834960938
2018-12-10,10000.0,234.27841186523438
2018-12-11,10000.0,234.3316650390625
2018-12-12,10000.0,235.51158142089844
2018-12-13,10000.0,235.4317169189453
2018-12-14,10000.0,231.0845489501953
2018-12-17,10000.0,226.55105590820312
2018-12-18,10000.0,226.30262756347656
2018-12-19,10000.0,222.91358947753906
2018-12-20,10000.0,219.28501892089844
2018-12-21,10000.0,214.79196166992188
2018-12-24,10000.0,209.1165771484375
2018-12-26,10000.0,219.68214416503906
2018-12-27,10000.0,221.36868286132812
2018-12-28,10000.0,221.08311462402344
2018-12-31,10000.0,223.01956176757812
2019-01-02,10000.0,223.25155639648438
2019-01-03,10000.0,217.9241943359375
2019-01-04,10000.0,225.22366333007812
2019-01-07,10000.0,226.99951171875
2019-01-08,10000.0,229.13221740722656
2019-01-09,10000.0,230.20310974121094
2019-01-10,10000.0,231.01515197753906
2019-01-11,10000.0,231.10438537597656
2019-01-14,10000.0,229.6944580078125
2019-01-15,10000.0,232.32693481445312
2019-01-16,10000.0,232.88909912109375
2019-01-17,10000.0,234.65594482421875
2019-01-18,10000.0,237.77926635742188
2019-01-22,10000.0,234.5667724609375
2019-01-23,10000.0,235.0575408935547
2019-01-24,10000.0,235.1825408935547
2019-01-25,10000.0,237.17247009277344
2019-01-28,10000.0,235.36988830566406
2019-01-29,10000.0,235.0575408935547
2019-01-30,10000.0,238.77871704101562
2019-01-31,10000.0,240.87574768066406
2019-02-01,10000.0,240.99180603027344
2019-02-04,10000.0,242.68728637695312
2019-02-05,10000.0,243.70452880859375
2019-02-06,10000.0,243.38327026367188
2019-02-07,10000.0,241.06314086914062
2019-02-08,10000.0,241.35765075683594
2019-02-11,10000.0,241.49159240722656
2019-02-12,10000.0,244.59689331054688
2019-02-13,10000.0,245.39111328125
2019-02-14,10000.0,244.84677124023438
2019-02-15,10000.0,247.51486206054688
2019-02-19,10000.0,247.9433135986328
2019-02-20,10000.0,248.44302368164062
2019-02-21,10000.0,247.55960083007812
2019-02-22,10000.0,249.0943603515625
2019-02-25,10000.0,249.43348693847656
2019-02-26,10000.0,249.25506591796875
2019-02-27,10000.0,249.1480255126953
2019-02-28,10000.0,248.68392944335938
2019-03-01,10000.0,250.23670959472656
2019-03-04,10000.0,249.3264617919922
2019-03-05,10000.0,248.98728942871094
2019-03-06,10000.0,247.47923278808594
2019-03-07,10000.0,245.40899658203125
2019-03-08,10000.0,244.9181365966797
2019-03-11,10000.0,248.46986389160156
2019-03-12,10000.0,249.4066925048828
2019-03-13,10000.0,251.0576171875
2019-03-14,10000.0,250.8970489501953
2019-03-15,10000.0,252.1365509033203
2019-03-18,10000.0,253.0508270263672
2019-03-19,10000.0,253.11361694335938
2019-03-20,10000.0,252.35165405273438
2019-03-21,10000.0,255.20191955566406
2019-03-22,10000.0,250.29022216796875
2019-03-25,10000.0,250.10198974609375
2019-03-26,10000.0,251.96627807617188
2019-03-27,10000.0,250.64874267578125
2019-03-28,10000.0,251.59889221191406
2019-03-29,10000.0,253.1853485107422
2019-04-01,10000.0,256.1878356933594
2019-04-02,10000.0,256.3133239746094
2019-04-03,10000.0,256.7166748046875
2019-04-04,10000.0,257.3978576660156
2019-04-05,10000.0,258.6437072753906
2019-04-08,10000.0,258.84088134765625
2019-04-09,10000.0,257.5143737792969
2019-04-10,10000.0,258.39276123046875
2019-04-11,10000.0,258.321044921875
2019-04-12,10000.0,260.06884765625
2019-04-15,10000.0,259.8984375
2019-04-16,10000.0,260.06884765625
2019-04-17,10000.0,259.43243408203125
2019-04-18,10000.0,259.9433288574219
2019-04-22,10000.0,260.1673278808594
2019-04-23,10000.0,262.5067138671875
2019-04-24,10000.0,261.924072265625
2019-04-25,10000.0,261.7627868652344
2019-04-26,10000.0,262.9818420410156
2019-04-29,10000.0,263.3941345214844
2019-04-30,10000.0,263.5284729003906
2019-05-01,10000.0,261.5477600097656
2019-05-02,10000.0,260.9830627441406
2019-05-03,10000.0,263.5374450683594
2019-05-06,10000.0,262.45294189453125
2019-05-07,10000.0,258.0700988769531
2019-05-08,10000.0,257.71148681640625
2019-05-09,10000.0,256.9317321777344
2019-05-10,10000.0,258.2223205566406
2019-05-13,10000.0,251.7333221435547
2019-05-14,10000.0,254.00978088378906
2019-05-15,10000.0,255.4976043701172
2019-05-16,10000.0,257.8638916015625
2019-05-17,10000.0,256.1968078613281
2019-05-20,10000.0,254.50283813476562
2019-05-21,10000.0,256.79730224609375
2019-05-22,10000.0,256.00860595703125
2019-05-23,10000.0,252.88055419921875
2019-05-24,10000.0,253.45408630371094
2019-05-28,10000.0,251.09695434570312
2019-05-29,10000.0,249.41195678710938
2019-05-30,10000.0,250.09300231933594
2019-05-31,10000.0,246.7229461669922
2019-06-03,10000.0,246.09555053710938
2019-06-04,10000.0,251.43751525878906
2019-06-05,10000.0,253.61537170410156
2019-06-06,10000.0,255.2646026611328
2019-06-07,10000.0,257.81915283203125
2019-06-10,10000.0,259.00213623046875
2019-06-11,10000.0,258.93951416015625
2019-06-12,10000.0,258.4823303222656
2019-06-13,10000.0,259.54901123046875
2019-06-14,10000.0,259.2621765136719
2019-06-17,10000.0,259.3607177734375
2019-06-18,10000.0,262.07647705078125
2019-06-19,10000.0,262.66802978515625
2019-06-20,10000.0,265.17767333984375
2019-06-21,10000.0,264.7921447753906
2019-06-24,10000.0,264.46795654296875
2019-06-25,10000.0,261.8739929199219
2019-06-26,10000.0,261.6129150390625
2019-06-27,10000.0,262.5404968261719
2019-06-28,10000.0,263.8914489746094
2019-07-01,10000.0,266.2872619628906
2019-07-02,10000.0,266.9808654785156
2019-07-03,10000.0,269.1153564453125
2019-07-05,10000.0,268.80902099609375
2019-07-08,10000.0,267.3321228027344
2019-07-09,10000.0,267.665283203125
2019-07-10,10000.0,268.9443054199219
2019-07-11,10000.0,269.57464599609375
2019-07-12,10000.0,270.78167724609375
2019-07-15,10000.0,270.87158203125
2019-07-16,10000.0,269.9979553222656
2019-07-17,10000.0,268.16064453125
2019-07-18,10000.0,269.1424255371094
2019-07-19,10000.0,267.6473693847656
2019-07-22,10000.0,268.3047180175781
2019-07-23,10000.0,270.22314453125
2019-07-24,10000.0,271.4930419921875
2019-07-25,10000.0,270.1960754394531
2019-07-26,10000.0,272.0064392089844
2019-07-29,10000.0,271.51104736328125
2019-07-30,10000.0,270.8446350097656
2019-07-31,10000.0,267.88134765625
2019-08-01,10000.0,265.54876708984375
2019-08-02,10000.0,263.54931640625
2019-08-05,10000.0,255.62364196777344
2019-08-06,10000.0,259.2081604003906
2019-08-07,10000.0,259.3613586425781
2019-08-08,10000.0,264.449951171875
2019-08-09,10000.0,262.6487121582031
2019-08-12,10000.0,259.45135498046875
2019-08-13,10000.0,263.48626708984375
2019-08-14,10000.0,255.695556640625
2019-08-15,10000.0,256.37109375
2019-08-16,10000.0,260.1537780761719
2019-08-19,10000.0,263.2880554199219
2019-08-20,10000.0,261.2706298828125
2019-08-21,10000.0,263.3962097167969
2019-08-22,10000.0,263.3150634765625
2019-08-23,10000.0,256.5512390136719
2019-08-26,10000.0,259.3882751464844
2019-08-27,10000.0,258.3705139160156
2019-08-28,10000.0,260.18988037109375
2019-08-29,10000.0,263.5132141113281
2019-08-30,10000.0,263.3962097167969
2019-09-03,10000.0,261.8560485839844
2019-09-04,10000.0,264.8282470703125
2019-09-05,10000.0,268.2326354980469
2019-09-06,10000.0,268.43988037109375
2019-09-09,10000.0,268.5749206542969
2019-09-10,10000.0,268.5119323730469
2019-09-11,10000.0,270.42132568359375
2019-09-12,10000.0,271.3580322265625
2019-09-13,10000.0,271.17779541015625
2019-09-16,10000.0,270.34014892578125
2019-09-17,10000.0,271.0246887207031
2019-09-18,10000.0,271.1868896484375
2019-09-19,10000.0,271.1687927246094
2019-09-20,10000.0,269.88763427734375
2019-09-23,10000.0,269.82427978515625
2019-09-24,10000.0,267.7068786621094
2019-09-25,10000.0,269.29046630859375
2019-09-26,10000.0,268.7294006347656
2019-09-27,10000.0,267.28173828125
2019-09-30,10000.0,268.5213317871094
2019-10-01,10000.0,265.3273010253906
2019-10-02,10000.0,260.6404113769531
2019-10-03,10000.0,262.7757568359375
2019-10-04,10000.0,266.3316955566406
2019-10-07,10000.0,265.1825256347656
2019-10-08,10000.0,261.0657043457031
2019-10-09,10000.0,263.5448303222656
2019-10-10,10000.0,265.3273010253906
2019-10-11,10000.0,268.0780029296875
2019-10-14,10000.0,267.77935791015625
2019-10-15,10000.0,270.4305114746094
2019-10-16,10000.0,269.9961853027344
2019-10-17,10000.0,270.7923889160156
2019-10-18,10000.0,269.6070861816406
2019-10-21,10000.0,271.43487548828125
2019-10-22,10000.0,270.54815673828125
2019-10-23,10000.0,271.3352355957031
2019-10-24,10000.0,271.7786560058594
2019-10-25,10000.0,272.89166259765625
2019-10-28,10000.0,274.42974853515625
2019-10-29,10000.0,274.3482360839844
2019-10-30,10000.0,275.1897888183594
2019-10-31,10000.0,274.4569396972656
2019-11-01,10000.0,276.9994812011719
2019-11-04,10000.0,278.1123352050781
2019-11-05,10000.0,277.8047790527344
2019-11-06,10000.0,277.86810302734375
2019-11-07,10000.0,278.84521484375
2019-11-08,10000.0,279.5329284667969
2019-11-11,10000.0,278.99908447265625
2019-11-12,10000.0,279.5871887207031
2019-11-13,10000.0,279.6776123046875
2019-11-14,10000.0,280.0848388671875
2019-11-15,10000.0,282.11163330078125
2019-11-18,10000.0,282.3197326660156
2019-11-19,10000.0,282.2383117675781
2019-11-20,10000.0,281.1886901855469
2019-11-21,10000.0,280.7362365722656
2019-11-22,10000.0,281.3605651855469
2019-11-25,10000.0,283.54119873046875
2019-11-26,10000.0,284.1836853027344
2019-11-27,10000.0,285.4504089355469
2019-11-29,10000.0,284.39166259765625
2019-12-02,10000.0,281.9759216308594
2019-12-03,10000.0,280.0848388671875
2019-12-04,10000.0,281.8130187988281
2019-12-05,10000.0,282.3197326660156
2019-12-06,10000.0,284.8984375
2019-12-09,10000.0,284.00274658203125
2019-12-10,10000.0,283.6858825683594
2019-12-11,10000.0,284.4912414550781
2019-12-12,10000.0,286.9433288574219
2019-12-13,10000.0,287.1152648925781
2019-12-16,10000.0,289.08770751953125
2019-12-17,10000.0,289.15106201171875
2019-12-18,10000.0,289.16912841796875
2019-12-19,10000.0,290.3544616699219
2019-12-20,10000.0,291.62738037109375
2019-12-23,10000.0,292.072998046875
2019-12-24,10000.0,292.08203125
2019-12-26,10000.0,293.6369323730469
2019-12-27,10000.0,293.5641784667969
2019-12-30,10000.0,291.9457092285156
2019-12-31,10000.0,292.6549377441406
2020-01-02,10000.0,295.3917541503906
2020-01-03,10000.0,293.15496826171875
2020-01-06,10000.0,294.2734069824219
2020-01-07,10000.0,293.4459533691406
2020-01-08,10000.0,295.0099792480469
2020-01-09,10000.0,297.0102844238281
2020-01-10,10000.0,296.1555480957031
2020-01-13,10000.0,298.1923522949219
2020-01-14,10000.0,297.7376403808594
2020-01-15,10000.0,298.4105224609375
2020-01-16,10000.0,300.892822265625
2020-01-17,10000.0,301.8293762207031
2020-01-21,10000.0,301.2382507324219
2020-01-22,10000.0,301.27471923828125
2020-01-23,10000.0,301.6202697753906
2020-01-24,10000.0,298.9379577636719
2020-01-27,10000.0,294.1461181640625
2020-01-28,10000.0,297.228515625
2020-01-29,10000.0,296.98297119140625
2020-01-30,10000.0,297.94677734375
2020-01-31,10000.0,292.53668212890625
2020-02-03,10000.0,294.7098083496094
2020-02-04,10000.0,299.2015075683594
2020-02-05,10000.0,302.65673828125
2020-02-06,10000.0,303.6751403808594
2020-02-07,10000.0,302.0566711425781
2020-02-10,10000.0,304.3116455078125
2020-02-11,10000.0,304.8389892578125
2020-02-12,10000.0,306.8030090332031
2020-02-13,10000.0,306.47576904296875
2020-02-14,10000.0,306.9666442871094
2020-02-18,10000.0,306.1756286621094
2020-02-19,10000.0,307.6395263671875
2020-02-20,10000.0,306.3756103515625
2020-02-21,10000.0,303.2204895019531
2020-02-24,10000.0,293.1640930175781
2020-02-25,10000.0,284.2805480957031
2020-02-26,10000.0,283.2349853515625
2020-02-27,10000.0,270.514404296875
2020-02-28,10000.0,269.3778076171875
2020-03-02,10000.0,281.04364013671875
2020-03-03,10000.0,272.9966125488281
2020-03-04,10000.0,284.47149658203125
2020-03-05,10000.0,275.0152587890625
2020-03-06,10000.0,270.468994140625
2020-03-09,10000.0,249.3468017578125
2020-03-10,10000.0,262.2491760253906
2020-03-11,10000.0,249.46493530273438
2020-03-12,10000.0,225.59686279296875
2020-03-13,10000.0,244.88233947753906
2020-03-16,10000.0,218.0863800048828
2020-03-17,10000.0,229.86131286621094
2020-03-18,10000.0,218.22276306152344
2020-03-19,10000.0,218.6864776611328
2020-03-20,10000.0,209.26235961914062
2020-03-23,10000.0,203.91188049316406
2020-03-24,10000.0,222.38697814941406
2020-03-25,10000.0,225.71612548828125
2020-03-26,10000.0,238.895751953125
2020-03-27,10000.0,231.77996826171875
2020-03-30,10000.0,239.3072509765625
2020-03-31,10000.0,235.740234375
2020-04-01,10000.0,225.1307830810547
2020-04-02,10000.0,230.3258056640625
2020-04-03,10000.0,226.99661254882812
2020-04-06,10000.0,242.2431182861328
2020-04-07,10000.0,242.4901580810547
2020-04-08,10000.0,250.6300506591797
2020-04-09,10000.0,254.44406127929688
2020-04-13,10000.0,252.12081909179688
2020-04-14,10000.0,259.556640625
2020-04-15,10000.0,254.04168701171875
2020-04-16,10000.0,255.26715087890625
2020-04-17,10000.0,262.1633605957031
2020-04-20,10000.0,257.5445251464844
2020-04-21,10000.0,249.7246856689453
2020-04-22,10000.0,255.26715087890625
2020-04-23,10000.0,255.24891662597656
2020-04-24,10000.0,258.806640625
2020-04-27,10000.0,262.5382385253906
2020-04-28,10000.0,261.33099365234375
2020-04-29,10000.0,268.17230224609375
2020-04-30,10000.0,265.6753234863281
2020-05-01,10000.0,258.6421203613281
2020-05-04,10000.0,259.3553771972656
2020-05-05,10000.0,261.751708984375
2020-05-06,10000.0,259.97735595703125
2020-05-07,10000.0,263.114501953125
2020-05-08,10000.0,267.468017578125
2020-05-11,10000.0,267.52294921875
2020-05-12,10000.0,262.1907653808594
2020-05-13,10000.0,257.5536193847656
2020-05-14,10000.0,260.63592529296875
2020-05-15,10000.0,261.8340148925781
2020-05-18,10000.0,269.80938720703125
2020-05-19,10000.0,267.0380859375
2020-05-20,10000.0,271.5746154785156
2020-05-21,10000.0,269.6996154785156
2020-05-22,10000.0,270.21185302734375
2020-05-26,10000.0,273.5409851074219
2020-05-27,10000.0,277.6109924316406
2020-05-28,10000.0,277.0988464355469
2020-05-29,10000.0,278.33355712890625
2020-06-01,10000.0,279.4585266113281
2020-06-02,10000.0,281.7724914550781
2020-06-03,10000.0,285.5223083496094
2020-06-04,10000.0,284.77239990234375
2020-06-05,10000.0,292.07098388671875
2020-06-08,10000.0,295.60137939453125
2020-06-09,10000.0,293.3970947265625
2020-06-10,10000.0,291.760009765625
2020-06-11,10000.0,274.9403991699219
2020-06-12,10000.0,278.2329406738281
2020-06-15,10000.0,280.83038330078125
2020-06-16,10000.0,286.23577880859375
2020-06-17,10000.0,285.0467224121094
2020-06-18,10000.0,285.156494140625
2020-06-19,10000.0,283.5269470214844
2020-06-22,10000.0,285.3457336425781
2020-06-23,10000.0,286.6594543457031
2020-06-24,10000.0,279.3471374511719
2020-06-25,10000.0,282.3418273925781
2020-06-26,10000.0,275.6358947753906
2020-06-29,10000.0,279.68701171875
2020-06-30,10000.0,283.2696838378906
2020-07-01,10000.0,285.2538757324219
2020-07-02,10000.0,286.8247375488281
2020-07-06,10000.0,291.2525634765625
2020-07-07,10000.0,288.2486572265625
2020-07-08,10000.0,290.4533996582031
2020-07-09,10000.0,288.79986572265625
2020-07-10,10000.0,291.74871826171875
2020-07-13,10000.0,289.22235107421875
2020-07-14,10000.0,292.97052001953125
2020-07-15,10000.0,295.6621398925781
2020-07-16,10000.0,294.6882019042969
2020-07-17,10000.0,295.54266357421875
2020-07-20,10000.0,297.9310302734375
2020-07-21,10000.0,298.56494140625
2020-07-22,10000.0,300.264404296875
2020-07-23,10000.0,296.6817626953125
2020-07-24,10000.0,294.7709655761719
2020-07-27,10000.0,296.9205322265625
2020-07-28,10000.0,295.0373840332031
2020-07-29,10000.0,298.66595458984375
2020-07-30,10000.0,297.600341796875
2020-07-31,10000.0,299.9520263671875
2020-08-03,10000.0,302.037353515625
2020-08-04,10000.0,303.2040710449219
2020-08-05,10000.0,305.0871276855469
2020-08-06,10000.0,307.1265869140625
2020-08-07,10000.0,307.3470764160156
2020-08-10,10000.0,308.2657165527344
2020-08-11,10000.0,305.7210693359375
2020-08-12,10000.0,309.9834289550781
2020-08-13,10000.0,309.4231872558594
2020-08-14,10000.0,309.4322814941406
2020-08-17,10000.0,310.41522216796875
2020-08-18,10000.0,311.08587646484375
2020-08-19,10000.0,309.7906799316406
2020-08-20,10000.0,310.7551574707031
2020-08-21,10000.0,311.8575744628906
2020-08-24,10000.0,315.01763916015625
2020-08-25,10000.0,316.1200256347656
2020-08-26,10000.0,319.2892761230469
2020-08-27,10000.0,319.9873962402344
2020-08-28,10000.0,322.0543518066406
2020-08-31,10000.0,320.8876953125
2020-09-01,10000.0,323.9100341796875
2020-09-02,10000.0,328.5950927734375
2020-09-03,10000.0,317.2866516113281
2020-09-04,10000.0,314.6961364746094
2020-09-08,10000.0,306.09765625
2020-09-09,10000.0,312.142333984375
2020-09-10,10000.0,306.72235107421875
2020-09-11,10000.0,306.8785400390625
2020-09-14,10000.0,310.9205627441406
2020-09-15,10000.0,312.4913635253906
2020-09-16,10000.0,311.251220703125
2020-09-17,10000.0,308.5136413574219
2020-09-18,10000.0,304.9618835449219
2020-09-21,10000.0,301.5678405761719
2020-09-22,10000.0,304.6391296386719
2020-09-23,10000.0,297.57421875
2020-09-24,10000.0,298.3673400878906
2020-09-25,10000.0,303.1910705566406
2020-09-28,10000.0,308.22686767578125
2020-09-29,10000.0,306.54827880859375
2020-09-30,10000.0,308.8724670410156
2020-10-01,10000.0,310.8554992675781
2020-10-02,10000.0,307.9040832519531
2020-10-05,10000.0,313.36419677734375
2020-10-06,10000.0,308.90936279296875
2020-10-07,10000.0,314.2864685058594
2020-10-08,10000.0,317.0718994140625
2020-10-09,10000.0,319.9033203125
2020-10-12,10000.0,325.0497741699219
2020-10-13,10000.0,322.9284973144531
2020-10-14,10000.0,320.89935302734375
2020-10-15,10000.0,320.5027770996094
2020-10-16,10000.0,320.3091125488281
2020-10-19,10000.0,315.43927001953125
2020-10-20,10000.0,316.7029724121094
2020-10-21,10000.0,316.1033630371094
2020-10-22,10000.0,317.8373107910156
2020-10-23,10000.0,318.9163818359375
2020-10-26,10000.0,313.0229187011719
2020-10-27,10000.0,311.94378662109375
2020-10-28,10000.0,301.28192138671875
2020-10-29,10000.0,304.3439025878906
2020-10-30,10000.0,301.171142578125
2020-11-02,10000.0,304.5468444824219
2020-11-03,10000.0,309.9239807128906
2020-11-04,10000.0,316.8504638671875
2020-11-05,10000.0,323.0299987792969
2020-11-06,10000.0,322.95611572265625
2020-11-09,10000.0,327.0143127441406
2020-11-10,10000.0,326.5347595214844
2020-11-11,10000.0,328.96038818359375
2020-11-12,10000.0,325.7691650390625
2020-11-13,10000.0,330.2793273925781
2020-11-16,10000.0,334.402099609375
2020-11-17,10000.0,332.60357666015625
2020-11-18,10000.0,328.6007385253906
2020-11-19,10000.0,329.9841613769531
2020-11-20,10000.0,327.7245788574219
2020-11-23,10000.0,329.6890563964844
2020-11-24,10000.0,335.00152587890625
2020-11-25,10000.0,334.48504638671875
2020-11-27,10000.0,335.4165954589844
2020-11-30,10000.0,333.93170166015625
2020-12-01,10000.0,337.58404541015625
2020-12-02,10000.0,338.2942199707031
2020-12-03,10000.0,338.2020263671875
2020-12-04,10000.0,341.11651611328125
2020-12-07,10000.0,340.41546630859375
2020-12-08,10000.0,341.4116516113281
2020-12-09,10000.0,338.3495178222656
2020-12-10,10000.0,338.2388610839844
2020-12-11,10000.0,337.84222412109375
2020-12-14,10000.0,336.3297119140625
2020-12-15,10000.0,340.87664794921875
2020-12-16,10000.0,341.4116516113281
2020-12-17,10000.0,343.3207702636719
2020-12-18,10000.0,341.9499206542969
2020-12-21,10000.0,340.72735595703125
2020-12-22,10000.0,340.15301513671875
2020-12-23,10000.0,340.4587097167969
2020-12-24,10000.0,341.78326416015625
2020-12-28,10000.0,344.71942138671875
2020-12-29,10000.0,344.0617980957031
2020-12-30,10000.0,344.5526123046875
2020-12-31,10000.0,346.30328369140625
2021-01-04,10000.0,341.5887145996094
2021-01-05,10000.0,343.9413146972656
2021-01-06,10000.0,345.9975891113281
2021-01-07,10000.0,351.13824462890625
2021-01-08,10000.0,353.1388854980469
2021-01-11,10000.0,350.7584533691406
2021-01-12,10000.0,350.8326110839844
2021-01-13,10000.0,351.77734375
2021-01-14,10000.0,350.5454406738281
2021-01-15,10000.0,347.98907470703125
2021-01-19,10000.0,350.721435546875
2021-01-20,10000.0,355.574951171875
2021-01-21,10000.0,355.89910888671875
2021-01-22,10000.0,354.6394958496094
2021-01-25,10000.0,356.0380554199219
2021-01-26,10000.0,355.4822692871094
2021-01-27,10000.0,346.79412841796875
2021-01-28,10000.0,349.77667236328125
2021-01-29,10000.0,342.7742919921875
2021-02-01,10000.0,348.47998046875
2021-02-02,10000.0,353.4075927734375
2021-02-03,10000.0,353.6853942871094
2021-02-04,10000.0,357.7052917480469
2021-02-05,10000.0,359.11328125
2021-02-08,10000.0,361.7066955566406
2021-02-09,10000.0,361.4658508300781
2021-02-10,10000.0,361.3083190917969
2021-02-11,10000.0,361.89190673828125
2021-02-12,10000.0,363.6795959472656
2021-02-16,10000.0,363.3646240234375
2021-02-17,10000.0,363.4480285644531
2021-02-18,10000.0,361.9012145996094
2021-02-19,10000.0,361.2620849609375
2021-02-22,10000.0,358.4832763671875
2021-02-23,10000.0,358.9186096191406
2021-02-24,10000.0,362.8738098144531
2021-02-25,10000.0,354.1299743652344
2021-02-26,10000.0,352.30523681640625
2021-03-01,10000.0,360.8452453613281
2021-03-02,10000.0,358.02947998046875
2021-03-03,10000.0,353.2872009277344
2021-03-04,10000.0,348.915283203125
2021-03-05,10000.0,355.3341369628906
2021-03-08,10000.0,353.5649719238281
2021-03-09,10000.0,358.61297607421875
2021-03-10,10000.0,360.8452453613281
2021-03-11,10000.0,364.50390625
2021-03-12,10000.0,364.9948425292969
2021-03-15,10000.0,367.17156982421875
2021-03-16,10000.0,366.70831298828125
2021-03-17,10000.0,367.95880126953125
2021-03-18,10000.0,362.6051025390625
2021-03-19,10000.0,361.9342041015625
2021-03-22,10000.0,364.8242492675781
2021-03-23,10000.0,361.9527587890625
2021-03-24,10000.0,360.1127624511719
2021-03-25,10000.0,362.138671875
2021-03-26,10000.0,367.9745178222656
2021-03-29,10000.0,367.7886047363281
2021-03-30,10000.0,366.8128662109375
2021-03-31,10000.0,368.2996826171875
2021-04-01,10000.0,372.2770080566406
2021-04-05,10000.0,377.62030029296875
2021-04-06,10000.0,377.3973388671875
2021-04-07,10000.0,377.8340759277344
2021-04-08,10000.0,379.6275939941406
2021-04-09,10000.0,382.3875732421875
2021-04-12,10000.0,382.5268859863281
2021-04-13,10000.0,383.6606140136719
2021-04-14,10000.0,382.35040283203125
2021-04-15,10000.0,386.4577331542969
2021-04-16,10000.0,387.7495422363281
2021-04-19,10000.0,385.8443603515625
2021-04-20,10000.0,383.0194396972656
2021-04-21,10000.0,386.64361572265625
2021-04-22,10000.0,383.1123352050781
2021-04-23,10000.0,387.2661437988281
2021-04-26,10000.0,388.07470703125
2021-04-27,10000.0,387.99102783203125
2021-04-28,10000.0,387.8795471191406
2021-04-29,10000.0,390.3513488769531
2021-04-30,10000.0,387.7866516113281
2021-05-03,10000.0,388.6230163574219
2021-05-04,10000.0,386.22540283203125
2021-05-05,10000.0,386.3462219238281
2021-05-06,10000.0,389.4314880371094
2021-05-07,10000.0,392.2657470703125
2021-05-10,10000.0,388.38134765625
2021-05-11,10000.0,384.9151611328125
2021-05-12,10000.0,376.7375183105469
2021-05-13,10000.0,381.2631530761719
2021-05-14,10000.0,387.11749267578125
2021-05-17,10000.0,386.1324768066406
2021-05-18,10000.0,382.8057861328125
2021-05-19,10000.0,381.80206298828125
2021-05-20,10000.0,385.9095153808594
2021-05-21,10000.0,385.5935363769531
2021-05-24,10000.0,389.5244140625
2021-05-25,10000.0,388.6601257324219
2021-05-26,10000.0,389.4314880371094
2021-05-27,10000.0,389.6358947753906
2021-05-28,10000.0,390.33282470703125
2021-06-01,10000.0,389.98907470703125
2021-06-02,10000.0,390.6023864746094
2021-06-03,10000.0,389.1526794433594
2021-06-04,10000.0,392.7117919921875
2021-06-07,10000.0,392.3307800292969
2021-06-08,10000.0,392.41436767578125
2021-06-09,10000.0,391.8290100097656
2021-06-10,10000.0,393.6503601074219
2021-06-11,10000.0,394.3008728027344
2021-06-14,10000.0,395.1836242675781
2021-06-15,10000.0,394.45880126953125
2021-06-16,10000.0,392.2564697265625
2021-06-17,10000.0,392.1262512207031
2021-06-18,10000.0,386.8364562988281
2021-06-21,10000.0,392.3743591308594
2021-06-22,10000.0,394.4720458984375
2021-06-23,10000.0,393.99658203125
2021-06-24,10000.0,396.32745361328125
2021-06-25,10000.0,397.735107421875
2021-06-28,10000.0,398.5370788574219
2021-06-29,10000.0,398.75140380859375
2021-06-30,10000.0,399.0870361328125
2021-07-01,10000.0,401.29656982421875
2021-07-02,10000.0,404.3638916015625
2021-07-06,10000.0,403.6274108886719
2021-07-07,10000.0,405.05389404296875
2021-07-08,10000.0,401.7534484863281
2021-07-09,10000.0,406.0420227050781
2021-07-12,10000.0,407.4964599609375
2021-07-13,10000.0,406.1073303222656
2021-07-14,10000.0,406.7133483886719
2021-07-15,10000.0,405.32421875
2021-07-16,10000.0,402.14495849609375
2021-07-19,10000.0,396.2061462402344
2021-07-20,10000.0,401.88397216796875
2021-07-21,10000.0,405.1377258300781
2021-07-22,10000.0,405.9861755371094
2021-07-23,10000.0,410.1629638671875
2021-07-26,10000.0,411.1698303222656
2021-07-27,10000.0,409.2959289550781
2021-07-28,10000.0,409.1280517578125
2021-07-29,10000.0,410.82489013671875
2021-07-30,10000.0,408.8297424316406
2021-08-02,10000.0,407.971923828125
2021-08-03,10000.0,411.2909851074219
2021-08-04,10000.0,409.267822265625
2021-08-05,10000.0,411.8597717285156
2021-08-06,10000.0,412.5403137207031
2021-08-09,10000.0,412.20465087890625
2021-08-10,10000.0,412.71746826171875
2021-08-11,10000.0,413.7430114746094
2021-08-12,10000.0,414.9830017089844
2021-08-13,10000.0,415.7381591796875
2021-08-16,10000.0,416.7171630859375
2021-08-17,10000.0,413.9854736328125
2021-08-18,10000.0,409.454345703125
2021-08-19,10000.0,410.0882873535156
2021-08-20,10000.0,413.3514099121094
2021-08-23,10000.0,416.9875183105469
2021-08-24,10000.0,417.6493225097656
2021-08-25,10000.0,418.5257568359375
2021-08-26,10000.0,416.05517578125
2021-08-27,10000.0,419.77508544921875
2021-08-30,10000.0,421.62109375
2021-08-31,10000.0,420.9964599609375
2021-09-01,10000.0,421.22021484375
2021-09-02,10000.0,422.51617431640625
2021-09-03,10000.0,422.4134216308594
2021-09-07,10000.0,420.9031982421875
2021-09-08,10000.0,420.39044189453125
2021-09-09,10000.0,418.5910949707031
2021-09-10,10000.0,415.29058837890625
2021-09-13,10000.0,416.3534851074219
2021-09-14,10000.0,414.106689453125
2021-09-15,10000.0,417.56549072265625
2021-09-16,10000.0,416.9035949707031
2021-09-17,10000.0,412.842529296875
2021-09-20,10000.0,405.9586486816406
2021-09-21,10000.0,405.5751953125
2021-09-22,10000.0,409.53155517578125
2021-09-23,10000.0,414.5072937011719
2021-09-24,10000.0,415.19012451171875
2021-09-27,10000.0,414.0022888183594
2021-09-28,10000.0,405.6593322753906
2021-09-29,10000.0,406.3421936035156
2021-09-30,10000.0,401.3757019042969
2021-10-01,10000.0,406.145751953125
2021-10-04,10000.0,400.9080505371094
2021-10-05,10000.0,405.0795593261719
2021-10-06,10000.0,406.76300048828125
2021-10-07,10000.0,410.2798156738281
2021-10-08,10000.0,409.53155517578125
2021-10-11,10000.0,406.5666198730469
2021-10-12,10000.0,405.5657653808594
2021-10-13,10000.0,407.02490234375
2021-10-14,10000.0,413.8713073730469
2021-10-15,10000.0,417.0232849121094
2021-10-18,10000.0,418.2578125
2021-10-19,10000.0,421.4847106933594
2021-10-20,10000.0,423.1401062011719
2021-10-21,10000.0,424.2437744140625
2021-10-22,10000.0,423.80426025390625
2021-10-25,10000.0,426.0770568847656
2021-10-26,10000.0,426.4604797363281
2021-10-27,10000.0,424.5711364746094
2021-10-28,10000.0,428.66790771484375
2021-10-29,10000.0,429.53765869140625
2021-11-01,10000.0,430.2764892578125
2021-11-02,10000.0,432.0162048339844
2021-11-03,10000.0,434.6537780761719
2021-11-04,10000.0,436.7020568847656
2021-11-05,10000.0,438.2172546386719
2021-11-08,10000.0,438.5914001464844
2021-11-09,10000.0,437.1417236328125
2021-11-10,10000.0,433.6249084472656
2021-11-11,10000.0,433.76519775390625
2021-11-12,10000.0,437.0387878417969
2021-11-15,10000.0,437.18841552734375
2021-11-16,10000.0,438.9186706542969
2021-11-17,10000.0,437.8524475097656
2021-11-18,10000.0,439.33966064453125
2021-11-19,10000.0,438.553955078125
2021-11-22,10000.0,437.3193664550781
2021-11-23,10000.0,437.8992614746094
2021-11-24,10000.0,439.0683898925781
2021-11-26,10000.0,429.2757873535156
2021-11-29,10000.0,434.5414733886719
2021-11-30,10000.0,426.0863342285156
2021-12-01,10000.0,421.35369873046875
2021-12-02,10000.0,427.80731201171875
2021-12-03,10000.0,424.0848693847656
2021-12-06,10000.0,429.10748291015625
2021-12-07,10000.0,437.98345947265625
2021-12-08,10000.0,439.14312744140625
2021-12-09,10000.0,436.17828369140625
2021-12-10,10000.0,440.2842712402344
2021-12-13,10000.0,436.3840637207031
2021-12-14,10000.0,433.3818054199219
2021-12-15,10000.0,440.1534423828125
2021-12-16,10000.0,436.2718200683594
2021-12-17,10000.0,431.6286315917969
2021-12-20,10000.0,427.0389404296875
2021-12-21,10000.0,434.62274169921875
2021-12-22,10000.0,438.96844482421875
2021-12-23,10000.0,441.69970703125
2021-12-27,10000.0,447.95068359375
2021-12-28,10000.0,447.5846862792969
2021-12-29,10000.0,448.1571350097656
2021-12-30,10000.0,446.918212890625
2021-12-31,10000.0,445.7919616699219
2022-01-03,10000.0,448.37298583984375
2022-01-04,10000.0,448.222900390625
2022-01-05,10000.0,439.61602783203125
2022-01-06,10000.0,439.2030334472656
2022-01-07,10000.0,437.4666442871094
2022-01-10,10000.0,436.9223327636719
2022-01-11,10000.0,440.9018249511719
2022-01-12,10000.0,442.09381103515625
2022-01-13,10000.0,436.0024108886719
2022-01-14,10000.0,436.18072509765625
2022-01-18,10000.0,428.45623779296875
2022-01-19,10000.0,424.0072937011719
2022-01-20,10000.0,419.3143005371094
2022-01-21,10000.0,411.0829772949219
2022-01-24,10000.0,412.8287048339844
2022-01-25,10000.0,407.78851318359375
2022-01-26,10000.0,406.7654113769531
2022-01-27,10000.0,404.75677490234375
2022-01-28,10000.0,414.80914306640625
2022-01-31,10000.0,422.2803649902344
2022-02-01,10000.0,425.1336364746094
2022-02-02,10000.0,429.26336669921875
2022-02-03,10000.0,419.173583984375
2022-02-04,10000.0,421.1446228027344
2022-02-07,10000.0,419.7930603027344
2022-02-08,10000.0,423.2470703125
2022-02-09,10000.0,429.4417419433594
2022-02-10,10000.0,421.7265319824219
2022-02-11,10000.0,413.41064453125
2022-02-14,10000.0,412.0590515136719
2022-02-15,10000.0,418.70428466796875
2022-02-16,10000.0,419.173583984375
2022-02-17,10000.0,410.219482421875
2022-02-18,10000.0,407.5632629394531
2022-02-22,10000.0,403.1894226074219
2022-02-23,10000.0,396.037353515625
2022-02-24,10000.0,401.9974060058594
2022-02-25,10000.0,410.8670349121094
2022-02-28,10000.0,409.8157958984375
2022-03-01,10000.0,403.57427978515625
2022-03-02,10000.0,410.99847412109375
2022-03-03,10000.0,408.9523620605469
2022-03-04,10000.0,405.6297607421875
2022-03-07,10000.0,393.6720886230469
2022-03-08,10000.0,390.68743896484375
2022-03-09,10000.0,401.16204833984375
2022-03-10,10000.0,399.3505554199219
2022-03-11,10000.0,394.2727966308594
2022-03-14,10000.0,391.3913879394531
2022-03-15,10000.0,399.9981994628906
2022-03-16,10000.0,408.8678894042969
2022-03-17,10000.0,413.9831237792969
2022-03-18,10000.0,418.5174255371094
2022-03-21,10000.0,418.3951416015625
2022-03-22,10000.0,423.2908935546875
2022-03-23,10000.0,417.839599609375
2022-03-24,10000.0,424.13824462890625
2022-03-25,10000.0,426.2095947265625
2022-03-28,10000.0,429.24114990234375
2022-03-29,10000.0,434.55133056640625
2022-03-30,10000.0,431.8680419921875
2022-03-31,10000.0,425.2210388183594
2022-04-01,10000.0,426.4260559082031
2022-04-04,10000.0,430.0791015625
2022-04-05,10000.0,424.64666748046875
2022-04-06,10000.0,420.4004821777344
2022-04-07,10000.0,422.5189208984375
2022-04-08,10000.0,421.38897705078125
2022-04-11,10000.0,414.18658447265625
2022-04-12,10000.0,412.6518249511719
2022-04-13,10000.0,417.37823486328125
2022-04-14,10000.0,412.1811828613281
2022-04-18,10000.0,412.3506164550781
2022-04-19,10000.0,419.0070495605469
2022-04-20,10000.0,418.6962890625
2022-04-21,10000.0,412.4352722167969
2022-04-22,10000.0,401.1184387207031
2022-04-25,10000.0,403.4439697265625
2022-04-26,10000.0,391.7598571777344
2022-04-27,10000.0,392.86138916015625
2022-04-28,10000.0,402.7850036621094
2022-04-29,10000.0,387.8996887207031
2022-05-02,10000.0,390.2346496582031
2022-05-03,10000.0,392.0235900878906
2022-05-04,10000.0,403.9618225097656
2022-05-05,10000.0,389.6038818359375
2022-05-06,10000.0,387.2782897949219
2022-05-09,10000.0,374.8787536621094
2022-05-10,10000.0,375.744873046875
2022-05-11,10000.0,369.7758483886719
2022-05-12,10000.0,369.3897705078125
2022-05-13,10000.0,378.2210693359375
2022-05-16,10000.0,376.6864013671875
2022-05-17,10000.0,384.43505859375
2022-05-18,10000.0,368.93780517578125
2022-05-19,10000.0,366.67822265625
2022-05-20,10000.0,366.8382873535156
2022-05-23,10000.0,373.7018737792969
2022-05-24,10000.0,370.84912109375
2022-05-25,10000.0,374.1255187988281
2022-05-26,10000.0,381.6010437011719
2022-05-27,10000.0,390.9689636230469
2022-05-31,10000.0,388.7753601074219
2022-06-01,10000.0,385.6307373046875
2022-06-02,10000.0,392.9744567871094
2022-06-03,10000.0,386.525146484375
2022-06-06,10000.0,387.7020263671875
2022-06-07,10000.0,391.4209899902344
2022-06-08,10000.0,387.1653747558594
2022-06-09,10000.0,377.9574890136719
2022-06-10,10000.0,366.9983215332031
2022-06-13,10000.0,353.0640869140625
2022-06-14,10000.0,352.0002136230469
2022-06-15,10000.0,357.0184326171875
2022-06-16,10000.0,345.2025146484375
2022-06-17,10000.0,345.9466857910156
2022-06-21,10000.0,354.6554260253906
2022-06-22,10000.0,354.012451171875
2022-06-23,10000.0,357.482666015625
2022-06-24,10000.0,368.848388671875
2022-06-27,10000.0,367.4395446777344
2022-06-28,10000.0,359.93170166015625
2022-06-29,10000.0,359.6385192871094
2022-06-30,10000.0,356.7167663574219
2022-07-01,10000.0,360.48956298828125
2022-07-05,10000.0,361.1703796386719
2022-07-06,10000.0,362.39019775390625
2022-07-07,10000.0,367.8177795410156
2022-07-08,10000.0,367.51513671875
2022-07-11,10000.0,363.3168029785156
2022-07-12,10000.0,360.1019592285156
2022-07-13,10000.0,358.21075439453125
2022-07-14,10000.0,357.3407897949219
2022-07-15,10000.0,364.1678161621094
2022-07-18,10000.0,361.1609802246094
2022-07-19,10000.0,370.919189453125
2022-07-20,10000.0,373.2831726074219
2022-07-21,10000.0,377.0843811035156
2022-07-22,10000.0,373.58575439453125
2022-07-25,10000.0,374.03955078125
2022-07-26,10000.0,369.6143493652344
2022-07-27,10000.0,379.2119445800781
2022-07-28,10000.0,383.9681091308594
2022-07-29,10000.0,389.56591796875
2022-08-01,10000.0,388.4123229980469
2022-08-02,10000.0,385.8498229980469
2022-08-03,10000.0,391.89202880859375
2022-08-04,10000.0,391.6272277832031
2022-08-05,10000.0,390.9654235839844
2022-08-08,10000.0,390.51141357421875
2022-08-09,10000.0,388.9606628417969
2022-08-10,10000.0,397.13043212890625
2022-08-11,10000.0,397.13043212890625
2022-08-12,10000.0,403.853515625
2022-08-15,10000.0,405.5176696777344
2022-08-16,10000.0,406.31201171875
2022-08-17,10000.0,403.4279479980469
2022-08-18,10000.0,404.60052490234375
2022-08-19,10000.0,399.1634521484375
2022-08-22,10000.0,390.8518981933594
2022-08-23,10000.0,389.90631103515625
2022-08-24,10000.0,391.1545104980469
2022-08-25,10000.0,396.6766052246094
2022-08-26,10000.0,383.24945068359375
2022-08-29,10000.0,380.7153625488281
2022-08-30,10000.0,376.53594970703125
2022-08-31,10000.0,373.6708984375
2022-09-01,10000.0,374.8433532714844
2022-09-02,10000.0,370.8909606933594
2022-09-06,10000.0,369.4913635253906
2022-09-07,10000.0,376.1293029785156
2022-09-08,10000.0,378.5878601074219
2022-09-09,10000.0,384.4693298339844
2022-09-12,10000.0,388.60150146484375
2022-09-13,10000.0,371.7040100097656
2022-09-14,10000.0,373.1224670410156
2022-09-15,10000.0,368.8862609863281
2022-09-16,10000.0,366.0720520019531
2022-09-19,10000.0,368.91094970703125
2022-09-20,10000.0,364.6763916015625
2022-09-21,10000.0,358.31500244140625
2022-09-22,10000.0,355.3052673339844
2022-09-23,10000.0,349.3521728515625
2022-09-26,10000.0,345.8961486816406
2022-09-27,10000.0,345.0130920410156
2022-09-28,10000.0,351.8017578125
2022-09-29,10000.0,344.4530029296875
2022-09-30,10000.0,339.12652587890625
2022-10-03,10000.0,348.0798034667969
2022-10-04,10000.0,358.8656921386719
2022-10-05,10000.0,358.03021240234375
2022-10-06,10000.0,354.3368225097656
2022-10-07,10000.0,344.4530029296875
2022-10-10,10000.0,341.822998046875
2022-10-11,10000.0,339.65814208984375
2022-10-12,10000.0,338.537841796875
2022-10-13,10000.0,347.47222900390625
2022-10-14,10000.0,339.5537414550781
2022-10-17,10000.0,348.27923583984375
2022-10-18,10000.0,352.37139892578125
2022-10-19,10000.0,349.8743896484375
2022-10-20,10000.0,346.9405212402344
2022-10-21,10000.0,355.3717041015625
2022-10-24,10000.0,359.72021484375
2022-10-25,10000.0,365.4643859863281
2022-10-26,10000.0,362.7110290527344
2022-10-27,10000.0,360.77410888671875
2022-10-28,10000.0,369.35711669921875
2022-10-31,10000.0,366.68914794921875
2022-11-01,10000.0,365.0845947265625
2022-11-02,10000.0,355.92236328125
2022-11-03,10000.0,352.25750732421875
2022-11-04,10000.0,357.3276062011719
2022-11-07,10000.0,360.7455749511719
2022-11-08,10000.0,362.6920471191406
2022-11-09,10000.0,355.21978759765625
2022-11-10,10000.0,374.7405700683594
2022-11-11,10000.0,378.3675842285156
2022-11-14,10000.0,375.14886474609375
2022-11-15,10000.0,378.3484802246094
2022-11-16,10000.0,375.4621887207031
2022-11-17,10000.0,374.3133239746094
2022-11-18,10000.0,376.0128479003906
2022-11-21,10000.0,374.6456298828125
2022-11-22,10000.0,379.687255859375
2022-11-23,10000.0,382.07989501953125
2022-11-25,10000.0,381.9944152832031
2022-11-28,10000.0,375.89886474609375
2022-11-29,10000.0,375.2533874511719
2022-11-30,10000.0,387.0739440917969
2022-12-01,10000.0,386.7891845703125
2022-12-02,10000.0,386.3429260253906
2022-12-05,10000.0,379.39288330078125
2022-12-06,10000.0,373.9240417480469
2022-12-07,10000.0,373.2879638671875
2022-12-08,10000.0,376.21221923828125
2022-12-09,10000.0,373.40185546875
2022-12-12,10000.0,378.7852478027344
2022-12-13,10000.0,381.6526184082031
2022-12-14,10000.0,379.2125244140625
2022-12-15,10000.0,369.9363098144531
2022-12-16,10000.0,365.5688171386719
2022-12-19,10000.0,362.46893310546875
2022-12-20,10000.0,362.9649658203125
2022-12-21,10000.0,368.39208984375
2022-12-22,10000.0,363.1366271972656
2022-12-23,10000.0,365.2254943847656
2022-12-27,10000.0,363.78521728515625
2022-12-28,10000.0,359.26409912109375
2022-12-29,10000.0,365.73095703125
2022-12-30,10000.0,364.7676086425781
2023-01-03,10000.0,363.2320556640625
2023-01-04,10000.0,366.03619384765625
2023-01-05,10000.0,361.8584899902344
2023-01-06,10000.0,370.1566467285156
2023-01-09,10000.0,369.94683837890625
2023-01-10,10000.0,372.541259765625
2023-01-11,10000.0,377.2530822753906
2023-01-12,10000.0,378.62652587890625
2023-01-13,10000.0,380.0954895019531
2023-01-17,10000.0,379.399169921875
2023-01-18,10000.0,373.40924072265625
2023-01-19,10000.0,370.69085693359375
2023-01-20,10000.0,377.5964660644531
2023-01-23,10000.0,382.1271057128906
2023-01-24,10000.0,381.7169189453125
2023-01-25,10000.0,381.8599853515625
2023-01-26,10000.0,386.0567932128906
2023-01-27,10000.0,386.9438781738281
2023-01-30,10000.0,382.0889587402344
2023-01-31,10000.0,387.7069091796875
2023-02-01,10000.0,391.827392578125
2023-02-02,10000.0,397.5311584472656
2023-02-03,10000.0,393.3057861328125
2023-02-06,10000.0,390.9021301269531
2023-02-07,10000.0,396.0146179199219
2023-02-08,10000.0,391.68426513671875
2023-02-09,10000.0,388.2887268066406
2023-02-10,10000.0,389.19482421875
2023-02-13,10000.0,393.7635803222656
2023-02-14,10000.0,393.5824279785156
2023-02-15,10000.0,394.8605041503906
2023-02-16,10000.0,389.42376708984375
2023-02-17,10000.0,388.45086669921875
2023-02-21,10000.0,380.65814208984375
2023-02-22,10000.0,380.1335754394531
2023-02-23,10000.0,382.1556701660156
2023-02-24,10000.0,378.0733337402344
2023-02-27,10000.0,379.3610534667969
2023-02-28,10000.0,377.95892333984375
2023-03-01,10000.0,376.5091247558594
2023-03-02,10000.0,379.4373779296875
2023-03-03,10000.0,385.52264404296875
2023-03-06,10000.0,385.78973388671875
2023-03-07,10000.0,379.87603759765625
2023-03-08,10000.0,380.49609375
2023-03-09,10000.0,373.4759826660156
2023-03-10,10000.0,368.0869445800781
2023-03-13,10000.0,367.56231689453125
2023-03-14,10000.0,373.63812255859375
2023-03-15,10000.0,371.30126953125
2023-03-16,10000.0,377.8157653808594
2023-03-17,10000.0,373.3981018066406
2023-03-20,10000.0,376.9886169433594
2023-03-21,10000.0,381.9386291503906
2023-03-22,10000.0,375.4278869628906
2023-03-23,10000.0,376.44281005859375
2023-03-24,10000.0,378.91314697265625
2023-03-27,10000.0,379.6216125488281
2023-03-28,10000.0,378.7695007324219
2023-03-29,10000.0,384.27484130859375
2023-03-30,10000.0,386.52484130859375
2023-03-31,10000.0,391.9727478027344
2023-04-03,10000.0,393.4663391113281
2023-04-04,10000.0,391.2834167480469
2023-04-05,10000.0,390.2589111328125
2023-04-06,10000.0,391.7812805175781
2023-04-10,10000.0,392.1833801269531
2023-04-11,10000.0,392.28875732421875
2023-04-12,10000.0,390.6896667480469
2023-04-13,10000.0,395.8791809082031
2023-04-14,10000.0,394.9121398925781
2023-04-17,10000.0,396.32916259765625
2023-04-18,10000.0,396.5876770019531
2023-04-19,10000.0,396.5206604003906
2023-04-20,10000.0,394.3568115234375
2023-04-21,10000.0,394.6632385253906
2023-04-24,10000.0,395.074951171875
2023-04-25,10000.0,388.8035583496094
2023-04-26,10000.0,387.15673828125
2023-04-27,10000.0,394.86431884765625
2023-04-28,10000.0,398.2344665527344
2023-05-01,10000.0,397.8324279785156
2023-05-02,10000.0,393.3611145019531
2023-05-03,10000.0,390.6610412597656
2023-05-04,10000.0,387.8939208984375
2023-05-05,10000.0,395.074951171875
2023-05-08,10000.0,395.18017578125
2023-05-09,10000.0,393.4472351074219
2023-05-10,10000.0,395.2855224609375
2023-05-11,10000.0,394.59619140625
2023-05-12,10000.0,394.07916259765625
2023-05-15,10000.0,395.438720703125
2023-05-16,10000.0,392.7961730957031
2023-05-17,10000.0,397.5643615722656
2023-05-18,10000.0,401.39410400390625
2023-05-19,10000.0,400.8100280761719
2023-05-22,10000.0,400.9728698730469
2023-05-23,10000.0,396.47283935546875
2023-05-24,10000.0,393.6004333496094
2023-05-25,10000.0,397.0090026855469
2023-05-26,10000.0,402.15057373046875
2023-05-30,10000.0,402.3037109375
2023-05-31,10000.0,400.0728454589844
2023-06-01,10000.0,403.8739318847656
2023-06-02,10000.0,409.7144775390625
2023-06-05,10000.0,408.9292907714844
2023-06-06,10000.0,409.81976318359375
2023-06-07,10000.0,408.4027404785156
2023-06-08,10000.0,410.8729248046875
2023-06-09,10000.0,411.61016845703125
2023-06-12,10000.0,415.3442687988281
2023-06-13,10000.0,418.0825500488281
2023-06-14,10000.0,418.5804138183594
2023-06-15,10000.0,423.7698974609375
2023-06-16,10000.0,422.326416015625
2023-06-20,10000.0,420.13531494140625
2023-06-21,10000.0,417.982666015625
2023-06-22,10000.0,419.4914245605469
2023-06-23,10000.0,416.3200988769531
2023-06-26,10000.0,414.61907958984375
2023-06-27,10000.0,419.16473388671875
2023-06-28,10000.0,419.3760986328125
2023-06-29,10000.0,421.02911376953125
2023-06-30,10000.0,425.99749755859375
2023-07-03,10000.0,426.4876403808594
2023-07-05,10000.0,425.8533630371094
2023-07-06,10000.0,422.5186462402344
2023-07-07,10000.0,421.4518737792969
2023-07-10,10000.0,422.5186462402344
2023-07-11,10000.0,425.2094421386719
2023-07-12,10000.0,428.630615234375
2023-07-13,10000.0,432.03271484375
2023-07-14,10000.0,431.7635803222656
2023-07-17,10000.0,433.2627258300781
2023-07-18,10000.0,436.48211669921875
2023-07-19,10000.0,437.4527282714844
2023-07-20,10000.0,434.55047607421875
2023-07-21,10000.0,434.55047607421875
2023-07-24,10000.0,436.49176025390625
2023-07-25,10000.0,437.683349609375
2023-07-26,10000.0,437.7506408691406
2023-07-27,10000.0,434.8484191894531
2023-07-28,10000.0,439.105712890625
2023-07-31,10000.0,439.94183349609375
2023-08-01,10000.0,438.6828308105469
2023-08-02,10000.0,432.5804443359375
2023-08-03,10000.0,431.3407287597656
2023-08-04,10000.0,429.3898620605469
2023-08-07,10000.0,433.1378173828125
2023-08-08,10000.0,431.2542724609375
2023-08-09,10000.0,428.3711853027344
2023-08-10,10000.0,428.5249328613281
2023-08-11,10000.0,428.2750549316406
2023-08-14,10000.0,430.63916015625
2023-08-15,10000.0,425.6227111816406
2023-08-16,10000.0,422.4994201660156
2023-08-17,10000.0,419.2799987792969
2023-08-18,10000.0,419.4817810058594
2023-08-21,10000.0,422.2111511230469
2023-08-22,10000.0,421.0675048828125
2023-08-23,10000.0,425.7572326660156
2023-08-24,10000.0,419.8566589355469
2023-08-25,10000.0,422.8165588378906
2023-08-28,10000.0,425.49774169921875
2023-08-29,10000.0,431.64825439453125
2023-08-30,10000.0,433.4261474609375
2023-08-31,10000.0,432.7918701171875
2023-09-01,10000.0,433.59912109375
2023-09-05,10000.0,431.72509765625
2023-09-06,10000.0,428.8228759765625
2023-09-07,10000.0,427.50628662109375
2023-09-08,10000.0,428.1501159667969
2023-09-11,10000.0,430.9659118652344
2023-09-12,10000.0,428.6018371582031
2023-09-13,10000.0,429.1015930175781
2023-09-14,10000.0,432.80145263671875
2023-09-15,10000.0,427.58697509765625
2023-09-18,10000.0,427.837646484375
2023-09-19,10000.0,426.9504699707031
2023-09-20,10000.0,423.0252990722656
2023-09-21,10000.0,416.0334167480469
2023-09-22,10000.0,415.0979309082031
2023-09-25,10000.0,416.8434753417969
2023-09-26,10000.0,410.71954345703125
2023-09-27,10000.0,410.8834228515625
2023-09-28,10000.0,413.26556396484375
2023-09-29,10000.0,412.2626037597656
2023-10-02,10000.0,412.0986328125
2023-10-03,10000.0,406.58221435546875
2023-10-04,10000.0,409.5429992675781
2023-10-05,10000.0,409.3886413574219
2023-10-06,10000.0,414.24920654296875
2023-10-09,10000.0,416.9013671875
2023-10-10,10000.0,419.0712585449219
2023-10-11,10000.0,420.7879333496094
2023-10-12,10000.0,418.22259521484375
2023-10-13,10000.0,416.13946533203125
2023-10-16,10000.0,420.5179138183594
2023-10-17,10000.0,420.49853515625
2023-10-18,10000.0,414.8953552246094
2023-10-19,10000.0,411.25
2023-10-20,10000.0,406.19647216796875
2023-10-23,10000.0,405.49249267578125
2023-10-24,10000.0,408.54962158203125
2023-10-25,10000.0,402.6860656738281
2023-10-26,10000.0,397.86407470703125
2023-10-27,10000.0,396.0605773925781
2023-10-30,10000.0,400.7958068847656
2023-10-31,10000.0,403.31298828125
2023-11-01,10000.0,407.61419677734375
2023-11-02,10000.0,415.42584228515625
2023-11-03,10000.0,419.21588134765625
2023-11-06,10000.0,420.1802978515625
2023-11-07,10000.0,421.3761901855469
2023-11-08,10000.0,421.684814453125
2023-11-09,10000.0,418.3961486816406
2023-11-10,10000.0,424.9252014160156
2023-11-13,10000.0,424.5201110839844
2023-11-14,10000.0,432.75616455078125
2023-11-15,10000.0,433.6722717285156
2023-11-16,10000.0,434.2027587890625
2023-11-17,10000.0,434.7427673339844
2023-11-20,10000.0,438.08929443359375
2023-11-21,10000.0,437.1344909667969
2023-11-22,10000.0,438.8221740722656
2023-11-24,10000.0,439.0921630859375
2023-11-27,10000.0,438.30145263671875
2023-11-28,10000.0,438.7353820800781
2023-11-29,10000.0,438.42681884765625
2023-11-30,10000.0,440.153076171875
2023-12-01,10000.0,442.7569885253906
2023-12-04,10000.0,440.4327392578125
2023-12-05,10000.0,440.3459777832031
2023-12-06,10000.0,438.5714416503906
2023-12-07,10000.0,441.9179382324219
2023-12-08,10000.0,443.81787109375
2023-12-11,10000.0,445.5440673828125
2023-12-12,10000.0,447.5789794921875
2023-12-13,10000.0,453.75115966796875
2023-12-14,10000.0,455.2073669433594
2023-12-15,10000.0,454.4578857421875
2023-12-18,10000.0,457.0142517089844
2023-12-19,10000.0,459.7933044433594
2023-12-20,10000.0,453.42181396484375
2023-12-21,10000.0,457.7210998535156
2023-12-22,10000.0,458.64105224609375
2023-12-26,10000.0,460.57763671875
2023-12-27,10000.0,461.4103698730469
2023-12-28,10000.0,461.5846862792969
2023-12-29,10000.0,460.2484130859375
2024-01-02,10000.0,457.6726989746094
2024-01-03,10000.0,453.9350280761719
2024-01-04,10000.0,452.472900390625
2024-01-05,10000.0,453.09259033203125
2024-01-08,10000.0,459.5609130859375
2024-01-09,10000.0,458.8637390136719
2024-01-10,10000.0,461.45880126953125
2024-01-11,10000.0,461.25543212890625
2024-01-12,10000.0,461.5749816894531
2024-01-16,10000.0,459.8804931640625
2024-01-17,10000.0,457.32415771484375
2024-01-18,10000.0,461.3909912109375
2024-01-19,10000.0,467.1428527832031
2024-01-22,10000.0,468.13055419921875
2024-01-23,10000.0,469.4957580566406
2024-01-24,10000.0,470.0090026855469
2024-01-25,10000.0,472.5653991699219
2024-01-26,10000.0,471.96502685546875
2024-01-29,10000.0,475.7026672363281
2024-01-30,10000.0,475.33477783203125
2024-01-31,10000.0,467.5785827636719
2024-02-01,10000.0,473.69830322265625
2024-02-02,10000.0,478.6851501464844
2024-02-05,10000.0,476.942138671875
2024-02-06,10000.0,478.32684326171875
2024-02-07,10000.0,482.3162536621094
2024-02-08,10000.0,482.52923583984375
2024-02-09,10000.0,485.318115234375
2024-02-12,10000.0,485.1050109863281
2024-02-13,10000.0,478.4236145019531
2024-02-14,10000.0,482.7713623046875
2024-02-15,10000.0,486.1024169921875
2024-02-16,10000.0,483.6816101074219
2024-02-20,10000.0,481.0186767578125
2024-02-21,10000.0,481.4544372558594
2024-02-22,10000.0,491.4183654785156
2024-02-23,10000.0,491.75732421875
2024-02-26,10000.0,489.95623779296875
2024-02-27,10000.0,490.866455078125
2024-02-28,10000.0,490.2177734375
2024-02-29,10000.0,491.97998046875
2024-03-01,10000.0,496.5987854003906
2024-03-04,10000.0,496.0662536621094
2024-03-05,10000.0,491.1084899902344
2024-03-06,10000.0,493.59710693359375
2024-03-07,10000.0,498.4967346191406
2024-03-08,10000.0,495.5046691894531
2024-03-11,10000.0,495.07861328125
2024-03-12,10000.0,500.4043273925781
2024-03-13,10000.0,499.6199951171875
2024-03-14,10000.0,498.63238525390625
2024-03-15,10000.0,495.20843505859375
2024-03-18,10000.0,498.1515197753906
2024-03-19,10000.0,500.9198303222656
2024-03-20,10000.0,505.55291748046875
2024-03-21,10000.0,507.2236633300781
2024-03-22,10000.0,506.2620544433594
2024-03-25,10000.0,504.8634033203125
2024-03-26,10000.0,503.930908203125
2024-03-27,10000.0,508.1658630371094
2024-03-28,10000.0,508.0687561035156
2024-04-01,10000.0,507.1848449707031
2024-04-02,10000.0,503.96002197265625
2024-04-03,10000.0,504.513671875
2024-04-04,10000.0,498.3554992675781
2024-04-05,10000.0,503.5617980957031
2024-04-08,10000.0,503.8434143066406
2024-04-09,10000.0,504.42626953125
2024-04-10,10000.0,499.37542724609375
2024-04-11,10000.0,503.1440734863281
2024-04-12,10000.0,496.19915771484375
2024-04-15,10000.0,489.98272705078125
2024-04-16,10000.0,489.089111328125
2024-04-17,10000.0,486.194580078125
2024-04-18,10000.0,485.194091796875
2024-04-19,10000.0,480.9591064453125
2024-04-22,10000.0,485.388427734375
2024-04-23,10000.0,491.14825439453125
2024-04-24,10000.0,490.9151611328125
2024-04-25,10000.0,489.0502624511719
2024-04-26,10000.0,493.6835021972656
2024-04-29,10000.0,495.4317932128906
2024-04-30,10000.0,487.5835876464844
2024-05-01,10000.0,486.0003356933594
2024-05-02,10000.0,490.5461120605469
2024-05-03,10000.0,496.6265869140625
2024-05-06,10000.0,501.7551574707031
2024-05-07,10000.0,502.3087463378906
2024-05-08,10000.0,502.3572998046875
2024-05-09,10000.0,505.2518615722656
2024-05-10,10000.0,505.9027099609375
2024-05-13,10000.0,505.97064208984375
2024-05-14,10000.0,508.2920837402344
2024-05-15,10000.0,514.5863647460938
2024-05-16,10000.0,513.5275268554688
2024-05-17,10000.0,514.265869140625
2024-05-20,10000.0,514.8580932617188
2024-05-21,10000.0,516.1209716796875
2024-05-22,10000.0,514.634765625
2024-05-23,10000.0,510.87579345703125
2024-05-24,10000.0,514.2559204101562
2024-05-28,10000.0,514.6153564453125
2024-05-29,10000.0,511.0118713378906
2024-05-30,10000.0,507.6218566894531
2024-05-31,10000.0,512.2454223632812
2024-06-03,10000.0,512.6630249023438
2024-06-04,10000.0,513.2362060546875
2024-06-05,10000.0,519.3359985351562
2024-06-06,10000.0,519.3262939453125
2024-06-07,10000.0,518.695068359375
2024-06-10,10000.0,520.297607421875
2024-06-11,10000.0,521.5505981445312
2024-06-12,10000.0,525.834228515625
2024-06-13,10000.0,526.8928833007812
2024-06-14,10000.0,527.2134399414062
2024-06-17,10000.0,531.4095458984375
2024-06-18,10000.0,532.7595825195312
2024-06-20,10000.0,531.3124389648438
2024-06-21,10000.0,530.6000366210938
2024-06-24,10000.0,528.8753051757812
2024-06-25,10000.0,530.9119262695312
2024-06-26,10000.0,531.574462890625
2024-06-27,10000.0,532.41259765625
2024-06-28,10000.0,530.3174438476562
2024-07-01,10000.0,531.4088745117188
2024-07-02,10000.0,534.9851684570312
2024-07-03,10000.0,537.3726196289062
2024-07-05,10000.0,540.4713745117188
2024-07-08,10000.0,541.094970703125
2024-07-09,10000.0,541.6212158203125
2024-07-10,10000.0,546.9806518554688
2024-07-11,10000.0,542.2642211914062
2024-07-12,10000.0,545.6845703125
2024-07-15,10000.0,547.1853637695312
2024-07-16,10000.0,550.43017578125
2024-07-17,10000.0,542.7125244140625
2024-07-18,10000.0,538.5419311523438
2024-07-19,10000.0,534.9656982421875
2024-07-22,10000.0,540.4810180664062
2024-07-23,10000.0,539.63330078125
2024-07-24,10000.0,527.4038696289062
2024-07-25,10000.0,524.6558227539062
2024-07-26,10000.0,530.5319213867188
2024-07-29,10000.0,530.8436279296875
2024-07-30,10000.0,528.1542358398438
2024-07-31,10000.0,536.7391967773438
2024-08-01,10000.0,529.1383666992188
2024-08-02,10000.0,519.2868041992188
2024-08-05,10000.0,504.16314697265625
2024-08-06,10000.0,508.81134033203125
2024-08-07,10000.0,505.4104919433594
2024-08-08,10000.0,517.09423828125
2024-08-09,10000.0,519.3744506835938
2024-08-12,10000.0,519.647216796875
2024-08-13,10000.0,528.1932373046875
2024-08-14,10000.0,529.8594360351562
2024-08-15,10000.0,538.94140625
2024-08-16,10000.0,540.1497802734375
2024-08-19,10000.0,545.3143310546875
2024-08-20,10000.0,544.427734375
2024-08-21,10000.0,546.2985229492188
2024-08-22,10000.0,542.010986328125
2024-08-23,10000.0,547.77001953125
2024-08-26,10000.0,546.4642333984375
2024-08-27,10000.0,547.2145385742188
2024-08-28,10000.0,544.0377807617188
2024-08-29,10000.0,544.0865478515625
2024-08-30,10000.0,549.2803955078125
2024-09-03,10000.0,537.9767456054688
2024-09-04,10000.0,536.8755493164062
2024-09-05,10000.0,535.5697631835938
2024-09-06,10000.0,526.55615234375
2024-09-09,10000.0,532.4515380859375
2024-09-10,10000.0,534.7708129882812
2024-09-11,10000.0,540.2568969726562
2024-09-12,10000.0,544.8076171875
2024-09-13,10000.0,547.6530151367188
2024-09-16,10000.0,548.4618530273438
2024-09-17,10000.0,548.68603515625
2024-09-18,10000.0,547.0586547851562
2024-09-19,10000.0,556.3938598632812
2024-09-20,10000.0,555.4320068359375
2024-09-23,10000.0,556.8200073242188
2024-09-24,10000.0,558.413330078125
2024-09-25,10000.0,557.1817016601562
2024-09-26,10000.0,559.3907470703125
2024-09-27,10000.0,558.579345703125
2024-09-30,10000.0,560.8178100585938
2024-10-01,10000.0,555.7937622070312
2024-10-02,10000.0,556.0282592773438
2024-10-03,10000.0,555.0119018554688
2024-10-04,10000.0,560.055419921875
2024-10-07,10000.0,554.9922485351562
2024-10-08,10000.0,560.240966796875
2024-10-09,10000.0,564.1215209960938
2024-10-10,10000.0,563.1343994140625
2024-10-11,10000.0,566.506591796875
2024-10-14,10000.0,571.1395263671875
2024-10-15,10000.0,566.7020263671875
2024-10-16,10000.0,569.1651611328125
2024-10-17,10000.0,569.2140502929688
2024-10-18,10000.0,571.4035034179688
2024-10-21,10000.0,570.4652709960938
2024-10-22,10000.0,570.1622924804688
2024-10-23,10000.0,564.9523315429688
2024-10-24,10000.0,566.1741943359375
2024-10-25,10000.0,565.9786376953125
2024-10-28,10000.0,567.7283325195312
2024-10-29,10000.0,568.6471557617188
2024-10-30,10000.0,566.9268188476562
2024-10-31,10000.0,555.8132934570312
2024-11-01,10000.0,558.1591186523438
2024-11-04,10000.0,556.9569091796875
2024-11-05,10000.0,563.6914672851562
2024-11-06,10000.0,577.7081298828125
2024-11-07,10000.0,582.1749877929688
2024-11-08,10000.0,584.69677734375
2024-11-11,10000.0,585.2539672851562
2024-11-12,10000.0,583.435791015625
2024-11-13,10000.0,583.7192993164062
2024-11-14,10000.0,579.9657592773438
2024-11-15,10000.0,572.5372924804688
2024-11-18,10000.0,574.8833618164062
2024-11-19,10000.0,576.9847412109375
2024-11-20,10000.0,577.18017578125
2024-11-21,10000.0,580.2786865234375
2024-11-22,10000.0,582.0771484375
2024-11-25,10000.0,584.0517578125
2024-11-26,10000.0,587.1012573242188
2024-11-27,10000.0,585.3223876953125
2024-11-29,10000.0,588.958251953125
2024-12-02,10000.0,590.0139770507812
2024-12-03,10000.0,590.2877197265625
2024-12-04,10000.0,593.953125
2024-12-05,10000.0,592.9755859375
2024-12-06,10000.0,594.0997924804688
2024-12-09,10000.0,591.0404052734375
2024-12-10,10000.0,589.2026977539062
2024-12-11,10000.0,593.7576293945312
2024-12-12,10000.0,590.6981811523438
2024-12-13,10000.0,590.5810546875
2024-12-16,10000.0,593.102783203125
2024-12-17,10000.0,590.6591186523438
2024-12-18,10000.0,573.055419921875
2024-12-19,10000.0,572.8795166015625
2024-12-20,10000.0,579.76025390625
2024-12-23,10000.0,583.2320556640625
2024-12-24,10000.0,589.7146606445312
2024-12-26,10000.0,589.75390625
2024-12-27,10000.0,583.5458984375
2024-12-30,10000.0,576.88671875
