date,nav,spy
2010-01-04,10000.0,84.36895751953125
2010-01-05,9993.233333333335,84.59230041503906
2010-01-06,9959.633742688102,84.65186309814453
2010-01-07,9985.576372721853,85.00921630859375
2010-01-08,10031.281609170619,85.29207611083984
2010-01-11,10019.720944200353,85.41122436523438
2010-01-12,9918.996228330016,84.61466217041016
2010-01-13,9980.79461571195,85.32930755615234
2010-01-14,9990.603184512243,85.56008911132812
2010-01-15,9933.120186194586,84.5997543334961
2010-01-19,10055.089025688745,85.65689086914062
2010-01-20,9970.43287751991,84.7858657836914
2010-01-21,9806.116847476167,83.15550994873047
2010-01-22,9597.336089484319,81.30184936523438
2010-01-25,9617.219324171643,81.71873474121094
2010-01-26,9592.484818638766,81.37626647949219
2010-01-27,9663.88474818237,81.76341247558594
2010-01-28,9534.096285577041,80.82537841796875
2010-01-29,9426.465236630256,79.9468994140625
2010-02-01,9524.813216962148,81.19015502929688
2010-02-02,9613.779488449949,82.17282104492188
2010-02-03,9607.92721700216,81.76341247558594
2010-02-04,9353.93118462856,79.23973083496094
2010-02-05,9376.308882901272,79.40348815917969
2010-02-08,9336.8574973867,78.83026123046875
2010-02-09,9423.588085625932,79.82035827636719
2010-02-10,9404.989752655567,79.66403198242188
2010-02-11,9488.885802853973,80.497802734375
2010-02-12,9473.563911763558,80.43080139160156
2010-02-16,9598.276992742507,81.6964111328125
2010-02-17,9655.158876176118,82.08352661132812
2010-02-18,9685.19489601738,82.5673599243164
2010-02-19,9667.962184118667,82.73860168457031
2010-02-22,9673.609331478408,82.75349426269531
2010-02-23,9604.621028730391,81.74849700927734
2010-02-24,9695.260422103636,82.50041961669922
2010-02-25,9691.517282197887,82.38871002197266
2010-02-26,9700.753086771456,82.44084167480469
2010-03-01,9783.621793071636,83.29700469970703
2010-03-02,9801.1890305748,83.52774810791016
2010-03-03,9798.606207079343,83.6021957397461
2010-03-04,9829.661941617505,83.8553237915039
2010-03-05,9946.491186399768,85.0538558959961
2010-03-08,9965.854828805337,85.06875610351562
2010-03-09,9982.464883637982,85.21016693115234
2010-03-10,10028.858228000212,85.58988189697266
2010-03-11,10068.210729337326,85.94721221923828
2010-03-12,10057.516375464722,85.95462799072266
2010-03-15,10059.21274511755,85.97698974609375
2010-03-16,10096.420277130665,86.661865234375
2010-03-17,10147.217851856523,87.17552185058594
2010-03-18,10175.440445135142,87.13091278076172
2010-03-19,10141.512705078458,86.68984985351562
2010-03-22,10178.684210949023,87.15333557128906
2010-03-23,10239.60908069703,87.76627349853516
2010-03-24,10145.255641911115,87.34019470214844
2010-03-25,10192.106602052252,87.19816589355469
2010-03-26,10179.51452759596,87.14586639404297
2010-03-29,10206.045906060313,87.69905090332031
2010-03-30,10246.623469816648,87.75881958007812
2010-03-31,10216.85180400244,87.45980072021484
2010-04-01,10233.123059100843,88.05781555175781
2010-04-05,10278.898607565035,88.77542877197266
2010-04-06,10283.435239565042,88.9847183227539
2010-04-07,10260.951668322761,88.4764175415039
2010-04-08,10285.97135794779,88.78291320800781
2010-04-09,10341.445635091231,89.36599731445312
2010-04-12,10367.0906290672,89.50800323486328
2010-04-13,10406.19360879834,89.5752944946289
2010-04-14,10528.40506208419,90.59191131591797
2010-04-15,10544.014038603053,90.66667938232422
2010-04-16,10410.797906003701,89.22393798828125
2010-04-19,10449.425815392759,89.56034088134766
2010-04-20,10502.886969841265,90.3602066040039
2010-04-21,10464.938752695305,90.19572448730469
2010-04-22,10485.448912006526,90.46485137939453
2010-04-23,10519.874584352207,91.05534362792969
2010-04-26,10476.775019043249,90.7115249633789
2010-04-27,10268.556562333757,88.56614685058594
2010-04-28,10299.878691928801,89.2388916015625
2010-04-29,10422.81119145235,90.34522247314453
2010-04-30,10234.23890877005,88.81279754638672
2010-05-03,10337.017700907716,89.96401977539062
2010-05-04,10109.213323036372,87.8484878540039
2010-05-05,10061.127737098792,87.32527160644531
2010-05-06,9767.656656583447,84.42485809326172
2010-05-07,9634.722648028463,83.16905212402344
2010-05-10,10009.984911341668,86.83191680908203
2010-05-11,9968.170298441406,86.58518981933594
2010-05-12,10087.589474312366,87.79618835449219
2010-05-13,9968.929391085416,86.7048110961914
2010-05-14,9763.331271170486,85.13501739501953
2010-05-17,9779.852042844215,85.17987060546875
2010-05-18,9636.670466678563,84.0212173461914
2010-05-19,9604.85075948791,83.54277038574219
2010-05-20,9326.017269843534,80.38829803466797
2010-05-21,9416.388564056055,81.56187438964844
2010-05-24,9365.12239667227,80.5153579711914
2010-05-25,9364.417269724821,80.59756469726562
2010-05-26,9300.721051178753,80.1116714477539
2010-05-27,9555.65211745912,82.7952880859375
2010-05-28,9452.232778553698,81.7562255859375
2010-06-01,9356.957661396968,80.38077545166016
2010-06-02,9543.151994944503,82.4738540649414
2010-06-03,9593.361423276468,82.75790405273438
2010-06-04,9305.93294478505,79.85005950927734
2010-06-07,9222.083075261688,78.8558578491211
2010-06-08,9265.862352111584,79.70054626464844
2010-06-09,9200.81315092105,79.27447509765625
2010-06-10,9413.822565931987,81.59175872802734
2010-06-11,9429.116530320542,81.98796081542969
2010-06-14,9399.453861165359,81.86087799072266
2010-06-15,9618.901677780721,83.7221908569336
2010-06-16,9604.48138837954,83.69233703613281
2010-06-17,9637.420922112098,83.82687377929688
2010-06-18,9643.793324517803,83.91775512695312
2010-06-21,9613.734719505394,83.67740631103516
2010-06-22,9487.907968691137,82.29542541503906
2010-06-23,9460.987267540211,82.0400619506836
2010-06-24,9285.966357861058,80.68061065673828
2010-06-25,9286.3023131594,81.01858520507812
2010-06-28,9255.350992938156,80.76319885253906
2010-06-29,8989.399244101323,78.2696533203125
2010-06-30,8889.89358354173,77.52611541748047
2010-07-01,8871.337029611755,77.18061065673828
2010-07-02,8862.019600704345,76.76000213623047
2010-07-06,8883.013178998024,77.26324462890625
2010-07-07,9113.237035388083,79.69670867919922
2010-07-08,9197.506459896937,80.4853286743164
2010-07-09,9268.96970212151,81.08619689941406
2010-07-12,9296.484902054723,81.13874816894531
2010-07-13,9429.845034007452,82.36300659179688
2010-07-14,9435.457301101878,82.35549926757812
2010-07-15,9448.52871917521,82.37805938720703
2010-07-16,9168.673811320616,80.10980224609375
2010-07-19,9226.682432310443,80.58300018310547
2010-07-20,9326.311683845059,81.47676086425781
2010-07-21,9201.60586278812,80.41773986816406
2010-07-22,9434.48265671427,82.21280670166016
2010-07-23,9483.497506196647,82.92632293701172
2010-07-26,9562.089925426359,83.7900161743164
2010-07-27,9527.270704647923,83.78255462646484
2010-07-28,9433.498456541547,83.24176788330078
2010-07-29,9350.01357747954,82.83622741699219
2010-07-30,9368.547600985512,82.82118225097656
2010-08-02,9497.04896454739,84.69132995605469
2010-08-03,9454.62628541934,84.28577423095703
2010-08-04,9558.257165313204,84.84909057617188
2010-08-05,9550.321309173025,84.75897216796875
2010-08-06,9556.898980732974,84.41344451904297
2010-08-09,9634.504840364389,84.8641128540039
2010-08-10,9586.470825528317,84.40592193603516
2010-08-11,9344.947446043325,82.09260559082031
2010-08-12,9273.111588199079,81.58941650390625
2010-08-13,9230.858887487384,81.34906768798828
2010-08-16,9248.162741118476,81.3115005493164
2010-08-17,9352.009502076226,82.31045532226562
2010-08-18,9378.529671692982,82.46064758300781
2010-08-19,9246.212810391578,81.02608489990234
2010-08-20,9230.744774105111,80.76319885253906
2010-08-23,9186.051879761351,80.45525360107422
2010-08-24,9082.452917477372,79.2610855102539
2010-08-25,9160.501875370874,79.56900024414062
2010-08-26,9085.453232904436,79.0357437133789
2010-08-27,9189.54184176771,80.25999450683594
2010-08-30,9054.671451489801,79.09581756591797
2010-08-31,9024.246477055294,79.09581756591797
2010-09-01,9272.524499654977,81.46173095703125
2010-09-02,9374.90282711163,82.2203369140625
2010-09-03,9496.216524211464,83.28683471679688
2010-09-07,9428.959914047662,82.34801483154297
2010-09-08,9453.537491026875,82.92632293701172
2010-09-09,9466.522231504783,83.30936431884766
2010-09-10,9506.827093721115,83.72996520996094
2010-09-13,9604.09743485198,84.66128540039062
2010-09-14,9669.065631575088,84.60873413085938
2010-09-15,9729.81930520512,84.93169403076172
2010-09-16,9746.472966396608,84.90914916992188
2010-09-17,9802.968605939006,84.94087219238281
2010-09-20,9955.40051929907,86.2396469116211
2010-09-21,9956.42122623841,86.06597900390625
2010-09-22,9961.120273020426,85.64312744140625
2010-09-23,9939.729755721972,84.94841766357422
2010-09-24,10130.494764105884,86.70024108886719
2010-09-27,10087.25520165442,86.28498077392578
2010-09-28,10123.512237766045,86.58699798583984
2010-09-29,10099.247933321123,86.43598175048828
2010-09-30,10089.299056895425,86.17924499511719
2010-10-01,10093.582961477989,86.54168701171875
2010-10-04,10032.916652241283,85.89226531982422
2010-10-05,10200.935402212457,87.62149047851562
2010-10-06,10177.672814708565,87.61392974853516
2010-10-07,10166.821975567516,87.50823211669922
2010-10-08,10210.173234878872,87.99903869628906
2010-10-11,10212.984717449188,88.08208465576172
2010-10-12,10236.676490712789,88.3539047241211
2010-10-13,10301.331614108585,89.04104614257812
2010-10-14,10278.420086103422,88.6937255859375
2010-10-15,10387.35837157804,88.87494659423828
2010-10-18,10442.570999852414,89.31290435791016
2010-10-19,10309.678839835262,88.14247131347656
2010-10-20,10358.22848201298,89.0032958984375
2010-10-21,10399.136389986286,89.19960021972656
2010-10-22,10455.112178034753,89.36575317382812
2010-10-25,10486.127781116715,89.63002014160156
2010-10-26,10479.795543257584,89.6451187133789
2010-10-27,10454.289397833465,89.38838958740234
2010-10-28,10438.166995361851,89.40347290039062
2010-10-29,10463.202945980715,89.47148895263672
2010-11-01,10433.986072736601,89.50169372558594
2010-11-02,10538.661932884359,90.21150207519531
2010-11-03,10584.350201833191,90.57392883300781
2010-11-04,10744.465326035352,92.31819152832031
2010-11-05,10773.069687736423,92.66554260253906
2010-11-08,10726.083649890148,92.49182891845703
2010-11-09,10662.887006374376,91.82736206054688
2010-11-10,10707.797837680439,92.19735717773438
2010-11-11,10632.470564933894,91.85004425048828
2010-11-12,10542.348494234971,90.76268768310547
2010-11-15,10473.919775982256,90.6343002319336
2010-11-16,10341.952963725924,89.2222900390625
2010-11-17,10375.412194541745,89.267578125
2010-11-18,10511.058469369162,90.58147430419922
2010-11-19,10555.881517140831,90.83061981201172
2010-11-22,10572.102219885966,90.75513458251953
2010-11-23,10427.10319319584,89.44125366210938
2010-11-24,10573.215542627791,90.76268768310547
2010-11-26,10512.541793962786,89.70553588867188
2010-11-29,10496.422355630812,89.97737884521484
2010-11-30,10418.966286182573,89.47148895263672
2010-12-01,10647.125855348982,91.37432098388672
2010-12-02,10804.7329853551,92.5447006225586
2010-12-03,10800.98421610524,92.79389190673828
2010-12-06,10801.44632501873,92.69573211669922
2010-12-07,10792.061742847622,92.74857330322266
2010-12-08,10851.725314744539,93.08837127685547
2010-12-09,10888.566561960191,93.4508285522461
2010-12-10,10946.904621141197,93.99449157714844
2010-12-13,10970.179412324951,94.0549087524414
2010-12-14,10991.75492864172,94.13795471191406
2010-12-15,10923.013501619129,93.70755004882812
2010-12-16,10927.022985950987,94.251220703125
2010-12-17,10936.496770596796,94.3521728515625
2010-12-20,10968.154426832818,94.57987976074219
2010-12-21,11029.29814709392,95.1795883178711
2010-12-22,11029.097961882164,95.47560119628906
2010-12-23,11009.553534353618,95.3389892578125
2010-12-27,11034.158769875577,95.37689208984375
2010-12-28,11022.93236586741,95.5135726928711
2010-12-29,11036.807918015058,95.58187103271484
2010-12-30,11014.897265040676,95.43003845214844
2010-12-31,11012.141737997159,95.45284271240234
2011-01-03,11111.748096419642,96.43962860107422
2011-01-04,11110.844684785776,96.386474609375
2011-01-05,11182.781746580173,96.88750457763672
2011-01-06,11254.784998403162,96.69770812988281
2011-01-07,11243.599819446948,96.50792694091797
2011-01-10,11241.376091645536,96.386474609375
2011-01-11,11273.690254473942,96.72809600830078
2011-01-12,11393.42972451894,97.60102081298828
2011-01-13,11388.23715969039,97.44158172607422
2011-01-14,11491.036696095149,98.14754486083984
2011-01-18,11500.505570041749,98.31453704833984
2011-01-19,11388.147103817542,97.35050201416016
2011-01-20,11412.647482505328,97.22147369384766
2011-01-21,11379.00815935773,97.44158172607422
2011-01-24,11509.405814318197,97.99571228027344
2011-01-25,11534.522423724768,98.04883575439453
2011-01-26,11559.318802564021,98.42838287353516
2011-01-27,11644.323382342149,98.67130279541016
2011-01-28,11382.05934922772,96.94821166992188
2011-01-31,11411.11804073324,97.6769027709961
2011-02-01,11561.029439763191,99.24059295654297
2011-02-02,11553.211195419555,99.05082702636719
2011-02-03,11598.566960560705,99.27094268798828
2011-02-04,11659.463383319395,99.5517807006836
2011-02-07,11662.061526421852,100.17424774169922
2011-02-08,11726.252780833916,100.62967681884766
2011-02-09,11711.057844682875,100.40198516845703
2011-02-10,11656.579157283684,100.43990325927734
2011-02-11,11729.746862254731,101.03953552246094
2011-02-14,11749.108616427606,101.28247833251953
2011-02-15,11721.109995917885,100.9636459350586
2011-02-16,11766.72256522309,101.60128784179688
2011-02-17,11830.280108020308,101.90491485595703
2011-02-18,11879.236082539659,102.11743927001953
2011-02-22,11622.40837781764,100.06797790527344
2011-02-23,11493.754579076518,99.453125
2011-02-24,11557.154580330258,99.38481903076172
2011-02-25,11643.851564419081,100.4474868774414
2011-02-28,11675.132035484125,101.06990814208984
2011-03-01,11492.788493397962,99.38481903076172
2011-03-02,11503.262339065106,99.59735107421875
2011-03-03,11692.181691754335,101.31285095214844
2011-03-04,11625.216322938162,100.55374145507812
2011-03-07,11506.23979781581,99.76436614990234
2011-03-08,11563.067864490511,100.63726043701172
2011-03-09,11506.34551745631,100.49299621582031
2011-03-10,11319.111000416082,98.63334655761719
2011-03-11,11367.219675642196,99.31648254394531
2011-03-14,11313.306406154901,98.7168197631836
2011-03-15,11190.878165524011,97.58580780029297
2011-03-16,10968.695910249196,95.77923583984375
2011-03-17,11059.17789484947,97.04690551757812
2011-03-18,11064.349972143067,97.39986419677734
2011-03-21,11202.982597679598,98.90933990478516
2011-03-22,11160.704337803658,98.5662612915039
2011-03-23,11210.187405430672,98.8483657836914
2011-03-24,11362.034075675501,99.793701171875
2011-03-25,11330.89735026037,100.0986099243164
2011-03-28,11319.402765541317,99.85464477539062
2011-03-29,11415.867111557614,100.52555847167969
2011-03-30,11495.054293127985,101.21927642822266
2011-03-31,11467.341992128222,101.08210754394531
2011-04-01,11503.615835610739,101.50900268554688
2011-04-04,11511.053899946568,101.59286499023438
2011-04-05,11522.757440315649,101.57757568359375
2011-04-06,11590.19473626115,101.89783477783203
2011-04-07,11611.404841668083,101.63864135742188
2011-04-08,11563.413157066472,101.28792572021484
2011-04-11,11564.706088905561,100.98296356201172
2011-04-12,11510.580101164138,100.22821044921875
2011-04-13,11544.704873332275,100.2206039428711
2011-04-14,11548.764289421215,100.29683685302734
2011-04-15,11564.805364414862,100.6627426147461
2011-04-18,11450.53267100986,99.53446197509766
2011-04-19,11488.358027169274,100.10624694824219
2011-04-20,11660.715880048168,101.47088623046875
2011-04-21,11740.360823376788,101.98928833007812
2011-04-25,11729.442828275425,101.882568359375
2011-04-26,11836.788513122801,102.75928497314453
2011-04-27,11959.853734102715,103.43019104003906
2011-04-28,11968.094743832642,103.76557159423828
2011-04-29,11982.032004913726,104.0095443725586
2011-05-02,12007.636322964781,103.8494873046875
2011-05-03,11973.812000097698,103.47590637207031
2011-05-04,11953.135759296792,102.789794921875
2011-05-05,11883.617973901464,101.85971069335938
2011-05-06,11956.272340494046,102.30950164794922
2011-05-09,12031.200145171953,102.70594024658203
2011-05-10,12106.60514030058,103.58260345458984
2011-05-11,12047.11204319932,102.49246978759766
2011-05-12,12117.948593799678,102.98039245605469
2011-05-13,12022.622901943721,102.18749237060547
2011-05-16,11912.245328042027,101.53949737548828
2011-05-17,11922.976903538893,101.52423095703125
2011-05-18,11994.12485614879,102.43146514892578
2011-05-19,12046.220456622594,102.6754150390625
2011-05-20,11960.267951920348,101.85971069335938
2011-05-23,11818.855087887216,100.67800903320312
2011-05-24,11778.283824740129,100.59416198730469
2011-05-25,11832.665408743387,100.92961883544922
2011-05-26,11873.865758855609,101.39466857910156
2011-05-27,11936.914373052248,101.78343963623047
2011-05-31,12064.776931980838,102.84312438964844
2011-06-01,11820.096427268045,100.533203125
2011-06-02,11799.178355451693,100.42646026611328
2011-06-03,11670.281707723594,99.42774200439453
2011-06-06,11577.524806923151,98.37567901611328
2011-06-07,11598.450978332916,98.31473541259766
2011-06-08,11525.782327144128,97.90302276611328
2011-06-09,11598.396470666426,98.65013122558594
2011-06-10,11423.541907027695,97.27788543701172
2011-06-13,11438.681004523489,97.35409545898438
2011-06-14,11588.686343577745,98.58914947509766
2011-06-15,11392.859179761312,96.83570861816406
2011-06-16,11395.80415786948,97.04916381835938
2011-06-17,11397.204720190042,97.33878326416016
2011-06-20,11481.572123442631,97.83673858642578
2011-06-21,11640.917458768386,99.1775131225586
2011-06-22,11568.585884703394,98.57991027832031
2011-06-23,11586.360324968844,98.29644775390625
2011-06-24,11423.347773103262,97.15489959716797
2011-06-27,11516.540725417202,98.0206298828125
2011-06-28,11708.0170684761,99.30010986328125
2011-06-29,11842.265725709267,100.15054321289062
2011-06-30,11918.96116258834,101.10821533203125
2011-07-01,12110.435111277766,102.60220336914062
2011-07-05,12098.423212310692,102.5179214477539
2011-07-06,12121.32299079741,102.6404800415039
2011-07-07,12251.824072003123,103.7054443359375
2011-07-08,12156.614965253164,102.9699478149414
2011-07-11,11957.685661694293,101.10821533203125
2011-07-12,11883.718837461376,100.67147827148438
2011-07-13,11920.10993416632,101.00862121582031
2011-07-14,11858.514582412989,100.31141662597656
2011-07-15,11941.866093497678,100.8936996459961
2011-07-18,11865.701707776941,100.06626892089844
2011-07-19,12041.544417038644,101.69046020507812
2011-07-20,12016.221989390622,101.6291732788086
2011-07-21,12158.44035898382,103.03887939453125
2011-07-22,12202.528351948878,103.10784912109375
2011-07-25,12122.121502998678,102.5332260131836
2011-07-26,12078.659127271223,102.1501693725586
2011-07-27,11807.105640961041,100.05859375
2011-07-28,11811.031881225865,99.76746368408203
2011-07-29,11758.50128534451,99.08557891845703
2011-08-01,11702.328403510483,98.66419982910156
2011-08-02,11449.13921123034,96.14358520507812
2011-08-03,11580.55338165862,96.6645736694336
2011-08-04,11130.126415519144,92.13666534423828
2011-08-05,11114.37434089813,91.99874114990234
2011-08-08,10462.64940363718,86.00749206542969
2011-08-09,10932.496542147504,90.00677490234375
2011-08-10,10486.273287680868,86.03050231933594
2011-08-11,10987.511603347679,89.89185333251953
2011-08-12,11038.660203343781,90.49708557128906
2011-08-15,11208.858548679756,92.4124526977539
2011-08-16,11151.091134860832,91.62332916259766
2011-08-17,11130.934195488151,91.68460083007812
2011-08-18,10694.777397442138,87.73130798339844
2011-08-19,10599.559124959569,86.29862976074219
2011-08-22,10632.375846631721,86.3675765991211
2011-08-23,11035.194483193316,89.20995330810547
2011-08-24,11191.277598268087,90.46646881103516
2011-08-25,10999.160358200143,89.08738708496094
2011-08-26,11167.161784406138,90.38217163085938
2011-08-29,11409.391621095054,92.97940063476562
2011-08-30,11434.014306403944,93.22457122802734
2011-08-31,11461.59165182098,93.63827514648438
2011-09-01,11359.35257731014,92.65760040283203
2011-09-02,11109.567572202199,90.29023742675781
2011-09-06,11098.147968802836,89.63131713867188
2011-09-07,11412.163504771685,92.15957641601562
2011-09-08,11342.150808134164,91.2019271850586
2011-09-09,11066.740081097374,88.8115463256836
2011-09-12,11178.573876167582,89.38616180419922
2011-09-13,11298.620697470988,90.20597076416016
2011-09-14,11477.47520577699,91.45478057861328
2011-09-15,11673.678342580952,93.03302764892578
2011-09-16,11770.63619803958,93.58367156982422
2011-09-19,11730.550644575407,92.65182495117188
2011-09-20,11707.546466853899,92.54403686523438
2011-09-21,11440.94805011411,89.81781768798828
2011-09-22,11114.425281323647,86.91448211669922
2011-09-23,11252.452104026148,87.43819427490234
2011-09-26,11390.202922807985,89.5174560546875
2011-09-27,11487.992499261965,90.51862335205078
2011-09-28,11311.662087994344,88.67035675048828
2011-09-29,11324.751415723818,89.37116241455078
2011-09-30,11100.605561577118,87.13785552978516
2011-10-03,10836.579475674813,84.65806579589844
2011-10-04,11054.832477148682,86.5140609741211
2011-10-05,11242.99424017226,88.11585998535156
2011-10-06,11390.946453907067,89.71000671386719
2011-10-07,11352.528833408453,89.10932922363281
2011-10-10,11697.507912529281,92.08966064453125
2011-10-11,11697.768734227406,92.18205261230469
2011-10-12,11768.379380410477,92.99067687988281
2011-10-13,11820.188352684545,92.80582427978516
2011-10-14,12022.604402007675,94.39227294921875
2011-10-17,11807.70658426929,92.59022521972656
2011-10-18,12034.26001483318,94.39996337890625
2011-10-19,11836.720019141023,93.2833023071289
2011-10-20,11857.301611953557,93.69147491455078
2011-10-21,12035.760632122137,95.47041320800781
2011-10-24,12183.382663975262,96.6409912109375
2011-10-25,11936.669535916966,94.76192474365234
2011-10-26,11921.027974462404,95.72456359863281
2011-10-27,12259.602704554303,99.05912780761719
2011-10-28,12262.179894324458,99.0360336303711
2011-10-31,12019.562969692099,96.64871215820312
2011-11-01,11713.610571532783,93.95330810546875
2011-11-02,11871.324747923612,95.48582458496094
2011-11-03,12110.067453592092,97.2262954711914
2011-11-04,12054.19739535366,96.63331604003906
2011-11-07,12160.175325327767,97.23397064208984
2011-11-08,12313.223619335822,98.4815673828125
2011-11-09,11930.35670777793,94.84664916992188
2011-11-10,12008.392996250059,95.7399673461914
2011-11-11,12247.311205548056,97.54203033447266
2011-11-14,12181.287646315286,96.61788177490234
2011-11-15,12217.357537190515,97.09535217285156
2011-11-16,12019.651817642905,95.55512237548828
2011-11-17,11836.367588145913,94.03803253173828
2011-11-18,11775.565693330742,93.93790435791016
2011-11-21,11608.295333759988,92.15128326416016
2011-11-22,11619.731442654629,91.78929901123047
2011-11-23,11392.647349954272,89.76392364501953
2011-11-25,11337.713729597337,89.59449768066406
2011-11-28,11693.958653071242,92.18976593017578
2011-11-29,11731.073551670206,92.45159912109375
2011-11-30,12141.048216272198,96.2559585571289
2011-12-01,12154.6553903791,96.24053192138672
2011-12-02,12180.134909489985,96.15579986572266
2011-12-05,12246.726720259394,97.20315551757812
2011-12-06,12257.507033074278,97.23397064208984
2011-12-07,12320.887841240476,97.595947265625
2011-12-08,12113.914976993627,95.45501708984375
2011-12-09,12268.038543612098,97.07225036621094
2011-12-12,12113.53877988436,95.6552505493164
2011-12-13,12011.48980978278,94.76192474365234
2011-12-14,11895.506755380613,93.75311279296875
2011-12-15,11940.880737215082,94.09191131591797
2011-12-16,12012.714168999704,94.23143005371094
2011-12-19,11883.184091041083,93.22390747070312
2011-12-20,12221.961402747149,96.04490661621094
2011-12-21,12164.447841713534,96.23088836669922
2011-12-22,12251.659384851791,97.08338928222656
2011-12-23,12353.754966460305,97.95140075683594
2011-12-27,12358.749914669948,98.02891540527344
2011-12-28,12215.858765159323,96.7424087524414
2011-12-29,12349.600825803898,97.7421646118164
2011-12-30,12277.30838120898,97.26164245605469
2012-01-03,12451.533124222888,98.81165313720703
2012-01-04,12451.896455929078,98.96662902832031
2012-01-05,12486.606825818013,99.23013305664062
2012-01-06,12467.260850637897,98.974365234375
2012-01-09,12460.430916767602,99.21464538574219
2012-01-10,12534.862282346969,100.07491302490234
2012-01-11,12541.945916713714,100.129150390625
2012-01-12,12591.243617720616,100.36936950683594
2012-01-13,12555.685543325562,99.8501205444336
2012-01-17,12633.608822894004,100.23760986328125
2012-01-18,12861.678943152354,101.34585571289062
2012-01-19,12894.66526366423,101.880615234375
2012-01-20,12815.80679961296,102.26038360595703
2012-01-23,12798.199838262364,101.99684143066406
2012-01-24,12817.60105663717,101.880615234375
2012-01-25,12891.812756760748,102.73310089111328
2012-01-26,12825.083050203506,102.20611572265625
2012-01-27,12827.940179109743,102.15959930419922
2012-01-30,12808.03599782562,101.81087493896484
2012-01-31,12839.747131325517,101.77212524414062
2012-02-01,12922.316231878389,102.66337585449219
2012-02-02,13007.557187936181,102.82610321044922
2012-02-03,13151.234189478337,104.267578125
2012-02-06,13130.696830865581,104.19786834716797
2012-02-07,13152.287304212137,104.46129608154297
2012-02-08,13209.671966054033,104.77133178710938
2012-02-09,13237.977561097096,104.90310668945312
2012-02-10,13180.984368311654,104.12808990478516
2012-02-13,13267.102271087468,104.90310668945312
2012-02-14,13274.211159986384,104.77133178710938
2012-02-15,13213.001121118295,104.2831039428711
2012-02-16,13332.421923251264,105.4378433227539
2012-02-17,13354.596268775227,105.71678924560547
2012-02-21,13346.670777279418,105.76331329345703
2012-02-22,13303.86356011261,105.42234802246094
2012-02-23,13386.02499995127,105.88733673095703
2012-02-24,13420.430678508643,106.11981964111328
2012-02-27,13443.950472327802,106.29808807373047
2012-02-28,13539.253304224969,106.60807800292969
2012-02-29,13513.16454490913,106.1895523071289
2012-03-01,13564.65439460786,106.73981475830078
2012-03-02,13533.590826729083,106.414306640625
2012-03-05,13464.010429191923,105.98030853271484
2012-03-06,13328.7327502572,104.4303207397461
2012-03-07,13430.626420857348,105.15885162353516
2012-03-08,13551.387349813884,106.2050552368164
2012-03-09,13595.798557158589,106.61581420898438
2012-03-12,13573.784289193034,106.62358856201172
2012-03-13,13790.753918356566,108.54558563232422
2012-03-14,13790.191503384429,108.42926788330078
2012-03-15,13855.05260378325,109.05703735351562
2012-03-16,13834.762253188355,109.20805358886719
2012-03-19,13916.783645413638,109.63616180419922
2012-03-20,13889.767258853954,109.31700134277344
2012-03-21,13853.212985356775,109.13799285888672
2012-03-22,13799.841994335678,108.35182189941406
2012-03-23,13825.261914606535,108.70210266113281
2012-03-26,14056.394902087006,110.227783203125
2012-03-27,14049.016020904184,109.88526916503906
2012-03-28,14006.324213727643,109.34040832519531
2012-03-29,13998.222724141027,109.15357971191406
2012-03-30,14050.98637913965,109.60502624511719
2012-04-02,14102.111562778207,110.4067611694336
2012-04-03,14054.598922494424,109.9553451538086
2012-04-04,13906.504090075641,108.86557006835938
2012-04-05,13960.901365727326,108.81106567382812
2012-04-09,13831.45695866445,107.5889892578125
2012-04-10,13597.366557162099,105.78314971923828
2012-04-11,13684.566666791663,106.63938903808594
2012-04-12,13848.742217432338,108.03272247314453
2012-04-13,13700.328510958845,106.74832916259766
2012-04-16,13672.214023101622,106.6783218383789
2012-04-17,13845.470893402337,108.25841522216797
2012-04-18,13794.041096429433,107.8925552368164
2012-04-19,13657.994433963886,107.19977569580078
2012-04-20,13678.110906073358,107.37885284423828
2012-04-23,13535.58549763378,106.47588348388672
2012-04-24,13502.785909027327,106.88066101074219
2012-04-25,13740.9247138649,108.34404754638672
2012-04-26,13822.706550009065,109.09912109375
2012-04-27,13906.603587606576,109.27811431884766
2012-04-30,13865.24393872894,108.87337493896484
2012-05-01,13888.766774452757,109.55057525634766
2012-05-02,13892.422318412519,109.2236099243164
2012-05-03,13758.694050123546,108.39079284667969
2012-05-04,13525.191153892263,106.63938903808594
2012-05-07,13525.906426395944,106.71720123291016
2012-05-08,13484.454786187203,106.28911590576172
2012-05-09,13381.135581504248,105.65860748291016
2012-05-10,13380.169361572485,105.87657165527344
2012-05-11,13343.503549079589,105.55742645263672
2012-05-14,13241.831961637723,104.38985443115234
2012-05-15,13201.585872693215,103.79045104980469
2012-05-16,13175.217356236537,103.3934555053711
2012-05-17,12992.069777311228,101.8600845336914
2012-05-18,12857.613702843484,100.98828887939453
2012-05-21,13005.130885314338,102.72407531738281
2012-05-22,13020.75346837912,102.90309143066406
2012-05-23,13085.803243372464,102.95760345458984
2012-05-24,13107.888365353278,103.15995788574219
2012-05-25,13081.116562973482,102.8252944946289
2012-05-29,13215.92498000752,104.0707015991211
2012-05-30,13064.745258179517,102.56060028076172
2012-05-31,13032.242638660442,102.33487701416016
2012-06-01,12715.763222047191,99.7583999633789
2012-06-04,12760.18652791289,99.71170043945312
2012-06-05,12837.253858374137,100.46673583984375
2012-06-06,13125.187812585616,102.72407531738281
2012-06-07,13117.156106015012,102.78631591796875
2012-06-08,13232.650884297647,103.60365295410156
2012-06-11,13063.960944465774,102.28816223144531
2012-06-12,13199.3291713328,103.46356201171875
2012-06-13,13095.477968426132,102.80193328857422
2012-06-14,13189.413613305802,103.89167785644531
2012-06-15,13331.143467164282,104.95419311523438
2012-06-18,13368.156508206399,105.15760040283203
2012-06-19,13497.5029580266,106.17476654052734
2012-06-20,13515.44255954189,106.00265502929688
2012-06-21,13234.562745989437,103.62409210205078
2012-06-22,13361.201759198086,104.42213439941406
2012-06-25,13152.689680812618,102.74779510498047
2012-06-26,13239.027913886071,103.26416778564453
2012-06-27,13324.764816652849,104.19522094726562
2012-06-28,13251.314778838723,103.89788055419922
2012-06-29,13529.650985543947,106.48773193359375
2012-07-02,13532.679659095209,106.80854034423828
2012-07-03,13600.069944567427,107.5126953125
2012-07-05,13579.955572295914,107.02759552001953
2012-07-06,13459.95883101194,106.01044464111328
2012-07-09,13429.832781047302,105.87747955322266
2012-07-10,13367.85917327123,104.95419311523438
2012-07-11,13343.266753348391,104.96981811523438
2012-07-12,13280.757539968565,104.46123504638672
2012-07-13,13481.046868031795,106.2138900756836
2012-07-16,13438.089426363775,105.96351623535156
2012-07-17,13487.286752532671,106.69119262695312
2012-07-18,13648.382522342317,107.48140716552734
2012-07-19,13719.874411941662,107.7630844116211
2012-07-20,13591.118188574756,106.7771987915039
2012-07-23,13466.836004921423,105.697509765625
2012-07-24,13329.050756722467,104.78986358642578
2012-07-25,13359.29915383003,104.81336212158203
2012-07-26,13574.53196774708,106.54251861572266
2012-07-27,13872.539261603948,108.50636291503906
2012-07-30,13848.389882955535,108.50636291503906
2012-07-31,13767.43100743566,107.7474365234375
2012-08-01,13721.531568551074,107.65351867675781
2012-08-02,13630.304504183696,106.91024780273438
2012-08-03,13885.482932818724,109.03060150146484
2012-08-06,13897.229769351034,109.24185180664062
2012-08-07,13972.038155451279,109.78953552246094
2012-08-08,13999.592085611728,109.9225845336914
2012-08-09,14030.11260580739,110.01644897460938
2012-08-10,14047.493767445065,110.19641876220703
2012-08-13,14033.846233472743,110.14167785644531
2012-08-14,14060.67836071439,110.15731811523438
2012-08-15,14116.787075076547,110.28246307373047
2012-08-16,14228.47791944155,111.09622192382812
2012-08-17,14245.074928091572,111.24488830566406
2012-08-20,14199.275903818558,111.25267791748047
2012-08-21,14174.366926785622,110.91622924804688
2012-08-22,14219.003551776535,110.96324157714844
2012-08-23,14148.695578781428,110.05558776855469
2012-08-24,14260.389560352112,110.7206039428711
2012-08-27,14260.435938619461,110.74411010742188
2012-08-28,14274.371504309916,110.63459014892578
2012-08-29,14320.01522404424,110.7206039428711
2012-08-30,14220.5882436136,109.9225845336914
2012-08-31,14292.763934511466,110.44676971435547
2012-09-04,14246.342366069906,110.3450698852539
2012-09-05,14217.514550602922,110.2511978149414
2012-09-06,14526.906342621272,112.4889144897461
2012-09-07,14529.01327381638,112.92707061767578
2012-09-10,14442.09748669569,112.28550720214844
2012-09-11,14444.587967191468,112.59845733642578
2012-09-12,14491.716139879169,112.97402954101562
2012-09-13,14699.127449382346,114.69530487060547
2012-09-14,14730.395424965562,115.20394134521484
2012-09-17,14711.666941990525,114.812744140625
2012-09-18,14716.609458434943,114.71882629394531
2012-09-19,14740.695754979892,114.78141021728516
2012-09-20,14733.800414949574,114.78921508789062
2012-09-21,14768.525055283173,114.74127197265625
2012-09-24,14714.64011054754,114.56822967529297
2012-09-25,14585.72070893841,113.34899139404297
2012-09-26,14515.701106754654,112.71183776855469
2012-09-27,14655.575643718503,113.77376556396484
2012-09-28,14590.998567844419,113.2467269897461
2012-10-01,14641.05795519821,113.5456314086914
2012-10-02,14624.540306882569,113.66361999511719
2012-10-03,14711.939006725044,114.12773132324219
2012-10-04,14843.12461127678,114.94579315185547
2012-10-05,14854.109850543813,114.95364379882812
2012-10-08,14803.15623066105,114.5603256225586
2012-10-09,14650.695401551002,113.4276351928711
2012-10-10,14539.09131263997,112.70398712158203
2012-10-11,14543.493999940576,112.76690673828125
2012-10-12,14525.951855324189,112.39717864990234
2012-10-15,14711.02462357072,113.33323669433594
2012-10-16,14873.666561215077,114.481689453125
2012-10-17,14892.695288797739,115.0008316040039
2012-10-18,14781.736258076493,114.70195770263672
2012-10-19,14531.154820636704,112.79048156738281
2012-10-22,14516.982199503607,112.8062515258789
2012-10-23,14398.464998405587,111.24085998535156
2012-10-24,14348.52904817457,110.92630004882812
2012-10-25,14385.28630293302,111.24876403808594
2012-10-26,14400.908411199456,111.1858139038086
2012-10-31,14393.166742674033,111.1858139038086
2012-11-01,14610.482860345075,112.34998321533203
2012-11-02,14495.248697242738,111.35104370117188
2012-11-05,14562.931583813664,111.5791244506836
2012-11-06,14676.03742543593,112.45226287841797
2012-11-07,14380.636523644704,109.90365600585938
2012-11-08,14211.01227227348,108.58220672607422
2012-11-09,14227.368233342439,108.67660522460938
2012-11-12,14242.038209643528,108.76310729980469
2012-11-13,14202.602561519563,108.38550567626953
2012-11-14,14050.296789757225,106.92245483398438
2012-11-15,13983.743992096015,106.74154663085938
2012-11-16,14034.889140289808,107.26854705810547
2012-11-19,14319.201647860385,109.43960571289062
2012-11-20,14372.39670955657,109.4867935180664
2012-11-21,14411.327696250863,109.6913070678711
2012-11-23,14594.79622939393,111.1858139038086
2012-11-26,14586.548422577369,110.94986724853516
2012-11-27,14547.146023145238,110.38349914550781
2012-11-28,14700.810481596958,111.27237701416016
2012-11-29,14773.30951259712,111.7915267944336
2012-11-30,14811.524733230215,111.81510925292969
2012-12-03,14754.981939016872,111.26445007324219
2012-12-04,14736.751249693914,111.10720825195312
2012-12-05,14740.374973100053,111.3038558959961
2012-12-06,14798.125415727649,111.68138885498047
2012-12-07,14799.333850855051,112.01966857910156
2012-12-10,14836.01057063887,112.06684875488281
2012-12-11,14946.53925961907,112.82980346679688
2012-12-12,14897.42546564502,112.88487243652344
2012-12-13,14815.88580555052,112.19268798828125
2012-12-14,14714.906241815588,111.77582550048828
2012-12-17,14905.795772676285,113.08939361572266
2012-12-18,15050.887363807144,114.34793853759766
2012-12-19,14950.708269520266,113.49840545654297
2012-12-20,15049.55194943959,114.15129852294922
2012-12-21,14951.867262041706,113.11515808105469
2012-12-24,14920.215373899395,112.7666015625
2012-12-26,14817.46284576546,112.29133605957031
2012-12-27,14803.344393564817,112.14078521728516
2012-12-28,14662.560678875408,110.92875671386719
2012-12-31,14865.567531979785,112.81413269042969
2013-01-02,15229.019305426993,115.70558166503906
2013-01-03,15203.864215213287,115.44416046142578
2013-01-04,15265.575815196453,115.95118713378906
2013-01-07,15251.19251174218,115.63424682617188
2013-01-08,15203.294559889524,115.30157470703125
2013-01-09,15297.568482798206,115.59465026855469
2013-01-10,15366.19013806553,116.51358032226562
2013-01-11,15398.475539108702,116.505615234375
2013-01-14,15388.060877047104,116.42646789550781
2013-01-15,15384.470539867236,116.505615234375
2013-01-16,15399.026324101287,116.48983764648438
2013-01-17,15495.75565212544,117.24237823486328
2013-01-18,15510.340430153055,117.50379943847656
2013-01-22,15555.296120330182,118.1375732421875
2013-01-23,15571.932694948135,118.32769012451172
2013-01-24,15583.18912109238,118.35938262939453
2013-01-25,15679.137889607231,119.0247802734375
2013-01-28,15662.82322398325,118.8822021484375
2013-01-29,15697.274202175684,119.34959411621094
2013-01-30,15676.677401465831,118.8822021484375
2013-01-31,15704.779063650854,118.58906555175781
2013-02-01,15860.352442309293,119.80906677246094
2013-02-04,15654.857557338742,118.4623794555664
2013-02-05,15867.175847564291,119.65855407714844
2013-02-06,15866.895794071776,119.74565887451172
2013-02-07,15812.224886127937,119.58724212646484
2013-02-08,15923.529116076315,120.252685546875
2013-02-11,15902.524874580833,120.22896575927734
2013-02-12,15893.760473833636,120.4269790649414
2013-02-13,15917.607837575968,120.52998352050781
2013-02-14,15953.916880096796,120.64079284667969
2013-02-15,15914.29733850278,120.49825286865234
2013-02-19,15992.938388451692,121.40131378173828
2013-02-20,15801.262421963735,119.88829040527344
2013-02-21,15717.76405298762,119.15946197509766
2013-02-22,15852.091208736552,120.32393646240234
2013-02-25,15633.988957141679,118.03458404541016
2013-02-26,15721.29732550754,118.84259796142578
2013-02-27,15914.859164132562,120.33981323242188
2013-02-28,15903.32710907905,120.1021728515625
2013-03-01,15934.236805359315,120.49825286865234
2013-03-04,16023.681828188735,121.13992309570312
2013-03-05,16190.08116214111,122.22514343261719
2013-03-06,16213.278686788495,122.39157104492188
2013-03-07,16234.70282277094,122.6133804321289
2013-03-08,16287.798375151382,123.13618469238281
2013-03-11,16300.987755777445,123.60360717773438
2013-03-12,16277.866841426414,123.32630920410156
2013-03-13,16309.79538991171,123.5006332397461
2013-03-14,16343.539998957473,124.15816497802734
2013-03-15,16238.559665579876,123.99420166015625
2013-03-18,16146.369233371466,123.30988311767578
2013-03-19,16136.450285478239,123.0234375
2013-03-20,16264.810709597221,123.8828353881836
2013-03-21,16084.445813692137,122.82452392578125
2013-03-22,16235.74046621771,123.81118774414062
2013-03-25,16213.175689291513,123.29400634765625
2013-03-26,16360.869941494362,124.28065490722656
2013-03-27,16371.815196750173,124.28065490722656
2013-03-28,16442.39838923577,124.66252899169922
2013-04-01,16360.07682838661,124.16928100585938
2013-04-02,16533.262883381758,124.78194427490234
2013-04-03,16385.795070898614,123.51678466796875
2013-04-04,16457.227585738405,124.01803588867188
2013-04-05,16356.722565822409,123.46111297607422
2013-04-08,16472.25832855914,124.29659271240234
2013-04-09,16530.53019892329,124.72623443603516
2013-04-10,16755.953685791537,126.25399017333984
2013-04-11,16789.75760586468,126.6677474975586
2013-04-12,16793.708353771053,126.3574447631836
2013-04-15,16477.06086607966,123.4292221069336
2013-04-16,16690.65442088309,125.25138092041016
2013-04-17,16454.2952437246,123.42131805419922
2013-04-18,16255.467398914247,122.64945983886719
2013-04-19,16444.515343549767,123.71572875976562
2013-04-22,16513.40493761669,124.26472473144531
2013-04-23,16684.125760985124,125.54580688476562
2013-04-24,16630.281965797294,125.62535858154297
2013-04-25,16687.57219253842,126.1346435546875
2013-04-26,16638.52327903849,125.91175842285156
2013-04-29,16733.79858668882,126.75528717041016
2013-04-30,16773.8512020611,127.05763244628906
2013-05-01,16640.798619422192,125.94364929199219
2013-05-02,16832.496756476776,127.11334228515625
2013-05-03,16979.223540846386,128.40234375
2013-05-06,17015.941203359424,128.7286376953125
2013-05-07,17018.45288027026,129.38107299804688
2013-05-08,17146.82466495949,129.96990966796875
2013-05-09,17105.157138124414,129.6039276123047
2013-05-10,17227.673893652383,130.025634765625
2013-05-13,17239.525298640503,130.12905883789062
2013-05-14,17391.90069158104,131.4737548828125
2013-05-15,17522.50982287153,132.18191528320312
2013-05-16,17478.968874905822,131.56134033203125
2013-05-17,17656.580906633844,132.83444213867188
2013-05-20,17612.329773302445,132.8264617919922
2013-05-21,17687.00054299704,133.01742553710938
2013-05-22,17541.119576040506,132.03077697753906
2013-05-23,17461.08163006931,131.64883422851562
2013-05-24,17506.161159505955,131.5373992919922
2013-05-28,17646.7131954587,132.3251953125
2013-05-29,17508.532303291104,131.46583557128906
2013-05-30,17633.20021118963,131.95123291015625
2013-05-31,17395.00180135758,130.05746459960938
2013-06-03,17486.085143787164,130.77357482910156
2013-06-04,17382.32880981197,130.14495849609375
2013-06-05,17144.828285764743,128.32284545898438
2013-06-06,17249.366163529325,129.4845428466797
2013-06-07,17437.13086867775,131.13165283203125
2013-06-10,17468.529419379087,131.13165283203125
2013-06-11,17281.311410474536,129.77894592285156
2013-06-12,17143.06789964446,128.7047576904297
2013-06-13,17357.805643447944,130.66217041015625
2013-06-14,17282.413799877897,129.8425750732422
2013-06-17,17449.58738360893,130.84521484375
2013-06-18,17581.0333139364,131.8795623779297
2013-06-19,17383.63992295582,130.05746459960938
2013-06-20,16956.224918083433,126.83485412597656
2013-06-21,16958.698264159833,127.24205017089844
2013-06-24,16807.887962462133,125.63414001464844
2013-06-25,16914.804100077952,126.842041015625
2013-06-26,17108.456844466597,128.09791564941406
2013-06-27,17191.263982613273,128.849853515625
2013-06-28,17134.01856057498,128.32186889648438
2013-07-01,17207.37776097075,129.07383728027344
2013-07-02,17229.57421123254,128.95384216308594
2013-07-03,17269.42080975171,129.0098114013672
2013-07-05,17422.64005810784,130.40164184570312
2013-07-08,17484.09578539352,131.14556884765625
2013-07-09,17584.803454685654,132.08946228027344
2013-07-10,17635.78324191586,132.13746643066406
2013-07-11,17853.76960800015,133.9373016357422
2013-07-12,17901.86333306696,133.99322509765625
2013-07-15,17891.364264470092,134.5051727294922
2013-07-16,17876.14078246696,134.00123596191406
2013-07-17,17904.337723046,134.34524536132812
2013-07-18,17925.85627707472,135.08114624023438
2013-07-19,17914.910922750976,135.32110595703125
2013-07-22,17963.467517397115,135.58506774902344
2013-07-23,17966.86219325012,135.2971649169922
2013-07-24,17955.975949314543,134.80117797851562
2013-07-25,18013.93712598316,135.12913513183594
2013-07-26,18038.333733462976,135.27310180664062
2013-07-29,17992.11516200991,134.85719299316406
2013-07-30,18047.423596561985,134.85719299316406
2013-07-31,18009.52986275714,134.95318603515625
2013-08-01,18233.91390230224,136.5129852294922
2013-08-02,18298.60426268537,136.74496459960938
2013-08-05,18281.778163783834,136.54505920410156
2013-08-06,18199.542120001202,135.7691192626953
2013-08-07,18177.017131832978,135.32911682128906
2013-08-08,18212.935227550952,135.82504272460938
2013-08-09,18133.219381541123,135.4331817626953
2013-08-12,18137.190454534695,135.27310180664062
2013-08-13,18207.71531574186,135.67311096191406
2013-08-14,18092.709987959035,134.97714233398438
2013-08-15,17795.286884108406,133.08935546875
2013-08-16,17769.957167014647,132.6494140625
2013-08-19,17729.73510785702,131.801513671875
2013-08-20,17755.87714222252,132.44949340820312
2013-08-21,17714.509933146,131.63357543945312
2013-08-22,17826.84344081225,132.8333740234375
2013-08-23,17877.489426759614,133.28135681152344
2013-08-26,17864.792617384253,132.78538513183594
2013-08-27,17568.909433415323,130.649658203125
2013-08-28,17630.167255560333,131.11358642578125
2013-08-29,17688.117980085157,131.32151794433594
2013-08-30,17610.79147144442,130.90557861328125
2013-09-03,17706.464121601777,131.49752807617188
2013-09-04,17844.727609901627,132.58546447753906
2013-09-05,17872.548623031606,132.75341796875
2013-09-06,17855.84307127006,132.8173828125
2013-09-09,18034.97409631169,134.08926391601562
2013-09-10,18202.13230179561,135.08114624023438
2013-09-11,18220.043623194422,135.50509643554688
2013-09-12,18211.496056554734,135.14517211914062
2013-09-13,18236.185020417455,135.4490966796875
2013-09-16,18311.029175190033,136.23301696777344
2013-09-17,18399.85820682961,136.8409881591797
2013-09-18,18618.45841916615,138.4247589111328
2013-09-19,18619.23955502053,138.19277954101562
2013-09-20,18537.213044414562,137.22659301757812
2013-09-23,18463.568169333284,136.59161376953125
2013-09-24,18404.54767553774,136.2700958251953
2013-09-25,18310.43079061261,135.876220703125
2013-09-26,18357.98027516706,136.39869689941406
2013-09-27,18318.83200716238,135.77174377441406
2013-09-30,18215.959886328423,135.0482940673828
2013-10-01,18344.768857807172,136.11732482910156
2013-10-02,18335.332520414133,135.98875427246094
2013-10-03,18154.568523106907,134.7348175048828
2013-10-04,18235.07326818456,135.75567626953125
2013-10-07,18064.58985847056,134.58204650878906
2013-10-08,17871.50135639328,133.01463317871094
2013-10-09,17866.86071202735,133.11111450195312
2013-10-10,18264.73632606962,135.98072814941406
2013-10-11,18391.828657169597,136.85684204101562
2013-10-14,18471.776702874715,137.40347290039062
2013-10-15,18364.416101182796,136.4067840576172
2013-10-16,18623.677238864468,138.31173706054688
2013-10-17,18730.549902759718,139.23614501953125
2013-10-18,18844.205592567596,140.1765899658203
2013-10-21,18842.290769113897,140.18466186523438
2013-10-22,18912.331661338612,140.9965057373047
2013-10-23,18820.484484201017,140.32127380371094
2013-10-24,18909.353481760456,140.7875213623047
2013-10-25,19013.683645074078,141.43057250976562
2013-10-28,19055.32133735504,141.65560913085938
2013-10-29,19167.42372631592,142.4111785888672
2013-10-30,19073.805063846816,141.7038116455078
2013-10-31,19018.036277858657,141.30198669433594
2013-11-01,19080.930295647024,141.63955688476562
2013-11-04,19068.476759706387,142.13795471191406
2013-11-05,19081.535244474802,141.68780517578125
2013-11-06,19213.172958978084,142.4111785888672
2013-11-07,18940.84001248121,140.610595703125
2013-11-08,19194.26428423406,142.50762939453125
2013-11-11,19212.540390000893,142.53176879882812
2013-11-12,19201.616507155064,142.242431640625
2013-11-13,19402.24176093993,143.38380432128906
2013-11-14,19432.374125466697,144.09915161132812
2013-11-15,19526.170127153506,144.72621154785156
2013-11-18,19450.59537730747,144.21981811523438
2013-11-19,19410.93647204941,143.90626525878906
2013-11-20,19309.09665722428,143.4562225341797
2013-11-21,19435.90958234959,144.6136474609375
2013-11-22,19517.968710750843,145.3371124267578
2013-11-25,19575.821957137334,145.19241333007812
2013-11-26,19619.569098760458,145.2325439453125
2013-11-27,19675.81722019245,145.5862579345703
2013-11-29,19689.50638730129,145.48980712890625
2013-12-02,19639.760042874354,145.1120147705078
2013-12-03,19574.21594818554,144.4850311279297
2013-12-04,19552.781989325907,144.46900939941406
2013-12-05,19491.04623111778,143.83399963378906
2013-12-06,19690.29956277815,145.4415740966797
2013-12-09,19689.562770297423,145.8113555908203
2013-12-10,19617.304489895607,145.288818359375
2013-12-11,19477.87464688664,143.6571044921875
2013-12-12,19304.460820974455,143.1829071044922
2013-12-13,19296.876476800655,143.16677856445312
2013-12-16,19455.488845126172,144.05908203125
2013-12-17,19456.546197439355,143.6008758544922
2013-12-18,19778.4848678732,146.05247497558594
2013-12-19,19756.148691728322,145.88369750976562
2013-12-20,19868.712448697395,146.7322540283203
2013-12-23,19983.95868556661,147.51620483398438
2013-12-24,20020.73275121009,147.83949279785156
2013-12-26,20126.29383377702,148.59107971191406
2013-12-27,20142.774847524255,148.58302307128906
2013-12-30,20152.69249952246,148.55870056152344
2013-12-31,20219.360357560985,149.2618865966797
2014-01-02,20086.71552892253,147.8313446044922
2014-01-03,20062.94180617709,147.80712890625
2014-01-06,20016.083615830572,147.37879943847656
2014-01-07,20162.849480996632,148.28390502929688
2014-01-08,20162.451085024262,148.3162841796875
2014-01-09,20165.396266353557,148.41329956054688
2014-01-10,20153.310523922923,148.81735229492188
2014-01-13,19900.659292871478,146.8373565673828
2014-01-14,20137.007996597065,148.43751525878906
2014-01-15,20275.190250291667,149.2375946044922
2014-01-16,20254.95860149779,149.0436553955078
2014-01-17,20214.661000835316,148.41329956054688
2014-01-21,20260.483386314576,148.84967041015625
2014-01-22,20297.667999126505,148.9466552734375
2014-01-23,20130.992055536033,147.72625732421875
2014-01-24,19743.19867152418,144.574462890625
2014-01-27,19639.58144145127,143.8632049560547
2014-01-28,19718.309898178173,144.71987915039062
2014-01-29,19506.155815593727,143.329833984375
2014-01-30,19771.949590959975,144.8492431640625
2014-01-31,19608.279963464265,144.00057983398438
2014-02-03,19204.12904971014,140.75985717773438
2014-02-04,19237.531269621308,141.745849609375
2014-02-05,19245.592702697573,141.56802368164062
2014-02-06,19512.374296116523,143.4348907470703
2014-02-07,19752.38257039756,145.21287536621094
2014-02-10,19789.58519799088,145.47958374023438
2014-02-11,20034.448779722723,147.07174682617188
2014-02-12,20060.909547156167,147.14442443847656
2014-02-13,20195.316870980005,147.9041290283203
2014-02-14,20296.572494296455,148.7204132080078
2014-02-18,20293.650305440475,148.89817810058594
2014-02-19,20202.809400384394,147.91217041015625
2014-02-20,20299.75587976178,148.78500366210938
2014-02-21,20252.755855897954,148.6152801513672
2014-02-24,20375.17406636512,149.43972778320312
2014-02-25,20410.893418168725,149.383056640625
2014-02-26,20500.276903319445,149.3911590576172
2014-02-27,20577.244757643653,150.1750946044922
2014-02-28,20605.2594489199,150.55490112304688
2014-03-03,20436.627428899323,149.49618530273438
2014-03-04,20738.566521046214,151.5974578857422
2014-03-05,20724.045438580884,151.73486328125
2014-03-06,20714.24305384046,152.08233642578125
2014-03-07,20708.22051002824,152.14706420898438
2014-03-10,20705.81394788219,152.0662078857422
2014-03-11,20683.58879192786,151.3146209716797
2014-03-12,20755.61971461587,151.35504150390625
2014-03-13,20464.90632017501,149.65780639648438
2014-03-14,20373.211143697667,149.2375946044922
2014-03-17,20572.302837520947,150.5872344970703
2014-03-18,20766.759942990513,151.66212463378906
2014-03-19,20689.233852730373,150.85397338867188
2014-03-20,20792.04692013793,151.73486328125
2014-03-21,20650.476614306248,151.14637756347656
2014-03-24,20602.792508294766,150.52130126953125
2014-03-25,20638.22664745386,151.23562622070312
2014-03-26,20494.381774337737,150.1478729248047
2014-03-27,20442.945780253296,149.83128356933594
2014-03-28,20530.74326481026,150.57000732421875
2014-03-31,20704.829705220058,151.8039093017578
2014-04-01,20876.92733182537,152.81039428710938
2014-04-02,20882.516345158947,153.3218536376953
2014-04-03,20827.549207185988,153.118896484375
2014-04-04,20493.456079439224,151.30870056152344
2014-04-07,20292.83184568928,149.63653564453125
2014-04-08,20415.157994543435,150.2534637451172
2014-04-09,20672.64671291872,151.86880493164062
2014-04-10,20203.329368290528,148.6786651611328
2014-04-11,19985.714626502813,147.33926391601562
2014-04-14,20179.08696015213,148.50009155273438
2014-04-15,20286.66515562438,149.52288818359375
2014-04-16,20474.403936903178,151.08949279785156
2014-04-17,20506.948915477056,151.300537109375
2014-04-21,20563.082901342157,151.8282012939453
2014-04-22,20658.946350474038,152.5181884765625
2014-04-23,20559.13738455951,152.1610565185547
2014-04-24,20659.53464187702,152.46949768066406
2014-04-25,20346.320835981995,151.21939086914062
2014-04-28,20420.511136422618,151.6983184814453
2014-04-29,20498.40418678492,152.40455627441406
2014-04-30,20529.047804315658,152.85906982421875
2014-05-01,20551.190410393414,152.87539672851562
2014-05-02,20513.091533676787,152.6562042236328
2014-05-05,20542.44151942764,152.9484100341797
2014-05-06,20372.722983476742,151.6171112060547
2014-05-07,20469.744234095517,152.51010131835938
2014-05-08,20516.62612562228,152.3477783203125
2014-05-09,20556.595972573446,152.57498168945312
2014-05-12,20767.991641832585,154.06045532226562
2014-05-13,20758.226674370722,154.19845581054688
2014-05-14,20643.571105439336,153.46795654296875
2014-05-15,20469.0112405999,152.12042236328125
2014-05-16,20564.97329355758,152.6480712890625
2014-05-19,20657.8116271939,153.20819091796875
2014-05-20,20556.30010521605,152.24217224121094
2014-05-21,20709.408922541108,153.52479553222656
2014-05-22,20785.44711775183,153.89813232421875
2014-05-23,20896.82289310214,154.5150909423828
2014-05-27,20997.720658526057,155.46485900878906
2014-05-28,20944.543403172367,155.35108947753906
2014-05-29,21036.242001749673,156.15480041503906
2014-05-30,21095.835622582486,156.4064483642578
2014-06-02,21084.245486434033,156.58502197265625
2014-06-03,21056.814245963065,156.50379943847656
2014-06-04,21096.554427901443,156.8204345703125
2014-06-05,21243.897627204326,157.84323120117188
2014-06-06,21320.95041923686,158.59812927246094
2014-06-09,21327.562295429114,158.760498046875
2014-06-10,21362.346398521757,158.77671813964844
2014-06-11,21283.693902665935,158.22474670410156
2014-06-12,21123.53643741297,157.10452270507812
2014-06-13,21124.100341134515,157.58346557617188
2014-06-16,21105.38710763985,157.7133026123047
2014-06-17,21162.19527239854,158.1516571044922
2014-06-18,21306.06722555852,159.31243896484375
2014-06-19,21298.67053931155,159.4910888671875
2014-06-20,21302.490025036248,159.8148651123047
2014-06-23,21310.483359126676,159.76593017578125
2014-06-24,21195.57789514624,158.80349731445312
2014-06-25,21305.05607307898,159.52120971679688
2014-06-26,21259.68755694877,159.40707397460938
2014-06-27,21301.612485052414,159.71690368652344
2014-06-30,21315.32236328323,159.63546752929688
2014-07-01,21515.48027268309,160.70388793945312
2014-07-02,21543.67529263049,160.8670196533203
2014-07-03,21678.53241680644,161.65818786621094
2014-07-07,21607.376218612924,161.0953826904297
2014-07-08,21467.289662215335,160.0595703125
2014-07-09,21607.984235706514,160.77728271484375
2014-07-10,21484.729819776512,160.14114379882812
2014-07-11,21566.161453128483,160.36135864257812
2014-07-14,21691.90072979103,161.1688232421875
2014-07-15,21694.958210887035,160.8670196533203
2014-07-16,21743.170696226785,161.4624786376953
2014-07-17,21544.178795177144,159.62728881835938
2014-07-18,21780.831867210385,161.25857543945312
2014-07-21,21767.47636968922,160.95677185058594
2014-07-22,21874.225031815255,161.65818786621094
2014-07-23,21848.342537993205,162.01707458496094
2014-07-24,21811.70478276546,162.02525329589844
2014-07-25,21587.720326930114,161.26669311523438
2014-07-28,21591.601254986825,161.3319549560547
2014-07-29,21509.192426767284,160.63861083984375
2014-07-30,21603.487659252045,160.66305541992188
2014-07-31,21176.39957592453,157.4903106689453
2014-08-01,21114.6771800918,157.0091094970703
2014-08-04,21240.31296168042,158.14279174804688
2014-08-05,21083.811204044003,156.60940551757812
2014-08-06,21158.556311745764,156.65838623046875
2014-08-07,21018.399507318474,155.81008911132812
2014-08-08,21311.800696803915,157.61268615722656
2014-08-11,21362.424781844038,158.06939697265625
2014-08-12,21341.81877263762,157.8492431640625
2014-08-13,21500.131968429094,158.9176483154297
2014-08-14,21590.92009710842,159.6680450439453
2014-08-15,21570.859062046526,159.63546752929688
2014-08-18,21757.192483850373,160.9730987548828
2014-08-19,21919.9426907715,161.81314086914062
2014-08-20,21978.367307692424,162.245361328125
2014-08-21,22040.772449456377,162.71847534179688
2014-08-22,22018.09487064672,162.46563720703125
2014-08-25,22086.630687615616,163.28948974609375
2014-08-26,22152.299939916626,163.3954620361328
2014-08-27,22160.43821660272,163.33023071289062
2014-08-28,22124.30628745383,163.24046325683594
2014-08-29,22223.81767750586,163.7054443359375
2014-09-02,22242.60909697157,163.62388610839844
2014-09-03,22251.161694798968,163.53416442871094
2014-09-04,22341.758765297087,163.29757690429688
2014-09-05,22491.205931664525,164.0316619873047
2014-09-08,22441.74513984297,163.60751342773438
2014-09-09,22292.211432897835,162.57168579101562
2014-09-10,22387.809657189933,163.1833953857422
2014-09-11,22354.766645255102,163.3710174560547
2014-09-12,22274.30215388419,162.416748046875
2014-09-15,22233.888743648167,162.2943878173828
2014-09-16,22395.40375606081,163.5178680419922
2014-09-17,22438.359482496526,163.73806762695312
2014-09-18,22599.65002063155,164.61080932617188
2014-09-19,22587.057323630586,164.46243286132812
2014-09-22,22411.138181185797,163.1923370361328
2014-09-23,22279.591619207367,162.2581329345703
2014-09-24,22505.431371128878,163.52825927734375
2014-09-25,22110.029431422903,160.8896484375
2014-09-26,22352.934987369208,162.16799926757812
2014-09-29,22300.568093277852,161.8729705810547
2014-09-30,22242.837412242294,161.4468994140625
2014-10-01,22000.79335313334,159.25894165039062
2014-10-02,21991.184514749068,159.28363037109375
2014-10-03,22216.77113007091,161.03720092773438
2014-10-06,22163.577589339307,160.84872436523438
2014-10-07,21845.64691499884,158.36575317382812
2014-10-08,22247.267965596704,161.135498046875
2014-10-09,21870.242020432543,157.93968200683594
2014-10-10,21502.986056023088,156.13687133789062
2014-10-13,21178.08944069592,153.572021484375
2014-10-14,21205.05754016377,153.8096923828125
2014-10-15,21035.231738829672,152.76898193359375
2014-10-16,21038.713155527465,152.63783264160156
2014-10-17,21321.243074443802,154.44064331054688
2014-10-20,21536.80856385027,155.9402313232422
2014-10-21,22052.786467702368,159.029541015625
2014-10-22,21869.54643428811,157.89871215820312
2014-10-23,22125.250614314235,159.7342529296875
2014-10-24,22218.392846270413,160.96340942382812
2014-10-27,22244.600218800933,160.74217224121094
2014-10-28,22517.829498429837,162.58596801757812
2014-10-29,22533.4098327932,162.34014892578125
2014-10-30,22759.750364514704,163.38076782226562
2014-10-31,23055.331406294983,165.24916076660156
2014-11-03,23066.082671863685,165.33929443359375
2014-11-04,23110.32915582426,164.7657012939453
2014-11-05,23218.60856524853,165.80636596679688
2014-11-06,23241.08919983291,166.47010803222656
2014-11-07,23178.473603505015,166.6258087158203
2014-11-10,23320.41214722779,167.15025329589844
2014-11-11,23336.254515290544,167.3141326904297
2014-11-12,23345.521817328456,167.13388061523438
2014-11-13,23448.29388038048,167.32232666015625
2014-11-14,23472.97872250867,167.36326599121094
2014-11-17,23458.66975701141,167.4698486328125
2014-11-18,23596.13135396,168.43679809570312
2014-11-19,23643.417837486097,168.1663055419922
2014-11-20,23712.8996997843,168.46131896972656
2014-11-21,23839.298555706875,169.3627471923828
2014-11-24,23915.86350413049,169.83798217773438
2014-11-25,23886.056025389276,169.7151641845703
2014-11-26,24029.19792666631,170.14938354492188
2014-11-28,24167.920993892436,169.788818359375
2014-12-01,24001.291019992972,168.60885620117188
2014-12-02,24169.312617706655,169.69874572753906
2014-12-03,24269.272412995888,170.354248046875
2014-12-04,24325.6792537923,170.1658172607422
2014-12-05,24354.68671896926,170.44435119628906
2014-12-08,24201.04640562254,169.30538940429688
2014-12-09,24219.976429040704,169.1907196044922
2014-12-10,23830.639773111667,166.478271484375
2014-12-11,23943.679544227492,167.32232666015625
2014-12-12,23552.49321835361,164.61817932128906
2014-12-15,23451.561494067442,163.48728942871094
2014-12-16,23175.151702076113,162.17617797851562
2014-12-17,23661.190359937485,165.35562133789062
2014-12-18,24250.65495923474,169.4446563720703
2014-12-19,24288.58111332627,170.16563415527344
2014-12-22,24441.84391816111,170.9484100341797
2014-12-23,24414.48231191535,171.17910766601562
2014-12-24,24412.9205017274,171.1956024169922
2014-12-26,24490.54847669967,171.74769592285156
2014-12-29,24473.171841537118,171.97842407226562
2014-12-30,24377.64651854343,171.05552673339844
2014-12-31,24161.21303013231,169.358154296875
2015-01-02,24129.8688237168,169.26751708984375
2015-01-05,23743.833542747983,166.2106170654297
2015-01-06,23544.06056434252,164.6450958251953
2015-01-07,23862.537549360703,166.69667053222656
2015-01-08,24281.96860045004,169.65478515625
2015-01-09,24071.577326086128,168.2952423095703
2015-01-12,23912.28179772432,166.97683715820312
2015-01-13,23869.434969885548,166.50726318359375
2015-01-14,23712.693824487094,165.50198364257812
2015-01-15,23467.160759643546,163.9858856201172
2015-01-16,23776.874650142447,166.1363983154297
2015-01-20,23820.578435133342,166.49075317382812
2015-01-21,23912.889234093625,167.33120727539062
2015-01-22,24319.85954231377,169.81959533691406
2015-01-23,24266.53354104539,168.8884735107422
2015-01-26,24275.063826734084,169.2840118408203
2015-01-27,23838.7369651863,167.051025390625
2015-01-28,23587.078011123616,164.90870666503906
2015-01-29,23846.18083631491,166.43309020996094
2015-01-30,23605.392757208047,164.34019470214844
2015-02-02,23866.540494912388,166.3754119873047
2015-02-03,24170.98969371596,168.78138732910156
2015-02-04,24158.58580175368,168.138671875
2015-02-05,24438.21663688094,169.83602905273438
2015-02-06,24296.313047864365,169.36643981933594
2015-02-09,24153.827541058792,168.60833740234375
2015-02-10,24508.58507789547,170.40463256835938
2015-02-11,24493.580303542312,170.50344848632812
2015-02-12,24852.81764196361,172.14320373535156
2015-02-13,24949.257386439636,172.8517608642578
2015-02-17,24978.00292637187,173.1237335205078
2015-02-18,24956.3685866928,173.14015197753906
2015-02-19,24942.571333712975,173.0165557861328
2015-02-20,25153.63892962736,174.05479431152344
2015-02-23,25175.23247917664,174.0300750732422
2015-02-24,25277.334839034236,174.5244598388672
2015-02-25,25295.703494759113,174.3760986328125
2015-02-26,25470.33137321006,174.17010498046875
2015-02-27,25350.9469723241,173.57688903808594
2015-03-02,25627.357514369218,174.6728057861328
2015-03-03,25434.19892517319,173.95591735839844
2015-03-04,25382.235977503864,173.22262573242188
2015-03-05,25513.487585183935,173.41204833984375
2015-03-06,25108.118392115903,170.97314453125
2015-03-09,25261.937742820875,171.6817626953125
2015-03-10,24864.385522812914,168.89666748046875
2015-03-11,24743.181667938603,168.50125122070312
2015-03-12,25021.74162953341,170.64352416992188
2015-03-13,24892.214259856337,169.59713745117188
2015-03-16,25332.38837578381,171.86302185058594
2015-03-17,25222.354821442368,171.3521728515625
2015-03-18,25491.91024309192,173.41204833984375
2015-03-19,25472.82753211859,172.62110900878906
2015-03-20,25741.945317239704,174.1446990966797
2015-03-23,25665.721088671566,173.805419921875
2015-03-24,25528.82765832747,172.82879638671875
2015-03-25,24991.079271739047,170.29623413085938
2015-03-26,24910.20065541933,169.8907012939453
2015-03-27,24997.06693842261,170.27967834472656
2015-03-30,25324.48324992672,172.35708618164062
2015-03-31,25061.423965132537,170.85076904296875
2015-04-01,24892.56927294465,170.24656677246094
2015-04-02,24912.40628006151,170.85897827148438
2015-04-06,25052.368241463195,172.0094451904297
2015-04-07,25064.45998006534,171.55426025390625
2015-04-08,25188.944729003935,172.13357543945312
2015-04-09,25268.50904231761,172.89498901367188
2015-04-10,25363.411297612307,173.83853149414062
2015-04-13,25234.307905228445,173.05224609375
2015-04-14,25248.541180644275,173.3833770751953
2015-04-15,25369.213226899432,174.16128540039062
2015-04-16,25333.64498556438,174.11166381835938
2015-04-17,24956.64416016233,172.1087646484375
2015-04-20,25229.827181288623,173.6812744140625
2015-04-21,25242.529142383024,173.47438049316406
2015-04-22,25424.63793055824,174.32691955566406
2015-04-23,25368.21694906435,174.76548767089844
2015-04-24,25575.937752389884,175.17100524902344
2015-04-27,25437.161393258513,174.44273376464844
2015-04-28,25476.714104708848,174.9971466064453
2015-04-29,25331.141195323038,174.2771759033203
2015-04-30,25052.42732518221,172.5308380126953
2015-05-01,25366.95200628694,174.40130615234375
2015-05-04,25397.969430876758,174.89794921875
2015-05-05,25121.550562758013,172.89498901367188
2015-05-06,25039.50682168711,172.1832733154297
2015-05-07,25231.26035478598,172.87017822265625
2015-05-08,25535.300600858733,175.14622497558594
2015-05-11,25414.377397557513,174.31031799316406
2015-05-12,25360.038198758633,173.78883361816406
2015-05-13,25389.505912606604,173.822021484375
2015-05-14,25711.896559022476,175.63455200195312
2015-05-15,25763.48736392127,175.82493591308594
2015-05-18,25812.491189503024,176.37110900878906
2015-05-19,25767.73745138307,176.31321716308594
2015-05-20,25704.753353215096,176.1890411376953
2015-05-21,25731.879660377457,176.70216369628906
2015-05-22,25677.81292787377,176.2800750732422
2015-05-26,25424.106686076513,174.38478088378906
2015-05-27,25781.07431062343,176.04010009765625
2015-05-28,25752.093998457487,175.8414764404297
2015-05-29,25653.731713018675,174.74896240234375
2015-06-01,25701.711642634098,175.1048583984375
2015-06-02,25625.001310705913,174.9310302734375
2015-06-03,25682.911750456726,175.39456176757812
2015-06-04,25485.856710615895,173.9130401611328
2015-06-05,25440.455486197498,173.61509704589844
2015-06-08,25226.622528878503,172.5474090576172
2015-06-09,25284.794099367024,172.52256774902344
2015-06-10,25581.75990909278,174.59165954589844
2015-06-11,25677.81713166839,175.154541015625
2015-06-12,25458.864925300284,173.81369018554688
2015-06-15,25352.7262560542,173.0688018798828
2015-06-16,25510.063207892923,174.01226806640625
2015-06-17,25533.296485095256,174.29371643066406
2015-06-18,25793.83468060974,176.10630798339844
2015-06-19,25679.01192709335,175.32452392578125
2015-06-22,25771.04229792993,176.22264099121094
2015-06-23,25755.743919600864,176.34742736816406
2015-06-24,25544.566457426645,175.06666564941406
2015-06-25,25504.068361348538,174.53443908691406
2015-06-26,25509.3911659776,174.50115966796875
2015-06-29,24979.5933167244,170.84178161621094
2015-06-30,25016.97785443483,171.1993865966797
2015-07-01,25235.386875605214,172.5717010498047
2015-07-02,25234.93498205741,172.41363525390625
2015-07-06,25167.344123378738,171.9229278564453
2015-07-07,25276.99446365931,173.00421142578125
2015-07-08,24889.230293572946,170.1016082763672
2015-07-09,24879.832832496944,170.40936279296875
2015-07-10,25241.675924880015,172.55503845214844
2015-07-13,25536.432180731594,174.4595947265625
2015-07-14,25702.226454919954,175.21640014648438
2015-07-15,25655.675246677474,175.15818786621094
2015-07-16,25860.005631742795,176.5636749267578
2015-07-17,25978.738196590733,176.71334838867188
2015-07-20,26012.353712783028,176.8048858642578
2015-07-21,25950.223556892885,176.10633850097656
2015-07-22,25889.72039307441,175.7902374267578
2015-07-23,25818.077775812017,174.80052185058594
2015-07-24,25677.08890841079,172.98748779296875
2015-07-27,25539.60857754978,171.98118591308594
2015-07-28,25854.07576595069,174.0936279296875
2015-07-29,26030.851356310985,175.291259765625
2015-07-30,26041.62898200853,175.33285522460938
2015-07-31,25974.429253432772,175.06666564941406
2015-08-03,25916.4875919868,174.47618103027344
2015-08-04,25831.404408280858,174.13523864746094
2015-08-05,26028.29253624788,174.70909118652344
2015-08-06,25775.95070996714,173.27865600585938
2015-08-07,25824.126267144515,172.9459228515625
2015-08-10,26102.3757625623,175.1249237060547
2015-08-11,25892.880169595282,173.5447540283203
2015-08-12,25916.655390967444,173.75265502929688
2015-08-13,25911.400268212918,173.5364532470703
2015-08-14,26006.23231105005,174.16845703125
2015-08-17,26111.913012827343,175.1415252685547
2015-08-18,26020.839972227892,174.63418579101562
2015-08-19,25855.097124641023,173.25367736816406
2015-08-20,25382.84425302415,169.6358642578125
2015-08-21,24504.48704870439,164.52947998046875
2015-08-24,23556.516112556226,157.60159301757812
2015-08-25,23217.053570483644,155.74700927734375
2015-08-26,24291.933085889646,161.7267303466797
2015-08-27,24894.350383437933,165.72705078125
2015-08-28,24886.7220232872,165.7353515625
2015-08-31,24665.281892520135,164.39633178710938
2015-09-01,23947.744018170328,159.48944091796875
2015-09-02,24433.368487865202,162.51678466796875
2015-09-03,24424.285782329276,162.6332244873047
2015-09-04,24032.40206879947,160.17152404785156
2015-09-08,24704.48103441644,164.19674682617188
2015-09-09,24318.50581334212,162.0011444091797
2015-09-10,24468.717427669842,162.8826904296875
2015-09-11,24637.190082404344,163.62289428710938
2015-09-14,24531.447929684244,163.01580810546875
2015-09-15,24857.2573132023,165.05340576171875
2015-09-16,25023.500297733,166.48385620117188
2015-09-17,25070.396285912015,166.10963439941406
2015-09-18,24734.297516517912,163.3950958251953
2015-09-21,24881.090591456137,164.239501953125
2015-09-22,24604.08439115978,162.10768127441406
2015-09-23,24590.657849171443,161.84854125976562
2015-09-24,24525.34890167282,161.2633056640625
2015-09-25,24558.74280511242,161.2215118408203
2015-09-28,23980.26202708461,157.1753387451172
2015-09-29,24036.018408772223,157.2672576904297
2015-09-30,24556.206617727086,160.20162963867188
2015-10-01,24576.63364218119,160.61964416503906
2015-10-02,24941.70289621158,163.0189208984375
2015-10-05,25315.585294251574,165.9197998046875
2015-10-06,25207.91479573426,165.35134887695312
2015-10-07,25416.015062502414,166.7056884765625
2015-10-08,25586.794436874392,168.2104949951172
2015-10-09,25685.938775175895,168.3107452392578
2015-10-12,25726.0526105104,168.46958923339844
2015-10-13,25593.581138508514,167.4078826904297
2015-10-14,25482.65247527773,166.6052703857422
2015-10-15,25802.50468931617,169.16348266601562
2015-10-16,25939.060604147195,169.93260192871094
2015-10-19,25962.551888429694,170.0161590576172
2015-10-20,25860.393078688907,169.7988739013672
2015-10-21,25724.47119554183,168.7454833984375
2015-10-22,26277.042955225614,171.59625244140625
2015-10-23,26699.038721966095,173.47726440429688
2015-10-26,26670.831961910764,173.0508575439453
2015-10-27,26643.669818705643,172.71649169921875
2015-10-28,26982.2525921127,174.68101501464844
2015-10-29,26893.95521991009,174.58070373535156
2015-10-30,26801.94803297015,173.82830810546875
2015-11-02,27051.347649385243,175.8848419189453
2015-11-03,27158.822760055118,176.3948211669922
2015-11-04,27113.115648838386,175.85984802246094
2015-11-05,26986.764636080647,175.68421936035156
2015-11-06,27249.619783432983,175.59230041503906
2015-11-09,26980.40300718771,173.95370483398438
2015-11-10,26978.27214509781,174.35499572753906
2015-11-11,26909.163181309028,173.66949462890625
2015-11-12,26596.46844164659,171.24514770507812
2015-11-13,26171.03342750451,169.32232666015625
2015-11-16,26646.043417126228,171.897216796875
2015-11-17,26727.302608385104,171.77175903320312
2015-11-18,27116.32519237169,174.4971160888672
2015-11-19,27089.48436856261,174.3466796875
2015-11-20,27315.182136937932,174.9819793701172
2015-11-23,27288.57569094027,174.78138732910156
2015-11-24,27306.02165087485,175.01544189453125
2015-11-25,27316.825306423005,174.9903564453125
2015-11-27,27361.75984663079,175.1909637451172
2015-11-30,27233.33209495446,174.46365356445312
2015-12-01,27538.81634865209,176.1272735595703
2015-12-02,27383.071103695336,174.32992553710938
2015-12-03,27133.37982261821,171.8888397216797
2015-12-04,27798.941664076705,175.2411651611328
2015-12-07,27651.920454234216,174.17942810058594
2015-12-08,27549.369454086678,173.009033203125
2015-12-09,27191.28869271351,171.66311645507812
2015-12-10,27303.68718373996,172.10618591308594
2015-12-11,26768.030122176064,168.7705841064453
2015-12-14,26991.324950932383,169.62330627441406
2015-12-15,27277.669217112543,171.40399169921875
2015-12-16,27656.8191606236,173.9119415283203
2015-12-17,27261.57645202396,171.26185607910156
2015-12-18,26785.042569533067,168.2107696533203
2015-12-21,27084.468239195925,169.5983428955078
2015-12-22,27256.381424423635,171.13734436035156
2015-12-23,27508.24030948587,173.256591796875
2015-12-24,27455.494194555962,172.9706573486328
2015-12-28,27454.96938739064,172.57537841796875
2015-12-29,27783.73634003923,174.4171905517578
2015-12-30,27607.16062625761,173.18093872070312
2015-12-31,27301.896251061993,171.4485321044922
2016-01-04,26832.475926405685,169.05178833007812
2016-01-05,26854.87715906813,169.3376922607422
2016-01-06,26543.17001577757,167.20164489746094
2016-01-07,25859.92718832374,163.190185546875
2016-01-08,25540.494695538026,161.39895629882812
2016-01-11,25672.090156743183,161.55870056152344
2016-01-12,25914.75109750214,162.8622283935547
2016-01-13,25232.424095090188,158.80032348632812
2016-01-14,25615.671515055747,161.4073486328125
2016-01-15,25019.062567294928,157.9425506591797
2016-01-19,25130.607322766424,158.15281677246094
2016-01-20,24956.66597698468,156.12606811523438
2016-01-21,25106.59485403902,157.0006866455078
2016-01-22,25584.939543497847,160.22158813476562
2016-01-25,25338.881233871572,157.79957580566406
2016-01-26,25626.937106572383,159.95245361328125
2016-01-27,25365.571088873083,158.21173095703125
2016-01-28,25315.419760575773,159.0358123779297
2016-01-29,26048.973298132827,162.9126434326172
2016-02-01,26074.075278369684,162.8538360595703
2016-02-02,25494.567775622898,159.91880798339844
2016-02-03,25443.16326685033,160.87745666503906
2016-02-04,25487.202759756732,161.12982177734375
2016-02-05,24817.257038742522,158.06027221679688
2016-02-08,24567.18973079046,155.93264770507812
2016-02-09,24550.025192578563,155.94100952148438
2016-02-10,24638.771310404536,155.80650329589844
2016-02-11,24445.673065950592,153.77975463867188
2016-02-12,24925.5138683391,156.95021057128906
2016-02-16,25396.26206398351,159.59930419921875
2016-02-17,25832.824700574813,162.20631408691406
2016-02-18,25681.852466321165,161.54188537597656
2016-02-19,25777.438534739595,161.46624755859375
2016-02-22,26101.74689416083,163.8041229248047
2016-02-23,25793.439587840658,161.73533630371094
2016-02-24,25930.296621609035,162.47537231445312
2016-02-25,26191.078946846686,164.44325256347656
2016-02-26,26065.62258431909,164.06480407714844
2016-02-29,25810.74207811685,162.77813720703125
2016-03-01,26502.042702816674,166.60452270507812
2016-03-02,26580.375006981296,167.35301208496094
2016-03-03,26536.765021962477,168.00897216796875
2016-03-04,26637.65812564009,168.5555419921875
2016-03-07,26576.02658722918,168.69017028808594
2016-03-08,26419.98582289946,166.84841918945312
2016-03-09,26550.35007446496,167.67257690429688
2016-03-10,26532.36067348681,167.80712890625
2016-03-11,26941.239412830957,170.51499938964844
2016-03-14,26937.925499841276,170.29635620117188
2016-03-15,26943.54861137338,170.01889038085938
2016-03-16,27116.99427569114,171.0027618408203
2016-03-17,27194.390811744317,172.08763122558594
2016-03-18,27379.375417512692,172.76390075683594
2016-03-21,27442.27582804747,173.00901794433594
2016-03-22,27463.825147842912,172.91603088378906
2016-03-23,27359.536617091115,171.77490234375
2016-03-24,27343.592590885426,171.69883728027344
2016-03-28,27304.549163586573,171.80026245117188
2016-03-29,27573.51270848521,173.38941955566406
2016-03-30,27776.640968575066,174.1502227783203
2016-03-31,27701.94365540459,173.72755432128906
2016-04-01,27949.622658794207,174.9109649658203
2016-04-04,27843.992795222148,174.3446044921875
2016-04-05,27617.901783315327,172.60330200195312
2016-04-06,27951.639267453716,174.48831176757812
2016-04-07,27613.16353969174,172.400390625
2016-04-08,27658.92161312852,172.86537170410156
2016-04-11,27599.22883115485,172.4595947265625
2016-04-12,27821.161748994426,174.06564331054688
2016-04-13,28190.406365717237,175.82391357421875
2016-04-14,28253.49369124208,175.83238220214844
2016-04-15,28230.628313608988,175.6379852294922
2016-04-18,28427.658679954988,176.87213134765625
2016-04-19,28404.421176569103,177.42999267578125
2016-04-20,28479.245440677852,177.59912109375
2016-04-21,28373.56662641799,176.6438751220703
2016-04-22,28221.187746912055,176.6438751220703
2016-04-25,28235.894254420662,176.33953857421875
2016-04-26,28206.404963221285,176.60162353515625
2016-04-27,28211.074073442545,176.96510314941406
2016-04-28,27790.071012956818,175.35899353027344
2016-04-29,27631.211297181708,174.41226196289062
2016-05-02,27909.03125482052,175.79855346679688
2016-05-03,27664.403457587447,174.2685089111328
2016-05-04,27510.031091277775,173.2964630126953
2016-05-05,27494.62672201451,173.26263427734375
2016-05-06,27612.04100798274,173.8966522216797
2016-05-09,27676.908312926622,174.04031372070312
2016-05-10,28007.073856545212,176.20431518554688
2016-05-11,27731.80643664516,174.55593872070312
2016-05-12,27712.740855170763,174.60670471191406
2016-05-13,27636.580574642256,173.08506774902344
2016-05-16,27997.249398491003,174.79266357421875
2016-05-17,27708.79264689489,173.16123962402344
2016-05-18,27811.390459246442,173.21189880371094
2016-05-19,27798.833400370004,172.61175537109375
2016-05-20,28002.1019398421,173.7022247314453
2016-05-23,27915.594950906547,173.46551513671875
2016-05-24,28351.542014544768,175.71401977539062
2016-05-25,28517.56414280576,176.90589904785156
2016-05-26,28568.82099733524,176.95660400390625
2016-05-27,28659.265570607593,177.71742248535156
2016-05-31,28632.130126097953,177.3792724609375
2016-06-01,28670.871207082255,177.7427215576172
2016-06-02,28709.456331504723,178.28379821777344
2016-06-03,28658.638762205184,177.7511749267578
2016-06-06,28732.996921908616,178.6557159423828
2016-06-07,28727.27251694858,178.9346160888672
2016-06-08,28828.33698974831,179.51791381835938
2016-06-09,28854.686803098688,179.2727813720703
2016-06-10,28588.783961706813,177.57371520996094
2016-06-13,28395.037293363435,176.20431518554688
2016-06-14,28326.39593088143,175.85772705078125
2016-06-15,28275.498762844876,175.61257934570312
2016-06-16,28379.59285790216,176.13665771484375
2016-06-17,28234.35547698815,175.480712890625
2016-06-20,28399.385619102955,176.61080932617188
2016-06-21,28438.3213027287,177.11216735839844
2016-06-22,28412.951378466998,176.82318115234375
2016-06-23,28791.41888529595,179.12596130371094
2016-06-24,27819.503106423057,172.69369506835938
2016-06-27,27384.53445680637,169.6007843017578
2016-06-28,27870.624602806874,172.65966796875
2016-06-29,28342.459669926277,175.59963989257812
2016-06-30,28538.497278285173,177.99586486816406
2016-07-01,28575.74127511698,178.36973571777344
2016-07-05,28448.630319547276,177.08665466308594
2016-07-06,28625.304743902325,178.14883422851562
2016-07-07,28717.155122480086,178.03834533691406
2016-07-08,29183.980687093444,180.68939208984375
2016-07-11,29292.231561142973,181.32669067382812
2016-07-12,29505.60539220448,182.64369201660156
2016-07-13,29484.1562379647,182.6182403564453
2016-07-14,29670.10971610502,183.6378936767578
2016-07-15,29632.959660396187,183.39146423339844
2016-07-18,29714.025777248014,183.88427734375
2016-07-19,29736.758726831104,183.69737243652344
2016-07-20,29940.2876202536,184.46206665039062
2016-07-21,29889.505265723823,183.7653350830078
2016-07-22,30041.0379005082,184.58950805664062
2016-07-25,30012.743058999327,184.08824157714844
2016-07-26,30099.42436851534,184.1731414794922
2016-07-27,30149.182378096077,183.97775268554688
2016-07-28,30250.497572800923,184.19020080566406
2016-07-29,30311.65835510119,184.487548828125
2016-08-01,30387.468817051165,184.33462524414062
2016-08-02,30220.88236288866,183.1535186767578
2016-08-03,30244.329319490993,183.68885803222656
2016-08-04,30314.87043141702,183.88427734375
2016-08-05,30584.234893817997,185.38827514648438
2016-08-08,30524.809345252776,185.2777557373047
2016-08-09,30550.645969532918,185.38827514648438
2016-08-10,30466.482880399257,184.9293670654297
2016-08-11,30623.27902833114,185.78761291503906
2016-08-12,30664.407437781938,185.62619018554688
2016-08-15,30769.89662626451,186.16148376464844
2016-08-16,30604.940453620588,185.2013397216797
2016-08-17,30554.754691219405,185.5497589111328
2016-08-18,30583.238408774097,185.966064453125
2016-08-19,30576.005129686364,185.69410705566406
2016-08-22,30576.375760223917,185.68565368652344
2016-08-23,30650.58938873411,186.05953979492188
2016-08-24,30469.121459041522,185.10784912109375
2016-08-25,30408.764963610553,184.98040771484375
2016-08-26,30445.30950175936,184.63201904296875
2016-08-29,30560.85131356933,185.54119873046875
2016-08-30,30463.367694980614,185.23526000976562
2016-08-31,30382.020788190708,184.70851135253906
2016-09-01,30448.295859329737,184.71697998046875
2016-09-02,30479.890589445797,185.5497589111328
2016-09-06,30550.719180301985,186.11041259765625
2016-09-07,30449.073742292305,186.093505859375
2016-09-08,30337.705880771726,185.6686248779297
2016-09-09,29627.30259909398,181.2246856689453
2016-09-12,30094.96311254632,183.8247833251953
2016-09-13,29770.852965949292,181.1822509765625
2016-09-14,29878.579075859983,181.1141815185547
2016-09-15,30263.975450437163,182.92413330078125
2016-09-16,30191.900885609517,182.21697998046875
2016-09-19,30187.282661607213,182.2511749267578
2016-09-20,30212.74990958184,182.2597198486328
2016-09-21,30498.326332537672,184.3092803955078
2016-09-22,30670.500721597884,185.4707489013672
2016-09-23,30488.626481689018,184.4545135498047
2016-09-26,30223.011763507824,182.95997619628906
2016-09-27,30530.88263459568,184.09580993652344
2016-09-28,30570.37656618994,185.00953674316406
2016-09-29,30382.408570851563,183.33570861816406
2016-09-30,30700.071384381434,184.71925354003906
2016-10-03,30604.639551987366,184.275146484375
2016-10-04,30501.93661110154,183.33570861816406
2016-10-05,30649.145878348972,184.14703369140625
2016-10-06,30638.71039115729,184.275146484375
2016-10-07,30536.90210154152,183.64317321777344
2016-10-10,30621.247029635346,184.59962463378906
2016-10-11,30211.52517037619,182.2682342529297
2016-10-12,30227.35201554203,182.50738525390625
2016-10-13,30107.10873357611,181.90957641601562
2016-10-14,30134.660124770082,182.0034637451172
2016-10-17,30004.371581940548,181.37155151367188
2016-10-18,30200.47076860486,182.50738525390625
2016-10-19,30175.942983295623,182.99415588378906
2016-10-20,30201.47909477198,182.6525115966797
2016-10-21,30226.447430353695,182.7379150390625
2016-10-24,30468.17233889996,183.51504516601562
2016-10-25,30312.174812322683,182.90020751953125
2016-10-26,30270.144023271143,182.53297424316406
2016-10-27,30219.205901150137,182.04624938964844
2016-10-28,30051.337012301523,181.50816345214844
2016-10-31,30012.93489405102,181.51673889160156
2016-11-01,29777.975686128313,180.20156860351562
2016-11-02,29638.913905840865,179.11697387695312
2016-11-03,29546.779190279685,178.29721069335938
2016-11-04,29461.02226633695,178.1007843017578
2016-11-07,30157.295481431993,182.02908325195312
2016-11-08,30234.726765546395,182.84893798828125
2016-11-09,30455.46366440878,184.78750610351562
2016-11-10,30367.825104124895,185.24868774414062
2016-11-11,30646.488024636197,184.82164001464844
2016-11-14,30400.211121557317,184.96685791015625
2016-11-15,30614.162441040844,186.41015625
2016-11-16,30752.624800443256,186.05996704101562
2016-11-17,30859.095775612353,187.0164794921875
2016-11-18,30790.576221954405,186.59796142578125
2016-11-21,30954.323084988024,188.00711059570312
2016-11-22,31023.61804457859,188.3743133544922
2016-11-23,30930.458718802296,188.476806640625
2016-11-25,31051.30862066916,189.1770477294922
2016-11-28,30841.969100433427,188.28890991210938
2016-11-29,30864.89987059468,188.65614318847656
2016-11-30,30691.912157126222,188.20346069335938
2016-12-01,30379.692773294602,187.51177978515625
2016-12-02,30484.292569978163,187.60574340820312
2016-12-05,30728.438991788375,188.7329864501953
2016-12-06,30752.56361674387,189.33078002929688
2016-12-07,31193.750642322506,191.807373046875
2016-12-08,31235.092612415545,192.27700805664062
2016-12-09,31426.768486948928,193.4384765625
2016-12-12,31445.083630364923,193.21644592285156
2016-12-13,31707.30097394522,194.50595092773438
2016-12-14,31594.62244959731,192.90048217773438
2016-12-15,31780.97516879972,193.6947479248047
2016-12-16,31671.63424222054,193.3158721923828
2016-12-19,31765.425915042182,193.73675537109375
2016-12-20,31954.416616284667,194.484130859375
2016-12-21,31906.359787094898,193.94302368164062
2016-12-22,31837.312056523453,193.60794067382812
2016-12-23,31899.95360115933,193.89141845703125
2016-12-27,32060.956537160866,194.3724822998047
2016-12-28,31725.58197603619,192.76609802246094
2016-12-29,31751.84073046778,192.72314453125
2016-12-30,31506.976726817233,192.0187225341797
2017-01-03,31668.01684072466,193.48770141601562
2017-01-04,31796.906911861897,194.6387939453125
2017-01-05,31833.096582113812,194.484130859375
2017-01-06,32046.719575973293,195.17996215820312
2017-01-09,32086.63129444373,194.53573608398438
2017-01-10,32094.81269203599,194.53573608398438
2017-01-11,32102.463812461338,195.08547973632812
2017-01-12,32073.188355061167,194.59580993652344
2017-01-13,32133.40726082628,195.04246520996094
2017-01-17,32025.461234452687,194.3553009033203
2017-01-18,32091.379946814268,194.7848358154297
2017-01-19,32012.465902803764,194.06320190429688
2017-01-20,32129.341563525857,194.7762451171875
2017-01-23,32030.144201546707,194.26937866210938
2017-01-24,32209.54022032695,195.51498413085938
2017-01-25,32428.226339118213,197.20726013183594
2017-01-26,32405.34589940641,197.0010986328125
2017-01-27,32471.471623669797,196.6918487548828
2017-01-30,32316.361345423124,195.47206115722656
2017-01-31,32277.59643498581,195.45486450195312
2017-02-01,32392.243369156502,195.53219604492188
2017-02-02,32467.127160746946,195.66102600097656
2017-02-03,32693.52690147836,197.00965881347656
2017-02-06,32670.52431470096,196.65745544433594
2017-02-07,32742.40290407876,196.66607666015625
2017-02-08,32783.3938466691,196.923828125
2017-02-09,32931.94768565309,198.092041015625
2017-02-10,33029.40147243129,198.873779296875
2017-02-13,33176.225847403584,199.95619201660156
2017-02-14,33355.110055352525,200.75506591796875
2017-02-15,33637.27282154056,201.8030548095703
2017-02-16,33647.432314873695,201.63125610351562
2017-02-17,33726.32588123237,201.94908142089844
2017-02-21,33998.23714928393,203.1517333984375
2017-02-22,34021.48035900335,202.9713592529297
2017-02-23,33952.84965571894,203.1088409423828
2017-02-24,34044.950843612765,203.3665008544922
2017-02-27,34084.883093696015,203.68431091308594
2017-02-28,33931.12979125401,203.13455200195312
2017-03-01,34462.87531234438,205.97796630859375
2017-03-02,34288.25558659909,204.6808319091797
2017-03-03,34256.433083234566,204.8096923828125
2017-03-06,34148.3124841641,204.19979858398438
2017-03-07,34120.55566709002,203.58982849121094
2017-03-08,34168.84353925656,203.21185302734375
2017-03-09,34229.90413927908,203.46961975097656
2017-03-10,34399.70995556168,204.18255615234375
2017-03-13,34422.30616355676,204.2856903076172
2017-03-14,34355.546091707496,203.50390625
2017-03-15,34637.678463901146,205.26498413085938
2017-03-16,34641.70132738974,204.8612060546875
2017-03-17,34535.05537554537,204.50143432617188
2017-03-20,34501.58161467354,204.27708435058594
2017-03-21,34131.2714879436,201.65435791015625
2017-03-22,34179.77528903159,202.12884521484375
2017-03-23,34131.11456020598,201.91317749023438
2017-03-24,34121.93767355689,201.76646423339844
2017-03-27,34092.64863585115,201.5593719482422
2017-03-28,34264.73096654049,203.02613830566406
2017-03-29,34247.61768161532,203.21591186523438
2017-03-30,34318.154198515585,203.86300659179688
2017-03-31,34259.69188119476,203.38848876953125
2017-04-03,34240.5836830615,203.03472900390625
2017-04-04,34183.96221171192,203.16416931152344
2017-04-05,34090.80536443054,202.5602264404297
2017-04-06,34121.74118767081,203.12962341308594
2017-04-07,34145.4460883623,202.92254638671875
2017-04-10,34135.02857221586,203.04336547851562
2017-04-11,34097.081844628396,202.80177307128906
2017-04-12,33944.020066686004,201.91317749023438
2017-04-13,33730.51393261001,200.60174560546875
2017-04-17,34007.505180703,202.3790283203125
2017-04-18,33972.012921069865,201.7751007080078
2017-04-19,33899.95389749353,201.40411376953125
2017-04-20,34203.77640018945,203.04336547851562
2017-04-21,34167.295254346034,202.3962860107422
2017-04-24,34582.089092277936,204.62222290039062
2017-04-25,34778.820037174504,205.8128204345703
2017-04-26,34819.774256562276,205.68341064453125
2017-04-27,34888.63412113941,205.8560028076172
2017-04-28,34885.75229801505,205.40736389160156
2017-05-01,34952.652962647175,205.9250030517578
2017-05-02,35015.72390952486,206.00267028808594
2017-05-03,35068.16920813334,205.75242614746094
2017-05-04,35162.84848520288,205.99398803710938
2017-05-05,35198.79825997444,206.8050079345703
2017-05-08,35196.63918684486,206.77056884765625
2017-05-09,35233.873226570526,206.5806884765625
2017-05-10,35454.43266173054,206.9517059326172
2017-05-11,35391.73665237824,206.5289306640625
2017-05-12,35492.22731599165,206.18380737304688
2017-05-15,35738.65592446474,207.32269287109375
2017-05-16,35783.06919795103,207.13287353515625
2017-05-17,35127.56351225179,203.45751953125
2017-05-18,35301.19463499753,204.27708435058594
2017-05-19,35491.970731828675,205.60580444335938
2017-05-22,35667.24944858623,206.6497802734375
2017-05-23,35669.77475845321,207.1070098876953
2017-05-24,35724.35629371046,207.5902099609375
2017-05-25,35952.512617355314,208.58230590820312
2017-05-26,36006.78153071054,208.5391845703125
2017-05-30,36027.60996835008,208.3579864501953
2017-05-31,36051.79631650389,208.3062286376953
2017-06-01,36265.85919471712,209.9627227783203
2017-06-02,36541.20871046373,210.66162109375
2017-06-05,36605.397420742454,210.50625610351562
2017-06-06,36491.409866775095,209.8333740234375
2017-06-07,36601.76038427604,210.22158813476562
2017-06-08,36726.99002383423,210.32513427734375
2017-06-09,36398.110145526225,210.005859375
2017-06-12,36264.24890117244,209.9627227783203
2017-06-13,36495.3115942037,210.98939514160156
2017-06-14,36515.89081781543,210.7219696044922
2017-06-15,36390.55542026204,210.3164825439453
2017-06-16,36237.224678626866,210.3624267578125
2017-06-19,36652.19535040008,212.11373901367188
2017-06-20,36493.58131779387,210.68324279785156
2017-06-21,36594.86949369932,210.6312255859375
2017-06-22,36690.4850669534,210.5358428955078
2017-06-23,36640.50682075997,210.78721618652344
2017-06-26,36581.03944547205,210.92593383789062
2017-06-27,36234.68026897297,209.2266845703125
2017-06-28,36585.804650752696,211.099365234375
2017-06-29,36157.02402257637,209.2440643310547
2017-06-30,36261.22069514465,209.63417053222656
2017-07-03,36184.668167001444,209.9896697998047
2017-07-05,36321.32958684739,210.47515869140625
2017-07-06,36097.416119592184,208.55047607421875
2017-07-07,36396.50025508008,209.90293884277344
2017-07-10,36482.32595765944,210.12835693359375
2017-07-11,36481.415940499486,209.97227478027344
2017-07-12,36821.72924667652,211.55020141601562
2017-07-13,36875.8997640214,211.9056396484375
2017-07-14,37119.508528299106,212.89401245117188
2017-07-17,37061.22181530477,212.86801147460938
2017-07-18,37118.7684070065,212.98072814941406
2017-07-19,37313.73194539501,214.1337890625
2017-07-20,37275.65343124145,214.22911071777344
2017-07-21,37295.36235462955,214.0384063720703
2017-07-24,37264.79159750615,213.9864044189453
2017-07-25,37406.241787716266,214.50660705566406
2017-07-26,37351.52844160043,214.51519775390625
2017-07-27,37121.488505081106,214.3158416748047
2017-07-28,37128.96457670293,214.06442260742188
2017-07-31,37127.076593685386,213.9430389404297
2017-08-01,37313.55352710923,214.41990661621094
2017-08-02,37425.36473944955,214.52391052246094
2017-08-03,37361.27038599879,214.1077423095703
2017-08-04,37410.78774971166,214.49789428710938
2017-08-07,37556.38561610138,214.89674377441406
2017-08-08,37457.64960489706,214.3678741455078
2017-08-09,37519.308114492575,214.35922241210938
2017-08-10,36965.005305745995,211.33340454101562
2017-08-11,37027.77383260504,211.64553833007812
2017-08-14,37474.45774392506,213.74363708496094
2017-08-15,37401.815118038816,213.7176055908203
2017-08-16,37526.14083990596,214.09043884277344
2017-08-17,36921.66925892316,210.7526092529297
2017-08-18,36755.359806248875,210.42315673828125
2017-08-21,36788.29249618855,210.58786010742188
2017-08-22,37230.28291915683,212.7899627685547
2017-08-23,37099.75136495643,212.02700805664062
2017-08-24,37007.3864066227,211.5328369140625
2017-08-25,36990.39286677098,212.02700805664062
2017-08-28,37075.8264646944,212.03573608398438
2017-08-29,37119.12295914733,212.27847290039062
2017-08-30,37312.539564084,213.28419494628906
2017-08-31,37611.48392307045,214.56727600097656
2017-09-01,37662.523733553826,214.8706817626953
2017-09-05,37423.434201687975,213.32745361328125
2017-09-06,37579.657403932135,214.0557403564453
2017-09-07,37754.58924463408,214.0297393798828
2017-09-08,37631.80624241087,213.77830505371094
2017-09-11,38097.94785844702,216.05848693847656
2017-09-12,38188.75499161845,216.7866973876953
2017-09-13,38184.42437933096,216.8907470703125
2017-09-14,38184.6384607372,216.82139587402344
2017-09-15,38253.666433394115,217.11326599121094
2017-09-18,38286.14469491353,217.5750732421875
2017-09-19,38299.95034319465,217.79290771484375
2017-09-20,38301.62894781441,217.87130737304688
2017-09-21,38154.948624057986,217.2875213623047
2017-09-22,38208.17094920368,217.33108520507812
2017-09-25,37985.89997302691,216.88673400878906
2017-09-26,37997.044708002424,217.0174102783203
2017-09-27,38129.998630827475,217.86253356933594
2017-09-28,38280.65911293231,218.1239776611328
2017-09-29,38408.81744259991,218.89071655273438
2017-10-02,38555.80345287718,219.8403778076172
2017-10-03,38621.187317307486,220.31085205078125
2017-10-04,38743.41163965548,220.57220458984375
2017-10-05,38986.33087300424,221.879150390625
2017-10-06,38919.63295390998,221.62648010253906
2017-10-09,38947.50224784036,221.260498046875
2017-10-10,39085.7411596503,221.84432983398438
2017-10-11,39270.87893413705,222.1928253173828
2017-10-12,39244.95146248815,221.86172485351562
2017-10-13,39369.088012399705,222.13186645507812
2017-10-16,39402.56276316983,222.4280548095703
2017-10-17,39524.5024623608,222.5849151611328
2017-10-18,39522.04822347149,222.80271911621094
2017-10-19,39502.95267542481,222.86366271972656
2017-10-20,39627.27962842786,224.01373291015625
2017-10-23,39644.17773698064,223.14251708984375
2017-10-24,39744.400731406036,223.53460693359375
2017-10-25,39702.37423099109,222.4280548095703
2017-10-26,39834.69138159985,222.71559143066406
2017-10-27,40237.133389794995,224.5364990234375
2017-10-30,40118.28239550632,223.70010375976562
2017-10-31,40105.59126863711,224.04864501953125
2017-11-01,40202.40484258622,224.34486389160156
2017-11-02,40189.3932247293,224.43197631835938
2017-11-03,40716.67061939479,225.18130493164062
2017-11-06,40749.032713769455,225.52980041503906
2017-11-07,40810.1120499456,225.37295532226562
2017-11-08,40944.616366881084,225.7563018798828
2017-11-09,40695.37952997192,224.93734741210938
2017-11-10,40676.823646202996,224.86764526367188
2017-11-13,40765.07060336414,225.07669067382812
2017-11-14,40800.292229317834,224.5539093017578
2017-11-15,40568.409500886555,223.43002319335938
2017-11-16,41147.10854804754,225.3293914794922
2017-11-17,41035.0026808111,224.66717529296875
2017-11-20,41174.331089778796,225.05055236816406
2017-11-21,41460.85023005259,226.52304077148438
2017-11-22,41398.76881250253,226.3226776123047
2017-11-24,41624.67426026406,226.84544372558594
2017-11-27,41706.41471136136,226.73216247558594
2017-11-28,41984.609794628224,229.0323028564453
2017-11-29,41691.57780752385,228.89292907714844
2017-11-30,42102.043553251424,230.89688110351562
2017-12-01,42020.47034155258,230.4176483154297
2017-12-04,41680.97768061201,230.13888549804688
2017-12-05,41686.80245023085,229.3111572265625
2017-12-06,41678.73272367266,229.3546600341797
2017-12-07,41798.59842510953,230.07786560058594
2017-12-08,42019.34194983895,231.33248901367188
2017-12-11,42211.58986593562,232.02947998046875
2017-12-12,42205.04612775295,232.4390106201172
2017-12-13,42332.68626532699,232.41287231445312
2017-12-14,42155.354952999725,231.46316528320312
2017-12-15,42518.63753680399,233.3907012939453
2017-12-18,42736.549310427654,234.87066650390625
2017-12-19,42636.23671695541,233.96868896484375
2017-12-20,42635.251795950506,233.8461456298828
2017-12-21,42619.50969794251,234.32769775390625
2017-12-22,42557.477683229365,234.26637268066406
2017-12-26,42578.29857959332,233.9861297607422
2017-12-27,42636.116400948325,234.10003662109375
2017-12-28,42704.66581310484,234.58164978027344
2017-12-29,42443.2488415903,233.69715881347656
2018-01-02,42796.954905928775,235.369873046875
2018-01-03,43229.770157379106,236.85858154296875
2018-01-04,43420.32886810744,237.85693359375
2018-01-05,43799.97443264885,239.44198608398438
2018-01-08,43923.07253666956,239.8798370361328
2018-01-09,43958.6035835913,240.42282104492188
2018-01-10,43896.97068139701,240.0549774169922
2018-01-11,44189.38452964947,241.80645751953125
2018-01-12,44668.9552640916,243.38279724121094
2018-01-16,44627.25200603672,242.55084228515625
2018-01-17,45165.52318029865,244.86270141601562
2018-01-18,45194.853892887746,244.4510955810547
2018-01-19,45489.78622258483,245.5633087158203
2018-01-22,45847.00875214957,247.5600128173828
2018-01-23,45852.14728672231,248.08543395996094
2018-01-24,45710.049816163046,247.98915100097656
2018-01-25,45778.79749060869,248.09417724609375
2018-01-26,46368.357432437624,250.96656799316406
2018-01-29,46109.73896088888,249.30270385742188
2018-01-30,45474.15338553504,246.74559020996094
2018-01-31,45501.0000932938,246.86810302734375
2018-02-01,45341.218943575324,246.58786010742188
2018-02-02,44471.17723205197,241.2198028564453
2018-02-05,42524.70494026897,231.13128662109375
2018-02-06,43539.66028339864,235.68508911132812
2018-02-07,43322.98137318707,234.4065399169922
2018-02-08,41654.346602083635,225.6142120361328
2018-02-09,42463.28947241817,229.0032501220703
2018-02-12,42994.79671946604,232.36610412597656
2018-02-13,43124.77129841071,232.94406127929688
2018-02-14,43774.80018822674,236.08786010742188
2018-02-15,44325.956971449195,239.1004180908203
2018-02-16,44345.09995832138,239.1704864501953
2018-02-20,44026.89783070208,237.67300415039062
2018-02-21,43714.83245789051,236.49069213867188
2018-02-22,43803.652620892295,236.79727172851562
2018-02-23,44501.63766829311,240.57159423828125
2018-02-26,45107.52235871622,243.36529541015625
2018-02-27,44601.98286749674,240.32643127441406
2018-02-28,44061.31391650725,237.8919219970703
2018-03-01,43405.22099339325,234.4328155517578
2018-03-02,43555.686273466206,235.64126586914062
2018-03-05,43933.823662735806,238.36480712890625
2018-03-06,43998.26806652194,238.96908569335938
2018-03-07,43934.99279620462,238.88150024414062
2018-03-08,44118.48015435467,240.03744506835938
2018-03-09,44979.24415355919,244.21466064453125
2018-03-12,44992.437310643836,243.90814208984375
2018-03-13,44646.90635069837,242.3318634033203
2018-03-14,44469.07839255241,241.08831787109375
2018-03-15,44576.94927589457,240.82562255859375
2018-03-16,44610.23350199576,241.08676147460938
2018-03-19,43887.253402614384,237.8247528076172
2018-03-20,44019.20567549063,238.22933959960938
2018-03-21,43901.61224135122,237.7720489501953
2018-03-22,42808.85126682457,231.8284149169922
2018-03-23,41934.45414251107,226.88710021972656
2018-03-26,43297.311701231774,233.09449768066406
2018-03-27,42378.08113381084,229.12916564941406
2018-03-28,42096.742218090934,228.4521026611328
2018-03-29,42684.064040939884,231.37115478515625
2018-04-02,41632.21396605255,226.37713623046875
2018-04-03,42265.461925224634,229.2786102294922
2018-04-04,42795.03889469676,231.73170471191406
2018-04-05,43033.482309903375,233.56051635742188
2018-04-06,42013.987231378465,228.3554229736328
2018-04-09,42168.86757785096,229.48085021972656
2018-04-10,42924.29231731488,233.1296844482422
2018-04-11,42680.42643278875,231.9075164794922
2018-04-12,43062.57165808813,233.8154754638672
2018-04-13,42986.735916131394,233.1296844482422
2018-04-16,43239.114369448056,235.04637145996094
2018-04-17,43787.65812896944,237.56101989746094
2018-04-18,43789.36069121337,237.73690795898438
2018-04-19,43420.07697181234,236.41799926757812
2018-04-20,43037.50096996851,234.4133758544922
2018-04-23,42926.560036611205,234.37814331054688
2018-04-24,42438.50799913819,231.2217254638672
2018-04-25,42511.7049265566,231.7932891845703
2018-04-26,43151.23704120916,234.14952087402344
2018-04-27,43318.32156276699,234.369384765625
2018-04-30,43077.828530820996,232.56704711914062
2018-05-01,43132.0255298273,232.98016357421875
2018-05-02,42922.58385651279,231.41514587402344
2018-05-03,42861.91487348029,230.9051971435547
2018-05-04,43482.12690245387,233.8946075439453
2018-05-07,43649.52351438099,234.68592834472656
2018-05-08,43693.52763625244,234.68592834472656
2018-05-09,44003.2772953443,236.95433044433594
2018-05-10,44478.75347555891,239.1700439453125
2018-05-11,44672.79110223093,239.89984130859375
2018-05-14,44808.85572933139,240.01406860351562
2018-05-15,44335.186273540945,238.3611297607422
2018-05-16,44542.22918625859,239.3634796142578
2018-05-17,44409.32889116056,239.16128540039062
2018-05-18,44409.9437846627,238.56329345703125
2018-05-21,44716.345158067204,240.35702514648438
2018-05-22,44557.23331973842,239.6887969970703
2018-05-23,44918.709164269494,240.3481903076172
2018-05-24,44884.858540070665,239.8558349609375
2018-05-25,44909.95928811261,239.2842559814453
2018-05-29,44423.71703266379,236.53225708007812
2018-05-30,44953.124378935885,239.6887969970703
2018-05-31,44717.847068783616,238.22048950195312
2018-06-01,45248.18340797873,240.55926513671875
2018-06-04,45649.17880267662,241.70223999023438
2018-06-05,45674.07957011269,241.87803649902344
2018-06-06,46130.93555456642,243.90029907226562
2018-06-07,46201.816222052425,243.87388610839844
2018-06-08,46229.35905318918,244.59495544433594
2018-06-11,46218.911696158204,244.92018127441406
2018-06-12,46287.99429972466,245.2366943359375
2018-06-13,46104.81783424545,244.45420837402344
2018-06-14,46178.10358753826,245.06968688964844
2018-06-15,46196.57618653926,244.7570343017578
2018-06-18,46109.35312569336,244.25357055664062
2018-06-19,45918.06334887205,243.31747436523438
2018-06-20,45848.39566947043,243.73255920410156
2018-06-21,45598.14311283321,242.20458984375
2018-06-22,45641.46814859629,242.64620971679688
2018-06-25,44972.289728115225,239.3431396484375
2018-06-26,45065.80921359924,239.873046875
2018-06-27,44612.78101834933,237.88592529296875
2018-06-28,44840.559150856214,239.24603271484375
2018-06-29,44999.12943004282,239.5903778076172
2018-07-02,45063.63867839886,240.10263061523438
2018-07-03,44783.58342580614,239.2548370361328
2018-07-05,45238.681515775985,241.2065887451172
2018-07-06,45542.28305753238,243.24688720703125
2018-07-09,45944.15870696629,245.4370574951172
2018-07-10,46268.91633991953,246.32029724121094
2018-07-11,45925.93545823544,244.5186004638672
2018-07-12,46234.760318909066,246.7353515625
2018-07-13,46219.97610345829,246.92970275878906
2018-07-16,46132.39305863405,246.70889282226562
2018-07-17,46448.54353887276,247.70689392089844
2018-07-18,46496.63619622598,248.22792053222656
2018-07-19,46362.45112435375,247.29176330566406
2018-07-20,46418.723917489784,247.0091552734375
2018-07-23,46555.683488451374,247.46849060058594
2018-07-24,46866.06005528219,248.71372985839844
2018-07-25,47414.82893948414,250.83343505859375
2018-07-26,47461.69947302492,250.24163818359375
2018-07-27,47194.59867396995,248.54600524902344
2018-07-30,46917.84989558655,247.2476806640625
2018-07-31,47094.59385334089,248.4664306640625
2018-08-01,47022.72195434576,248.05125427246094
2018-08-02,47268.592281849866,249.40264892578125
2018-08-03,47479.25767471599,250.4712371826172
2018-08-06,47624.69143525883,251.38975524902344
2018-08-07,47849.01963907645,252.2200164794922
2018-08-08,47887.89204046992,252.11402893066406
2018-08-09,47756.170854449854,251.76956176757812
2018-08-10,47507.16294807262,250.08265686035156
2018-08-13,47368.80071714716,249.14645385742188
2018-08-14,47631.78760100045,250.7362518310547
2018-08-15,47322.5164368271,248.86386108398438
2018-08-16,47837.143613552944,250.8774871826172
2018-08-17,47898.17800063705,251.76071166992188
2018-08-20,47995.81042917876,252.29949951171875
2018-08-21,48095.781276639005,252.89125061035156
2018-08-22,48333.92236538259,252.7411346435547
2018-08-23,48382.912251612404,252.40538024902344
2018-08-24,48670.50232757297,253.92449951171875
2018-08-27,49016.54351957674,255.9293670654297
2018-08-28,49143.748974453534,256.052978515625
2018-08-29,49433.74600205505,257.4308166503906
2018-08-30,49240.34330510097,256.3886413574219
2018-08-31,49360.58211404159,256.39739990234375
2018-09-04,49379.852703027136,255.9557647705078
2018-09-05,49189.67772260976,255.26699829101562
2018-09-06,49045.742395317626,254.49859619140625
2018-09-07,49076.896120879195,254.00393676757812
2018-09-10,49396.62564312372,254.4456024169922
2018-09-11,49514.81458716547,255.2846221923828
2018-09-12,49460.23258168824,255.3464813232422
2018-09-13,49807.40988901605,256.8566589355469
2018-09-14,49764.16008741549,256.90087890625
2018-09-17,49384.097142714374,255.54078674316406
2018-09-18,49761.8525094011,256.9273986816406
2018-09-19,49879.301717956805,257.2011413574219
2018-09-20,50236.18389043805,259.2854919433594
2018-09-21,50368.27162373423,259.048583984375
2018-09-24,50255.95793093774,258.1880187988281
2018-09-25,50286.85086478775,257.948486328125
2018-09-26,50127.62408437051,257.17657470703125
2018-09-27,50305.54697014907,257.895263671875
2018-09-28,50411.85879683333,257.92181396484375
2018-10-01,50715.488759850465,258.81787109375
2018-10-02,50612.802781449034,258.6670227050781
2018-10-03,50456.14445964743,258.80908203125
2018-10-04,49985.17874193057,256.78619384765625
2018-10-05,49579.68074363169,255.34906005859375
2018-10-08,49476.09597326769,255.34906005859375
2018-10-09,49498.57221408462,254.97634887695312
2018-10-10,47771.229454040666,246.9030303955078
2018-10-11,46829.45882015617,241.464599609375
2018-10-12,47695.355032842774,244.81817626953125
2018-10-15,47263.5793499899,243.44302368164062
2018-10-16,48261.36861040932,248.76608276367188
2018-10-17,48177.47333009732,248.81051635742188
2018-10-18,47475.99849166222,245.2173614501953
2018-10-19,47503.49679052994,245.0843963623047
2018-10-22,47496.221376270856,243.98416137695312
2018-10-23,47359.179868923304,242.7421875
2018-10-24,45961.41356167189,235.38739013671875
2018-10-25,46911.72581141282,239.61038208007812
2018-10-26,46008.338526443236,235.3962860107422
2018-10-29,45637.3022783794,234.09210205078125
2018-10-30,46433.34985875299,237.56094360351562
2018-10-31,46986.849687675174,240.09837341308594
2018-11-01,47404.313021542956,242.65347290039062
2018-11-02,47123.91064920427,241.21620178222656
2018-11-05,47437.9753259855,242.5469512939453
2018-11-06,47661.44085533344,244.08168029785156
2018-11-07,48745.27201978251,249.30728149414062
2018-11-08,48654.90061239701,248.85487365722656
2018-11-09,48269.093829356294,246.42393493652344
2018-11-12,47167.77934534658,241.81948852539062
2018-11-13,47102.772637269736,241.36703491210938
2018-11-14,46801.23451529063,239.71690368652344
2018-11-15,47397.09634654872,242.21864318847656
2018-11-16,47384.95723109849,242.8485870361328
2018-11-19,46471.03419067651,238.740966796875
2018-11-20,45761.832109291536,234.3227081298828
2018-11-21,45755.21319364012,235.12124633789062
2018-11-23,45541.73279130858,233.55091857910156
2018-11-26,46219.13338215331,237.3214874267578
2018-11-27,46461.56136968691,238.11988830566406
2018-11-28,47627.53531835714,243.60272216796875
2018-11-29,47569.654435564364,243.07032775878906
2018-11-30,48085.132791383534,244.5519256591797
2018-12-03,48631.003038871684,247.79019165039062
2018-12-04,47094.00449204841,239.76124572753906
2018-12-06,47099.293802052074,239.39747619628906
2018-12-07,45993.54328087702,233.83480834960938
2018-12-10,46267.122993132005,234.27842712402344
2018-12-11,46398.861533962765,234.33164978027344
2018-12-12,46782.73309555317,235.51156616210938
2018-12-13,46915.84683791085,235.43174743652344
2018-12-14,45824.474839262395,231.0845489501953
2018-12-17,44846.49569574469,226.55105590820312
2018-12-18,44998.77855110811,226.30262756347656
2018-12-19,44368.566085831655,222.9136199951172
2018-12-20,43688.45142285793,219.28504943847656
2018-12-21,43077.53653932858,214.7919464111328
2018-12-24,41967.31765602277,209.1165313720703
2018-12-26,44105.38072080573,219.68212890625
2018-12-27,44537.618572270876,221.3687286376953
2018-12-28,44556.135347350915,221.0831298828125
2018-12-31,44960.91651336354,223.01953125
2019-01-02,44866.382984207805,223.25157165527344
2019-01-03,43532.41699736147,217.9241485595703
2019-01-04,44921.19344711513,225.2237091064453
2019-01-07,45382.228492959344,226.99954223632812
2019-01-08,45642.97933657012,229.1322479248047
2019-01-09,45939.76623776338,230.20310974121094
2019-01-10,46059.222067073664,231.01516723632812
2019-01-11,46102.397334477304,231.10438537597656
2019-01-14,45827.365799186315,229.6944122314453
2019-01-15,46300.14721204306,232.32693481445312
2019-01-16,46269.35287160408,232.88916015625
2019-01-17,46533.599597668326,234.65599060058594
2019-01-18,47150.5272219857,237.77923583984375
2019-01-22,46564.594284370236,234.56668090820312
2019-01-23,46604.836889102065,235.0576171875
2019-01-24,46778.234147969095,235.1824493408203
2019-01-25,47088.449976531396,237.17251586914062
2019-01-28,46449.19453718275,235.36990356445312
2019-01-29,46245.84512717092,235.0576171875
2019-01-30,46966.58950504957,238.77867126464844
2019-01-31,47312.632537198835,240.87574768066406
2019-02-01,47328.267711391425,240.99172973632812
2019-02-04,47678.99056454409,242.6872100830078
2019-02-05,47884.82319792297,243.70449829101562
2019-02-06,47942.10175182064,243.38330078125
2019-02-07,47391.816474357845,241.06314086914062
2019-02-08,47450.16967820532,241.35763549804688
2019-02-11,47446.30267115509,241.49148559570312
2019-02-12,48144.68130254571,244.596923828125
2019-02-13,48326.87690769235,245.3910675048828
2019-02-14,48326.433404964075,244.84677124023438
2019-02-15,48922.26606781888,247.51487731933594
2019-02-19,48950.70623631488,247.9432830810547
2019-02-20,49045.39352913104,248.443115234375
2019-02-21,48847.66046891422,247.5596160888672
2019-02-22,49190.66891837445,249.09446716308594
2019-02-25,49283.061040524866,249.43353271484375
2019-02-26,49286.14412239598,249.25511169433594
2019-02-27,49234.02824639551,249.14801025390625
2019-02-28,49190.61135553469,248.68392944335938
2019-03-01,49562.788552114485,250.23667907714844
2019-03-04,49307.987536746645,249.326416015625
2019-03-05,49358.62353734772,248.98739624023438
2019-03-06,49110.83593561798,247.47930908203125
2019-03-07,48654.988338906755,245.4089813232422
2019-03-08,48652.20181680889,244.9181671142578
2019-03-11,49401.402923026166,248.4698028564453
2019-03-12,49616.648926811074,249.40670776367188
2019-03-13,50029.427066532335,251.05764770507812
2019-03-14,50038.52183480534,250.8970184326172
2019-03-15,50526.18791179343,252.13653564453125
2019-03-18,50766.32980967611,253.0507354736328
2019-03-19,51008.37691738294,253.1134490966797
2019-03-20,50855.88831446104,252.35166931152344
2019-03-21,51573.77426314655,255.20191955566406
2019-03-22,50545.04619520519,250.29014587402344
2019-03-25,50483.51206147403,250.10194396972656
2019-03-26,50879.03983044006,251.9663543701172
2019-03-27,50613.004738806274,250.64877319335938
2019-03-28,50842.95507552576,251.59877014160156
2019-03-29,51202.44543009503,253.18521118164062
2019-04-01,51706.06593604423,256.1878662109375
2019-04-02,51690.467934940534,256.3133239746094
2019-04-03,51894.84532352283,256.71661376953125
2019-04-04,51934.66283502549,257.3978576660156
2019-04-05,52214.06566888591,258.64373779296875
2019-04-08,52334.23376644548,258.8408508300781
2019-04-09,52038.52013557242,257.5142517089844
2019-04-10,52195.13680885824,258.3927001953125
2019-04-11,52101.67815057223,258.32098388671875
2019-04-12,52346.33099262155,260.06884765625
2019-04-15,52409.922090680695,259.89849853515625
2019-04-16,52812.73927873028,260.06884765625
2019-04-17,52946.49012190259,259.43243408203125
2019-04-18,52997.56730003872,259.9432373046875
2019-04-22,53092.03414477657,260.1673583984375
2019-04-23,53696.46687954972,262.5066833496094
2019-04-24,53743.411831921934,261.9241027832031
2019-04-25,53674.05932506449,261.7626953125
2019-04-26,53839.30416959443,262.98175048828125
2019-04-29,53891.56373412895,263.39398193359375
2019-04-30,53947.39975140997,263.52850341796875
2019-05-01,53476.444592378306,261.54766845703125
2019-05-02,53448.68301777704,260.9830017089844
2019-05-03,53839.03990611277,263.53753662109375
2019-05-06,53654.11508928101,262.45294189453125
2019-05-07,52691.835625234904,258.070068359375
2019-05-08,52605.08652218171,257.7115173339844
2019-05-09,52493.66963511247,256.9317626953125
2019-05-10,52771.66387693663,258.2224426269531
2019-05-13,51472.867703292075,251.73321533203125
2019-05-14,51946.49447447149,254.00982666015625
2019-05-15,52269.17944408607,255.4977264404297
2019-05-16,52609.0334343275,257.86395263671875
2019-05-17,52298.85264137359,256.19683837890625
2019-05-20,51789.420363971825,254.5027313232422
2019-05-21,52152.15452483862,256.79730224609375
2019-05-22,51632.14654757402,256.008544921875
2019-05-23,51010.976214068876,252.88047790527344
2019-05-24,50987.596321703306,253.4541473388672
2019-05-28,50516.78944782504,251.09695434570312
2019-05-29,50190.62049488259,249.41180419921875
2019-05-30,50388.842932486594,250.093017578125
2019-05-31,49796.76883216881,246.7229461669922
2019-06-03,49585.40851146359,246.09555053710938
2019-06-04,50746.41924552158,251.4374542236328
2019-06-05,51167.55805381231,253.6153564453125
2019-06-06,51585.3835393448,255.26466369628906
2019-06-07,52259.23888473314,257.819091796875
2019-06-10,52535.34053676899,259.002197265625
2019-06-11,52621.5313213854,258.9394226074219
2019-06-12,52510.44379162046,258.482421875
2019-06-13,52693.73941043112,259.5489807128906
2019-06-14,52435.58762043668,259.2621154785156
2019-06-17,52483.0678227654,259.36065673828125
2019-06-18,53154.05829294602,262.0765380859375
2019-06-19,53279.07947899074,262.66802978515625
2019-06-20,53948.64799202687,265.17767333984375
2019-06-21,53875.5741413235,264.792236328125
2019-06-24,53847.91974991033,264.4679870605469
2019-06-25,53340.13494982817,261.87408447265625
2019-06-26,53482.5734180084,261.6128845214844
2019-06-27,53667.156254131936,262.54052734375
2019-06-28,53804.551363541184,263.8915710449219
2019-07-01,54362.54422438389,266.287353515625
2019-07-02,54501.80441270055,266.9808044433594
2019-07-03,54864.131402165054,269.1152648925781
2019-07-05,54743.65041536515,268.8090515136719
2019-07-08,54566.046696288395,267.3320617675781
2019-07-09,54660.5079154883,267.66522216796875
2019-07-10,54849.01556716206,268.9441833496094
2019-07-11,55076.55428454802,269.57470703125
2019-07-12,55301.93976935318,270.7815246582031
2019-07-15,55391.684445793595,270.8716125488281
2019-07-16,55126.65634240312,269.99798583984375
2019-07-17,54907.57384369752,268.16070556640625
2019-07-18,55163.07625812676,269.14239501953125
2019-07-19,54775.71942137369,267.6473083496094
2019-07-22,54987.33493598147,268.3047790527344
2019-07-23,55209.51926860739,270.22320556640625
2019-07-24,55433.165943812295,271.4930419921875
2019-07-25,55172.04720423356,270.1961364746094
2019-07-26,55545.12103231272,272.00640869140625
2019-07-29,55642.37962196883,271.51104736328125
2019-07-30,55474.79611738695,270.84454345703125
2019-07-31,54735.205068114694,267.88153076171875
2019-08-01,54251.733270966026,265.5487365722656
2019-08-02,53871.55684763482,263.54925537109375
2019-08-05,52159.99733449585,255.6234588623047
2019-08-06,52894.16509757479,259.2080993652344
2019-08-07,53033.2911509223,259.36126708984375
2019-08-08,54000.42459584875,264.449951171875
2019-08-09,53746.453328826334,262.64862060546875
2019-08-12,53179.9094022132,259.4513854980469
2019-08-13,54133.08696064945,263.4862365722656
2019-08-14,52632.59866178929,255.695556640625
2019-08-15,52683.28599359238,256.37103271484375
2019-08-16,53439.61807774978,260.15386962890625
2019-08-19,54162.708406956495,263.2880859375
2019-08-20,53850.478357490916,261.2706298828125
2019-08-21,54526.0195003828,263.3961181640625
2019-08-22,54421.69486130428,263.31512451171875
2019-08-23,52896.80754019945,256.5513000488281
2019-08-26,53486.953592698635,259.3882751464844
2019-08-27,53542.47353536068,258.37054443359375
2019-08-28,53862.02092184366,260.1899108886719
2019-08-29,54671.25515074123,263.51324462890625
2019-08-30,54707.57136200039,263.3961181640625
2019-09-03,54200.180756021364,261.8560791015625
2019-09-04,54831.76924453903,264.8282775878906
2019-09-05,55741.79346483485,268.2326965332031
2019-09-06,55796.891742761276,268.4397888183594
2019-09-09,55610.57216026409,268.574951171875
2019-09-10,55430.906004902376,268.5118713378906
2019-09-11,55715.93236918382,270.42132568359375
2019-09-12,55826.315444503154,271.35797119140625
2019-09-13,55743.59094531338,271.1777648925781
2019-09-16,55347.46968029149,270.3401794433594
2019-09-17,55517.97212127488,271.0247802734375
2019-09-18,55616.599223221216,271.186767578125
2019-09-19,55589.23828019749,271.1687927246094
2019-09-20,55329.02864620615,269.8876037597656
2019-09-23,55418.62165781203,269.8243103027344
2019-09-24,54969.135793429676,267.7070007324219
2019-09-25,55322.20904168806,269.2903747558594
2019-09-26,55220.09154146657,268.7294921875
2019-09-27,54953.45878510056,267.2817687988281
2019-09-30,55290.02695760935,268.5213623046875
2019-10-01,54734.424056432166,265.32733154296875
2019-10-02,53769.28861991204,260.64031982421875
2019-10-03,54311.31839259665,262.7757873535156
2019-10-04,55121.49297491793,266.3316650390625
2019-10-07,54938.814924568345,265.1825866699219
2019-10-08,53983.82505594199,261.065673828125
2019-10-09,54521.831794171536,263.5448913574219
2019-10-10,54838.916745968294,265.32733154296875
2019-10-11,55446.29865515974,268.0780029296875
2019-10-14,55392.976864487355,267.7794189453125
2019-10-15,56140.31744134968,270.43048095703125
2019-10-16,56002.23100536122,269.9961242675781
2019-10-17,56246.65382590007,270.79241943359375
2019-10-18,55879.6070335253,269.60711669921875
2019-10-21,56295.62922361252,271.43487548828125
2019-10-22,56049.25654148657,270.5480651855469
2019-10-23,55868.064566206325,271.3353271484375
2019-10-24,55962.5722258194,271.77862548828125
2019-10-25,56319.10188692533,272.8916320800781
2019-10-28,56820.25245128568,274.4297180175781
2019-10-29,56509.91909813452,274.34832763671875
2019-10-30,56875.68873797563,275.1898498535156
2019-10-31,56743.87230826644,274.45697021484375
2019-11-01,57107.54970174288,276.99932861328125
2019-11-04,57360.20246299301,278.1123962402344
2019-11-05,57340.66725964507,277.8047180175781
2019-11-06,57494.871115732494,277.8680725097656
2019-11-07,57820.6634991846,278.8452453613281
2019-11-08,58088.00357625275,279.5329284667969
2019-11-11,57867.0881183447,278.99908447265625
2019-11-12,57973.416427324344,279.5871887207031
2019-11-13,58012.725702512435,279.6776428222656
2019-11-14,57896.54162065652,280.0848693847656
2019-11-15,58358.66282812642,282.11163330078125
2019-11-18,58437.76673223657,282.3197326660156
2019-11-19,58333.95808845783,282.2382507324219
2019-11-20,58163.372705426584,281.1886901855469
2019-11-21,58043.47017001526,280.736328125
2019-11-22,58186.311663306325,281.3606872558594
2019-11-25,58682.17881598556,283.54119873046875
2019-11-26,58787.294857553876,284.18359375
2019-11-27,59051.63873637575,285.4504089355469
2019-11-29,58818.91054831203,284.39178466796875
2019-12-02,58277.712162238546,281.97589111328125
2019-12-03,57878.44129923363,280.0848693847656
2019-12-04,58298.03036003571,281.8130187988281
2019-12-05,58474.563520538446,282.3197326660156
2019-12-06,58931.368179969904,284.8984069824219
2019-12-09,58856.81220365216,284.0026550292969
2019-12-10,58877.407015247685,283.6860046386719
2019-12-11,59136.963308555496,284.4913024902344
2019-12-12,59777.108102892125,286.9432067871094
2019-12-13,59689.245078128464,287.1152038574219
2019-12-16,60153.039170768156,289.08770751953125
2019-12-17,60249.252008448864,289.1511535644531
2019-12-18,60238.33536024039,289.1692199707031
2019-12-19,60606.14140417491,290.3544921875
2019-12-20,60743.26777958751,291.6275329589844
2019-12-23,60757.130630712,292.0729675292969
2019-12-24,60755.709674228056,292.0820617675781
2019-12-26,61017.89346393491,293.6369323730469
2019-12-27,61028.747091903795,293.5641174316406
2019-12-30,60659.0717330757,291.9457092285156
2019-12-31,60827.35168648854,292.6548156738281
2020-01-02,61411.91291741814,295.3917236328125
2020-01-03,60849.050043386684,293.1550598144531
2020-01-06,61033.79814327544,294.27337646484375
2020-01-07,60978.766835994866,293.4459533691406
2020-01-08,61285.147408491284,295.0098571777344
2020-01-09,61724.378637363654,297.01025390625
2020-01-10,61553.08577678387,296.1556091308594
2020-01-13,61916.95912244826,298.1922302246094
2020-01-14,61923.17856352082,297.7376403808594
2020-01-15,62110.916365364734,298.4106140136719
2020-01-16,62665.36836863106,300.8928527832031
2020-01-17,63045.057186180384,301.829345703125
2020-01-21,62958.275911349985,301.2383117675781
2020-01-22,63109.607784863525,301.2746887207031
2020-01-23,63125.94126247351,301.62030029296875
2020-01-24,62434.600490143355,298.93792724609375
2020-01-27,61436.170640536846,294.1461181640625
2020-01-28,62128.994846655245,297.2284851074219
2020-01-29,62128.599724839136,296.9830627441406
2020-01-30,62248.9512627882,297.94683837890625
2020-01-31,60947.91231528607,292.53668212890625
2020-02-03,61471.97974592864,294.7097473144531
2020-02-04,62432.84308854843,299.2015686035156
2020-02-05,63326.81916033914,302.6568298339844
2020-02-06,63487.737077757636,303.6751708984375
2020-02-07,63049.14316752676,302.0566711425781
2020-02-10,63574.14269745418,304.3116149902344
2020-02-11,63825.3601324723,304.8390197753906
2020-02-12,64356.53376370628,306.802978515625
2020-02-13,64137.897688495876,306.4757385253906
2020-02-14,64377.38877156975,306.9666748046875
2020-02-18,64206.34987634996,306.1756286621094
2020-02-19,64697.66543716638,307.6395568847656
2020-02-20,64475.65033181464,306.37567138671875
2020-02-21,63698.78873991533,303.2205505371094
2020-02-24,61362.60388434142,293.1641540527344
2020-02-25,59500.98290113473,284.28057861328125
2020-02-26,59388.26342028083,283.2348327636719
2020-02-27,56828.118415581215,270.5144348144531
2020-02-28,56522.58405934701,269.37774658203125
2020-03-02,59231.50195280228,281.0436706542969
2020-03-03,57653.40597743091,272.9966125488281
2020-03-04,60325.25454897157,284.4715576171875
2020-03-05,58518.81657254132,275.01519775390625
2020-03-06,57822.65278767452,270.4689025878906
2020-03-09,54305.57354799659,249.34678649902344
2020-03-10,57266.37617471514,262.24920654296875
2020-03-11,54605.21783542451,249.46502685546875
2020-03-12,49910.42582676225,225.5968780517578
2020-03-13,54589.84988556867,244.88235473632812
2020-03-16,48259.37048665255,218.08633422851562
2020-03-17,51300.6364738853,229.86134338378906
2020-03-18,49257.13292022743,218.2227325439453
2020-03-19,49437.37204725132,218.68643188476562
2020-03-20,47305.286877511906,209.26234436035156
2020-03-23,46035.927615973305,203.91184997558594
2020-03-24,50298.45575410396,222.38697814941406
2020-03-25,50477.99302011217,225.7161102294922
2020-03-26,53541.015812027465,238.89569091796875
2020-03-27,51939.9259764302,231.7799835205078
2020-03-30,53769.21357330953,239.3072509765625
2020-03-31,52840.43135360918,235.74026489257812
2020-04-01,51057.74607151637,225.13079833984375
2020-04-02,52788.6421446967,230.32579040527344
2020-04-03,51951.94301288745,226.99659729003906
2020-04-06,55408.92887395169,242.2431182861328
2020-04-07,54988.721661304575,242.4900665283203
2020-04-08,56555.61513405683,250.63011169433594
2020-04-09,56817.7978735513,254.4440460205078
2020-04-13,56675.81628815494,252.12091064453125
2020-04-14,58523.108511160965,259.5566711425781
2020-04-15,57504.76730990189,254.0415802001953
2020-04-16,58199.14464365776,255.26718139648438
2020-04-17,59421.420231955555,262.1632995605469
2020-04-20,58463.84612381076,257.5444641113281
2020-04-21,56818.064548136004,249.72462463378906
2020-04-22,58339.07766497568,255.26718139648438
2020-04-23,58180.19187242677,255.2488555908203
2020-04-24,59071.20643855641,258.80670166015625
2020-04-27,59831.404158370606,262.5382385253906
2020-04-28,59217.24248507535,261.33099365234375
2020-04-29,60526.65675222708,268.1722106933594
2020-04-30,60103.657628895606,265.6754150390625
2020-05-01,58682.26550263445,258.64202880859375
2020-05-04,59001.77070630414,259.35546875
2020-05-05,59752.375031823,261.7516784667969
2020-05-06,59522.6608114355,259.9774169921875
2020-05-07,60047.88668642372,263.1144714355469
2020-05-08,60869.26652640301,267.4680480957031
2020-05-11,61156.69784521734,267.52288818359375
2020-05-12,59807.34363572356,262.1907043457031
2020-05-13,59188.027956315185,257.5535888671875
2020-05-14,60057.09535117774,260.63592529296875
2020-05-15,60337.34529205081,261.8340148925781
2020-05-18,61725.86507615081,269.80938720703125
2020-05-19,60999.63396553212,267.03814697265625
2020-05-20,61878.81852857966,271.5745849609375
2020-05-21,61414.789223127234,269.6996765136719
2020-05-22,61637.65067335547,270.2118225097656
2020-05-26,61963.61220199582,273.541015625
2020-05-27,62661.804854318405,277.6110534667969
2020-05-28,62635.321091343874,277.0988464355469
2020-05-29,63306.14095661543,278.33355712890625
2020-06-01,63213.44958812176,279.45849609375
2020-06-02,63851.77547461162,281.7724609375
2020-06-03,64392.19122060859,285.5223388671875
2020-06-04,63949.76874853495,284.77239990234375
2020-06-05,65315.63702494271,292.0708923339844
2020-06-08,65729.0727381316,295.6014099121094
2020-06-09,65492.055158576084,293.397216796875
2020-06-10,65632.36158703797,291.75994873046875
2020-06-11,62145.69190057307,274.94036865234375
2020-06-12,62738.92299180064,278.23291015625
2020-06-15,63172.6363806212,280.8304443359375
2020-06-16,64565.59114617039,286.23577880859375
2020-06-17,64514.25390256791,285.04681396484375
2020-06-18,64571.386456545195,285.15655517578125
2020-06-19,64243.58684646904,283.5268859863281
2020-06-22,64817.57727752977,285.3457336425781
2020-06-23,65155.830413553456,286.6594543457031
2020-06-24,63792.83252419264,279.3471374511719
2020-06-25,64513.66788304748,282.34185791015625
2020-06-26,63172.56173920136,275.63580322265625
2020-06-29,63864.69774489977,279.68701171875
2020-06-30,64906.89803563461,283.2696838378906
2020-07-01,65085.31976385334,285.2538757324219
2020-07-02,65496.86665050069,286.8247985839844
2020-07-06,66518.86289136822,291.2525634765625
2020-07-07,66010.47783997271,288.2486572265625
2020-07-08,66577.14380101569,290.4533386230469
2020-07-09,66545.63494922796,288.79986572265625
2020-07-10,66816.98504391799,291.7486267089844
2020-07-13,66312.23766158226,289.2223815917969
2020-07-14,67434.42183324887,292.970458984375
2020-07-15,67677.47161568476,295.6620178222656
2020-07-16,67420.66131841195,294.6883239746094
2020-07-17,67710.72693347532,295.5426025390625
2020-07-20,68310.3132885185,297.9310607910156
2020-07-21,68368.42794774676,298.56494140625
2020-07-22,68701.42053035591,300.264404296875
2020-07-23,67863.9522097592,296.681640625
2020-07-24,67450.68261488942,294.7709655761719
2020-07-27,68090.9513789567,296.92059326171875
2020-07-28,67628.92939448013,295.0374450683594
2020-07-29,68158.36522786942,298.66595458984375
2020-07-30,68137.48609577488,297.6003723144531
2020-07-31,68203.51250619638,299.9520568847656
2020-08-03,68855.29638097568,302.03729248046875
2020-08-04,69222.97789221306,303.2039794921875
2020-08-05,69762.38111722193,305.0871887207031
2020-08-06,70068.61578755107,307.1265563964844
2020-08-07,69936.6167746964,307.3470153808594
2020-08-10,70094.20653764348,308.26568603515625
2020-08-11,69736.45478525975,305.7210388183594
2020-08-12,70949.27353404376,309.9835205078125
2020-08-13,70551.25796881557,309.42315673828125
2020-08-14,70527.44466181859,309.43231201171875
2020-08-17,71010.83253348518,310.4152526855469
2020-08-18,71147.66236626523,311.08587646484375
2020-08-19,70993.16657626814,309.79058837890625
2020-08-20,71100.78073479218,310.75518798828125
2020-08-21,71694.17110326671,311.85760498046875
2020-08-24,72202.86027264685,315.01763916015625
2020-08-25,72571.59180796052,316.1199951171875
2020-08-26,73052.23589725347,319.289306640625
2020-08-27,73303.79114443666,319.9874267578125
2020-08-28,73974.5215134607,322.0543518066406
2020-08-31,73750.99609260082,320.8877258300781
2020-09-01,74501.15202382008,323.9099426269531
2020-09-02,75754.47409572023,328.59503173828125
2020-09-03,72831.11254062408,317.2867431640625
2020-09-04,72128.04969205834,314.69610595703125
2020-09-08,70365.27102954053,306.09765625
2020-09-09,72042.25151558516,312.14227294921875
2020-09-10,70916.44788193169,306.7223815917969
2020-09-11,71138.68490691343,306.8785095214844
2020-09-14,72080.71995530918,310.9205017089844
2020-09-15,72540.28598177405,312.49139404296875
2020-09-16,72154.92665022664,311.2513122558594
2020-09-17,71744.78387838951,308.5137939453125
2020-09-18,71027.68894983864,304.9618835449219
2020-09-21,70478.03000478158,301.5678405761719
2020-09-22,71146.14267925845,304.6390686035156
2020-09-23,69849.77831580787,297.5742492675781
2020-09-24,69972.43949188515,298.3673095703125
2020-09-25,70907.4425695354,303.1910705566406
2020-09-28,71913.00281507258,308.22686767578125
2020-09-29,71793.34118954805,306.5482177734375
2020-09-30,72562.75448635437,308.8725280761719
2020-10-01,72921.38940783218,310.8554382324219
2020-10-02,72069.44280575537,307.904052734375
2020-10-05,73432.2241599006,313.3641357421875
2020-10-06,72654.95075787762,308.90936279296875
2020-10-07,73920.03294925594,314.28643798828125
2020-10-08,74252.16064785994,317.0718078613281
2020-10-09,74994.37057829913,319.90325927734375
2020-10-12,75907.12057829551,325.0498046875
2020-10-13,75665.53625877188,322.928466796875
2020-10-14,75254.45279966065,320.8994140625
2020-10-15,75154.60453971091,320.5028381347656
2020-10-16,75317.90028646076,320.3091125488281
2020-10-19,74014.24491044892,315.43927001953125
2020-10-20,74413.27586772517,316.7029113769531
2020-10-21,74097.93528052025,316.1033630371094
2020-10-22,74422.11304524272,317.83734130859375
2020-10-23,74562.07712666513,318.91644287109375
2020-10-26,73224.67837499657,313.02288818359375
2020-10-27,72925.30526282589,311.94378662109375
2020-10-28,70472.34509779082,301.2818908691406
2020-10-29,71133.386823119,304.3439636230469
2020-10-30,70469.52761277257,301.1712341308594
2020-11-02,71336.47520301092,304.5467529296875
2020-11-03,72510.14514988477,309.9239501953125
2020-11-04,74486.55959578116,316.8505554199219
2020-11-05,75971.71062464594,323.0298767089844
2020-11-06,76011.16278966746,322.9561462402344
2020-11-09,75916.34820035358,327.0143737792969
2020-11-10,75753.80608309245,326.5346984863281
2020-11-11,76665.94389034732,328.9604187011719
2020-11-12,76060.91793283359,325.76922607421875
2020-11-13,76903.90708718255,330.27935791015625
2020-11-16,77791.130237376,334.4019775390625
2020-11-17,77230.32122245202,332.60345458984375
2020-11-18,76128.74591195575,328.60076904296875
2020-11-19,76467.43771358534,329.984130859375
2020-11-20,75986.43205509234,327.72442626953125
2020-11-23,76414.09650233202,329.6889953613281
2020-11-24,77304.00724531282,335.00152587890625
2020-11-25,77248.63527928665,334.485107421875
2020-11-27,77572.52669814734,335.4165954589844
2020-11-30,77430.93747392064,333.9316101074219
2020-12-01,78196.1756113943,337.5839538574219
2020-12-02,78349.76960842202,338.2942199707031
2020-12-03,78084.78575533509,338.2019348144531
2020-12-04,78785.90665687993,341.1163635253906
2020-12-07,78654.09809588437,340.41558837890625
2020-12-08,78856.99914516298,341.41162109375
2020-12-09,78432.22930991217,338.3495178222656
2020-12-10,78301.60184941858,338.2388610839844
2020-12-11,78020.73341334739,337.8422546386719
2020-12-14,77860.92889454168,336.3296203613281
2020-12-15,78806.0886035407,340.87664794921875
2020-12-16,78852.82989780145,341.41162109375
2020-12-17,79321.1827389372,343.3207702636719
2020-12-18,79130.4647655692,341.9499816894531
2020-12-21,79047.30783735089,340.727294921875
2020-12-22,78726.10324115124,340.1530456542969
2020-12-23,78604.67029208367,340.4585876464844
2020-12-24,78922.93215482171,341.783203125
2020-12-28,79479.03761851965,344.7193908691406
2020-12-29,79382.17731998912,344.061767578125
2020-12-30,79566.39594267125,344.55267333984375
2020-12-31,80014.60589209003,346.3032531738281
2021-01-04,79215.5595326989,341.5886535644531
2021-01-05,79595.56774676788,343.94140625
2021-01-06,79766.15419615043,345.9975280761719
2021-01-07,80895.89698611134,351.1383361816406
2021-01-08,81402.03857938267,353.138916015625
2021-01-11,81506.75938646522,350.7585144042969
2021-01-12,81228.64432357979,350.8325500488281
2021-01-13,81524.66490429241,351.7773742675781
2021-01-14,80911.3803697374,350.5455322265625
2021-01-15,80580.55947725446,347.989013671875
2021-01-19,81237.7514858621,350.721435546875
2021-01-20,82284.60199350509,355.574951171875
2021-01-21,82426.29058692008,355.8991394042969
2021-01-22,82204.54593269574,354.6394348144531
2021-01-25,82566.14708087666,356.03814697265625
2021-01-26,82537.07839873762,355.4822998046875
2021-01-27,80416.39967919876,346.79425048828125
2021-01-28,81393.56078674359,349.7767333984375
2021-01-29,80181.5651728751,342.77435302734375
2021-02-01,81058.73467875246,348.4798889160156
2021-02-02,81913.42075635659,353.40753173828125
2021-02-03,81768.54707356296,353.6854248046875
2021-02-04,82268.42049179907,357.705322265625
2021-02-05,82563.71389882144,359.1131591796875
2021-02-08,83173.33840067296,361.7067565917969
2021-02-09,82934.1500229991,361.4659118652344
2021-02-10,82947.83530472897,361.3083190917969
2021-02-11,83252.67187264161,361.8918762207031
2021-02-12,83563.68348344596,363.6795349121094
2021-02-16,83455.72378143194,363.36468505859375
2021-02-17,83490.93976130491,363.447998046875
2021-02-18,83072.87250467415,361.901123046875
2021-02-19,82610.84912382219,361.2621154785156
2021-02-22,81905.4129407238,358.4833984375
2021-02-23,81716.60081334834,358.9186706542969
2021-02-24,82432.09222653952,362.87371826171875
2021-02-25,80752.91255545654,354.1299743652344
2021-02-26,80523.92375789768,352.3052978515625
2021-03-01,82044.33327099158,360.84521484375
2021-03-02,81558.6480593401,358.029541015625
2021-03-03,80337.18924974532,353.287109375
2021-03-04,79094.62792144364,348.91534423828125
2021-03-05,80785.12466067495,355.3341369628906
2021-03-08,80362.0076807838,353.5650634765625
2021-03-09,81649.7030000615,358.6130676269531
2021-03-10,82037.15568877944,360.84521484375
2021-03-11,82804.15661278002,364.5039367675781
2021-03-12,82711.13340708718,364.9947814941406
2021-03-15,83101.80092599905,367.1714782714844
2021-03-16,83292.79879419025,366.7083740234375
2021-03-17,83297.7528458902,367.9588623046875
2021-03-18,82336.74861491437,362.6051025390625
2021-03-19,82366.67031459471,361.93426513671875
2021-03-22,83073.89448689684,364.82421875
2021-03-23,82775.80924856034,361.9527282714844
2021-03-24,82410.76861955889,360.11279296875
2021-03-25,82752.76734013869,362.1385803222656
2021-03-26,84617.5300427673,367.97454833984375
2021-03-29,84661.24958234582,367.7886047363281
2021-03-30,83932.12650018533,366.8128356933594
2021-03-31,84235.74334745595,368.2997741699219
2021-04-01,85042.79821182872,372.2770080566406
2021-04-05,86402.52479885625,377.620361328125
2021-04-06,86175.72702124095,377.3973083496094
2021-04-07,86416.19608001957,377.8340759277344
2021-04-08,86775.84884382415,379.6275939941406
2021-04-09,87529.54860154974,382.3875427246094
2021-04-12,87511.52822122998,382.52691650390625
2021-04-13,87650.75706435984,383.66064453125
2021-04-14,87223.63502683926,382.350341796875
2021-04-15,88575.9308220028,386.4577941894531
2021-04-16,88900.52714247856,387.74945068359375
2021-04-19,88277.02291648858,385.84442138671875
2021-04-20,87706.05052173419,383.0194091796875
2021-04-21,88232.64021046205,386.6437072753906
2021-04-22,87287.55642492502,383.1123962402344
2021-04-23,88053.78673424834,387.26629638671875
2021-04-26,88014.125732318,388.0746154785156
2021-04-27,87913.1193782877,387.9910583496094
2021-04-28,87438.49243154342,387.8795471191406
2021-04-29,88140.99811074571,390.3514404296875
2021-04-30,87461.93908327381,387.78668212890625
2021-05-03,87821.87060182083,388.62298583984375
2021-05-04,87463.1469729812,386.2253723144531
2021-05-05,87730.84690740332,386.3461608886719
2021-05-06,88694.25075755289,389.43145751953125
2021-05-07,89298.05001782016,392.26580810546875
2021-05-10,88387.9077000481,388.38140869140625
2021-05-11,87695.12959409467,384.9151916503906
2021-05-12,85748.45852676919,376.7375793457031
2021-05-13,86837.86884040487,381.26312255859375
2021-05-14,87934.81167095758,387.1175537109375
2021-05-17,87669.31151924592,386.13250732421875
2021-05-18,87135.23250351028,382.8057556152344
2021-05-19,86952.69872471735,381.8020935058594
2021-05-20,87872.46772591727,385.9094543457031
2021-05-21,87802.86189936704,385.593505859375
2021-05-24,88568.26777717551,389.52447509765625
2021-05-25,88511.70075609875,388.66015625
2021-05-26,88454.86616961822,389.43145751953125
2021-05-27,88408.83870269118,389.6358642578125
2021-05-28,88595.97660225163,390.33282470703125
2021-06-01,87942.47265469245,389.9889831542969
2021-06-02,88393.55306059623,390.6023254394531
2021-06-03,88241.51006837722,389.15264892578125
2021-06-04,89001.41463309675,392.7117919921875
2021-06-07,89067.26017824022,392.3308410644531
2021-06-08,89022.08480792514,392.4144287109375
2021-06-09,88969.26913475664,391.8290100097656
2021-06-10,89510.76656106666,393.6503601074219
2021-06-11,89558.266062395,394.30084228515625
2021-06-14,89770.1886645905,395.1837158203125
2021-06-15,89367.79362532799,394.4588928222656
2021-06-16,88675.25944211335,392.25640869140625
2021-06-17,89166.65135997462,392.1263122558594
2021-06-18,88003.47036552608,386.8363952636719
2021-06-21,89088.91719676995,392.3743896484375
2021-06-22,89686.25804179233,394.47198486328125
2021-06-23,89474.02986596365,393.99664306640625
2021-06-24,90065.34835674908,396.32733154296875
2021-06-25,90674.36752017756,397.735107421875
2021-06-28,90973.5645728172,398.5369567871094
2021-06-29,91264.34481284748,398.7513732910156
2021-06-30,91335.6531638203,399.0870361328125
2021-07-01,91820.8095254216,401.29656982421875
2021-07-02,92752.75118378356,404.3638916015625
2021-07-06,92805.87777374999,403.62738037109375
2021-07-07,93187.14908722146,405.05389404296875
2021-07-08,92618.87467153782,401.75341796875
2021-07-09,93496.41816713296,406.0420227050781
2021-07-12,93700.99991953128,407.4964904785156
2021-07-13,93627.74039242236,406.1073303222656
2021-07-14,93857.6924517295,406.7133483886719
2021-07-15,93566.40968398338,405.3242492675781
2021-07-16,93055.54718410509,402.1449890136719
2021-07-19,91938.9708899486,396.2061462402344
2021-07-20,92939.96832146644,401.8839416503906
2021-07-21,93687.77838315532,405.1376953125
2021-07-22,93882.07893003753,405.9861145019531
2021-07-23,94903.95298476345,410.1629333496094
2021-07-26,94848.69775867622,411.1697998046875
2021-07-27,94410.8864321508,409.29583740234375
2021-07-28,94285.59959803981,409.1280517578125
2021-07-29,94968.39154828436,410.824951171875
2021-07-30,94660.505607999,408.8297424316406
2021-08-02,94444.36055268484,407.9720153808594
2021-08-03,95207.07805441611,411.291015625
2021-08-04,94857.25470450075,409.26788330078125
2021-08-05,95408.70805908307,411.8598327636719
2021-08-06,95254.12886026206,412.5403137207031
2021-08-09,95120.99435684958,412.2047424316406
2021-08-10,95247.95405182838,412.7174377441406
2021-08-11,95293.90293436742,413.7430419921875
2021-08-12,95441.09678345025,414.9830322265625
2021-08-13,95710.03457685056,415.7381591796875
2021-08-16,96346.29258446854,416.7170715332031
2021-08-17,95577.41584347024,413.98541259765625
2021-08-18,94625.79289211724,409.4543151855469
2021-08-19,95106.81014252892,410.0883483886719
2021-08-20,95909.84704947624,413.35150146484375
2021-08-23,96506.0910461251,416.98748779296875
2021-08-24,96301.5433493912,417.6493835449219
2021-08-25,96350.25035866187,418.52581787109375
2021-08-26,95946.74480386032,416.0552062988281
2021-08-27,96510.55110657818,419.775146484375
2021-08-30,96954.56785161712,421.6211242675781
2021-08-31,96589.34770722337,420.99652099609375
2021-09-01,96657.35357733125,421.2202453613281
2021-09-02,96899.80196174314,422.5161437988281
2021-09-03,97010.3002532647,422.41363525390625
2021-09-07,96518.93137429691,420.90325927734375
2021-09-08,96535.06113053733,420.39044189453125
2021-09-09,95944.88306027486,418.5910339355469
2021-09-10,95646.68634655104,415.2906799316406
2021-09-13,95751.08128144743,416.3534851074219
2021-09-14,95225.57198689577,414.1065979003906
2021-09-15,95700.22328949648,417.5654602050781
2021-09-16,95550.41936339172,416.90362548828125
2021-09-17,95119.93758573884,412.8424987792969
2021-09-20,93672.78134800671,405.9586181640625
2021-09-21,93751.86643789103,405.5751953125
2021-09-22,94606.65768766266,409.5315246582031
2021-09-23,95605.92912298845,414.5074157714844
2021-09-24,95647.98120980411,415.19012451171875
2021-09-27,95189.20374065232,414.0023193359375
2021-09-28,93398.74588544334,405.659423828125
2021-09-29,93699.88057865464,406.3421325683594
2021-09-30,92556.84475004855,401.3757019042969
2021-10-01,93323.51121521466,406.145751953125
2021-10-04,92012.32334457157,400.90802001953125
2021-10-05,93035.44565753333,405.0794982910156
2021-10-06,93356.16108921889,406.76300048828125
2021-10-07,94402.24213634916,410.2797546386719
2021-10-08,94464.05831540907,409.5315246582031
2021-10-11,93896.5562930108,406.56671142578125
2021-10-12,93400.1986003621,405.5658264160156
2021-10-13,93761.87919205465,407.02490234375
2021-10-14,95169.64233522236,413.8712463378906
2021-10-15,96030.48898878622,417.0232849121094
2021-10-18,96306.25949528995,418.2579040527344
2021-10-19,97152.67970259002,421.4847412109375
2021-10-20,97516.87164095977,423.1402282714844
2021-10-21,97948.8706779664,424.2438049316406
2021-10-22,98035.12784955019,423.8042297363281
2021-10-25,98408.55284575078,426.07696533203125
2021-10-26,98907.45442366722,426.46051025390625
2021-10-27,98312.30681288223,424.5711669921875
2021-10-28,98949.35058449805,428.6678771972656
2021-10-29,99424.92871068239,429.5376281738281
2021-11-01,99122.1784739936,430.276611328125
2021-11-02,99790.67312481799,432.0162048339844
2021-11-03,100579.45079604567,434.65374755859375
2021-11-04,101996.5695176809,436.7020263671875
2021-11-05,102189.09623618609,438.21728515625
2021-11-08,102286.75311927058,438.5914001464844
2021-11-09,102318.48370951081,437.14166259765625
2021-11-10,101577.4262842978,433.6248779296875
2021-11-11,101586.02644220128,433.7651672363281
2021-11-12,102251.53381562502,437.0386962890625
2021-11-15,102199.02256087851,437.1883850097656
2021-11-16,103094.67097168014,438.918701171875
2021-11-17,102709.93657804168,437.85247802734375
2021-11-18,103248.6111611945,439.3396911621094
2021-11-19,103158.1683624415,438.55401611328125
2021-11-22,102595.94668838907,437.3193359375
2021-11-23,102996.8021638158,437.89923095703125
2021-11-24,103433.4877675595,439.06842041015625
2021-11-26,101423.39822747526,429.2757263183594
2021-11-29,102848.54472264476,434.54156494140625
2021-11-30,101090.74421339083,426.0863952636719
2021-12-01,100394.98885479674,421.353759765625
2021-12-02,101408.84220839696,427.8073425292969
2021-12-03,101101.80784473046,424.0848388671875
2021-12-06,102120.10357696547,429.10736083984375
2021-12-07,104075.84772277925,437.9833984375
2021-12-08,103863.45330492176,439.1432189941406
2021-12-09,103621.0584543556,436.1783447265625
2021-12-10,105460.08131866755,440.28424072265625
2021-12-13,104553.74289806084,436.38409423828125
2021-12-14,103814.91311108545,433.38177490234375
2021-12-15,106283.0614697866,440.1533203125
2021-12-16,105217.99326640369,436.2718505859375
2021-12-17,103726.38374599107,431.6286315917969
2021-12-20,102810.8376777924,427.03900146484375
2021-12-21,104114.54963492401,434.62274169921875
2021-12-22,104949.19917207409,438.9683837890625
2021-12-23,105443.51049362378,441.69964599609375
2021-12-27,106865.63258760459,447.9507141113281
2021-12-28,106666.87119158666,447.58465576171875
2021-12-29,106972.99498053291,448.1573181152344
2021-12-30,106503.66931168703,446.91827392578125
2021-12-31,106381.65022798046,445.7918701171875
2022-01-03,106637.48277270007,448.3730773925781
2022-01-04,106387.14269379356,448.2228698730469
2022-01-05,104808.8059016639,439.61602783203125
2022-01-06,104647.83962591435,439.2029724121094
2022-01-07,103912.11314288818,437.4666748046875
2022-01-10,103616.14111435066,436.92236328125
2022-01-11,104229.14512247941,440.9018859863281
2022-01-12,104374.81385905681,442.0939025878906
2022-01-13,103032.80051637423,436.00238037109375
2022-01-14,102612.22618924169,436.1807556152344
2022-01-18,100838.25744686287,428.45623779296875
2022-01-19,99917.5552215882,424.00732421875
2022-01-20,98647.80305981661,419.3143615722656
2022-01-21,97500.80623414204,411.08294677734375
2022-01-24,97704.30077186743,412.8287353515625
2022-01-25,96726.77177560044,407.7884826660156
2022-01-26,96887.2897846997,406.7654113769531
2022-01-27,96604.0994804959,404.7568359375
2022-01-28,99160.68904055646,414.80914306640625
2022-01-31,100587.2091123733,422.2803039550781
2022-02-01,101210.53524489145,425.13360595703125
2022-02-02,102743.25212474259,429.26336669921875
2022-02-03,100565.52385307213,419.17364501953125
2022-02-04,100682.98632684596,421.1446228027344
2022-02-07,100254.16673339152,419.7929992675781
2022-02-08,101086.52824547076,423.24713134765625
2022-02-09,102267.28527990045,429.44171142578125
2022-02-10,100061.64694609365,421.7264709472656
2022-02-11,98239.11296351826,413.41058349609375
2022-02-14,97957.414457705,412.05902099609375
2022-02-15,99492.44228319231,418.70428466796875
2022-02-16,99495.08670350577,419.17364501953125
2022-02-17,97857.62009260905,410.2193603515625
2022-02-18,97323.92435739716,407.5632019042969
2022-02-22,96230.29192050755,403.1894226074219
2022-02-23,94876.03698522203,396.0373840332031
2022-02-24,95944.0483179714,401.9974365234375
2022-02-25,98012.15484288055,410.8670349121094
2022-02-28,97605.42514618434,409.81585693359375
2022-03-01,96308.46769892272,403.5742492675781
2022-03-02,97960.89808739249,410.99853515625
2022-03-03,97806.05530557733,408.952392578125
2022-03-04,97194.51295052434,405.62969970703125
2022-03-07,94847.89025494593,393.67218017578125
2022-03-08,94255.82191640408,390.6873779296875
2022-03-09,96394.87878683086,401.162109375
2022-03-10,96214.97643791106,399.3505859375
2022-03-11,95394.29268241746,394.2727966308594
2022-03-14,94912.43730433391,391.391357421875
2022-03-15,97041.44794626815,399.9981994628906
2022-03-16,98619.64948972127,408.86785888671875
2022-03-17,99703.03586745611,413.9831848144531
2022-03-18,100825.68417948566,418.5174865722656
2022-03-21,100518.7618956916,418.39508056640625
2022-03-22,101199.68410668848,423.2909240722656
2022-03-23,99765.72650400517,417.839599609375
2022-03-24,101159.8691796162,424.1382141113281
2022-03-25,101431.21215883229,426.2095642089844
2022-03-28,102149.73824671289,429.2412109375
2022-03-29,103313.21134313382,434.55126953125
2022-03-30,102708.2437926942,431.86798095703125
2022-03-31,101323.10216698679,425.2209167480469
2022-04-01,101595.76105029004,426.4260559082031
2022-04-04,102407.43119622197,430.0791015625
2022-04-05,101304.2524007332,424.6466369628906
2022-04-06,100566.07230379661,420.40045166015625
2022-04-07,101189.81338284933,422.5188293457031
2022-04-08,100809.05715579054,421.38909912109375
2022-04-11,99072.85789336266,414.1865234375
2022-04-12,98656.6523131692,412.65185546875
2022-04-13,99771.60790003242,417.3782653808594
2022-04-14,98748.24619404694,412.18109130859375
2022-04-18,98623.72706043693,412.3505859375
2022-04-19,100275.67200912257,419.00701904296875
2022-04-20,100768.80933649636,418.6963195800781
2022-04-21,99470.93174076293,412.4353942871094
2022-04-22,96769.98300757672,401.118408203125
2022-04-25,97480.30611503044,403.44403076171875
2022-04-26,94964.62843748726,391.75994873046875
2022-04-27,95123.29744650253,392.8614501953125
2022-04-28,97903.23846649085,402.784912109375
2022-04-29,94659.94342178704,387.8997497558594
2022-05-02,95284.63022029433,390.2345886230469
2022-05-03,95148.16386453008,392.0235290527344
2022-05-04,97778.42798137113,403.9617919921875
2022-05-05,94403.45155323445,389.6038513183594
2022-05-06,93906.75603780763,387.2782897949219
2022-05-09,91749.47797405977,374.8787536621094
2022-05-10,92004.19642361642,375.7449035644531
2022-05-11,90703.26344551645,369.77581787109375
2022-05-12,90808.16376659072,369.3898010253906
2022-05-13,92567.78815674827,378.2210998535156
2022-05-16,92361.60877338794,376.68634033203125
2022-05-17,93762.5846867258,384.43499755859375
2022-05-18,89978.16746247762,368.93780517578125
2022-05-19,88867.78405386886,366.67828369140625
2022-05-20,89360.9338075684,366.8382568359375
2022-05-23,90740.6509566889,373.701904296875
2022-05-24,90449.5638159313,370.8490905761719
2022-05-25,90997.33430002638,374.12554931640625
2022-05-26,92915.59240365557,381.6009826660156
2022-05-27,95057.39222593718,390.96905517578125
2022-05-31,94720.75442562484,388.77532958984375
2022-06-01,93852.15126764363,385.6307067871094
2022-06-02,95470.76179212925,392.9745178222656
2022-06-03,94128.06873859027,386.52508544921875
2022-06-06,94118.07660755815,387.70196533203125
2022-06-07,94795.59581697475,391.42095947265625
2022-06-08,93838.05166326984,387.1654357910156
2022-06-09,92157.85894994305,377.95751953125
2022-06-10,89709.23249218953,366.998291015625
2022-06-13,87119.3297250152,353.0641174316406
2022-06-14,87019.94890318997,352.000244140625
2022-06-15,87891.08026574754,357.01849365234375
2022-06-16,85520.52896035148,345.2025451660156
2022-06-17,85419.03298230139,345.94659423828125
2022-06-21,87400.02905983536,354.6553955078125
2022-06-22,87195.17865478995,354.012451171875
2022-06-23,88078.542578501,357.4826354980469
2022-06-24,90445.72567182849,368.848388671875
2022-06-27,90140.04451936642,367.4394836425781
2022-06-28,88296.65231928488,359.93170166015625
2022-06-29,88513.81659124263,359.6385498046875
2022-06-30,87989.50360386522,356.71673583984375
2022-07-01,88474.96589773065,360.48956298828125
2022-07-05,88983.76099637644,361.1703796386719
2022-07-06,89391.64805435836,362.39019775390625
2022-07-07,90683.58709166848,367.8177185058594
2022-07-08,90768.01813754816,367.5152587890625
2022-07-11,89899.16632639886,363.31689453125
2022-07-12,89119.83934378141,360.10186767578125
2022-07-13,88928.24465855288,358.21075439453125
2022-07-14,89243.57122430693,357.34088134765625
2022-07-15,90857.03559856581,364.1678161621094
2022-07-18,89979.56536506108,361.16094970703125
2022-07-19,92375.15243853052,370.9192199707031
2022-07-20,92905.19202185675,373.283203125
2022-07-21,93987.15906886099,377.0843811035156
2022-07-22,93227.21193677922,373.585693359375
2022-07-25,93247.61159643061,374.03955078125
2022-07-26,91949.86863149464,369.6143798828125
2022-07-27,94025.57705536694,379.2118835449219
2022-07-28,95166.17539208553,383.9681396484375
2022-07-29,96164.88907103345,389.5658874511719
2022-08-01,96105.48366342494,388.41229248046875
2022-08-02,95229.26738306125,385.8498229980469
2022-08-03,96679.35898072869,391.8919982910156
2022-08-04,96675.42265945996,391.62725830078125
2022-08-05,96636.16794546689,390.96527099609375
2022-08-08,96118.71284092654,390.51141357421875
2022-08-09,95313.21078592805,388.9607849121094
2022-08-10,97231.62886379681,397.1304016113281
2022-08-11,96980.96833066716,397.1304016113281
2022-08-12,98542.8785229484,403.85345458984375
2022-08-15,99080.56483332564,405.5177307128906
2022-08-16,99568.65317378087,406.31201171875
2022-08-17,98888.19327006018,403.42803955078125
2022-08-18,99444.47366078403,404.60052490234375
2022-08-19,98138.82428191873,399.1634216308594
2022-08-22,96109.82833658766,390.85186767578125
2022-08-23,95668.12343421257,389.90631103515625
2022-08-24,95781.32228495885,391.15447998046875
2022-08-25,97238.49512913721,396.6766357421875
2022-08-26,93688.43715778796,383.24945068359375
2022-08-29,93148.51536054818,380.7153625488281
2022-08-30,92346.37636221333,376.535888671875
2022-08-31,91516.66121436919,373.6708679199219
2022-09-01,91945.72402161204,374.8432922363281
2022-09-02,90978.35597160837,370.89080810546875
2022-09-06,90693.0627748104,369.49139404296875
2022-09-07,92164.11704914205,376.1292724609375
2022-09-08,92834.51213905914,378.5877685546875
2022-09-09,94042.88873917084,384.46923828125
2022-09-12,94690.12910615792,388.6014404296875
2022-09-13,90555.34185390611,371.7040710449219
2022-09-14,90685.11890208037,373.1224060058594
2022-09-15,89620.0163918122,368.8862609863281
2022-09-16,89422.89182541716,366.0720520019531
2022-09-19,89928.06791791147,368.9109191894531
2022-09-20,88861.02527569968,364.6763916015625
2022-09-21,87520.21435953942,358.31494140625
2022-09-22,87149.42912772171,355.30523681640625
2022-09-23,85985.40661175102,349.3521728515625
2022-09-26,85372.04529108998,345.8961181640625
2022-09-27,85057.89453810659,345.01318359375
2022-09-28,86536.8314436975,351.8017578125
2022-09-29,84885.74478908577,344.4529724121094
2022-09-30,83325.85751843647,339.12646484375
2022-10-03,85481.85586000954,348.079833984375
2022-10-04,87914.21036307843,358.86566162109375
2022-10-05,88226.84497620167,358.0301513671875
2022-10-06,87499.07610809353,354.3368225097656
2022-10-07,85210.49987289296,344.4529724121094
2022-10-10,84310.08561870092,341.8229675292969
2022-10-11,84123.64073142287,339.658203125
2022-10-12,83925.28771797307,338.537841796875
2022-10-13,85973.68957800251,347.4722595214844
2022-10-14,84386.23535513722,339.5538024902344
2022-10-17,86360.23631144104,348.27923583984375
2022-10-18,87111.40365935737,352.3714599609375
2022-10-19,86377.31021639195,349.8743591308594
2022-10-20,85980.52363316204,346.9404602050781
2022-10-21,88188.95323142187,355.3716735839844
2022-10-24,89441.88234606564,359.7201232910156
2022-10-25,90652.16497620453,365.46441650390625
2022-10-26,90389.51989582233,362.7110290527344
2022-10-27,90146.03096749473,360.7740478515625
2022-10-28,92420.08532127216,369.3572082519531
2022-10-31,91794.28555801026,366.68927001953125
2022-11-01,91481.29859180693,365.0846252441406
2022-11-02,89360.21811021485,355.9223937988281
2022-11-03,88391.90939056373,352.2575378417969
2022-11-04,89999.15577320283,357.32757568359375
2022-11-07,91120.08616447584,360.7456359863281
2022-11-08,91793.38803943989,362.6920166015625
2022-11-09,90145.00345073058,355.2198181152344
2022-11-10,94993.68760719165,374.7406005859375
2022-11-11,95643.34168216566,378.36749267578125
2022-11-14,94895.84043534429,375.14886474609375
2022-11-15,95866.44651321795,378.3485107421875
2022-11-16,95452.92855102071,375.46221923828125
2022-11-17,95480.18490050381,374.3133850097656
2022-11-18,95881.26732107552,376.0128479003906
2022-11-21,95466.75160617055,374.64569091796875
2022-11-22,96945.47442932664,379.687255859375
2022-11-23,97390.65920491355,382.0799255371094
2022-11-25,97397.8949292151,381.9944152832031
2022-11-28,96085.09594539535,375.8989562988281
2022-11-29,95739.91769786805,375.2532653808594
2022-11-30,98653.30006304839,387.073974609375
2022-12-01,98581.11612918756,386.7891540527344
2022-12-02,98311.29898754334,386.3428955078125
2022-12-05,96797.93491834716,379.3929138183594
2022-12-06,95516.84237017113,373.9240417480469
2022-12-07,95575.78531948538,373.2879333496094
2022-12-08,96599.29416529855,376.21221923828125
2022-12-09,95742.14699691047,373.40191650390625
2022-12-12,97276.88796132487,378.7852783203125
2022-12-13,97891.8372906988,381.65264892578125
2022-12-14,97555.15864966734,379.2125244140625
2022-12-15,95218.97882460787,369.9363098144531
2022-12-16,94336.5231941227,365.56878662109375
2022-12-19,93578.70644620515,362.46893310546875
2022-12-20,93609.70367726157,362.9649353027344
2022-12-21,95270.17947123252,368.3920593261719
2022-12-22,94014.12867759347,363.13665771484375
2022-12-23,94424.32587433701,365.22552490234375
2022-12-27,94137.26968506588,363.7851867675781
2022-12-28,93174.86018662731,359.26409912109375
2022-12-29,94586.34424379707,365.73101806640625
2022-12-30,94358.11528954476,364.76763916015625
2023-01-03,94187.66408720275,363.2319641113281
2023-01-04,94797.82925545424,366.03619384765625
2023-01-05,93726.43804976936,361.8585510253906
2023-01-06,96074.81036773178,370.1566467285156
2023-01-09,96088.3661572402,369.94683837890625
2023-01-10,96841.41457199887,372.54119873046875
2023-01-11,98022.17972258301,377.2530212402344
2023-01-12,98240.98725320972,378.6265869140625
2023-01-13,98736.39240384802,380.0953369140625
2023-01-17,98481.65611710548,379.399169921875
2023-01-18,97038.7493185112,373.4091796875
2023-01-19,95971.6701332829,370.6907958984375
2023-01-20,97617.44698352642,377.5964050292969
2023-01-23,98922.55414850135,382.1270751953125
2023-01-24,98899.72595841334,381.7169494628906
2023-01-25,98771.28272547064,381.8600158691406
2023-01-26,99491.33884307067,386.0567932128906
2023-01-27,99586.96152004022,386.9438171386719
2023-01-30,98252.43797681059,382.0888977050781
2023-01-31,99436.73731717787,387.70684814453125
2023-02-01,100654.73000724129,391.8273620605469
2023-02-02,101603.8482667103,397.53118896484375
2023-02-03,100550.56813912326,393.3057861328125
2023-02-06,99931.36598823425,390.9021911621094
2023-02-07,100963.29998447016,396.0146179199219
2023-02-08,99439.05344934267,391.68426513671875
2023-02-09,98558.79303101303,388.2887268066406
2023-02-10,98584.37234544875,389.1948547363281
2023-02-13,99888.47466948505,393.76361083984375
2023-02-14,99963.91781684903,393.5824279785156
2023-02-15,100097.76609102593,394.8604431152344
2023-02-16,98848.56518458719,389.4237365722656
2023-02-17,98699.9502809396,388.45086669921875
2023-02-21,96638.81567716213,380.6581726074219
2023-02-22,96355.6418985962,380.133544921875
2023-02-23,97302.29790798374,382.1556701660156
2023-02-24,96212.39234873539,378.0733337402344
2023-02-27,96402.43966028927,379.3609924316406
2023-02-28,96260.80917368547,377.9588623046875
2023-03-01,95607.23537246112,376.509033203125
2023-03-02,96368.66673425477,379.4373474121094
2023-03-03,97817.38741853135,385.5226745605469
2023-03-06,97940.5957663216,385.7897033691406
2023-03-07,96534.46781273931,379.8760986328125
2023-03-08,96963.65754250133,380.49603271484375
2023-03-09,95487.1192460461,373.4759521484375
2023-03-10,94587.91758520395,368.0868835449219
2023-03-13,94935.68662415752,367.56231689453125
2023-03-14,96328.01851403559,373.63812255859375
2023-03-15,96079.80770096729,371.3012390136719
2023-03-16,97675.56611892488,377.8157958984375
2023-03-17,97245.03306992652,373.3981018066406
2023-03-20,98033.24041473374,376.988525390625
2023-03-21,98926.03401275032,381.9386291503906
2023-03-22,97731.14358701263,375.42791748046875
2023-03-23,98410.12321050058,376.44287109375
2023-03-24,98671.78017347977,378.9131164550781
2023-03-27,98540.28131221882,379.62158203125
2023-03-28,98168.89609047046,378.76947021484375
2023-03-29,99266.68220038117,384.2748107910156
2023-03-30,99899.52060327074,386.5247802734375
2023-03-31,101298.25269371975,391.9728088378906
2023-04-03,101859.78579759623,393.4664001464844
2023-04-04,101665.35867935533,391.2833557128906
2023-04-05,101728.44486794934,390.2589111328125
2023-04-06,101930.9178075208,391.78131103515625
2023-04-10,101967.97608828041,392.18341064453125
2023-04-11,101920.53368447469,392.28875732421875
2023-04-12,101418.91061005276,390.6897888183594
2023-04-13,102854.57474882306,395.879150390625
2023-04-14,103031.3593169398,394.9121398925781
2023-04-17,103133.75856363901,396.32916259765625
2023-04-18,103152.86827771131,396.5877380371094
2023-04-19,103193.94574749959,396.52069091796875
2023-04-20,102914.98342699444,394.3568420410156
2023-04-21,103256.87659040849,394.66326904296875
2023-04-24,103377.01880228413,395.0749206542969
2023-04-25,101918.73204551374,388.8036193847656
2023-04-26,101098.2537349055,387.1567687988281
2023-04-27,102676.72166850907,394.8642272949219
2023-04-28,103423.17944075857,398.23455810546875
2023-05-01,103549.60794521104,397.8324279785156
2023-05-02,102619.08018009391,393.36114501953125
2023-05-03,102217.85546586485,390.6611022949219
2023-05-04,101508.23081133059,387.8940124511719
2023-05-05,103165.34898266896,395.0749206542969
2023-05-08,103136.31787774355,395.18023681640625
2023-05-09,102647.04308674211,393.4472351074219
2023-05-10,103038.79497307223,395.2855529785156
2023-05-11,102941.54064756486,394.59619140625
2023-05-12,102908.19647370336,394.0791931152344
2023-05-15,103069.02864434964,395.4387512207031
2023-05-16,102494.23967016401,392.79620361328125
2023-05-17,103676.16514176739,397.5643005371094
2023-05-18,104786.6282644406,401.3941345214844
2023-05-19,104522.81562425628,400.8100891113281
2023-05-22,103864.62340668039,400.9728088378906
2023-05-23,102956.05415239265,396.4728088378906
2023-05-24,102266.74990519708,393.6004333496094
2023-05-25,103711.48298360672,397.0089416503906
2023-05-26,105479.80863614439,402.1505432128906
2023-05-30,105556.29064996811,402.3036804199219
2023-05-31,104774.55733362923,400.07281494140625
2023-06-01,105792.32025497156,403.87396240234375
2023-06-02,107057.39936271866,409.7143859863281
2023-06-05,106697.00446188932,408.9292907714844
2023-06-06,106675.62903577063,409.8197326660156
2023-06-07,106015.93623469387,408.4028015136719
2023-06-08,106673.98587071641,410.8729248046875
2023-06-09,106860.38024313078,411.6101989746094
2023-06-12,108156.0623199292,415.3442687988281
2023-06-13,108748.62742145896,418.0826110839844
2023-06-14,109450.0602286008,418.58050537109375
2023-06-15,110783.80181467158,423.7698669433594
2023-06-16,110278.86672503388,422.326416015625
2023-06-20,109658.37986202308,420.1353454589844
2023-06-21,109172.53925969356,417.9826965332031
2023-06-22,109707.1108192152,419.491455078125
2023-06-23,108898.59139237918,416.3200988769531
2023-06-26,108520.23051898183,414.619140625
2023-06-27,109702.8679812737,419.1647644042969
2023-06-28,109348.09304265947,419.3761291503906
2023-06-29,109969.94989616038,421.029052734375
2023-06-30,111223.61523504951,425.9974670410156
2023-07-03,111026.02920220039,426.4875793457031
2023-07-05,110730.01825647644,425.8533020019531
2023-07-06,109747.02468402551,422.5185852050781
2023-07-07,109066.71685198549,421.4518737792969
2023-07-10,109827.62650095091,422.5185852050781
2023-07-11,110283.05300312546,425.20953369140625
2023-07-12,111061.92527200183,428.63067626953125
2023-07-13,111837.27239223282,432.0326232910156
2023-07-14,112124.24121136047,431.7635498046875
2023-07-17,112511.72436015133,433.2626953125
2023-07-18,112972.14025324571,436.4821472167969
2023-07-19,113297.97327929482,437.4527587890625
2023-07-20,113153.49667810976,434.5505065917969
2023-07-21,113873.6937603624,434.5505065917969
2023-07-24,114491.2384414261,436.4917297363281
2023-07-25,114690.90463261883,437.6834716796875
2023-07-26,114345.85667519944,437.7507019042969
2023-07-27,113699.54555188314,434.84844970703125
2023-07-28,114477.49575432097,439.105712890625
2023-07-31,114523.2542834266,439.94183349609375
2023-08-01,114236.6482391535,438.682861328125
2023-08-02,112805.56427915738,432.5804443359375
2023-08-03,112412.26073486678,431.34075927734375
2023-08-04,112380.54855788704,429.3898620605469
2023-08-07,113503.95944497813,433.1378479003906
2023-08-08,113398.22597855273,431.25421142578125
2023-08-09,112667.65753382366,428.3711853027344
2023-08-10,112713.46625379028,428.52496337890625
2023-08-11,112808.65683061743,428.2751159667969
2023-08-14,113570.40224355173,430.6391906738281
2023-08-15,112714.23084660628,425.62274169921875
2023-08-16,112050.34669364343,422.4993896484375
2023-08-17,111571.72078623864,419.2800598144531
2023-08-18,111621.85049631,419.4818115234375
2023-08-21,112083.69946782818,422.21112060546875
2023-08-22,111788.30823241637,421.0675354003906
2023-08-23,112742.0290712854,425.7572021484375
2023-08-24,111347.8408649219,419.856689453125
2023-08-25,112027.55931158783,422.8165588378906
2023-08-28,112516.0414580793,425.4978332519531
2023-08-29,113955.75271996888,431.64825439453125
2023-08-30,114265.81777102413,433.4261169433594
2023-08-31,114338.26932376613,432.7918701171875
2023-09-01,114429.47178696268,433.5990905761719
2023-09-05,113943.21507402048,431.7250671386719
2023-09-06,113261.79175133162,428.8229064941406
2023-09-07,113144.62728082857,427.50628662109375
2023-09-08,113308.21021246015,428.150146484375
2023-09-11,113962.29379334448,430.9659729003906
2023-09-12,113115.67093380354,428.601806640625
2023-09-13,113492.49442886245,429.1015625
2023-09-14,114205.53546724244,432.80145263671875
2023-09-15,112810.73999759274,427.5869445800781
2023-09-18,112781.10494365614,427.83770751953125
2023-09-19,112487.97890202513,426.9504699707031
2023-09-20,111770.36754191224,423.02532958984375
2023-09-21,109930.67976709423,416.033447265625
2023-09-22,109881.98050065032,415.0979309082031
2023-09-25,110239.14396131715,416.843505859375
2023-09-26,108849.9310372612,410.71954345703125
2023-09-27,108819.24907675778,410.88348388671875
2023-09-28,109536.60935273928,413.2655944824219
2023-09-29,109238.93054237825,412.2626037597656
2023-10-02,109403.99576051132,412.0986328125
2023-10-03,108049.73678977622,406.58221435546875
2023-10-04,108799.57621524527,409.54296875
2023-10-05,108808.38261764508,409.388671875
2023-10-06,109802.69815082202,414.249267578125
2023-10-09,110186.45992447548,416.9013671875
2023-10-10,110628.40751387997,419.0712585449219
2023-10-11,110937.80134588301,420.78790283203125
2023-10-12,110635.02815333143,418.22259521484375
2023-10-13,110316.40298529537,416.1394958496094
2023-10-16,111461.30890708051,420.5178527832031
2023-10-17,111168.57072649198,420.49859619140625
2023-10-18,110341.01178571505,414.8953857421875
2023-10-19,109743.42253324472,411.2499694824219
2023-10-20,108524.26327494069,406.196533203125
2023-10-23,108217.21913189432,405.4924621582031
2023-10-24,108860.68137649105,408.5495910644531
2023-10-25,107237.4762309387,402.68603515625
2023-10-26,105815.06682122365,397.86407470703125
2023-10-27,105164.86885197058,396.060546875
2023-10-30,106596.25591597422,400.7958679199219
2023-10-31,107151.74351855744,403.3129577636719
2023-11-01,107953.7152549694,407.6141357421875
2023-11-02,110018.81135026591,415.4258728027344
2023-11-03,110745.62090744551,419.2159118652344
2023-11-06,111224.27598915837,420.1802978515625
2023-11-07,111599.48451684066,421.37615966796875
2023-11-08,111822.1671039752,421.68475341796875
2023-11-09,110740.02995682046,418.3961486816406
2023-11-10,112426.37305733933,424.9251708984375
2023-11-13,112353.02687416619,424.5201110839844
2023-11-14,114235.84882966704,432.75616455078125
2023-11-15,114547.31738349149,433.6723327636719
2023-11-16,114137.80971191377,434.2027587890625
2023-11-17,114169.53476956706,434.7427673339844
2023-11-20,114945.00478622451,438.08929443359375
2023-11-21,114631.245211929,437.1344909667969
2023-11-22,115118.00631158176,438.8221740722656
2023-11-24,115324.77644736772,439.0921936035156
2023-11-27,115084.21047438576,438.30145263671875
2023-11-28,115190.4961872364,438.73541259765625
2023-11-29,115214.89580628346,438.42681884765625
2023-11-30,115599.76467383113,440.1531066894531
2023-12-01,116243.69301570115,442.7569580078125
2023-12-04,116048.84654065664,440.4327697753906
2023-12-05,116066.78141118953,440.3459777832031
2023-12-06,115627.32860019254,438.5714416503906
2023-12-07,116281.56582491589,441.9178771972656
2023-12-08,116466.6660708883,443.81787109375
2023-12-11,117423.04761581217,445.5440368652344
2023-12-12,117673.6240095011,447.5789794921875
2023-12-13,119391.48303685298,453.751220703125
2023-12-14,119495.63474131322,455.2073974609375
2023-12-15,120054.558245004,454.4578857421875
2023-12-18,120689.83527393427,457.0142822265625
2023-12-19,121181.96833126583,459.7933349609375
2023-12-20,119580.11955448728,453.4218444824219
2023-12-21,120622.5307593867,457.7211608886719
2023-12-22,120373.8522567555,458.64105224609375
2023-12-26,120792.32094291948,460.57763671875
2023-12-27,121071.38931743709,461.4103698730469
2023-12-28,121244.8312968975,461.584716796875
2023-12-29,121013.08892728746,460.2484436035156
2024-01-02,120475.2077600884,457.6726989746094
2024-01-03,119708.41054068605,453.93505859375
2024-01-04,119393.3861532348,452.4728698730469
2024-01-05,119415.73068089713,453.0926208496094
2024-01-08,121131.85696933998,459.5610046386719
2024-01-09,121139.48189988495,458.86370849609375
2024-01-10,121929.4270143848,461.45880126953125
2024-01-11,122160.98200337181,461.2554931640625
2024-01-12,122370.32822898969,461.5749816894531
2024-01-16,121964.36059931687,459.8804626464844
2024-01-17,121532.10119600853,457.32415771484375
2024-01-18,122654.17216568334,461.3909912109375
2024-01-19,124310.3849355707,467.1428527832031
2024-01-22,124416.59726850527,468.1305236816406
2024-01-23,124631.13751315328,469.49578857421875
2024-01-24,124425.85190550413,470.009033203125
2024-01-25,124848.62990717072,472.5653991699219
2024-01-26,124773.99538395449,471.96502685546875
2024-01-29,125533.26389160904,475.7026672363281
2024-01-30,125647.25362579733,475.33477783203125
2024-01-31,123912.9297049281,467.5785217285156
2024-02-01,125261.97697579826,473.6982421875
2024-02-02,126041.38331475994,478.68511962890625
2024-02-05,126136.06028068118,476.94207763671875
2024-02-06,126403.37606018082,478.3268127441406
2024-02-07,127194.57369403858,482.3162536621094
2024-02-08,127259.24094527429,482.529296875
2024-02-09,127855.10071744665,485.3179931640625
2024-02-12,128018.22199213062,485.1050109863281
2024-02-13,126567.3932308834,478.42364501953125
2024-02-14,127549.93295955045,482.7713928222656
2024-02-15,128060.5488708216,486.1023864746094
2024-02-16,127555.37600094615,483.6816101074219
2024-02-20,127001.96872244656,481.01873779296875
2024-02-21,127352.18636848143,481.4544982910156
2024-02-22,130119.10233525913,491.41839599609375
2024-02-23,130370.37750396442,491.75732421875
2024-02-26,130049.86819630342,489.9563293457031
2024-02-27,129824.23989310044,490.8664245605469
2024-02-28,129666.32121097996,490.2176818847656
2024-02-29,129938.82000242423,491.9800109863281
2024-03-01,131328.71556298278,496.5988464355469
2024-03-04,131446.11933086166,496.0662536621094
2024-03-05,130319.12620058659,491.1084899902344
2024-03-06,131130.19542526413,493.59710693359375
2024-03-07,132433.98897972523,498.4967346191406
2024-03-08,130968.4719653166,495.50469970703125
2024-03-11,130973.77318213844,495.07861328125
2024-03-12,132868.90080146823,500.4043884277344
2024-03-13,132482.80873114112,499.6199951171875
2024-03-14,131967.24418224802,498.63232421875
2024-03-15,131098.6889006057,495.2084045410156
2024-03-18,131335.2340478506,498.1515197753906
2024-03-19,132090.05310070075,500.9198303222656
2024-03-20,133129.75266382,505.5530090332031
2024-03-21,134103.34324792607,507.2236328125
2024-03-22,133514.79930160576,506.2620544433594
2024-03-25,132771.94719811078,504.86334228515625
2024-03-26,132390.58303408994,503.930908203125
2024-03-27,133266.2712931307,508.165771484375
2024-03-28,133370.87945780827,508.0686950683594
2024-04-01,132769.9468848809,507.184814453125
2024-04-02,131530.12348126917,503.96014404296875
2024-04-03,131334.3329744671,504.5137023925781
2024-04-04,129651.36438643101,498.35552978515625
2024-04-05,130719.34620890795,503.561767578125
2024-04-08,130898.00437396426,503.8433837890625
2024-04-09,131400.9655153713,504.4261779785156
2024-04-10,130132.36240674194,499.37542724609375
2024-04-11,131188.73615901035,503.1440734863281
2024-04-12,129445.84704047037,496.1991882324219
2024-04-15,128395.02141213739,489.98272705078125
2024-04-16,128214.11390562548,489.0890808105469
2024-04-17,127646.24261072578,486.19451904296875
2024-04-18,127317.89377718061,485.1941223144531
2024-04-19,126731.00834070377,480.9591979980469
2024-04-22,127783.53523368498,485.38836669921875
2024-04-23,128952.5876042104,491.1483154296875
2024-04-24,129058.36851583619,490.9152526855469
2024-04-25,128850.65350486612,489.05023193359375
2024-04-26,130257.77893970715,493.6835021972656
2024-04-29,130335.63981045866,495.43182373046875
2024-04-30,128787.65923895473,487.5835266113281
2024-05-01,128566.43538741238,486.0002746582031
2024-05-02,129678.10939258037,490.5461120605469
2024-05-03,131125.5671857222,496.6266174316406
2024-05-06,132079.77352045817,501.75506591796875
2024-05-07,132541.14009411982,502.30877685546875
2024-05-08,132749.7288172077,502.35736083984375
2024-05-09,133432.84700588716,505.2519226074219
2024-05-10,133870.81419316103,505.9027099609375
2024-05-13,133819.42911934288,505.9706115722656
2024-05-14,134578.41619078454,508.2921142578125
2024-05-15,136281.43885442434,514.5863037109375
2024-05-16,136209.4522504296,513.5275268554688
2024-05-17,136317.02373314474,514.2656860351562
2024-05-20,136049.8387275994,514.8582763671875
2024-05-21,136374.30802386208,516.12109375
2024-05-22,136167.84746311614,514.6348876953125
2024-05-23,135154.9808203747,510.8758239746094
2024-05-24,135682.23101553926,514.2560424804688
2024-05-28,135644.02301281033,514.6154174804688
2024-05-29,134509.56516598008,511.0116882324219
2024-05-30,134234.0322226851,507.6219482421875
2024-05-31,135151.65234856968,512.2454223632812
2024-06-03,135481.66871129596,512.6630859375
2024-06-04,136166.30594765593,513.2362060546875
2024-06-05,137240.69412692878,519.3359985351562
2024-06-06,137500.85635053305,519.326416015625
2024-06-07,137432.6766494649,518.6948852539062
2024-06-10,137926.4927863592,520.2976684570312
2024-06-11,138024.96532722467,521.5506591796875
2024-06-12,139100.76513862648,525.834228515625
2024-06-13,139984.9395120248,526.8928833007812
2024-06-14,140054.69820233446,527.2135620117188
2024-06-17,141375.48495025473,531.4094848632812
2024-06-18,141888.86543003464,532.7597045898438
2024-06-20,141424.11403967103,531.3124389648438
2024-06-21,141199.0924305178,530.60009765625
2024-06-24,140659.95847813418,528.8753662109375
2024-06-25,140415.62792764427,530.911865234375
2024-06-26,140333.73469909662,531.5745239257812
2024-06-27,140204.1944815418,532.4125366210938
2024-06-28,139256.15309271004,530.3175048828125
2024-07-01,139300.86585639705,531.4089965820312
2024-07-02,139883.76897215325,534.9851684570312
2024-07-03,140255.76142297813,537.37255859375
2024-07-05,140976.15646967498,540.4713745117188
2024-07-08,140908.8252988899,541.094970703125
2024-07-09,140819.0852532195,541.6212158203125
2024-07-10,142200.07035691192,546.9806518554688
2024-07-11,141552.7006882526,542.2642822265625
2024-07-12,142349.00868323277,545.6846923828125
2024-07-15,142501.89534711352,547.185302734375
2024-07-16,143767.66824776673,550.43017578125
2024-07-17,143190.65073081976,542.7125244140625
2024-07-18,141594.95293805646,538.5418701171875
2024-07-19,140734.83764803282,534.9656372070312
2024-07-22,142173.89383620705,540.4810180664062
2024-07-23,141697.09884248412,539.63330078125
2024-07-24,139487.51518169758,527.40380859375
2024-07-25,138699.2170057621,524.6559448242188
2024-07-26,140104.57230834546,530.531982421875
2024-07-29,140198.79119799339,530.8436279296875
2024-07-30,139801.864339012,528.1542358398438
2024-07-31,141928.10504490967,536.7391357421875
2024-08-01,140316.90374300056,529.1384887695312
2024-08-02,138964.6012368766,519.2868041992188
2024-08-05,135100.59916128303,504.16314697265625
2024-08-06,136178.28794995262,508.811279296875
2024-08-07,134688.01713971462,505.4104919433594
2024-08-08,137689.5525640449,517.0941162109375
2024-08-09,138095.9372396969,519.3743896484375
2024-08-12,137890.01772400166,519.647216796875
2024-08-13,139859.85691808877,528.1931762695312
2024-08-14,140416.4496663029,529.8594360351562
2024-08-15,143096.2273853519,538.9414672851562
2024-08-16,143418.5507945844,540.1497802734375
2024-08-19,144435.4286076574,545.314453125
2024-08-20,144658.52564590384,544.4276123046875
2024-08-21,145270.56172483525,546.298583984375
2024-08-22,144242.26913201882,542.010986328125
2024-08-23,145853.78484509877,547.7699584960938
2024-08-26,145594.8777522443,546.4642333984375
2024-08-27,146097.73637247836,547.2145385742188
2024-08-28,145187.55936333834,544.037841796875
2024-08-29,145414.68963621274,544.08642578125
2024-08-30,146781.06630361706,549.2804565429688
2024-09-03,144436.90245636832,537.976806640625
2024-09-04,144513.97310406927,536.8756103515625
2024-09-05,143655.20329505057,535.5697631835938
2024-09-06,141833.22202313985,526.5560913085938
2024-09-09,143390.68621905308,532.4514770507812
2024-09-10,144391.74001453884,534.770751953125
2024-09-11,145407.12056721377,540.2569580078125
2024-09-12,146357.1529353525,544.8076782226562
2024-09-13,147136.60744804115,547.653076171875
2024-09-16,147713.12100408535,548.4619140625
2024-09-17,147453.65262385376,548.6859741210938
2024-09-18,146952.98413678628,547.0587768554688
2024-09-19,148522.87409574282,556.3939819335938
2024-09-20,148896.13231985905,555.43212890625
2024-09-23,149215.83984679467,556.820068359375
2024-09-24,149312.6894322128,558.4132690429688
2024-09-25,148838.59414002157,557.1817626953125
2024-09-26,149512.93172902337,559.3906860351562
2024-09-27,149281.1947125828,558.5794067382812
2024-09-30,149860.01262053222,560.8178100585938
2024-10-01,148851.35983518616,555.7937622070312
2024-10-02,148908.43134576234,556.0283203125
2024-10-03,148442.52522324072,555.01171875
2024-10-04,149225.23958945603,560.055419921875
2024-10-07,148143.89048445653,554.9922485351562
2024-10-08,149501.29209658,560.2412109375
2024-10-09,151199.21636930556,564.12158203125
2024-10-10,150727.93531190194,563.1343994140625
2024-10-11,151867.48193139298,566.5065307617188
2024-10-14,152975.04838838612,571.1395874023438
2024-10-15,151880.6064020032,566.7019653320312
2024-10-16,152693.4445414255,569.1651000976562
2024-10-17,152805.0667605306,569.2139892578125
2024-10-18,153258.40757561682,571.403564453125
2024-10-21,152467.48019936317,570.4652099609375
2024-10-22,152630.58580035061,570.1621704101562
2024-10-23,151277.23317702534,564.952392578125
2024-10-24,150843.14904753954,566.1742553710938
2024-10-25,150440.4305454693,565.9786376953125
2024-10-28,150741.63741510658,567.7283935546875
2024-10-29,150810.65194547543,568.647216796875
2024-10-30,150095.36270337852,566.9268188476562
2024-10-31,148228.36582218288,555.8132934570312
2024-11-01,149645.75425790544,558.1591796875
2024-11-04,149188.23799873295,556.9569091796875
2024-11-05,150511.8623120088,563.6915893554688
2024-11-06,153291.4605274062,577.7080078125
2024-11-07,154372.4001426468,582.1749877929688
2024-11-08,155339.1067473536,584.6967163085938
2024-11-11,155250.3508185413,585.2538452148438
2024-11-12,154500.83261824507,583.4359130859375
2024-11-13,154329.6763285024,583.7192993164062
2024-11-14,153499.00940438098,579.9659423828125
2024-11-15,151781.07151717646,572.5374755859375
2024-11-18,152121.00022477793,574.8832397460938
2024-11-19,152075.16051630507,576.9846801757812
2024-11-20,151783.2477054096,577.1802368164062
2024-11-21,152359.9568217868,580.2787475585938
2024-11-22,153076.27832192584,582.0772094726562
2024-11-25,153962.61024979575,584.0516357421875
2024-11-26,154540.05578684987,587.101318359375
2024-11-27,154032.41412503307,585.3223266601562
2024-11-29,154888.74295040578,588.9583129882812
2024-12-02,155111.79222331286,590.0140380859375
2024-12-03,155210.0106040413,590.2877197265625
2024-12-04,155797.99873973653,593.9530639648438
2024-12-05,155383.19670679548,592.9757080078125
2024-12-06,155822.33209460505,594.0997314453125
2024-12-09,155373.31404338885,591.0403442382812
2024-12-10,154804.57209545837,589.2027587890625
2024-12-11,155562.39578412732,593.7576293945312
2024-12-12,154399.53700820656,590.6982421875
2024-12-13,155308.5307167182,590.5810546875
2024-12-16,155939.87610116595,593.102783203125
2024-12-17,155222.90409909232,590.6591186523438
2024-12-18,151508.67507653983,573.055419921875
2024-12-19,151255.20003663164,572.8794555664062
2024-12-20,152765.20456669078,579.7603149414062
2024-12-23,153843.8913509847,583.2321166992188
2024-12-24,155395.17836400948,589.7147216796875
2024-12-26,155602.06909870505,589.7539672851562
2024-12-27,154233.07883823538,583.5458984375
2024-12-30,152391.07615603798,576.88671875
