date,nav,spy
2010-01-04,10000.0,84.3689956665039
2010-01-05,9993.0048965724,84.59232330322266
2010-01-06,9932.731584551113,84.65187072753906
2010-01-07,9939.184732494557,85.00923919677734
2010-01-08,10020.990661294518,85.29209899902344
2010-01-11,9980.08722281667,85.41121673583984
2010-01-12,9855.230282795414,84.61461639404297
2010-01-13,9977.931116671592,85.3293228149414
2010-01-14,9986.545111538799,85.56008911132812
2010-01-15,9870.297425606064,84.5997314453125
2010-01-19,10029.598019071567,85.65686798095703
2010-01-20,9885.368361039662,84.78587341308594
2010-01-21,9792.801812784786,83.1555404663086
2010-01-22,9506.486276841479,81.30183410644531
2010-01-25,9538.774772296385,81.71871948242188
2010-01-26,9547.386870852117,81.37626647949219
2010-01-27,9622.733014618476,81.76338195800781
2010-01-28,9375.167655475148,80.82537078857422
2010-01-29,9211.557694186702,79.94691467285156
2010-02-01,9312.735392841574,81.19013977050781
2010-02-02,9396.696479630875,82.1728286743164
2010-02-03,9448.36338203085,81.76338195800781
2010-02-04,9174.963623531798,79.23970031738281
2010-02-05,9252.462080820287,79.40345764160156
2010-02-08,9185.726139298187,78.83024597167969
2010-02-09,9280.446897386668,79.82037353515625
2010-02-10,9261.073231220282,79.66402435302734
2010-02-11,9401.003002986608,80.49779510498047
2010-02-12,9420.376669152995,80.43082427978516
2010-02-16,9540.929930285725,81.69640350341797
2010-02-17,9594.750094363568,82.08352661132812
2010-02-18,9655.029095319274,82.56736755371094
2010-02-19,9650.721623807804,82.73861694335938
2010-02-22,9631.342268706998,82.75350189208984
2010-02-23,9506.486276841479,81.7485122680664
2010-02-24,9603.35934845209,82.50039672851562
2010-02-25,9601.207983085695,82.38872528076172
2010-02-26,9635.649740218469,82.44084167480469
2010-03-01,9775.578563829058,83.29693603515625
2010-03-02,9805.71284945036,83.52772521972656
2010-03-03,9816.482002306906,83.60220336914062
2010-03-04,9848.77144591755,83.85531616210938
2010-03-05,9997.306679149451,85.05387878417969
2010-03-08,10016.683189783047,85.06876373291016
2010-03-09,10072.654719227283,85.21021270751953
2010-03-10,10154.459699871506,85.58987426757812
2010-03-11,10193.205135892804,85.94720458984375
2010-03-12,10195.359345726407,85.95463562011719
2010-03-15,10169.530635305104,85.97698974609375
2010-03-16,10234.110470682124,86.66191101074219
2010-03-17,10262.095287248507,87.17557525634766
2010-03-18,10296.539888848489,87.13089752197266
2010-03-19,10234.260279288512,86.6898422241211
2010-03-22,10326.926383895732,87.1533203125
2010-03-23,10398.044701232495,87.76628112792969
2010-03-24,10348.473223010455,87.34019470214844
2010-03-25,10333.391857863753,87.19821166992188
2010-03-26,10344.16385518751,87.14584350585938
2010-03-29,10393.732488942342,87.69901275634766
2010-03-30,10428.21501677179,87.75881958007812
2010-03-31,10378.64543486122,87.45983123779297
2010-04-01,10378.64543486122,88.05783081054688
2010-04-05,10475.624699914333,88.77542877197266
2010-04-06,10505.793119142154,88.98472595214844
2010-04-07,10479.930275114331,88.47642517089844
2010-04-08,10503.639857464286,88.78294372558594
2010-04-09,10566.135646532215,89.365966796875
2010-04-12,10574.756278489576,89.50801086425781
2010-04-13,10628.628591132932,89.5752944946289
2010-04-14,10755.778171725338,90.5918960571289
2010-04-15,10803.186906712146,90.66667175292969
2010-04-16,10673.88501259761,89.22393035888672
2010-04-19,10667.419538629589,89.56031036376953
2010-04-20,10721.299436518837,90.36019134521484
2010-04-21,10781.636274974479,90.19573974609375
2010-04-22,10841.977854208802,90.4648208618164
2010-04-23,10887.23143120627,91.0553970336914
2010-04-26,10863.529434102207,90.71151733398438
2010-04-27,10632.94269973456,88.56612396240234
2010-04-28,10639.407225546845,89.23890686035156
2010-04-29,10824.740382917025,90.34524536132812
2010-04-30,10611.392067996892,88.81282043457031
2010-05-03,10760.090384015493,89.96401977539062
2010-05-04,10436.836596884888,87.84854125976562
2010-05-05,10382.956698995638,87.32528686523438
2010-05-06,10035.994277670816,84.42488098144531
2010-05-07,9786.013017710577,83.16905212402344
2010-05-10,10294.602806678571,86.83187866210938
2010-05-11,10283.828913043342,86.58519744873047
2010-05-12,10477.7779615922,87.79617309570312
2010-05-13,10311.841226126086,86.7048110961914
2010-05-14,10113.58091344281,85.13502502441406
2010-05-17,10145.902594348498,85.17987823486328
2010-05-18,10005.822065820048,84.02120208740234
2010-05-19,9926.091649927554,83.54283142089844
2010-05-20,9557.57859686506,80.38829040527344
2010-05-21,9663.176597564061,81.56187438964844
2010-05-24,9624.383753755932,80.51537322998047
2010-05-25,9633.005333869032,80.59757995605469
2010-05-26,9525.254071492163,80.11168670654297
2010-05-27,9885.137011039928,82.79528045654297
2010-05-28,9826.96007135231,81.75623321533203
2010-06-01,9736.451021045901,80.38079833984375
2010-06-02,9967.033014634866,82.47386932373047
2010-06-03,10061.859018010111,82.75787353515625
2010-06-04,9717.050806518891,79.85005950927734
2010-06-07,9540.340177417547,78.85586547851562
2010-06-08,9523.099861658558,79.70055389404297
2010-06-09,9443.36186052017,79.27445983886719
2010-06-10,9712.742386851683,81.59178161621094
2010-06-11,9805.410387770378,81.98796844482422
2010-06-14,9803.255229781038,81.86087799072266
2010-06-15,10066.168385833056,83.72222137451172
2010-06-16,10107.111646851841,83.69232940673828
2010-06-17,10139.43617222474,83.82686614990234
2010-06-18,10147.860535944621,83.91773986816406
2010-06-21,10061.493029895775,83.67741394042969
2010-06-22,9983.765118919024,82.29544067382812
2010-06-23,9942.74221281836,82.0400390625
2010-06-24,9791.606188400907,80.68061065673828
2010-06-25,9793.550855816717,81.01856231689453
2010-06-28,9758.934638028406,80.76322174072266
2010-06-29,9382.511121655281,78.26966857910156
2010-06-30,9239.72834927746,77.52608489990234
2010-07-01,9213.76974152024,77.18059539794922
2010-07-02,9187.806392984336,76.7599868774414
2010-07-06,9215.934381066947,77.26322937011719
2010-07-07,9510.14805429631,79.69667053222656
2010-07-08,9562.070010589436,80.4853286743164
2010-07-09,9652.93367114134,81.08619689941406
2010-07-12,9681.055022133796,81.13874816894531
2010-07-13,9806.530159695329,82.36302947998047
2010-07-14,9856.288424597484,82.3554916381836
2010-07-15,9864.945086472837,82.3780517578125
2010-07-16,9592.355052972862,80.10979461669922
2010-07-19,9674.567740583832,80.58295440673828
2010-07-20,9791.390008892957,81.47676086425781
2010-07-21,9657.262002079018,80.41773223876953
2010-07-22,9901.718358561962,82.21282958984375
2010-07-23,9964.457823654202,82.92633819580078
2010-07-26,10046.663874175016,83.79004669189453
2010-07-27,10042.336491393076,83.78254699707031
2010-07-28,9962.296976730442,83.24176788330078
2010-07-29,9888.740002839088,82.836181640625
2010-07-30,9910.375020437315,82.8211669921875
2010-08-02,10096.420242765698,84.6913833618164
2010-08-03,10053.1568446594,84.28579711914062
2010-08-04,10154.832325075999,84.84909057617188
2010-08-05,10131.03646055401,84.75896453857422
2010-08-06,10115.894413440166,84.4134750366211
2010-08-09,10185.12116008237,84.86408233642578
2010-08-10,10096.420242765698,84.40592956542969
2010-08-11,9821.675051276381,82.09262084960938
2010-08-12,9743.794487226034,81.58938598632812
2010-08-13,9674.567740583832,81.34903717041016
2010-08-16,9691.874427244382,81.31150817871094
2010-08-17,9815.18492525921,82.31039428710938
2010-08-18,9854.126629517987,82.46065521240234
2010-08-19,9704.852782967257,81.02609252929688
2010-08-20,9717.835879468814,80.76322174072266
2010-08-23,9622.644836134969,80.4552993774414
2010-08-24,9443.086895356551,79.26106262207031
2010-08-25,9533.948659596981,79.5689926147461
2010-08-26,9419.28913452309,79.03575134277344
2010-08-27,9533.948659596981,80.26000213623047
2010-08-30,9434.434026104143,79.09581756591797
2010-08-31,9401.98244786254,79.09581756591797
2010-09-01,9683.220609836239,81.46172332763672
2010-09-02,9791.390008892957,82.22029876708984
2010-09-03,9953.642211166562,83.28682708740234
2010-09-07,9886.576311448118,82.34798431396484
2010-09-08,10005.559426681004,82.92633819580078
2010-09-09,10044.502079095519,83.30937194824219
2010-09-10,10081.279143807591,83.72997283935547
2010-09-13,10221.89538032723,84.66132354736328
2010-09-14,10265.162571056477,84.6087417602539
2010-09-15,10330.06193491674,84.93168640136719
2010-09-16,10371.16638241075,84.9091567993164
2010-09-17,10406.300293231257,84.94085693359375
2010-09-20,10588.44764732639,86.23965454101562
2010-09-21,10586.276370689528,86.06597900390625
2010-09-22,10558.085804328299,85.64312744140625
2010-09-23,10553.75557707915,84.94844055175781
2010-09-24,10768.42656925187,86.70025634765625
2010-09-27,10709.87415989255,86.28494262695312
2010-09-28,10705.540140020452,86.58699035644531
2010-09-29,10688.1945789747,86.43598175048828
2010-09-30,10640.484330463647,86.1792221069336
2010-10-01,10627.480374535884,86.5416488647461
2010-10-04,10512.549676921319,85.89231872558594
2010-10-05,10768.42656925187,87.62146759033203
2010-10-06,10675.181141489571,87.6139144897461
2010-10-07,10714.213868699066,87.50821685791016
2010-10-08,10787.939614311537,87.99903106689453
2010-10-11,10792.278374962318,88.08211517333984
2010-10-12,10866.002224263315,88.35391998291016
2010-10-13,10954.910787686307,89.04105377197266
2010-10-14,10933.225517834038,88.69374084472656
2010-10-15,11165.250604454139,88.87493133544922
2010-10-18,11124.046600607782,89.31289672851562
2010-10-19,11019.965649087375,88.14248657226562
2010-10-20,11100.195743053071,89.00328826904297
2010-10-21,11121.881961061075,89.19965362548828
2010-10-22,11197.773294375991,89.36576843261719
2010-10-25,11251.988839396005,89.63003540039062
2010-10-26,11282.344045303938,89.64511108398438
2010-10-27,11317.040856329862,89.38838958740234
2010-10-28,11340.889817573101,89.40351104736328
2010-10-29,11314.870527848736,89.471435546875
2010-11-01,11323.54141206014,89.50167846679688
2010-11-02,11444.975509872193,90.21147918701172
2010-11-03,11497.018830099605,90.57390594482422
2010-11-04,11637.965024815589,92.31819152832031
2010-11-05,11637.965024815589,92.66554260253906
2010-11-08,11653.144050003162,92.4918441772461
2010-11-09,11590.263309706166,91.82733917236328
2010-11-10,11648.813822754011,92.19735717773438
2010-11-11,11575.080491895647,91.85000610351562
2010-11-12,11386.428789447293,90.76268005371094
2010-11-15,11343.061094209965,90.63432312011719
2010-11-16,11156.57592761979,89.22225952148438
2010-11-17,11189.100513853115,89.26757049560547
2010-11-18,11369.085124713012,90.58145904541016
2010-11-19,11377.758853391626,90.83063507080078
2010-11-22,11473.167024389157,90.75513458251953
2010-11-23,11291.016825826815,89.44126892089844
2010-11-24,11518.69935917319,90.76268005371094
2010-11-26,11442.808974014011,89.70553588867188
2010-11-29,11434.133349023925,89.97737121582031
2010-11-30,11295.354638321858,89.471435546875
2010-12-01,11533.879332516499,91.37429809570312
2010-12-02,11650.97751414498,92.54469299316406
2010-12-03,11681.335564520126,92.79389190673828
2010-12-06,11677.000596492293,92.69571685791016
2010-12-07,11683.504944845516,92.74858856201172
2010-12-08,11726.871691927106,93.08837890625
2010-12-09,11737.712904619637,93.45082092285156
2010-12-10,11815.780255350097,93.9945068359375
2010-12-13,11774.578147815213,94.0549087524414
2010-12-14,11796.2586768888,94.13797760009766
2010-12-15,11744.219149284332,93.7075424194336
2010-12-16,11835.29519672124,94.25122833251953
2010-12-17,11845.722065356866,94.35220336914062
2010-12-20,11854.412860838738,94.57989501953125
2010-12-21,11926.11524210926,95.17961883544922
2010-12-22,11923.94017284945,95.47560119628906
2010-12-23,11893.523336818635,95.33898162841797
2010-12-27,11900.04095935217,95.37694549560547
2010-12-28,11878.31397064749,95.51358795166016
2010-12-29,11904.387305248843,95.58189392089844
2010-12-30,11876.142694010627,95.43003845214844
2010-12-31,11832.686820289795,95.45283508300781
2011-01-03,12017.368594668915,96.43962860107422
2011-01-04,12008.67590287557,96.3864974975586
2011-01-05,12110.798912799853,96.88748168945312
2011-01-06,12149.90654431254,96.69771575927734
2011-01-07,12139.042575882333,96.5079574584961
2011-01-10,12184.668778084291,96.3864974975586
2011-01-11,12202.051317203772,96.72808074951172
2011-01-12,12288.958323866755,97.60099792480469
2011-01-13,12293.304669763427,97.44158172607422
2011-01-14,12384.55897047882,98.14755249023438
2011-01-18,12419.323100562046,98.31454467773438
2011-01-19,12278.094355436548,97.35050964355469
2011-01-20,12191.186400617828,97.22144317626953
2011-01-21,12097.759875109836,97.44158172607422
2011-01-24,12265.060058525212,97.99573516845703
2011-01-25,12282.44070133322,98.0488510131836
2011-01-26,12347.626408225942,98.42839813232422
2011-01-27,12423.66849830298,98.67131805419922
2011-01-28,12108.622895384307,96.94820404052734
2011-01-31,12167.285290809075,97.67691802978516
2011-02-01,12395.420094441819,99.24061584472656
2011-02-02,12375.869123152685,99.05084228515625
2011-02-03,12397.597060013102,99.27092742919922
2011-02-04,12467.123423868077,99.55180358886719
2011-02-07,12525.78961191579,100.17427825927734
2011-02-08,12608.354065305048,100.62969207763672
2011-02-09,12586.624232133157,100.4019546508789
2011-02-10,12606.178047889502,100.43994903564453
2011-02-11,12697.432348604894,101.03956604003906
2011-02-14,12727.848236479973,101.28246307373047
2011-02-15,12710.46948998344,100.96369934082031
2011-02-16,12793.036787839905,101.60127258300781
2011-02-17,12788.684753008813,101.9049072265625
2011-02-18,12760.44203808207,102.11744689941406
2011-02-22,12391.077541168093,100.0679702758789
2011-02-23,12288.958323866755,99.4531478881836
2011-02-24,12354.146875226688,99.384765625
2011-02-25,12525.78961191579,100.44750213623047
2011-02-28,12551.861998361406,101.06996154785156
2011-03-01,12349.799581174279,99.384765625
2011-03-02,12414.978650976846,99.59735107421875
2011-03-03,12660.495045573332,101.31281280517578
2011-03-04,12595.313131303557,100.55374908447266
2011-03-07,12425.84072309558,99.76433563232422
2011-03-08,12475.81421934995,100.63729095458984
2011-03-09,12391.077541168093,100.4930419921875
2011-03-10,12197.7049713071,98.63333129882812
2011-03-11,12273.752750318557,99.31648254394531
2011-03-14,12230.295928441989,98.7168197631836
2011-03-15,12056.476226181603,97.5858154296875
2011-03-16,11765.333629383154,95.77923583984375
2011-03-17,11873.971417373765,97.04691314697266
2011-03-18,11847.205929084677,97.39984893798828
2011-03-21,12075.66689829082,98.90934753417969
2011-03-22,12053.908620446831,98.56631469726562
2011-03-23,12121.353782459923,98.84833526611328
2011-03-24,12336.76054348426,99.79369354248047
2011-03-25,12367.22099467896,100.09864044189453
2011-03-28,12299.774884510132,99.85465240478516
2011-03-29,12419.441620029122,100.52555084228516
2011-03-30,12478.18555684724,101.21930694580078
2011-03-31,12495.591799860136,101.08206939697266
2011-04-01,12502.12364472972,101.50900268554688
2011-04-04,12460.78026199008,101.59284210205078
2011-04-05,12428.140948912624,101.57762908935547
2011-04-06,12458.607089041743,101.89779663085938
2011-04-07,12449.901123068086,101.63858032226562
2011-04-08,12391.15149731555,101.28790283203125
2011-04-11,12349.816647977537,100.98298645019531
2011-04-12,12264.957657705658,100.22826385498047
2011-04-13,12369.397012094507,100.22062683105469
2011-04-14,12347.641578717728,100.29684448242188
2011-04-15,12325.878560095058,100.66276550292969
2011-04-18,12238.850189497787,99.53448486328125
2011-04-19,12315.005110107482,100.10626220703125
2011-04-20,12593.504050158082,101.47090148925781
2011-04-21,12693.590421560104,101.98930358886719
2011-04-25,12726.22689017035,101.882568359375
2011-04-26,12798.024087014534,102.75927734375
2011-04-27,12885.060991013434,103.43013000488281
2011-04-28,12865.476834273519,103.76558685302734
2011-04-29,12854.60148797447,104.009521484375
2011-05-02,12830.665296403464,103.8494873046875
2011-05-03,12769.74249770259,103.47589874267578
2011-05-04,12750.164029897094,102.789794921875
2011-05-05,12680.538109689773,101.85971069335938
2011-05-06,12721.877699806468,102.30950927734375
2011-05-09,12769.74249770259,102.70591735839844
2011-05-10,12878.533886922532,103.5826416015625
2011-05-11,12784.976515922886,102.49243927001953
2011-05-12,12861.1266957539,102.98040771484375
2011-05-13,12708.823491624664,102.18751525878906
2011-05-16,12489.06848839218,101.53952026367188
2011-05-17,12523.879078106498,101.52425384521484
2011-05-18,12628.314639872402,102.43146514892578
2011-05-19,12665.301247002268,102.67542266845703
2011-05-20,12569.569754898548,101.85971069335938
2011-05-23,12384.625341380384,100.67803192138672
2011-05-24,12308.478006016581,100.59413146972656
2011-05-25,12356.344700224177,100.92961120605469
2011-05-26,12432.495828210926,101.39466094970703
2011-05-27,12495.591799860136,101.78345489501953
2011-05-31,12697.93866376825,102.84317016601562
2011-06-01,12421.614792977458,100.53317260742188
2011-06-02,12447.720364873856,100.42642974853516
2011-06-03,12260.610363653248,99.42777252197266
2011-06-06,12160.5258885627,98.37565612792969
2011-06-07,12138.761921784293,98.31468963623047
2011-06-08,12051.729758564075,97.90299224853516
2011-06-09,12073.490880875273,98.65013122558594
2011-06-10,11888.550259980055,97.27786254882812
2011-06-13,11888.550259980055,97.35411071777344
2011-06-14,12040.853464109292,98.58915710449219
2011-06-15,11812.393443058885,96.83568572998047
2011-06-16,11766.705610734047,97.04914855957031
2011-06-17,11729.85364171878,97.33879089355469
2011-06-20,11790.906337755572,97.83676147460938
2011-06-21,12043.866703040274,99.1775131225586
2011-06-22,11956.64016789405,98.57989501953125
2011-06-23,12067.849354242377,98.29646301269531
2011-06-24,11858.513634399626,97.1548843383789
2011-06-27,12048.231063895942,98.02063751220703
2011-06-28,12227.04565057685,99.30012512207031
2011-06-29,12277.197400109704,100.1505126953125
2011-06-30,12440.748575742478,101.10823059082031
2011-07-01,12628.286195200304,102.60218811035156
2011-07-05,12691.527234677216,102.5179214477539
2011-07-06,12732.955003277415,102.64049530029297
2011-07-07,12907.413762504284,103.7054443359375
2011-07-08,12872.522579552353,102.96993255615234
2011-07-11,12639.19283063866,101.10823059082031
2011-07-12,12543.244210871255,100.6714859008789
2011-07-13,12595.578614909811,101.0086441040039
2011-07-14,12449.472556675133,100.3114013671875
2011-07-15,12615.2035423464,100.89368438720703
2011-07-18,12547.602882792504,100.06625366210938
2011-07-19,12833.271776523436,101.6904525756836
2011-07-20,12778.754717979176,101.62918853759766
2011-07-21,12863.801443086908,103.03886413574219
2011-07-22,12996.822952156212,103.10782623291016
2011-07-25,12970.651957513986,102.53325653076172
2011-07-26,13003.358589648742,102.150146484375
2011-07-27,12667.539842696431,100.05856323242188
2011-07-28,12689.343632015776,99.7674560546875
2011-07-29,12647.91207079263,99.0855712890625
2011-08-01,12589.033495859912,98.66421508789062
2011-08-02,12270.655125527015,96.14358520507812
2011-08-03,12388.413223548187,96.66455841064453
2011-08-04,11812.712023386392,92.13665771484375
2011-08-05,11738.573830028488,91.99872589111328
2011-08-08,11032.03756792604,86.00747680664062
2011-08-09,11564.116018957357,90.00672912597656
2011-08-10,11090.910453924336,86.03047943115234
2011-08-11,11579.383222628434,89.89183044433594
2011-08-12,11681.872220667054,90.49705505371094
2011-08-15,11854.146429076747,92.41244506835938
2011-08-16,11753.838189232356,91.62332153320312
2011-08-17,11684.055823328494,91.68461608886719
2011-08-18,11110.532536893717,87.73130798339844
2011-08-19,10909.9151090492,86.29862976074219
2011-08-22,10949.164015766644,86.36759185791016
2011-08-23,11400.565791480318,89.20996856689453
2011-08-24,11489.971188509298,90.46644592285156
2011-08-25,11302.439257985894,89.08740997314453
2011-08-26,11585.924549055386,90.38215637207031
2011-08-29,11908.666332088216,92.97940063476562
2011-08-30,11987.166989990314,93.22454833984375
2011-08-31,12006.794761894113,93.6382827758789
2011-09-01,11897.761592961333,92.65763854980469
2011-09-02,11618.634025657351,90.29023742675781
2011-09-06,11620.814783851582,89.63134765625
2011-09-07,11915.205762203694,92.1596450805664
2011-09-08,11860.687755503699,91.20196533203125
2011-09-09,11596.828340026532,88.81157684326172
2011-09-12,11745.10946752102,89.38614654541016
2011-09-13,11902.124057505527,90.20596313476562
2011-09-14,12072.216559565255,91.45476531982422
2011-09-15,12251.033990713371,93.0330581665039
2011-09-16,12363.326919068657,93.5836410522461
2011-09-19,12367.69222808006,92.65180969238281
2011-09-20,12313.080353962141,92.54403686523438
2011-09-21,12098.971618141239,89.81783294677734
2011-09-22,11705.725922688976,86.91449737548828
2011-09-23,11830.253852669624,87.43817901611328
2011-09-26,11967.892880176272,89.5174789428711
2011-09-27,12092.41796568971,90.51863098144531
2011-09-28,11913.273420812458,88.67036437988281
2011-09-29,11771.27098060588,89.37117767333984
2011-09-30,11467.588076034875,87.1378402709961
2011-10-03,11172.654752601416,84.6581039428711
2011-10-04,11402.050603363867,86.51403045654297
2011-10-05,11694.79937598015,88.11585235595703
2011-10-06,11891.422223706282,89.70999908447266
2011-10-07,11812.778394287954,89.10934448242188
2011-10-10,12221.315945460447,92.08964538574219
2011-10-11,12304.332669136073,92.18207550048828
2011-10-12,12365.50957357436,92.99067687988281
2011-10-13,12479.110956846182,92.80587005615234
2011-10-14,12710.695151048754,94.39228057861328
2011-10-17,12514.071355166887,92.59024047851562
2011-10-18,12669.186789210942,94.39995574951172
2011-10-19,12424.500030883997,93.28331756591797
2011-10-20,12363.326919068657,93.69148254394531
2011-10-21,12518.443301268448,95.47039794921875
2011-10-24,12778.42001900415,96.6409912109375
2011-10-25,12527.177711914204,94.76191711425781
2011-10-26,12511.884908038239,95.72456359863281
2011-10-27,12857.073329979843,99.05913543701172
2011-10-28,12876.734287334424,99.03602600097656
2011-10-31,12660.445741475029,96.64871215820312
2011-11-01,12330.553916032337,93.95330047607422
2011-11-02,12435.419940502667,95.4858169555664
2011-11-03,12693.221588978558,97.22625732421875
2011-11-04,12627.669893971499,96.63330078125
2011-11-07,12717.252596123228,97.23395538330078
2011-11-08,12863.62413796416,98.48152923583984
2011-11-09,12411.389881513733,94.84662628173828
2011-11-10,12404.833384594996,95.73998260498047
2011-11-11,12638.597388836062,97.5420150756836
2011-11-14,12559.946922327577,96.6178970336914
2011-11-15,12699.77144880714,97.09535217285156
2011-11-16,12490.038451710743,95.55513000488281
2011-11-17,12197.28683462725,94.03802490234375
2011-11-18,12103.342616087062,93.93791198730469
2011-11-21,11871.763162663174,92.1512680053711
2011-11-22,11911.088869995283,91.78929138183594
2011-11-23,11642.368260056459,89.763916015625
2011-11-25,11552.792194994887,89.594482421875
2011-11-28,11954.783678961745,92.18978881835938
2011-11-29,11880.502314087613,92.45161437988281
2011-11-30,12319.627369323513,96.25592803955078
2011-12-01,12404.833384594996,96.24052429199219
2011-12-02,12369.879623364448,96.15581512451172
2011-12-05,12505.330307430973,97.20321655273438
2011-12-06,12470.377494356162,97.23395538330078
2011-12-07,12470.377494356162,97.59593963623047
2011-12-08,12260.647341726977,95.45502471923828
2011-12-09,12457.270189453107,97.072265625
2011-12-12,12317.446611129282,95.65523529052734
2011-12-13,12181.99213443981,94.76191711425781
2011-12-14,11991.921991009469,93.75308990478516
2011-12-15,11959.149936128886,94.09193420410156
2011-12-16,12020.723169665082,94.23145294189453
2011-12-19,11902.399970824885,93.22394561767578
2011-12-20,12255.177431282407,96.04491424560547
2011-12-21,12079.886191318785,96.23090362548828
2011-12-22,12182.871074807657,97.08338165283203
2011-12-23,12288.043353580915,97.95140075683594
2011-12-27,12333.880994512141,98.0289306640625
2011-12-28,12191.330520289794,96.74240112304688
2011-12-29,12279.057681664955,97.74215698242188
2011-12-30,12243.963593385386,97.26167297363281
2012-01-03,12478.625501109032,98.81165313720703
2012-01-04,12531.25952236036,98.96662139892578
2012-01-05,12634.335428799948,99.23013305664062
2012-01-06,12678.192372397372,98.97440338134766
2012-01-09,12636.52377224007,99.21466064453125
2012-01-10,12728.634257585632,100.07490539550781
2012-01-11,12754.951268211296,100.12910461425781
2012-01-12,12805.393153399556,100.36936950683594
2012-01-13,12759.340281116116,99.85013580322266
2012-01-17,12875.57090024559,100.2376480102539
2012-01-18,13046.632417468145,101.34587097167969
2012-01-19,13127.780326186888,101.880615234375
2012-01-20,13108.040671906167,102.26036071777344
2012-01-23,13112.424944032306,101.99683380126953
2012-01-24,13088.298173158237,101.880615234375
2012-01-25,13252.783282191584,102.73307800292969
2012-01-26,13206.728513596672,102.20611572265625
2012-01-27,13246.203081379432,102.15959167480469
2012-01-30,13257.166606161985,101.81085968017578
2012-01-31,13274.7131762239,101.77210998535156
2012-02-01,13382.173354789626,102.6633529663086
2012-02-02,13423.838162323982,102.82608032226562
2012-02-03,13608.061977482314,104.26756286621094
2012-02-06,13597.097504544025,104.19783782958984
2012-02-07,13625.60570307702,104.4613265991211
2012-02-08,13697.971793363176,104.7713623046875
2012-02-09,13796.666272143837,104.9030990600586
2012-02-10,13700.173410983612,104.12812042236328
2012-02-13,13827.368503051375,104.9030990600586
2012-02-14,13862.461643175207,104.7713623046875
2012-02-15,13765.965937547773,104.28309631347656
2012-02-16,13954.564543274877,105.43785095214844
2012-02-17,13910.70854783319,105.71685791015625
2012-02-21,13950.179322993003,105.76335144042969
2012-02-22,13886.583673270594,105.42232513427734
2012-02-23,13978.693210460418,105.88729095458984
2012-02-24,14026.939166962662,106.11980438232422
2012-02-27,14046.675028620439,106.29810333251953
2012-02-28,14189.224554687049,106.6080551147461
2012-02-29,14125.63174943185,106.18958282470703
2012-03-01,14237.475251967977,106.73982238769531
2012-03-02,14226.508882718213,106.4143295288086
2012-03-05,14079.570343746782,105.98033905029297
2012-03-06,13941.403193494834,104.43035125732422
2012-03-07,14048.868112839244,105.1588363647461
2012-03-08,14200.193768404022,106.20508575439453
2012-03-09,14259.405146000294,106.61582946777344
2012-03-12,14265.983450500973,106.6235580444336
2012-03-13,14531.34664097642,108.54553985595703
2012-03-14,14581.78852616468,108.4293441772461
2012-03-15,14623.456178166245,109.05703735351562
2012-03-16,14613.133606661648,109.20809173583984
2012-03-19,14716.376388510882,109.63623046875
2012-03-20,14742.744599546322,109.3170394897461
2012-03-21,14744.939580076601,109.13800048828125
2012-03-22,14714.18520060355,108.3518295288086
2012-03-23,14705.400537703752,108.70206451416016
2012-03-26,14962.419957696931,110.22777557373047
2012-03-27,14984.390622425923,109.88525390625
2012-03-28,14925.082532944516,109.34040832519531
2012-03-29,14867.956149813075,109.1535415649414
2012-03-30,14839.403387960458,109.60499572753906
2012-04-02,14993.17812979293,110.40673065185547
2012-04-03,14988.784376109426,109.95526123046875
2012-04-04,14784.477674293716,108.8656005859375
2012-04-05,14876.744605335818,108.81108093261719
2012-04-09,14764.709575340896,107.5890121459961
2012-04-10,14527.457306144799,105.78316497802734
2012-04-11,14597.752624302175,106.63932800292969
2012-04-12,14764.709575340896,108.03267669677734
2012-04-13,14540.637619039573,106.74836730957031
2012-04-16,14378.066836438464,106.67830657958984
2012-04-17,14670.24576745704,108.25845336914062
2012-04-18,14632.905498237415,107.89259338378906
2012-04-19,14468.136890638816,107.19982147216797
2012-04-20,14428.601640888914,107.37882232666016
2012-04-23,14296.796615629695,106.47591400146484
2012-04-24,14219.903081701172,106.88065338134766
2012-04-25,14597.752624302175,108.34403228759766
2012-04-26,14683.43271744197,109.09912872314453
2012-04-27,14771.305894800571,109.27812194824219
2012-04-30,14665.858650863693,108.87335968017578
2012-05-01,14690.021451655752,109.55054473876953
2012-05-02,14731.756422714618,109.2236328125
2012-05-03,14575.786700351866,108.39076232910156
2012-05-04,14213.310554864443,106.63932800292969
2012-05-07,14226.4956085379,106.71722412109375
2012-05-08,14173.768668024382,106.28914642333984
2012-05-09,14129.832079345084,105.65862274169922
2012-05-10,14101.277421180992,105.87655639648438
2012-05-11,14099.08054433924,105.55744171142578
2012-05-14,13967.272674612814,104.3898696899414
2012-05-15,13921.139209091762,103.79048919677734
2012-05-16,13826.676349363643,103.39348602294922
2012-05-17,13534.503107279488,101.86004638671875
2012-05-18,13358.757700718024,100.98827362060547
2012-05-21,13732.213489635524,102.72409057617188
2012-05-22,13716.83250727605,102.90306854248047
2012-05-23,13743.197873844283,102.95759582519531
2012-05-24,13653.126871488194,103.15998077392578
2012-05-25,13635.552804909916,102.82528686523438
2012-05-29,13809.101334629628,104.07068634033203
2012-05-30,13692.667810172517,102.56060028076172
2012-05-31,13633.357824379636,102.33487701416016
2012-06-01,13270.883575203687,99.75841522216797
2012-06-04,13371.938013612798,99.71171569824219
2012-06-05,13426.858986500858,100.46672058105469
2012-06-06,13734.406573854329,102.72409057617188
2012-06-07,13679.492238056426,102.78633117675781
2012-06-08,13811.296315159907,103.60366821289062
2012-06-11,13578.436851491579,102.28816986083984
2012-06-12,13743.197873844283,103.46355438232422
2012-06-13,13648.7359622719,102.8019027709961
2012-06-14,13699.261285164983,103.89163970947266
2012-06-15,13869.466617757367,104.95419311523438
2012-06-18,13999.373435231868,105.15760040283203
2012-06-19,14144.697264983834,106.1747817993164
2012-06-20,14155.704404930271,106.00261688232422
2012-06-21,13803.411452054163,103.62407684326172
2012-06-22,13948.731489183181,104.42215728759766
2012-06-25,13680.106642973757,102.74779510498047
2012-06-26,13765.974470949403,103.26416015625
2012-06-27,13849.646370239034,104.19523620605469
2012-06-28,13695.520810784012,103.89791107177734
2012-06-29,14127.084324020354,106.48776245117188
2012-07-02,14168.917903275827,106.80850219726562
2012-07-03,14287.81473633668,107.51271057128906
2012-07-05,14296.625947597104,107.02759552001953
2012-07-06,14118.27311275993,106.01045227050781
2012-07-09,14091.852753158975,105.8774642944336
2012-07-10,13953.135672579789,104.95419311523438
2012-07-11,13876.06672983999,104.9698257446289
2012-07-12,13746.163704988434,104.46124267578125
2012-07-13,13955.337290200223,106.21388244628906
2012-07-16,13915.704380409448,105.96350860595703
2012-07-17,13988.36345081822,106.69119262695312
2012-07-18,14177.719632978884,107.48140716552734
2012-07-19,14334.060084234654,107.76307678222656
2012-07-20,14144.697264983834,106.77722930908203
2012-07-23,13972.950231163702,105.69749450683594
2012-07-24,13862.858920428853,104.78987121582031
2012-07-25,13770.382446968955,104.81336212158203
2012-07-26,13953.135672579789,106.54254150390625
2012-07-27,14283.413397407285,108.50636291503906
2012-07-30,14272.398672214953,108.50636291503906
2012-07-31,14268.000177752767,107.74745178222656
2012-08-01,14226.164702185819,107.65355682373047
2012-08-02,14175.52085982566,106.91027069091797
2012-08-03,14444.146654190821,109.03055572509766
2012-08-06,14554.24080939288,109.24186706542969
2012-08-07,14675.343052697115,109.78954315185547
2012-08-08,14668.73819983581,109.92259979248047
2012-08-09,14712.780033801877,110.01648712158203
2012-08-10,14721.581763504933,110.1964340209961
2012-08-13,14756.808593587628,110.14164733886719
2012-08-14,14763.415342760407,110.15727233886719
2012-08-15,14800.85137570943,110.28247833251953
2012-08-16,14976.995955836011,111.0962142944336
2012-08-17,15043.048277072006,111.24488067626953
2012-08-20,15065.067297743566,111.25271606445312
2012-08-21,15005.616984901666,110.91624450683594
2012-08-22,15067.267019052528,110.9632339477539
2012-08-23,14943.968847062277,110.05560302734375
2012-08-24,15036.446268677912,110.72068786621094
2012-08-27,15060.665958814168,110.74410247802734
2012-08-28,15060.665958814168,110.63455200195312
2012-08-29,15060.665958814168,110.72068786621094
2012-08-30,14908.733483577953,109.92259979248047
2012-08-31,15007.823343300784,110.44681549072266
2012-09-04,14992.407279179057,110.34508514404297
2012-09-05,14976.995955836011,110.25121307373047
2012-09-06,15309.47909090689,112.48896789550781
2012-09-07,15287.459122079594,112.92704010009766
2012-09-10,15091.486709188785,112.28548431396484
2012-09-11,15067.267019052528,112.59848022460938
2012-09-12,15111.303164084173,112.97403717041016
2012-09-13,15316.080151145248,114.69535064697266
2012-09-14,15452.59845857121,115.20397186279297
2012-09-17,15459.201415121042,114.81272888183594
2012-09-18,15472.412068999389,114.71885681152344
2012-09-19,15501.031201753569,114.78144073486328
2012-09-20,15485.62651550068,114.78931427001953
2012-09-21,15490.037335987445,114.74127197265625
2012-09-24,15399.500789164675,114.5682373046875
2012-09-25,15183.111738797197,113.3489990234375
2012-09-26,15059.45326762703,112.71183776855469
2012-09-27,15267.0159362423,113.77373504638672
2012-09-28,15141.157743763171,113.24669647216797
2012-10-01,15119.074248501522,113.545654296875
2012-10-02,15163.241239024821,113.66364288330078
2012-10-03,15260.394016577735,114.12772369384766
2012-10-04,15313.389285164716,114.94579315185547
2012-10-05,15231.692394274469,114.95366668701172
2012-10-08,15092.575191974427,114.56033325195312
2012-10-09,14851.888702700287,113.42767333984375
2012-10-10,14776.81467963034,112.70399475097656
2012-10-11,14730.44227886366,112.76688385009766
2012-10-12,14723.81941104336,112.39720153808594
2012-10-15,14832.020099239386,113.33329010009766
2012-10-16,15041.79007440951,114.4817123413086
2012-10-17,15032.954211099935,115.00082397460938
2012-10-18,14858.508726053378,114.70195770263672
2012-10-19,14503.008162320279,112.79049682617188
2012-10-22,14578.085978013174,112.80625915527344
2012-10-23,14438.968775713132,111.24090576171875
2012-10-24,14388.183658148215,110.92623138427734
2012-10-25,14388.183658148215,111.24877166748047
2012-10-26,14430.135756870766,111.1858139038086
2012-10-31,14341.815998160218,111.1858139038086
2012-11-01,14544.958364731358,112.35002899169922
2012-11-02,14390.386223924386,111.35103607177734
2012-11-05,14485.339280168339,111.57913208007812
2012-11-06,14511.837388539698,112.45226287841797
2012-11-07,14169.575923357042,109.90367126464844
2012-11-08,13946.55736807911,108.58216094970703
2012-11-09,14006.175504486391,108.67658233642578
2012-11-12,14003.964405308589,108.76310729980469
2012-11-13,13906.808783288465,108.38553619384766
2012-11-14,13743.410260729286,106.92247772216797
2012-11-15,13697.037859962606,106.74153900146484
2012-11-16,13756.658840837097,107.26856994628906
2012-11-19,14083.460626734139,109.4395751953125
2012-11-20,14087.877136155323,109.48678588867188
2012-11-21,14116.581602925799,109.6913070678711
2012-11-23,14330.769983828579,111.1858139038086
2012-11-26,14392.603012036607,110.94986724853516
2012-11-27,14344.0214084036,110.38350677490234
2012-11-28,14467.674190639345,111.27239990234375
2012-11-29,14553.78948726225,111.79151916503906
2012-11-30,14529.502478068693,111.81512451171875
2012-12-03,14500.800855765425,111.2645034790039
2012-12-04,14491.967836923059,111.10719299316406
2012-12-05,14330.769983828579,111.30381774902344
2012-12-06,14423.512889050466,111.68141174316406
2012-12-07,14337.396644271825,112.0196304321289
2012-12-10,14379.345898527166,112.06683349609375
2012-12-11,14567.04375630448,112.8298568725586
2012-12-12,14536.128190356203,112.8849105834961
2012-12-13,14421.306530651347,112.19265747070312
2012-12-14,14284.399479373371,111.77577209472656
2012-12-17,14474.298006615383,113.0894546508789
2012-12-18,14695.111151649937,114.34801483154297
2012-12-19,14631.076505821471,113.4984130859375
2012-12-20,14631.076505821471,114.15129089355469
2012-12-21,14477.201259480917,113.1151351928711
2012-12-24,14448.337502546688,112.76663208007812
2012-12-26,14321.769141420831,112.29126739501953
2012-12-27,14299.563334069157,112.14078521728516
2012-12-28,14161.899654513356,110.92872619628906
2012-12-31,14461.657194334746,112.81413269042969
2013-01-02,14921.288013686557,115.70557403564453
2013-01-03,14843.571480578645,115.44415283203125
2013-01-04,14794.7196525607,115.95114135742188
2013-01-07,14799.164606653982,115.63428497314453
2013-01-08,14770.300849719752,115.30152893066406
2013-01-09,14825.80588654157,115.59471130371094
2013-01-10,14914.627219636792,116.51360321044922
2013-01-11,14934.608653630352,116.50565338134766
2013-01-14,14867.99407604254,116.42646789550781
2013-01-15,14794.7196525607,116.50565338134766
2013-01-16,14854.674384254482,116.48986053466797
2013-01-17,14925.731071468364,117.2424087524414
2013-01-18,14892.419515973645,117.50379943847656
2013-01-22,14916.845904060485,118.13760375976562
2013-01-23,15007.882128956455,118.32766723632812
2013-01-24,14801.387083700622,118.35929870605469
2013-01-25,14876.874502671735,119.02481079101562
2013-01-28,14910.18511001072,118.88223266601562
2013-01-29,14912.405690745887,119.34955596923828
2013-01-30,14881.316612297807,118.88223266601562
2013-01-31,14848.01264204898,118.58905029296875
2013-02-01,15023.427142258362,119.80906677246094
2013-02-04,14761.4137860004,118.46235656738281
2013-02-05,14979.015527555015,119.65852355957031
2013-02-06,14930.170336627227,119.74571228027344
2013-02-07,14943.48813210381,119.58731079101562
2013-02-08,15096.697773117257,120.25270080566406
2013-02-11,15101.140830899065,120.22892761230469
2013-02-12,15038.965518470115,120.42693328857422
2013-02-13,15092.259456114132,120.52993774414062
2013-02-14,15087.813553865113,120.64078521728516
2013-02-15,15043.408576251923,120.49823760986328
2013-02-19,15152.20944702923,121.40135955810547
2013-02-20,14919.066484795652,119.88827514648438
2013-02-21,14759.198894199651,119.15946197509766
2013-02-22,14907.964529275552,120.32400512695312
2013-02-25,14723.66486165829,118.03460693359375
2013-02-26,14779.178431881737,118.84259796142578
2013-02-27,14930.170336627227,120.33982849121094
2013-02-28,14899.085050802092,120.1021499633789
2013-03-01,14961.24993351794,120.49823760986328
2013-03-04,15027.863562950015,121.139892578125
2013-03-05,15249.908362286438,122.22518157958984
2013-03-06,15212.163230567277,122.39154052734375
2013-03-07,15252.12799486587,122.61337280273438
2013-03-08,15269.890744435736,123.13622283935547
2013-03-11,15314.30615176203,123.60359191894531
2013-03-12,15258.787840759898,123.32633209228516
2013-03-13,15238.802614143393,123.50067138671875
2013-03-14,15289.875971052243,124.15812683105469
2013-03-15,15247.37394200245,123.99419403076172
2013-03-18,15213.98084511438,123.3099136352539
2013-03-19,15185.05261359006,123.02347564697266
2013-03-20,15291.88037227946,123.88280487060547
2013-03-21,15118.288227395862,122.82450866699219
2013-03-22,15265.17746226899,123.81120300292969
2013-03-25,15209.533046553888,123.29399871826172
2013-03-26,15291.88037227946,124.2806167602539
2013-03-27,15311.915851150006,124.2806167602539
2013-03-28,15349.745368729727,124.66258239746094
2013-04-01,15245.149568644336,124.16924285888672
2013-04-02,15365.327360105364,124.78192138671875
2013-04-03,15225.105556372158,123.5167007446289
2013-04-04,15229.566629112964,124.0180435180664
2013-04-05,15102.703391553017,123.46107482910156
2013-04-08,15182.826343920473,124.29657745361328
2013-04-09,15285.206304049381,124.72623443603516
2013-04-10,15583.42877973318,126.25398254394531
2013-04-11,15576.751867035893,126.66776275634766
2013-04-12,15565.62810393385,126.357421875
2013-04-15,15258.493912481546,123.4292221069336
2013-04-16,15461.027563069774,125.25139617919922
2013-04-17,15158.342118333698,123.42133331298828
2013-04-18,14949.14577738423,122.64947509765625
2013-04-19,15153.894319773208,123.71572875976562
2013-04-22,15309.683892546,124.26472473144531
2013-04-23,15456.568386640445,125.54586791992188
2013-04-24,15449.89337025463,125.6253890991211
2013-04-25,15532.248281226093,126.1346206665039
2013-04-26,15483.281726364015,125.91187286376953
2013-04-29,15625.71842189797,126.75528717041016
2013-04-30,15739.221196973183,127.05762481689453
2013-05-01,15665.783690704644,125.94368743896484
2013-05-02,15863.851527773386,127.11333465576172
2013-05-03,16050.801290674506,128.40240478515625
2013-05-06,16113.114085685265,128.72857666015625
2013-05-07,16104.21090331839,129.38107299804688
2013-05-08,16182.100000770366,129.9698486328125
2013-05-09,16159.852474566282,129.60389709472656
2013-05-10,16257.776102733069,130.025634765625
2013-05-13,16277.80494451346,130.12904357910156
2013-05-14,16362.382332531564,131.47373962402344
2013-05-15,16395.755518149166,132.18197631835938
2013-05-16,16377.952946038362,131.56129455566406
2013-05-17,16535.968788480743,132.83448791503906
2013-05-20,16511.502577852963,132.82647705078125
2013-05-21,16529.293772094927,133.01747131347656
2013-05-22,16384.63175504712,132.0308074951172
2013-05-23,16346.8022374674,131.64891052246094
2013-05-24,16337.904744034946,131.5374755859375
2013-05-28,16444.729658257136,132.32518005371094
2013-05-29,16366.829182936319,131.46583557128906
2013-05-30,16453.629048001065,131.95120239257812
2013-05-31,16302.292014567445,130.05743408203125
2013-06-03,16331.212660845871,130.77359008789062
2013-06-04,16246.656132253973,130.14500427246094
2013-06-05,16035.226884544762,128.3228302001953
2013-06-06,16113.114085685265,129.48455810546875
2013-06-07,16333.446515761352,131.1316680908203
2013-06-10,16340.123428458639,131.1316680908203
2013-06-11,16177.658839300033,129.7789306640625
2013-06-12,15990.703387464493,128.70472717285156
2013-06-13,16193.242726987142,130.66212463378906
2013-06-14,16086.41022751906,129.8426055908203
2013-06-17,16242.199800291852,130.84523010253906
2013-06-18,16375.728572680247,131.8795928955078
2013-06-19,16193.242726987142,130.05743408203125
2013-06-20,15808.210904681231,126.83487701416016
2013-06-21,15724.268781006664,127.24199676513672
2013-06-24,15567.983322783617,125.63417053222656
2013-06-25,15681.849241505957,126.84207916259766
2013-06-26,15822.501507943589,128.0979461669922
2013-06-27,15889.483021801474,128.84982299804688
2013-06-28,15911.803555997278,128.32186889648438
2013-07-01,16010.043868180097,129.07376098632812
2013-07-02,16016.741640303591,128.95376586914062
2013-07-03,16081.477921377154,129.0098419189453
2013-07-05,16204.273570826996,130.40170288085938
2013-07-08,16219.912451546828,131.1455841064453
2013-07-09,16318.139489549336,132.0894775390625
2013-07-10,16411.912091901195,132.1374969482422
2013-07-11,16737.867174725434,133.937255859375
2013-07-12,16811.548357018284,133.9932403564453
2013-07-15,16849.504927466714,134.50523376464844
2013-07-16,16827.17775618075,134.00131225585938
2013-07-17,16869.60014014867,134.34521484375
2013-07-18,16827.17775618075,135.08111572265625
2013-07-19,16653.02809572402,135.32115173339844
2013-07-22,16702.14825181543,135.58506774902344
2013-07-23,16579.354498677065,135.297119140625
2013-07-24,16632.944260910906,134.80123901367188
2013-07-25,16737.867174725434,135.12913513183594
2013-07-26,16827.17775618075,135.2731475830078
2013-07-29,16795.917061544344,134.857177734375
2013-07-30,16885.223850376715,134.857177734375
2013-07-31,16916.480752390176,134.95314025878906
2013-08-01,17088.39276530848,136.51300048828125
2013-08-02,17184.3935336414,136.7449951171875
2013-08-05,17195.553326661433,136.5449981689453
2013-08-06,17092.85478620502,135.76904296875
2013-08-07,17061.59788419156,135.32911682128906
2013-08-08,17146.438859504444,135.8250274658203
2013-08-09,17077.227283354026,135.43312072753906
2013-08-12,17117.412019783515,135.2731475830078
2013-08-13,17213.41658073938,135.67306518554688
2013-08-14,17148.667025485505,134.97714233398438
2013-08-15,16858.428969259792,133.08941650390625
2013-08-16,16851.729300824827,132.6494140625
2013-08-19,16822.708150038317,131.801513671875
2013-08-20,16896.385539708222,132.44943237304688
2013-08-21,16838.337549200787,131.63356018066406
2013-08-22,17003.54799737265,132.8334197998047
2013-08-23,17117.412019783515,133.28134155273438
2013-08-26,17126.34364682249,132.785400390625
2013-08-27,16775.823745173864,130.64967346191406
2013-08-28,16840.56761149332,131.1136016845703
2013-08-29,16958.897447423675,131.32159423828125
2013-08-30,16849.504927466714,130.9056396484375
2013-09-03,16945.50569579963,131.4975128173828
2013-09-04,17126.34364682249,132.58541870117188
2013-09-05,17155.37807178931,132.75343322753906
2013-09-06,17175.4638029139,132.81741333007812
2013-09-09,17376.398862930186,134.0892791748047
2013-09-10,17461.22846037423,135.08111572265625
2013-09-11,17427.747185002656,135.5050811767578
2013-09-12,17416.577910425254,135.14512634277344
2013-09-13,17427.747185002656,135.44911193847656
2013-09-16,17380.866572761144,136.23304748535156
2013-09-17,17496.958761153073,136.8409423828125
2013-09-18,17706.825448208332,138.42477416992188
2013-09-19,17749.247832176246,138.19276428222656
2013-09-20,17688.332618721266,137.2266082763672
2013-09-23,17652.50560605729,136.59165954589844
2013-09-24,17652.50560605729,136.2700958251953
2013-09-25,17592.045507355888,135.87623596191406
2013-09-26,17728.644408019463,136.39871215820312
2013-09-27,17706.254658454884,135.77175903320312
2013-09-30,17663.701428995315,135.0482635498047
2013-10-01,17842.84787018404,136.11734008789062
2013-10-02,17836.133031257286,135.98873901367188
2013-10-03,17627.87631264281,134.7347869873047
2013-10-04,17780.140642386847,135.75563049316406
2013-10-07,17632.345918785246,134.58209228515625
2013-10-08,17291.971283518465,133.0146026611328
2013-10-09,17238.237401612656,133.11114501953125
2013-10-10,17603.23943398244,135.98077392578125
2013-10-11,17742.077878495915,136.85684204101562
2013-10-14,17867.482852532936,137.40354919433594
2013-10-15,17798.058889497515,136.40672302246094
2013-10-16,17999.59887287377,138.3118133544922
2013-10-17,18102.60651210032,139.2361602783203
2013-10-18,18395.958311765095,140.17657470703125
2013-10-21,18436.266308440343,140.18467712402344
2013-10-22,18463.13514570472,140.99652099609375
2013-10-23,18351.16933107857,140.3212432861328
2013-10-24,18431.789117052016,140.78746032714844
2013-10-25,18563.903241081374,141.43055725097656
2013-10-28,18568.384225092646,141.65562438964844
2013-10-29,18599.73783899124,142.4111785888672
2013-10-30,18581.823384503517,141.70382690429688
2013-10-31,18539.27015504395,141.30198669433594
2013-11-01,18543.76251692406,141.63954162597656
2013-11-04,18570.625665254018,142.13790893554688
2013-11-05,18590.773974657222,141.6877899169922
2013-11-06,18586.2967832689,142.4111785888672
2013-11-07,18236.971557848414,140.6106414794922
2013-11-08,18483.283455107925,142.5076446533203
2013-11-11,18454.18076292807,142.53176879882812
2013-11-12,18483.283455107925,142.242431640625
2013-11-13,18707.22266960612,143.3838348388672
2013-11-14,18765.44132814615,144.0991973876953
2013-11-15,18801.277822367494,144.7261962890625
2013-11-18,18617.644708233074,144.2197723388672
2013-11-19,18563.903241081374,143.90634155273438
2013-11-20,18519.118053017795,143.45616149902344
2013-11-21,18707.22266960612,144.6136932373047
2013-11-22,18807.990764982773,145.3371124267578
2013-11-25,18852.781641980768,145.19239807128906
2013-11-26,18951.3045045731,145.23255920410156
2013-11-27,19083.43190278277,145.58621215820312
2013-11-29,19197.62777970145,145.48977661132812
2013-12-02,19141.642976076902,145.11204528808594
2013-12-03,19125.966169127605,144.48504638671875
2013-12-04,19143.884416238277,144.4689483642578
2013-12-05,19119.25701913527,143.8339385986328
2013-12-06,19258.093567337273,145.4416046142578
2013-12-09,19336.466224214928,145.8113250732422
2013-12-10,19323.034650049947,145.28884887695312
2013-12-11,19074.47562369464,143.65711975097656
2013-12-12,19025.20755530832,143.18289184570312
2013-12-13,19000.57067664795,143.16676330566406
2013-12-16,19105.819756035875,144.05905151367188
2013-12-17,19067.74940689905,143.6008758544922
2013-12-18,19289.443388612926,146.05250549316406
2013-12-19,19235.698128838278,145.88365173339844
2013-12-20,19431.58520771279,146.73223876953125
2013-12-23,19636.015169774262,147.51617431640625
2013-12-24,19645.00178984596,147.83944702148438
2013-12-26,19710.143881574797,148.59109497070312
2013-12-27,19660.722211959142,148.58303833007812
2013-12-30,19631.522807894147,148.55873107910156
2013-12-31,19759.56555119045,149.26185607910156
2014-01-02,19604.559155056108,147.8313751220703
2014-01-03,19463.04501505389,147.80714416503906
2014-01-06,19391.153950791777,147.37879943847656
2014-01-07,19570.867389111,148.28396606445312
2014-01-08,19613.543878816334,148.3162841796875
2014-01-09,19548.40557971044,148.4132537841797
2014-01-10,19611.30243865496,148.81729125976562
2014-01-13,19321.515704559883,146.8373260498047
2014-01-14,19689.921616024134,148.4374542236328
2014-01-15,19851.673192068803,149.23760986328125
2014-01-16,19853.91083960723,149.04364013671875
2014-01-17,19741.597999981477,148.4132537841797
2014-01-21,19892.106345301287,148.84976196289062
2014-01-22,19943.775144012736,148.94667053222656
2014-01-23,19876.37644163074,147.72633361816406
2014-01-24,19485.499239208555,144.57444763183594
2014-01-27,19296.80297344058,143.86322021484375
2014-01-28,19285.57491320751,144.71990966796875
2014-01-29,19078.903510984666,143.32981872558594
2014-01-30,19431.58520771279,144.84918212890625
2014-01-31,19379.923994247234,144.00057983398438
2014-02-03,18935.13086401781,140.7598114013672
2014-02-04,19074.40925279308,141.7457733154297
2014-02-05,19024.98568686595,141.5680694580078
2014-02-06,19267.59977675264,143.43484497070312
2014-02-07,19611.30243865496,145.21290588378906
2014-02-10,19723.622863526605,145.47958374023438
2014-02-11,19948.259920646953,147.07168579101562
2014-02-12,19986.457322652484,147.14442443847656
2014-02-13,20134.724227810922,147.90403747558594
2014-02-14,20175.149795797515,148.72035217285156
2014-02-18,20273.99692765177,148.89817810058594
2014-02-19,20134.724227810922,147.9121551513672
2014-02-20,20229.0695162277,148.7850799560547
2014-02-21,20202.113448635555,148.61532592773438
2014-02-24,20309.939615315616,149.4396514892578
2014-02-25,20287.472116980636,149.38308715820312
2014-02-26,20269.500773148713,149.39120483398438
2014-02-27,20401.021351686944,150.1750946044922
2014-02-28,20378.455245155354,150.55490112304688
2014-03-03,20227.3192207379,149.49618530273438
2014-03-04,20484.481812247308,151.5974578857422
2014-03-05,20540.870530215656,151.73483276367188
2014-03-06,20522.832815482172,152.08236694335938
2014-03-07,20421.315677073588,152.1470184326172
2014-03-10,20439.366665987385,152.0662078857422
2014-03-11,20351.389191497758,151.31466674804688
2014-03-12,20428.08361272159,151.35496520996094
2014-03-13,20139.345538871217,149.65786743164062
2014-03-14,20001.745385749768,149.23760986328125
2014-03-17,20177.694645794607,150.5872802734375
2014-03-18,20421.315677073588,151.66212463378906
2014-03-19,20310.78347392121,150.85394287109375
2014-03-20,20367.17977713545,151.73483276367188
2014-03-21,20122.094793399127,151.14637756347656
2014-03-24,19945.74351532196,150.5212860107422
2014-03-25,20011.314173443752,151.235595703125
2014-03-26,19753.563725377637,150.1479034423828
2014-03-27,19642.783105422266,149.83128356933594
2014-03-28,19681.2213389849,150.57000732421875
2014-03-31,19821.39289046406,151.80386352539062
2014-04-01,20169.578432689126,152.8104248046875
2014-04-02,20221.584774842813,153.32180786132812
2014-04-03,20061.056319698386,153.11888122558594
2014-04-04,19527.48167891468,151.30865478515625
2014-04-07,19342.08689142162,149.63648986816406
2014-04-08,19520.696676463416,150.25343322753906
2014-04-09,19855.316006408902,151.8688201904297
2014-04-10,19240.345988259196,148.6786651611328
2014-04-11,19016.5129672035,147.3393096923828
2014-04-14,19165.735613344455,148.50009155273438
2014-04-15,19229.04017925572,149.52284240722656
2014-04-16,19484.520742488363,151.0895538330078
2014-04-17,19489.047237974995,151.30055236816406
2014-04-21,19633.735803383424,151.82823181152344
2014-04-22,19789.747244598584,152.5181884765625
2014-04-23,19615.650680863106,152.16102600097656
2014-04-24,19803.307767943745,152.46951293945312
2014-04-25,19486.777353141522,151.21942138671875
2014-04-28,19550.08950429868,151.6983642578125
2014-04-29,19706.089567645,152.40452575683594
2014-04-30,19758.09022086427,152.859130859375
2014-05-01,19816.868291288905,152.87535095214844
2014-05-02,19780.694253625323,152.6561737060547
2014-05-05,19884.70504162122,152.94842529296875
2014-05-06,19626.952697243632,151.6171112060547
2014-05-07,19570.43313378363,152.51004028320312
2014-05-08,19552.34611495184,152.34768676757812
2014-05-09,19624.701775524893,152.57498168945312
2014-05-12,19948.00581490954,154.06053161621094
2014-05-13,19961.573923500593,154.19850158691406
2014-05-14,19857.572617062062,153.4679412841797
2014-05-15,19701.5611758469,152.12039184570312
2014-05-16,19830.44398512585,152.64810180664062
2014-05-19,19968.349444394487,153.20819091796875
2014-05-20,19896.00705800175,152.24224853515625
2014-05-21,20085.928340981438,153.5247344970703
2014-05-22,20174.097342929865,153.89817810058594
2014-05-23,20321.061482106186,154.5150604248047
2014-05-27,20574.27974575125,155.46482849121094
2014-05-28,20510.97517983998,155.35113525390625
2014-05-29,20642.108910837673,156.15478515625
2014-05-30,20644.363625179358,156.406494140625
2014-06-02,20624.023788317354,156.5850067138672
2014-06-03,20614.982175212932,156.50384521484375
2014-06-04,20691.837782911993,156.82044982910156
2014-06-05,20865.94003558189,157.84326171875
2014-06-06,20985.766061264632,158.59812927246094
2014-06-09,20969.941342020422,158.76043701171875
2014-06-10,21006.10969074958,158.7767333984375
2014-06-11,21001.585091574427,158.2247314453125
2014-06-12,20811.680875397993,157.10458374023438
2014-06-13,20872.72124541021,157.58346557617188
2014-06-16,20890.806367930523,157.7133331298828
2014-06-17,20902.108384311054,158.1516876220703
2014-06-18,21019.68538458653,159.3125
2014-06-19,21006.10969074958,159.49102783203125
2014-06-20,21030.82621449183,159.8148651123047
2014-06-23,21035.3640878473,159.76593017578125
2014-06-24,21014.94839852637,158.80345153808594
2014-06-25,21148.708520914497,159.5211639404297
2014-06-26,21160.03708565565,159.40707397460938
2014-06-27,21252.98479251665,159.7169647216797
2014-06-30,21289.261230999786,159.63546752929688
2014-07-01,21522.76164794607,160.70388793945312
2014-07-02,21559.03619011773,160.86703491210938
2014-07-03,21695.056715781968,161.65817260742188
2014-07-07,21629.309700693164,161.09536743164062
2014-07-08,21368.601006728793,160.05955505371094
2014-07-09,21527.2881434327,160.7772979736328
2014-07-10,21459.28072506779,160.14108276367188
2014-07-11,21597.56544663108,160.36134338378906
2014-07-14,21726.78769566374,161.1688232421875
2014-07-15,21651.97820804431,160.86703491210938
2014-07-16,21738.12005302784,161.46243286132812
2014-07-17,21450.212563602745,159.62721252441406
2014-07-18,21790.259136984652,161.258544921875
2014-07-21,21763.05465258951,160.95669555664062
2014-07-22,21901.346959398692,161.65817260742188
2014-07-23,22041.905358418397,162.01705932617188
2014-07-24,22016.957484676415,162.02523803710938
2014-07-25,21930.811847069937,161.26670837402344
2014-07-28,21937.612020012988,161.33193969726562
2014-07-29,21899.073281942274,160.6386260986328
2014-07-30,21985.218919548748,160.66310119628906
2014-07-31,21540.89607456469,157.49034118652344
2014-08-01,21461.544920966844,157.00906372070312
2014-08-04,21608.89970030665,158.14280700683594
2014-08-05,21443.410494348223,156.60948181152344
2014-08-06,21427.545952563072,156.65841674804688
2014-08-07,21359.536637886693,155.8101348876953
2014-08-08,21513.69348648102,157.6126708984375
2014-08-11,21640.647746991683,158.06939697265625
2014-08-12,21631.568207657798,157.8491973876953
2014-08-13,21860.53644018303,158.91766357421875
2014-08-14,21973.890354807594,159.66806030273438
2014-08-15,22080.434614931746,159.63546752929688
2014-08-18,22250.45979793417,160.97308349609375
2014-08-19,22375.138484676943,161.81317138671875
2014-08-20,22375.138484676943,162.24545288085938
2014-08-21,22420.488773559544,162.71849060058594
2014-08-22,22454.482053028896,162.4656982421875
2014-08-25,22533.838895561163,163.2894287109375
2014-08-26,22556.50361028936,163.3954620361328
2014-08-27,22561.037691021884,163.3301544189453
2014-08-28,22536.103091460216,163.24050903320312
2014-08-29,22619.98074054469,163.70538330078125
2014-09-02,22685.72396301055,163.62384033203125
2014-09-03,22551.967633245364,163.53416442871094
2014-09-04,22531.56901072769,163.29763793945312
2014-09-05,22644.917236417838,164.03164672851562
2014-09-08,22687.990055221075,163.6075439453125
2014-09-09,22499.822860354132,162.57167053222656
2014-09-10,22685.72396301055,163.18333435058594
2014-09-11,22667.581951146036,163.3709716796875
2014-09-12,22551.967633245364,162.41677856445312
2014-09-15,22334.3336543957,162.29434204101562
2014-09-16,22529.29912589422,163.517822265625
2014-09-17,22563.30378323241,163.7380828857422
2014-09-18,22733.33086254631,164.61077880859375
2014-09-19,22719.241268300117,164.46241760253906
2014-09-22,22507.910628787515,163.1923370361328
2014-09-23,22446.551678447795,162.2581329345703
2014-09-24,22687.424954402046,163.52830505371094
2014-09-25,22210.225757406377,160.8896942138672
2014-09-26,22446.551678447795,162.1680145263672
2014-09-29,22417.014730940566,161.8730010986328
2014-09-30,22448.82345959274,161.44692993164062
2014-10-01,22089.791015740724,159.25900268554688
2014-10-02,22089.791015740724,159.28359985351562
2014-10-03,22307.944583934055,161.0371856689453
2014-10-06,22260.216320464006,160.84869384765625
2014-10-07,21944.359096234784,158.36578369140625
2014-10-08,22371.56393754988,161.13552856445312
2014-10-09,22010.261608864395,157.93966674804688
2014-10-10,21460.33886686986,156.13693237304688
2014-10-13,21124.02613077877,153.5720672607422
2014-10-14,21126.28843036635,153.80960083007812
2014-10-15,20989.966391177866,152.7689666748047
2014-10-16,20858.15567698423,152.63792419433594
2014-10-17,21133.117047981497,154.44064331054688
2014-10-20,21448.978064833664,155.94027709960938
2014-10-21,22012.52959738639,159.02952575683594
2014-10-22,21898.91399177852,157.898681640625
2014-10-23,22228.403799188884,159.7342529296875
2014-10-24,22410.197491194256,160.96340942382812
2014-10-27,22426.10564814329,160.74220275878906
2014-10-28,22764.688269067854,162.5859375
2014-10-29,22680.609610967214,162.34011840820312
2014-10-30,22728.33028919137,163.38082885742188
2014-10-31,23041.915732275644,165.24911499023438
2014-11-03,23110.095714984618,165.3392333984375
2014-11-04,23032.821022449974,164.76565551757812
2014-11-05,23035.098492529338,165.80636596679688
2014-11-06,23107.812555970835,166.47007751464844
2014-11-07,23087.364629354855,166.62579345703125
2014-11-10,23169.1752989335,167.15020751953125
2014-11-11,23241.887466063523,167.31410217285156
2014-11-12,23282.789008229898,167.13381958007812
2014-11-13,23382.7739269681,167.3223114013672
2014-11-14,23455.491783032543,167.3632354736328
2014-11-17,23385.049500735993,167.4698028564453
2014-11-18,23560.022160372107,168.43679809570312
2014-11-19,23453.21431295318,168.1663360595703
2014-11-20,23557.74658660422,168.4613037109375
2014-11-21,23603.1973799949,169.36276245117188
2014-11-24,23787.247682653433,169.8380126953125
2014-11-25,23823.61324777581,169.715087890625
2014-11-26,23978.13608448448,170.14944458007812
2014-11-28,24089.481805258878,169.78883361816406
2014-12-01,23816.79980065245,168.60885620117188
2014-12-02,23912.24494972371,169.69871520996094
2014-12-03,23955.41258410061,170.354248046875
2014-12-04,23944.04609312999,170.16583251953125
2014-12-05,23946.321666897882,170.44442749023438
2014-12-08,23775.892569551655,169.30540466308594
2014-12-09,23850.88599938399,169.19064331054688
2014-12-10,23475.941605959993,166.47833251953125
2014-12-11,23587.29111935734,167.3223114013672
2014-12-12,23330.511582765528,164.61814880371094
2014-12-15,23089.632617876854,163.48733520507812
2014-12-16,22719.241268300117,162.1762237548828
2014-12-17,23132.81542274554,165.3556671142578
2014-12-18,23689.547819240488,169.44468688964844
2014-12-19,23793.774786744336,170.16567993164062
2014-12-22,23853.081928070005,170.9484405517578
2014-12-23,23768.690378576277,171.17913818359375
2014-12-24,23789.22363920855,171.195556640625
2014-12-26,23958.001049261584,171.7476348876953
2014-12-29,23953.440420168437,171.97837829589844
2014-12-30,23793.774786744336,171.0555419921875
2014-12-31,23549.73087800682,169.3581085205078
2015-01-02,23479.02121579254,169.2675018310547
2015-01-05,23134.618814956597,166.21063232421875
2015-01-06,22824.41449522911,164.64501953125
2015-01-07,23118.655664974838,166.6967315673828
2015-01-08,23561.131502583958,169.65480041503906
2015-01-09,23406.034083498897,168.2952423095703
2015-01-12,23161.984485826964,166.97691345214844
2015-01-13,23155.138801408557,166.50723266601562
2015-01-14,23027.420327374177,165.50196838378906
2015-01-15,22728.628010092667,163.98587036132812
2015-01-16,22995.48644216477,166.136474609375
2015-01-20,23177.955221054614,166.49075317382812
2015-01-21,23296.550540591223,167.33120727539062
2015-01-22,23727.637131492043,169.81961059570312
2015-01-23,23780.096692087835,168.88851928710938
2015-01-26,23752.727228594522,169.28404235839844
2015-01-27,23136.900077658906,167.05101013183594
2015-01-28,23018.291483941986,164.9087371826172
2015-01-29,23239.532247213756,166.43309020996094
2015-01-30,23059.352316272114,164.34019470214844
2015-02-02,23260.063611534555,166.3753662109375
2015-02-03,23483.579948574217,168.78138732910156
2015-02-04,23463.052376876363,168.138671875
2015-02-05,23666.05252008701,169.83604431152344
2015-02-06,23522.359518202033,169.3664093017578
2015-02-09,23447.089226894605,168.60833740234375
2015-02-10,23812.02868098577,170.4046173095703
2015-02-11,23898.70149318181,170.50352478027344
2015-02-12,24176.96434245399,172.14317321777344
2015-02-13,24384.519425823368,172.85179138183594
2015-02-17,24407.3377417809,173.12371826171875
2015-02-18,24441.539615512305,173.14015197753906
2015-02-19,24562.42567930859,173.0166473388672
2015-02-20,24726.64435657995,174.05477905273438
2015-02-23,24751.730661059475,174.030029296875
2015-02-24,24769.97886636649,174.5244140625
2015-02-25,24708.392358649984,174.3760986328125
2015-02-26,24833.84663678531,174.17013549804688
2015-02-27,24724.364990189108,173.57681274414062
2015-03-02,24947.89080878614,174.67276000976562
2015-03-03,24831.565374083002,173.95587158203125
2015-03-04,24735.771303700665,173.22254943847656
2015-03-05,24779.102020864266,173.41207885742188
2015-03-06,24498.556012578298,170.97314453125
2015-03-09,24569.26188216963,171.6817626953125
2015-03-10,24113.094675723696,168.89674377441406
2015-03-11,23973.969888177762,168.50123596191406
2015-03-12,24131.34667365366,170.64353942871094
2015-03-13,24026.423759839134,169.59710693359375
2015-03-16,24336.620494320727,171.86297607421875
2015-03-17,24375.392478702648,171.35218811035156
2015-03-18,24614.881447281434,173.41207885742188
2015-03-19,24651.383546829886,172.62107849121094
2015-03-20,24810.94677943443,174.14483642578125
2015-03-23,24762.93596555487,173.8054656982422
2015-03-24,24673.778985328885,172.82879638671875
2015-03-25,24109.118110564308,170.29627990722656
2015-03-26,24026.816296314093,169.89068603515625
2015-03-27,24122.8322351388,170.27967834472656
2015-03-30,24399.44529342926,172.3570098876953
2015-03-31,24141.127848232645,170.8507537841797
2015-04-01,24015.389123376335,170.24656677246094
2015-04-02,24031.39209589903,170.85897827148438
2015-04-06,24227.9978768219,172.0094451904297
2015-04-07,24186.844125229585,171.55421447753906
2015-04-08,24378.87410656752,172.13356018066406
2015-04-09,24532.048665818715,172.89501953125
2015-04-10,24632.630922670985,173.83860778808594
2015-04-13,24570.90977683988,173.05226135253906
2015-04-14,24500.04272077332,173.38339233398438
2015-04-15,24653.19452428683,174.16136169433594
2015-04-16,24618.916798096496,174.1116180419922
2015-04-17,24234.85683542062,172.10879516601562
2015-04-20,24598.34371492328,173.6812744140625
2015-04-21,24703.49987504902,173.47438049316406
2015-04-22,24838.373132271943,174.32687377929688
2015-04-23,24932.102119459916,174.76548767089844
2015-04-24,25270.45149407327,175.17103576660156
2015-04-27,25206.43770767101,174.4427490234375
2015-04-28,25156.14752740061,174.99722290039062
2015-04-29,24998.402857498906,174.2772216796875
2015-04-30,24605.202673522002,172.53082275390625
2015-05-01,24929.830338314972,174.4013214111328
2015-05-04,24970.976504661394,174.89791870117188
2015-05-05,24564.054610864107,172.89501953125
2015-05-06,24394.87707909022,172.18325805664062
2015-05-07,24541.196472365635,172.87020874023438
2015-05-08,24847.53042037623,175.1461944580078
2015-05-11,24751.504999994162,174.310302734375
2015-05-12,24639.489881269707,173.7888641357422
2015-05-13,24689.780061540107,173.8219757080078
2015-05-14,25050.985678340458,175.6345672607422
2015-05-15,25050.985678340458,175.8248291015625
2015-05-18,25160.721430674075,176.37112426757812
2015-05-19,25133.289388902143,176.31320190429688
2015-05-20,25149.282879867475,176.18907165527344
2015-05-21,25279.593611685774,176.7021942138672
2015-05-22,25254.456106796468,176.2801055908203
2015-05-26,24964.113753439728,174.38478088378906
2015-05-27,25366.465536586504,176.0401153564453
2015-05-28,25309.312605094437,175.84146118164062
2015-05-29,25158.434479037343,174.74896240234375
2015-06-01,25243.017555989867,175.10487365722656
2015-06-02,25162.997004441964,174.9310302734375
2015-06-03,25238.447445339352,175.39451599121094
2015-06-04,25046.411775066994,173.91299438476562
2015-06-05,24986.97378824967,173.61508178710938
2015-06-08,24733.21697214621,172.54737854003906
2015-06-09,24692.06322055389,172.5225830078125
2015-06-10,25030.418284101666,174.59169006347656
2015-06-11,25066.988650863153,175.15451049804688
2015-06-12,24861.24075232778,173.813720703125
2015-06-15,24737.79087541967,173.06881713867188
2015-06-16,24872.67361419996,174.01234436035156
2015-06-17,24941.251822318314,174.29373168945312
2015-06-18,25304.74059813245,176.10623168945312
2015-06-19,25179.631448685253,175.32452392578125
2015-06-22,25365.232934128897,176.2227325439453
2015-06-23,25385.85532140041,176.3474884033203
2015-06-24,25255.24686868081,175.066650390625
2015-06-25,25204.842909722014,174.53443908691406
2015-06-26,25037.571170978736,174.50112915039062
2015-06-29,24446.397965506752,170.841796875
2015-06-30,24533.472795735117,171.19947814941406
2015-07-01,24728.24294715189,172.57168579101562
2015-07-02,24735.11328361945,172.41363525390625
2015-07-06,24677.831402947202,171.9229736328125
2015-07-07,24739.69856476175,173.004150390625
2015-07-08,24308.921072631067,170.1016082763672
2015-07-09,24295.17471076153,170.40933227539062
2015-07-10,24666.375785337343,172.55503845214844
2015-07-13,25099.43643648181,174.45957946777344
2015-07-14,25264.419327276886,175.2163848876953
2015-07-15,25291.913947327434,175.15821838378906
2015-07-16,25649.361074787816,176.56369018554688
2015-07-17,26027.438174765608,176.71343994140625
2015-07-20,26116.79616400776,176.80490112304688
2015-07-21,26100.75716156707,176.10623168945312
2015-07-22,25805.177195921235,175.7902374267578
2015-07-23,25708.943181277107,174.800537109375
2015-07-24,25456.889252876616,172.98751831054688
2015-07-27,25246.087684265047,171.98118591308594
2015-07-28,25463.761485655647,174.0936279296875
2015-07-29,25560.003085545668,175.29124450683594
2015-07-30,25681.440975980666,175.3328094482422
2015-07-31,25651.651819047496,175.066650390625
2015-08-03,25571.462495778476,174.47618103027344
2015-08-04,25523.33790321052,174.13522338867188
2015-08-05,25720.396902575496,174.70909118652344
2015-08-06,25307.945364522227,173.27859497070312
2015-08-07,25275.869255952326,172.94595336914062
2015-08-10,25564.586470376496,175.12498474121094
2015-08-11,25236.91522566897,173.54469299316406
2015-08-12,25323.98626327439,173.7526397705078
2015-08-13,25282.737696108412,173.5364227294922
2015-08-14,25321.699311637658,174.16844177246094
2015-08-17,25532.512258118066,175.1415557861328
2015-08-18,25401.896220152572,174.63426208496094
2015-08-19,25234.630170343713,173.253662109375
2015-08-20,24535.769228929217,169.63584899902344
2015-08-21,23463.420261302173,164.52940368652344
2015-08-24,22560.628087743666,157.6016387939453
2015-08-25,22475.842105463504,155.74697875976562
2015-08-26,23607.76938695689,161.7266845703125
2015-08-27,24205.807239962014,165.72705078125
2015-08-28,24201.23333668855,165.73538208007812
2015-08-31,23901.06050465452,164.39639282226562
2015-09-01,23154.084452229432,159.48951721191406
2015-09-02,23807.11154533565,162.5167694091797
2015-09-03,23690.260832354426,162.6331787109375
2015-09-04,23408.419643332236,160.17147827148438
2015-09-08,24068.3322433978,164.19674682617188
2015-09-09,23797.952360919888,162.0011749267578
2015-09-10,24056.87472947647,162.8827667236328
2015-09-11,24189.768237521326,163.62294006347656
2015-09-14,24116.45304334281,163.01580810546875
2015-09-15,24400.57928769026,165.05343627929688
2015-09-16,24538.056180565945,166.4838409423828
2015-09-17,24547.222950227602,166.10960388183594
2015-09-18,24198.09304488886,163.39511108398438
2015-09-21,24273.892407097326,164.239501953125
2015-09-22,23910.976317348108,162.10768127441406
2015-09-23,23929.345886589414,161.84852600097656
2015-09-24,23842.071943656356,161.26332092285156
2015-09-25,23639.93651847751,161.22152709960938
2015-09-28,22966.94126555804,157.1753387451172
2015-09-29,22847.502087415844,157.2672882080078
2015-09-30,23373.500963863942,160.20169067382812
2015-10-01,23479.153957595667,160.61961364746094
2015-10-02,23890.302729666815,163.0188751220703
2015-10-05,24232.545231734737,165.9198455810547
2015-10-06,24117.702712603677,165.351318359375
2015-10-07,24262.406448503894,166.7056884765625
2015-10-08,24358.881294705123,168.21046447753906
2015-10-09,24469.12715482504,168.310791015625
2015-10-12,24528.851484674826,168.4696044921875
2015-10-13,24370.361564364135,167.40789794921875
2015-10-14,24331.31461481859,166.60533142089844
2015-10-15,24730.97932460778,169.16348266601562
2015-10-16,24834.34157407983,169.9326629638672
2015-10-19,24976.75077309742,170.0162811279297
2015-10-20,24848.12017324441,169.79884338378906
2015-10-21,24696.519552516012,168.74546813964844
2015-10-22,25199.552200711667,171.59617614746094
2015-10-23,25904.708896217333,173.47718811035156
2015-10-26,25920.783928576013,173.0508270263672
2015-10-27,25973.60947728614,172.71649169921875
2015-10-28,26189.52350162957,174.68099975585938
2015-10-29,26148.18011888993,174.5807342529297
2015-10-30,26031.048751810664,173.82833862304688
2015-11-02,26325.045297376342,175.88485717773438
2015-11-03,26416.923484566432,176.39479064941406
2015-11-04,26419.21612513758,175.8598175048828
2015-11-05,26348.017214563206,175.6842498779297
2015-11-06,26366.390576427457,175.59225463867188
2015-11-09,26086.165044780468,173.9538116455078
2015-11-10,26019.547622725448,174.3550262451172
2015-11-11,25987.39945431956,173.6695098876953
2015-11-12,25734.734913624685,171.24513244628906
2015-11-13,25229.40583223493,169.32228088378906
2015-11-16,25592.314336738254,171.89718627929688
2015-11-17,25608.40453958872,171.77178955078125
2015-11-18,26099.94554025652,174.49713134765625
2015-11-19,26118.320798432247,174.34658813476562
2015-11-20,26295.184080607185,174.98199462890625
2015-11-23,26219.38282208725,174.78135681152344
2015-11-24,26196.41849014628,175.01547241210938
2015-11-25,26219.38282208725,174.99038696289062
2015-11-27,26256.13523475017,175.19100952148438
2015-11-30,26189.52350162957,174.46372985839844
2015-12-01,26451.373775100834,176.1273193359375
2015-12-02,26288.294781024895,174.32994079589844
2015-12-03,25842.68054792756,171.88885498046875
2015-12-04,26446.78280502411,175.2411346435547
2015-12-07,26327.337937947494,174.17945861816406
2015-12-08,26329.632474830116,173.00909423828125
2015-12-09,25929.971557663874,171.6631317138672
2015-12-10,26047.10861367756,172.10617065429688
2015-12-11,25447.616289772457,168.7705841064453
2015-12-14,25640.552707994604,169.62322998046875
2015-12-15,25796.749987734143,171.4039764404297
2015-12-16,26180.33207991876,173.91197204589844
2015-12-17,25799.048317239714,171.2617950439453
2015-12-18,25304.16222313311,168.2107696533203
2015-12-21,25585.241094943056,169.59840393066406
2015-12-22,25753.42875212791,171.13734436035156
2015-12-23,25944.656593712665,173.25660705566406
2015-12-24,25940.05045314416,172.9706573486328
2015-12-28,25926.222549881273,172.575439453125
2015-12-29,26334.018643267726,174.4171600341797
2015-12-30,26096.7085365717,173.18092346191406
2015-12-31,25771.859003336358,171.44851684570312
2016-01-04,25228.127718301963,169.0517578125
2016-01-05,25184.358953188046,169.3376922607422
2016-01-06,24942.44270592351,167.20159912109375
2016-01-07,24161.405106816033,163.190185546875
2016-01-08,23963.269002534253,161.39894104003906
2016-01-11,24036.99379999099,161.55870056152344
2016-01-12,24315.766757049474,162.86221313476562
2016-01-13,23477.138178499612,158.80032348632812
2016-01-14,23977.09690579714,161.40733337402344
2016-01-15,23232.91980910656,157.942626953125
2016-01-19,23283.610111097812,158.15280151367188
2016-01-20,23212.18553945812,156.12606811523438
2016-01-21,23235.221931235075,157.0006561279297
2016-01-22,23907.972559974492,160.2216033935547
2016-01-25,23553.170787019284,157.79953002929688
2016-01-26,23765.131001941,159.95248413085938
2016-01-27,23173.01722597829,158.21163940429688
2016-01-28,23500.176466588036,159.03578186035156
2016-01-29,23990.909638568242,162.9126434326172
2016-02-01,24055.429740133855,162.85385131835938
2016-02-02,23534.738639499363,159.91885375976562
2016-02-03,23421.847424874268,160.8774871826172
2016-02-04,23419.53771749986,161.12982177734375
2016-02-05,22606.24765285547,158.0603485107422
2016-02-08,22260.6562647258,155.93258666992188
2016-02-09,22191.539504149045,155.94100952148438
2016-02-10,22276.78439380573,155.80650329589844
2016-02-11,22244.53003195734,153.77972412109375
2016-02-12,22583.207468455566,156.9502410888672
2016-02-16,23092.38416582453,159.5992889404297
2016-02-17,23615.375492276067,162.20631408691406
2016-02-18,23345.809127420176,161.54190063476562
2016-02-19,23414.931576931354,161.46627807617188
2016-02-22,23795.0813453494,163.80418395996094
2016-02-23,23403.407692108456,161.7353515625
2016-02-24,23626.89179185307,162.4753875732422
2016-02-25,23859.5881727347,164.44322204589844
2016-02-26,23829.6454145722,164.06480407714844
2016-02-29,23615.375492276067,162.77810668945312
2016-03-01,24373.3691143607,166.60455322265625
2016-03-02,24382.587084432133,167.35299682617188
2016-03-03,24336.508611943802,168.0089569091797
2016-03-04,24345.718996769345,168.5555877685547
2016-03-07,24195.96917603883,168.6901397705078
2016-03-08,23995.525260694114,166.84841918945312
2016-03-09,24149.885014616084,167.6725616455078
2016-03-10,24113.02071957624,167.80711364746094
2016-03-11,24534.648508848528,170.5150909423828
2016-03-14,24576.12084076835,170.29638671875
2016-03-15,24566.897181762495,170.01889038085938
2016-03-16,24785.777037250078,171.00277709960938
2016-03-17,24771.94723767572,172.0876922607422
2016-03-18,24810.77042246742,172.76390075683594
2016-03-21,24907.833125225356,173.00909423828125
2016-03-22,24984.081913252976,172.9160614013672
2016-03-23,24778.419348733896,171.77491760253906
2016-03-24,24785.350367168598,171.69879150390625
2016-03-28,24750.691482372138,171.8002166748047
2016-03-29,25148.145092983526,173.38946533203125
2016-03-30,25270.61457685997,174.1501922607422
2016-03-31,25233.64029575468,173.7275390625
2016-04-01,25501.69150774345,174.91098022460938
2016-04-04,25404.642079165827,174.3446502685547
2016-04-05,25159.693629855577,172.60330200195312
2016-04-06,25573.322777333724,174.48837280273438
2016-04-07,25205.914325704398,172.40042114257812
2016-04-08,25187.421496217332,172.86534118652344
2016-04-11,25094.995275011475,172.4595947265625
2016-04-12,25305.275357967905,174.06565856933594
2016-04-13,25628.78988792608,175.8238983154297
2016-04-14,25631.09580267754,175.8323516845703
2016-04-15,25566.393655210497,175.63800048828125
2016-04-18,25702.74034644813,176.8721466064453
2016-04-19,25545.59491097197,177.4300079345703
2016-04-20,25566.393655210497,177.59910583496094
2016-04-21,25568.714740453746,176.6438751220703
2016-04-22,25182.81156302588,176.6438751220703
2016-04-25,25182.81156302588,176.33956909179688
2016-04-26,25060.32690865765,176.6016082763672
2016-04-27,24859.298929379176,176.96507263183594
2016-04-28,24558.894747345414,175.35897827148438
2016-04-29,24429.49614134574,174.41226196289062
2016-05-02,24660.571175917747,175.79861450195312
2016-05-03,24431.80584872015,174.2685089111328
2016-05-04,24274.67179111283,173.29649353027344
2016-05-05,24267.746461612543,173.26263427734375
2016-05-06,24397.14696392369,173.89662170410156
2016-05-09,24466.468526139557,174.04037475585938
2016-05-10,24801.52969665831,176.20428466796875
2016-05-11,24577.379991586582,174.55596923828125
2016-05-12,24468.776337202493,174.60662841796875
2016-05-13,24378.656030748098,173.0851287841797
2016-05-16,24683.67773121921,174.79263305664062
2016-05-17,24374.032823376332,173.16122436523438
2016-05-18,24461.843422456317,173.21194458007812
2016-05-19,24334.760212765475,172.61172485351562
2016-05-20,24602.805735819824,173.7022247314453
2016-05-23,24570.447076840406,173.4655303955078
2016-05-24,25062.646097589426,175.7140350341797
2016-05-25,25242.886710498213,176.90591430664062
2016-05-26,25316.82958377437,176.95663452148438
2016-05-27,25448.539793459928,177.71739196777344
2016-05-31,25497.068300371684,177.3792724609375
2016-06-01,25499.38180036904,177.7427215576172
2016-06-02,25552.527825718145,178.28378295898438
2016-06-03,25432.369945527586,177.75120544433594
2016-06-06,25524.796166733442,178.65573120117188
2016-06-07,25460.09591557787,178.9346466064453
2016-06-08,25504.005007740805,179.5178680419922
2016-06-09,25462.40751926375,179.2727813720703
2016-06-10,25173.557563036455,177.57374572753906
2016-06-13,24963.285065325923,176.20428466796875
2016-06-14,24963.285065325923,175.85775756835938
2016-06-15,24891.651899424174,175.61260986328125
2016-06-16,24965.596669011804,176.13665771484375
2016-06-17,24672.967364018336,175.480712890625
2016-06-20,24828.19752490652,176.6107940673828
2016-06-21,24906.977888750924,177.1121368408203
2016-06-22,24846.730176934525,176.82327270507812
2016-06-23,25201.21905849665,179.1259307861328
2016-06-24,24163.240736322132,172.69366455078125
2016-06-27,23683.63701637839,169.60072326660156
2016-06-28,24202.634710867278,172.65968322753906
2016-06-29,24631.261785787305,175.59970092773438
2016-06-30,24916.23757767477,177.99581909179688
2016-07-01,25041.358104990803,178.36965942382812
2016-07-05,24888.43385885408,177.08663940429688
2016-07-06,25092.332853703043,178.14874267578125
2016-07-07,25166.471047060946,178.03836059570312
2016-07-08,25555.71742161614,180.6893768310547
2016-07-11,25701.678412023113,181.32667541503906
2016-07-12,25831.43162826828,182.6436767578125
2016-07-13,25768.872312766,182.6182098388672
2016-07-14,25944.960003548385,183.6378936767578
2016-07-15,25903.254425317355,183.39146423339844
2016-07-18,26074.70942717061,183.88427734375
2016-07-19,25979.709911295562,183.69732666015625
2016-07-20,26283.23352570281,184.46206665039062
2016-07-21,26222.98960650936,183.7653045654297
2016-07-22,26331.889085483275,184.58956909179688
2016-07-25,26334.19500023474,184.08822631835938
2016-07-26,26364.317907987202,184.17318725585938
2016-07-27,26547.357476630492,183.9777374267578
2016-07-28,26640.037803573763,184.19012451171875
2016-07-29,26697.964430146912,184.48756408691406
2016-08-01,26839.292731624755,184.3345947265625
2016-08-02,26635.405114644633,183.15353393554688
2016-08-03,26723.443271101405,183.68882751464844
2016-08-04,26799.906342325503,183.88427734375
2016-08-05,27057.084104326696,185.38829040527344
2016-08-08,27026.964989197182,185.27781677246094
2016-08-09,27089.514823142097,185.38829040527344
2016-08-10,27020.018800270693,184.9293975830078
2016-08-11,27135.860675548152,185.78759765625
2016-08-12,27154.393327576156,185.6261444091797
2016-08-15,27270.242788099506,186.16152954101562
2016-08-16,27119.64341982898,185.20130920410156
2016-08-17,27168.298979609444,185.5496368408203
2016-08-18,27175.250857470353,185.96600341796875
2016-08-19,27168.298979609444,185.69418334960938
2016-08-22,27189.145131634803,185.68557739257812
2016-08-23,27237.798795103794,186.0594940185547
2016-08-24,27061.71679325583,185.10784912109375
2016-08-25,27017.697715027443,184.98036193847656
2016-08-26,27057.084104326696,184.63198852539062
2016-08-29,27094.153201005647,185.54116821289062
2016-08-30,27006.10556299151,185.23533630371094
2016-08-31,26978.31132572819,184.70849609375
2016-09-01,27047.814933845486,184.7169952392578
2016-09-02,27135.860675548152,185.5496368408203
2016-09-06,27304.996488469627,186.11053466796875
2016-09-07,27321.209951565856,186.093505859375
2016-09-08,27161.341412814116,185.6686553955078
2016-09-09,26477.857661136142,181.22474670410156
2016-09-12,26952.81541797044,183.82476806640625
2016-09-13,26711.866289557256,181.18223571777344
2016-09-14,26839.292731624755,181.1142120361328
2016-09-15,27256.339032377688,182.92410278320312
2016-09-16,27243.332231982717,182.21702575683594
2016-09-19,27124.87155056071,182.25120544433594
2016-09-20,27175.973352141657,182.25973510742188
2016-09-21,27443.087786262644,184.30931091308594
2016-09-22,27661.417711422986,185.47071838378906
2016-09-23,27484.90335055912,184.45449829101562
2016-09-26,27254.943347133383,182.9600067138672
2016-09-27,27524.382659120565,184.09580993652344
2016-09-28,27570.834704969122,185.0095672607422
2016-09-29,27371.07535806625,183.33575439453125
2016-09-30,27575.486357012986,184.7191925048828
2016-10-03,27535.989981648287,184.27513122558594
2016-10-04,27494.19338046654,183.33575439453125
2016-10-05,27591.74533158457,184.14703369140625
2016-10-06,27577.799857010345,184.27513122558594
2016-10-07,27517.417507079346,183.64315795898438
2016-10-10,27691.62405688027,184.599609375
2016-10-11,27296.755118806916,182.26821899414062
2016-10-12,27273.527199571163,182.50733947753906
2016-10-13,27175.973352141657,181.9095916748047
2016-10-14,27208.487508661878,182.0034942626953
2016-10-17,27134.159684156653,181.37156677246094
2016-10-18,27375.73080273306,182.50733947753906
2016-10-19,27373.40213224392,182.99412536621094
2016-10-20,27340.887975723694,182.65252685546875
2016-10-21,27443.087786262644,182.73793029785156
2016-10-24,27772.909448180828,183.51510620117188
2016-10-25,27684.653215904633,182.9001922607422
2016-10-26,27496.512569398317,182.532958984375
2016-10-27,27371.07535806625,182.04623413085938
2016-10-28,27199.203167688884,181.50819396972656
2016-10-31,27173.646577963988,181.5167236328125
2016-11-01,26969.250749509036,180.20156860351562
2016-11-02,26753.236220657524,179.11695861816406
2016-11-03,26490.765853334506,178.2971954345703
2016-11-04,26397.857969014447,178.1007080078125
2016-11-07,27024.996617887955,182.0291290283203
2016-11-08,27201.518563997713,182.84896850585938
2016-11-09,27326.942501149468,184.7875213623047
2016-11-10,26885.63099878492,185.24864196777344
2016-11-11,26897.247802870006,184.8216552734375
2016-11-14,26625.483613016626,184.9668731689453
2016-11-15,26994.799753988034,186.41009521484375
2016-11-16,27155.062725526208,186.0600128173828
2016-11-17,27352.50477980878,187.0164794921875
2016-11-18,27250.295487712465,186.5980224609375
2016-11-21,27533.670792716508,188.00709533691406
2016-11-22,27617.288647129153,188.37429809570312
2016-11-23,27505.80070299426,188.47674560546875
2016-11-25,27594.068313139294,189.17709350585938
2016-11-28,27531.353500096207,188.28892517089844
2016-11-29,27626.58057334804,188.65611267089844
2016-11-30,27292.114844631888,188.20347595214844
2016-12-01,26820.58751525269,187.51174926757812
2016-12-02,26874.016091011305,187.605712890625
2016-12-05,27083.069260444543,188.73297119140625
2016-12-06,27148.09946979646,189.3307647705078
2016-12-07,27491.86091735445,191.80735778808594
2016-12-08,27540.643530003625,192.2770538330078
2016-12-09,27756.659955166608,193.43853759765625
2016-12-12,27631.230329080434,193.21649169921875
2016-12-13,27979.643428682288,194.50596618652344
2016-12-14,27921.56509719128,192.9005126953125
2016-12-15,27965.699850419533,193.6947021484375
2016-12-16,27862.037983734714,193.31588745117188
2016-12-19,27976.180763932145,193.73681640625
2016-12-20,28083.356495776887,194.484130859375
2016-12-21,28062.385187194293,193.94297790527344
2016-12-22,27983.174360645466,193.60794067382812
2016-12-23,28001.81320611597,193.89137268066406
2016-12-27,28146.247665786985,194.37246704101562
2016-12-28,27927.263513168375,192.76608276367188
2016-12-29,27887.651462803806,192.72315979003906
2016-12-30,27601.115006573866,192.0187225341797
2017-01-03,27848.064064488386,193.48768615722656
2017-01-04,27999.48074300388,194.6387481689453
2017-01-05,28157.896707167114,194.484130859375
2017-01-06,28404.82869827838,195.17999267578125
2017-01-09,28498.0229256309,194.5356903076172
2017-01-10,28560.917888263946,194.5356903076172
2017-01-11,28637.79435538921,195.08546447753906
2017-01-12,28593.5287566693,194.59585571289062
2017-01-13,28691.378428688633,195.04251098632812
2017-01-17,28605.179694360904,194.3553009033203
2017-01-18,28663.423004950087,194.78480529785156
2017-01-19,28649.439604146395,194.06320190429688
2017-01-20,28712.336463090913,194.77626037597656
2017-01-23,28735.6326495397,194.2694091796875
2017-01-24,28928.9976341548,195.51495361328125
2017-01-25,29220.19522398597,197.20729064941406
2017-01-26,29250.475525590715,197.0011444091797
2017-01-27,29306.392062002225,196.6918487548828
2017-01-30,29078.081849558206,195.47203063964844
2017-01-31,29019.84802052639,195.45484924316406
2017-02-01,29220.19522398597,195.53213500976562
2017-02-02,29194.56847073657,195.6610565185547
2017-02-03,29278.434741952206,197.00975036621094
2017-02-06,29313.378073469652,196.65745544433594
2017-02-07,29420.54053113408,196.66610717773438
2017-02-08,29469.45209296343,196.92379760742188
2017-02-09,29576.61644693933,198.09207153320312
2017-02-10,29674.469911581607,198.87380981445312
2017-02-13,29842.19866138994,199.95616149902344
2017-02-14,29942.37131496399,200.7550506591797
2017-02-15,30119.418539351835,201.80303955078125
2017-02-16,30110.101961083794,201.6313018798828
2017-02-17,30240.5681904429,201.9490966796875
2017-02-21,30389.656198469256,203.1517333984375
2017-02-22,30401.299550914966,202.97134399414062
2017-02-23,30287.147289160166,203.1088104248047
2017-02-24,30345.390599749346,203.3665313720703
2017-02-27,30382.658809132987,203.68435668945312
2017-02-28,30289.4835448952,203.13458251953125
2017-03-01,30620.283703533576,205.9779815673828
2017-03-02,30466.525080348627,204.6807861328125
2017-03-03,30522.445409383086,204.80970764160156
2017-03-06,30454.876038968494,204.19979858398438
2017-03-07,30403.632014027055,203.58985900878906
2017-03-08,30457.20660576911,203.2118682861328
2017-03-09,30480.50848115232,203.46961975097656
2017-03-10,30608.640351087866,204.18258666992188
2017-03-13,30659.884376029306,204.28565979003906
2017-03-14,30585.33847570466,203.50393676757812
2017-03-15,30774.036637784106,205.26492309570312
2017-03-16,30753.07481075888,204.86122131347656
2017-03-17,30742.33220626296,204.50146484375
2017-03-20,30770.35020828012,204.27711486816406
2017-03-21,30303.468842010367,201.6543426513672
2017-03-22,30508.8867823494,202.12884521484375
2017-03-23,30431.858610306273,201.91311645507812
2017-03-24,30494.8825221195,201.7664794921875
2017-03-27,30543.9040700143,201.55941772460938
2017-03-28,30730.662305456623,203.02615356445312
2017-03-29,30873.06391922832,203.21597290039062
2017-03-30,30924.42172285816,203.86297607421875
2017-03-31,30903.414384357573,203.3884735107422
2017-04-03,30884.73002741171,203.0347137451172
2017-04-04,30933.755367929458,203.1641845703125
2017-04-05,30807.696166434165,202.56021118164062
2017-04-06,30824.04237133352,203.12965393066406
2017-04-07,30807.696166434165,202.92262268066406
2017-04-10,30819.36417092903,203.0433349609375
2017-04-11,30686.307580097473,202.80177307128906
2017-04-12,30562.58084171427,201.91311645507812
2017-04-13,30441.186566443157,200.6017303466797
2017-04-17,30693.31065836816,202.3790283203125
2017-04-18,30646.621573585446,201.7751007080078
2017-04-19,30695.64501779172,201.4041290283203
2017-04-20,30952.435932252374,203.0433349609375
2017-04-21,30945.43285398169,202.39625549316406
2017-04-24,31318.951221177806,204.6222686767578
2017-04-25,31545.38218895184,205.81285095214844
2017-04-26,31501.023670969742,205.68345642089844
2017-04-27,31690.116265835626,205.85601806640625
2017-04-28,31746.156062492897,205.40733337402344
2017-05-01,32028.613552743893,205.9250030517578
2017-05-02,32082.301923174346,206.002685546875
2017-05-03,31979.59769378351,205.75245666503906
2017-05-04,31991.271387212797,205.99400329589844
2017-05-05,32107.974187899108,206.80503845214844
2017-05-08,32178.027726343644,206.77052307128906
2017-05-09,32290.065600805778,206.5806884765625
2017-05-10,32308.740476194274,206.95169067382812
2017-05-11,32283.075796715406,206.52896118164062
2017-05-12,32355.43904253435,206.183837890625
2017-05-15,32458.154649794025,207.3226776123047
2017-05-16,32593.54370373767,207.1328582763672
2017-05-17,31764.82714525845,203.45751953125
2017-05-18,32042.612124039373,204.27711486816406
2017-05-19,32178.027726343644,205.60580444335938
2017-05-22,32448.817212099777,206.6497344970703
2017-05-23,32481.494451406696,207.1070098876953
2017-05-24,32630.908625006447,207.5901641845703
2017-05-25,32908.695500098846,208.58229064941406
2017-05-26,32967.05638199937,208.53916931152344
2017-05-30,32995.06869508211,208.3579864501953
2017-05-31,32983.398794275774,208.30624389648438
2017-06-01,33111.79804412905,209.96273803710938
2017-06-02,33489.97944123787,210.6615753173828
2017-06-05,33482.97446665571,210.50637817382812
2017-06-06,33349.906497955315,209.8333282470703
2017-06-07,33480.645796166566,210.2215576171875
2017-06-08,33515.659291208525,210.32508850097656
2017-06-09,32677.588228231794,210.0059356689453
2017-06-12,32502.505582530226,209.96273803710938
2017-06-13,32766.30147157304,210.98944091796875
2017-06-14,32623.907443047236,210.72198486328125
2017-06-15,32479.161988294607,210.3164825439453
2017-06-16,32338.254667963825,210.36244201660156
2017-06-19,32878.96892144429,212.11370849609375
2017-06-20,32621.48395698443,210.68324279785156
2017-06-21,32944.501653336614,210.6311492919922
2017-06-22,32935.15663039648,210.53578186035156
2017-06-23,33061.54579008811,210.78729248046875
2017-06-26,32907.07225747775,210.926025390625
2017-06-27,32310.14753930742,209.2266387939453
2017-06-28,32775.980245332474,211.09934997558594
2017-06-29,32207.16265581855,209.24407958984375
2017-06-30,32218.85910498551,209.63418579101562
2017-07-03,31879.445899635666,209.9896240234375
2017-07-05,32193.118573047712,210.47518920898438
2017-07-06,31902.85017583843,208.55047607421875
2017-07-07,32246.966233641913,209.9029083251953
2017-07-10,32457.627475204463,210.1283721923828
2017-07-11,32548.923494772265,209.97225952148438
2017-07-12,32935.15663039648,211.5501708984375
2017-07-13,33007.70950736275,211.90567016601562
2017-07-14,33267.54210542648,212.89401245117188
2017-07-17,33283.93761442414,212.86798095703125
2017-07-18,33506.295305153646,212.980712890625
2017-07-19,33702.939012305986,214.13380432128906
2017-07-20,33747.40751635353,214.22911071777344
2017-07-21,33733.37481145153,214.03842163085938
2017-07-24,33887.867307176624,213.98638916015625
2017-07-25,33801.24759170184,214.5065155029297
2017-07-26,33911.26020551055,214.51524353027344
2017-07-27,33698.25512296708,214.3158416748047
2017-07-28,33670.155579556565,214.0643768310547
2017-07-31,33527.37470349022,213.9430389404297
2017-08-01,33604.619055041294,214.41986083984375
2017-08-02,33695.915074609096,214.52392578125
2017-08-03,33564.815477217926,214.10780334472656
2017-08-04,33625.69086813196,214.4979248046875
2017-08-07,33838.69595067544,214.89671325683594
2017-08-08,33780.19094910295,214.3678741455078
2017-08-09,33735.714859809515,214.359130859375
2017-08-10,33012.40098194755,211.33346557617188
2017-08-11,33262.865801333464,211.64553833007812
2017-08-14,33691.23877051608,213.74363708496094
2017-08-15,33714.64304671884,213.71763610839844
2017-08-16,33773.16701140606,214.09043884277344
2017-08-17,33082.61760317878,210.7526092529297
2017-08-18,33059.201949107184,210.42315673828125
2017-08-21,33017.07728604056,210.5878448486328
2017-08-22,33520.35835103922,212.7899932861328
2017-08-23,33400.97416592974,212.0270233154297
2017-08-24,33302.6504160421,211.5328826904297
2017-08-25,33232.43758743381,212.0270233154297
2017-08-28,33335.430056168574,212.03570556640625
2017-08-29,33466.510690445015,212.27845764160156
2017-08-30,33859.77155638906,213.2841796875
2017-08-31,34222.596623187565,214.56732177734375
2017-09-01,34175.7766929132,214.87071228027344
2017-09-05,33869.12795719804,213.3275604248047
2017-09-06,33972.12042593281,214.05572509765625
2017-09-07,34051.716203710705,214.02972412109375
2017-09-08,33756.77529503135,213.77830505371094
2017-09-11,34145.34089376765,216.05850219726562
2017-09-12,34227.27292728058,216.78675842285156
2017-09-13,34274.09285755495,216.89073181152344
2017-09-14,34072.77663893254,216.8214111328125
2017-09-15,34189.828360929925,217.11328125
2017-09-18,34145.01472819425,217.57508850097656
2017-09-19,34203.64867894692,217.7928924560547
2017-09-20,34098.09618972328,217.8712615966797
2017-09-21,33889.30850389629,217.2874755859375
2017-09-22,33856.47576704856,217.3310546875
2017-09-25,33499.89335761998,216.88677978515625
2017-09-26,33586.68374112736,217.01744079589844
2017-09-27,33889.30850389629,217.86253356933594
2017-09-28,33877.574128499866,218.12391662597656
2017-09-29,34121.56114789318,218.89065551757812
2017-10-02,34152.046251137035,219.84039306640625
2017-10-03,34224.78875925063,220.3108367919922
2017-10-04,34257.621496098356,220.57225036621094
2017-10-05,34593.1017514527,221.87916564941406
2017-10-06,34640.01270467778,221.62646484375
2017-10-09,34600.1181039037,221.26055908203125
2017-10-10,34625.930695677474,221.8442840576172
2017-10-11,34729.154514411974,222.19284057617188
2017-10-12,34665.81391858272,221.8616943359375
2017-10-13,34799.52663318402,222.13182067871094
2017-10-16,34919.1725092768,222.42807006835938
2017-10-17,34963.73962152096,222.58489990234375
2017-10-18,34921.516350257734,222.802734375
2017-10-19,34792.48752499534,222.86366271972656
2017-10-20,34886.33977242908,224.0137939453125
2017-10-23,34658.78239563994,223.14247131347656
2017-10-24,34717.40876114671,223.53456115722656
2017-10-25,34586.04368014928,222.42807006835938
2017-10-26,34475.795923717895,222.71563720703125
2017-10-27,35479.85112994757,224.5365447998047
2017-10-30,35559.60999051216,223.70013427734375
2017-10-31,35693.32649773641,224.0486297607422
2017-11-01,35681.599707585876,224.3448944091797
2017-11-02,35613.575222417705,224.43197631835938
2017-11-03,35956.071830223045,225.1812744140625
2017-11-06,36078.05775467381,225.52980041503906
2017-11-07,36099.1712866169,225.37298583984375
2017-11-08,36244.62216923757,225.7563018798828
2017-11-09,36054.60796699569,224.93736267089844
2017-11-10,36052.25274814592,224.8676300048828
2017-11-13,36096.831238258914,225.0767822265625
2017-11-14,35965.466157261486,224.55397033691406
2017-11-15,35796.54652384797,223.43008422851562
2017-11-16,36254.00132578423,225.32940673828125
2017-11-17,36115.589551352234,224.6671905517578
2017-11-20,36087.452081712254,225.05062866210938
2017-11-21,36479.22623946128,226.52305603027344
2017-11-22,36523.78576645954,226.32266235351562
2017-11-24,36657.494688437895,226.84542846679688
2017-11-27,36641.07263107961,226.73219299316406
2017-11-28,36734.932463759236,229.0323486328125
2017-11-29,36094.49118990093,228.89291381835938
2017-11-30,36397.11974529281,230.89688110351562
2017-12-01,36242.27074301075,230.41763305664062
2017-12-04,35824.702956602676,230.1388397216797
2017-12-05,35848.15274428079,229.31112670898438
2017-12-06,36010.02947688269,229.35467529296875
2017-12-07,36132.0267792023,230.07786560058594
2017-12-08,36291.55208557738,231.33253479003906
2017-12-11,36573.0443532885,232.02947998046875
2017-12-12,36523.78576645954,232.43902587890625
2017-12-13,36594.169263100426,232.41287231445312
2017-12-14,36568.36425657253,231.4631805419922
2017-12-15,36983.59199462263,233.3906707763672
2017-12-18,37293.66167623551,234.87071228027344
2017-12-19,37072.684500258525,233.96868896484375
2017-12-20,37032.71783964846,233.84605407714844
2017-12-21,37037.424484725045,234.32769775390625
2017-12-22,36995.11398313405,234.26641845703125
2017-12-26,36795.29205795256,233.9861602783203
2017-12-27,36799.998703029145,234.10003662109375
2017-12-28,36844.65304560107,234.58169555664062
2017-12-29,36616.62917618951,233.6971435546875
2018-01-02,37258.40166070203,235.36984252929688
2018-01-03,37620.43406930472,236.8585662841797
2018-01-04,37686.25883316393,237.85687255859375
2018-01-05,38064.74364010846,239.44195556640625
2018-01-08,38212.84556616873,239.87986755371094
2018-01-09,38215.193199772606,240.42283630371094
2018-01-10,38125.86175889108,240.05494689941406
2018-01-11,38386.80559547814,241.8064422607422
2018-01-12,38668.90847548364,243.38272094726562
2018-01-16,38558.41040593777,242.55078125
2018-01-17,38974.51423988851,244.8627166748047
2018-01-18,38981.572311191914,244.451171875
2018-01-19,39103.81234138009,245.5632781982422
2018-01-22,39522.26760155764,247.5600128173828
2018-01-23,39849.02861675801,248.08544921875
2018-01-24,39590.43620639778,247.98904418945312
2018-01-25,39576.3314416598,248.09417724609375
2018-01-26,40182.85149588474,250.96658325195312
2018-01-29,39987.73242315689,249.302734375
2018-01-30,39658.6199817297,246.7455291748047
2018-01-31,39823.17051350888,246.86814880371094
2018-02-01,39484.65615979735,246.58786010742188
2018-02-02,38697.106627090754,241.2196807861328
2018-02-05,37171.417853424384,231.13133239746094
2018-02-06,38156.418921970915,235.6851043701172
2018-02-07,37662.75594876455,234.4065399169922
2018-02-08,36073.58245959696,225.6142578125
2018-02-09,36696.558704786694,229.00326538085938
2018-02-12,37347.72172371472,232.36602783203125
2018-02-13,37540.50833333048,232.94400024414062
2018-02-14,38243.39514400267,236.08790588378906
2018-02-15,38953.34761122417,239.1004638671875
2018-02-16,38779.398959783604,239.1705322265625
2018-02-20,38856.965684285125,237.67300415039062
2018-02-21,38746.486577854,236.49072265625
2018-02-22,38741.77993277741,236.79721069335938
2018-02-23,39534.01714744586,240.57159423828125
2018-02-26,40058.2486616009,243.3651580810547
2018-02-27,39562.21909167593,240.32644653320312
2018-02-28,39308.34091163817,237.8919219970703
2018-03-01,38666.54946401092,234.43280029296875
2018-03-02,39021.53897180198,235.64134216308594
2018-03-05,39454.07624097983,238.36480712890625
2018-03-06,39620.99336947762,238.96905517578125
2018-03-07,39712.68002920891,238.88150024414062
2018-03-08,39931.30957158202,240.03749084472656
2018-03-09,40707.08301003978,244.21475219726562
2018-03-12,40923.36491880901,243.90818786621094
2018-03-13,40366.21723010143,242.33192443847656
2018-03-14,40359.15915879802,241.0883331298828
2018-03-15,40323.89535064159,240.8255615234375
2018-03-16,40203.99157618845,241.08673095703125
2018-03-19,39346.19508126705,237.82481384277344
2018-03-20,39475.705569643644,238.2292938232422
2018-03-21,39303.812519840074,237.7720489501953
2018-03-22,38333.70508160439,231.82843017578125
2018-03-23,37323.5627155456,226.88706970214844
2018-03-26,38710.43011150176,233.09445190429688
2018-03-27,37457.77226375289,229.129150390625
2018-03-28,37026.88099293382,228.4521484375
2018-03-29,37705.0133536343,231.37123107910156
2018-04-02,36617.16772864791,226.37713623046875
2018-04-03,37029.22862653769,229.2786407470703
2018-04-04,37613.18257423104,231.73167419433594
2018-04-05,37827.45439283864,233.5605010986328
2018-04-06,36880.89155785474,228.35540771484375
2018-04-09,37139.889778870245,229.48085021972656
2018-04-10,37959.320100065,233.12965393066406
2018-04-11,37740.326465889026,231.90753173828125
2018-04-12,38194.78888832051,233.81539916992188
2018-04-13,37996.97705330066,233.12965393066406
2018-04-16,38286.615875100826,235.04635620117188
2018-04-17,39110.74146350333,237.56100463867188
2018-04-18,39190.79994128069,237.73690795898438
2018-04-19,38830.53489497107,236.4180450439453
2018-04-20,38215.966894853686,234.41336059570312
2018-04-23,38119.43326299679,234.3782196044922
2018-04-24,37311.786621296764,231.22171020507812
2018-04-25,37356.52060895057,231.793212890625
2018-04-26,38142.97028100268,234.14955139160156
2018-04-27,38166.50729900857,234.36936950683594
2018-04-30,37895.736776367165,232.5669403076172
2018-05-01,38328.9984365278,232.980224609375
2018-05-02,38102.95431629431,231.4151611328125
2018-05-03,38098.23629334888,230.9052276611328
2018-05-04,38821.11781219494,233.8946533203125
2018-05-07,39143.70314953123,234.68594360351562
2018-05-08,39103.672014331074,234.68594360351562
2018-05-09,39529.860432696514,236.9542999267578
2018-05-10,39939.57748960536,239.1699981689453
2018-05-11,39901.905365877916,239.899658203125
2018-05-14,39970.18774940645,240.0141143798828
2018-05-15,39527.50900646969,238.36109924316406
2018-05-16,39788.8814094497,239.36349487304688
2018-05-17,39635.826317821324,239.16123962402344
2018-05-18,39430.97537461279,238.56333923339844
2018-05-21,39652.29388665496,240.35694885253906
2018-05-22,39600.524583435435,239.68882751464844
2018-05-23,39934.86325928288,240.34817504882812
2018-05-24,39923.07957978815,239.8557586669922
2018-05-25,39963.13726334893,239.28433227539062
2018-05-29,39786.51860535404,236.5323028564453
2018-05-30,40071.43561158583,239.68882751464844
2018-05-31,40045.54337473017,238.220458984375
2018-06-01,40674.23889532321,240.5591583251953
2018-06-04,41041.539257198565,241.70216369628906
2018-06-05,41168.70211197128,241.87806701660156
2018-06-06,41408.87375268043,243.90032958984375
2018-06-07,41072.16089486849,243.87393188476562
2018-06-08,41074.51611371826,244.594970703125
2018-06-11,41185.18864391965,244.92018127441406
2018-06-12,41401.815681377026,245.2367706298828
2018-06-13,41399.452877281365,244.45423889160156
2018-06-14,41818.57943172045,245.0697479248047
2018-06-15,41672.59758188727,244.75706481933594
2018-06-18,41648.52580404592,244.2536163330078
2018-06-19,41530.544889426645,243.31747436523438
2018-06-20,41825.50096859778,243.7325897216797
2018-06-21,41462.118386226146,242.20462036132812
2018-06-22,41370.08659780672,242.64625549316406
2018-06-25,40438.00399723251,239.3431396484375
2018-06-26,40603.180311797856,239.8729705810547
2018-06-27,40051.01612964195,237.88589477539062
2018-06-28,40395.52662023187,239.2460479736328
2018-06-29,40504.07148896029,239.5904083251953
2018-07-02,40775.43745340429,240.1026153564453
2018-07-03,40303.50241705834,239.25482177734375
2018-07-05,40803.745591076855,241.2066650390625
2018-07-06,41438.50930838427,243.2469482421875
2018-07-09,41811.34310713855,245.43701171875
2018-07-10,41842.01404890678,246.32028198242188
2018-07-11,41629.64991964126,244.5185546875
2018-07-12,42347.00937947724,246.7353973388672
2018-07-13,42382.3983441909,246.92967224121094
2018-07-16,42280.92292463473,246.7089080810547
2018-07-17,42538.1234423736,247.70693969726562
2018-07-18,42457.894296563645,248.2279815673828
2018-07-19,42245.52637467518,247.2918243408203
2018-07-20,42236.086536161376,247.00918579101562
2018-07-23,42370.59190895849,247.46841430664062
2018-07-24,42545.215647283534,248.71376037597656
2018-07-25,43139.84962119418,250.83338928222656
2018-07-26,42486.20622685916,250.24159240722656
2018-07-27,41912.81094144883,248.54595947265625
2018-07-30,41320.53218638794,247.2476043701172
2018-07-31,41636.726954059406,248.46640014648438
2018-08-01,41794.82623420661,248.0513153076172
2018-08-02,42363.5186671633,249.40261840820312
2018-08-03,42493.302224392035,250.47129821777344
2018-08-06,42743.42191508982,251.3898162841797
2018-08-07,42899.16218376431,252.2199249267578
2018-08-08,42951.07181403286,252.11398315429688
2018-08-09,42925.12648045595,251.76954650878906
2018-08-10,42597.121484929135,250.0827178955078
2018-08-13,42549.92608498307,249.14645385742188
2018-08-14,42816.57023385869,250.7362060546875
2018-08-15,42292.71418937536,248.86386108398438
2018-08-16,42431.9375851179,250.87753295898438
2018-08-17,42441.377423631704,251.76072692871094
2018-08-20,42403.61806957649,252.29957580566406
2018-08-21,42559.369716119814,252.8911590576172
2018-08-22,42724.54223806222,252.74107360839844
2018-08-23,42663.188976656915,252.40545654296875
2018-08-24,43059.631853253064,253.92453002929688
2018-08-27,43498.52555848923,255.92938232421875
2018-08-28,43562.2340387443,256.05303955078125
2018-08-29,44064.84380948142,257.43072509765625
2018-08-30,43986.97746776712,256.38848876953125
2018-08-31,44043.601328358156,256.3974304199219
2018-09-04,43854.83489906567,255.95584106445312
2018-09-05,43288.520440696426,255.26707458496094
2018-09-06,42901.52498785997,254.49856567382812
2018-09-07,42736.341088048735,254.0040283203125
2018-09-10,42880.29388460554,254.44557189941406
2018-09-11,43210.631343244444,255.28457641601562
2018-09-12,43083.22196798021,255.34649658203125
2018-09-13,43543.350569093745,256.8567199707031
2018-09-14,43415.92602333771,256.90087890625
2018-09-17,42790.61731503589,255.5407257080078
2018-09-18,43144.57143676256,256.92742919921875
2018-09-19,43111.530105652775,257.20111083984375
2018-09-20,43588.19454281299,259.285400390625
2018-09-21,43349.86611685583,259.0485534667969
2018-09-24,43470.42222245577,258.18798828125
2018-09-25,43529.51887320791,257.94842529296875
2018-09-26,43560.261874812124,257.1766357421875
2018-09-27,43929.033774390715,257.8952331542969
2018-09-28,43919.58255800807,257.921875
2018-10-01,44009.40324724969,258.81793212890625
2018-10-02,43910.1123785107,258.6671447753906
2018-10-03,43957.39500878453,258.80902099609375
2018-10-04,43113.46813597843,256.7863464355469
2018-10-05,42586.31250953165,255.3489227294922
2018-10-08,42326.286487697645,255.3489227294922
2018-10-09,42463.38222196721,254.9763641357422
2018-10-10,40595.86813475703,246.9029998779297
2018-10-11,40092.36709762748,241.4645538330078
2018-10-12,41208.13780536884,244.8181610107422
2018-10-15,40709.34720593883,243.44297790527344
2018-10-16,41893.67715868381,248.76611328125
2018-10-17,41910.231957845215,248.81048583984375
2018-10-18,40938.64160403746,245.2173309326172
2018-10-19,40900.821568015104,245.0842742919922
2018-10-22,41111.224911217294,243.98414611816406
2018-10-23,40959.91063352135,242.74217224121094
2018-10-24,39085.32330451598,235.3874053955078
2018-10-25,40437.49578575768,239.61032104492188
2018-10-26,39397.36135743809,235.3961944580078
2018-10-29,38586.52511984007,234.09210205078125
2018-10-30,39222.43041665438,237.56092834472656
2018-10-31,40144.36775084675,240.09832763671875
2018-11-01,40673.889974012134,242.65347290039062
2018-11-02,40040.35506653938,241.2162322998047
2018-11-05,39941.060405177435,242.54698181152344
2018-11-06,40243.66241220869,244.08177185058594
2018-11-07,41505.99524109404,249.30731201171875
2018-11-08,41241.23602582282,248.8548126220703
2018-11-09,40546.23407825637,246.42396545410156
2018-11-12,39319.35089605182,241.81947326660156
2018-11-13,39352.44532388286,241.36703491210938
2018-11-14,39052.23266930789,239.7168426513672
2018-11-15,39735.41301115014,242.21876525878906
2018-11-16,39595.935509670184,242.8486328125
2018-11-19,38309.94050622171,238.740966796875
2018-11-20,37624.41253077558,234.32278442382812
2018-11-21,37910.452153399536,235.1212158203125
2018-11-23,37636.23413649978,233.5509490966797
2018-11-26,38506.16323222699,237.32144165039062
2018-11-27,38636.174346832515,238.11990356445312
2018-11-28,39879.60474295258,243.6026611328125
2018-11-29,39749.58225047821,243.07041931152344
2018-11-30,40037.98846982077,244.55198669433594
2018-12-03,40737.71223295559,247.79017639160156
2018-12-04,39175.14778638054,239.76119995117188
2018-12-06,39451.73239999891,239.3975067138672
2018-12-07,38149.20156050375,233.83486938476562
2018-12-10,38548.708876440665,234.27842712402344
2018-12-11,38676.35718695053,234.33164978027344
2018-12-12,39016.77923000414,235.51158142089844
2018-12-13,39028.60842097423,235.4316864013672
2018-12-14,38078.28330402742,231.0845184326172
2018-12-17,37215.446413210135,226.55105590820312
2018-12-18,37449.47779736893,226.3026123046875
2018-12-19,36529.903267272224,222.91360473632812
2018-12-20,36000.38483672978,219.28501892089844
2018-12-21,34884.602751119586,214.7919464111328
2018-12-24,34019.53579800977,209.11648559570312
2018-12-26,36143.700472631586,219.68209838867188
2018-12-27,36283.55344378325,221.36865234375
2018-12-28,36264.590329050814,221.08309936523438
2018-12-31,36570.416065586585,223.0196075439453
2019-01-02,36717.391582631746,223.25161743164062
2019-01-03,35517.81528564189,217.92417907714844
2019-01-04,37037.435862593884,225.22373962402344
2019-01-07,37478.388962089986,226.99952697753906
2019-01-08,37817.407734653396,229.13223266601562
2019-01-09,38125.58869003893,230.20309448242188
2019-01-10,38234.64556286513,231.01516723632812
2019-01-11,38094.77742122168,231.1044158935547
2019-01-14,37758.140415868664,229.69444274902344
2019-01-15,38495.426316665486,232.3268585205078
2019-01-16,38488.315148640824,232.8890838623047
2019-01-17,38791.7591179662,234.6559295654297
2019-01-18,39175.79632490439,237.7792510986328
2019-01-22,38391.10642989945,234.5667266845703
2019-01-23,38440.895983940914,235.0575714111328
2019-01-24,38689.81720578761,235.18243408203125
2019-01-25,39152.11897984948,237.17245483398438
2019-01-28,38668.464738598894,235.36990356445312
2019-01-29,38303.39064639313,235.0575714111328
2019-01-30,39277.74582232888,238.77870178222656
2019-01-31,39865.67823149309,240.87576293945312
2019-02-01,39697.361625128055,240.9917449951172
2019-02-04,40190.47466800718,242.68728637695312
2019-02-05,40546.06720284672,243.70457458496094
2019-02-06,40425.181139050444,243.38323974609375
2019-02-07,39882.2823347528,241.0631866455078
2019-02-08,39960.50518302407,241.3576202392578
2019-02-11,39922.57895355921,241.49148559570312
2019-02-12,40512.874166819085,244.59695434570312
2019-02-13,40541.34159465541,245.39109802246094
2019-02-14,40591.11977082803,244.8467254638672
2019-02-15,40761.80676653462,247.51486206054688
2019-02-19,40842.40758939333,247.94337463378906
2019-02-20,40835.28883612278,248.44297790527344
2019-02-21,40685.94292973607,247.55958557128906
2019-02-22,40987.03168021167,249.094482421875
2019-02-25,41136.385171844275,249.4334716796875
2019-02-26,41179.05217999224,249.25497436523438
2019-02-27,41152.96651936632,249.14796447753906
2019-02-28,41058.14715308123,248.68394470214844
2019-03-01,41342.62800767417,250.2366485595703
2019-03-04,41349.74676094473,249.32640075683594
2019-03-05,41380.54285927019,248.98736572265625
2019-03-06,41145.862936587546,247.479248046875
2019-03-07,40640.89794700065,245.40890502929688
2019-03-08,40579.25644625142,244.91819763183594
2019-03-11,41423.225037909935,248.46978759765625
2019-03-12,41650.82034092854,249.40673828125
2019-03-13,41963.753452866025,251.05763244628906
2019-03-14,41892.62660212763,250.89698791503906
2019-03-15,42281.42734348661,252.1365966796875
2019-03-18,42382.1290679617,253.0508575439453
2019-03-19,42524.62928993001,253.11349487304688
2019-03-20,42693.25689137665,252.3516387939453
2019-03-21,43360.62958077795,255.2018585205078
2019-03-22,42408.25644744004,250.29026794433594
2019-03-25,42327.50391966347,250.10198974609375
2019-03-26,42524.62928993001,251.96632385253906
2019-03-27,42251.499755815894,250.64871215820312
2019-03-28,42348.88293521281,251.5988006591797
2019-03-29,42669.50748648576,253.185302734375
2019-04-01,43234.748632561146,256.1878356933594
2019-04-02,43398.62407745585,256.3133239746094
2019-04-03,43648.01937717086,256.7167053222656
2019-04-04,43631.38493292757,257.3977966308594
2019-04-05,43857.004279391054,258.6437683105469
2019-04-08,43968.64392844381,258.84088134765625
2019-04-09,43814.25004091532,257.514404296875
2019-04-10,44049.37749310565,258.3926696777344
2019-04-11,43944.88693830702,258.3210754394531
2019-04-12,44134.89734792596,260.0687255859375
2019-04-15,44142.01230857356,259.8985290527344
2019-04-16,44294.02063626871,260.0687255859375
2019-04-17,44448.37659756773,259.4324645996094
2019-04-18,44505.39109832225,259.943359375
2019-04-22,44631.27204653906,260.1673889160156
2019-04-23,45198.891167201895,262.5067443847656
2019-04-24,45056.39853047948,261.92413330078125
2019-04-25,45239.26363846723,261.76275634765625
2019-04-26,45279.64369497846,262.9818115234375
2019-04-29,45367.522561271486,263.3940124511719
2019-04-30,45016.02226659119,263.5284729003906
2019-05-01,44871.140277412494,261.5477294921875
2019-05-02,44676.38908911045,260.9831848144531
2019-05-03,45388.90157682083,263.5374755859375
2019-05-06,45111.01988615476,262.4530029296875
2019-05-07,44232.25777158519,258.0700378417969
2019-05-08,44120.63708564717,257.7115783691406
2019-05-09,43883.131658869395,256.9317626953125
2019-05-10,43937.76439241353,258.22247314453125
2019-05-13,42412.9934335002,251.73324584960938
2019-05-14,42878.5037665748,254.00987243652344
2019-05-15,43484.13255440732,255.49771118164062
2019-05-16,43921.12994817024,257.8639831542969
2019-05-17,43472.26543720776,256.19683837890625
2019-05-20,42738.377726570994,254.50279235839844
2019-05-21,43184.87564081486,256.7972717285156
2019-05-22,42992.50621972322,256.008544921875
2019-05-23,42334.62267293402,252.88052368164062
2019-05-24,42313.24745000763,253.45416259765625
2019-05-28,42154.12416166488,251.0969696044922
2019-05-29,41807.379816159475,249.41183471679688
2019-05-30,41983.13375612257,250.09307861328125
2019-05-31,41313.364129019086,246.72303771972656
2019-06-03,40403.74144153396,246.09559631347656
2019-06-04,41541.36903531591,251.43746948242188
2019-06-05,41850.13026201226,253.615478515625
2019-06-06,42182.62193048477,255.26458740234375
2019-06-07,42997.25837627516,257.819091796875
2019-06-10,43498.37764619431,259.002197265625
2019-06-11,43557.754951044495,258.93951416015625
2019-06-12,43306.00443247972,258.4823913574219
2019-06-13,43562.503314973495,259.54888916015625
2019-06-14,43377.248854529455,259.26214599609375
2019-06-17,43638.52264931286,259.3607177734375
2019-06-18,44272.64162071937,262.0765380859375
2019-06-19,44438.87986970973,262.6680908203125
2019-06-20,44852.135443827654,265.1777038574219
2019-06-21,44785.63559308397,264.792236328125
2019-06-24,44787.0654119348,264.4679870605469
2019-06-25,44018.236266092055,261.87408447265625
2019-06-26,44222.94308962862,261.6128845214844
2019-06-27,44391.94236812402,262.54052734375
2019-06-28,44449.074440189885,263.89154052734375
2019-07-01,45048.892929668385,266.2873229980469
2019-07-02,45227.41548438241,266.9808349609375
2019-07-03,45567.79201596066,269.1152648925781
2019-07-05,45474.96377672248,268.80908203125
2019-07-08,45156.007979545975,267.3320617675781
2019-07-09,45382.146915353136,267.6653747558594
2019-07-10,45834.390653360926,268.9442138671875
2019-07-11,45801.06108290721,269.57464599609375
2019-07-12,46065.27795309708,270.781494140625
2019-07-15,46212.84511932189,270.8715515136719
2019-07-16,45974.8238958234,269.99798583984375
2019-07-17,45748.70013050803,268.16064453125
2019-07-18,45801.06108290721,269.142333984375
2019-07-19,45465.43670788091,267.6473083496094
2019-07-22,45827.25293697564,268.30474853515625
2019-07-23,46127.154596468994,270.22314453125
2019-07-24,46450.86634282039,271.4930419921875
2019-07-25,46010.52385561867,270.1961669921875
2019-07-26,46484.19212065116,272.0064697265625
2019-07-29,46324.72370362028,271.510986328125
2019-07-30,46124.78799975039,270.8446044921875
2019-07-31,45486.861234905606,267.8815002441406
2019-08-01,45260.733676967284,265.5487060546875
2019-08-02,44594.27880231904,263.5492858886719
2019-08-05,43018.54257625084,255.62356567382812
2019-08-06,43620.74283293973,259.20819091796875
2019-08-07,43856.38987447372,259.3612365722656
2019-08-08,44810.87929141578,264.449951171875
2019-08-09,44389.56818615952,262.6485900878906
2019-08-12,43880.18099821703,259.451416015625
2019-08-13,44841.82330203616,263.4861755371094
2019-08-14,43501.71894701017,255.69558715820312
2019-08-15,43451.74734706728,256.3711242675781
2019-08-16,44149.15761020474,260.1537780761719
2019-08-19,44851.331407763,263.2880859375
2019-08-20,44503.81715979946,261.2706604003906
2019-08-21,44898.943996233174,263.3961486816406
2019-08-22,44753.74342672697,263.3150939941406
2019-08-23,43337.4869955585,256.55120849609375
2019-08-26,43992.067167761306,259.3882751464844
2019-08-27,43899.22375803134,258.3704833984375
2019-08-28,44056.32937096656,260.1898193359375
2019-08-29,44729.94851036072,263.51324462890625
2019-08-30,44622.837253106074,263.3961486816406
2019-09-03,44189.621104420796,261.85595703125
2019-09-04,44827.52890615085,264.8282470703125
2019-09-05,45648.72658963867,268.232666015625
2019-09-06,45603.49576837888,268.43988037109375
2019-09-09,45508.29334717619,268.5749816894531
2019-09-10,45377.36821044056,268.51190185546875
2019-09-11,45803.4428501176,270.42120361328125
2019-09-12,45993.85527776887,271.35791015625
2019-09-13,45829.61953369425,271.1778259277344
2019-09-16,45624.92029540358,270.34027099609375
2019-09-17,45843.906344333656,271.02471923828125
2019-09-18,45824.87116976525,271.1868591308594
2019-09-19,45901.03462377658,271.1687927246094
2019-09-20,45415.449937446225,269.8875732421875
2019-09-23,45435.478779226614,269.82427978515625
2019-09-24,44832.0610905719,267.7070007324219
2019-09-25,45335.32319245582,269.2904052734375
2019-09-26,45168.36434510563,268.7294006347656
2019-09-27,44607.86777033629,267.2817687988281
2019-09-30,45032.4139829659,268.5213623046875
2019-10-01,44665.109828467605,265.32733154296875
2019-10-02,43897.122644918985,260.6404724121094
2019-10-03,44378.903330434005,262.77581787109375
2019-10-04,45032.4139829659,266.33160400390625
2019-10-07,44896.47120607207,265.18255615234375
2019-10-08,44223.88366011935,261.065673828125
2019-10-09,44655.57138175719,263.54486083984375
2019-10-10,45001.40929037838,265.32733154296875
2019-10-11,45580.98275856854,268.0780334472656
2019-10-14,45576.207846278914,267.77935791015625
2019-10-15,46155.785107092015,270.43048095703125
2019-10-16,46041.308576075295,269.99609375
2019-10-17,46162.93799396909,270.79241943359375
2019-10-18,45719.30351004982,269.6070861816406
2019-10-21,46124.780414504494,271.4348449707031
2019-10-22,45757.476260006195,270.548095703125
2019-10-23,45845.72301072503,271.3352966308594
2019-10-24,46291.7316766088,271.77862548828125
2019-10-25,46661.41759831749,272.8916015625
2019-10-28,47121.7396232013,274.42974853515625
2019-10-29,46756.82482115929,274.3483581542969
2019-10-30,46983.40749385118,275.1897888183594
2019-10-31,47004.85477661355,274.45684814453125
2019-11-01,47431.794134322394,276.9994812011719
2019-11-04,47725.1648971019,278.11236572265625
2019-11-05,47751.40226264569,277.8046875
2019-11-06,47644.055862768364,277.8680725097656
2019-11-07,47803.86561586443,278.84521484375
2019-11-08,47994.66489105623,279.5328674316406
2019-11-11,47930.277531293745,278.99908447265625
2019-11-12,48068.60207539797,279.5871887207031
2019-11-13,48080.526081941716,279.6777038574219
2019-11-14,48042.364709854184,280.084716796875
2019-11-15,48395.35550535245,282.11163330078125
2019-11-18,48433.51687743998,282.31976318359375
2019-11-19,48505.07608719428,282.23834228515625
2019-11-20,48214.09467687106,281.1888122558594
2019-11-21,48106.75965486256,280.7362060546875
2019-11-22,48137.76814007303,281.3606262207031
2019-11-25,48707.80316155277,283.5412292480469
2019-11-26,48800.821031938285,284.1836853027344
2019-11-27,49141.88782089279,285.4504089355469
2019-11-29,48917.690708034235,284.3917236328125
2019-12-02,48416.8255438525,281.9759216308594
2019-12-03,48037.601175433396,280.084716796875
2019-12-04,48280.87518171277,281.8130187988281
2019-12-05,48376.27861193162,282.31976318359375
2019-12-06,48893.8313170779,284.89837646484375
2019-12-09,48672.03114192152,284.0027160644531
2019-12-10,48631.48421000064,283.6859436035156
2019-12-11,48889.07157528006,284.4913635253906
2019-12-12,49253.97879207618,286.9433288574219
2019-12-13,49416.16272713675,287.1152038574219
2019-12-16,49912.27573476654,289.08770751953125
2019-12-17,49940.87590440599,289.15106201171875
2019-12-18,49979.04486173942,289.1690979003906
2019-12-19,50291.488725316805,290.3544616699219
2019-12-20,50494.21959229825,291.62744140625
2019-12-23,50627.58338558847,292.0730285644531
2019-12-24,50653.87764047646,292.08209228515625
2019-12-26,51100.853425211586,293.63690185546875
2019-12-27,51057.833703129596,293.5641174316406
2019-12-30,50723.21437318411,291.9456481933594
2019-12-31,50818.80743455028,292.6549377441406
2020-01-02,51667.34613685931,295.3917541503906
2020-01-03,51194.079889859146,293.1549987792969
2020-01-06,51523.92430751501,294.2733459472656
2020-01-07,51516.76383539204,293.44598388671875
2020-01-08,51903.990638228235,295.0098876953125
2020-01-09,52343.77560985682,297.01025390625
2020-01-10,52209.91877558355,296.1555480957031
2020-01-13,52812.2707371903,298.1923522949219
2020-01-14,52604.317428411545,297.7377014160156
2020-01-15,52625.825393141065,298.4105224609375
2020-01-16,53130.16839256474,300.89276123046875
2020-01-17,53393.08818570691,301.8293151855469
2020-01-21,53369.18707589816,301.2381896972656
2020-01-22,53510.21955278618,301.27471923828125
2020-01-23,53682.31740422885,301.6202392578125
2020-01-24,53230.555329335264,298.9378967285156
2020-01-27,52131.058766657276,294.1460266113281
2020-01-28,52931.76870098818,297.2285461425781
2020-01-29,53017.83469351278,296.98297119140625
2020-01-30,53206.654219526514,297.9468078613281
2020-01-31,52362.90559999889,292.5367126464844
2020-02-03,53154.05812450465,294.7099304199219
2020-02-04,54370.701224753684,299.2015686035156
2020-02-05,54549.97851143406,302.6567077636719
2020-02-06,55020.840235486154,303.6751708984375
2020-02-07,54784.21090460902,302.05670166015625
2020-02-10,55446.31184811471,304.3116455078125
2020-02-11,55455.876843185746,304.8390808105469
2020-02-12,55996.056336830756,306.8029479980469
2020-02-13,55924.36059265039,306.4756164550781
2020-02-14,56084.496511319856,306.9666748046875
2020-02-18,56106.00447604938,306.1755676269531
2020-02-19,56643.821165598725,307.6395263671875
2020-02-20,56117.97020144554,306.3756408691406
2020-02-21,55039.95884775939,303.22052001953125
2020-02-24,52917.436378873404,293.1640319824219
2020-02-25,51478.5038551079,284.28057861328125
2020-02-26,51743.83575644404,283.2349853515625
2020-02-27,49152.81816022457,270.514404296875
2020-02-28,49191.06676263987,269.3778076171875
2020-03-02,51729.48826383748,281.0435791015625
2020-03-03,50070.67083950357,272.9966125488281
2020-03-04,52159.72720350976,284.4715576171875
2020-03-05,50575.01004630429,275.01519775390625
2020-03-06,49721.692639082685,270.4688720703125
2020-03-09,46267.80401843942,249.34678649902344
2020-03-10,48787.10690736379,262.2492370605469
2020-03-11,46662.18370815268,249.4650421142578
2020-03-12,42383.66508025503,225.59686279296875
2020-03-13,45973.79988762785,244.88232421875
2020-03-16,40466.70277506857,218.0863800048828
2020-03-17,43535.76153057782,229.861328125
2020-03-18,42211.578606681185,218.22276306152344
2020-03-19,42464.93719737527,218.68649291992188
2020-03-20,40801.32969025995,209.26235961914062
2020-03-23,40830.80216317709,203.911865234375
2020-03-24,43992.62468333444,222.38697814941406
2020-03-25,43666.861127968994,225.71615600585938
2020-03-26,45966.377724521575,238.89572143554688
2020-03-27,44385.45698288553,231.780029296875
2020-03-30,45999.915889237345,239.30722045898438
2020-03-31,45607.083589686255,235.74026489257812
2020-04-01,43669.26185829412,225.13076782226562
2020-04-02,44555.533366297735,230.32577514648438
2020-04-03,43923.15520882366,226.99664306640625
2020-04-06,47063.42804539908,242.24313354492188
2020-04-07,47044.28288476522,242.4900665283203
2020-04-08,48043.13081968937,250.63009643554688
2020-04-09,48112.5965015772,254.4439697265625
2020-04-13,48632.37547639307,252.12086486816406
2020-04-14,50747.45681905805,259.5566711425781
2020-04-15,50165.395390214995,254.04153442382812
2020-04-16,51080.40739490708,255.26719665527344
2020-04-17,51569.07548369292,262.16326904296875
2020-04-20,50958.247009800776,257.54449462890625
2020-04-21,49077.90627178558,249.72467041015625
2020-04-22,50534.26969061314,255.26719665527344
2020-04-23,50426.475761228125,255.2488250732422
2020-04-24,51221.743281630814,258.8067321777344
2020-04-27,51633.72832706166,262.5382995605469
2020-04-28,50661.22774374675,261.33099365234375
2020-04-29,52457.71358841514,268.1722717285156
2020-04-30,52436.182867947944,265.6753234863281
2020-05-01,50958.247009800776,258.6420593261719
2020-05-04,51552.29312715472,259.35540771484375
2020-05-05,52136.75149369995,261.751708984375
2020-05-06,52457.71358841514,259.977294921875
2020-05-07,53133.213868790765,263.1144104003906
2020-05-08,53861.397474516016,267.46807861328125
2020-05-11,54342.84440921175,267.5229187011719
2020-05-12,53205.07648838077,262.19073486328125
2020-05-13,52539.156373567974,257.5536804199219
2020-05-14,53135.607013869994,260.63592529296875
2020-05-15,53480.53469298403,261.83404541015625
2020-05-18,54476.985690206,269.8094482421875
2020-05-19,54340.44747150957,267.0381164550781
2020-05-20,55425.5396522368,271.5745849609375
2020-05-21,54821.90957669709,269.69964599609375
2020-05-22,55011.153876480836,270.2117614746094
2020-05-26,54862.63096927351,273.5410461425781
2020-05-27,55162.047173029714,277.611083984375
2020-05-28,55090.19593130854,277.0988464355469
2020-05-29,55897.41779923855,278.33355712890625
2020-06-01,56065.08586707974,279.4585266113281
2020-06-02,56441.158565830316,281.7724609375
2020-06-03,56695.06708685164,285.5223083496094
2020-06-04,56297.440911896185,284.77239990234375
2020-06-05,57413.655356522286,292.071044921875
2020-06-08,57859.20132240658,295.6014404296875
2020-06-09,58278.37338832102,293.397216796875
2020-06-10,58977.8164973578,291.7600402832031
2020-06-11,56055.509494139864,274.9403076171875
2020-06-12,56501.03649690943,278.2329406738281
2020-06-15,57188.494917435324,280.8304138183594
2020-06-16,58170.57945893601,286.2357482910156
2020-06-17,58355.01850544655,285.0467224121094
2020-06-18,58513.11778559376,285.15655517578125
2020-06-19,58503.53762003093,283.52691650390625
2020-06-22,59205.14631677016,285.3457946777344
2020-06-23,59709.03420144025,286.659423828125
2020-06-24,58478.1042905518,279.34710693359375
2020-06-25,59034.78548663697,282.3418273925781
2020-06-26,57640.67418085303,275.6358947753906
2020-06-29,58269.343153085436,279.68701171875
2020-06-30,59411.50672391139,283.26971435546875
2020-07-01,60104.95369606978,285.25390625
2020-07-02,60512.88063494789,286.8248291015625
2020-07-06,62000.57111931342,291.2525939941406
2020-07-07,61573.43833783431,288.2487487792969
2020-07-08,62384.47937707143,290.45343017578125
2020-07-09,62909.970042044704,288.7999267578125
2020-07-10,63339.47700548832,291.7486267089844
2020-07-13,62036.54794058378,289.22235107421875
2020-07-14,62475.650240082,292.97039794921875
2020-07-15,62602.835850592404,295.6620178222656
2020-07-16,62175.72203222802,294.6883850097656
2020-07-17,62247.698430506425,295.54254150390625
2020-07-20,64013.74847602928,297.9311218261719
2020-07-21,63346.671611217804,298.5649108886719
2020-07-22,63569.833338011966,300.2643737792969
2020-07-23,61909.37750056517,296.6816711425781
2020-07-24,61321.49818812221,294.7710266113281
2020-07-27,62415.66611556039,296.9205017089844
2020-07-28,61621.437773845035,295.03729248046875
2020-07-29,62331.69365090225,298.66583251953125
2020-07-30,62658.022307086714,297.60040283203125
2020-07-31,63776.1861599073,299.9520568847656
2020-08-03,64637.61978023439,302.0373229980469
2020-08-04,64877.54869307496,303.2040710449219
2020-08-05,65038.31797977649,305.0871887207031
2020-08-06,65899.72884436589,307.1265563964844
2020-08-07,65139.09555671051,307.3470153808594
2020-08-10,64860.74737342203,308.26568603515625
2020-08-11,63632.2257781046,305.7210388183594
2020-08-12,65232.6671500462,309.9835205078125
2020-08-13,65381.44416299095,309.42315673828125
2020-08-14,65304.66630406229,309.4323425292969
2020-08-17,66062.91023926139,310.415283203125
2020-08-18,66698.78140246918,311.08587646484375
2020-08-19,66250.06859642456,309.7906799316406
2020-08-20,67169.0818183252,310.7551574707031
2020-08-21,67634.56560303917,311.8575439453125
2020-08-24,68056.88933862213,315.01763916015625
2020-08-25,68591.97533965002,316.1199951171875
2020-08-26,70055.66231338723,319.2893371582031
2020-08-27,69837.29825462037,319.9874572753906
2020-08-28,70192.4394673293,322.0543212890625
2020-08-31,70756.311476521,320.8876647949219
2020-09-01,71965.6651554669,323.9100036621094
2020-09-02,72647.13123173734,328.59503173828125
2020-09-03,68963.89511627419,317.2866516113281
2020-09-04,68044.88947961945,314.6960754394531
2020-09-08,64774.38176368466,306.09771728515625
2020-09-09,66677.1710369201,312.1423645019531
2020-09-10,65347.86427942276,306.722412109375
2020-09-11,64894.3500127279,306.8785095214844
2020-09-14,66024.49855405938,310.9205627441406
2020-09-15,66960.32068085883,312.49139404296875
2020-09-16,65892.53803125936,311.2511901855469
2020-09-17,64863.16706686189,308.51373291015625
2020-09-18,64035.336085840674,304.9617919921875
2020-09-21,64188.90697418977,301.56781005859375
2020-09-22,65381.44416299095,304.63909912109375
2020-09-23,63385.064333305076,297.5741882324219
2020-09-24,63680.202458377644,298.3673400878906
2020-09-25,65160.705922259585,303.1910400390625
2020-09-28,66514.01239776229,308.2268371582031
2020-09-29,66214.07660466242,306.5482482910156
2020-09-30,66667.58328611139,308.8725280761719
2020-10-01,67725.77059965626,310.8554382324219
2020-10-02,65820.53887724328,307.9040222167969
2020-10-05,67224.27206744245,313.3641662597656
2020-10-06,66024.49855405938,308.9093933105469
2020-10-07,67166.66971013123,314.2864074707031
2020-10-08,67524.19269005054,317.07177734375
2020-10-09,68555.98334788786,319.9032897949219
2020-10-12,70672.32004874814,325.0497741699219
2020-10-13,70669.91552580005,322.9284973144531
2020-10-14,70079.6544461467,320.89935302734375
2020-10-15,69609.36920078247,320.5028381347656
2020-10-16,69227.83891761191,320.3091735839844
2020-10-19,68097.68279103453,315.4393615722656
2020-10-20,68244.06286627709,316.7028503417969
2020-10-21,68191.23921387845,316.10345458984375
2020-10-22,68188.86503191394,317.83734130859375
2020-10-23,68323.23766290794,318.91650390625
2020-10-26,67298.63023293125,313.02294921875
2020-10-27,67824.1512388881,311.94378662109375
2020-10-28,65179.9041796147,301.2818908691406
2020-10-29,66319.66322749258,304.3438720703125
2020-10-30,64637.61978023439,301.17120361328125
2020-11-02,64781.58016203709,304.54693603515625
2020-11-03,65902.14853780576,309.92388916015625
2020-11-04,68843.92686723096,316.8504943847656
2020-11-05,70638.76292091762,323.0299072265625
2020-11-06,70691.52589134913,322.9561462402344
2020-11-09,69247.02958972113,327.0142517089844
2020-11-10,68006.50813540102,326.5346984863281
2020-11-11,69527.77471071179,328.9604797363281
2020-11-12,69201.44984715026,325.7691955566406
2020-11-13,69808.53500219423,330.27935791015625
2020-11-16,70353.19358353903,334.4020690917969
2020-11-17,70130.03564936783,332.603515625
2020-11-18,69611.75855323876,328.6006164550781
2020-11-19,70156.45506081304,329.9842224121094
2020-11-20,69676.56689414832,327.72454833984375
2020-11-23,69678.9562466046,329.6889953613281
2020-11-24,70657.91566679737,335.0015563964844
2020-11-25,71092.22409089124,334.4850769042969
2020-11-27,71747.30109670003,335.4165954589844
2020-11-30,71893.6735866967,333.931640625
2020-12-01,72815.07616105361,337.58392333984375
2020-12-02,72908.67051012699,338.2941589355469
2020-12-03,73011.83743951729,338.2019348144531
2020-12-04,73309.3611244232,341.1164245605469
2020-12-07,73724.48646165374,340.41546630859375
2020-12-08,73974.01071054893,341.4115905761719
2020-12-09,72299.18841738085,338.3494873046875
2020-12-10,72589.5516301638,338.2388610839844
2020-12-11,72428.76717297047,337.8422546386719
2020-12-14,72954.24266745197,336.32958984375
2020-12-15,73734.08938295425,340.8765869140625
2020-12-16,74139.61179888427,341.4115905761719
2020-12-17,74624.30901144515,343.32073974609375
2020-12-18,74398.76172481764,341.949951171875
2020-12-21,74259.56487743573,340.7272644042969
2020-12-22,74461.48412310662,340.1529846191406
2020-12-23,74086.4999071417,340.4587097167969
2020-12-24,74413.40883463697,341.7832336425781
2020-12-28,75163.41519279631,344.7194519042969
2020-12-29,75230.70390911285,344.0617980957031
2020-12-30,75233.1311877986,344.5527038574219
2020-12-31,75418.218772833,346.3032531738281
2021-01-04,74353.31851667285,341.58868408203125
2021-01-05,74966.32016351333,343.94134521484375
2021-01-06,73927.81656306073,345.9974670410156
2021-01-07,75716.2961806891,351.13818359375
2021-01-08,76689.84732056019,353.1390380859375
2021-01-11,75581.68082182654,350.7585144042969
2021-01-12,75461.4850154065,350.83258056640625
2021-01-13,75971.10734597169,351.77728271484375
2021-01-14,75564.86433168182,350.5454406738281
2021-01-15,74966.32016351333,347.98907470703125
2021-01-19,76060.05193931266,350.7214660644531
2021-01-20,77829.29537335645,355.5749206542969
2021-01-21,78451.86960051386,355.89910888671875
2021-01-22,78225.91271060814,354.63946533203125
2021-01-25,78872.55492298395,356.03814697265625
2021-01-26,78987.93409826195,355.4823303222656
2021-01-27,76786.00548274539,346.7941589355469
2021-01-28,77240.33895599669,349.77667236328125
2021-01-29,75615.35172834543,342.7743835449219
2021-02-01,77504.76821307157,348.48004150390625
2021-02-02,78769.15285097098,353.40753173828125
2021-02-03,78456.67106116412,353.6854553222656
2021-02-04,79384.54385026774,357.705322265625
2021-02-05,79653.78973848464,359.1131591796875
2021-02-08,80187.44971328464,361.7066650390625
2021-02-09,80170.63322313993,361.4659118652344
2021-02-10,79987.92740531593,361.3083801269531
2021-02-11,80427.8337408788,361.89190673828125
2021-02-12,80877.37333872575,363.67950439453125
2021-02-16,80658.59209143478,363.3646545410156
2021-02-17,80271.5776754836,363.4480285644531
2021-02-18,79920.63110375349,361.90118408203125
2021-02-19,79572.05871398788,361.26214599609375
2021-02-22,77509.55450323003,358.4833679199219
2021-02-23,77278.80373791995,358.91864013671875
2021-02-24,77915.81268801169,362.87371826171875
2021-02-25,75199.46786652559,354.1300048828125
2021-02-26,75514.3769350182,352.3053283691406
2021-03-01,77786.03671602884,360.8453369140625
2021-03-02,76538.4154715529,358.0295104980469
2021-03-03,74317.24308720589,353.28717041015625
2021-03-04,73100.91856728435,348.9152526855469
2021-03-05,74201.8714971738,355.3341369628906
2021-03-08,72100.94043072214,353.56500244140625
2021-03-09,74944.64911599712,358.6130065917969
2021-03-10,74730.73759656944,360.8453369140625
2021-03-11,76451.89057165178,364.5039367675781
2021-03-12,75831.69811170477,364.9948425292969
2021-03-15,76641.79478782821,367.1715087890625
2021-03-16,77062.45735456063,366.7083740234375
2021-03-17,77379.7557755095,367.9588317871094
2021-03-18,75009.55606510327,362.6050720214844
2021-03-19,75273.98532217815,361.9341735839844
2021-03-22,76685.61475335191,364.82421875
2021-03-23,76351.05989799651,361.9527587890625
2021-03-24,75063.37338471391,360.11279296875
2021-03-25,74933.41536682962,362.1387023925781
2021-03-26,76057.4198589878,367.97454833984375
2021-03-29,76035.78673770106,367.78857421875
2021-03-30,75653.08074141707,366.8128662109375
2021-03-31,76810.77131058594,368.2997131347656
2021-04-01,78120.12887138476,372.2769775390625
2021-04-05,79679.79196140576,377.6203308105469
2021-04-06,79624.41208114117,377.3973693847656
2021-04-07,79816.97113338014,377.8340759277344
2021-04-08,80649.75527996947,379.6275634765625
2021-04-09,81138.34372367343,382.38751220703125
2021-04-12,81032.45369100755,382.5269470214844
2021-04-13,81978.37178009056,383.66058349609375
2021-04-14,80993.94339760893,382.350341796875
2021-04-15,82221.44856997671,386.457763671875
2021-04-16,82317.71292560441,387.7494812011719
2021-04-19,81564.38422974396,385.8443908691406
2021-04-20,80969.87541239054,383.0194396972656
2021-04-21,81663.04552307384,386.64361572265625
2021-04-22,80678.6474815758,383.1123962402344
2021-04-23,81694.33466238235,387.2661437988281
2021-04-26,82226.27278636464,388.07464599609375
2021-04-27,81870.03929824714,387.9910888671875
2021-04-28,81593.2536756126,387.8794860839844
2021-04-29,81886.90129986721,390.3514099121094
2021-04-30,81350.15412998878,387.78656005859375
2021-05-03,80916.9303960576,388.6230773925781
2021-05-04,79460.7755714921,386.2254638671875
2021-05-05,79193.59287015807,386.3463134765625
2021-05-06,79790.50621045957,389.4314880371094
2021-05-07,80437.95245890004,392.2657775878906
2021-05-10,78406.53258581158,388.3813781738281
2021-05-11,78298.25320068942,384.91510009765625
2021-05-12,76271.6423734971,376.7375183105469
2021-05-13,76861.33455970848,381.26312255859375
2021-05-14,78558.19199219564,387.1175842285156
2021-05-17,78081.60340749436,386.13250732421875
2021-05-18,77554.50467039178,382.80572509765625
2021-05-19,77643.56304242116,381.8020324707031
2021-05-20,79145.4417292295,385.9095153808594
2021-05-21,78707.3937789104,385.5934753417969
2021-05-24,80031.17847739765,389.5244140625
2021-05-25,80141.90789694324,388.66009521484375
2021-05-26,80421.09804252585,389.4314880371094
2021-05-27,80120.2671904106,389.63592529296875
2021-05-28,80372.96207208905,390.33282470703125
2021-06-01,80105.80212649271,389.989013671875
2021-06-02,80262.27057877292,390.60235595703125
2021-06-03,79427.07432398963,389.1527099609375
2021-06-04,80774.9118372035,392.7117614746094
2021-06-07,81015.60685987926,392.330810546875
2021-06-08,81054.12473852378,392.4143371582031
2021-06-09,81073.35333686246,391.82904052734375
2021-06-10,81918.19043917571,393.6503601074219
2021-06-11,82132.39019794733,394.30084228515625
2021-06-14,82919.44289704793,395.1837463378906
2021-06-15,82377.90943701104,394.45880126953125
2021-06-16,82077.05582915811,392.2564392089844
2021-06-17,83119.21551813112,392.1263427734375
2021-06-18,82466.94505330273,386.8363952636719
2021-06-21,82979.47253304491,392.3742980957031
2021-06-22,83753.00073871834,394.4720153808594
2021-06-23,83793.9534812945,393.9966125488281
2021-06-24,84312.05611676801,396.32733154296875
2021-06-25,84208.43407262414,397.7351379394531
2021-06-28,85232.54087637189,398.5369873046875
2021-06-29,85540.98731536367,398.7513732910156
2021-06-30,85406.02303519002,399.08697509765625
2021-07-01,85439.76220892197,401.296630859375
2021-07-02,86420.51933239138,404.36383056640625
2021-07-06,86794.01684016129,403.62738037109375
2021-07-07,86977.14743175531,405.0538635253906
2021-07-08,86451.83122743756,401.7534484863281
2021-07-09,86991.58973993552,406.04205322265625
2021-07-12,87331.35565921939,407.4964599609375
2021-07-13,87331.35565921939,406.1073303222656
2021-07-14,87487.96823117156,406.7132873535156
2021-07-15,86873.49504662785,405.32415771484375
2021-07-16,86169.88763759582,402.14501953125
2021-07-19,85463.85294987804,396.2061462402344
2021-07-20,86456.6478585796,401.8839416503906
2021-07-21,87124.1267414234,405.1376953125
2021-07-22,87700.02895060137,405.9862365722656
2021-07-23,88724.143339595,410.16290283203125
2021-07-26,88794.04138049873,411.1698303222656
2021-07-27,87815.71153571508,409.2958679199219
2021-07-28,88153.05017631319,409.1280517578125
2021-07-29,88309.68550400305,410.82489013671875
2021-07-30,87849.45070944702,408.8297424316406
2021-08-02,87856.65669304533,407.9720458984375
2021-08-03,88389.20163669907,411.291015625
2021-08-04,88516.91442179903,409.2679138183594
2021-08-05,89078.37432279676,411.8597412109375
2021-08-06,88687.99964291499,412.5403137207031
2021-08-09,88851.86370994085,412.2047119140625
2021-08-10,88396.42279078918,412.7174987792969
2021-08-11,88244.61167948725,413.74298095703125
2021-08-12,88562.698966009,414.9829406738281
2021-08-13,88873.52717221118,415.7381896972656
2021-08-16,88912.09814757694,416.71710205078125
2021-08-17,88128.9746058489,413.9854431152344
2021-08-18,87280.75448386738,409.454345703125
2021-08-19,87702.46381453301,410.0883483886719
2021-08-20,88610.90320365883,413.3514099121094
2021-08-23,89936.22012181647,416.9874572753906
2021-08-24,90210.91980183043,417.6494140625
2021-08-25,90314.51909023663,418.52581787109375
2021-08-26,89741.03657449853,416.05511474609375
2021-08-27,90613.33226694434,419.7750244140625
2021-08-30,91630.21791660199,421.62109375
2021-08-31,91555.518415048,420.9963684082031
2021-09-01,91707.32952634993,421.2201843261719
2021-09-02,91663.93433459624,422.5160827636719
2021-09-03,91945.88550968388,422.4135437011719
2021-09-07,92076.00281773192,420.9031982421875
2021-09-08,91755.51100826208,420.3904113769531
2021-09-09,91439.84341518019,418.5910949707031
2021-09-10,90745.86926843225,415.29071044921875
2021-09-13,90683.19996686451,416.3535461425781
2021-09-14,90425.3850442083,414.106689453125
2021-09-15,91097.68055819414,417.5654602050781
2021-09-16,91160.3195187783,416.90350341796875
2021-09-17,90080.78732329061,412.8424987792969
2021-09-20,88219.42107787669,405.9587097167969
2021-09-21,88327.98111709689,405.5751647949219
2021-09-22,89152.99797189182,409.5314636230469
2021-09-23,89975.63305947636,414.50732421875
2021-09-24,90060.04167577333,415.19012451171875
2021-09-27,89341.16516675876,414.0022888183594
2021-09-28,86813.01788112319,405.65936279296875
2021-09-29,86670.68074194159,406.3421630859375
2021-09-30,86352.27487509232,401.3757629394531
2021-10-01,86887.78564989021,406.1457824707031
2021-10-04,85064.08015033488,400.90802001953125
2021-10-05,86212.35742935057,405.0795593261719
2021-10-06,86764.78330248978,406.7629699707031
2021-10-07,87560.85485895713,410.2798156738281
2021-10-08,87124.22534962001,409.5314636230469
2021-10-11,86456.0031126787,406.566650390625
2021-10-12,86154.45166220363,405.56585693359375
2021-10-13,86844.3980433824,407.02496337890625
2021-10-14,88443.76231040721,413.871337890625
2021-10-15,89001.03515567203,417.0233154296875
2021-10-18,89895.99556284604,418.2578430175781
2021-10-19,90576.27075551129,421.48468017578125
2021-10-20,90458.07745400701,423.1401672363281
2021-10-21,91010.50332714623,424.2437744140625
2021-10-22,90245.78917720042,423.8042297363281
2021-10-25,91169.72522368559,426.0770568847656
2021-10-26,91456.79643975098,426.4604797363281
2021-10-27,91669.07713131169,424.5711669921875
2021-10-28,92687.07781211559,428.6678466796875
2021-10-29,93143.0193574962,429.5376281738281
2021-11-01,93461.44039483725,430.27655029296875
2021-11-02,93852.23984848903,432.01629638671875
2021-11-03,94848.54672603903,434.6537170410156
2021-11-04,96064.37061973162,436.7020263671875
2021-11-05,96156.0231458564,438.21728515625
2021-11-08,96025.78447387408,438.5914001464844
2021-11-09,95364.79097626876,437.14166259765625
2021-11-10,93963.23475164088,433.6248779296875
2021-11-11,94223.75760708087,433.7652282714844
2021-11-12,95215.21751250526,437.03875732421875
2021-11-15,95193.51612400547,437.1884765625
2021-11-16,95871.37920847675,438.918701171875
2021-11-17,95922.0486510418,437.8525085449219
2021-11-18,96915.92824990606,439.3396301269531
2021-11-19,97456.29358207545,438.5539245605469
2021-11-22,96324.90864566341,437.3193359375
2021-11-23,95885.85185764055,437.89923095703125
2021-11-24,96194.6472179434,439.0683898925781
2021-11-26,94370.90379215863,429.27569580078125
2021-11-29,96418.99603571983,434.54150390625
2021-11-30,95002.95199143635,426.0863342285156
2021-12-01,93386.66504082433,421.35369873046875
2021-12-02,94059.71907939947,427.80731201171875
2021-12-03,92424.14284848163,424.0848693847656
2021-12-06,93164.74350173367,429.10748291015625
2021-12-07,95970.2908149211,437.9833984375
2021-12-08,96399.69158492221,439.1432189941406
2021-12-09,94981.23543244478,436.17828369140625
2021-12-10,96013.73151815015,440.28424072265625
2021-12-13,94626.61760170247,436.3840026855469
2021-12-14,93647.2182372479,433.3817138671875
2021-12-15,95782.11603480826,440.1533508300781
2021-12-16,93319.11842614743,436.2718200683594
2021-12-17,92853.54361848273,431.62860107421875
2021-12-20,91952.82600967595,427.0389404296875
2021-12-21,94010.77148765212,434.62274169921875
2021-12-22,95155.68850273723,438.9684143066406
2021-12-23,95873.08588880267,441.6996765136719
2021-12-27,97457.58307387725,447.9507141113281
2021-12-28,97005.8968514426,447.5845642089844
2021-12-29,96991.39386129523,448.1571960449219
2021-12-30,96701.53885998712,446.9183044433594
2021-12-31,96097.70019018534,445.79193115234375
2022-01-03,97022.81194978392,448.373046875
2022-01-04,95764.36655941872,448.22283935546875
2022-01-05,92822.37584310852,439.6159973144531
2022-01-06,92757.15031367485,439.2030334472656
2022-01-07,91752.33279023293,437.46673583984375
2022-01-10,91812.74168852456,436.9222106933594
2022-01-11,93191.93660825997,440.9018859863281
2022-01-12,93561.48220291965,442.0938720703125
2022-01-13,91220.9711449385,436.0024108886719
2022-01-14,91788.57509510955,436.18072509765625
2022-01-18,89503.58045181907,428.45623779296875
2022-01-19,88520.5174135982,424.0072937011719
2022-01-20,87370.76101163337,419.3143310546875
2022-01-21,84948.11691112313,411.08294677734375
2022-01-24,85336.97454182632,412.82867431640625
2022-01-25,83358.73482769348,407.78851318359375
2022-01-26,83228.32169505562,406.7654724121094
2022-01-27,82390.1444386364,404.7569274902344
2022-01-28,84974.66527174854,414.8092041015625
2022-01-31,87692.0113456925,422.2803039550781
2022-02-01,88288.63644665005,425.1336364746094
2022-02-02,89006.00349173193,429.2633361816406
2022-02-03,85397.36068438026,419.173583984375
2022-02-04,86474.66281757542,421.14471435546875
2022-02-07,85779.00474623922,419.79296875
2022-02-08,86742.77091890838,423.2471008300781
2022-02-09,88580.88080041445,429.4417724609375
2022-02-10,86576.08514041033,421.72650146484375
2022-02-11,83829.75584190933,413.41064453125
2022-02-14,83933.61302867589,412.05908203125
2022-02-15,86020.549316455,418.7042541503906
2022-02-16,85998.81000172574,419.173583984375
2022-02-17,83440.87545546847,410.2194519042969
2022-02-18,82489.19257950681,407.5632629394531
2022-02-22,81660.7092673388,403.1894226074219
2022-02-23,79568.95634841766,396.03741455078125
2022-02-24,82242.81620765722,401.9974060058594
2022-02-25,83518.16152587195,410.8670349121094
2022-02-28,83766.95000591553,409.8158874511719
2022-03-01,82484.360777873,403.5743103027344
2022-03-02,83868.41025497991,410.99847412109375
2022-03-03,82670.35859241454,408.9522705078125
2022-03-04,81472.2917593574,405.6297607421875
2022-03-07,78467.49520705339,393.6721496582031
2022-03-08,78102.77382878165,390.6874084472656
2022-03-09,80914.351412454,401.1620178222656
2022-03-10,80015.7955987267,399.3506164550781
2022-03-11,78356.39411045903,394.2728271484375
2022-03-14,76851.6026892278,391.3913269042969
2022-03-15,79262.17107827643,399.9982604980469
2022-03-16,82201.74210114677,408.867919921875
2022-03-17,83196.90360656694,413.9832458496094
2022-03-18,84899.78372429313,418.5174560546875
2022-03-21,84663.75362784154,418.3951110839844
2022-03-22,86327.62282594017,423.2908630371094
2022-03-23,85086.96483719397,417.8395690917969
2022-03-24,86978.17143995085,424.13824462890625
2022-03-25,86905.61097773869,426.2095642089844
2022-03-28,88250.25510243162,429.2411804199219
2022-03-29,89769.00337610592,434.5513000488281
2022-03-30,88777.4600329767,431.86798095703125
2022-03-31,87677.09875226692,425.2209777832031
2022-04-01,87510.22334262154,426.4260559082031
2022-04-04,89311.93162908725,430.0791015625
2022-04-05,87328.82977233702,424.64666748046875
2022-04-06,85432.814123684,420.4004821777344
2022-04-07,85635.94700869778,422.51885986328125
2022-04-08,84438.82833137726,421.38909912109375
2022-04-11,82441.22348447966,414.1866455078125
2022-04-12,82092.98484553336,412.65185546875
2022-04-13,83761.6858452658,417.3782653808594
2022-04-14,81846.28989335624,412.18115234375
2022-04-18,81909.18675230075,412.3506164550781
2022-04-19,83739.90101906119,419.007080078125
2022-04-20,82518.60816307976,418.6963195800781
2022-04-21,80811.22240929316,412.435302734375
2022-04-22,78695.10568056378,401.1184387207031
2022-04-25,79705.99898596597,403.4440002441406
2022-04-26,76697.51600415798,391.7599182128906
2022-04-27,76605.60557967285,392.8614501953125
2022-04-28,79326.31950279328,402.7849426269531
2022-04-29,75756.74071179042,387.89971923828125
2022-05-02,77021.55770870572,390.2347106933594
2022-05-03,77103.8045299232,392.0235290527344
2022-05-04,79710.84595809158,403.96173095703125
2022-05-05,75696.26354628576,389.60382080078125
2022-05-06,74789.37913256799,387.27838134765625
2022-05-09,71863.11263099393,374.8786926269531
2022-05-10,72736.15926278314,375.74493408203125
2022-05-11,70578.92291606797,369.7757263183594
2022-05-12,70412.0475064226,369.3898620605469
2022-05-13,73021.52379852261,378.22113037109375
2022-05-16,72175.07103883415,376.6864318847656
2022-05-17,74044.5079858782,384.4349670410156
2022-05-18,70409.65056872042,368.9378967285156
2022-05-19,70032.36043800403,366.67822265625
2022-05-20,69814.69422185932,366.8382263183594
2022-05-23,70975.54783856556,373.7018737792969
2022-05-24,69466.44799766711,370.8490905761719
2022-05-25,70438.67171950694,374.1255798339844
2022-05-26,72390.3251467849,381.6010437011719
2022-05-27,74753.09890146191,390.96905517578125
2022-05-31,74554.77506234428,388.7752685546875
2022-06-01,74003.3959531383,385.63067626953125
2022-06-02,76030.0219508224,392.9744873046875
2022-06-03,74051.76706619778,386.5251159667969
2022-06-06,74298.46201837489,387.7020263671875
2022-06-07,74939.33185862614,391.42095947265625
2022-06-08,74400.02087563588,387.1653747558594
2022-06-09,72407.23265988033,377.9574890136719
2022-06-10,69853.40173165116,366.9983215332031
2022-06-13,66605.47529273973,353.0640869140625
2022-06-14,66726.41445325727,352.0001525878906
2022-06-15,68392.67300381219,357.0184631347656
2022-06-16,65633.28191188349,345.2024841308594
2022-06-17,66431.3408027748,345.9466857910156
2022-06-21,68107.36915003986,354.6553955078125
2022-06-22,68008.0327698255,354.0124816894531
2022-06-23,69020.87548342219,357.482666015625
2022-06-24,71385.77310694923,368.8484191894531
2022-06-27,70862.38355508831,367.4395446777344
2022-06-28,68703.4632837849,359.9316711425781
2022-06-29,68766.44358043425,359.6386413574219
2022-06-30,67913.52819124497,356.7167053222656
2022-07-01,68361.8010530278,360.48956298828125
2022-07-05,69532.13622710024,361.1703796386719
2022-07-06,69977.98181019732,362.3901672363281
2022-07-07,71475.43071340416,367.8177490234375
2022-07-08,71565.10349035086,367.51519775390625
2022-07-11,70036.14547570462,363.3168640136719
2022-07-12,69357.66798631601,360.10186767578125
2022-07-13,69214.70885697118,358.2107238769531
2022-07-14,69461.88167963954,357.3408203125
2022-07-15,70721.86687492102,364.1678466796875
2022-07-18,70123.3682182279,361.1609802246094
2022-07-19,72279.89155182913,370.919189453125
2022-07-20,73425.99186527354,373.2830505371094
2022-07-21,74480.03763456084,377.0843505859375
2022-07-22,73173.98724097134,373.5857849121094
2022-07-25,72757.22349062792,374.0395812988281
2022-07-26,71327.62461193372,369.6143493652344
2022-07-27,74341.90272160394,379.2118835449219
2022-07-28,75068.83476175685,383.9681396484375
2022-07-29,76437.85786674978,389.56591796875
2022-08-01,76391.82300942534,388.4122619628906
2022-08-02,76164.06083099708,385.849853515625
2022-08-03,78238.20080895476,391.8919982910156
2022-08-04,78604.06755935634,391.6272277832031
2022-08-05,77961.96890927042,390.9653625488281
2022-08-08,77709.96428496823,390.5114440917969
2022-08-09,76830.40192695695,388.9607849121094
2022-08-10,78974.79645237532,397.1304016113281
2022-08-11,78526.5160053466,397.1304016113281
2022-08-12,80055.49677573051,403.853515625
2022-08-15,80702.44239794205,405.5176696777344
2022-08-16,80513.45599651866,406.31201171875
2022-08-17,79595.08752051894,403.4280090332031
2022-08-18,79786.53912685755,404.6005554199219
2022-08-19,78230.9189728975,399.16339111328125
2022-08-22,76171.33508180844,390.8518981933594
2022-08-23,76108.32444417554,389.9062805175781
2022-08-24,76328.81237179243,391.1544494628906
2022-08-25,77678.4703440206,396.6766357421875
2022-08-26,74494.55579519998,383.24945068359375
2022-08-29,73760.37984521929,380.71539306640625
2022-08-30,72938.95081173173,376.5359191894531
2022-08-31,72514.92039582285,373.67083740234375
2022-09-01,72546.41433677047,374.8433532714844
2022-09-02,71521.4731559745,370.890869140625
2022-09-06,71007.77754836479,369.4913635253906
2022-09-07,72442.2385696764,376.12933349609375
2022-09-08,72817.7992643292,378.587890625
2022-09-09,74409.76033136246,384.4693298339844
2022-09-12,75294.16966149934,388.6014099121094
2022-09-13,71165.28517933234,371.7040710449219
2022-09-14,71729.8474459003,373.1224365234375
2022-09-15,70535.27741119982,368.88623046875
2022-09-16,70103.99550021725,366.0721130371094
2022-09-19,70649.91323238029,368.910888671875
2022-09-20,70086.74665105663,364.6763610839844
2022-09-21,68831.77530331041,358.3150329589844
2022-09-22,67984.60194526211,355.3052978515625
2022-09-23,66877.70976783847,349.3521728515625
2022-09-26,66600.97724192521,345.8961181640625
2022-09-27,66627.68489271436,345.0130615234375
2022-09-28,67953.05490759325,351.8017578125
2022-09-29,65994.12722950392,344.4529724121094
2022-09-30,64875.08348815975,339.1264953613281
2022-10-03,66397.07824707624,348.07989501953125
2022-10-04,68484.65928075626,358.86572265625
2022-10-05,68448.2349299782,358.0301513671875
2022-10-06,67909.36389124973,354.3368225097656
2022-10-07,65321.733107321474,344.4529724121094
2022-10-10,64668.74962937914,341.8229675292969
2022-10-11,63780.32011891897,339.65826416015625
2022-10-12,63758.48219599311,338.5378112792969
2022-10-13,65253.769304120455,347.47222900390625
2022-10-14,63292.42572521421,339.5538330078125
2022-10-17,65382.40748921935,348.2792663574219
2022-10-18,65899.45577551375,352.37139892578125
2022-10-19,65659.11725939494,349.8743591308594
2022-10-20,65324.14521551544,346.9405212402344
2022-10-21,66855.83391868316,355.3716735839844
2022-10-24,67591.37521292458,359.72027587890625
2022-10-25,68989.55600313011,365.4643859863281
2022-10-26,67465.12638028197,362.7109680175781
2022-10-27,66236.8626833249,360.7740783691406
2022-10-28,68263.76174986114,369.3571472167969
2022-10-31,67470.00369339115,366.689208984375
2022-11-01,66780.59586467077,365.0846252441406
2022-11-02,64491.543114827546,355.92236328125
2022-11-03,63231.72858757866,352.2574768066406
2022-11-04,64248.80766100657,357.32763671875
2022-11-07,64955.183684789525,360.7455749511719
2022-11-08,65428.55612523219,362.6919860839844
2022-11-09,63918.69017449856,355.2197570800781
2022-11-10,68635.13538878103,374.7405700683594
2022-11-11,69899.83860700793,378.3675231933594
2022-11-14,69288.12645196925,375.14886474609375
2022-11-15,70246.96980005386,378.3484802246094
2022-11-16,69288.12645196925,375.4622497558594
2022-11-17,69135.20030952105,374.31329345703125
2022-11-18,69137.6275882068,376.0128479003906
2022-11-21,68426.38942180645,374.6456604003906
2022-11-22,69411.93283543433,379.6872863769531
2022-11-23,70108.5845739825,382.0798645019531
2022-11-25,69647.40920893573,381.994384765625
2022-11-28,68625.4414445298,375.8989562988281
2022-11-29,68105.98105004145,375.2532958984375
2022-11-30,71210.62977928053,387.0740051269531
2022-12-01,71298.01939721344,386.7891845703125
2022-12-02,71014.0202057347,386.3429260253906
2022-12-05,69822.1732743098,379.39288330078125
2022-12-06,68375.41656940569,373.9240417480469
2022-12-07,68096.24917956076,373.2879333496094
2022-12-08,68902.17397044308,376.2122802734375
2022-12-09,68462.7986020927,373.4018249511719
2022-12-12,69322.11593881565,378.7852478027344
2022-12-13,70067.34359206242,381.6526184082031
2022-12-14,69547.84527134459,379.2124938964844
2022-12-15,67212.681811718,369.9363098144531
2022-12-16,66571.85748294208,365.56878662109375
2022-12-19,65636.27049876531,362.4689025878906
2022-12-20,65585.19145292205,362.9648742675781
2022-12-21,66536.57091904798,368.39208984375
2022-12-22,64908.746809432756,363.1366271972656
2022-12-23,65054.70969615121,365.22540283203125
2022-12-27,64134.96070539896,363.7852478027344
2022-12-28,63288.20832849773,359.26409912109375
2022-12-29,64830.87667509551,365.7309875488281
2022-12-30,64791.96436366457,364.7675476074219
2023-01-03,64353.97709531261,363.2319641113281
2023-01-04,64660.54239332295,366.0362243652344
2023-01-05,63648.32925513538,361.8585205078125
2023-01-06,65405.11013017702,370.15667724609375
2023-01-09,65828.5033854309,369.9468078613281
2023-01-10,66385.69279299089,372.54119873046875
2023-01-11,67534.18245889158,377.25299072265625
2023-01-12,67899.17690601548,378.6265563964844
2023-01-13,68366.35220056358,380.0954284667969
2023-01-17,68505.04083647067,379.3991394042969
2023-01-18,67614.47987191458,373.4092102050781
2023-01-19,66950.2171333294,370.6907958984375
2023-01-20,68782.43327877663,377.596435546875
2023-01-23,70310.5038196534,382.1270751953125
2023-01-24,70166.92270014534,381.7169189453125
2023-01-25,70011.20518720853,381.8599853515625
2023-01-26,71376.24603810767,386.0567932128906
2023-01-27,72086.75602090229,386.94384765625
2023-01-30,70629.24343732194,382.08892822265625
2023-01-31,71687.71140496485,387.7068786621094
2023-02-01,73220.62891796723,391.8273010253906
2023-02-02,75848.52218709537,397.53118896484375
2023-02-03,74500.51779847186,393.3057861328125
2023-02-06,73870.3279844379,390.90216064453125
2023-02-07,75400.81063350863,396.0146179199219
2023-02-08,74060.10325143415,391.68426513671875
2023-02-09,73405.56479808375,388.2886657714844
2023-02-10,72923.79549043758,389.19482421875
2023-02-13,74091.73372680784,393.7635498046875
2023-02-14,74639.20643437895,393.5824279785156
2023-02-15,75211.0126107747,394.86053466796875
2023-02-16,73799.7548566497,389.4237365722656
2023-02-17,73279.05048183489,388.45086669921875
2023-02-21,71544.14545594859,380.6581726074219
2023-02-22,71597.68970670707,380.133544921875
2023-02-23,72223.02496336952,382.1556701660156
2023-02-24,71013.70162540721,378.0733947753906
2023-02-27,71522.24685105558,379.3609924316406
2023-02-28,71429.76753312847,377.9588623046875
2023-03-01,70855.56441903053,376.50909423828125
2023-03-02,71441.9342675408,379.4373474121094
2023-03-03,72918.93334782017,385.5226745605469
2023-03-06,73001.65045428304,385.7896728515625
2023-03-07,72106.21217661776,379.8760986328125
2023-03-08,72466.33689587837,380.49603271484375
2023-03-09,71210.79665469017,373.4759216308594
2023-03-10,70210.73508042314,368.0869445800781
2023-03-13,70731.43945523795,367.5622253417969
2023-03-14,72356.82870092154,373.63800048828125
2023-03-15,72736.43991688118,371.30126953125
2023-03-16,74653.80803272291,377.8158264160156
2023-03-17,74301.00307574903,373.3981018066406
2023-03-20,74564.6813934805,376.9885559082031
2023-03-21,75629.627161116,381.9385986328125
2023-03-22,74601.23469343873,375.42791748046875
2023-03-23,75485.86399570652,376.4428405761719
2023-03-24,75763.68879702839,378.9130859375
2023-03-27,75244.60007958878,379.62158203125
2023-03-28,74844.92588824223,378.7694396972656
2023-03-29,76209.64815881384,384.2748107910156
2023-03-30,76930.99745798954,386.5248718261719
2023-03-31,78210.4160532488,391.9727783203125
2023-04-03,78020.33737641684,393.4664306640625
2023-04-04,77757.13692917662,391.28338623046875
2023-04-05,76989.48728907024,390.2589111328125
2023-04-06,77508.55325077217,391.7813415527344
2023-04-10,77464.695359019,392.18341064453125
2023-04-11,76967.54317270187,392.28875732421875
2023-04-12,76287.63207183949,390.68975830078125
2023-04-13,77781.51590947663,395.87921142578125
2023-04-14,77635.29512439782,394.9122009277344
2023-04-17,77701.09713251935,396.3292236328125
2023-04-18,77705.96686038263,396.5876770019531
2023-04-19,77669.39838993261,396.5206604003906
2023-04-20,77077.22582831423,394.3568420410156
2023-04-21,77157.64460527152,394.66326904296875
2023-04-24,76996.80705135695,395.0749816894531
2023-04-25,75544.33865629544,388.8035888671875
2023-04-26,76002.51784921448,387.1567077636719
2023-04-27,78069.07258127918,394.8642272949219
2023-04-28,78607.62503968015,398.2344665527344
2023-05-01,78517.48956273396,397.8323974609375
2023-05-02,77832.67080777884,393.361083984375
2023-05-03,77323.35947229527,390.6610412597656
2023-05-04,77050.40439883669,387.8940124511719
2023-05-05,78688.0817428669,395.0749816894531
2023-05-08,78883.03014756215,395.1802673339844
2023-05-09,78383.43551206747,393.447265625
2023-05-10,79236.39641273211,395.28558349609375
2023-05-11,79494.71196161726,394.5961608886719
2023-05-12,79209.59773899225,394.0791931152344
2023-05-15,79638.49788276442,395.43878173828125
2023-05-16,79728.67128594006,392.796142578125
2023-05-17,80693.71177991923,397.5643615722656
2023-05-18,82192.45776017377,401.39410400390625
2023-05-19,82007.24881120509,400.8100280761719
2023-05-22,82282.63116334942,400.97283935546875
2023-05-23,81239.59917109871,396.47283935546875
2023-05-24,80822.87334698475,393.6004638671875
2023-05-25,82789.53797588492,397.0089416503906
2023-05-26,84904.82791281195,402.1505126953125
2023-05-30,85289.88533532275,402.30364990234375
2023-05-31,84804.90746866383,400.0728759765625
2023-06-01,85784.58748721644,403.87396240234375
2023-06-02,86427.96045861239,409.7144775390625
2023-06-05,86488.89273887062,408.9293518066406
2023-06-06,86474.26838478897,409.81976318359375
2023-06-07,85007.1908061376,408.4026794433594
2023-06-08,86062.39711804653,410.87298583984375
2023-06-09,86391.39957340827,411.6101989746094
2023-06-12,87851.14980452704,415.34417724609375
2023-06-13,88526.19876277202,418.0825500488281
2023-06-14,89169.57173416797,418.5804748535156
2023-06-15,90232.1053936095,423.76983642578125
2023-06-16,89664.28147130756,422.3263854980469
2023-06-20,89535.92394030669,420.1353454589844
2023-06-21,88315.76128596332,417.9825744628906
2023-06-22,89357.79202575615,419.491455078125
2023-06-23,88471.9490841455,416.3200988769531
2023-06-26,87285.92762156638,414.619140625
2023-06-27,88786.72920345791,419.16473388671875
2023-06-28,88959.99897539106,419.37615966796875
2023-06-29,88781.86706084052,421.0290832519531
2023-06-30,90150.89016583345,425.9974670410156
2023-07-03,90363.20878362362,426.48760986328125
2023-07-05,90360.75874920019,425.8533630371094
2023-07-06,89672.57973031446,422.51861572265625
2023-07-07,89374.86641426124,421.4518737792969
2023-07-10,89404.1454634081,422.51861572265625
2023-07-11,89845.85708749351,425.2093811035156
2023-07-12,90980.60987308202,428.6306457519531
2023-07-13,92525.33761393976,432.0326232910156
2023-07-14,92505.82077625714,431.7635498046875
2023-07-17,93369.68167526997,433.26275634765625
2023-07-18,94133.51593669219,436.4821472167969
2023-07-19,94111.56423507792,437.4527282714844
2023-07-20,91942.10047198329,434.55047607421875
2023-07-21,91666.33127229843,434.55047607421875
2023-07-24,91812.76444426224,436.4917907714844
2023-07-25,92435.04284682982,437.68341064453125
2023-07-26,92127.57490455823,437.7507019042969
2023-07-27,91907.92135398956,434.8484191894531
2023-07-28,93581.99270781424,439.10565185546875
2023-07-31,93630.81893562729,439.9418029785156
2023-08-01,93413.62300472795,438.6828308105469
2023-08-02,91363.74064313601,432.5804138183594
2023-08-03,91217.32264166398,431.3407287597656
2023-08-04,90790.2657126438,429.3898620605469
2023-08-07,91558.96970192931,433.1378479003906
2023-08-08,90780.51108642544,431.2542724609375
2023-08-09,89782.4065055988,428.3711853027344
2023-08-10,89948.33375950754,428.5249938964844
2023-08-11,89374.86641426124,428.27508544921875
2023-08-14,90377.82555245937,430.63909912109375
2023-08-15,89418.79257322743,425.62274169921875
2023-08-16,88471.9490841455,422.4994201660156
2023-08-17,87505.58117213505,419.280029296875
2023-08-18,87395.7695673425,419.4818115234375
2023-08-21,88803.81117720889,422.2111511230469
2023-08-22,88676.93276915715,421.0675048828125
2023-08-23,90075.23492329696,425.7572326660156
2023-08-24,88149.81886156279,419.8566589355469
2023-08-25,88833.09022635575,422.81658935546875
2023-08-28,89501.75240755886,425.4977722167969
2023-08-29,91456.47027417758,431.64825439453125
2023-08-30,91966.49462277509,433.4261169433594
2023-08-31,92242.25623721407,432.7919006347656
2023-09-01,92144.63412257152,433.5990905761719
2023-09-05,92261.78066014257,431.72509765625
2023-09-06,91449.14292664497,428.8228454589844
2023-09-07,90795.12785526119,427.5062561035156
2023-09-08,90922.0290190506,428.1501159667969
2023-09-11,91993.33122274443,430.9659118652344
2023-09-12,90973.29011079531,428.60186767578125
2023-09-13,91319.81448416981,429.1015930175781
2023-09-14,92066.55918659517,432.8014831542969
2023-09-15,90490.09477692125,427.5868835449219
2023-09-18,90584.44006533803,427.837646484375
2023-09-19,90391.35763113244,426.9504089355469
2023-09-20,89088.78128016193,423.02532958984375
2023-09-21,87456.27707383073,416.03338623046875
2023-09-22,87468.49690496431,415.0979919433594
2023-09-25,87883.94840776824,416.84356689453125
2023-09-26,86564.26732730908,410.71954345703125
2023-09-27,86767.11955822482,410.8834533691406
2023-09-28,87492.92898198556,413.2655029296875
2023-09-29,87556.47817207688,412.2626037597656
2023-10-02,88287.20283517629,412.0986328125
2023-10-03,86737.79499760258,406.5822448730469
2023-10-04,87918.16545199144,409.54296875
2023-10-05,87659.12171950057,409.3886413574219
2023-10-06,89127.8756374943,414.249267578125
2023-10-09,89582.45942386007,416.9013977050781
2023-10-10,90078.53450526041,419.07122802734375
2023-10-11,90721.27790124723,420.7879333496094
2023-10-12,90406.02749668944,418.22259521484375
2023-10-13,89269.62112749626,416.13946533203125
2023-10-16,90278.93670175271,420.51788330078125
2023-10-17,89983.24106110701,420.4985656738281
2023-10-18,88802.83268048869,414.8954162597656
2023-10-19,87971.92967488081,411.25
2023-10-20,86659.56835670838,406.19647216796875
2023-10-23,86921.07729411445,405.4924621582031
2023-10-24,87766.65775052522,408.5496826171875
2023-10-25,85618.49335789806,402.68603515625
2023-10-26,83985.98915156686,397.8640441894531
2023-10-27,84389.2284084831,396.06060791015625
2023-10-30,85339.87969100333,400.7958679199219
2023-10-31,85748.01901676643,403.31292724609375
2023-11-01,87236.32011342635,407.61419677734375
2023-11-02,88819.96016571502,415.4258117675781
2023-11-03,89863.49278419466,419.2159423828125
2023-11-06,90230.07254771018,420.1802673339844
2023-11-07,91082.98035165356,421.3761291503906
2023-11-08,91141.64464338981,421.684814453125
2023-11-09,90440.25212615854,418.39617919921875
2023-11-10,92473.53796973666,424.9251708984375
2023-11-13,92185.16967662355,424.5201110839844
2023-11-14,94169.58378091326,432.75616455078125
2023-11-15,94240.4603185372,433.6722106933594
2023-11-16,94321.11423811715,434.2027282714844
2023-11-17,94343.10386596087,434.7427673339844
2023-11-20,95491.72248104175,438.0893249511719
2023-11-21,94936.9603521675,437.1344909667969
2023-11-22,95325.53732877264,438.82220458984375
2023-11-24,95191.1191863033,439.0922546386719
2023-11-27,95108.03040279169,438.3014221191406
2023-11-28,95357.3043385724,438.73541259765625
2023-11-29,95264.43817310476,438.4267883300781
2023-11-30,95024.93403403419,440.153076171875
2023-12-01,95296.21276815042,442.7569580078125
2023-12-04,94411.53795440726,440.43280029296875
2023-12-05,94648.58447380851,440.34600830078125
2023-12-06,94101.14969246688,438.5715026855469
2023-12-07,95415.95345981685,441.9179382324219
2023-12-08,95841.18992982274,443.8177795410156
2023-12-11,96659.88068954292,445.5440368652344
2023-12-12,97429.6997099747,447.5789794921875
2023-12-13,98668.74962659157,453.75115966796875
2023-12-14,98583.22597914831,455.2073974609375
2023-12-15,99059.76146712835,454.4578857421875
2023-12-18,99683.70862379238,457.0142822265625
2023-12-19,100193.05030025952,459.7933349609375
2023-12-20,98704.18789540352,453.42181396484375
2023-12-21,99852.67756130421,457.7210693359375
2023-12-22,100002.04622342861,458.6409912109375
2023-12-26,100614.22866371265,460.57757568359375
2023-12-27,100819.06064380646,461.41046142578125
2023-12-28,100770.05237009196,461.584716796875
2023-12-29,100333.93865747558,460.2484436035156
2024-01-02,98636.06480203875,457.6726989746094
2024-01-03,97592.35772290357,453.93505859375
2024-01-04,97090.09308085457,452.472900390625
2024-01-05,97205.25228400166,453.0926208496094
2024-01-08,99214.28051121406,459.5609130859375
2024-01-09,99410.28326508845,458.86370849609375
2024-01-10,100084.05031677752,461.4588928222656
2024-01-11,100292.31082801495,461.2554931640625
2024-01-12,100343.74638041518,461.5750427246094
2024-01-16,100333.93865747558,459.8805236816406
2024-01-17,99767.9882909092,457.3241271972656
2024-01-18,101184.11577289748,461.39105224609375
2024-01-19,103190.70155093235,467.142822265625
2024-01-22,103325.44585897509,468.1304931640625
2024-01-23,103754.20946832119,469.4957580566406
2024-01-24,104329.9523873354,470.0090637207031
2024-01-25,104457.36934784552,472.56536865234375
2024-01-26,103835.06060429437,471.96502685546875
2024-01-29,104898.37554406289,475.7027587890625
2024-01-30,104200.10056289363,475.3347473144531
2024-01-31,102159.22188817663,467.5785827636719
2024-02-01,103362.21154581833,473.69830322265625
2024-02-02,105109.08608972374,478.68505859375
2024-02-05,104971.86899151989,476.94207763671875
2024-02-06,104761.17361635082,478.32684326171875
2024-02-07,105839.18117741402,482.3162841796875
2024-02-08,106035.1915165343,482.529296875
2024-02-09,107078.91376616126,485.3179626464844
2024-02-12,106659.9351240171,485.10498046875
2024-02-13,104996.37692100008,478.423583984375
2024-02-14,106140.55058198767,482.7713623046875
2024-02-15,106456.6050226101,486.10235595703125
2024-02-16,105491.2687040411,483.68157958984375
2024-02-20,104695.02268691822,481.01873779296875
2024-02-21,104276.05921526584,481.4544677734375
2024-02-22,107328.8096921052,491.4183654785156
2024-02-23,107012.75525148277,491.75732421875
2024-02-26,106956.396874498,489.95623779296875
2024-02-27,107213.65048895811,490.866455078125
2024-02-28,106642.79246829898,490.21771240234375
2024-02-29,107556.65530823827,491.9800109863281
2024-03-01,109176.13564737124,496.59881591796875
2024-03-04,108786.58017404591,496.0662841796875
2024-03-05,106833.90273857239,491.1085510253906
2024-03-06,107505.21217059215,493.5971374511719
2024-03-07,109136.93509659637,498.4967346191406
2024-03-08,107561.54779183924,495.50469970703125
2024-03-11,107162.21493655788,495.0785827636719
2024-03-12,108698.37134955655,500.4043884277344
2024-03-13,107862.93236690469,499.6199645996094
2024-03-14,107590.97854590397,498.63232421875
2024-03-15,106312.03782113596,495.2083435058594
2024-03-18,107325.98039538713,498.15155029296875
2024-03-19,107593.39065409794,500.9197998046875
2024-03-20,108869.09247886966,505.55303955078125
2024-03-21,109384.28237992027,507.2236328125
2024-03-22,109509.40101092483,506.2620849609375
2024-03-25,109111.97963760849,504.86334228515625
2024-03-26,108758.70439538924,503.9309997558594
2024-03-27,109129.13746381839,508.16583251953125
2024-03-28,108927.97674273679,508.06878662109375
2024-04-01,109158.5833883749,507.1847229003906
2024-04-02,108216.51860420554,503.9599914550781
2024-04-03,108459.40576294437,504.513671875
2024-04-04,106800.96760090512,498.3555603027344
2024-04-05,108059.51918471282,503.5617980957031
2024-04-08,108091.40755844687,503.8434143066406
2024-04-09,108491.28655143254,504.4263000488281
2024-04-10,107544.32169841632,499.37542724609375
2024-04-11,109261.62136858502,503.1441345214844
2024-04-12,107519.79859844434,496.19915771484375
2024-04-15,105750.97993817055,489.9827880859375
2024-04-16,105760.79524635605,489.089111328125
2024-04-17,104470.37045930608,486.19451904296875
2024-04-18,103874.2156435939,485.1941223144531
2024-04-19,101725.14102145957,480.959228515625
2024-04-22,102748.16313504461,485.3883972167969
2024-04-23,104281.46749558752,491.1483154296875
2024-04-24,104634.73515256088,490.9151916503906
2024-04-25,104129.36814494166,489.05023193359375
2024-04-26,105736.26456113819,493.6834411621094
2024-04-29,106165.57430818857,495.43182373046875
2024-04-30,104163.71413834504,487.58355712890625
2024-05-01,103410.55990314012,486.0003356933594
2024-05-02,104730.42302950071,490.5461120605469
2024-05-03,106835.32876480027,496.6266174316406
2024-05-06,108005.55774543023,501.755126953125
2024-05-07,108022.72315688602,502.30877685546875
2024-05-08,107958.93123892612,502.3573303222656
2024-05-09,108194.42278291931,505.2518310546875
2024-05-10,108449.59045475887,505.9027404785156
2024-05-13,108699.82013152211,505.9706726074219
2024-05-14,109399.00534219852,508.2920227050781
2024-05-15,111108.93973860517,514.5863037109375
2024-05-16,110883.23316181391,513.5274047851562
2024-05-17,110829.27172253132,514.2657470703125
2024-05-20,111602.04140361545,514.8582153320312
2024-05-21,111820.39787713642,516.1209716796875
2024-05-22,111798.2944706043,514.6348876953125
2024-05-23,111295.3926679003,510.8757629394531
2024-05-24,112347.84553555008,514.2560424804688
2024-05-28,112772.26279899951,514.615478515625
2024-05-29,111977.41246712093,511.0118103027344
2024-05-30,110777.75273242626,507.6218566894531
2024-05-31,110571.67677200602,512.2454833984375
2024-06-03,111165.3587975571,512.6630859375
2024-06-04,111469.5650840947,513.2362670898438
2024-06-05,113716.77003234641,519.3360595703125
2024-06-06,113677.51638485029,519.3262939453125
2024-06-07,113576.93602430949,518.6950073242188
2024-06-10,114035.69928116229,520.2977905273438
2024-06-11,114818.29185567783,521.5505981445312
2024-06-12,116322.15787691012,525.8340454101562
2024-06-13,116952.6511007798,526.8929443359375
2024-06-14,117558.6060541857,527.2135620117188
2024-06-17,118998.6725722122,531.4096069335938
2024-06-18,119035.4761852849,532.7597045898438
2024-06-20,118117.9572568252,531.3124389648438
2024-06-21,117801.48562767864,530.6001586914062
2024-06-24,116460.36105708005,528.8754272460938
2024-06-25,117792.13301949261,530.9119873046875
2024-06-26,118035.3994405261,531.5746459960938
2024-06-27,118340.08359755497,532.4125366210938
2024-06-28,117725.79245891269,530.3174438476562
2024-07-01,118416.26222205808,531.408935546875
2024-07-02,119659.59780260449,534.985107421875
2024-07-03,120657.21692769398,537.37255859375
2024-07-05,121915.29822625632,540.4713134765625
2024-07-08,122205.23666526926,541.0950317382812
2024-07-09,122310.89155531245,541.6212158203125
2024-07-10,123586.16102106827,546.9806518554688
2024-07-11,120875.89198154245,542.2643432617188
2024-07-12,121586.03028728832,545.6846313476562
2024-07-15,121912.82543609521,547.1854248046875
2024-07-16,121959.50503932056,550.4302368164062
2024-07-17,118379.39792701825,542.7125854492188
2024-07-18,117819.18200634695,538.5418090820312
2024-07-19,116774.87569278623,534.9656372070312
2024-07-22,118514.567008831,540.4810791015625
2024-07-23,118096.82476176738,539.63330078125
2024-07-24,113860.65456169019,527.4039306640625
2024-07-25,112605.04605328896,524.6559448242188
2024-07-26,113759.91491098564,530.5318603515625
2024-07-29,113988.43561400319,530.84375
2024-07-30,112423.22012398853,528.154296875
2024-07-31,115750.2151660883,536.7392578125
2024-08-01,112946.58692011177,529.138427734375
2024-08-02,110265.80931661783,519.2866821289062
2024-08-05,106978.10584824368,504.1632080078125
2024-08-06,108000.30875527229,508.81134033203125
2024-08-07,106830.67142382199,505.410400390625
2024-08-08,110098.72152008746,517.0941162109375
2024-08-09,110673.71349975826,519.374267578125
2024-08-12,110912.0646814531,519.647216796875
2024-08-13,113664.07532912794,528.1932373046875
2024-08-14,113700.95479465957,529.8594970703125
2024-08-15,116573.38880613122,538.9413452148438
2024-08-16,116723.27326497633,540.1497192382812
2024-08-19,118256.53969928979,545.3143920898438
2024-08-20,118008.38837990123,544.4276123046875
2024-08-21,118558.78140714113,546.2985229492188
2024-08-22,116679.05128142031,542.010986328125
2024-08-23,117944.48268325295,547.7698974609375
2024-08-26,116799.43671898766,546.4642333984375
2024-08-27,117148.37320055613,547.214599609375
2024-08-28,115819.02851682932,544.0379028320312
2024-08-29,115649.48310062963,544.0864868164062
2024-08-30,117027.9650072511,549.2803344726562
2024-09-03,113474.89171131134,537.9767456054688
2024-09-04,113180.02286246797,536.8755493164062
2024-09-05,113285.68533775707,535.5698852539062
2024-09-06,110251.07118384779,526.5560913085938
2024-09-09,111668.85224944075,532.4515380859375
2024-09-10,112700.87804990076,534.770751953125
2024-09-11,115148.2197110385,540.2568359375
2024-09-12,116278.52754253375,544.8076171875
2024-09-13,116799.43671898766,547.653076171875
2024-09-16,116283.45036711829,548.4619140625
2024-09-17,116344.86810311368,548.6859741210938
2024-09-18,115841.13950860733,547.0587158203125
2024-09-19,118770.09118722752,556.3938598632812
2024-09-20,118544.05085961697,555.43212890625
2024-09-23,118858.26967073331,556.8201293945312
2024-09-24,119431.59289630766,558.4132690429688
2024-09-25,119542.32231585326,557.1817626953125
2024-09-26,120440.45335581053,559.3907470703125
2024-09-27,119771.16159919831,558.5794067382812
2024-09-30,120095.96182833535,560.8178100585938
2024-10-01,118422.7248515589,555.793701171875
2024-10-02,118590.06296120374,556.0283813476562
2024-10-03,118501.47487441973,555.0118408203125
2024-10-04,119911.40521051346,560.0553588867188
2024-10-07,118626.95001198126,554.9922485351562
2024-10-08,120398.6207247108,560.2410888671875
2024-10-09,121345.94966952989,564.12158203125
2024-10-10,121208.17126312996,563.1343994140625
2024-10-11,121397.6279497987,566.5065307617188
2024-10-14,122416.34164371654,571.1395874023438
2024-10-15,120780.01447345529,566.7019653320312
2024-10-16,120794.77536196301,569.1651000976562
2024-10-17,120878.44062416248,569.214111328125
2024-10-18,121670.74989866692,571.4035034179688
2024-10-21,121904.5195918424,570.4651489257812
2024-10-22,122037.39792939548,570.1622314453125
2024-10-23,120167.31623645053,564.952392578125
2024-10-24,121141.72450910753,566.1741333007812
2024-10-25,121879.90546891971,565.978759765625
2024-10-28,121899.60435250377,567.7283325195312
2024-10-29,123070.87251182104,568.6471557617188
2024-10-30,122140.73931944132,566.9269409179688
2024-10-31,119057.57200657114,555.8132934570312
2024-11-01,119938.48453835137,558.1591186523438
2024-11-04,119589.07777153753,556.9569091796875
2024-11-05,121114.6679370073,563.6915283203125
2024-11-06,124404.51802996917,577.7078857421875
2024-11-07,126363.16505396045,582.1749267578125
2024-11-08,126510.82703575892,584.6968383789062
2024-11-11,126436.99983748264,585.2539672851562
2024-11-12,126208.15296889169,583.4358520507812
2024-11-13,126045.76043956906,583.7194213867188
2024-11-14,125169.77831761926,579.9658813476562
2024-11-15,122187.5023603715,572.537353515625
2024-11-18,123036.40515448338,574.8832397460938
2024-11-19,123882.87308466363,576.9846801757812
2024-11-20,123811.51109130256,577.18017578125
2024-11-21,124256.89397440015,580.2787475585938
2024-11-22,124456.18872499208,582.0772094726562
2024-11-25,124653.04861165237,584.0516967773438
2024-11-26,125322.3327830187,587.1012573242188
2024-11-27,124335.6212415233,585.3223266601562
2024-11-29,125428.13937797977,588.9583740234375
2024-12-02,126793.77946330444,590.0139770507812
2024-12-03,127182.56882679458,590.2877807617188
2024-12-04,128754.92203319451,593.953125
2024-12-05,128398.11206638913,592.9755859375
2024-12-06,129547.21613720716,594.099853515625
2024-12-09,128538.39360393374,591.0403442382812
2024-12-10,128100.39116509001,589.2026977539062
2024-12-11,130393.66889689562,593.7576904296875
2024-12-12,129552.17688802116,590.6983032226562
2024-12-13,130543.79608360931,590.5808715820312
2024-12-16,132423.69308473976,593.1027221679688
2024-12-17,131840.53938048813,590.6592407226562
2024-12-18,127084.15026133327,573.0553588867188
2024-12-19,126518.19989476689,572.87939453125
2024-12-20,127623.02130006175,579.7603149414062
2024-12-23,128866.42514782118,583.2319946289062
2024-12-24,130613.79273270964,589.7147827148438
2024-12-26,130525.09086723723,589.7539672851562
2024-12-27,128789.98103971183,583.5458984375
2024-12-30,127077.12632363639,576.8866577148438
