date,nav,spy
2010-01-04,10000.0,84.36894226074219
2010-01-05,10021.245986883034,84.59230041503906
2010-01-06,10027.1637385088,84.6518783569336
2010-01-07,10097.349414607685,85.00921630859375
2010-01-08,10119.135525526051,85.2920913696289
2010-01-11,10156.466943982332,85.41119384765625
2010-01-12,10070.74536258956,84.61466217041016
2010-01-13,10141.140619788317,85.32933807373047
2010-01-14,10179.328964240975,85.56008911132812
2010-01-15,10087.46209650585,84.59974670410156
2010-01-19,10212.972839280905,85.65687561035156
2010-01-20,10124.25672049772,84.78588104248047
2010-01-21,9921.871679363934,83.15554809570312
2010-01-22,9708.057884874699,81.30180358886719
2010-01-25,9736.556910046003,81.71875762939453
2010-01-26,9699.314659587219,81.37627410888672
2010-01-27,9771.873513455925,81.76338958740234
2010-01-28,9650.905805461989,80.82539367675781
2010-01-29,9569.637347632124,79.9469223022461
2010-02-01,9675.777815445208,81.1901626586914
2010-02-02,9793.66367315528,82.17283630371094
2010-02-03,9750.444593658505,81.76338958740234
2010-02-04,9476.628373982785,79.23969268798828
2010-02-05,9500.190551937809,79.40345764160156
2010-02-08,9409.412072344881,78.83025360107422
2010-02-09,9527.577218171338,79.82038116455078
2010-02-10,9513.99622497708,79.6640396118164
2010-02-11,9591.965509795447,80.49781036376953
2010-02-12,9561.865978466521,80.43082427978516
2010-02-16,9726.788431818626,81.69636535644531
2010-02-17,9776.647452036364,82.08348846435547
2010-02-18,9828.762154103668,82.56739807128906
2010-02-19,9823.982895849404,82.73861694335938
2010-02-22,9829.98276334169,82.75352478027344
2010-02-23,9720.265679944096,81.74849700927734
2010-02-24,9827.430324875859,82.5003662109375
2010-02-25,9783.778952469092,82.38870239257812
2010-02-26,9796.56801131323,82.44086456298828
2010-03-01,9844.980961041663,83.29696655273438
2010-03-02,9868.357174720339,83.5277328491211
2010-03-03,9861.558130272073,83.6021957397461
2010-03-04,9897.10317419012,83.85530090332031
2010-03-05,10023.778974776953,85.05387115478516
2010-03-08,10021.63242043621,85.06876373291016
2010-03-09,10050.572277215797,85.21022033691406
2010-03-10,10100.059623396668,85.58988189697266
2010-03-11,10158.717804244396,85.94722747802734
2010-03-12,10160.239999445024,85.95466613769531
2010-03-15,10179.472751844778,85.97697448730469
2010-03-16,10250.073138759548,86.66191101074219
2010-03-17,10303.302005132551,87.1755599975586
2010-03-18,10328.45835298364,87.13087463378906
2010-03-19,10290.596988622656,86.68985748291016
2010-03-22,10333.209473285837,87.15335845947266
2010-03-23,10423.143659425526,87.76629638671875
2010-03-24,10359.665714966492,87.34021759033203
2010-03-25,10370.886382185781,87.19818115234375
2010-03-26,10358.57524890525,87.1458511352539
2010-03-29,10392.477366879235,87.6989974975586
2010-03-30,10391.40984146605,87.7588119506836
2010-03-31,10357.232199125787,87.4598159790039
2010-04-01,10416.112033722671,88.05780792236328
2010-04-05,10474.573840525765,88.77544403076172
2010-04-06,10488.049154352928,88.98477172851562
2010-04-07,10462.535273044901,88.47644805908203
2010-04-08,10501.99577165614,88.78288269042969
2010-04-09,10563.578071787299,89.36601257324219
2010-04-12,10587.721587501037,89.50801086425781
2010-04-13,10602.721070530337,89.57528686523438
2010-04-14,10727.715199072443,90.5919418334961
2010-04-15,10738.157672255906,90.66665649414062
2010-04-16,10575.544135382028,89.22395324707031
2010-04-19,10650.014087400177,89.5603256225586
2010-04-20,10693.296726278712,90.36018371582031
2010-04-21,10652.547912828884,90.19573211669922
2010-04-22,10645.657562967379,90.4648208618164
2010-04-23,10725.360448967054,91.05535888671875
2010-04-26,10656.882681901956,90.71153259277344
2010-04-27,10447.393309928311,88.56612396240234
2010-04-28,10521.621474298543,89.23893737792969
2010-04-29,10682.09005602475,90.3452377319336
2010-04-30,10507.5333451211,88.81282806396484
2010-05-03,10633.501875123502,89.96398162841797
2010-05-04,10428.71990583653,87.84851837158203
2010-05-05,10366.24458064966,87.32526397705078
2010-05-06,10040.069004995192,84.42488098144531
2010-05-07,9919.516075682248,83.1690444946289
2010-05-10,10293.182706783746,86.8318862915039
2010-05-11,10271.94479458102,86.58523559570312
2010-05-12,10393.664178403325,87.79619598388672
2010-05-13,10259.781951421353,86.70482635498047
2010-05-14,10095.785182825974,85.135009765625
2010-05-17,10099.242357923253,85.17985534667969
2010-05-18,9955.690218171578,84.02122497558594
2010-05-19,9922.858695863097,83.54280853271484
2010-05-20,9574.044139655447,80.38829040527344
2010-05-21,9683.475457597102,81.5618896484375
2010-05-24,9577.468824507087,80.51534271240234
2010-05-25,9578.310884142546,80.59758758544922
2010-05-26,9503.983997485526,80.11167907714844
2010-05-27,9787.453864832854,82.79528045654297
2010-05-28,9679.646731360703,81.75626373291016
2010-06-01,9554.662557686399,80.38082122802734
2010-06-02,9775.197785332008,82.47383117675781
2010-06-03,9783.662061163745,82.7579116821289
2010-06-04,9485.928001473665,79.85003662109375
2010-06-07,9381.16993564545,78.85585021972656
2010-06-08,9481.399496215261,79.70054626464844
2010-06-09,9430.933874862236,79.27445983886719
2010-06-10,9661.547491075858,81.59175872802734
2010-06-11,9690.315389091309,81.98798370361328
2010-06-14,9664.49421912333,81.86090087890625
2010-06-15,9875.42948355987,83.72221374511719
2010-06-16,9872.599141150244,83.69230651855469
2010-06-17,9883.98774056093,83.82687377929688
2010-06-18,9899.866957606051,83.91775512695312
2010-06-21,9873.000945189917,83.6773910522461
2010-06-22,9749.612541509092,82.29541015625
2010-06-23,9716.807593094089,82.0400390625
2010-06-24,9579.448862651392,80.68060302734375
2010-06-25,9597.667897704705,81.01859283447266
2010-06-28,9579.242390966217,80.76323699951172
2010-06-29,9327.161802203349,78.26962280273438
2010-06-30,9237.925940872086,77.5261001586914
2010-07-01,9193.58251933074,77.18058013916016
2010-07-02,9168.955570000386,76.7599868774414
2010-07-06,9226.87692283669,77.26322174072266
2010-07-07,9487.50494806261,79.6966781616211
2010-07-08,9583.779331965436,80.48529815673828
2010-07-09,9647.697947610548,81.086181640625
2010-07-12,9666.872107707342,81.13873291015625
2010-07-13,9806.887325950043,82.36299896240234
2010-07-14,9798.980499821646,82.35549926757812
2010-07-15,9818.949618581226,82.37803649902344
2010-07-16,9557.151157508231,80.10979461669922
2010-07-19,9610.931872417286,80.58296203613281
2010-07-20,9692.371561762742,81.47673797607422
2010-07-21,9591.357573637133,80.41776275634766
2010-07-22,9820.304494164051,82.21279907226562
2010-07-23,9872.067499429542,82.92630767822266
2010-07-26,9988.828213248338,83.79006958007812
2010-07-27,9996.196341663022,83.78255462646484
2010-07-28,9935.209964755331,83.24176025390625
2010-07-29,9914.17285387881,82.83619689941406
2010-07-30,9910.288734148671,82.8211441040039
2010-08-02,10121.154921223959,84.69134521484375
2010-08-03,10098.259234782432,84.28577423095703
2010-08-04,10145.298637294865,84.84906768798828
2010-08-05,10129.624908337855,84.75895690917969
2010-08-06,10101.427597782333,84.41345977783203
2010-08-09,10168.454157995036,84.8641128540039
2010-08-10,10116.357809790308,84.40595245361328
2010-08-11,9864.346375906483,82.09260559082031
2010-08-12,9797.79591110485,81.58941650390625
2010-08-13,9762.393246424674,81.34907531738281
2010-08-16,9770.041709811658,81.31150817871094
2010-08-17,9864.018656668723,82.31043243408203
2010-08-18,9877.846022178759,82.46063232421875
2010-08-19,9715.765624001786,81.02611541748047
2010-08-20,9685.467694324132,80.76323699951172
2010-08-23,9644.352091988745,80.45528411865234
2010-08-24,9529.327558884595,79.26103973388672
2010-08-25,9568.33457834887,79.56900787353516
2010-08-26,9486.062635587426,79.0357666015625
2010-08-27,9620.337537623715,80.26000213623047
2010-08-30,9476.967631284497,79.09581756591797
2010-08-31,9476.254956275528,79.09581756591797
2010-09-01,9739.51775695847,81.46173095703125
2010-09-02,9814.726627116092,82.22029876708984
2010-09-03,9941.619718476195,83.28683471679688
2010-09-07,9854.23559166156,82.34799194335938
2010-09-08,9917.110163241714,82.92630767822266
2010-09-09,9969.854563326184,83.30936431884766
2010-09-10,10019.47375116532,83.72998046875
2010-09-13,10129.958334286135,84.66134643554688
2010-09-14,10121.665274290106,84.60875701904297
2010-09-15,10159.96811413583,84.93172454833984
2010-09-16,10164.129841984599,84.90918731689453
2010-09-17,10190.59247380131,84.9408950805664
2010-09-20,10335.083346422121,86.23963928222656
2010-09-21,10321.696818798508,86.06600952148438
2010-09-22,10297.234732444696,85.64313507080078
2010-09-23,10205.547820321084,84.94844818115234
2010-09-24,10392.363170705456,86.70027160644531
2010-09-27,10339.001198527714,86.28492736816406
2010-09-28,10378.266253790272,86.58702087402344
2010-09-29,10354.949446372686,86.43599700927734
2010-09-30,10330.091472495515,86.17922973632812
2010-10-01,10389.149526146664,86.54168701171875
2010-10-04,10297.930968673054,85.89229583740234
2010-10-05,10485.03181724238,87.62145233154297
2010-10-06,10515.854221553058,87.61393737792969
2010-10-07,10495.204090580537,87.50821685791016
2010-10-08,10535.842259279254,87.99898529052734
2010-10-11,10534.49644381238,88.08206176757812
2010-10-12,10566.743345287492,88.35392761230469
2010-10-13,10610.83184002042,89.04105377197266
2010-10-14,10564.493690101493,88.69371795654297
2010-10-15,10538.126244135894,88.87493896484375
2010-10-18,10622.75204400887,89.31287384033203
2010-10-19,10479.275140190402,88.14249420166016
2010-10-20,10570.843353993778,89.00328826904297
2010-10-21,10593.235586940611,89.19963073730469
2010-10-22,10610.332825143352,89.36576080322266
2010-10-25,10620.97456935575,89.63001251220703
2010-10-26,10625.725075462864,89.64513397216797
2010-10-27,10595.293498155626,89.38839721679688
2010-10-28,10613.123894150673,89.40351867675781
2010-10-29,10603.459143662165,89.47145080566406
2010-11-01,10609.683205027863,89.50166320800781
2010-11-02,10679.758740184318,90.21143341064453
2010-11-03,10703.508517205286,90.57388305664062
2010-11-04,10919.621442757441,92.31815338134766
2010-11-05,10978.689751331496,92.66553497314453
2010-11-08,10932.693621734326,92.49185943603516
2010-11-09,10850.329471088493,91.82734680175781
2010-11-10,10883.585774577126,92.19735717773438
2010-11-11,10821.630097170038,91.85002136230469
2010-11-12,10713.071808807957,90.76268005371094
2010-11-15,10705.104433606472,90.63432312011719
2010-11-16,10576.037732967117,89.22228240966797
2010-11-17,10580.151579218142,89.267578125
2010-11-18,10717.96839197287,90.5814437866211
2010-11-19,10733.846583799694,90.83064270019531
2010-11-22,10696.370474260619,90.75513458251953
2010-11-23,10556.429826563523,89.44125366210938
2010-11-24,10687.676811135378,90.76268005371094
2010-11-26,10599.01710676898,89.70555877685547
2010-11-29,10612.212001312546,89.97737884521484
2010-11-30,10564.844646368303,89.47145080566406
2010-12-01,10798.57288753735,91.37430572509766
2010-12-02,10942.43804381571,92.54470825195312
2010-12-03,10968.00214068425,92.79386901855469
2010-12-06,10947.815660780165,92.69570922851562
2010-12-07,10956.770114322366,92.74857330322266
2010-12-08,11023.959958593889,93.08834838867188
2010-12-09,11082.228846950755,93.4508285522461
2010-12-10,11148.495875650045,93.99449157714844
2010-12-13,11160.022819907235,94.05488586425781
2010-12-14,11179.220964154892,94.13795471191406
2010-12-15,11131.283232071413,93.70758819580078
2010-12-16,11197.080836738418,94.251220703125
2010-12-17,11192.38712492353,94.35218048095703
2010-12-20,11202.834728672387,94.57990264892578
2010-12-21,11263.028921966481,95.17957305908203
2010-12-22,11299.845013418239,95.4755859375
2010-12-23,11281.921625547548,95.3389663696289
2010-12-27,11293.574944273976,95.3769302368164
2010-12-28,11303.811681072963,95.51358032226562
2010-12-29,11308.88156320238,95.58187103271484
2010-12-30,11282.999697974474,95.4300765991211
2010-12-31,11295.318519314482,95.45283508300781
2011-01-03,11407.619318176969,96.43963623046875
2011-01-04,11418.653054044706,96.38651275634766
2011-01-05,11463.853887202618,96.88744354248047
2011-01-06,11439.624496524597,96.69770812988281
2011-01-07,11411.507308295,96.5079574584961
2011-01-10,11386.612284327706,96.38651275634766
2011-01-11,11427.534616250703,96.72805786132812
2011-01-12,11524.77160969594,97.60096740722656
2011-01-13,11498.033072348493,97.44157409667969
2011-01-14,11593.664616801676,98.14754486083984
2011-01-18,11594.12989644202,98.31454467773438
2011-01-19,11495.642727127737,97.3504867553711
2011-01-20,11515.452023748427,97.22146606445312
2011-01-21,11550.497318855667,97.44157409667969
2011-01-24,11611.051261108394,97.9957046508789
2011-01-25,11604.769352861222,98.04883575439453
2011-01-26,11625.264441696696,98.42839813232422
2011-01-27,11683.819298353577,98.67129516601562
2011-01-28,11494.18494134357,96.9482192993164
2011-01-31,11541.200034516649,97.67692565917969
2011-02-01,11720.396521158691,99.2406005859375
2011-02-02,11678.933463220093,99.05081939697266
2011-02-03,11713.871276820435,99.27095031738281
2011-02-04,11717.229191249087,99.55178833007812
2011-02-07,11770.49273676801,100.17424774169922
2011-02-08,11835.464708718657,100.62969207763672
2011-02-09,11800.02199349277,100.40193939208984
2011-02-10,11767.746627094657,100.43988800048828
2011-02-11,11825.030571968005,101.03954315185547
2011-02-14,11857.352057656086,101.2824478149414
2011-02-15,11843.40697332787,100.96366119384766
2011-02-16,11890.123618778218,101.60128784179688
2011-02-17,11917.365465168272,101.9049072265625
2011-02-18,11949.347845679224,102.11742401123047
2011-02-22,11740.96876137432,100.06797790527344
2011-02-23,11667.488289425077,99.4531021118164
2011-02-24,11661.629400957974,99.38479614257812
2011-02-25,11753.281091209301,100.44749450683594
2011-02-28,11824.643888769802,101.06991577148438
2011-03-01,11664.400834005119,99.38479614257812
2011-03-02,11669.096660781428,99.59735107421875
2011-03-03,11878.988591255558,101.31282806396484
2011-03-04,11792.402419692704,100.55377197265625
2011-03-07,11705.666617918152,99.76434326171875
2011-03-08,11831.090079330272,100.63726043701172
2011-03-09,11823.650745907622,100.4930419921875
2011-03-10,11624.297012291892,98.6333236694336
2011-03-11,11682.351650440705,99.31651306152344
2011-03-14,11616.31355943218,98.71684265136719
2011-03-15,11477.35372224007,97.5858383178711
2011-03-16,11228.419219497879,95.77923583984375
2011-03-17,11392.93441167873,97.04688262939453
2011-03-18,11457.647575558918,97.39985656738281
2011-03-21,11599.892248099153,98.90934753417969
2011-03-22,11575.378472017652,98.56629943847656
2011-03-23,11602.94497262727,98.84835052490234
2011-03-24,11700.187329573573,99.79367065429688
2011-03-25,11722.087741564836,100.09867095947266
2011-03-28,11710.492140595403,99.85468292236328
2011-03-29,11803.83525513297,100.52555084228516
2011-03-30,11887.60992117798,101.21929931640625
2011-03-31,11848.630988930687,101.08206939697266
2011-04-01,11888.830358523328,101.50897979736328
2011-04-04,11899.885169944031,101.59288024902344
2011-04-05,11901.223498320804,101.57763671875
2011-04-06,11972.621955941066,101.89784240722656
2011-04-07,11960.930311917366,101.63858795166016
2011-04-08,11926.496544162466,101.28789520263672
2011-04-11,11916.133758380542,100.98297119140625
2011-04-12,11853.091447548126,100.22826385498047
2011-04-13,11829.199400345677,100.22061157226562
2011-04-14,11826.802277822633,100.29683685302734
2011-04-15,11873.347124045324,100.66281127929688
2011-04-18,11753.892212700033,99.53447723388672
2011-04-19,11801.534027607853,100.10624694824219
2011-04-20,11936.229750907873,101.47088623046875
2011-04-21,11990.179194814484,101.98934173583984
2011-04-25,11982.973324918436,101.882568359375
2011-04-26,12091.209404201994,102.75927734375
2011-04-27,12179.572076736848,103.4301986694336
2011-04-28,12211.520891412743,103.76564025878906
2011-04-29,12222.322138243126,104.00955963134766
2011-05-02,12221.043173086045,103.8494644165039
2011-05-03,12226.102112133063,103.47594451904297
2011-05-04,12170.827578052498,102.789794921875
2011-05-05,12063.207832039328,101.85968017578125
2011-05-06,12109.671799464488,102.30949401855469
2011-05-09,12133.328905888171,102.70594024658203
2011-05-10,12212.3391297198,103.58261108398438
2011-05-11,12126.696883575576,102.4924545288086
2011-05-12,12175.193972176317,102.9803695678711
2011-05-13,12098.025769523241,102.18748474121094
2011-05-16,12041.068439833723,101.53947448730469
2011-05-17,12043.26993108219,101.5242691040039
2011-05-18,12118.490880038315,102.43146514892578
2011-05-19,12142.35239552427,102.67543029785156
2011-05-20,12042.177522700273,101.85968017578125
2011-05-23,11927.216445315611,100.67803192138672
2011-05-24,11896.528011589351,100.59417724609375
2011-05-25,11908.217724685248,100.92961120605469
2011-05-26,11921.838315745825,101.3946533203125
2011-05-27,11973.496811864115,101.783447265625
2011-05-31,12110.146904286907,102.84312438964844
2011-06-01,11847.996865308816,100.5331802368164
2011-06-02,11824.818220774207,100.42646026611328
2011-06-03,11726.449611036525,99.4277572631836
2011-06-06,11623.736406271431,98.37566375732422
2011-06-07,11597.73040314693,98.31468200683594
2011-06-08,11567.623792490433,97.90303039550781
2011-06-09,11652.01899669715,98.650146484375
2011-06-10,11501.89222000172,97.27787017822266
2011-06-13,11546.892365571523,97.35411834716797
2011-06-14,11661.281563570172,98.58915710449219
2011-06-15,11475.894118069438,96.8357162475586
2011-06-16,11527.279973053905,97.0491714477539
2011-06-17,11560.267090757337,97.3387680053711
2011-06-20,11624.284900534592,97.83677673339844
2011-06-21,11752.98764087098,99.17750549316406
2011-06-22,11677.791391703207,98.57991027832031
2011-06-23,11665.976581159652,98.29647064208984
2011-06-24,11518.64245839192,97.15489196777344
2011-06-27,11616.993288810516,98.0206527709961
2011-06-28,11747.892419634036,99.30011749267578
2011-06-29,11812.843705603704,100.1505126953125
2011-06-30,11934.927214720794,101.10823059082031
2011-07-01,12089.020091597109,102.60220336914062
2011-07-05,12050.007966643045,102.51789855957031
2011-07-06,12078.601423372735,102.6404800415039
2011-07-07,12191.219195350595,103.7054214477539
2011-07-08,12109.648103221583,102.9699478149414
2011-07-11,11928.11140848301,101.10823059082031
2011-07-12,11859.537404746186,100.67152404785156
2011-07-13,11888.528923654318,101.00862884521484
2011-07-14,11840.268007100418,100.31143188476562
2011-07-15,11852.656540829132,100.8936767578125
2011-07-18,11763.91829219541,100.06627655029297
2011-07-19,11929.25936748761,101.69046783447266
2011-07-20,11964.481540933211,101.62915802001953
2011-07-21,12118.07658046985,103.03889465332031
2011-07-22,12099.53579793046,103.10785675048828
2011-07-25,12027.081972261436,102.53324127197266
2011-07-26,11960.83950613442,102.1501693725586
2011-07-27,11736.565357493222,100.05859375
2011-07-28,11699.938446741193,99.76746368408203
2011-07-29,11641.281546714687,99.08558654785156
2011-08-01,11596.619871841842,98.66419219970703
2011-08-02,11345.67470863959,96.14360046386719
2011-08-03,11402.311392556956,96.66458129882812
2011-08-04,10943.80364783428,92.13665008544922
2011-08-05,10942.20546142991,91.99873352050781
2011-08-08,10270.681812582548,86.00748443603516
2011-08-09,10717.23200850179,90.00675964355469
2011-08-10,10222.057565304207,86.03048706054688
2011-08-11,10681.782313321448,89.89186096191406
2011-08-12,10728.726225943494,90.49710083007812
2011-08-15,10938.964608398144,92.4124526977539
2011-08-16,10871.499523831471,91.62333679199219
2011-08-17,10913.06945462859,91.68463134765625
2011-08-18,10514.143690971463,87.73131561279297
2011-08-19,10405.230145298885,86.29862976074219
2011-08-22,10399.968128109384,86.36756896972656
2011-08-23,10716.121482677598,89.2099609375
2011-08-24,10866.514269355961,90.46643829345703
2011-08-25,10731.822438748775,89.0873794555664
2011-08-26,10855.956089270898,90.3821792602539
2011-08-29,11114.407180592745,92.97940826416016
2011-08-30,11125.124254164235,93.2245864868164
2011-08-31,11176.751432806646,93.63831329345703
2011-09-01,11058.084385946398,92.65762329101562
2011-09-02,10795.57660947899,90.29023742675781
2011-09-06,10716.016828818536,89.63134765625
2011-09-07,10995.788352092206,92.15961456298828
2011-09-08,10896.173592146797,91.20195007324219
2011-09-09,10628.701579143106,88.81160736083984
2011-09-12,10706.33088177889,89.38618469238281
2011-09-13,10797.106180370658,90.20594787597656
2011-09-14,10929.036865534546,91.45475006103516
2011-09-15,11119.17369786942,93.03302001953125
2011-09-16,11185.020262974313,93.58364868164062
2011-09-19,11081.13346642535,92.65181732177734
2011-09-20,11087.795758521836,92.54399108886719
2011-09-21,10797.434032522591,89.81783294677734
2011-09-22,10515.653929461414,86.9145278930664
2011-09-23,10601.373555693948,87.43820190429688
2011-09-26,10824.201406279375,89.51752471923828
2011-09-27,10921.022549452819,90.51863098144531
2011-09-28,10749.065327164351,88.67037200927734
2011-09-29,10859.48707509789,89.37116241455078
2011-09-30,10638.901888315082,87.13785552978516
2011-10-03,10363.991119362878,84.65811157226562
2011-10-04,10564.40088773332,86.51403045654297
2011-10-05,10718.873833288286,88.11590576171875
2011-10-06,10893.84594058325,89.71001434326172
2011-10-07,10820.36408025258,89.10929107666016
2011-10-10,11171.399888198433,92.08963775634766
2011-10-11,11167.859162666275,92.18206787109375
2011-10-12,11292.212435956999,92.99066162109375
2011-10-13,11231.368737067323,92.80583953857422
2011-10-14,11388.607910797511,94.39226531982422
2011-10-17,11178.86520831325,92.59022521972656
2011-10-18,11432.011150850309,94.39995574951172
2011-10-19,11316.4914279403,93.2833251953125
2011-10-20,11364.701160357874,93.69148254394531
2011-10-21,11533.095929249888,95.47041320800781
2011-10-24,11666.039685000602,96.64100646972656
2011-10-25,11447.3993291721,94.76193237304688
2011-10-26,11582.801224143173,95.72457122802734
2011-10-27,11975.77754677241,99.05914306640625
2011-10-28,11950.268401872345,99.0360336303711
2011-10-31,11648.603881424106,96.6487045288086
2011-11-01,11329.95196132844,93.95333862304688
2011-11-02,11502.065112205251,95.48582458496094
2011-11-03,11722.727799138362,97.22628021240234
2011-11-04,11626.678468310714,96.6332778930664
2011-11-07,11718.93529136368,97.2339859008789
2011-11-08,11876.743332451586,98.48152160644531
2011-11-09,11462.573005501352,94.84661102294922
2011-11-10,11564.63093413979,95.739990234375
2011-11-11,11780.098606365229,97.54202270507812
2011-11-14,11692.929828331713,96.61788940429688
2011-11-15,11732.210259279023,97.0953598022461
2011-11-16,11543.526733188039,95.55513000488281
2011-11-17,11390.628447991168,94.03804779052734
2011-11-18,11389.301264030048,93.93794250488281
2011-11-21,11173.734300538179,92.15123748779297
2011-11-22,11118.164765310577,91.7893295288086
2011-11-23,10879.431160937442,89.7638931274414
2011-11-25,10869.586447030046,89.5944595336914
2011-11-28,11166.981046250914,92.18976593017578
2011-11-29,11213.415892828698,92.45160675048828
2011-11-30,11699.687211786688,96.25595092773438
2011-12-01,11677.025055067556,96.24053955078125
2011-12-02,11714.882256846187,96.15581512451172
2011-12-05,11836.25242788332,97.20318603515625
2011-12-06,11882.266576858954,97.2339859008789
2011-12-07,11949.599460582345,97.59590148925781
2011-12-08,11708.023049356518,95.45502471923828
2011-12-09,11892.313465898764,97.07227325439453
2011-12-12,11704.309657796926,95.65528106689453
2011-12-13,11620.07536029127,94.76193237304688
2011-12-14,11515.3168244801,93.75305938720703
2011-12-15,11565.631896202674,94.09194946289062
2011-12-16,11606.933891777253,94.23146057128906
2011-12-19,11477.834753836632,93.22394561767578
2011-12-20,11809.057829730384,96.04491424560547
2011-12-21,11819.448902835302,96.23090362548828
2011-12-22,11923.725928922266,97.0833511352539
2011-12-23,12025.735420500368,97.95142364501953
2011-12-27,12008.605162809516,98.02886962890625
2011-12-28,11862.53547208856,96.74241638183594
2011-12-29,11998.280330180309,97.74214935302734
2011-12-30,11944.77947563627,97.26165771484375
2012-01-03,12147.231999520514,98.8116455078125
2012-01-04,12164.454050873526,98.9666519165039
2012-01-05,12198.476749835623,99.23014831542969
2012-01-06,12160.446501908556,98.97437286376953
2012-01-09,12194.912132428066,99.21465301513672
2012-01-10,12300.198813895799,100.07488250732422
2012-01-11,12326.502278898448,100.12911987304688
2012-01-12,12362.605704697186,100.3693618774414
2012-01-13,12302.362784703368,99.8501205444336
2012-01-17,12320.415604176455,100.23764038085938
2012-01-18,12491.542357756485,101.34587860107422
2012-01-19,12532.850051917947,101.88062286376953
2012-01-20,12566.234816103315,102.26034545898438
2012-01-23,12555.02579627647,101.99690246582031
2012-01-24,12540.008359499878,101.88062286376953
2012-01-25,12614.744640592702,102.73309326171875
2012-01-26,12545.505959643962,102.20612335205078
2012-01-27,12534.92401989234,102.1596450805664
2012-01-30,12500.205447763006,101.81086730957031
2012-01-31,12496.308434135051,101.77213287353516
2012-02-01,12621.826383128453,102.6633529663086
2012-02-02,12639.770283615682,102.82610321044922
2012-02-03,12801.235318797779,104.26756286621094
2012-02-06,12800.40894227637,104.19783020019531
2012-02-07,12815.565082126433,104.46135711669922
2012-02-08,12846.814285952101,104.77132415771484
2012-02-09,12828.230616803603,104.90308380126953
2012-02-10,12751.27629633047,104.12809753417969
2012-02-13,12836.165798021299,104.90308380126953
2012-02-14,12810.034570336975,104.77132415771484
2012-02-15,12731.965877479975,104.2830810546875
2012-02-16,12874.769598792818,105.43782806396484
2012-02-17,12935.11162620675,105.71681213378906
2012-02-21,12942.647713399767,105.7633285522461
2012-02-22,12881.651268424655,105.42234802246094
2012-02-23,12944.486677034685,105.88732147216797
2012-02-24,12956.054920494777,106.11981201171875
2012-02-27,12995.753156345754,106.29805755615234
2012-02-28,13055.623804357532,106.60808563232422
2012-02-29,13015.9387045177,106.18955993652344
2012-03-01,13094.803275264976,106.73979949951172
2012-03-02,13064.10834796152,106.41431427001953
2012-03-05,13010.957667870352,105.98033905029297
2012-03-06,12816.21312655793,104.43034362792969
2012-03-07,12941.775972741558,105.15885925292969
2012-03-08,13053.548649686825,106.20503997802734
2012-03-09,13097.912323329247,106.6158218383789
2012-03-12,13105.106336736708,106.62358093261719
2012-03-13,13375.63536829069,108.5455551147461
2012-03-14,13395.069071793174,108.42933654785156
2012-03-15,13486.782710187897,109.05702209472656
2012-03-16,13502.424212075202,109.20803833007812
2012-03-19,13560.989157812013,109.63614654541016
2012-03-20,13553.363152572347,109.31700897216797
2012-03-21,13511.716503185968,109.13797760009766
2012-03-22,13418.472465699364,108.35185241699219
2012-03-23,13459.355715378526,108.70210266113281
2012-03-26,13639.528102795735,110.22774505615234
2012-03-27,13586.359020558617,109.88529205322266
2012-03-28,13562.218477461878,109.34038543701172
2012-03-29,13520.421183427878,109.1535873413086
2012-03-30,13588.290965481981,109.60501098632812
2012-04-02,13650.165612237286,110.40678405761719
2012-04-03,13588.665783127442,109.95527648925781
2012-04-04,13462.096315625695,108.86557006835938
2012-04-05,13463.74531440801,108.81108093261719
2012-04-09,13315.042309710796,107.58901977539062
2012-04-10,13103.599533196913,105.78313446044922
2012-04-11,13204.227236411616,106.63935852050781
2012-04-12,13369.582284800537,108.03266906738281
2012-04-13,13196.669577964645,106.74834442138672
2012-04-16,13255.307638899809,106.67829895019531
2012-04-17,13436.084484000337,108.25839233398438
2012-04-18,13375.998119905804,107.892578125
2012-04-19,13284.445299125802,107.19981384277344
2012-04-20,13323.597172125255,107.37883758544922
2012-04-23,13210.928453041577,106.4759292602539
2012-04-24,13277.083574166154,106.88066101074219
2012-04-25,13403.609906043868,108.34406280517578
2012-04-26,13473.591263380671,109.09904479980469
2012-04-27,13491.63224127403,109.27809143066406
2012-04-30,13444.674645166924,108.87338256835938
2012-05-01,13514.123516430805,109.55054473876953
2012-05-02,13485.5767349079,109.22366333007812
2012-05-03,13395.314650688446,108.39073944091797
2012-05-04,13194.824545160092,106.63935852050781
2012-05-07,13206.519453178671,106.71722412109375
2012-05-08,13160.492180529991,106.28911590576172
2012-05-09,13051.925221291393,105.65861511230469
2012-05-10,13078.555434857015,105.8765640258789
2012-05-11,13020.209620609421,105.55743408203125
2012-05-14,12891.732252438254,104.38982391357422
2012-05-15,12830.979833434954,103.79047393798828
2012-05-16,12800.653251712896,103.39346313476562
2012-05-17,12650.824868230378,101.86005401611328
2012-05-18,12568.244405666273,100.9882583618164
2012-05-21,12665.227551629938,102.72407531738281
2012-05-22,12684.73695520477,102.90310668945312
2012-05-23,12700.309847931938,102.9576187133789
2012-05-24,12735.484988163711,103.15997314453125
2012-05-25,12696.966653277468,102.82527160644531
2012-05-29,12829.154104026156,104.07072448730469
2012-05-30,12677.339220254778,102.56062316894531
2012-05-31,12672.349241136475,102.33487701416016
2012-06-01,12388.423563674965,99.7584228515625
2012-06-04,12380.931532029294,99.71173095703125
2012-06-05,12444.774546209257,100.46675109863281
2012-06-06,12733.842225341717,102.72407531738281
2012-06-07,12738.503114423776,102.78640747070312
2012-06-08,12858.648809588833,103.6036376953125
2012-06-11,12709.165848184351,102.28819274902344
2012-06-12,12877.85679965746,103.46353149414062
2012-06-13,12819.948410562989,102.80191040039062
2012-06-14,12964.260527016462,103.89164733886719
2012-06-15,13081.31408920322,104.95423126220703
2012-06-18,13066.439042978942,105.15763092041016
2012-06-19,13184.49717937184,106.17476654052734
2012-06-20,13172.385766429576,106.00259399414062
2012-06-21,12925.077528633716,103.62406921386719
2012-06-22,13013.845904599153,104.42218017578125
2012-06-25,12818.225259252757,102.74775695800781
2012-06-26,12871.301259138465,103.26416778564453
2012-06-27,12981.313628988219,104.19524383544922
2012-06-28,12958.891418903146,103.89788818359375
2012-06-29,13274.56767918539,106.48776245117188
2012-07-02,13276.707133661013,106.80854797363281
2012-07-03,13331.246489652756,107.5126953125
2012-07-05,13253.00611267591,107.02761840820312
2012-07-06,13152.380108039191,106.01045227050781
2012-07-09,13152.382218107865,105.87744903564453
2012-07-10,13070.716226859562,104.95423126220703
2012-07-11,13075.073671760378,104.9698486328125
2012-07-12,13002.854963153997,104.46125793457031
2012-07-13,13233.023646537504,106.21392059326172
2012-07-16,13201.056082915089,105.96350860595703
2012-07-17,13293.623471237812,106.6911849975586
2012-07-18,13389.41952549817,107.48143005371094
2012-07-19,13382.653919114742,107.76306915283203
2012-07-20,13249.182605518014,106.77722930908203
2012-07-23,13151.340596492662,105.69749450683594
2012-07-24,13027.812099914232,104.78986358642578
2012-07-25,13059.537883790781,104.8133316040039
2012-07-26,13274.018730727656,106.5425033569336
2012-07-27,13520.364343825539,108.50640869140625
2012-07-30,13488.477462598288,108.50640869140625
2012-07-31,13421.66692256647,107.74745178222656
2012-08-01,13389.147505509676,107.65354919433594
2012-08-02,13255.83738075381,106.91020965576172
2012-08-03,13496.216172356837,109.0306167602539
2012-08-06,13518.114900573726,109.24186706542969
2012-08-07,13579.175524128575,109.78958892822266
2012-08-08,13588.669695971997,109.92255401611328
2012-08-09,13612.287717177458,110.0164794921875
2012-08-10,13646.086624427191,110.19641876220703
2012-08-13,13615.65366175326,110.14166259765625
2012-08-14,13626.402871655995,110.15727996826172
2012-08-15,13656.261302298553,110.282470703125
2012-08-16,13756.329011754457,111.09623718261719
2012-08-17,13762.02456096457,111.24486541748047
2012-08-20,13754.262038718944,111.25269317626953
2012-08-21,13717.63685638832,110.91622924804688
2012-08-22,13715.557546160959,110.96321868896484
2012-08-23,13628.27291262291,110.05558776855469
2012-08-24,13731.4637424613,110.72064208984375
2012-08-27,13729.301418401923,110.74407958984375
2012-08-28,13707.379181044962,110.63457489013672
2012-08-29,13720.996439683599,110.72064208984375
2012-08-30,13626.36089833884,109.92255401611328
2012-08-31,13703.333502091255,110.44676971435547
2012-09-04,13672.148897672787,110.34513092041016
2012-09-05,13665.427684457885,110.2511978149414
2012-09-06,13946.104917456376,112.48893737792969
2012-09-07,13984.882853231358,112.92706298828125
2012-09-10,13889.7998644934,112.28546905517578
2012-09-11,13941.991298250647,112.59843444824219
2012-09-12,13969.426362506245,112.97401428222656
2012-09-13,14213.577416559394,114.69534301757812
2012-09-14,14245.198688838418,115.20391845703125
2012-09-17,14203.877587893916,114.81272888183594
2012-09-18,14199.967444005688,114.71884155273438
2012-09-19,14204.410228103276,114.78140258789062
2012-09-20,14210.043571539478,114.78926849365234
2012-09-21,14195.006198485915,114.7412338256836
2012-09-24,14176.715539854582,114.56818389892578
2012-09-25,14051.404798916203,113.3490219116211
2012-09-26,13989.934764484586,112.71183776855469
2012-09-27,14104.220186354787,113.77371978759766
2012-09-28,14033.710889248627,113.24671173095703
2012-10-01,14100.734799787106,113.54566955566406
2012-10-02,14098.758119626918,113.66361236572266
2012-10-03,14168.168910138063,114.12769317626953
2012-10-04,14283.15113065501,114.94578552246094
2012-10-05,14308.412822431661,114.95366668701172
2012-10-08,14286.603209591245,114.56036376953125
2012-10-09,14180.464130893668,113.4276123046875
2012-10-10,14092.812736612355,112.7039566040039
2012-10-11,14075.845749396716,112.76689147949219
2012-10-12,14031.611633860324,112.397216796875
2012-10-15,14202.673914913388,113.33326721191406
2012-10-16,14325.894571146966,114.48174285888672
2012-10-17,14366.408920463133,115.00080108642578
2012-10-18,14353.869063492517,114.7019271850586
2012-10-19,14137.70220618438,112.79051208496094
2012-10-22,14137.78758795961,112.80621337890625
2012-10-23,13954.038138220876,111.24091339111328
2012-10-24,13911.434166728242,110.92626190185547
2012-10-25,13964.693285793695,111.24877166748047
2012-10-26,13947.244928406126,111.18582916259766
2012-10-31,13955.05900877623,111.18582916259766
2012-11-01,14120.212285418045,112.35000610351562
2012-11-02,14003.293398707257,111.35101318359375
2012-11-05,14033.50010378113,111.57914733886719
2012-11-06,14159.928639360514,112.45225524902344
2012-11-07,13809.44807714538,109.90367126464844
2012-11-08,13670.413294003689,108.58218383789062
2012-11-09,13708.190956240736,108.67655181884766
2012-11-12,13719.999592653936,108.76310729980469
2012-11-13,13659.74797227612,108.38555145263672
2012-11-14,13476.581192724783,106.92243957519531
2012-11-15,13457.09002997968,106.74154663085938
2012-11-16,13499.642899129314,107.26856994628906
2012-11-19,13747.026555252434,109.43959045410156
2012-11-20,13778.835044599016,109.48680114746094
2012-11-21,13810.258464921266,109.69132995605469
2012-11-23,13989.681402220396,111.18582916259766
2012-11-26,13952.830259554163,110.94985961914062
2012-11-27,13869.823418488353,110.38349151611328
2012-11-28,13999.794855623315,111.2723617553711
2012-11-29,14048.923833958715,111.79153442382812
2012-11-30,14058.332539356647,111.81511688232422
2012-12-03,14007.646761341373,111.26447296142578
2012-12-04,13982.423053382132,111.10717010498047
2012-12-05,14070.808320938724,111.30386352539062
2012-12-06,14108.886991118732,111.68138122558594
2012-12-07,14163.597053685475,112.0196304321289
2012-12-10,14173.726130314628,112.06684875488281
2012-12-11,14269.684734321,112.8298110961914
2012-12-12,14258.040685192835,112.88489532470703
2012-12-13,14176.007518503613,112.19266510009766
2012-12-14,14112.003778739703,111.77583312988281
2012-12-17,14289.142287698724,113.08940887451172
2012-12-18,14444.727320059408,114.34797668457031
2012-12-19,14335.904442557665,113.49845886230469
2012-12-20,14415.610629438863,114.1513442993164
2012-12-21,14294.279324393652,113.11514282226562
2012-12-24,14252.654228027484,112.76658630371094
2012-12-26,14221.717467488445,112.29129791259766
2012-12-27,14184.902338173815,112.1407699584961
2012-12-28,14037.156730460467,110.92877960205078
2012-12-31,14228.668612242735,112.81414031982422
2013-01-02,14599.205162045471,115.70558166503906
2013-01-03,14574.744505518987,115.44414520263672
2013-01-04,14639.476758241708,115.95117950439453
2013-01-07,14606.188383115104,115.63423919677734
2013-01-08,14555.530234743348,115.30159759521484
2013-01-09,14607.533021168447,115.59464263916016
2013-01-10,14732.233345824721,116.51360321044922
2013-01-11,14721.613391842766,116.50569152832031
2013-01-14,14712.08056682869,116.42644500732422
2013-01-15,14722.58243597894,116.50569152832031
2013-01-16,14731.071256752615,116.48982238769531
2013-01-17,14793.002840614083,117.24238586425781
2013-01-18,14840.446004526135,117.50382232666016
2013-01-22,14898.80573804368,118.1375961303711
2013-01-23,14900.271105445352,118.32769775390625
2013-01-24,14931.126621418338,118.35935974121094
2013-01-25,14992.196129025046,119.02479553222656
2013-01-28,14987.85514850733,118.8822021484375
2013-01-29,15097.466014064643,119.34955596923828
2013-01-30,15045.292085902242,118.8822021484375
2013-01-31,14993.897479281213,118.58912658691406
2013-02-01,15154.283634660105,119.8090591430664
2013-02-04,14996.34999878141,118.46234893798828
2013-02-05,15158.599008496327,119.65852355957031
2013-02-06,15158.364474741165,119.74568939208984
2013-02-07,15125.348680268722,119.58724212646484
2013-02-08,15195.47629197138,120.25272369384766
2013-02-11,15189.9146677172,120.22892761230469
2013-02-12,15223.471494932812,120.42694091796875
2013-02-13,15216.273446971565,120.5298843383789
2013-02-14,15242.766351074091,120.64087677001953
2013-02-15,15216.07494007671,120.49822998046875
2013-02-19,15332.1333980213,121.40128326416016
2013-02-20,15186.221743046173,119.88822937011719
2013-02-21,15089.35891972658,119.15948486328125
2013-02-22,15212.672115633122,120.3239974975586
2013-02-25,14978.482189028915,118.03455352783203
2013-02-26,15067.832624735656,118.84260559082031
2013-02-27,15263.398875685698,120.33978271484375
2013-02-28,15232.537856485033,120.10213470458984
2013-03-01,15264.103862411794,120.49822998046875
2013-03-04,15329.336769125859,121.13992309570312
2013-03-05,15464.872707904342,122.22517395019531
2013-03-06,15515.15718166676,122.39157104492188
2013-03-07,15566.545462167429,122.61335754394531
2013-03-08,15609.628274298737,123.13626098632812
2013-03-11,15657.940009992135,123.60359954833984
2013-03-12,15643.455851180792,123.32627868652344
2013-03-13,15655.791584136548,123.5006103515625
2013-03-14,15728.256340239184,124.15811157226562
2013-03-15,15709.023707323411,123.99418640136719
2013-03-18,15621.573982676702,123.30986022949219
2013-03-19,15602.924436870915,123.02340698242188
2013-03-20,15680.928986728242,123.8828125
2013-03-21,15538.729287207656,122.82452392578125
2013-03-22,15649.89854400976,123.81117248535156
2013-03-25,15598.32384180692,123.29399108886719
2013-03-26,15734.665598335814,124.28067779541016
2013-03-27,15721.54261383994,124.28067779541016
2013-03-28,15765.455814393797,124.66255187988281
2013-04-01,15724.513249830465,124.16928100585938
2013-04-02,15845.467572163448,124.78191375732422
2013-04-03,15693.059540076269,123.51676940917969
2013-04-04,15763.027859116855,124.0180892944336
2013-04-05,15689.209498523458,123.4610824584961
2013-04-08,15788.95116452861,124.29659271240234
2013-04-09,15859.740723602776,124.7261962890625
2013-04-10,16064.59408314747,126.25399780273438
2013-04-11,16089.549918520286,126.66780090332031
2013-04-12,16072.663521031725,126.35742950439453
2013-04-15,15768.915128821598,123.42924499511719
2013-04-16,15934.378236520064,125.25140380859375
2013-04-17,15734.93534515378,123.42127990722656
2013-04-18,15649.526662097509,122.64942932128906
2013-04-19,15784.914181068181,123.71568298339844
2013-04-22,15848.12367289685,124.2646713256836
2013-04-23,16015.439895262845,125.54582977294922
2013-04-24,15956.293338518115,125.6253890991211
2013-04-25,15990.607402476962,126.1346206665039
2013-04-26,16000.16267344633,125.91185760498047
2013-04-29,16073.21619999586,126.75526428222656
2013-04-30,16075.069286122227,127.05763244628906
2013-05-01,15940.640003269684,125.94367218017578
2013-05-02,16070.467702739876,127.11333465576172
2013-05-03,16196.903191498926,128.40237426757812
2013-05-06,16238.617373169147,128.72860717773438
2013-05-07,16312.125968940556,129.38107299804688
2013-05-08,16401.390281864464,129.96994018554688
2013-05-09,16349.620342415377,129.60385131835938
2013-05-10,16401.09728082976,130.02566528320312
2013-05-13,16418.602617409462,130.12908935546875
2013-05-14,16568.533207206146,131.47386169433594
2013-05-15,16688.569023026,132.18194580078125
2013-05-16,16636.440831434888,131.561279296875
2013-05-17,16773.64065688422,132.83444213867188
2013-05-20,16768.753466932703,132.8264617919922
2013-05-21,16833.239429742443,133.01744079589844
2013-05-22,16762.61888429299,132.03079223632812
2013-05-23,16719.460687951152,131.64886474609375
2013-05-24,16742.060290107987,131.53744506835938
2013-05-28,16853.703474230697,132.32522583007812
2013-05-29,16743.798386702078,131.46588134765625
2013-05-30,16794.07399506171,131.9512176513672
2013-05-31,16545.78509524668,130.0574188232422
2013-06-03,16692.8197409333,130.77359008789062
2013-06-04,16609.201471519533,130.14492797851562
2013-06-05,16383.841855488376,128.32278442382812
2013-06-06,16514.0448296149,129.48458862304688
2013-06-07,16714.321659539743,131.1316375732422
2013-06-10,16720.92955391613,131.1316375732422
2013-06-11,16549.610433490707,129.77896118164062
2013-06-12,16420.48165909355,128.70474243164062
2013-06-13,16622.7621622871,130.66220092773438
2013-06-14,16507.014212801783,129.8426513671875
2013-06-17,16635.367881431972,130.84521484375
2013-06-18,16765.58385891872,131.87960815429688
2013-06-19,16542.65254548494,130.0574188232422
2013-06-20,16147.801117142157,126.8348159790039
2013-06-21,16178.459789101982,127.24198913574219
2013-06-24,15992.546692503132,125.63420104980469
2013-06-25,16131.369052829637,126.84205627441406
2013-06-26,16298.025336155571,128.09791564941406
2013-06-27,16400.213943943814,128.849853515625
2013-06-28,16293.95689201017,128.32183837890625
2013-07-01,16342.56569513614,129.0737762451172
2013-07-02,16326.684314914226,128.9538116455078
2013-07-03,16338.24755535416,129.0098419189453
2013-07-05,16507.493320573252,130.40162658691406
2013-07-08,16608.298605148582,131.1455535888672
2013-07-09,16728.88302218561,132.0895233154297
2013-07-10,16726.629567648604,132.13743591308594
2013-07-11,16923.869808712123,133.93727111816406
2013-07-12,16934.135370240798,133.99325561523438
2013-07-15,16967.35827246311,134.5052032470703
2013-07-16,16939.410759316008,134.00128173828125
2013-07-17,16975.628201915486,134.34524536132812
2013-07-18,17032.64660556752,135.08114624023438
2013-07-19,17086.135409716197,135.32106018066406
2013-07-22,17131.270439298554,135.58514404296875
2013-07-23,17163.693841103686,135.29710388183594
2013-07-24,17127.047685069152,134.8012237548828
2013-07-25,17140.79629707254,135.12908935546875
2013-07-26,17148.7763858494,135.27316284179688
2013-07-29,17099.740122974792,134.85726928710938
2013-07-30,17112.55564601789,134.85726928710938
2013-07-31,17087.67900818684,134.95315551757812
2013-08-01,17260.493692770957,136.51304626464844
2013-08-02,17294.4312971721,136.7449951171875
2013-08-05,17274.693137060345,136.5449676513672
2013-08-06,17181.994774956795,135.7690887451172
2013-08-07,17148.249923036943,135.32907104492188
2013-08-08,17179.255195142156,135.82504272460938
2013-08-09,17106.224681458327,135.43309020996094
2013-08-12,17099.12642994018,135.27316284179688
2013-08-13,17174.493409203933,135.6731414794922
2013-08-14,17082.55879696023,134.9771270751953
2013-08-15,16849.13334209132,133.08937072753906
2013-08-16,16808.1011330648,132.6494598388672
2013-08-19,16724.218263691153,131.80152893066406
2013-08-20,16747.54093276712,132.4494171142578
2013-08-21,16656.38893731939,131.633544921875
2013-08-22,16781.36951525249,132.83335876464844
2013-08-23,16834.545788223633,133.2813262939453
2013-08-26,16802.9848777107,132.78541564941406
2013-08-27,16548.888584349956,130.6496124267578
2013-08-28,16591.125120944806,131.11355590820312
2013-08-29,16609.06394019059,131.32154846191406
2013-08-30,16572.13261290087,130.90562438964844
2013-09-03,16609.52377153421,131.49755859375
2013-09-04,16741.567784813324,132.58544921875
2013-09-05,16760.548821074368,132.75344848632812
2013-09-06,16744.873970288954,132.8173828125
2013-09-09,16900.87021976814,134.0892791748047
2013-09-10,17042.59908907705,135.08114624023438
2013-09-11,17080.473557433757,135.50509643554688
2013-09-12,17053.476816668437,135.1451416015625
2013-09-13,17103.385427667552,135.44911193847656
2013-09-16,17227.32807794564,136.23301696777344
2013-09-17,17283.479876605106,136.8409881591797
2013-09-18,17475.84802125369,138.42477416992188
2013-09-19,17462.59878664061,138.19281005859375
2013-09-20,17321.28225654036,137.22666931152344
2013-09-23,17240.204901185323,136.59164428710938
2013-09-24,17170.07911606255,136.2700958251953
2013-09-25,17118.41391266713,135.87620544433594
2013-09-26,17138.717547830573,136.39866638183594
2013-09-27,17044.909015957684,135.77174377441406
2013-09-30,16947.552421110715,135.04832458496094
2013-10-01,17053.595874197737,136.11737060546875
2013-10-02,17043.41882594283,135.9887237548828
2013-10-03,16908.736682485498,134.7348175048828
2013-10-04,16988.604874651646,135.75567626953125
2013-10-07,16849.41675301579,134.58206176757812
2013-10-08,16691.894062947224,133.01467895507812
2013-10-09,16714.70549620683,133.1111297607422
2013-10-10,17071.09788229365,135.98074340820312
2013-10-11,17166.346857525597,136.8568115234375
2013-10-14,17229.458656819865,137.40345764160156
2013-10-15,17116.76596789702,136.40676879882812
2013-10-16,17371.596719725672,138.3118133544922
2013-10-17,17474.672972429937,139.2361602783203
2013-10-18,17493.069700711083,140.1766815185547
2013-10-21,17501.45816025025,140.1846160888672
2013-10-22,17580.073445893682,140.9965057373047
2013-10-23,17485.248042665622,140.32130432128906
2013-10-24,17534.778042578553,140.78749084472656
2013-10-25,17617.034780376533,141.43055725097656
2013-10-28,17689.6946769269,141.65560913085938
2013-10-29,17802.77413869664,142.41119384765625
2013-10-30,17729.509773900518,141.70382690429688
2013-10-31,17664.87374161663,141.3019561767578
2013-11-01,17722.225060827343,141.63954162597656
2013-11-04,17770.656053605846,142.13790893554688
2013-11-05,17732.556656843262,141.6877899169922
2013-11-06,17874.229237458552,142.41119384765625
2013-11-07,17680.655284866807,140.61062622070312
2013-11-08,17891.89880825072,142.50767517089844
2013-11-11,17891.881122785537,142.5318145751953
2013-11-12,17876.294691490053,142.24240112304688
2013-11-13,18002.756329234384,143.3838348388672
2013-11-14,18051.761682833367,144.09921264648438
2013-11-15,18115.110076421304,144.7261962890625
2013-11-18,18102.77104387243,144.21983337402344
2013-11-19,18113.14658926877,143.90626525878906
2013-11-20,18012.434516255336,143.45614624023438
2013-11-21,18135.640239056538,144.61363220214844
2013-11-22,18207.64419768226,145.3370819091797
2013-11-25,18199.51596160738,145.1924285888672
2013-11-26,18183.669616683736,145.23255920410156
2013-11-27,18220.92773633173,145.58627319335938
2013-11-29,18212.954371406908,145.4897918701172
2013-12-02,18137.815287391513,145.1120147705078
2013-12-03,18061.398099631784,144.4850311279297
2013-12-04,18043.088531340065,144.4690399169922
2013-12-05,17941.556387382618,143.83395385742188
2013-12-06,18163.915545033175,145.4415740966797
2013-12-09,18187.182497618356,145.8113250732422
2013-12-10,18099.0095630509,145.28884887695312
2013-12-11,17907.87254703326,143.65711975097656
2013-12-12,17813.912856880932,143.18287658691406
2013-12-13,17799.344069672545,143.166748046875
2013-12-16,17904.933119601097,144.05902099609375
2013-12-17,17836.972809428946,143.600830078125
2013-12-18,18167.540041530825,146.05245971679688
2013-12-19,18168.268257889493,145.88368225097656
2013-12-20,18223.720461684283,146.7322540283203
2013-12-23,18321.538011516022,147.5162353515625
2013-12-24,18373.567788185035,147.83949279785156
2013-12-26,18473.9099196668,148.5910186767578
2013-12-27,18488.39956556246,148.58297729492188
2013-12-30,18488.61288339931,148.55870056152344
2013-12-31,18546.22615639851,149.26182556152344
2014-01-02,18410.21945726448,147.83131408691406
2014-01-03,18431.89399151735,147.80709838867188
2014-01-06,18406.757758099466,147.37881469726562
2014-01-07,18494.215259594275,148.28399658203125
2014-01-08,18467.7996329164,148.31629943847656
2014-01-09,18486.154392179604,148.4132843017578
2014-01-10,18506.833773966067,148.8173370361328
2014-01-13,18322.26267178765,146.83731079101562
2014-01-14,18470.04084120501,148.43756103515625
2014-01-15,18601.711729145485,149.23764038085938
2014-01-16,18568.191805204173,149.0436553955078
2014-01-17,18504.797913189897,148.4132843017578
2014-01-21,18504.078204630932,148.84970092773438
2014-01-22,18494.035874718546,148.94668579101562
2014-01-23,18345.581396501235,147.726318359375
2014-01-24,18012.35322081734,144.57443237304688
2014-01-27,17963.337332068033,143.86322021484375
2014-01-28,18032.57335946601,144.71990966796875
2014-01-29,17831.667691102495,143.329833984375
2014-01-30,17968.64322700339,144.84925842285156
2014-01-31,17855.409992234127,144.00054931640625
2014-02-03,17488.329504287383,140.75982666015625
2014-02-04,17570.558955387885,141.74583435058594
2014-02-05,17552.837521057318,141.5680389404297
2014-02-06,17768.323239971283,143.4348907470703
2014-02-07,17959.728007875918,145.21287536621094
2014-02-10,18000.806785166107,145.47959899902344
2014-02-11,18203.857199166774,147.0716552734375
2014-02-12,18201.39397762025,147.14437866210938
2014-02-13,18263.498261242094,147.9041290283203
2014-02-14,18345.283722991848,148.7203826904297
2014-02-18,18312.212261332385,148.8981475830078
2014-02-19,18196.031120796233,147.91221618652344
2014-02-20,18287.518799761045,148.78501892089844
2014-02-21,18244.212557014693,148.6152801513672
2014-02-24,18357.824181298954,149.43963623046875
2014-02-25,18332.258589293313,149.3831024169922
2014-02-26,18358.394094265226,149.3911590576172
2014-02-27,18469.876654313863,150.17503356933594
2014-02-28,18510.297630585534,150.554931640625
2014-03-03,18357.040313525067,149.49623107910156
2014-03-04,18634.07066601785,151.59744262695312
2014-03-05,18637.223930828062,151.73484802246094
2014-03-06,18662.635563137745,152.08238220214844
2014-03-07,18680.01619351098,152.14700317382812
2014-03-10,18696.999797208457,152.06617736816406
2014-03-11,18624.98121132139,151.31459045410156
2014-03-12,18628.625214074338,151.35507202148438
2014-03-13,18396.711540718123,149.65786743164062
2014-03-14,18308.406643969414,149.23764038085938
2014-03-17,18500.206990960527,150.58724975585938
2014-03-18,18623.46805653789,151.662109375
2014-03-19,18547.883191319146,150.8539581298828
2014-03-20,18702.29686271885,151.73484802246094
2014-03-21,18646.587786300785,151.14633178710938
2014-03-24,18627.310716651806,150.52130126953125
2014-03-25,18739.881395660686,151.23565673828125
2014-03-26,18697.708476672,150.14788818359375
2014-03-27,18682.933585702394,149.83135986328125
2014-03-28,18761.41604209431,150.57000732421875
2014-03-31,18892.37610303,151.80386352539062
2014-04-01,18979.373295883106,152.8104248046875
2014-04-02,19014.27688639333,153.3218536376953
2014-04-03,18995.44205132327,153.11891174316406
2014-04-04,18822.151838083228,151.3086395263672
2014-04-07,18677.034574059464,149.63653564453125
2014-04-08,18710.394632200325,150.25340270996094
2014-04-09,18898.216845535182,151.86886596679688
2014-04-10,18559.796353873175,148.6786651611328
2014-04-11,18428.613185740607,147.33924865722656
2014-04-14,18569.6593348292,148.50009155273438
2014-04-15,18690.68159395888,149.5228271484375
2014-04-16,18821.998794934432,151.08953857421875
2014-04-17,18859.44915190573,151.30055236816406
2014-04-21,18924.02198834564,151.8282012939453
2014-04-22,18981.25493745904,152.51817321777344
2014-04-23,18925.211517226948,152.16104125976562
2014-04-24,18946.25060777057,152.46949768066406
2014-04-25,18835.395350230978,151.21937561035156
2014-04-28,18912.907331162376,151.6983184814453
2014-04-29,18974.138305676544,152.4044952392578
2014-04-30,18995.002306593644,152.85914611816406
2014-05-01,18965.231200148166,152.87538146972656
2014-05-02,18949.68221587671,152.6561737060547
2014-05-05,18937.59191691866,152.9484405517578
2014-05-06,18792.1067551069,151.6171875
2014-05-07,18917.60438304401,152.51007080078125
2014-05-08,18926.540047919778,152.34768676757812
2014-05-09,18963.408860631505,152.57496643066406
2014-05-12,19102.055435468865,154.0604248046875
2014-05-13,19121.372921330352,154.19851684570312
2014-05-14,19053.13021277549,153.46791076660156
2014-05-15,18871.178343581145,152.1204376220703
2014-05-16,18929.341169082316,152.6480255126953
2014-05-19,18989.219179831867,153.2081756591797
2014-05-20,18874.768571343142,152.24215698242188
2014-05-21,19007.25224951548,153.52476501464844
2014-05-22,19048.972073266403,153.89817810058594
2014-05-23,19095.64525465686,154.51512145996094
2014-05-27,19189.90657787309,155.4647979736328
2014-05-28,19159.911496890752,155.35116577148438
2014-05-29,19244.73202932424,156.15476989746094
2014-05-30,19301.425064706073,156.406494140625
2014-06-02,19311.328642169578,156.58499145507812
2014-06-03,19322.74250461244,156.5038604736328
2014-06-04,19314.108477053098,156.82040405273438
2014-06-05,19426.952621079647,157.84326171875
2014-06-06,19529.851097913375,158.59815979003906
2014-06-09,19559.871657354615,158.7604522705078
2014-06-10,19580.99723788562,158.7767791748047
2014-06-11,19480.423712376047,158.2247314453125
2014-06-12,19361.052749487288,157.1044921875
2014-06-13,19418.49694666385,157.58348083496094
2014-06-16,19415.718981665665,157.71331787109375
2014-06-17,19462.98673896849,158.15171813964844
2014-06-18,19589.19906351096,159.3124542236328
2014-06-19,19619.9077777191,159.49107360839844
2014-06-20,19668.315178310393,159.81484985351562
2014-06-23,19667.838623868087,159.76588439941406
2014-06-24,19556.250799162226,158.80348205566406
2014-06-25,19650.881503096563,159.5211944580078
2014-06-26,19627.88194005871,159.40707397460938
2014-06-27,19661.94768558642,159.7169952392578
2014-06-30,19642.475725975713,159.6353759765625
2014-07-01,19759.94181327213,160.70388793945312
2014-07-02,19815.56020121598,160.86705017089844
2014-07-03,19918.779500165736,161.65818786621094
2014-07-07,19855.016878361872,161.09532165527344
2014-07-08,19747.626072393,160.05955505371094
2014-07-09,19808.005596052768,160.77731323242188
2014-07-10,19743.21370996794,160.14109802246094
2014-07-11,19764.643683979786,160.36138916015625
2014-07-14,19868.92552075531,161.1687774658203
2014-07-15,19873.91131353704,160.86705017089844
2014-07-16,19992.48187323956,161.46246337890625
2014-07-17,19790.272818600675,159.62730407714844
2014-07-18,19949.28580079826,161.2584991455078
2014-07-21,19920.319707086917,160.95669555664062
2014-07-22,20016.01057707396,161.65818786621094
2014-07-23,20008.34963179586,162.01705932617188
2014-07-24,19968.927140016858,162.0251922607422
2014-07-25,19903.869466707743,161.26669311523438
2014-07-28,19893.998587973678,161.3319091796875
2014-07-29,19832.265296502588,160.6386260986328
2014-07-30,19847.89400133558,160.66310119628906
2014-07-31,19473.01094701836,157.49021911621094
2014-08-01,19359.58424773453,157.00912475585938
2014-08-04,19472.81522633175,158.1427764892578
2014-08-05,19293.276475692863,156.60940551757812
2014-08-06,19347.51597081083,156.65835571289062
2014-08-07,19235.48297640232,155.81011962890625
2014-08-08,19437.665124262636,157.61264038085938
2014-08-11,19481.110018742434,158.06942749023438
2014-08-12,19468.430801589086,157.84918212890625
2014-08-13,19584.861444978553,158.9176483154297
2014-08-14,19659.973987239267,159.66802978515625
2014-08-15,19632.95636197451,159.6353759765625
2014-08-18,19780.51940522439,160.97305297851562
2014-08-19,19894.313328682772,161.8131561279297
2014-08-20,19958.84530966911,162.24539184570312
2014-08-21,20058.60816770515,162.71852111816406
2014-08-22,20015.79752615123,162.4656524658203
2014-08-25,20118.181768565493,163.28945922851562
2014-08-26,20162.625599198964,163.39552307128906
2014-08-27,20170.850304294996,163.33018493652344
2014-08-28,20135.91146336763,163.24050903320312
2014-08-29,20198.823369959173,163.70541381835938
2014-09-02,20144.192704968278,163.62384033203125
2014-09-03,20165.145208444726,163.53411865234375
2014-09-04,20167.867127938156,163.2976531982422
2014-09-05,20259.003745945553,164.03167724609375
2014-09-08,20212.939782737427,163.60752868652344
2014-09-09,20086.47252706987,162.5717315673828
2014-09-10,20164.334999837283,163.18341064453125
2014-09-11,20185.364324359434,163.3710479736328
2014-09-12,20105.7685494186,162.4167022705078
2014-09-15,20131.41440233862,162.29440307617188
2014-09-16,20270.22880715646,163.51779174804688
2014-09-17,20313.474450348713,163.73806762695312
2014-09-18,20451.256152579368,164.61074829101562
2014-09-19,20448.645692035436,164.46243286132812
2014-09-22,20343.120404404617,163.19232177734375
2014-09-23,20216.482507325076,162.25814819335938
2014-09-24,20358.25148478152,163.52828979492188
2014-09-25,20049.509317976946,160.8896942138672
2014-09-26,20187.537897530965,162.16796875
2014-09-29,20153.900075664144,161.87298583984375
2014-09-30,20098.395152950507,161.44691467285156
2014-10-01,19864.89453404006,159.259033203125
2014-10-02,19853.771298617856,159.28359985351562
2014-10-03,20073.418186708295,161.03717041015625
2014-10-06,20067.015859774594,160.8486785888672
2014-10-07,19776.32978603656,158.3657684326172
2014-10-08,20119.60856985284,161.13552856445312
2014-10-09,19771.823370236423,157.93971252441406
2014-10-10,19571.942110214783,156.1369171142578
2014-10-13,19291.538952934032,153.57203674316406
2014-10-14,19284.517771580537,153.80967712402344
2014-10-15,19075.247431446198,152.76898193359375
2014-10-16,19035.254615717964,152.6378936767578
2014-10-17,19334.133867685912,154.44068908691406
2014-10-20,19452.83455324294,155.940185546875
2014-10-21,19792.724939700933,159.02955627441406
2014-10-22,19629.499207613568,157.89869689941406
2014-10-23,19858.360618909843,159.73422241210938
2014-10-24,20027.48590860667,160.9634246826172
2014-10-27,20005.57301635824,160.74217224121094
2014-10-28,20223.33880142108,162.5859375
2014-10-29,20268.485176287824,162.34007263183594
2014-10-30,20394.82537719257,163.3807830810547
2014-10-31,20607.191459523223,165.24913024902344
2014-11-03,20597.807737842126,165.3393096923828
2014-11-04,20608.208464926345,164.76571655273438
2014-11-05,20701.3578051928,165.80633544921875
2014-11-06,20757.58755970303,166.4700927734375
2014-11-07,20777.562334158247,166.62576293945312
2014-11-10,20854.251491995074,167.15028381347656
2014-11-11,20853.07377296081,167.31407165527344
2014-11-12,20842.94439167884,167.1338348388672
2014-11-13,20891.057225150922,167.32232666015625
2014-11-14,20891.732811624035,167.36329650878906
2014-11-17,20917.690992060183,167.46981811523438
2014-11-18,20993.36061059146,168.43678283691406
2014-11-19,20994.485045346788,168.16632080078125
2014-11-20,21046.641883202847,168.4613494873047
2014-11-21,21158.82483677312,169.36268615722656
2014-11-24,21189.257505639267,169.83798217773438
2014-11-25,21118.810470091354,169.715087890625
2014-11-26,21202.49452421104,170.1494140625
2014-11-28,21204.559708175395,169.78884887695312
2014-12-01,21110.28332939961,168.60879516601562
2014-12-02,21262.944671944264,169.69873046875
2014-12-03,21324.731242187347,170.35426330566406
2014-12-04,21293.187286904802,170.16578674316406
2014-12-05,21367.2920075919,170.44439697265625
2014-12-08,21245.16154061931,169.30538940429688
2014-12-09,21163.558190100663,169.190673828125
2014-12-10,20832.755108782516,166.47830200195312
2014-12-11,20904.206537885006,167.32232666015625
2014-12-12,20541.650138734054,164.61819458007812
2014-12-15,20435.08902679735,163.4873046875
2014-12-16,20292.08186653367,162.1761474609375
2014-12-17,20678.257704853775,165.35565185546875
2014-12-18,21216.87439045533,169.44464111328125
2014-12-19,21290.29843338733,170.16567993164062
2014-12-22,21390.633172470818,170.94839477539062
2014-12-23,21409.824942090996,171.17913818359375
2014-12-24,21402.992908168177,171.19561767578125
2014-12-26,21443.374590805564,171.74766540527344
2014-12-29,21432.656613898907,171.97836303710938
2014-12-30,21358.96272256128,171.05552673339844
2014-12-31,21145.44738729736,169.35816955566406
2015-01-02,21137.069085149422,169.2675323486328
2015-01-05,20774.31974758695,166.21058654785156
2015-01-06,20604.74835590699,164.64512634277344
2015-01-07,20845.06734224158,166.6967315673828
2015-01-08,21196.899310155746,169.65476989746094
2015-01-09,21005.80722014445,168.2952423095703
2015-01-12,20874.59522153226,166.9768829345703
2015-01-13,20821.432308085987,166.50721740722656
2015-01-14,20679.870658692063,165.50196838378906
2015-01-15,20470.758345595794,163.9859161376953
2015-01-16,20733.02894303438,166.13645935058594
2015-01-20,20757.891142090826,166.4907989501953
2015-01-21,20828.978465002783,167.33114624023438
2015-01-22,21137.195055342832,169.819580078125
2015-01-23,20961.799630157027,168.8885040283203
2015-01-26,21007.161827453532,169.28396606445312
2015-01-27,20684.78996835789,167.0510711669922
2015-01-28,20434.63349092503,164.9087371826172
2015-01-29,20633.21032641596,166.43307495117188
2015-01-30,20298.732964724833,164.34022521972656
2015-02-02,20594.040810634637,166.37539672851562
2015-02-03,20893.234279541273,168.78140258789062
2015-02-04,20804.893614914872,168.13865661621094
2015-02-05,21019.530252211116,169.8360595703125
2015-02-06,21006.36974600853,169.36642456054688
2015-02-09,20920.619361266883,168.60830688476562
2015-02-10,21163.022372256768,170.4046173095703
2015-02-11,21149.73569754813,170.50343322753906
2015-02-12,21333.00581804681,172.14317321777344
2015-02-13,21418.21517695392,172.8517608642578
2015-02-17,21458.70566328319,173.12368774414062
2015-02-18,21401.45277470785,173.1401824951172
2015-02-19,21332.02930536298,173.01657104492188
2015-02-20,21475.83405056855,174.05477905273438
2015-02-23,21451.292277882087,174.03005981445312
2015-02-24,21558.34355090418,174.5244140625
2015-02-25,21558.18985360184,174.37611389160156
2015-02-26,21546.72878809802,174.17013549804688
2015-02-27,21460.345472300454,173.57687377929688
2015-03-02,21615.936273841406,174.67276000976562
2015-03-03,21515.884665530706,173.9558868408203
2015-03-04,21436.817434872617,173.22259521484375
2015-03-05,21467.649245177152,173.41209411621094
2015-03-06,21182.372863222416,170.97312927246094
2015-03-09,21289.835507529453,171.68174743652344
2015-03-10,20924.8772493627,168.89675903320312
2015-03-11,20888.221136983284,168.501220703125
2015-03-12,21121.496875902892,170.6435546875
2015-03-13,21024.00429275583,169.59710693359375
2015-03-16,21325.223709049475,171.8629913330078
2015-03-17,21222.312446623404,171.35218811035156
2015-03-18,21466.649393091,173.41209411621094
2015-03-19,21338.62828747191,172.62106323242188
2015-03-20,21533.966521789484,174.14480590820312
2015-03-23,21503.16757366443,173.80545043945312
2015-03-24,21353.105540092478,172.8287353515625
2015-03-25,21042.977601165872,170.2961883544922
2015-03-26,20985.096015701598,169.89071655273438
2015-03-27,21031.202858187655,170.27967834472656
2015-03-30,21310.981884790614,172.35707092285156
2015-03-31,21108.964656595992,170.85073852539062
2015-04-01,21015.248355043885,170.2465362548828
2015-04-02,21064.27754993161,170.85903930664062
2015-04-06,21183.801532085876,172.0093994140625
2015-04-07,21176.91435601989,171.5542755126953
2015-04-08,21211.947089710186,172.13357543945312
2015-04-09,21316.790030561693,172.89500427246094
2015-04-10,21480.95738514835,173.83856201171875
2015-04-13,21379.611899459458,173.05224609375
2015-04-14,21434.745833434463,173.38330078125
2015-04-15,21569.866710720653,174.16131591796875
2015-04-16,21545.53175615703,174.11167907714844
2015-04-17,21283.571568168285,172.10873413085938
2015-04-20,21481.697316093105,173.6812744140625
2015-04-21,21435.0431885717,173.47438049316406
2015-04-22,21553.93411084265,174.3268280029297
2015-04-23,21546.450260616264,174.76551818847656
2015-04-24,21552.019242679246,175.17100524902344
2015-04-27,21478.604283244666,174.4427490234375
2015-04-28,21624.8770281969,174.99725341796875
2015-04-29,21566.202847883138,174.2771759033203
2015-04-30,21396.083557254733,172.5308837890625
2015-05-01,21578.16147803351,174.40130615234375
2015-05-04,21656.443994299676,174.89794921875
2015-05-05,21460.69972857613,172.89500427246094
2015-05-06,21366.97902487234,172.18324279785156
2015-05-07,21412.562246996808,172.87022399902344
2015-05-08,21714.650943992146,175.14622497558594
2015-05-11,21629.30564272287,174.31031799316406
2015-05-12,21577.255440168476,173.7888946533203
2015-05-13,21628.0841421129,173.82199096679688
2015-05-14,21831.855433907072,175.6345977783203
2015-05-15,21860.03531203574,175.82489013671875
2015-05-18,21906.13144970479,176.37110900878906
2015-05-19,21893.19180670462,176.3131866455078
2015-05-20,21863.455450423437,176.18907165527344
2015-05-21,21894.008442901268,176.70223999023438
2015-05-22,21815.036193592463,176.2800750732422
2015-05-26,21610.82227002495,174.384765625
2015-05-27,21794.991137059744,176.04006958007812
2015-05-28,21767.82250427941,175.84146118164062
2015-05-29,21631.546422151492,174.74893188476562
2015-06-01,21656.510159362246,175.10487365722656
2015-06-02,21631.997954821753,174.93104553222656
2015-06-03,21710.72742126877,175.39450073242188
2015-06-04,21521.440856148565,173.9130096435547
2015-06-05,21481.12448979816,173.61508178710938
2015-06-08,21368.69184851138,172.54742431640625
2015-06-09,21410.48555300659,172.5226287841797
2015-06-10,21659.126683784158,174.59170532226562
2015-06-11,21716.126891487685,175.15452575683594
2015-06-12,21549.162775020966,173.8136749267578
2015-06-15,21442.35785259919,173.06886291503906
2015-06-16,21568.080707183053,174.01235961914062
2015-06-17,21592.121815306025,174.2937469482422
2015-06-18,21754.22115753386,176.10629272460938
2015-06-19,21633.83448253058,175.32449340820312
2015-06-22,21754.21263048301,176.22267150878906
2015-06-23,21787.601049601762,176.3474884033203
2015-06-24,21602.13358241937,175.0667266845703
2015-06-25,21527.443994146608,174.5343780517578
2015-06-26,21544.43138651723,174.50115966796875
2015-06-29,21123.708376914245,170.84182739257812
2015-06-30,21132.8534177327,171.19940185546875
2015-07-01,21257.088534129045,172.5717010498047
2015-07-02,21240.70535859121,172.41366577148438
2015-07-06,21159.389462551797,171.9230194091797
2015-07-07,21281.173411942134,173.00416564941406
2015-07-08,20967.677150975524,170.10157775878906
2015-07-09,20988.26114841665,170.4093017578125
2015-07-10,21233.09554639185,172.55506896972656
2015-07-13,21446.888324303905,174.4595489501953
2015-07-14,21557.820699348315,175.21641540527344
2015-07-15,21545.31038681101,175.15814208984375
2015-07-16,21675.7761719911,176.5637664794922
2015-07-17,21635.78542945213,176.71339416503906
2015-07-20,21636.9825171333,176.80484008789062
2015-07-21,21524.05310050239,176.10629272460938
2015-07-22,21487.50356156358,175.7902374267578
2015-07-23,21364.14840424294,174.800537109375
2015-07-24,21103.4301598983,172.98744201660156
2015-07-27,20982.451552995597,171.98123168945312
2015-07-28,21247.918251865056,174.09365844726562
2015-07-29,21397.920412824424,175.2912139892578
2015-07-30,21380.38716485257,175.3328094482422
2015-07-31,21348.568960115004,175.0667266845703
2015-08-03,21271.006047508225,174.4762420654297
2015-08-04,21226.452929213774,174.13525390625
2015-08-05,21339.475612814498,174.70909118652344
2015-08-06,21207.318907160145,173.278564453125
2015-08-07,21155.61687225218,172.94595336914062
2015-08-10,21432.258487198676,175.1249237060547
2015-08-11,21214.983685045623,173.54473876953125
2015-08-12,21226.297072718207,173.75265502929688
2015-08-13,21206.683175636597,173.53639221191406
2015-08-14,21293.496485115676,174.1685028076172
2015-08-17,21354.808446218318,175.14154052734375
2015-08-18,21317.960592167048,174.6342010498047
2015-08-19,21123.539264520423,173.2537078857422
2015-08-20,20737.237863490966,169.63587951660156
2015-08-21,20128.743064864448,164.5294189453125
2015-08-24,19360.012869845483,157.6016082763672
2015-08-25,19044.29779826991,155.74700927734375
2015-08-26,19744.458066865667,161.72666931152344
2015-08-27,20187.549376278723,165.7269744873047
2015-08-28,20207.924262665754,165.73536682128906
2015-08-31,20110.281399193213,164.39634704589844
2015-09-01,19538.866344350314,159.48947143554688
2015-09-02,19882.13583410348,162.5167694091797
2015-09-03,19906.02756702362,162.63320922851562
2015-09-04,19563.348355994312,160.1714324951172
2015-09-08,20055.86260453666,164.19676208496094
2015-09-09,19761.156494323117,162.0010986328125
2015-09-10,19858.86490360766,162.8827667236328
2015-09-11,19931.928489110465,163.62290954589844
2015-09-14,19854.116800589647,163.01576232910156
2015-09-15,20145.84934569395,165.05340576171875
2015-09-16,20326.67894806018,166.48385620117188
2015-09-17,20263.967646662648,166.109619140625
2015-09-18,19930.98612556922,163.39511108398438
2015-09-21,20012.883255978413,164.23944091796875
2015-09-22,19819.00501501602,162.1077117919922
2015-09-23,19773.812537871927,161.8484649658203
2015-09-24,19689.93274339236,161.26333618164062
2015-09-25,19727.096135947028,161.22152709960938
2015-09-28,19323.414732408346,157.17532348632812
2015-09-29,19408.25824093004,157.26730346679688
2015-09-30,19721.25798917694,160.2016143798828
2015-10-01,19715.19270188526,160.61962890625
2015-10-02,19988.749353392403,163.01890563964844
2015-10-05,20381.185760916887,165.91981506347656
2015-10-06,20376.245828777577,165.35134887695312
2015-10-07,20572.9141988188,166.70565795898438
2015-10-08,20737.84930889929,168.21047973632812
2015-10-09,20758.08893153697,168.3107147216797
2015-10-12,20738.38716197865,168.4696044921875
2015-10-13,20624.234068921847,167.40785217285156
2015-10-14,20527.040625627855,166.60533142089844
2015-10-15,20787.7289121529,169.16351318359375
2015-10-16,20868.132864221567,169.93263244628906
2015-10-19,20839.842392929455,170.01617431640625
2015-10-20,20801.020964735082,169.79881286621094
2015-10-21,20701.614805985697,168.74551391601562
2015-10-22,21155.036620176048,171.59622192382812
2015-10-23,21382.746506638294,173.4772186279297
2015-10-26,21310.337099969976,173.05087280273438
2015-10-27,21274.522488502538,172.71644592285156
2015-10-28,21565.988644011155,174.6810302734375
2015-10-29,21495.022858767752,174.58070373535156
2015-10-30,21368.040622956036,173.82838439941406
2015-11-02,21605.985990621408,175.88491821289062
2015-11-03,21707.96396211198,176.39486694335938
2015-11-04,21625.063205311035,175.85980224609375
2015-11-05,21535.239552869032,175.6842041015625
2015-11-06,21621.231864697394,175.59231567382812
2015-11-09,21381.31319260538,173.95375061035156
2015-11-10,21424.49983182777,174.3550262451172
2015-11-11,21354.87083912834,173.66949462890625
2015-11-12,21050.384630323682,171.2451171875
2015-11-13,20840.13626914034,169.3223114013672
2015-11-16,21187.356118517073,171.897216796875
2015-11-17,21207.965275246068,171.77178955078125
2015-11-18,21483.366970197294,174.49716186523438
2015-11-19,21484.740598368062,174.34666442871094
2015-11-20,21539.505719278604,174.98202514648438
2015-11-23,21500.76903125674,174.78138732910156
2015-11-24,21541.46793083249,175.01544189453125
2015-11-25,21525.92942732277,174.99041748046875
2015-11-27,21538.103514533803,175.1909942626953
2015-11-30,21477.108952300503,174.46368408203125
2015-12-01,21693.7854600505,176.12733459472656
2015-12-02,21497.855617994937,174.32994079589844
2015-12-03,21228.82182638451,171.88880920410156
2015-12-04,21680.39907305878,175.2412109375
2015-12-07,21534.945522913724,174.17941284179688
2015-12-08,21338.86505790035,173.00901794433594
2015-12-09,21163.916103170584,171.6630859375
2015-12-10,21257.541026635718,172.1062469482422
2015-12-11,20858.370417855687,168.77053833007812
2015-12-14,21005.691171626644,169.62330627441406
2015-12-15,21282.45734897852,171.40394592285156
2015-12-16,21544.772450185505,173.9119110107422
2015-12-17,21207.555363009757,171.2618408203125
2015-12-18,20794.935315377235,168.2107696533203
2015-12-21,20952.624725579306,169.59840393066406
2015-12-22,21142.083244323523,171.13735961914062
2015-12-23,21415.994746379663,173.2566375732422
2015-12-24,21368.49893620579,172.97071838378906
2015-12-28,21305.70600602201,172.5753936767578
2015-12-29,21529.707365487364,174.41712951660156
2015-12-30,21382.093044272373,173.180908203125
2015-12-31,21181.29887985533,171.44851684570312
2016-01-04,20886.753931901345,169.05178833007812
2016-01-05,20927.302775804757,169.3376922607422
2016-01-06,20655.189534493726,167.20166015625
2016-01-07,20150.79996624216,163.19015502929688
2016-01-08,19894.791616403705,161.3989715576172
2016-01-11,19943.250159904943,161.5587615966797
2016-01-12,20083.67792744905,162.86221313476562
2016-01-13,19637.48359320697,158.80032348632812
2016-01-14,19985.46050588442,161.40736389160156
2016-01-15,19530.795110974675,157.94256591796875
2016-01-19,19544.94970675224,158.15277099609375
2016-01-20,19275.719884749542,156.1260528564453
2016-01-21,19381.88602803501,157.0006561279297
2016-01-22,19669.994878793615,160.2215576171875
2016-01-25,19376.552150967167,157.7996063232422
2016-01-26,19682.854946443393,159.9524688720703
2016-01-27,19542.864740829402,158.21163940429688
2016-01-28,19574.190007857615,159.0358123779297
2016-01-29,20094.097803658435,162.91265869140625
2016-02-01,20059.873534501774,162.85382080078125
2016-02-02,19614.50942794192,159.9188690185547
2016-02-03,19759.519394926105,160.8774871826172
2016-02-04,19818.13172445912,161.12979125976562
2016-02-05,19568.26831286669,158.060302734375
2016-02-08,19463.886473998762,155.93263244628906
2016-02-09,19410.32884162497,155.9410400390625
2016-02-10,19324.380663883825,155.80648803710938
2016-02-11,19072.32672331414,153.7797393798828
2016-02-12,19491.02702712647,156.95022583007812
2016-02-16,19810.586007268827,159.5992431640625
2016-02-17,20094.774650459196,162.20628356933594
2016-02-18,20006.502907996975,161.54190063476562
2016-02-19,19991.00308970206,161.46612548828125
2016-02-22,20226.80399663726,163.8041229248047
2016-02-23,19945.37730432479,161.7353057861328
2016-02-24,20006.369414898185,162.4753875732422
2016-02-25,20200.805070789473,164.44325256347656
2016-02-26,20138.337564800873,164.0647735595703
2016-02-29,19950.4277153927,162.77810668945312
2016-03-01,20426.433881963316,166.60455322265625
2016-03-02,20567.032498039378,167.35296630859375
2016-03-03,20635.77825633785,168.00894165039062
2016-03-04,20716.766546535164,168.55563354492188
2016-03-07,20822.831294947864,168.6901092529297
2016-03-08,20627.58169512651,166.84840393066406
2016-03-09,20699.447954019655,167.67259216308594
2016-03-10,20694.249240025096,167.80714416503906
2016-03-11,21001.05869537342,170.51499938964844
2016-03-14,20954.75128698066,170.29641723632812
2016-03-15,20939.535281935907,170.01889038085938
2016-03-16,21013.740752523638,171.00277709960938
2016-03-17,21158.453419342393,172.08766174316406
2016-03-18,21305.37522738068,172.76393127441406
2016-03-21,21352.780681137454,173.0090789794922
2016-03-22,21322.017598615526,172.91604614257812
2016-03-23,21178.86466567106,171.77488708496094
2016-03-24,21180.452459026284,171.69883728027344
2016-03-28,21170.37063955972,171.80032348632812
2016-03-29,21303.27451750906,173.38946533203125
2016-03-30,21410.53377907092,174.15020751953125
2016-03-31,21369.17945922612,173.7275390625
2016-04-01,21485.58300877761,174.9109344482422
2016-04-04,21441.90025331047,174.3446807861328
2016-04-05,21286.463820135843,172.6033172607422
2016-04-06,21503.984463544213,174.4883575439453
2016-04-07,21227.742959233165,172.40045166015625
2016-04-08,21302.332200443507,172.8652801513672
2016-04-11,21278.661315738296,172.45956420898438
2016-04-12,21515.290903081066,174.06564331054688
2016-04-13,21778.566517945364,175.82391357421875
2016-04-14,21831.540112548162,175.8323516845703
2016-04-15,21783.02209624242,175.63792419433594
2016-04-18,21934.11220069043,176.8720703125
2016-04-19,22069.38653107544,177.4299774169922
2016-04-20,22132.681903064695,177.5990447998047
2016-04-21,22023.530261727086,176.64389038085938
2016-04-22,22070.530615368167,176.64389038085938
2016-04-25,22024.906861052015,176.33953857421875
2016-04-26,22076.56612173975,176.6016082763672
2016-04-27,22139.846872474976,176.96510314941406
2016-04-28,21899.71409433047,175.35894775390625
2016-04-29,21747.595672609277,174.41226196289062
2016-05-02,21869.204443689396,175.7985382080078
2016-05-03,21666.99307946634,174.26853942871094
2016-05-04,21484.666367546502,173.29641723632812
2016-05-05,21463.740692811876,173.2626190185547
2016-05-06,21525.706834230044,173.8966064453125
2016-05-09,21474.947338795868,174.0403289794922
2016-05-10,21746.039539607653,176.2042999267578
2016-05-11,21582.41437423194,174.55593872070312
2016-05-12,21578.995591233303,174.6066436767578
2016-05-13,21365.642598054015,173.0851287841797
2016-05-16,21603.812318751287,174.79263305664062
2016-05-17,21405.862657767193,173.1612091064453
2016-05-18,21479.40200904001,173.2119140625
2016-05-19,21405.688302286377,172.61175537109375
2016-05-20,21515.358500224724,173.7022705078125
2016-05-23,21475.28447789291,173.46546936035156
2016-05-24,21743.083076077943,175.71401977539062
2016-05-25,21964.64925205913,176.90589904785156
2016-05-26,21963.26431749213,176.95664978027344
2016-05-27,22024.980002049422,177.7173614501953
2016-05-31,21982.123935813896,177.37930297851562
2016-06-01,22008.0654729065,177.7427520751953
2016-06-02,22049.429951325994,178.28375244140625
2016-06-03,21971.29182780314,177.751220703125
2016-06-06,22124.212834197566,178.65573120117188
2016-06-07,22163.630033618876,178.93460083007812
2016-06-08,22231.428618369435,179.51792907714844
2016-06-09,22168.887896637654,179.27276611328125
2016-06-10,21981.564795872604,177.5736846923828
2016-06-13,21809.504780256368,176.2042999267578
2016-06-14,21747.444327386933,175.8577117919922
2016-06-15,21698.608564887498,175.6126251220703
2016-06-16,21787.77708129828,176.13670349121094
2016-06-17,21765.72915701771,175.48074340820312
2016-06-20,21892.333833097022,176.61085510253906
2016-06-21,21950.339005230693,177.1121063232422
2016-06-22,21927.84381004911,176.82318115234375
2016-06-23,22252.95684129273,179.12594604492188
2016-06-24,21459.118352878988,172.69374084472656
2016-06-27,21109.138977610175,169.60073852539062
2016-06-28,21455.608627148173,172.65969848632812
2016-06-29,21849.66409994284,175.59963989257812
2016-06-30,22135.61469012838,177.995849609375
2016-07-01,22145.043059828273,178.3697509765625
2016-07-05,21972.006574344574,177.08665466308594
2016-07-06,22104.021011024743,178.14883422851562
2016-07-07,22127.53715402539,178.03831481933594
2016-07-08,22457.56958636293,180.68942260742188
2016-07-11,22530.083975339057,181.32666015625
2016-07-12,22713.15944436774,182.6437225341797
2016-07-13,22713.14856189424,182.61822509765625
2016-07-14,22862.969858317192,183.63787841796875
2016-07-15,22855.559169790362,183.39144897460938
2016-07-18,22899.342951483173,183.88421630859375
2016-07-19,22888.843509332735,183.6973419189453
2016-07-20,22985.618189771074,184.4620819091797
2016-07-21,22916.913268975026,183.76531982421875
2016-07-22,23012.742317882927,184.5895233154297
2016-07-25,22945.872865396253,184.08819580078125
2016-07-26,22982.165703923423,184.17318725585938
2016-07-27,22998.37136140051,183.97776794433594
2016-07-28,22984.66730283204,184.190185546875
2016-07-29,23011.933009199114,184.48753356933594
2016-08-01,22968.869663736157,184.33462524414062
2016-08-02,22844.05050910739,183.15354919433594
2016-08-03,22903.431435828526,183.6888427734375
2016-08-04,22912.18338144062,183.88421630859375
2016-08-05,23099.517005449452,185.38818359375
2016-08-08,23078.251291544122,185.27780151367188
2016-08-09,23080.014331174876,185.38818359375
2016-08-10,22988.89205176152,184.92941284179688
2016-08-11,23106.027053814705,185.78761291503906
2016-08-12,23080.236152042762,185.6261749267578
2016-08-15,23176.72488547653,186.16148376464844
2016-08-16,23095.652438497003,185.20130920410156
2016-08-17,23104.416475642614,185.54966735839844
2016-08-18,23128.33743369768,185.96603393554688
2016-08-19,23090.704274925887,185.69415283203125
2016-08-22,23058.060380752315,185.6856689453125
2016-08-23,23090.981499086098,186.05953979492188
2016-08-24,22989.43982592451,185.10781860351562
2016-08-25,22960.80757860068,184.9804229736328
2016-08-26,22944.865913022928,184.63204956054688
2016-08-29,23067.748885116092,185.54122924804688
2016-08-30,23032.99481598358,185.23529052734375
2016-08-31,22976.64441224054,184.70846557617188
2016-09-01,22947.506205927628,184.7169647216797
2016-09-02,23012.319283625482,185.54966735839844
2016-09-06,23051.6189630525,186.11045837402344
2016-09-07,23013.240570333226,186.09347534179688
2016-09-08,23007.771164569207,185.668701171875
2016-09-09,22518.64798460946,181.2246856689453
2016-09-12,22831.1777382988,183.8247833251953
2016-09-13,22493.263560879783,181.18223571777344
2016-09-14,22468.612304440037,181.11422729492188
2016-09-15,22683.549982853685,182.92410278320312
2016-09-16,22590.22644597646,182.21701049804688
2016-09-19,22569.13233381822,182.25120544433594
2016-09-20,22598.786279285683,182.25970458984375
2016-09-21,22794.68933221902,184.30934143066406
2016-09-22,22907.230188821784,185.47076416015625
2016-09-23,22764.76209728433,184.4544677734375
2016-09-26,22538.54401039602,182.95999145507812
2016-09-27,22704.132084416808,184.0957794189453
2016-09-28,22834.622980184988,185.00955200195312
2016-09-29,22667.618710836032,183.33575439453125
2016-09-30,22894.873258615095,184.71922302246094
2016-10-03,22830.547060861016,184.27508544921875
2016-10-04,22759.309114608957,183.33575439453125
2016-10-05,22917.80567187017,184.14703369140625
2016-10-06,22916.76173154779,184.27508544921875
2016-10-07,22861.27042389103,183.6431427001953
2016-10-10,22889.151084249585,184.59967041015625
2016-10-11,22618.12809506001,182.2682647705078
2016-10-12,22617.046415815625,182.50738525390625
2016-10-13,22542.16969593081,181.9095458984375
2016-10-14,22567.15277880612,182.00350952148438
2016-10-17,22492.194397870368,181.3715362548828
2016-10-18,22602.68432368141,182.50738525390625
2016-10-19,22611.55302304524,182.99417114257812
2016-10-20,22634.98078725287,182.6525421142578
2016-10-21,22584.57417152187,182.7379913330078
2016-10-24,22666.898457750707,183.51507568359375
2016-10-25,22602.228341039292,182.9002227783203
2016-10-26,22623.486393820327,182.5330047607422
2016-10-27,22658.609565075945,182.0462188720703
2016-10-28,22544.61234658904,181.5081787109375
2016-10-31,22489.240571549653,181.51675415039062
2016-11-01,22379.96238341195,180.2015838623047
2016-11-02,22256.695300530104,179.11695861816406
2016-11-03,22206.653365355,178.2971649169922
2016-11-04,22161.56572431956,178.10072326660156
2016-11-07,22635.276428193352,182.02915954589844
2016-11-08,22725.539443002286,182.8489532470703
2016-11-09,23171.065937859035,184.78753662109375
2016-11-10,23378.01924771725,185.24867248535156
2016-11-11,23365.523541926035,184.8216552734375
2016-11-14,23441.275287557866,184.9668426513672
2016-11-15,23566.4644248084,186.41014099121094
2016-11-16,23452.466602577682,186.05999755859375
2016-11-17,23513.139802754067,187.01649475097656
2016-11-18,23498.380715336407,186.59800720214844
2016-11-21,23619.547064580758,188.007080078125
2016-11-22,23691.056343394604,188.37429809570312
2016-11-23,23714.594165483715,188.47682189941406
2016-11-25,23810.6041440463,189.1770782470703
2016-11-28,23680.857917953017,188.28890991210938
2016-11-29,23673.52658716932,188.65611267089844
2016-11-30,23763.99368853475,188.20347595214844
2016-12-01,23749.528417759182,187.5117645263672
2016-12-02,23740.311997198944,187.60569763183594
2016-12-05,23836.003114774925,188.73297119140625
2016-12-06,23943.854582604734,189.3307647705078
2016-12-07,24270.726846785423,191.80735778808594
2016-12-08,24344.428845440394,192.27708435058594
2016-12-09,24509.90225458271,193.43849182128906
2016-12-12,24542.999896298952,193.21646118164062
2016-12-13,24719.018824693398,194.50599670410156
2016-12-14,24542.68669442103,192.90048217773438
2016-12-15,24687.637455916527,193.69467163085938
2016-12-16,24620.139191486636,193.31590270996094
2016-12-19,24665.24448807053,193.73675537109375
2016-12-20,24779.25127808639,194.48411560058594
2016-12-21,24706.27395825497,193.94293212890625
2016-12-22,24682.143284859878,193.60794067382812
2016-12-23,24705.886833172088,193.89149475097656
2016-12-27,24733.6090690533,194.3724822998047
2016-12-28,24538.48039198442,192.7660675048828
2016-12-29,24507.261872261162,192.72312927246094
2016-12-30,24432.263513423484,192.0187225341797
2017-01-03,24631.74550686363,193.48768615722656
2017-01-04,24706.740710787053,194.6388397216797
2017-01-05,24665.32951280038,194.48411560058594
2017-01-06,24722.636401492702,195.1799774169922
2017-01-09,24646.28163313558,194.53570556640625
2017-01-10,24633.039073233358,194.53570556640625
2017-01-11,24689.363526854282,195.08546447753906
2017-01-12,24630.074131724017,194.59580993652344
2017-01-13,24661.84838959576,195.04248046875
2017-01-17,24543.62217754758,194.3552703857422
2017-01-18,24567.501328694063,194.78480529785156
2017-01-19,24466.407246603743,194.06324768066406
2017-01-20,24520.529124682835,194.7762451171875
2017-01-23,24384.760247662274,194.26937866210938
2017-01-24,24495.067914062758,195.51502990722656
2017-01-25,24683.340636487566,197.207275390625
2017-01-26,24640.933059865616,197.00112915039062
2017-01-27,24652.480964530732,196.69187927246094
2017-01-30,24519.204873550916,195.47203063964844
2017-01-31,24438.99057453623,195.45481872558594
2017-02-01,24435.13747456786,195.53216552734375
2017-02-02,24469.800290558494,195.6610107421875
2017-02-03,24717.941927267053,197.009765625
2017-02-06,24650.647185379978,196.657470703125
2017-02-07,24665.225113467946,196.66612243652344
2017-02-08,24649.697336871996,196.92381286621094
2017-02-09,24770.904015258486,198.0920867919922
2017-02-10,24866.841852839756,198.873779296875
2017-02-13,25029.473019753943,199.95619201660156
2017-02-14,25202.499154320783,200.7550506591797
2017-02-15,25390.673478364577,201.80311584472656
2017-02-16,25398.942100174314,201.63125610351562
2017-02-17,25422.388229446922,201.9491424560547
2017-02-21,25568.696230328922,203.1517791748047
2017-02-22,25549.887296297682,202.97134399414062
2017-02-23,25611.497862793127,203.10882568359375
2017-02-24,25643.184752381225,203.36651611328125
2017-02-27,25669.741933921818,203.684326171875
2017-02-28,25610.251637866633,203.1345672607422
2017-03-01,26019.92858061554,205.97792053222656
2017-03-02,25862.827537934703,204.68080139160156
2017-03-03,25860.702041224366,204.80970764160156
2017-03-06,25786.012360726647,204.1997528076172
2017-03-07,25722.09149430833,203.58985900878906
2017-03-08,25678.619069071545,203.21188354492188
2017-03-09,25719.936372843204,203.46954345703125
2017-03-10,25798.005552740527,204.1825714111328
2017-03-13,25746.658587584927,204.2856903076172
2017-03-14,25689.1838019694,203.5039825439453
2017-03-15,25875.707375610724,205.26499938964844
2017-03-16,25885.155991047213,204.86123657226562
2017-03-17,25779.831795784266,204.50146484375
2017-03-20,25717.391350533086,204.27713012695312
2017-03-21,25428.722185031635,201.654296875
2017-03-22,25459.216258268687,202.1288604736328
2017-03-23,25415.158133962042,201.91314697265625
2017-03-24,25367.028176112504,201.76644897460938
2017-03-27,25321.01842551876,201.5594024658203
2017-03-28,25498.401135938897,203.02610778808594
2017-03-29,25463.140216609125,203.2159423828125
2017-03-30,25601.29709544896,203.86300659179688
2017-03-31,25518.98364830057,203.38851928710938
2017-04-03,25480.436691749157,203.0347900390625
2017-04-04,25533.39739627571,203.16412353515625
2017-04-05,25441.120591577404,202.5602264404297
2017-04-06,25483.75673346193,203.12965393066406
2017-04-07,25475.170746498978,202.9225616455078
2017-04-10,25475.36068219809,203.04339599609375
2017-04-11,25447.95418205046,202.80184936523438
2017-04-12,25345.477838104027,201.91314697265625
2017-04-13,25126.255689897178,200.6017303466797
2017-04-17,25297.934749537275,202.3790283203125
2017-04-18,25231.001749875093,201.77508544921875
2017-04-19,25122.65922295108,201.40415954589844
2017-04-20,25335.720953067612,203.04339599609375
2017-04-21,25242.25145744716,202.39627075195312
2017-04-24,25526.862630917763,204.6222381591797
2017-04-25,25701.147913774315,205.81285095214844
2017-04-26,25694.5758965104,205.6834259033203
2017-04-27,25680.240350196207,205.85598754882812
2017-04-28,25611.400161166184,205.4073028564453
2017-05-01,25597.40996485293,205.9250030517578
2017-05-02,25616.290810340248,206.002685546875
2017-05-03,25675.255075262037,205.75247192382812
2017-05-04,25683.53574980513,205.99400329589844
2017-05-05,25737.38496890905,206.8050079345703
2017-05-08,25741.389451945724,206.7705535888672
2017-05-09,25680.939336082996,206.58074951171875
2017-05-10,25712.851751852595,206.95166015625
2017-05-11,25646.489076098886,206.52896118164062
2017-05-12,25601.1149116341,206.18386840820312
2017-05-15,25737.09769869987,207.3226776123047
2017-05-16,25727.51069920427,207.1329345703125
2017-05-17,25289.374463254506,203.45748901367188
2017-05-18,25349.28095677833,204.27713012695312
2017-05-19,25526.376882874898,205.60580444335938
2017-05-22,25599.759064773276,206.64976501464844
2017-05-23,25654.989605250314,207.1070098876953
2017-05-24,25656.386256091555,207.59014892578125
2017-05-25,25738.28281271068,208.58233642578125
2017-05-26,25742.70454396074,208.53919982910156
2017-05-30,25708.693236560503,208.35804748535156
2017-05-31,25692.4047896853,208.30624389648438
2017-06-01,25886.51844927779,209.96275329589844
2017-06-02,25931.911991550733,210.66160583496094
2017-06-05,25902.517156474438,210.50628662109375
2017-06-06,25840.859725091686,209.8332977294922
2017-06-07,25857.787814351108,210.2216339111328
2017-06-08,25895.621712006934,210.32510375976562
2017-06-09,26041.22517199567,210.00587463378906
2017-06-12,26072.783866484442,209.96275329589844
2017-06-13,26140.686146348522,210.98944091796875
2017-06-14,26149.966365527307,210.7219696044922
2017-06-15,26130.237562683953,210.31649780273438
2017-06-16,26113.386187522265,210.36244201660156
2017-06-19,26291.91154419882,212.11373901367188
2017-06-20,26170.00368085758,210.68319702148438
2017-06-21,26077.16759863936,210.63119506835938
2017-06-22,26116.01694353514,210.5358123779297
2017-06-23,26095.780363541227,210.7873077392578
2017-06-26,26125.774360373805,210.9259796142578
2017-06-27,25967.709425952016,209.22666931152344
2017-06-28,26147.365774264646,211.09938049316406
2017-06-29,26010.024132859744,209.24404907226562
2017-06-30,26045.726645552542,209.63412475585938
2017-07-03,26192.531796319436,209.9896697998047
2017-07-05,26200.998543390342,210.47515869140625
2017-07-06,25952.431413284336,208.55047607421875
2017-07-07,26059.41173277908,209.90296936035156
2017-07-10,26026.378665841825,210.1283721923828
2017-07-11,25987.943649796052,209.97232055664062
2017-07-12,26120.916358008388,211.55015563964844
2017-07-13,26184.2763781837,211.90567016601562
2017-07-14,26280.666022982332,212.8939971923828
2017-07-17,26228.277437669334,212.86801147460938
2017-07-18,26186.366497871117,212.980712890625
2017-07-19,26304.625900478237,214.13377380371094
2017-07-20,26261.026646790597,214.2291259765625
2017-07-21,26194.0327734022,214.03842163085938
2017-07-24,26145.14873445126,213.98638916015625
2017-07-25,26331.72047283139,214.50656127929688
2017-07-26,26374.084107979586,214.5152130126953
2017-07-27,26421.141532483092,214.3158416748047
2017-07-28,26440.619869937665,214.06439208984375
2017-07-31,26547.322686322423,213.9430389404297
2017-08-01,26611.69641706139,214.419921875
2017-08-02,26636.163750810516,214.52394104003906
2017-08-03,26622.399918710253,214.10775756835938
2017-08-04,26693.054852878704,214.49789428710938
2017-08-07,26712.425759436315,214.89671325683594
2017-08-08,26676.39040691616,214.36785888671875
2017-08-09,26703.69327982526,214.3591766357422
2017-08-10,26414.649381272666,211.33346557617188
2017-08-11,26416.10709758437,211.64553833007812
2017-08-14,26644.965001621968,213.74362182617188
2017-08-15,26623.801640134865,213.71763610839844
2017-08-16,26649.58996983082,214.0904083251953
2017-08-17,26259.517745714107,210.75257873535156
2017-08-18,26166.62070370197,210.42312622070312
2017-08-21,26195.753586874194,210.587890625
2017-08-22,26434.721131847076,212.7899627685547
2017-08-23,26350.517644382282,212.02700805664062
2017-08-24,26316.197123716724,211.5328826904297
2017-08-25,26371.876901371532,212.02700805664062
2017-08-28,26384.041633179277,212.03570556640625
2017-08-29,26414.292300085846,212.27845764160156
2017-08-30,26503.84020511268,213.28411865234375
2017-08-31,26624.82180093605,214.56727600097656
2017-09-01,26692.54976228519,214.87066650390625
2017-09-05,26529.627020865133,213.32749938964844
2017-09-06,26624.490886798692,214.0557403564453
2017-09-07,26640.704964731907,214.02976989746094
2017-09-08,26582.038564569968,213.77830505371094
2017-09-11,26867.430572796984,216.05844116210938
2017-09-12,27030.345273100356,216.78671264648438
2017-09-13,27073.680092626506,216.8907928466797
2017-09-14,27114.775207742732,216.82138061523438
2017-09-15,27165.490542696105,217.1133270263672
2017-09-18,27273.583071376994,217.5750274658203
2017-09-19,27343.277523989007,217.79287719726562
2017-09-20,27410.061926500457,217.87130737304688
2017-09-21,27381.48623266426,217.2875518798828
2017-09-22,27441.336703635472,217.33108520507812
2017-09-25,27442.371771820686,216.88673400878906
2017-09-26,27408.17287583569,217.01744079589844
2017-09-27,27459.278565403365,217.86257934570312
2017-09-28,27547.810296255575,218.12396240234375
2017-09-29,27609.77462786123,218.8906707763672
2017-10-02,27751.172585745495,219.8404083251953
2017-10-03,27816.700469271662,220.3108673095703
2017-10-04,27836.48165935522,220.57225036621094
2017-10-05,27980.035625233602,221.87918090820312
2017-10-06,27916.73481019837,221.62644958496094
2017-10-09,27863.729291322565,221.26055908203125
2017-10-10,27981.963560248478,221.84432983398438
2017-10-11,28009.311012084338,222.1928253173828
2017-10-12,27924.629951844792,221.8617706298828
2017-10-13,27949.785767224646,222.13182067871094
2017-10-16,27990.89758513186,222.4280548095703
2017-10-17,28020.33659513611,222.5848846435547
2017-10-18,28090.415599969918,222.802734375
2017-10-19,28131.622635598196,222.86367797851562
2017-10-20,28264.961204278392,224.0137939453125
2017-10-23,28204.225426301306,223.14247131347656
2017-10-24,28316.879505906043,223.5345916748047
2017-10-25,28170.198004663387,222.4280548095703
2017-10-26,28218.283204174026,222.71559143066406
2017-10-27,28290.65202481334,224.53656005859375
2017-10-30,28105.159251629968,223.70016479492188
2017-10-31,28098.853215304378,224.04859924316406
2017-11-01,28199.60904101901,224.3448944091797
2017-11-02,28251.109559198838,224.43199157714844
2017-11-03,28403.310027085616,225.18130493164062
2017-11-06,28382.203526678702,225.52981567382812
2017-11-07,28378.26930618497,225.3729705810547
2017-11-08,28420.817286651833,225.75628662109375
2017-11-09,28291.324268722812,224.93736267089844
2017-11-10,28237.192362895887,224.86761474609375
2017-11-13,28258.607104500075,225.07675170898438
2017-11-14,28196.042358066712,224.5540008544922
2017-11-15,28051.749575518003,223.4300537109375
2017-11-16,28330.48903770059,225.32940673828125
2017-11-17,28230.375798267487,224.66722106933594
2017-11-20,28297.91687223855,225.05056762695312
2017-11-21,28430.991431461287,226.5230712890625
2017-11-22,28409.900289882196,226.32264709472656
2017-11-24,28452.499736066347,226.84542846679688
2017-11-27,28454.739967851205,226.73216247558594
2017-11-28,28815.69731619883,229.03233337402344
2017-11-29,28969.647494542383,228.89292907714844
2017-11-30,29240.805908114857,230.89686584472656
2017-12-01,29276.249127034745,230.4176483154297
2017-12-04,29386.60812871974,230.13885498046875
2017-12-05,29246.0681834271,229.31109619140625
2017-12-06,29113.84212920868,229.35472106933594
2017-12-07,29154.065093364843,230.0778350830078
2017-12-08,29333.803469630027,231.33250427246094
2017-12-11,29434.37597441671,232.02951049804688
2017-12-12,29551.08227287125,232.43907165527344
2017-12-13,29556.10204072138,232.4128875732422
2017-12-14,29398.93879823682,231.46316528320312
2017-12-15,29599.87772471286,233.39071655273438
2017-12-18,29780.326890448854,234.87066650390625
2017-12-19,29743.021062444586,233.9687042236328
2017-12-20,29777.920892708724,233.84600830078125
2017-12-21,29864.394154177025,234.3276824951172
2017-12-22,29847.97889985916,234.26634216308594
2017-12-26,29846.19585491282,233.98622131347656
2017-12-27,29884.106609380626,234.09996032714844
2017-12-28,29933.27630608874,234.58168029785156
2017-12-29,29792.83885051443,233.69715881347656
2018-01-02,29960.455049483713,235.36990356445312
2018-01-03,30107.457309379428,236.8585205078125
2018-01-04,30319.91375126366,237.8568878173828
2018-01-05,30488.39130865352,239.4419403076172
2018-01-08,30489.748918504614,239.87982177734375
2018-01-09,30555.874656519863,240.42279052734375
2018-01-10,30553.887117023525,240.0550079345703
2018-01-11,30777.80479008813,241.80641174316406
2018-01-12,31049.512098973086,243.38278198242188
2018-01-16,31021.313920826655,242.55084228515625
2018-01-17,31332.427084523686,244.86280822753906
2018-01-18,31239.66053769562,244.45123291015625
2018-01-19,31327.2872530389,245.5632781982422
2018-01-22,31598.96533824271,247.56002807617188
2018-01-23,31552.962615165947,248.0853729248047
2018-01-24,31533.58378669054,247.98910522460938
2018-01-25,31580.577929247425,248.09420776367188
2018-01-26,31974.403261428157,250.96656799316406
2018-01-29,31767.76257771814,249.30270385742188
2018-01-30,31322.031610266156,246.74559020996094
2018-01-31,31234.939604872754,246.8681182861328
2018-02-01,31277.17243180742,246.587890625
2018-02-02,30624.896618338626,241.21974182128906
2018-02-05,29276.34961820182,231.13128662109375
2018-02-06,29720.944096946303,235.68505859375
2018-02-07,29648.04428933332,234.40652465820312
2018-02-08,28571.984479815528,225.61424255371094
2018-02-09,28939.499459134604,229.0032501220703
2018-02-12,29311.996303477783,232.36605834960938
2018-02-13,29372.041284638504,232.9440460205078
2018-02-14,29712.68979365796,236.08792114257812
2018-02-15,30069.61225396903,239.1004638671875
2018-02-16,30109.901388460097,239.17050170898438
2018-02-20,29810.48695894103,237.6730194091797
2018-02-21,29581.86241731933,236.49075317382812
2018-02-22,29649.036354453387,236.79725646972656
2018-02-23,30107.547499731565,240.5716552734375
2018-02-26,30547.022968287827,243.3652801513672
2018-02-27,30218.842235257693,240.32644653320312
2018-02-28,29785.155167837063,237.89193725585938
2018-03-01,29388.30677918761,234.43284606933594
2018-03-02,29449.020648383823,235.6413116455078
2018-03-05,29768.165242238152,238.3648223876953
2018-03-06,29783.6226828679,238.96910095214844
2018-03-07,29721.081873954558,238.88148498535156
2018-03-08,29842.67959164071,240.03746032714844
2018-03-09,30376.845295595456,244.2147216796875
2018-03-12,30264.72371726509,243.90814208984375
2018-03-13,30030.08003638279,242.3318634033203
2018-03-14,29806.98397148721,241.08831787109375
2018-03-15,29848.85471099943,240.82562255859375
2018-03-16,29966.733399791225,241.08677673339844
2018-03-19,29543.249662354952,237.82481384277344
2018-03-20,29536.900850693102,238.22927856445312
2018-03-21,29547.419504315185,237.77207946777344
2018-03-22,28765.143405168226,231.82838439941406
2018-03-23,28187.217818416968,226.88706970214844
2018-03-26,28964.068919574675,233.094482421875
2018-03-27,28572.48744726016,229.12913513183594
2018-03-28,28570.194398312444,228.4520263671875
2018-03-29,28887.294584481897,231.3711700439453
2018-04-02,28270.43988244553,226.37713623046875
2018-04-03,28667.316649772263,229.27857971191406
2018-04-04,28973.229085245057,231.73167419433594
2018-04-05,29164.926986902836,233.56048583984375
2018-04-06,28546.405477186414,228.35540771484375
2018-04-09,28646.30106129537,229.48085021972656
2018-04-10,29144.823206211026,233.1296844482422
2018-04-11,28967.48660875238,231.9075164794922
2018-04-12,29244.648959161226,233.8155059814453
2018-04-13,29170.396746349503,233.1296844482422
2018-04-16,29322.369892174826,235.04638671875
2018-04-17,29505.781104733593,237.56101989746094
2018-04-18,29454.875695650007,237.73687744140625
2018-04-19,29373.61340994648,236.4180450439453
2018-04-20,29165.151543480562,234.4133758544922
2018-04-23,29157.49628985886,234.37820434570312
2018-04-24,28919.142469649305,231.22171020507812
2018-04-25,28958.188422350766,231.79322814941406
2018-04-26,29197.231963610117,234.1495361328125
2018-04-27,29209.216564576764,234.369384765625
2018-04-30,28979.584868110825,232.56695556640625
2018-05-01,28918.001397039494,232.98020935058594
2018-05-02,28684.833872085903,231.41510009765625
2018-05-03,28626.45546791192,230.9051513671875
2018-05-04,28971.877444898484,233.89462280273438
2018-05-07,29024.95433735844,234.6859893798828
2018-05-08,29063.259847010606,234.6859893798828
2018-05-09,29321.24329319155,236.95431518554688
2018-05-10,29615.84058686285,239.1700439453125
2018-05-11,29778.00111042452,239.89979553222656
2018-05-14,29867.377310778582,240.0141143798828
2018-05-15,29667.27171245111,238.36105346679688
2018-05-16,29776.61316672044,239.36341857910156
2018-05-17,29753.268393744478,239.16123962402344
2018-05-18,29691.13308228386,238.5633544921875
2018-05-21,29970.605618046935,240.35691833496094
2018-05-22,29869.625847000814,239.688720703125
2018-05-23,29950.15205773186,240.3480987548828
2018-05-24,29860.511230519252,239.85580444335938
2018-05-25,29763.85508076709,239.2843780517578
2018-05-29,29365.481318158243,236.53236389160156
2018-05-30,29783.292765244332,239.688720703125
2018-05-31,29554.188576049382,238.220458984375
2018-06-01,29837.996718155737,240.55918884277344
2018-06-04,29934.340802781542,241.70223999023438
2018-06-05,29896.190353523943,241.87803649902344
2018-06-06,30232.882101206564,243.90029907226562
2018-06-07,30356.03083925167,243.8739013671875
2018-06-08,30422.602963626552,244.59487915039062
2018-06-11,30428.69149986925,244.92019653320312
2018-06-12,30412.12415111732,245.23678588867188
2018-06-13,30225.47295880264,244.4542236328125
2018-06-14,30144.94495611111,245.06968688964844
2018-06-15,30106.27256451785,244.75709533691406
2018-06-18,29964.440462360195,244.25364685058594
2018-06-19,29819.85810500923,243.31748962402344
2018-06-20,29742.384446949243,243.73252868652344
2018-06-21,29584.305023308363,242.2046356201172
2018-06-22,29735.15946344838,242.646240234375
2018-06-25,29422.26708798791,239.34310913085938
2018-06-26,29465.721299016455,239.87307739257812
2018-06-27,29306.11843077244,237.88589477539062
2018-06-28,29447.666896567724,239.24600219726562
2018-06-29,29493.7955498079,239.5904541015625
2018-07-02,29499.742800885022,240.10269165039062
2018-07-03,29408.27035328987,239.25474548339844
2018-07-05,29638.13720458539,241.20669555664062
2018-07-06,29823.111035040947,243.24679565429688
2018-07-09,30136.43316716853,245.4371337890625
2018-07-10,30335.111709243374,246.3201904296875
2018-07-11,30059.04970812728,244.51858520507812
2018-07-12,30317.58457669613,246.73536682128906
2018-07-13,30333.23288939482,246.92962646484375
2018-07-16,30378.546309869416,246.70892333984375
2018-07-17,30450.8463022341,247.70692443847656
2018-07-18,30517.442296496996,248.22801208496094
2018-07-19,30411.35478067006,247.291748046875
2018-07-20,30378.21884381211,247.0092010498047
2018-07-23,30440.77880372619,247.4684295654297
2018-07-24,30677.256798916987,248.7136688232422
2018-07-25,30900.756675283337,250.8333282470703
2018-07-26,30969.43549875477,250.2416229248047
2018-07-27,30866.421482061556,248.5458526611328
2018-07-30,30874.532341784125,247.24761962890625
2018-07-31,31013.841002671325,248.46649169921875
2018-08-01,30873.136162492454,248.05130004882812
2018-08-02,30905.0593246421,249.4027099609375
2018-08-03,31106.33748847446,250.4712677001953
2018-08-06,31167.442248437797,251.38980102539062
2018-08-07,31285.074604320762,252.21994018554688
2018-08-08,31282.58619016642,252.1139678955078
2018-08-09,31163.796211216457,251.76959228515625
2018-08-10,30958.34794048632,250.08261108398438
2018-08-13,30777.97926003077,249.14646911621094
2018-08-14,30925.24662815644,250.73619079589844
2018-08-15,30748.13763019875,248.86390686035156
2018-08-16,31154.90359896095,250.87742614746094
2018-08-17,31301.486303373622,251.76075744628906
2018-08-20,31382.194319952232,252.29954528808594
2018-08-21,31470.727557181755,252.8912353515625
2018-08-22,31484.570348688074,252.7410888671875
2018-08-23,31425.402769071323,252.40538024902344
2018-08-24,31560.815580084152,253.92445373535156
2018-08-27,31779.090167550465,255.9293212890625
2018-08-28,31788.203647641454,256.05303955078125
2018-08-29,31890.27665985716,257.4306945800781
2018-08-30,31723.35172295011,256.38861083984375
2018-08-31,31726.199623075372,256.39739990234375
2018-09-04,31709.53419021031,255.9557647705078
2018-09-05,31769.956272715033,255.2669219970703
2018-09-06,31695.81950283499,254.49853515625
2018-09-07,31652.659615301454,254.00399780273438
2018-09-10,31765.915313727706,254.4456329345703
2018-09-11,31797.186730438076,255.28451538085938
2018-09-12,31821.160915359316,255.34645080566406
2018-09-13,31953.875685062576,256.856689453125
2018-09-14,31959.932040290227,256.9007568359375
2018-09-17,31883.598409853912,255.5407257080078
2018-09-18,32038.23202207516,256.92730712890625
2018-09-19,32189.674643027676,257.201171875
2018-09-20,32433.367602226754,259.2854309082031
2018-09-21,32497.860986711505,259.0485534667969
2018-09-24,32325.08939040282,258.1880187988281
2018-09-25,32233.752516952867,257.9483947753906
2018-09-26,32084.679919993025,257.1766052246094
2018-09-27,32139.39747333935,257.895263671875
2018-09-28,32124.709987923656,257.9219055175781
2018-10-01,32331.040026792438,258.8179016113281
2018-10-02,32420.214885329948,258.66705322265625
2018-10-03,32436.522475929487,258.80908203125
2018-10-04,32358.718179904838,256.7862548828125
2018-10-05,32211.66208699489,255.34896850585938
2018-10-08,32328.30988022491,255.34896850585938
2018-10-09,32282.505971926425,254.9764404296875
2018-10-10,31409.517602499203,246.9029998779297
2018-10-11,30659.403863005762,241.464599609375
2018-10-12,30960.276459485176,244.81813049316406
2018-10-15,30836.71837463026,243.44300842285156
2018-10-16,31303.80549777186,248.76609802246094
2018-10-17,31328.060692259995,248.810546875
2018-10-18,30949.502691309484,245.2174072265625
2018-10-19,31042.77275169622,245.08433532714844
2018-10-22,30816.14221243174,243.9841766357422
2018-10-23,30692.901577852645,242.7421417236328
2018-10-24,29864.494530062388,235.38742065429688
2018-10-25,30211.61577976561,239.6103515625
2018-10-26,29838.639495504758,235.396240234375
2018-10-29,29805.983618480677,234.0920867919922
2018-10-30,30242.87258195685,237.56101989746094
2018-10-31,30403.185856415366,240.09840393066406
2018-11-01,30560.91520218709,242.65342712402344
2018-11-02,30423.836648819022,241.21620178222656
2018-11-05,30742.11515417451,242.54696655273438
2018-11-06,30862.26059281481,244.08181762695312
2018-11-07,31381.084862369727,249.30726623535156
2018-11-08,31322.214664297946,248.85487365722656
2018-11-09,31078.98496105197,246.42393493652344
2018-11-12,30536.114361980934,241.8195037841797
2018-11-13,30494.977807165138,241.36697387695312
2018-11-14,30294.417549488488,239.7168426513672
2018-11-15,30616.107477868885,242.2187042236328
2018-11-16,30800.77369960991,242.8486328125
2018-11-19,30571.759667207836,238.74093627929688
2018-11-20,29957.282074974748,234.32276916503906
2018-11-21,29949.699321772583,235.12124633789062
2018-11-23,29739.494094857786,233.55091857910156
2018-11-26,30096.971430007423,237.3214569091797
2018-11-27,30254.51558029329,238.119873046875
2018-11-28,30876.476676920927,243.60267639160156
2018-11-29,30841.768239186797,243.0704345703125
2018-11-30,31170.811599089066,244.5520477294922
2018-12-03,31350.623986301445,247.79022216796875
2018-12-04,30392.44002880644,239.76123046875
2018-12-06,30310.606645421896,239.3974609375
2018-12-07,29694.97362942823,233.83480834960938
2018-12-10,29689.519609229763,234.27845764160156
2018-12-11,29653.566644879196,234.3317108154297
2018-12-12,29773.130976513003,235.51156616210938
2018-12-13,29877.42798308113,235.43173217773438
2018-12-14,29301.338083682636,231.08457946777344
2018-12-17,28771.846504957906,226.55104064941406
2018-12-18,28765.4472599474,226.3026123046875
2018-12-19,28414.284803989274,222.91358947753906
2018-12-20,28041.242229611722,219.28501892089844
2018-12-21,27619.657717035796,214.79197692871094
2018-12-24,26874.72037559465,209.1165313720703
2018-12-26,28089.240563030515,219.68212890625
2018-12-27,28370.29132580576,221.3686981201172
2018-12-28,28375.10918258205,221.08316040039062
2018-12-31,28640.395033905115,223.01956176757812
2019-01-02,28709.45180393087,223.25157165527344
2019-01-03,28024.908890171024,217.92416381835938
2019-01-04,28893.551065514053,225.22372436523438
2019-01-07,29075.49392093153,226.99949645996094
2019-01-08,29257.420545189456,229.13223266601562
2019-01-09,29328.765138915784,230.20309448242188
2019-01-10,29458.52596586436,231.01516723632812
2019-01-11,29503.476343511553,231.10435485839844
2019-01-14,29404.93093116289,229.69447326660156
2019-01-15,29592.570578324787,232.32691955566406
2019-01-16,29716.69060579814,232.88914489746094
2019-01-17,29924.906090816647,234.65597534179688
2019-01-18,30330.628906638212,237.77920532226562
2019-01-22,29979.01669128938,234.56668090820312
2019-01-23,30058.058127734712,235.0575714111328
2019-01-24,30036.63788068082,235.1824493408203
2019-01-25,30235.623845820275,237.17247009277344
2019-01-28,29939.01077992868,235.36990356445312
2019-01-29,29943.992225711147,235.0575714111328
2019-01-30,30269.769583690944,238.77870178222656
2019-01-31,30511.615207494146,240.87571716308594
2019-02-01,30610.778981223117,240.99180603027344
2019-02-04,30773.33098749426,242.68722534179688
2019-02-05,30909.42860275831,243.7045135498047
2019-02-06,30942.12868349425,243.3833465576172
2019-02-07,30575.33154411236,241.06314086914062
2019-02-08,30543.177159851188,241.35765075683594
2019-02-11,30566.43962394353,241.49154663085938
2019-02-12,30980.50717052086,244.59690856933594
2019-02-13,31137.885446164484,245.39111328125
2019-02-14,31001.323890177977,244.84681701660156
2019-02-15,31468.61370654067,247.5149383544922
2019-02-19,31489.707817165057,247.94332885742188
2019-02-20,31590.675509709778,248.44300842285156
2019-02-21,31483.14064918516,247.55966186523438
2019-02-22,31652.556018317307,249.09445190429688
2019-02-25,31785.558608924115,249.43356323242188
2019-02-26,31764.078094391047,249.25502014160156
2019-02-27,31810.942329784382,249.14796447753906
2019-02-28,31719.506928160634,248.68392944335938
2019-03-01,31907.11189207103,250.23672485351562
2019-03-04,31764.287277983196,249.32650756835938
2019-03-05,31692.167498533792,248.98733520507812
2019-03-06,31438.594373925633,247.47918701171875
2019-03-07,31218.359011919965,245.40899658203125
2019-03-08,31166.286326244488,244.91819763183594
2019-03-11,31498.095314053528,248.46987915039062
2019-03-12,31522.713835616792,249.40676879882812
2019-03-13,31778.16857754897,251.05758666992188
2019-03-14,31776.173704238267,250.8970184326172
2019-03-15,31908.597542649826,252.13658142089844
2019-03-18,32103.583074090075,253.05081176757812
2019-03-19,32111.853224143262,253.1135711669922
2019-03-20,31933.168309702472,252.3516845703125
2019-03-21,32162.897015380328,255.20204162597656
2019-03-22,31583.846966241337,250.290283203125
2019-03-25,31539.668876343567,250.10198974609375
2019-03-26,31844.115482873756,251.96632385253906
2019-03-27,31698.151531855296,250.64866638183594
2019-03-28,31805.201402388426,251.59884643554688
2019-03-29,31995.350275399356,253.18527221679688
2019-04-01,32377.08122566636,256.18780517578125
2019-04-02,32333.16233047963,256.3132629394531
2019-04-03,32385.138973235884,256.7166748046875
2019-04-04,32482.19638337688,257.3978576660156
2019-04-05,32597.922833116732,258.6436462402344
2019-04-08,32614.4915201681,258.84088134765625
2019-04-09,32352.240657120852,257.514404296875
2019-04-10,32405.33586265362,258.3927917480469
2019-04-11,32381.43908082766,258.3210754394531
2019-04-12,32539.09071290288,260.0687561035156
2019-04-15,32533.593813468524,259.8985290527344
2019-04-16,32772.38538930336,260.0687561035156
2019-04-17,32832.4298367519,259.4324951171875
2019-04-18,32854.43518360497,259.943359375
2019-04-22,32861.0512894161,260.16741943359375
2019-04-23,33102.473347099134,262.5066833496094
2019-04-24,32990.89552940446,261.9241027832031
2019-04-25,32784.93786180807,261.76275634765625
2019-04-26,32869.263643591876,262.9817810058594
2019-04-29,32918.73134687918,263.3939208984375
2019-04-30,33047.47754727182,263.52850341796875
2019-05-01,32793.94054398958,261.547607421875
2019-05-02,32784.548315960135,260.9830627441406
2019-05-03,33072.99227786949,263.5375061035156
2019-05-06,32942.945339993115,262.4529113769531
2019-05-07,32358.689369427557,258.07000732421875
2019-05-08,32291.447508842455,257.7115478515625
2019-05-09,32186.102689310952,256.93170166015625
2019-05-10,32344.131742907237,258.222412109375
2019-05-13,31624.190480559704,251.73321533203125
2019-05-14,31898.19081347449,254.00975036621094
2019-05-15,32033.864164864284,255.4976348876953
2019-05-16,32254.86930784646,257.8638916015625
2019-05-17,32089.189755948755,256.19677734375
2019-05-20,31937.85184756595,254.5028076171875
2019-05-21,32194.088070117552,256.7973327636719
2019-05-22,31917.56360834305,256.00860595703125
2019-05-23,31552.80117299421,252.8804931640625
2019-05-24,31589.3237073726,253.45408630371094
2019-05-28,31224.916862357724,251.096923828125
2019-05-29,31085.805261100202,249.4119415283203
2019-05-30,31121.718233298623,250.09307861328125
2019-05-31,30714.77958369874,246.7229461669922
2019-06-03,30882.413229232767,246.09552001953125
2019-06-04,31522.572884092107,251.43740844726562
2019-06-05,31660.323306108414,253.61553955078125
2019-06-06,31888.27682677361,255.26449584960938
2019-06-07,32148.45603020461,257.8191223144531
2019-06-10,32288.00694968782,259.0022277832031
2019-06-11,32376.479954912753,258.9394836425781
2019-06-12,32296.284184004002,258.4822998046875
2019-06-13,32402.505409961894,259.5489807128906
2019-06-14,32342.40017869441,259.26214599609375
2019-06-17,32340.15485666092,259.3606872558594
2019-06-18,32746.4479371826,262.07647705078125
2019-06-19,32782.28540777596,262.66802978515625
2019-06-20,33148.9500116793,265.17767333984375
2019-06-21,33145.880580747515,264.792236328125
2019-06-24,33050.77411030516,264.46795654296875
2019-06-25,32822.91334391033,261.8741149902344
2019-06-26,32874.996079404955,261.6129455566406
2019-06-27,32944.830535373294,262.5405578613281
2019-06-28,33100.23876484795,263.8914794921875
2019-07-01,33339.78780090879,266.2873229980469
2019-07-02,33383.42958460104,266.98077392578125
2019-07-03,33604.71073887588,269.1153259277344
2019-07-05,33531.34301953512,268.8090515136719
2019-07-08,33382.86687968692,267.33203125
2019-07-09,33399.97717451283,267.6652526855469
2019-07-10,33485.26100993717,268.94415283203125
2019-07-11,33551.88638001137,269.5745849609375
2019-07-12,33733.31588974672,270.78155517578125
2019-07-15,33727.849021536465,270.87158203125
2019-07-16,33621.89541256925,269.9979248046875
2019-07-17,33430.964160248914,268.1605529785156
2019-07-18,33584.5517323493,269.14239501953125
2019-07-19,33429.69236358492,267.6471862792969
2019-07-22,33492.46573963954,268.3048095703125
2019-07-23,33752.207622255024,270.22320556640625
2019-07-24,33935.49723125593,271.49310302734375
2019-07-25,33827.28332015061,270.1960754394531
2019-07-26,33983.004028854564,272.0064392089844
2019-07-29,33972.15177936443,271.5110168457031
2019-07-30,33924.28479509645,270.8445739746094
2019-07-31,33595.82677574862,267.88140869140625
2019-08-01,33179.43299364333,265.5486755371094
2019-08-02,33044.84619554326,263.54931640625
2019-08-05,32109.921907730026,255.62344360351562
2019-08-06,32409.67753221775,259.2081298828125
2019-08-07,32342.832835829224,259.3612365722656
2019-08-08,32844.0782096219,264.44989013671875
2019-08-09,32650.62668694473,262.648681640625
2019-08-12,32279.312728141485,259.4513244628906
2019-08-13,32741.492230924858,263.4862365722656
2019-08-14,31799.67230286128,255.69557189941406
2019-08-15,31751.07350239285,256.3711242675781
2019-08-16,32282.38643805609,260.15380859375
2019-08-19,32654.130086094206,263.28814697265625
2019-08-20,32363.46963576656,261.2707214355469
2019-08-21,32628.63934312268,263.3961486816406
2019-08-22,32659.492738858266,263.3150939941406
2019-08-23,31829.64212904909,256.5511779785156
2019-08-26,32168.16187121207,259.38824462890625
2019-08-27,32132.239543791427,258.37054443359375
2019-08-28,32416.39186243457,260.1899108886719
2019-08-29,32814.23401690514,263.51324462890625
2019-08-30,32906.33966861113,263.3961486816406
2019-09-03,32643.326023696478,261.8559875488281
2019-09-04,33017.99489980721,264.8282165527344
2019-09-05,33457.03309373034,268.2326965332031
2019-09-06,33496.37541508756,268.4397888183594
2019-09-09,33669.17019310182,268.5749816894531
2019-09-10,33846.313077419676,268.5119323730469
2019-09-11,34090.75799636702,270.4212341308594
2019-09-12,34067.548450946575,271.35797119140625
2019-09-13,34116.78314378484,271.1778259277344
2019-09-16,34023.57458323921,270.34027099609375
2019-09-17,34033.99847406262,271.0246887207031
2019-09-18,34051.91121605861,271.1868591308594
2019-09-19,34013.154748710294,271.1687927246094
2019-09-20,33944.05187385654,269.8876647949219
2019-09-23,33944.80965074036,269.82421875
2019-09-24,33634.86821104125,267.7069396972656
2019-09-25,33799.73997808394,269.2904357910156
2019-09-26,33686.7048372774,268.7294006347656
2019-09-27,33687.5880402911,267.2817077636719
2019-09-30,33791.952082117576,268.5213317871094
2019-10-01,33274.78196930714,265.32733154296875
2019-10-02,32632.88169791089,260.640380859375
2019-10-03,32892.8945685912,262.77581787109375
2019-10-04,33321.157645204774,266.3316650390625
2019-10-07,33202.43556773944,265.18255615234375
2019-10-08,32680.671580731516,261.06573486328125
2019-10-09,32952.0017467061,263.544921875
2019-10-10,33189.567340927984,265.32733154296875
2019-10-11,33628.92567468233,268.077880859375
2019-10-14,33586.36104183481,267.7794189453125
2019-10-15,33928.51282811582,270.4305114746094
2019-10-16,33829.805908435956,269.9962158203125
2019-10-17,33919.67025047409,270.79248046875
2019-10-18,33802.79926156972,269.6071472167969
2019-10-21,34040.11781085636,271.4347839355469
2019-10-22,34109.11560786735,270.54815673828125
2019-10-23,34109.311892931335,271.335205078125
2019-10-24,33993.53015234046,271.7786865234375
2019-10-25,34257.31653627636,272.8916015625
2019-10-28,34481.34155758998,274.4298400878906
2019-10-29,34496.519882890614,274.3482666015625
2019-10-30,34644.455200030345,275.1898498535156
2019-10-31,34496.61862817454,274.4569396972656
2019-11-01,34892.31268728931,276.9993896484375
2019-11-04,35163.912028285355,278.1124267578125
2019-11-05,35199.623963232116,277.8047180175781
2019-11-06,35253.20170345845,277.8680725097656
2019-11-07,35539.82630472648,278.84527587890625
2019-11-08,35641.35648574703,279.5329284667969
2019-11-11,35497.30893463586,278.99908447265625
2019-11-12,35483.79982448436,279.587158203125
2019-11-13,35399.33204895428,279.6777038574219
2019-11-14,35330.89802359598,280.0848693847656
2019-11-15,35637.427790454814,282.111572265625
2019-11-18,35563.24546334169,282.31982421875
2019-11-19,35442.76836940534,282.2383117675781
2019-11-20,35349.80619506259,281.188720703125
2019-11-21,35421.0068610407,280.73626708984375
2019-11-22,35537.42575110664,281.360595703125
2019-11-25,35747.8159907273,283.5412292480469
2019-11-26,35753.70619047603,284.1836853027344
2019-11-27,35845.85406881786,285.4503479003906
2019-11-29,35704.43238157369,284.3916931152344
2019-12-02,35469.35591995246,281.97589111328125
2019-12-03,35130.631147570275,280.0848693847656
2019-12-04,35429.06526181056,281.8130187988281
2019-12-05,35448.47611418095,282.31982421875
2019-12-06,35873.38832545157,284.8984069824219
2019-12-09,35825.16232251628,284.002685546875
2019-12-10,35830.12384696254,283.6859436035156
2019-12-11,35910.11866996618,284.4913024902344
2019-12-12,36352.239880524925,286.94329833984375
2019-12-13,36279.90467647615,287.115234375
2019-12-16,36444.939853111806,289.0877685546875
2019-12-17,36509.37651465721,289.15106201171875
2019-12-18,36433.89521227168,289.16912841796875
2019-12-19,36566.58830961499,290.35455322265625
2019-12-20,36712.26392111138,291.62744140625
2019-12-23,36818.71215782968,292.0730285644531
2019-12-24,36786.10807603084,292.0820617675781
2019-12-26,36903.031043176394,293.6368713378906
2019-12-27,36909.15367532226,293.5640869140625
2019-12-30,36714.6029307273,291.9455871582031
2019-12-31,36810.970405682405,292.6549072265625
2020-01-02,37118.91598986385,295.3917541503906
2020-01-03,36844.57414522987,293.1549987792969
2020-01-06,36897.323521029546,294.2734375
2020-01-07,36769.65872036942,293.4460144042969
2020-01-08,36873.36017780303,295.0099182128906
2020-01-09,37145.03231014159,297.0102844238281
2020-01-10,37001.008482979596,296.155517578125
2020-01-13,37171.05635360795,298.19232177734375
2020-01-14,37181.57999535645,297.7376403808594
2020-01-15,37182.83734085546,298.4105224609375
2020-01-16,37440.93169754849,300.89276123046875
2020-01-17,37538.0701900016,301.82940673828125
2020-01-21,37345.04024562229,301.2384033203125
2020-01-22,37390.83193715124,301.2747497558594
2020-01-23,37408.87101980207,301.6202392578125
2020-01-24,37069.6642135954,298.9378662109375
2020-01-27,36525.25704265639,294.14605712890625
2020-01-28,36753.005624331425,297.2284851074219
2020-01-29,36689.15582874368,296.9829406738281
2020-01-30,36806.55949614348,297.9467468261719
2020-01-31,36094.19474135429,292.5367126464844
2020-02-03,36184.175540714954,294.7098083496094
2020-02-04,36634.016255665156,299.2015380859375
2020-02-05,37349.11143003511,302.65673828125
2020-02-06,37417.70117684769,303.6751403808594
2020-02-07,37126.63199935026,302.0566711425781
2020-02-10,37263.003702680064,304.31158447265625
2020-02-11,37377.29019390099,304.8389587402344
2020-02-12,37597.1425126574,306.8030090332031
2020-02-13,37444.447254338105,306.4756774902344
2020-02-14,37418.25748562798,306.96673583984375
2020-02-18,37180.33727041539,306.17559814453125
2020-02-19,37347.35528862212,307.63958740234375
2020-02-20,37247.847963882545,306.3757019042969
2020-02-21,36944.767433406945,303.2205810546875
2020-02-24,35753.19360796517,293.1640930175781
2020-02-25,34683.27897087671,284.2806091308594
2020-02-26,34469.035757558195,283.2349548339844
2020-02-27,33001.17323987596,270.5143737792969
2020-02-28,32618.14712769963,269.37786865234375
2020-03-02,34069.82256134293,281.0436706542969
2020-03-03,33109.203979468424,272.9967041015625
2020-03-04,34498.664986121614,284.47149658203125
2020-03-05,33376.44154156813,275.0152587890625
2020-03-06,32873.6720278982,270.4688720703125
2020-03-09,30327.815670095468,249.3468475341797
2020-03-10,31821.314607330045,262.2491455078125
2020-03-11,30258.240136351873,249.4649658203125
2020-03-12,27439.320650725615,225.5968780517578
2020-03-13,30149.17231131319,244.88233947753906
2020-03-16,26798.576635478392,218.08636474609375
2020-03-17,28449.06802348619,229.8612823486328
2020-03-18,27178.552822598765,218.22276306152344
2020-03-19,27084.719641659325,218.68646240234375
2020-03-20,25848.54260086149,209.26231384277344
2020-03-23,25050.577960348437,203.9119110107422
2020-03-24,27293.473495006692,222.386962890625
2020-03-25,27522.634056191917,225.7161102294922
2020-03-26,29325.13682856257,238.8956756591797
2020-03-27,28393.845856116215,231.7799835205078
2020-03-30,29285.444045714117,239.30722045898438
2020-03-31,28791.68804286876,235.7402801513672
2020-04-01,27721.37472519736,225.1308135986328
2020-04-02,28694.98543008172,230.32577514648438
2020-04-03,28243.158395400034,226.99658203125
2020-04-06,30061.156677403855,242.2431182861328
2020-04-07,30046.564526408034,242.49014282226562
2020-04-08,31093.535109566452,250.6300811767578
2020-04-09,31435.222027415813,254.44403076171875
2020-04-13,30994.832595538795,252.1209259033203
2020-04-14,31536.36306877395,259.556640625
2020-04-15,30751.976782922397,254.0415802001953
2020-04-16,30692.146726501713,255.2671661376953
2020-04-17,31828.282081417226,262.1633605957031
2020-04-20,31245.677949583827,257.5444641113281
2020-04-21,30362.041059008614,249.7246551513672
2020-04-22,30893.783494254367,255.2671661376953
2020-04-23,31014.75057467985,255.24880981445312
2020-04-24,31347.636178542056,258.8066711425781
2020-04-27,31918.238191649114,262.5382995605469
2020-04-28,31922.803731295397,261.3310852050781
2020-04-29,32689.094751612833,268.1722717285156
2020-04-30,32183.473496045797,265.6754455566406
2020-05-01,31261.28356855244,258.64202880859375
2020-05-04,31286.190983896835,259.35540771484375
2020-05-05,31485.033006634116,261.75177001953125
2020-05-06,31172.55231250736,259.9773864746094
2020-05-07,31473.439993345277,263.1144714355469
2020-05-08,32105.109813908537,267.468017578125
2020-05-11,31901.410745158864,267.52294921875
2020-05-12,31226.083460869137,262.1907653808594
2020-05-13,30578.32179367393,257.5535888671875
2020-05-14,31074.7749826231,260.6358642578125
2020-05-15,31023.799786578482,261.8341064453125
2020-05-18,32214.201807821242,269.8094482421875
2020-05-19,31619.908579364306,267.0380859375
2020-05-20,32155.801387234747,271.57464599609375
2020-05-21,31951.17462358376,269.6996765136719
2020-05-22,31925.465460572887,270.21185302734375
2020-05-26,32600.113340768043,273.54107666015625
2020-05-27,33420.80594651096,277.6109924316406
2020-05-28,33104.40565898067,277.09881591796875
2020-05-29,33095.245100191176,278.3335876464844
2020-06-01,33160.88529694964,279.45855712890625
2020-06-02,33584.873817963555,281.77239990234375
2020-06-03,34262.89979069531,285.52239990234375
2020-06-04,34466.347264829514,284.7723388671875
2020-06-05,35549.48564290966,292.07098388671875
2020-06-08,36253.669038610635,295.6013488769531
2020-06-09,35697.438915311875,293.39715576171875
2020-06-10,35055.70824396271,291.760009765625
2020-06-11,32675.43116073287,274.9403076171875
2020-06-12,33262.80056773888,278.2329406738281
2020-06-15,33491.027809484985,280.8304443359375
2020-06-16,34260.866558222784,286.23577880859375
2020-06-17,33972.105488704365,285.0467834472656
2020-06-18,34001.357510952614,285.1565856933594
2020-06-19,33824.60981735709,283.52691650390625
2020-06-22,33795.83708545718,285.3457336425781
2020-06-23,33902.86250781422,286.6593933105469
2020-06-24,32945.512360940695,279.3470458984375
2020-06-25,33434.7359066883,282.3418884277344
2020-06-26,32562.158998359304,275.63580322265625
2020-06-29,33169.66308424998,279.68701171875
2020-06-30,33539.099416882,283.2696838378906
2020-07-01,33405.3201835161,285.2538757324219
2020-07-02,33604.90555958256,286.8248596191406
2020-07-06,34076.76715861723,291.252685546875
2020-07-07,33616.31966019001,288.24859619140625
2020-07-08,33742.40010437682,290.4533996582031
2020-07-09,33295.53455105882,288.7998962402344
2020-07-10,33819.287083269504,291.7486267089844
2020-07-13,33819.89241284633,289.2224426269531
2020-07-14,34316.51568804542,292.9704284667969
2020-07-15,34695.56350673199,295.6620178222656
2020-07-16,34594.77045058183,294.68829345703125
2020-07-17,34569.81161832874,295.5426330566406
2020-07-20,34475.083477399494,297.9311218261719
2020-07-21,34880.53127240621,298.5648498535156
2020-07-22,34973.30172438795,300.264404296875
2020-07-23,34762.92235617473,296.68170166015625
2020-07-24,34419.62086187734,294.77093505859375
2020-07-27,34557.56880686843,296.9205322265625
2020-07-28,34450.86497785605,295.0373840332031
2020-07-29,34686.14752671866,298.666015625
2020-07-30,34415.118762215265,297.60040283203125
2020-07-31,34315.564878563884,299.9520263671875
2020-08-03,34543.86572388569,302.03741455078125
2020-08-04,34764.7159025093,303.2040710449219
2020-08-05,35032.912624348304,305.0871887207031
2020-08-06,35109.01737618753,307.1266174316406
2020-08-07,35344.71349129811,307.3470153808594
2020-08-10,35683.950795384066,308.26568603515625
2020-08-11,35679.29611176676,305.72100830078125
2020-08-12,36039.75482097672,309.9835205078125
2020-08-13,35755.67449556718,309.4231262207031
2020-08-14,35827.05651461283,309.4323425292969
2020-08-17,35705.26592413451,310.41522216796875
2020-08-18,35593.17531000446,311.08587646484375
2020-08-19,35470.71850728798,309.79058837890625
2020-08-20,35322.19484684908,310.75518798828125
2020-08-21,35418.78239602976,311.85748291015625
2020-08-24,35938.369412577515,315.0176086425781
2020-08-25,35946.321030753454,316.1199951171875
2020-08-26,35898.54923283979,319.2892150878906
2020-08-27,36146.13472259681,319.98748779296875
2020-08-28,36417.69022552966,322.0543518066406
2020-08-31,36138.42195855237,320.8877258300781
2020-09-01,36191.722231332045,323.9100036621094
2020-09-02,36792.123859986415,328.59503173828125
2020-09-03,35922.18929289151,317.28668212890625
2020-09-04,35910.40742049903,314.6961975097656
2020-09-08,35032.807098769714,306.0976867675781
2020-09-09,35519.064915944924,312.1423034667969
2020-09-10,34945.861849680914,306.72235107421875
2020-09-11,35180.16321861253,306.87860107421875
2020-09-14,35555.97119450848,310.9205627441406
2020-09-15,35542.619449244274,312.4914245605469
2020-09-16,35768.37526978239,311.251220703125
2020-09-17,35685.60946327791,308.5136413574219
2020-09-18,35384.48435779246,304.96185302734375
2020-09-21,34736.07452909895,301.5677490234375
2020-09-22,34781.75888242394,304.6390380859375
2020-09-23,34084.35684142659,297.5741271972656
2020-09-24,34163.88640354859,298.3674011230469
2020-09-25,34524.61520635176,303.19110107421875
2020-09-28,35062.98723930362,308.2268981933594
2020-09-29,34793.69053776491,306.5482482910156
2020-09-30,35177.13825827867,308.87255859375
2020-10-01,35169.93351500471,310.8554382324219
2020-10-02,35091.51454792722,307.904052734375
2020-10-05,35657.0180140887,313.3640441894531
2020-10-06,35211.6605235323,308.90936279296875
2020-10-07,35862.90187729646,314.286376953125
2020-10-08,36313.96476683813,317.0717468261719
2020-10-09,36434.31577436879,319.9032897949219
2020-10-12,36770.194171152594,325.04974365234375
2020-10-13,36427.03371350789,322.928466796875
2020-10-14,36247.84889552411,320.8994140625
2020-10-15,36302.53003755395,320.5028381347656
2020-10-16,36398.687709101214,320.3092041015625
2020-10-19,35909.75981318449,315.43927001953125
2020-10-20,36036.62706275242,316.7028503417969
2020-10-21,35692.825913442444,316.1033935546875
2020-10-22,36181.12396548283,317.8372497558594
2020-10-23,36079.681553047674,318.91644287109375
2020-10-26,35358.52386267354,313.02288818359375
2020-10-27,34900.316773210805,311.9437255859375
2020-10-28,33871.6512659888,301.2818908691406
2020-10-29,34131.52110479431,304.3440246582031
2020-10-30,34068.662384650466,301.1711730957031
2020-11-02,34666.77479527156,304.54681396484375
2020-11-03,35211.37525486286,309.9239196777344
2020-11-04,35494.1269071237,316.8504943847656
2020-11-05,36050.182268701734,323.0299377441406
2020-11-06,35927.280178865876,322.9562072753906
2020-11-09,37292.51229511119,327.0143127441406
2020-11-10,37683.23483075505,326.5346984863281
2020-11-11,37729.08058435143,328.9604187011719
2020-11-12,37255.62223900356,325.7692565917969
2020-11-13,37878.62950306903,330.279296875
2020-11-16,38653.50422066785,334.4020080566406
2020-11-17,38558.93694659749,332.60357666015625
2020-11-18,38078.54717264228,328.6007385253906
2020-11-19,38274.271579770226,329.98419189453125
2020-11-20,38076.614595929175,327.72442626953125
2020-11-23,38673.99172890383,329.68902587890625
2020-11-24,39590.151029377725,335.0014953613281
2020-11-25,39408.22271445615,334.4850158691406
2020-11-27,39418.8723207479,335.4166259765625
2020-11-30,38962.43405275109,333.9316101074219
2020-12-01,39311.61289478688,337.5840148925781
2020-12-02,39683.05417962839,338.2942199707031
2020-12-03,39787.775358122766,338.2019348144531
2020-12-04,40368.999346769815,341.116455078125
2020-12-07,40123.491715165605,340.41546630859375
2020-12-08,40327.890925962114,341.4115905761719
2020-12-09,40432.87974511919,338.3495178222656
2020-12-10,40442.6934318648,338.2388000488281
2020-12-11,40206.46886458258,337.8422546386719
2020-12-14,39784.81037881299,336.3296813964844
2020-12-15,40338.2309269489,340.87664794921875
2020-12-16,40283.03315944422,341.4115905761719
2020-12-17,40368.51952902595,343.32080078125
2020-12-18,40130.69506439693,341.9499816894531
2020-12-21,40052.61087745703,340.727294921875
2020-12-22,39707.11294537115,340.1529235839844
2020-12-23,40032.252804844764,340.4586486816406
2020-12-24,40024.40956180741,341.7831726074219
2020-12-28,40150.87797688186,344.71942138671875
2020-12-29,40066.745557062444,344.0617980957031
2020-12-30,40173.52604934095,344.5525817871094
2020-12-31,40465.03489021931,346.3033447265625
2021-01-04,40004.54060064834,341.5887145996094
2021-01-05,40403.75860217036,343.9413146972656
2021-01-06,41090.578281039154,345.9977111816406
2021-01-07,41436.14425281607,351.13824462890625
2021-01-08,41471.50621697814,353.13897705078125
2021-01-11,41670.80621945055,350.75848388671875
2021-01-12,41915.100894080104,350.83258056640625
2021-01-13,41947.87627504231,351.7773742675781
2021-01-14,42156.85574244235,350.54541015625
2021-01-15,41587.80340416088,347.989013671875
2021-01-19,41842.474446335844,350.721435546875
2021-01-20,41944.42312360646,355.574951171875
2021-01-21,41746.12920972574,355.89910888671875
2021-01-22,41464.593613541954,354.63946533203125
2021-01-25,41496.172243913,356.0380859375
2021-01-26,41425.93057677858,355.4822998046875
2021-01-27,40519.63567527847,346.7941589355469
2021-01-28,40925.28052183998,349.7767028808594
2021-01-29,40187.11766596802,342.7742614746094
2021-02-01,40417.602147192854,348.47991943359375
2021-02-02,40913.19340604797,353.4075622558594
2021-02-03,41109.08359503047,353.6854553222656
2021-02-04,41540.49049066703,357.705322265625
2021-02-05,41677.51381236516,359.1131896972656
2021-02-08,42154.695857355066,361.7066650390625
2021-02-09,42097.49336345942,361.4659118652344
2021-02-10,42102.33951235454,361.308349609375
2021-02-11,41997.76199211814,361.891845703125
2021-02-12,42272.6377381161,363.6795959472656
2021-02-16,42458.77489268907,363.3645935058594
2021-02-17,42658.54714056958,363.44805908203125
2021-02-18,42350.027870962855,361.9010925292969
2021-02-19,42503.98311855432,361.2620849609375
2021-02-22,42665.64232690511,358.4832763671875
2021-02-23,42704.38206990332,358.918701171875
2021-02-24,43383.00287011744,362.8736877441406
2021-02-25,42668.78185559723,354.1299743652344
2021-02-26,42079.76565766116,352.30523681640625
2021-03-01,42949.38835300228,360.84527587890625
2021-03-02,42734.51126736229,358.02947998046875
2021-03-03,42739.0610083146,353.287109375
2021-03-04,42422.11233672299,348.9153137207031
2021-03-05,43326.98855673146,355.3341064453125
2021-03-08,43600.22642944489,353.5649719238281
2021-03-09,43658.929059734946,358.613037109375
2021-03-10,44200.9509940348,360.84527587890625
2021-03-11,44108.256418853,364.50390625
2021-03-12,44447.07508414427,364.99481201171875
2021-03-15,44505.85020558688,367.17144775390625
2021-03-16,44312.92494116412,366.7083435058594
2021-03-17,44535.988190891396,367.9587707519531
2021-03-18,44208.117878615514,362.6051330566406
2021-03-19,44100.3701164786,361.9341735839844
2021-03-22,44262.02382980379,364.8242492675781
2021-03-23,43816.86994350115,361.95281982421875
2021-03-24,43841.1918098689,360.1128234863281
2021-03-25,44305.98527662432,362.1385803222656
2021-03-26,45194.24293767568,367.97454833984375
2021-03-29,45135.04821133166,367.7886047363281
2021-03-30,45006.44660433991,366.8128967285156
2021-03-31,44903.344954516455,368.2997131347656
2021-04-01,45229.59703666059,372.2770080566406
2021-04-05,45629.12872905261,377.6203918457031
2021-04-06,45488.951095902434,377.39739990234375
2021-04-07,45551.06746698232,377.8340759277344
2021-04-08,45588.195292182856,379.6275939941406
2021-04-09,45886.300632131235,382.3875732421875
2021-04-12,45802.76366262142,382.5269470214844
2021-04-13,45678.827965611184,383.66064453125
2021-04-14,45867.35552133002,382.350341796875
2021-04-15,46128.852977098075,386.45782470703125
2021-04-16,46399.047616182324,387.74945068359375
2021-04-19,46270.132843168256,385.84442138671875
2021-04-20,45873.78638535151,383.0195007324219
2021-04-21,46275.905357542266,386.6435852050781
2021-04-22,45830.61977785537,383.1123352050781
2021-04-23,46104.21550054605,387.2662353515625
2021-04-26,46042.428515089196,388.0746765136719
2021-04-27,46165.025929266754,387.9910583496094
2021-04-28,46100.61558305011,387.8795166015625
2021-04-29,46494.35079161449,390.3514709472656
2021-04-30,46105.996815587496,387.7866516113281
2021-05-03,46630.32814344971,388.62298583984375
2021-05-04,46705.96349726988,386.2254638671875
2021-05-05,47088.71985774173,386.3462829589844
2021-05-06,47551.74488969768,389.4314270019531
2021-05-07,47879.63813170527,392.2657470703125
2021-05-10,47794.157867384005,388.3813781738281
2021-05-11,47161.05186524939,384.9151306152344
2021-05-12,46523.436912734986,376.737548828125
2021-05-13,47085.76121307921,381.2630920410156
2021-05-14,47615.67372699829,387.1175231933594
2021-05-17,47669.76097766913,386.1325378417969
2021-05-18,47180.321860307464,382.8056640625
2021-05-19,46914.90621275242,381.8020935058594
2021-05-20,47166.9733701004,385.90948486328125
2021-05-21,47301.79259544069,385.593505859375
2021-05-24,47520.560498578365,389.5243225097656
2021-05-25,47301.14027281785,388.66015625
2021-05-26,47351.06212207673,389.4314270019531
2021-05-27,47508.027699832885,389.6358947753906
2021-05-28,47489.81341842264,390.3329162597656
2021-06-01,47577.46788492874,389.989013671875
2021-06-02,47802.937496341336,390.6022644042969
2021-06-03,47868.319226543594,389.1526184082031
2021-06-04,48106.09189988036,392.71173095703125
2021-06-07,48069.71866438636,392.330810546875
2021-06-08,47994.45717282286,392.4144287109375
2021-06-09,47847.331293164716,391.82891845703125
2021-06-10,47913.17729920162,393.6503601074219
2021-06-11,47905.87769582238,394.3008117675781
2021-06-14,47740.48187109509,395.1837158203125
2021-06-15,47732.021832689556,394.4588623046875
2021-06-16,47341.18443872713,392.2563781738281
2021-06-17,46875.682868974465,392.1263732910156
2021-06-18,46088.41615694781,386.83642578125
2021-06-21,46974.59927537816,392.37432861328125
2021-06-22,47087.18529048014,394.4720764160156
2021-06-23,46940.87605345963,393.99658203125
2021-06-24,47430.35082687931,396.3273620605469
2021-06-25,47623.03183753763,397.73516845703125
2021-06-28,47451.86245811705,398.53692626953125
2021-06-29,47389.89708883302,398.7513732910156
2021-06-30,47681.81010137124,399.0869445800781
2021-07-01,47940.347652188786,401.2965393066406
2021-07-02,48117.00261500466,404.36395263671875
2021-07-06,47649.93621163416,403.6273193359375
2021-07-07,47780.35287589689,405.0538330078125
2021-07-08,47452.084237206545,401.7535095214844
2021-07-09,48096.8423387853,406.0421142578125
2021-07-12,48193.78872106938,407.4964599609375
2021-07-13,47966.84662631673,406.1073913574219
2021-07-14,47979.43580024023,406.7133483886719
2021-07-15,47937.0014336478,405.32427978515625
2021-07-16,47530.67289729299,402.1450500488281
2021-07-19,46739.656398821215,396.20611572265625
2021-07-20,47424.3243993917,401.88397216796875
2021-07-21,47955.57808471489,405.13775634765625
2021-07-22,47804.00559668144,405.9861145019531
2021-07-23,48011.82658480961,410.1629333496094
2021-07-26,48191.122318392125,411.1698303222656
2021-07-27,47999.412391613034,409.2958679199219
2021-07-28,47984.824038498904,409.1280212402344
2021-07-29,48291.04840920905,410.8247985839844
2021-07-30,48046.81485320942,408.8297119140625
2021-08-02,47962.77521894188,407.97198486328125
2021-08-03,48519.3885009303,411.291015625
2021-08-04,48050.491661625216,409.26788330078125
2021-08-05,48337.44613049363,411.8597412109375
2021-08-06,48563.54522188491,412.5404052734375
2021-08-09,48495.32509453026,412.2047424316406
2021-08-10,48871.68770317389,412.7174987792969
2021-08-11,49114.486265770865,413.74298095703125
2021-08-12,49170.74690608488,414.9829406738281
2021-08-13,49141.2819061327,415.73822021484375
2021-08-16,49252.81301522719,416.7171325683594
2021-08-17,48941.21964872271,413.9853820800781
2021-08-18,48397.713534259,409.4543762207031
2021-08-19,48301.862717113894,410.0882873535156
2021-08-20,48549.081444440446,413.35150146484375
2021-08-23,48860.196510650356,416.9874267578125
2021-08-24,48877.5386162747,417.6494140625
2021-08-25,48984.756396706594,418.5258483886719
2021-08-26,48689.6748158665,416.0551452636719
2021-08-27,49017.43263666581,419.7750549316406
2021-08-30,48950.62768282857,421.6210632324219
2021-08-31,48834.84735937879,420.99639892578125
2021-09-01,48627.616898860135,421.2201843261719
2021-09-02,49028.69029318914,422.51611328125
2021-09-03,48892.15285674212,422.4135437011719
2021-09-07,48495.91497217515,420.90325927734375
2021-09-08,48377.82324137791,420.3903503417969
2021-09-09,48105.95845994121,418.5910339355469
2021-09-10,47923.62128561852,415.2906494140625
2021-09-13,48319.731526007614,416.353515625
2021-09-14,47856.926022354615,414.10662841796875
2021-09-15,48304.78680225642,417.5655212402344
2021-09-16,48126.012532797096,416.90362548828125
2021-09-17,47826.479436524445,412.8424987792969
2021-09-20,47093.507827197434,405.958740234375
2021-09-21,47078.02291780285,405.5752868652344
2021-09-22,47531.76399261854,409.5315246582031
2021-09-23,48206.00743067097,414.5072937011719
2021-09-24,48353.868152923256,415.1901550292969
2021-09-27,48509.65633650228,414.0023193359375
2021-09-28,47962.43894149517,405.659423828125
2021-09-29,48162.90902161062,406.3421325683594
2021-09-30,47472.48647548131,401.3757019042969
2021-10-01,48061.82739591144,406.1457214355469
2021-10-04,47807.64664746342,400.9081115722656
2021-10-05,48179.25058062692,405.07952880859375
2021-10-06,48188.2265805666,406.7630310058594
2021-10-07,48571.590652025756,410.27978515625
2021-10-08,48651.763186219476,409.5315246582031
2021-10-11,48373.60849098522,406.566650390625
2021-10-12,48069.4420257638,405.56585693359375
2021-10-13,48069.8005631959,407.0248718261719
2021-10-14,48689.517839887405,413.871337890625
2021-10-15,49172.22887089424,417.0233154296875
2021-10-18,49142.94842228023,418.25787353515625
2021-10-19,49605.592058983464,421.48468017578125
2021-10-20,49961.59357727708,423.1401672363281
2021-10-21,49789.484206527384,424.2437744140625
2021-10-22,49866.058480939864,423.80426025390625
2021-10-25,49980.48653361241,426.07696533203125
2021-10-26,50163.336769983514,426.46051025390625
2021-10-27,49632.764324648444,424.57122802734375
2021-10-28,50113.8572472275,428.6677551269531
2021-10-29,50149.74932690268,429.5376892089844
2021-11-01,50259.831212041776,430.27655029296875
2021-11-02,50464.29578459919,432.0161437988281
2021-11-03,50668.61978112445,434.65380859375
2021-11-04,50726.51586960971,436.70208740234375
2021-11-05,50948.166384797485,438.2173156738281
2021-11-08,51076.889960075125,438.59136962890625
2021-11-09,51009.758064301204,437.14166259765625
2021-11-10,50808.784950108566,433.625
2021-11-11,50813.71892377048,433.7652893066406
2021-11-12,50936.665540707094,437.0386962890625
2021-11-15,50987.615593128525,437.18841552734375
2021-11-16,51072.22069548992,438.9187927246094
2021-11-17,50865.05998489067,437.8525085449219
2021-11-18,50775.22072259443,439.33966064453125
2021-11-19,50295.77987052949,438.5539855957031
2021-11-22,50571.46738581857,437.31939697265625
2021-11-23,50957.86805286802,437.8992919921875
2021-11-24,50938.88007810535,439.068359375
2021-11-26,49811.12974265986,429.2757568359375
2021-11-29,50037.79274164379,434.5415344238281
2021-11-30,49085.924577944934,426.08636474609375
2021-12-01,48806.01925410913,421.3537292480469
2021-12-02,49490.354816620864,427.8074035644531
2021-12-03,49437.85380582768,424.08489990234375
2021-12-06,50048.25840989778,429.107421875
2021-12-07,50699.809801654024,437.9834899902344
2021-12-08,50601.77624420385,439.1431884765625
2021-12-09,50543.614420919366,436.1783142089844
2021-12-10,51102.79278026438,440.28424072265625
2021-12-13,50758.39609667299,436.3840637207031
2021-12-14,50618.82861390742,433.3817138671875
2021-12-15,51324.232374975654,440.1533203125
2021-12-16,51531.89408974449,436.2718200683594
2021-12-17,50654.68270492012,431.6286315917969
2021-12-20,50210.92762631648,427.0389709472656
2021-12-21,50733.981486638826,434.622802734375
2021-12-22,51076.604687660656,438.9683532714844
2021-12-23,51318.81767596236,441.69970703125
2021-12-27,51866.823112278675,447.95074462890625
2021-12-28,51877.466067098445,447.58465576171875
2021-12-29,51906.06499122664,448.1572265625
2021-12-30,51782.193120966695,446.918212890625
2021-12-31,51782.3288934211,445.79193115234375
2022-01-03,52239.735848177406,448.3730773925781
2022-01-04,52769.60982139977,448.222900390625
2022-01-05,52502.674606240405,439.6160888671875
2022-01-06,52649.03801551561,439.2030334472656
2022-01-07,52920.076567564334,437.4666442871094
2022-01-10,52890.52558226133,436.92230224609375
2022-01-11,53302.92675802051,440.9018859863281
2022-01-12,53287.09388529159,442.0938720703125
2022-01-13,53095.97360115821,436.0024719238281
2022-01-14,53060.84937348805,436.1808776855469
2022-01-18,52376.10453475276,428.4562072753906
2022-01-19,51814.7602395945,424.0073547363281
2022-01-20,51288.49677578789,419.31439208984375
2022-01-21,50721.56687187473,411.0829162597656
2022-01-24,50728.74412193702,412.82867431640625
2022-01-25,50898.68550963333,407.78851318359375
2022-01-26,50660.44965955343,406.7654113769531
2022-01-27,50502.286561512956,404.7568359375
2022-01-28,51197.991608316835,414.80914306640625
2022-01-31,51639.866900267385,422.28033447265625
2022-02-01,52274.69538677355,425.1335754394531
2022-02-02,52693.9186574189,429.263427734375
2022-02-03,52005.46457608055,419.1736145019531
2022-02-04,52002.44816597449,421.1446228027344
2022-02-07,52131.888184111354,419.7930603027344
2022-02-08,52348.17776228573,423.2470703125
2022-02-09,52759.62569906271,429.4417724609375
2022-02-10,51991.77430794989,421.72650146484375
2022-02-11,51512.218842573595,413.4106140136719
2022-02-14,51117.484465360314,412.0590515136719
2022-02-15,51688.32931739188,418.7042236328125
2022-02-16,51680.338884163604,419.1736145019531
2022-02-17,50965.007049025335,410.21942138671875
2022-02-18,50612.69819208751,407.5632629394531
2022-02-22,50156.37359654799,403.1894226074219
2022-02-23,49628.186069137526,396.037353515625
2022-02-24,49453.42407613232,401.99737548828125
2022-02-25,50785.04992018705,410.8670654296875
2022-02-28,50558.20717057232,409.81585693359375
2022-03-01,49755.91999780018,403.5742492675781
2022-03-02,50751.49807554867,410.99853515625
2022-03-03,50674.312854285854,408.9523620605469
2022-03-04,50493.87113787029,405.6297302246094
2022-03-07,49695.637224025035,393.672119140625
2022-03-08,49596.73564606301,390.6874084472656
2022-03-09,50159.75261481651,401.1620178222656
2022-03-10,50121.27499310409,399.35052490234375
2022-03-11,49844.789052323424,394.2728576660156
2022-03-14,49808.74254968508,391.3913879394531
2022-03-15,50290.41081514767,399.998291015625
2022-03-16,50848.47009669431,408.8678894042969
2022-03-17,51526.95951108162,413.983154296875
2022-03-18,51721.77553344838,418.5174255371094
2022-03-21,51727.275734224444,418.3950500488281
2022-03-22,52020.132856035045,423.2908935546875
2022-03-23,51527.06506585004,417.839599609375
2022-03-24,51994.55457341801,424.1382141113281
2022-03-25,52393.876327634796,426.2095642089844
2022-03-28,52287.67309870129,429.24114990234375
2022-03-29,52627.770688903795,434.5512390136719
2022-03-30,52468.22739436989,431.8679504394531
2022-03-31,51653.16079587469,425.220947265625
2022-04-01,51752.450432468206,426.4261779785156
2022-04-04,51911.575800173036,430.0791320800781
2022-04-05,51424.663660136524,424.6466064453125
2022-04-06,51437.48480233918,420.40045166015625
2022-04-07,51714.15099937075,422.518798828125
2022-04-08,51920.49021372215,421.3890380859375
2022-04-11,51380.72029546346,414.1866149902344
2022-04-12,51251.89327632504,412.65191650390625
2022-04-13,51634.73968232665,417.3782043457031
2022-04-14,51428.614902484245,412.18109130859375
2022-04-18,51429.844921329925,412.3506164550781
2022-04-19,52017.786329459246,419.0069274902344
2022-04-20,52409.480786763415,418.6962890625
2022-04-21,51946.18696335815,412.435302734375
2022-04-22,50648.26746880301,401.1184997558594
2022-04-25,50745.22391007254,403.4439697265625
2022-04-26,49742.36543900925,391.7599182128906
2022-04-27,49669.99773147857,392.8614501953125
2022-04-28,50619.845988341585,402.7849426269531
2022-04-29,49148.205156592594,387.8997497558594
2022-05-02,49327.49818309884,390.2346496582031
2022-05-03,49613.70515184599,392.0235595703125
2022-05-04,51084.41200264199,403.9619140625
2022-05-05,49844.1109440794,389.6037902832031
2022-05-06,49884.68480649207,387.2783508300781
2022-05-09,48779.463705256705,374.8787841796875
2022-05-10,48659.359482307096,375.74493408203125
2022-05-11,48225.822781954244,369.7757568359375
2022-05-12,48302.37873143014,369.3897705078125
2022-05-13,48931.093492192944,378.2210693359375
2022-05-16,49119.90472916746,376.6864318847656
2022-05-17,49882.809667535155,384.4350891113281
2022-05-18,48167.31799503839,368.93780517578125
2022-05-19,47762.22094772663,366.6782531738281
2022-05-20,47906.4523423748,366.8382873535156
2022-05-23,48921.55978436823,373.7017517089844
2022-05-24,49077.5728237276,370.84906005859375
2022-05-25,49414.80703830839,374.12554931640625
2022-05-26,50261.5736451019,381.6011047363281
2022-05-27,50978.94678357747,390.9690246582031
2022-05-31,50594.706673142085,388.77532958984375
2022-06-01,50234.26971885635,385.6307067871094
2022-06-02,50722.85456360898,392.9744567871094
2022-06-03,50367.39194845401,386.525146484375
2022-06-06,50385.011546725094,387.7020263671875
2022-06-07,50888.279798902244,391.42095947265625
2022-06-08,50375.06110903543,387.16534423828125
2022-06-09,49415.8556131944,377.9573974609375
2022-06-10,48205.55535006045,366.99835205078125
2022-06-13,46847.89641517673,353.06402587890625
2022-06-14,46640.09372049164,352.0001525878906
2022-06-15,46947.37062796365,357.0184020996094
2022-06-16,45852.65969233796,345.2025451660156
2022-06-17,45606.230957930835,345.9466857910156
2022-06-21,46727.93644989045,354.6553649902344
2022-06-22,46540.17829546196,354.0124206542969
2022-06-23,46591.76137053485,357.482666015625
2022-06-24,47741.43959259145,368.84844970703125
2022-06-27,47778.129162130084,367.4395446777344
2022-06-28,47279.76354777629,359.9316711425781
2022-06-29,47206.112484045494,359.63848876953125
2022-06-30,46957.15100089941,356.71673583984375
2022-07-01,47330.91141285232,360.48956298828125
2022-07-05,47030.73657786814,361.1703186035156
2022-07-06,47030.8140474843,362.39019775390625
2022-07-07,47648.70227656159,367.8177185058594
2022-07-08,47642.9466515977,367.51513671875
2022-07-11,47310.43907945313,363.3168029785156
2022-07-12,47089.80981272147,360.10186767578125
2022-07-13,46842.72987338978,358.2107238769531
2022-07-14,46734.473482327514,357.3407897949219
2022-07-15,47785.16008879722,364.1678161621094
2022-07-18,47498.52496860425,361.160888671875
2022-07-19,48595.769199089606,370.9192199707031
2022-07-20,48629.47345316023,373.2831115722656
2022-07-21,48801.091867015995,377.0843811035156
2022-07-22,48624.05953175189,373.5857238769531
2022-07-25,48848.97587947423,374.0395812988281
2022-07-26,48515.79116784715,369.6143493652344
2022-07-27,49204.18811680472,379.2119140625
2022-07-28,49516.66155447218,383.9681091308594
2022-07-29,49943.32899142877,389.56591796875
2022-08-01,49982.36008858829,388.4122619628906
2022-08-02,49364.042936383485,385.8498229980469
2022-08-03,49771.71316154672,391.8919982910156
2022-08-04,49468.25004113684,391.62725830078125
2022-08-05,49643.55165860777,390.9653625488281
2022-08-08,49616.237746770625,390.5114440917969
2022-08-09,49615.77659324911,388.960693359375
2022-08-10,50400.697918532496,397.1304931640625
2022-08-11,50617.57816676256,397.1304931640625
2022-08-12,51322.129682963205,403.85345458984375
2022-08-15,51378.074660380276,405.51763916015625
2022-08-16,51621.4294794678,406.31195068359375
2022-08-17,51406.242775629136,403.4279479980469
2022-08-18,51647.89735314781,404.6004638671875
2022-08-19,51224.44300550716,399.1634826660156
2022-08-22,50342.04664194529,390.8518981933594
2022-08-23,50307.378733282356,389.9063415527344
2022-08-24,50386.390282797,391.15447998046875
2022-08-25,50988.52336789891,396.6766357421875
2022-08-26,49495.95920853936,383.2494812011719
2022-08-29,49286.746332556315,380.7153625488281
2022-08-30,48784.33527604496,376.535888671875
2022-08-31,48377.31399291192,373.6708679199219
2022-09-01,48547.41141186588,374.84332275390625
2022-09-02,48136.55501326238,370.8908996582031
2022-09-06,47853.897503611566,369.491455078125
2022-09-07,48438.7390753925,376.1293029785156
2022-09-08,48878.611173842706,378.5877990722656
2022-09-09,49503.4770533204,384.4693298339844
2022-09-12,49894.33945572269,388.6013488769531
2022-09-13,47960.18392711419,371.7041015625
2022-09-14,48061.8679134012,373.1224670410156
2022-09-15,47718.70396709399,368.88623046875
2022-09-16,47450.29918687321,366.0720520019531
2022-09-19,47693.78298591946,368.9109802246094
2022-09-20,47184.71601068729,364.6763916015625
2022-09-21,46443.91055380692,358.3150634765625
2022-09-22,46271.81611530805,355.30523681640625
2022-09-23,45315.816087183186,349.35223388671875
2022-09-26,44836.382444812705,345.89617919921875
2022-09-27,44714.099421810126,345.01312255859375
2022-09-28,45560.214181610005,351.8017272949219
2022-09-29,44864.21443800734,344.4529724121094
2022-09-30,44209.971483131805,339.12652587890625
2022-10-03,45438.69621853395,348.079833984375
2022-10-04,46700.48803465132,358.8656921386719
2022-10-05,46703.266289116575,358.0301208496094
2022-10-06,46235.17825213825,354.3368225097656
2022-10-07,45317.471029417924,344.4529724121094
2022-10-10,45058.59829167873,341.822998046875
2022-10-11,44906.528098695926,339.658203125
2022-10-12,44922.444906769175,338.537841796875
2022-10-13,46309.8426045265,347.4721984863281
2022-10-14,45711.75588345247,339.5537414550781
2022-10-17,46556.55341101153,348.279296875
2022-10-18,47033.41647822022,352.3714904785156
2022-10-19,46742.93388109374,349.8743896484375
2022-10-20,46635.36167798334,346.9405212402344
2022-10-21,47878.597401647734,355.3717041015625
2022-10-24,48586.827487731134,359.7201843261719
2022-10-25,49033.72284792065,365.4644470214844
2022-10-26,49206.627043164575,362.7109680175781
2022-10-27,49292.337524995324,360.7741394042969
2022-10-28,50498.146440123455,369.3571472167969
2022-10-31,50231.64739904901,366.6892395019531
2022-11-01,50274.476918195374,365.0845642089844
2022-11-02,49578.42608961235,355.9223937988281
2022-11-03,49455.977934026676,352.2574157714844
2022-11-04,50225.9290937087,357.3275146484375
2022-11-07,50872.87009045408,360.74560546875
2022-11-08,51253.914918675044,362.69195556640625
2022-11-09,50422.97266156662,355.21978759765625
2022-11-10,52315.5760300912,374.74053955078125
2022-11-11,52539.72817110802,378.3675537109375
2022-11-14,52208.872785978274,375.14886474609375
2022-11-15,52429.89544044254,378.3485412597656
2022-11-16,52083.2673713349,375.462158203125
2022-11-17,52207.31418370463,374.31329345703125
2022-11-18,52484.28676209973,376.0128479003906
2022-11-21,52432.01455939569,374.6456604003906
2022-11-22,53119.56793419475,379.687255859375
2022-11-23,53086.506165521554,382.07989501953125
2022-11-25,53148.88135008399,381.9944152832031
2022-11-28,52375.164606468345,375.8988952636719
2022-11-29,52519.641210259615,375.2532958984375
2022-11-30,53502.72789384427,387.0740051269531
2022-12-01,53312.23932356774,386.7891845703125
2022-12-02,53275.9531311588,386.3429870605469
2022-12-05,52365.0298913845,379.3929443359375
2022-12-06,51742.96668471131,373.9239807128906
2022-12-07,51736.79607170192,373.2879638671875
2022-12-08,51971.27012391153,376.2122497558594
2022-12-09,51471.32721449901,373.40179443359375
2022-12-12,52253.96124482907,378.7852783203125
2022-12-13,52530.98930084622,381.6526184082031
2022-12-14,52293.32328304315,379.2124938964844
2022-12-15,51215.53030803088,369.9363708496094
2022-12-16,50756.94866500932,365.5688171386719
2022-12-19,50614.40376028135,362.4689025878906
2022-12-20,50752.57785522312,362.96490478515625
2022-12-21,51529.87841767843,368.3921203613281
2022-12-22,50929.62356267315,363.1365661621094
2022-12-23,51249.60932640893,365.2254333496094
2022-12-27,51344.76654013698,363.7851867675781
2022-12-28,50835.7164368113,359.2641296386719
2022-12-29,51376.897258923615,365.7309875488281
2022-12-30,51344.23503995944,364.7676086425781
2023-01-03,51335.05905299447,363.2319641113281
2023-01-04,51832.26588090812,366.03619384765625
2023-01-05,51560.02000048914,361.8585205078125
2023-01-06,52692.26944785507,370.1565856933594
2023-01-09,52432.230117340885,369.94683837890625
2023-01-10,52745.03034702672,372.5412292480469
2023-01-11,53155.01130319866,377.2530212402344
2023-01-12,53406.219925712205,378.6265563964844
2023-01-13,53690.880375551016,380.095458984375
2023-01-17,53265.28521920451,379.39910888671875
2023-01-18,52333.00260023038,373.4091796875
2023-01-19,51872.60444553985,370.69085693359375
2023-01-20,52464.54163296208,377.596435546875
2023-01-23,52932.92383835439,382.1270446777344
2023-01-24,52932.21037082543,381.7170104980469
2023-01-25,53118.70255139933,381.8599853515625
2023-01-26,53357.906488119836,386.0567932128906
2023-01-27,53319.063662996276,386.9438171386719
2023-01-30,52900.2515415493,382.0889587402344
2023-01-31,53504.36255511115,387.7068786621094
2023-02-01,53631.06674665253,391.8273620605469
2023-02-02,53656.18844592306,397.53118896484375
2023-02-03,53463.13315211783,393.30584716796875
2023-02-06,53244.66777297699,390.90216064453125
2023-02-07,53614.5705892434,396.0146179199219
2023-02-08,53167.22814971903,391.6842956542969
2023-02-09,52657.50515845137,388.2886657714844
2023-02-10,53084.745963793364,389.1948547363281
2023-02-13,53675.14155867167,393.76361083984375
2023-02-14,53528.89377616706,393.5823974609375
2023-02-15,53518.29374597638,394.8605041503906
2023-02-16,52977.42427367387,389.4237365722656
2023-02-17,52938.399783334666,388.45086669921875
2023-02-21,51964.16608333395,380.6582336425781
2023-02-22,51788.40395844848,380.1336364746094
2023-02-23,51984.41893862867,382.15570068359375
2023-02-24,51612.39208441874,378.0733947753906
2023-02-27,51648.287479983504,379.3609924316406
2023-02-28,51431.10032508357,377.9588928222656
2023-03-01,51400.57385200149,376.50909423828125
2023-03-02,51704.362489410385,379.4373779296875
2023-03-03,52254.682717291296,385.5225830078125
2023-03-06,52306.92861366163,385.7897033691406
2023-03-07,51417.01293611687,379.8760070800781
2023-03-08,51383.25073752926,380.4960632324219
2023-03-09,50540.24878050648,373.47601318359375
2023-03-10,50106.821347394456,368.0868835449219
2023-03-13,49644.769972285736,367.562255859375
2023-03-14,50263.05835763904,373.6380920410156
2023-03-15,49698.04357944049,371.3013000488281
2023-03-16,50284.8670240446,377.8157653808594
2023-03-17,49630.03772925245,373.3981018066406
2023-03-20,50151.87978797408,376.9886474609375
2023-03-21,50699.794448430875,381.93865966796875
2023-03-22,49882.39364749821,375.4278869628906
2023-03-23,49938.86773004611,376.44287109375
2023-03-24,50116.2916964253,378.9130554199219
2023-03-27,50566.72318669073,379.62158203125
2023-03-28,50536.3674398449,378.7694396972656
2023-03-29,51187.851676025646,384.27484130859375
2023-03-30,51368.5697356302,386.5248718261719
2023-03-31,51982.03402162901,391.9727783203125
2023-04-03,52504.9595836449,393.4663391113281
2023-04-04,52112.1746421098,391.283447265625
2023-04-05,52284.18301092985,390.2589111328125
2023-04-06,52314.15760499156,391.7812194824219
2023-04-10,52407.58458278688,392.1833801269531
2023-04-11,52591.561092927004,392.2887268066406
2023-04-12,52439.68968900326,390.6897888183594
2023-04-13,52913.7804203127,395.879150390625
2023-04-14,52994.92313196313,394.9121398925781
2023-04-17,53176.099645637005,396.32916259765625
2023-04-18,53190.471898375756,396.58770751953125
2023-04-19,53179.425709528245,396.5206298828125
2023-04-20,52787.10255496057,394.3567810058594
2023-04-21,52770.655770191996,394.6632385253906
2023-04-24,52772.489778010364,395.074951171875
2023-04-25,52075.17082080347,388.8035888671875
2023-04-26,51451.44772765504,387.15673828125
2023-04-27,52168.61120445669,394.8642883300781
2023-04-28,52656.24816997615,398.2344970703125
2023-05-01,52598.471113731175,397.83233642578125
2023-05-02,51857.71243442181,393.361083984375
2023-05-03,51549.68674362528,390.66107177734375
2023-05-04,51054.1424480087,387.89398193359375
2023-05-05,51846.99987739162,395.074951171875
2023-05-08,51784.72107740348,395.18023681640625
2023-05-09,51645.71963753119,393.4472351074219
2023-05-10,51540.811646050184,395.28558349609375
2023-05-11,51297.31108072033,394.59619140625
2023-05-12,51258.58074591326,394.07916259765625
2023-05-15,51454.34206139204,395.43878173828125
2023-05-16,50884.64157788751,392.79620361328125
2023-05-17,51610.774909914035,397.5643310546875
2023-05-18,51809.19315304312,401.3941650390625
2023-05-19,51789.58178392525,400.81005859375
2023-05-22,51754.21683142289,400.9728698730469
2023-05-23,51499.03738891384,396.4728088378906
2023-05-24,51035.95730214728,393.6004333496094
2023-05-25,50880.696054801716,397.009033203125
2023-05-26,51384.982056350564,402.1505432128906
2023-05-30,51367.10328916692,402.3036804199219
2023-05-31,51122.64601985531,400.0728454589844
2023-06-01,51561.75667322236,403.8739318847656
2023-06-02,52465.13084570017,409.71441650390625
2023-06-05,52143.22325745056,408.9292907714844
2023-06-06,52330.64088461881,409.8197021484375
2023-06-07,52658.676878727965,408.40264892578125
2023-06-08,52890.863813361146,410.87298583984375
2023-06-09,52892.56708322619,411.61016845703125
2023-06-12,53209.71730983625,415.3442687988281
2023-06-13,53590.285163646426,418.0825500488281
2023-06-14,53505.07389660344,418.5804748535156
2023-06-15,54205.6897469494,423.76983642578125
2023-06-16,54102.02797808846,422.326416015625
2023-06-20,53531.40504219281,420.1353454589844
2023-06-21,53304.84223079914,417.982666015625
2023-06-22,53143.863959619455,419.491455078125
2023-06-23,52780.88759479136,416.3200988769531
2023-06-26,52891.39403525131,414.6191101074219
2023-06-27,53304.485000284934,419.16473388671875
2023-06-28,53202.10393772398,419.3761291503906
2023-06-29,53583.635007256955,421.0290832519531
2023-06-30,54064.13629039132,425.9974365234375
2023-07-03,54155.014325255426,426.4875793457031
2023-07-05,53959.878094465384,425.8533935546875
2023-07-06,53285.12554421266,422.51861572265625
2023-07-07,53200.307806378485,421.451904296875
2023-07-10,53537.2526993945,422.51861572265625
2023-07-11,54003.061793703506,425.2094421386719
2023-07-12,54218.88396651165,428.63067626953125
2023-07-13,54435.295134737484,432.03265380859375
2023-07-14,54214.711830841334,431.7635498046875
2023-07-17,54181.53187256451,433.2627868652344
2023-07-18,54673.96085190009,436.48211669921875
2023-07-19,55102.63302710973,437.4527893066406
2023-07-20,55476.44612765597,434.55047607421875
2023-07-21,55618.970400763086,434.55047607421875
2023-07-24,55947.71239891187,436.4917297363281
2023-07-25,55976.93714622556,437.6833801269531
2023-07-26,56058.0527551105,437.75067138671875
2023-07-27,55686.955454593546,434.8483581542969
2023-07-28,56013.62212270021,439.1057434082031
2023-07-31,56122.27863698246,439.9418029785156
2023-08-01,55924.73723628097,438.6828308105469
2023-08-02,55396.70661339956,432.5804138183594
2023-08-03,55234.181607282386,431.34075927734375
2023-08-04,55003.690491858295,429.389892578125
2023-08-07,55448.32980674085,433.13775634765625
2023-08-08,55389.08051860508,431.25421142578125
2023-08-09,55211.30405269957,428.3712158203125
2023-08-10,55241.60886359667,428.52496337890625
2023-08-11,55520.37079372222,428.27508544921875
2023-08-14,55562.50255717605,430.6391906738281
2023-08-15,54916.549292895026,425.62274169921875
2023-08-16,54518.11144251945,422.49945068359375
2023-08-17,54376.6470316222,419.280029296875
2023-08-18,54486.50575614617,419.4818115234375
2023-08-21,54414.28141015193,422.2110900878906
2023-08-22,54124.13518473961,421.0674743652344
2023-08-23,54495.02089070283,425.7572326660156
2023-08-24,53889.70735534771,419.8565979003906
2023-08-25,54251.10786197338,422.8165283203125
2023-08-28,54586.707099369276,425.4977722167969
2023-08-29,55155.208708275124,431.64825439453125
2023-08-30,55197.737365186644,433.4261169433594
2023-08-31,55088.03896279876,432.7918395996094
2023-09-01,55394.28022441061,433.5990905761719
2023-09-05,55114.3896814608,431.72515869140625
2023-09-06,54858.60578451961,428.8228759765625
2023-09-07,54780.86980995484,427.5063171386719
2023-09-08,54905.25977464051,428.1501770019531
2023-09-11,55185.3520995056,430.9659423828125
2023-09-12,55169.32579313031,428.601806640625
2023-09-13,54985.19097577017,429.10150146484375
2023-09-14,55561.64471551669,432.8014221191406
2023-09-15,55029.461471063056,427.5869445800781
2023-09-18,54972.09121147756,427.8377380371094
2023-09-19,54809.56102630515,426.950439453125
2023-09-20,54567.544446381704,423.02532958984375
2023-09-21,53803.10745014672,416.03338623046875
2023-09-22,53590.19801885398,415.097900390625
2023-09-25,53712.4529375486,416.843505859375
2023-09-26,53084.64520371244,410.71954345703125
2023-09-27,53114.08858702445,410.8834228515625
2023-09-28,53355.511611854214,413.265625
2023-09-29,53077.127380092,412.26263427734375
2023-10-02,52737.67669941309,412.09869384765625
2023-10-03,52197.73987052301,406.58221435546875
2023-10-04,52158.294355261554,409.5429992675781
2023-10-05,52084.66428956665,409.388671875
2023-10-06,52411.17337117432,414.249267578125
2023-10-09,52791.11687648345,416.9013671875
2023-10-10,53111.58320468615,419.0712585449219
2023-10-11,53082.75062877541,420.7878723144531
2023-10-12,52727.25697118681,418.22259521484375
2023-10-13,52682.101683901805,416.13946533203125
2023-10-16,53145.87711617134,420.51788330078125
2023-10-17,53324.70341427835,420.4985656738281
2023-10-18,52844.15812651868,414.8954162597656
2023-10-19,52582.80852309962,411.24993896484375
2023-10-20,51981.14994114474,406.19647216796875
2023-10-23,51625.13029321797,405.492431640625
2023-10-24,52017.261531383054,408.5497131347656
2023-10-25,51630.037249970504,402.6860656738281
2023-10-26,51359.61790515409,397.8640441894531
2023-10-27,50725.11057057823,396.0606384277344
2023-10-30,51423.85434195854,400.79583740234375
2023-10-31,51726.541104452765,403.3129577636719
2023-11-01,51949.376623114666,407.61419677734375
2023-11-02,53008.62989667538,415.4258117675781
2023-11-03,53446.7102740112,419.2159423828125
2023-11-06,53473.36041167558,420.1803283691406
2023-11-07,53342.49647936449,421.3761901855469
2023-11-08,53282.4836962372,421.684814453125
2023-11-09,52794.50132021394,418.3962097167969
2023-11-10,53395.930362446765,424.9252014160156
2023-11-13,53493.977112187575,424.5201416015625
2023-11-14,54437.613842800376,432.75616455078125
2023-11-15,54774.656448710826,433.6723327636719
2023-11-16,54631.16985835683,434.2027282714844
2023-11-17,54859.1741574074,434.7427673339844
2023-11-20,55125.93111357197,438.0892639160156
2023-11-21,54924.96437595626,437.134521484375
2023-11-22,55117.73883155121,438.8221435546875
2023-11-24,55311.34682451161,439.09222412109375
2023-11-27,55173.65867896289,438.3014831542969
2023-11-28,55267.086213603034,438.7354431152344
2023-11-29,55436.485509406346,438.42681884765625
2023-11-30,55938.74853585164,440.1531066894531
2023-12-01,56327.747595773806,442.7569885253906
2023-12-04,56345.27583225457,440.4327392578125
2023-12-05,56151.299588945505,440.3459777832031
2023-12-06,55951.11525396919,438.5714416503906
2023-12-07,56149.57782522699,441.9179382324219
2023-12-08,56350.365213285906,443.8178405761719
2023-12-11,56600.96417095045,445.5440673828125
2023-12-12,56514.17422298158,447.57904052734375
2023-12-13,57303.17259670799,453.7511291503906
2023-12-14,58053.2762443745,455.2073974609375
2023-12-15,58155.69500146879,454.4579162597656
2023-12-18,58180.01622101299,457.0142822265625
2023-12-19,58602.568969132386,459.79327392578125
2023-12-20,57727.33902358349,453.421875
2023-12-21,58232.04343572974,457.7211608886719
2023-12-22,58485.340530609974,458.6410217285156
2023-12-26,58846.04705091245,460.5776062011719
2023-12-27,58972.585291242925,461.410400390625
2023-12-28,58998.20144574087,461.58465576171875
2023-12-29,58910.20301093207,460.2484436035156
2024-01-02,59064.88208772165,457.6727294921875
2024-01-03,58774.08145493153,453.93505859375
2024-01-04,58714.59810837828,452.4729309082031
2024-01-05,58927.91585146908,453.0926208496094
2024-01-08,59146.006252896485,459.5609436035156
2024-01-09,58827.3339355818,458.8637390136719
2024-01-10,58896.531767623506,461.4588317871094
2024-01-11,58668.78389333451,461.2555236816406
2024-01-12,58743.35689836278,461.5749816894531
2024-01-16,58264.709693312565,459.8804626464844
2024-01-17,57973.14616859103,457.3241882324219
2024-01-18,58294.260381819964,461.3909606933594
2024-01-19,58966.59716719632,467.14276123046875
2024-01-22,59156.41796424573,468.13055419921875
2024-01-23,59255.34544254231,469.49578857421875
2024-01-24,59076.34637048777,470.009033203125
2024-01-25,59605.53521915575,472.5653381347656
2024-01-26,59565.78685065541,471.96502685546875
2024-01-29,59704.27620334877,475.70269775390625
2024-01-30,59775.01270867762,475.3346862792969
2024-01-31,59212.538027649985,467.57855224609375
2024-02-01,59665.45943058216,473.6983947753906
2024-02-02,59665.08197848482,478.6850891113281
2024-02-05,59381.50791039448,476.9421081542969
2024-02-06,59615.91365000888,478.3268127441406
2024-02-07,59772.28204272846,482.3162536621094
2024-02-08,59820.54091616645,482.529296875
2024-02-09,59721.314674119865,485.3180236816406
2024-02-12,60077.38673244052,485.10498046875
2024-02-13,59278.85257109923,478.42364501953125
2024-02-14,59607.90249968419,482.7713928222656
2024-02-15,60308.919177791504,486.1023864746094
2024-02-16,60230.97645918965,483.6816101074219
2024-02-20,60207.35073766532,481.0187072753906
2024-02-21,60391.53902209594,481.4544677734375
2024-02-22,60865.51385368622,491.41839599609375
2024-02-23,61000.66943995691,491.75738525390625
2024-02-26,60793.23738737577,489.95623779296875
2024-02-27,60820.89661606644,490.8664855957031
2024-02-28,60839.180629563176,490.2176513671875
2024-02-29,60943.65613869783,491.98004150390625
2024-03-01,61263.210993631976,496.59881591796875
2024-03-04,61456.74619613808,496.0662841796875
2024-03-05,61141.00575978383,491.1084899902344
2024-03-06,61596.69248258251,493.5970764160156
2024-03-07,61994.67058213597,498.4967346191406
2024-03-08,61729.33142649444,495.5046691894531
2024-03-11,61878.677397898544,495.07855224609375
2024-03-12,62393.098675997375,500.40435791015625
2024-03-13,62403.02125257634,499.6200256347656
2024-03-14,62081.39645539941,498.63238525390625
2024-03-15,61924.954599112476,495.2084045410156
2024-03-18,62096.490273478834,498.1515197753906
2024-03-19,62388.7668109064,500.91986083984375
2024-03-20,62911.597802015815,505.552978515625
2024-03-21,63345.73474114399,507.2236328125
2024-03-22,62970.60463259357,506.2621154785156
2024-03-25,62787.62406836536,504.8633728027344
2024-03-26,62661.78067584444,503.93084716796875
2024-03-27,63591.308044543446,508.16583251953125
2024-03-28,63732.940913670536,508.0687255859375
2024-04-01,63448.76641170217,507.1847229003906
2024-04-02,62982.122594351924,503.96002197265625
2024-04-03,62909.65473209303,504.513671875
2024-04-04,62267.30121033349,498.3554992675781
2024-04-05,62663.918118203386,503.5617980957031
2024-04-08,62607.95291786766,503.84344482421875
2024-04-09,62754.115603402024,504.42620849609375
2024-04-10,62042.846276471435,499.3753356933594
2024-04-11,62091.63489861492,503.14410400390625
2024-04-12,61183.15686627943,496.19921875
2024-04-15,60998.45031180855,489.98272705078125
2024-04-16,60739.876698452426,489.0890808105469
2024-04-17,60620.97894480704,486.194580078125
2024-04-18,60638.61800029715,485.194091796875
2024-04-19,60987.16279011679,480.9591369628906
2024-04-22,61404.840682748,485.3883361816406
2024-04-23,61891.33902819451,491.1482849121094
2024-04-24,61941.58127963606,490.9151916503906
2024-04-25,61492.88768206426,489.0502624511719
2024-04-26,61568.91240259036,493.6834411621094
2024-04-29,61831.95777070479,495.43182373046875
2024-04-30,61154.90598822566,487.58355712890625
2024-05-01,61216.91172606447,486.00030517578125
2024-05-02,61550.99959759471,490.5460510253906
2024-05-03,62003.276624966304,496.6265563964844
2024-05-06,62382.9242356106,501.7551574707031
2024-05-07,62509.23379413832,502.3088073730469
2024-05-08,62664.30551810825,502.3573303222656
2024-05-09,63127.471361756114,505.2519226074219
2024-05-10,63291.4667030014,505.9026794433594
2024-05-13,63263.79030045947,505.97064208984375
2024-05-14,63503.90684729887,508.2920837402344
2024-05-15,64070.65432708144,514.5863037109375
2024-05-16,64115.278990989864,513.5275268554688
2024-05-17,64218.65322415039,514.2658081054688
2024-05-20,63975.999018979695,514.8582153320312
2024-05-21,64097.65622915226,516.1209716796875
2024-05-22,63927.36937579054,514.6348876953125
2024-05-23,63058.206086726306,510.8758544921875
2024-05-24,63270.518705180715,514.2559814453125
2024-05-28,62950.90263494055,514.6153564453125
2024-05-29,62195.994763192786,511.0118103027344
2024-05-30,62357.177587254286,507.62188720703125
2024-05-31,63186.14227595167,512.245361328125
2024-06-03,63022.57628235537,512.6630249023438
2024-06-04,63124.158316246874,513.2361450195312
2024-06-05,63346.85497146935,519.3359375
2024-06-06,63276.101352160105,519.3263549804688
2024-06-07,63301.24779307313,518.6950073242188
2024-06-10,63341.17087244194,520.2976684570312
2024-06-11,63105.704284456275,521.5506591796875
2024-06-12,63307.65652213963,525.8341674804688
2024-06-13,63169.97640650812,526.8929443359375
2024-06-14,62980.79849836055,527.2135009765625
2024-06-17,63447.630059766045,531.409423828125
2024-06-18,63765.30593809304,532.7597045898438
2024-06-20,63929.307144321974,531.3123168945312
2024-06-21,63913.975444389864,530.60009765625
2024-06-24,64399.22672139181,528.875244140625
2024-06-25,63995.93387527602,530.9119873046875
2024-06-26,63840.821653561594,531.5746459960938
2024-06-27,63871.53477385695,532.41259765625
2024-06-28,64105.85299033919,530.3173828125
2024-07-01,64132.286017706356,531.4088745117188
2024-07-02,64324.38990418744,534.9851684570312
2024-07-03,64293.51947781339,537.3726196289062
2024-07-05,64410.693549984004,540.4712524414062
2024-07-08,64533.01449204873,541.0950927734375
2024-07-09,64554.17959038372,541.6212158203125
2024-07-10,65253.25507361888,546.980712890625
2024-07-11,65320.358630039926,542.2642822265625
2024-07-12,65537.84574712621,545.6846313476562
2024-07-15,65781.63026265356,547.1853637695312
2024-07-16,66797.17582296427,550.43017578125
2024-07-17,67138.46900024226,542.712646484375
2024-07-18,66393.77538493244,538.5418090820312
2024-07-19,66059.79702391796,534.9656982421875
2024-07-22,66128.25007880825,540.4811401367188
2024-07-23,65872.75127372939,539.6333618164062
2024-07-24,65453.18697939689,527.4038696289062
2024-07-25,65502.369926649626,524.6559448242188
2024-07-26,66597.10529409439,530.5319213867188
2024-07-29,66333.39197139753,530.8436889648438
2024-07-30,66335.29673307123,528.1541748046875
2024-07-31,66553.53283803942,536.7391967773438
2024-08-01,65804.19113211973,529.1384887695312
2024-08-02,64521.6094965521,519.2866821289062
2024-08-05,63005.09641542979,504.1631774902344
2024-08-06,63374.53824613928,508.8113098144531
2024-08-07,62958.26913484081,505.41046142578125
2024-08-08,64164.37761883658,517.09423828125
2024-08-09,64291.63057100268,519.3743896484375
2024-08-12,64026.04532504164,519.6472778320312
2024-08-13,64700.64239686253,528.1931762695312
2024-08-14,64977.7413563006,529.8594970703125
2024-08-15,65781.76174411709,538.94140625
2024-08-16,65986.30381258347,540.1497192382812
2024-08-19,66411.66449793443,545.3143920898438
2024-08-20,66237.62790233632,544.4276733398438
2024-08-21,66401.74586726517,546.2985229492188
2024-08-22,66156.17251545422,542.0109252929688
2024-08-23,66944.05776248628,547.7700805664062
2024-08-26,67115.65210478996,546.464111328125
2024-08-27,67107.4581812951,547.2145385742188
2024-08-28,66957.53058494348,544.0377807617188
2024-08-29,67285.41182879498,544.08642578125
2024-08-30,67894.04655342897,549.2803344726562
2024-09-03,66891.07129902698,537.9767456054688
2024-09-04,66813.99470822015,536.8755493164062
2024-09-05,66377.27485777909,535.56982421875
2024-09-06,65617.50948737943,526.55615234375
2024-09-09,66363.6630866191,532.4515380859375
2024-09-10,66426.8974568022,534.770751953125
2024-09-11,66489.5367482512,540.2568359375
2024-09-12,66682.65589474683,544.8076782226562
2024-09-13,67147.50998808772,547.6530151367188
2024-09-16,67812.13338522299,548.4617919921875
2024-09-17,67800.8767747843,548.6859741210938
2024-09-18,67704.57334321461,547.0587158203125
2024-09-19,68435.44247017372,556.3938598632812
2024-09-20,68385.46043861553,555.43212890625
2024-09-23,68544.3552253412,556.8200073242188
2024-09-24,68644.60793080082,558.4131469726562
2024-09-25,68224.25177421732,557.1817016601562
2024-09-26,68503.72944630122,559.3908081054688
2024-09-27,68686.00558785972,558.579345703125
2024-09-30,68962.49952893125,560.8178100585938
2024-10-01,68702.27726136145,555.7937622070312
2024-10-02,68775.93435837695,556.0283203125
2024-10-03,68501.41235707406,555.0118408203125
2024-10-04,69041.06437709449,560.0553588867188
2024-10-07,68772.3589078989,554.9922485351562
2024-10-08,68911.4087290837,560.2411499023438
2024-10-09,69631.62606698861,564.1216430664062
2024-10-10,69280.29141747513,563.13427734375
2024-10-11,70115.67743451441,566.5065307617188
2024-10-14,70452.4433436231,571.1395874023438
2024-10-15,70036.82562298604,566.7020263671875
2024-10-16,70497.75220883974,569.1651611328125
2024-10-17,70483.18726962377,569.214111328125
2024-10-18,70421.00529711005,571.4035034179688
2024-10-21,69882.97036933212,570.4652099609375
2024-10-22,69771.2118474867,570.1622314453125
2024-10-23,69576.98009944356,564.952392578125
2024-10-24,69381.83226389058,566.1742553710938
2024-10-25,68920.32542476642,565.9786376953125
2024-10-28,69206.47176049573,567.7283325195312
2024-10-29,68939.88933577732,568.647216796875
2024-10-30,68575.93208307355,566.9268798828125
2024-10-31,68258.23711964651,555.8133544921875
2024-11-01,68467.48838186052,558.1591796875
2024-11-04,68244.71685221503,556.956787109375
2024-11-05,68809.53865311913,563.6915283203125
2024-11-06,70742.21907444226,577.7080688476562
2024-11-07,70654.04019204999,582.1749877929688
2024-11-08,71084.94908847514,584.69677734375
2024-11-11,71330.60950538644,585.25390625
2024-11-12,70718.29769820855,583.4359741210938
2024-11-13,70824.41468846265,583.7193603515625
2024-11-14,70522.0451372311,579.9659423828125
2024-11-15,70021.43151301898,572.537353515625
2024-11-18,70407.83404536407,574.8832397460938
2024-11-19,70115.63217912616,576.9846801757812
2024-11-20,70230.93612139042,577.1802368164062
2024-11-21,70806.63882398428,580.2786865234375
2024-11-22,71511.12450732413,582.0772705078125
2024-11-25,71986.35046044255,584.0516357421875
2024-11-26,72077.75862061558,587.101318359375
2024-11-27,71932.30067716475,585.3223266601562
2024-11-29,72193.74265401471,588.95849609375
2024-12-02,71910.86084972348,590.0140380859375
2024-12-03,71690.36268341079,590.2876586914062
2024-12-04,71510.19679051444,593.953125
2024-12-05,71374.26358551151,592.9756469726562
2024-12-06,71306.43912091224,594.0997924804688
2024-12-09,71034.11760910702,591.0404052734375
2024-12-10,70781.84686628536,589.2027587890625
2024-12-11,70527.89692664643,593.757568359375
2024-12-12,70281.11663793719,590.6982421875
2024-12-13,70151.77594467581,590.5809936523438
2024-12-16,69906.54613453188,593.1027221679688
2024-12-17,69644.1515563568,590.6590576171875
2024-12-18,67978.06049217514,573.055419921875
2024-12-19,67902.94112320543,572.8792724609375
2024-12-20,68589.0625816129,579.76025390625
2024-12-23,68861.70787713013,583.2321166992188
2024-12-24,69484.6543541157,589.7147216796875
2024-12-26,69572.55811998325,589.7539672851562
2024-12-27,69158.84870226789,583.5458984375
2024-12-30,68414.38446506922,576.8866577148438
