date,nav,spy
2010-01-04,10000.0,84.36898040771484
2010-01-05,10012.554560892033,84.59231567382812
2010-01-06,10018.91772447695,84.65185546875
2010-01-07,10080.191715257319,85.00921630859375
2010-01-08,10097.29893907713,85.2920913696289
2010-01-11,10119.445967725815,85.41122436523438
2010-01-12,10021.717481353962,84.61465454101562
2010-01-13,10084.722667278395,85.32931518554688
2010-01-14,10111.094305732822,85.56006622314453
2010-01-15,10022.761305123126,84.5997543334961
2010-01-19,10149.248466891462,85.65687561035156
2010-01-20,10065.17339872813,84.78585052490234
2010-01-21,9844.985333983845,83.15550231933594
2010-01-22,9592.56066246551,81.30181884765625
2010-01-25,9607.277268778094,81.71870422363281
2010-01-26,9578.444288484863,81.37628936767578
2010-01-27,9657.06215439921,81.76338958740234
2010-01-28,9563.4949370406,80.82537841796875
2010-01-29,9485.110558837463,79.94690704345703
2010-02-01,9576.097492536772,81.19014739990234
2010-02-02,9693.641383694789,82.1728286743164
2010-02-03,9666.878386690218,81.76338958740234
2010-02-04,9376.625626563122,79.23966979980469
2010-02-05,9395.92222059432,79.4034423828125
2010-02-08,9320.15449790755,78.83023071289062
2010-02-09,9436.972412548694,79.82035827636719
2010-02-10,9430.450806295503,79.66401672363281
2010-02-11,9518.565591539693,80.4978256225586
2010-02-12,9487.826485749581,80.43079376220703
2010-02-16,9657.322949464362,81.6963882446289
2010-02-17,9708.064259890363,82.08349609375
2010-02-18,9770.446501442904,82.56739044189453
2010-02-19,9771.287011125765,82.73860931396484
2010-02-22,9778.053340428181,82.75348663330078
2010-02-23,9663.367974113688,81.74853515625
2010-02-24,9775.192957742798,82.50039672851562
2010-02-25,9732.379352648835,82.38872528076172
2010-02-26,9753.614984615495,82.4408187866211
2010-03-01,9834.055827067297,83.29695129394531
2010-03-02,9849.179839912698,83.52776336669922
2010-03-03,9837.992760828709,83.60218048095703
2010-03-04,9895.122383792443,83.85533142089844
2010-03-05,10051.648808775271,85.05388641357422
2010-03-08,10072.020279212034,85.06877899169922
2010-03-09,10113.49528428604,85.2102279663086
2010-03-10,10185.960963943107,85.58988952636719
2010-03-11,10246.773594084589,85.94721984863281
2010-03-12,10251.258058298095,85.95466613769531
2010-03-15,10238.202893705122,85.97700500488281
2010-03-16,10309.774655909803,86.66191101074219
2010-03-17,10357.804386915484,87.17554473876953
2010-03-18,10379.006355430394,87.13090515136719
2010-03-19,10325.06716431006,86.68987274169922
2010-03-22,10384.489072161248,87.15335083007812
2010-03-23,10458.914082597694,87.76629638671875
2010-03-24,10421.971446092122,87.34019470214844
2010-03-25,10447.427139855246,87.19817352294922
2010-03-26,10446.446365541404,87.1458511352539
2010-03-29,10476.896119586325,87.69902038574219
2010-03-30,10484.72104791881,87.75881958007812
2010-03-31,10454.886139744129,87.45982360839844
2010-04-01,10504.870487521726,88.05783081054688
2010-04-05,10567.073741920947,88.77544403076172
2010-04-06,10582.697671743565,88.9847640991211
2010-04-07,10566.624171993331,88.47642517089844
2010-04-08,10630.983293648082,88.7829360961914
2010-04-09,10700.260494865435,89.36598205566406
2010-04-12,10728.9800650225,89.50799560546875
2010-04-13,10761.069017455447,89.57528686523438
2010-04-14,10931.611444239788,90.5919189453125
2010-04-15,10949.521263314282,90.66667175292969
2010-04-16,10721.708811201848,89.22394561767578
2010-04-19,10800.849339385071,89.56034851074219
2010-04-20,10834.517232364318,90.36019134521484
2010-04-21,10821.694413334835,90.19573974609375
2010-04-22,10864.58397843057,90.4648208618164
2010-04-23,10926.819321923967,91.05538940429688
2010-04-26,10849.391883599614,90.7115249633789
2010-04-27,10603.68043070547,88.56614685058594
2010-04-28,10651.725090759584,89.2388916015625
2010-04-29,10832.420491578903,90.3452377319336
2010-04-30,10614.10412621389,88.81279754638672
2010-05-03,10757.38670028511,89.96400451660156
2010-05-04,10519.374881537453,87.8485336303711
2010-05-05,10429.177579210333,87.32525634765625
2010-05-06,10089.008231233905,84.42487335205078
2010-05-07,9957.956503664835,83.16901397705078
2010-05-10,10364.60203681747,86.83189392089844
2010-05-11,10331.417596298672,86.58521270751953
2010-05-12,10472.701020688633,87.79618835449219
2010-05-13,10321.093774705952,86.70481872558594
2010-05-14,10129.140390197848,85.13500213623047
2010-05-17,10115.447178368922,85.17984008789062
2010-05-18,9953.194087446574,84.02122497558594
2010-05-19,9927.217778233173,83.54281616210938
2010-05-20,9565.838029380357,80.3882827758789
2010-05-21,9712.204193750838,81.5618896484375
2010-05-24,9625.699209286784,80.51537322998047
2010-05-25,9633.956031661199,80.59756469726562
2010-05-26,9570.832661236742,80.11168670654297
2010-05-27,9876.743620703659,82.79527282714844
2010-05-28,9763.035618904025,81.75624084472656
2010-06-01,9636.034806982281,80.38079071044922
2010-06-02,9849.420118617469,82.47384643554688
2010-06-03,9855.409692383224,82.75789642333984
2010-06-04,9535.066440286359,79.85004425048828
2010-06-07,9424.683577564922,78.85584259033203
2010-06-08,9491.54645764695,79.7005615234375
2010-06-09,9444.698386836197,79.27445220947266
2010-06-10,9688.524190568463,81.5917739868164
2010-06-11,9712.069515770056,81.98798370361328
2010-06-14,9692.691732591336,81.86087799072266
2010-06-15,9915.461538523787,83.72224426269531
2010-06-16,9934.581795612172,83.69232940673828
2010-06-17,9939.607341437842,83.82684326171875
2010-06-18,9968.238189654818,83.917724609375
2010-06-21,9952.734002930934,83.67739868164062
2010-06-22,9825.92756519968,82.29540252685547
2010-06-23,9788.930819292056,82.04007720947266
2010-06-24,9641.963452991915,80.68061065673828
2010-06-25,9692.262154064463,81.01859283447266
2010-06-28,9656.406470259797,80.76321411132812
2010-06-29,9349.71687452767,78.26964569091797
2010-06-30,9262.489200150638,77.52610778808594
2010-07-01,9215.180695128172,77.18061065673828
2010-07-02,9178.876319722795,76.75996398925781
2010-07-06,9214.252440836884,77.2632064819336
2010-07-07,9491.102833785628,79.69669342041016
2010-07-08,9595.269207354533,80.48530578613281
2010-07-09,9686.066012256964,81.0861587524414
2010-07-12,9695.219271919083,81.1387710571289
2010-07-13,9859.484203133477,82.363037109375
2010-07-14,9836.870456951357,82.35552215576172
2010-07-15,9849.752563535925,82.37805938720703
2010-07-16,9536.98527841593,80.10979461669922
2010-07-19,9572.813125322158,80.58296966552734
2010-07-20,9689.113132683828,81.47677612304688
2010-07-21,9574.329693792459,80.4177017211914
2010-07-22,9794.283188536121,82.21281433105469
2010-07-23,9867.497312067984,82.92630767822266
2010-07-26,9979.706886134081,83.79005432128906
2010-07-27,9975.074075602828,83.78256225585938
2010-07-28,9903.120571314857,83.24179077148438
2010-07-29,9893.974675147581,82.8362045288086
2010-07-30,9915.021178786654,82.82119750976562
2010-08-02,10095.570761077797,84.69134521484375
2010-08-03,10061.203619021637,84.2857894897461
2010-08-04,10146.996386949966,84.84908294677734
2010-08-05,10125.149110983484,84.75895690917969
2010-08-06,10100.949864364109,84.4134750366211
2010-08-09,10162.601316108567,84.86409759521484
2010-08-10,10103.30791007597,84.40592193603516
2010-08-11,9837.628078683925,82.09265899658203
2010-08-12,9776.412814267944,81.58938598632812
2010-08-13,9738.2073209077,81.34907531738281
2010-08-16,9744.72019599233,81.3115005493164
2010-08-17,9840.314464425597,82.3104476928711
2010-08-18,9857.166067047221,82.46065521240234
2010-08-19,9689.26236267698,81.02609252929688
2010-08-20,9654.140402356577,80.76321411132812
2010-08-23,9590.407901080525,80.45529174804688
2010-08-24,9456.879832377053,79.26106262207031
2010-08-25,9506.91230127298,79.56900024414062
2010-08-26,9414.158261980901,79.03577423095703
2010-08-27,9553.026717207369,80.25999450683594
2010-08-30,9412.91096323197,79.09583282470703
2010-08-31,9403.30353750213,79.09583282470703
2010-09-01,9681.417112152967,81.46170806884766
2010-09-02,9772.294780393564,82.2203140258789
2010-09-03,9912.967119299718,83.28685760498047
2010-09-07,9793.281536878307,82.34797668457031
2010-09-08,9856.164372212279,82.92630767822266
2010-09-09,9897.460689116035,83.30937194824219
2010-09-10,9959.484325150705,83.72998046875
2010-09-13,10068.305738946716,84.66131591796875
2010-09-14,10067.775612410358,84.60873413085938
2010-09-15,10121.657501287045,84.93169403076172
2010-09-16,10139.127305286629,84.9091567993164
2010-09-17,10152.412882065666,84.94087219238281
2010-09-20,10329.234681953145,86.2396240234375
2010-09-21,10318.441794330683,86.06596374511719
2010-09-22,10296.380883492877,85.64311981201172
2010-09-23,10209.617967145055,84.94841766357422
2010-09-24,10429.047328619958,86.70024871826172
2010-09-27,10377.05345019968,86.28495025634766
2010-09-28,10425.067805751321,86.58699798583984
2010-09-29,10403.916597606545,86.43597412109375
2010-09-30,10366.596720891292,86.17922973632812
2010-10-01,10424.866030256037,86.54169464111328
2010-10-04,10328.540685363252,85.89229583740234
2010-10-05,10518.699643454747,87.62146759033203
2010-10-06,10536.451624255938,87.61393737792969
2010-10-07,10527.339053709718,87.50819396972656
2010-10-08,10567.401429981062,87.99905395507812
2010-10-11,10566.833174805006,88.08207702636719
2010-10-12,10607.86515089614,88.35392761230469
2010-10-13,10640.804276842537,89.04106140136719
2010-10-14,10590.1503844816,88.69371795654297
2010-10-15,10612.343982155217,88.87492370605469
2010-10-18,10697.379813898828,89.31288146972656
2010-10-19,10556.930362253952,88.14247131347656
2010-10-20,10633.624733188555,89.00328063964844
2010-10-21,10670.579466682726,89.19962310791016
2010-10-22,10672.829822218531,89.36573791503906
2010-10-25,10688.304709131879,89.63005828857422
2010-10-26,10684.022426457925,89.64513397216797
2010-10-27,10659.296658857173,89.38839721679688
2010-10-28,10641.999162382415,89.40350341796875
2010-10-29,10609.428985915003,89.471435546875
2010-11-01,10605.50940269135,89.50167083740234
2010-11-02,10674.227935232184,90.21147155761719
2010-11-03,10712.702267547851,90.57392883300781
2010-11-04,10925.875186770842,92.3182144165039
2010-11-05,10992.872260661445,92.6655502319336
2010-11-08,10952.144119629907,92.49185180664062
2010-11-09,10854.762240708033,91.82735443115234
2010-11-10,10910.930384734089,92.19737243652344
2010-11-11,10820.5809224468,91.85004425048828
2010-11-12,10687.640211320699,90.76270294189453
2010-11-15,10670.088251643121,90.63431549072266
2010-11-16,10528.107422885529,89.2222671508789
2010-11-17,10521.278079223164,89.26759338378906
2010-11-18,10678.05490591343,90.58145141601562
2010-11-19,10685.526824607829,90.83064270019531
2010-11-22,10654.967047473474,90.75515747070312
2010-11-23,10508.511167913137,89.44123077392578
2010-11-24,10670.273392057978,90.76270294189453
2010-11-26,10585.830843748836,89.70555114746094
2010-11-29,10587.943385209157,89.97737121582031
2010-11-30,10513.218203216478,89.471435546875
2010-12-01,10750.752082036644,91.3742904663086
2010-12-02,10905.938445802674,92.54473114013672
2010-12-03,10916.978440901275,92.79389190673828
2010-12-06,10923.542944200277,92.69570922851562
2010-12-07,10933.108507371191,92.74859619140625
2010-12-08,10995.469984720652,93.08837127685547
2010-12-09,11042.110292308536,93.4508285522461
2010-12-10,11113.883351629049,93.9945068359375
2010-12-13,11124.350620148618,94.05487060546875
2010-12-14,11136.83540322475,94.13795471191406
2010-12-15,11083.398339451851,93.70753479003906
2010-12-16,11106.760063341331,94.25122833251953
2010-12-17,11098.335298865502,94.35218048095703
2010-12-20,11126.993550591525,94.57994079589844
2010-12-21,11189.654579312575,95.17955780029297
2010-12-22,11214.675455333221,95.47560119628906
2010-12-23,11184.484611484233,95.33897399902344
2010-12-27,11214.838786791704,95.37691497802734
2010-12-28,11219.816943297712,95.51356506347656
2010-12-29,11226.317581549996,95.58189392089844
2010-12-30,11200.109507417428,95.4300765991211
2010-12-31,11203.264087850906,95.45282745361328
2011-01-03,11295.849177207152,96.43965911865234
2011-01-04,11298.645760480782,96.38651275634766
2011-01-05,11353.444546713086,96.88748168945312
2011-01-06,11318.902816905676,96.69770812988281
2011-01-07,11298.128924931532,96.5079574584961
2011-01-10,11278.988422436447,96.38651275634766
2011-01-11,11330.88301105724,96.72804260253906
2011-01-12,11418.23401960356,97.60099029541016
2011-01-13,11404.331111467254,97.44158172607422
2011-01-14,11505.058867435704,98.14750671386719
2011-01-18,11507.69570222767,98.31452941894531
2011-01-19,11394.376725491233,97.35047912597656
2011-01-20,11407.570306480162,97.22148132324219
2011-01-21,11419.955476314086,97.44158172607422
2011-01-24,11487.097185428398,97.99571228027344
2011-01-25,11489.905595709664,98.0488510131836
2011-01-26,11480.348476663785,98.42837524414062
2011-01-27,11545.77805550441,98.67131042480469
2011-01-28,11343.616189724704,96.94818115234375
2011-01-31,11385.332126671703,97.67691040039062
2011-02-01,11515.861200926087,99.24058532714844
2011-02-02,11502.600630309451,99.05082702636719
2011-02-03,11547.055359181273,99.27092742919922
2011-02-04,11556.822553000766,99.55180358886719
2011-02-07,11624.407387748035,100.17424774169922
2011-02-08,11699.606902534688,100.62967681884766
2011-02-09,11664.995309471387,100.4019546508789
2011-02-10,11618.797368335623,100.4399185180664
2011-02-11,11683.709340230815,101.03958892822266
2011-02-14,11723.210503764409,101.28246307373047
2011-02-15,11711.970988170875,100.96368408203125
2011-02-16,11749.180592344657,101.60130310058594
2011-02-17,11763.570384962855,101.90493774414062
2011-02-18,11799.490703675865,102.11748504638672
2011-02-22,11576.82000752815,100.06793975830078
2011-02-23,11493.642028051221,99.45314025878906
2011-02-24,11512.23664606024,99.38481903076172
2011-02-25,11606.963185442803,100.44751739501953
2011-02-28,11649.579501274358,101.06990051269531
2011-03-01,11499.521952139336,99.38481903076172
2011-03-02,11497.267495891305,99.59736633300781
2011-03-03,11711.01980437198,101.31282806396484
2011-03-04,11634.857818095426,100.55377960205078
2011-03-07,11545.179794665439,99.76431274414062
2011-03-08,11663.298792566251,100.63726806640625
2011-03-09,11661.939374783853,100.49308013916016
2011-03-10,11470.117576893854,98.63334655761719
2011-03-11,11539.778009944059,99.31647491455078
2011-03-14,11473.012617544946,98.71682739257812
2011-03-15,11329.944101025045,97.58583068847656
2011-03-16,11112.46331752251,95.77923583984375
2011-03-17,11241.215633167909,97.046875
2011-03-18,11303.200898234805,97.39984130859375
2011-03-21,11434.597618927372,98.90933227539062
2011-03-22,11426.28120052949,98.5662841796875
2011-03-23,11460.096543007474,98.84835052490234
2011-03-24,11554.88135553908,99.7936782836914
2011-03-25,11575.89477324531,100.09864044189453
2011-03-28,11544.003749742125,99.85467529296875
2011-03-29,11619.451664384434,100.52556610107422
2011-03-30,11710.579340316011,101.2193374633789
2011-03-31,11672.497779452508,101.08206939697266
2011-04-01,11711.197460472931,101.50897979736328
2011-04-04,11741.82487416323,101.59284973144531
2011-04-05,11746.234521074817,101.57762908935547
2011-04-06,11827.682515588926,101.8978271484375
2011-04-07,11827.776234579078,101.63862609863281
2011-04-08,11789.048071666768,101.28790283203125
2011-04-11,11784.453039570506,100.98297882080078
2011-04-12,11714.786758278831,100.2282485961914
2011-04-13,11713.742302071945,100.22062683105469
2011-04-14,11701.563897437652,100.29682922363281
2011-04-15,11692.85571522935,100.66279602050781
2011-04-18,11586.579679193916,99.53446960449219
2011-04-19,11643.641727213404,100.10626220703125
2011-04-20,11806.908101710256,101.47089385986328
2011-04-21,11846.094768307315,101.98929595947266
2011-04-25,11832.042516483772,101.88256072998047
2011-04-26,11924.9176244273,102.75924682617188
2011-04-27,12012.141060316546,103.4301528930664
2011-04-28,12026.19246654516,103.7656021118164
2011-04-29,12050.615037466623,104.00957489013672
2011-05-02,12061.656345274545,103.84942626953125
2011-05-03,12078.417920344986,103.47592163085938
2011-05-04,12029.4935522681,102.7898178100586
2011-05-05,11931.418340067006,101.85968017578125
2011-05-06,11977.547518618136,102.30947875976562
2011-05-09,12007.628796008714,102.70592498779297
2011-05-10,12089.90090817325,103.58264923095703
2011-05-11,12016.56913214466,102.49246215820312
2011-05-12,12033.614609920834,102.98039245605469
2011-05-13,11945.127727891359,102.1874771118164
2011-05-16,11863.802650973757,101.53950500488281
2011-05-17,11877.93587998937,101.5242691040039
2011-05-18,11949.50727049981,102.43144989013672
2011-05-19,11972.514008381944,102.67543029785156
2011-05-20,11867.15176065055,101.85968017578125
2011-05-23,11760.24864000195,100.67803955078125
2011-05-24,11720.285734850846,100.59416961669922
2011-05-25,11740.564154115558,100.92963409423828
2011-05-26,11753.193922516472,101.39466094970703
2011-05-27,11800.887254880223,101.78348541259766
2011-05-31,11928.343576722964,102.84314727783203
2011-06-01,11681.721619610342,100.53314208984375
2011-06-02,11657.37992756934,100.42646789550781
2011-06-03,11551.980240527077,99.42777252197266
2011-06-06,11441.602740355722,98.37566375732422
2011-06-07,11429.436160188485,98.31471252441406
2011-06-08,11389.454542269865,97.90299987792969
2011-06-09,11455.192710657266,98.65013885498047
2011-06-10,11315.609811468765,97.27786254882812
2011-06-13,11355.206076408514,97.35411834716797
2011-06-14,11475.98145294262,98.58916473388672
2011-06-15,11301.901408455798,96.83570098876953
2011-06-16,11351.335645986052,97.04917907714844
2011-06-17,11366.213062900102,97.33881378173828
2011-06-20,11421.22564475637,97.8367691040039
2011-06-21,11564.827038262676,99.177490234375
2011-06-22,11480.263635510446,98.5799560546875
2011-06-23,11480.154742800101,98.29644775390625
2011-06-24,11352.612760587153,97.15489959716797
2011-06-27,11451.048773251588,98.02064514160156
2011-06-28,11571.29511805443,99.30010986328125
2011-06-29,11694.099408113043,100.1505355834961
2011-06-30,11788.88441056648,101.10820007324219
2011-07-01,11966.060418620667,102.60218048095703
2011-07-05,11953.2171746938,102.51791381835938
2011-07-06,11972.064476657913,102.6405029296875
2011-07-07,12096.856247392485,103.7054214477539
2011-07-08,11991.499277868748,102.96994018554688
2011-07-11,11792.4409135733,101.10820007324219
2011-07-12,11717.832267401596,100.67150115966797
2011-07-13,11756.60541028035,101.00859069824219
2011-07-14,11717.711509360595,100.3114242553711
2011-07-15,11783.865733815135,100.8936767578125
2011-07-18,11697.040860687584,100.06625366210938
2011-07-19,11859.897196076257,101.69046783447266
2011-07-20,11888.70955346441,101.62920379638672
2011-07-21,12050.367649628288,103.03890228271484
2011-07-22,12035.349450103418,103.10786437988281
2011-07-25,11969.627060989116,102.53324890136719
2011-07-26,11930.02511629995,102.1501693725586
2011-07-27,11699.7384329817,100.05859375
2011-07-28,11701.471235850055,99.7674560546875
2011-07-29,11646.681967818393,99.0855941772461
2011-08-01,11617.192679587348,98.6641845703125
2011-08-02,11347.446294384396,96.14356994628906
2011-08-03,11448.025345511118,96.66456604003906
2011-08-04,10974.316792738273,92.13666534423828
2011-08-05,10963.217550501371,91.99874114990234
2011-08-08,10257.3767380439,86.00749206542969
2011-08-09,10737.54262312436,90.00676727294922
2011-08-10,10243.46564493378,86.03045654296875
2011-08-11,10722.366821387499,89.89185333251953
2011-08-12,10793.354741345212,90.4970932006836
2011-08-15,10987.085810583034,92.41244506835938
2011-08-16,10897.804539266877,91.62332916259766
2011-08-17,10908.636257248898,91.68460845947266
2011-08-18,10481.599452293734,87.7313232421875
2011-08-19,10371.874826776932,86.29862976074219
2011-08-22,10363.911456960923,86.36756896972656
2011-08-23,10701.838605974266,89.20996856689453
2011-08-24,10890.878965334528,90.46643829345703
2011-08-25,10772.92941152027,89.0874252319336
2011-08-26,10909.489240118317,90.38216400146484
2011-08-29,11169.997685346347,92.97937774658203
2011-08-30,11179.511763034006,93.2245864868164
2011-08-31,11233.049351482845,93.6382827758789
2011-09-01,11115.40456534789,92.6576156616211
2011-09-02,10848.747848571153,90.29022216796875
2011-09-06,10804.142477350624,89.63134002685547
2011-09-07,11098.321485178716,92.15962219238281
2011-09-08,10997.12358155904,91.20195007324219
2011-09-09,10708.771540784983,88.81157684326172
2011-09-12,10787.394914524639,89.38616180419922
2011-09-13,10881.022157464118,90.2059555053711
2011-09-14,11026.617875497219,91.45476531982422
2011-09-15,11230.153703069838,93.03303527832031
2011-09-16,11333.45008491086,93.5836410522461
2011-09-19,11272.208732398163,92.65184783935547
2011-09-20,11267.544673813189,92.54400634765625
2011-09-21,10975.3462253235,89.81781005859375
2011-09-22,10666.077930415644,86.91451263427734
2011-09-23,10765.897256664422,87.43817138671875
2011-09-26,10952.769117474434,89.51747131347656
2011-09-27,11031.669269935686,90.51861572265625
2011-09-28,10866.4458384453,88.67036437988281
2011-09-29,10942.766829683738,89.37117767333984
2011-09-30,10701.150554864325,87.13784790039062
2011-10-03,10406.480446625235,84.6580810546875
2011-10-04,10588.869037310551,86.51405334472656
2011-10-05,10734.20643293995,88.11587524414062
2011-10-06,10922.052511212447,89.70999908447266
2011-10-07,10837.083263820092,89.10929870605469
2011-10-10,11192.601906551572,92.08965301513672
2011-10-11,11226.277289123887,92.18205261230469
2011-10-12,11337.71827577109,92.99069213867188
2011-10-13,11276.892189224536,92.80586242675781
2011-10-14,11463.236396619059,94.39225769042969
2011-10-17,11286.617225713104,92.5901870727539
2011-10-18,11549.322907375396,94.39997100830078
2011-10-19,11386.836544972155,93.28330993652344
2011-10-20,11431.203524253879,93.69149017333984
2011-10-21,11601.57029665368,95.47045135498047
2011-10-24,11751.295473642413,96.6409912109375
2011-10-25,11525.45556148284,94.76193237304688
2011-10-26,11609.473309540192,95.72456359863281
2011-10-27,12011.918741969674,99.05914306640625
2011-10-28,12008.99754689138,99.03602600097656
2011-10-31,11709.609390989093,96.64869689941406
2011-11-01,11380.361668266467,93.95330810546875
2011-11-02,11564.783341632037,95.48582458496094
2011-11-03,11789.02836498591,97.22628784179688
2011-11-04,11683.810691209015,96.63330078125
2011-11-07,11789.875354511509,97.23394775390625
2011-11-08,11924.822838504371,98.48155212402344
2011-11-09,11510.66338974907,94.84664154052734
2011-11-10,11579.359723513273,95.73997497558594
2011-11-11,11808.130251564622,97.5420150756836
2011-11-14,11729.717612203656,96.6178970336914
2011-11-15,11765.284240086403,97.09536743164062
2011-11-16,11545.938744097752,95.55514526367188
2011-11-17,11389.328459522789,94.03800201416016
2011-11-18,11365.468450865155,93.93787384033203
2011-11-21,11137.78847534461,92.15128326416016
2011-11-22,11097.08598813816,91.78931427001953
2011-11-23,10874.920197855097,89.76392364501953
2011-11-25,10842.08614942084,89.59452056884766
2011-11-28,11149.352296148681,92.18977355957031
2011-11-29,11176.96723965806,92.45161437988281
2011-11-30,11642.937944795898,96.25593566894531
2011-12-01,11664.591622806434,96.24053955078125
2011-12-02,11742.76570353615,96.15584564208984
2011-12-05,11849.736776118569,97.20318603515625
2011-12-06,11879.99625734648,97.23394775390625
2011-12-07,11959.372805368554,97.59593200683594
2011-12-08,11719.188745432768,95.45500946044922
2011-12-09,11894.199720116896,97.07223510742188
2011-12-12,11683.343924719817,95.65523529052734
2011-12-13,11589.792173721797,94.76193237304688
2011-12-14,11478.65140506002,93.7530746459961
2011-12-15,11529.107859639562,94.0919189453125
2011-12-16,11569.971503458151,94.23145294189453
2011-12-19,11433.248429224433,93.22391510009766
2011-12-20,11771.351269246137,96.04496002197266
2011-12-21,11792.970096431032,96.23091125488281
2011-12-22,11904.537971952981,97.08338165283203
2011-12-23,11991.733094990068,97.95142364501953
2011-12-27,11983.248921009012,98.02889251708984
2011-12-28,11834.190617764105,96.7424087524414
2011-12-29,11973.210000152085,97.74215698242188
2011-12-30,11909.954943447143,97.26165008544922
2012-01-03,12117.708171270862,98.8116226196289
2012-01-04,12114.960717542846,98.96662902832031
2012-01-05,12148.160890187246,99.2301254272461
2012-01-06,12097.873839598482,98.9743881225586
2012-01-09,12114.46147289345,99.21463012695312
2012-01-10,12244.8025825451,100.07489013671875
2012-01-11,12282.292597577674,100.1291275024414
2012-01-12,12306.619275439933,100.36934661865234
2012-01-13,12236.23119444402,99.85014343261719
2012-01-17,12244.21634847666,100.23760986328125
2012-01-18,12440.921056910433,101.34586334228516
2012-01-19,12489.313685827421,101.88062286376953
2012-01-20,12442.558529791097,102.26036834716797
2012-01-23,12441.252276023697,101.99684143066406
2012-01-24,12455.048230954973,101.88062286376953
2012-01-25,12538.266888041751,102.73311614990234
2012-01-26,12519.29681720493,102.20613861083984
2012-01-27,12511.812465784778,102.15959167480469
2012-01-30,12446.752695289733,101.81086730957031
2012-01-31,12472.920832449172,101.7721176147461
2012-02-01,12540.90875096628,102.66336822509766
2012-02-02,12602.603724670658,102.82610321044922
2012-02-03,12810.01761319734,104.26756286621094
2012-02-06,12800.627663366546,104.19784545898438
2012-02-07,12808.273957710157,104.46131896972656
2012-02-08,12863.724299910506,104.77134704589844
2012-02-09,12845.17514139368,104.903076171875
2012-02-10,12778.442260371885,104.1280746459961
2012-02-13,12885.845839852573,104.903076171875
2012-02-14,12846.166298881219,104.77134704589844
2012-02-15,12752.841165474098,104.28309631347656
2012-02-16,12876.373864891442,105.4378433227539
2012-02-17,12949.970647171103,105.7168197631836
2012-02-21,12979.371931091653,105.7633285522461
2012-02-22,12922.548663637663,105.42236328125
2012-02-23,12989.364417570987,105.8873519897461
2012-02-24,13000.87443835077,106.11981964111328
2012-02-27,13060.272412415967,106.298095703125
2012-02-28,13141.514691869386,106.60802459716797
2012-02-29,13098.849637463034,106.18958282470703
2012-03-01,13175.310905869712,106.73982238769531
2012-03-02,13135.981975390356,106.4143295288086
2012-03-05,13067.988493003764,105.98033142089844
2012-03-06,12868.666332744833,104.43033599853516
2012-03-07,13013.15180219064,105.15884399414062
2012-03-08,13139.081420469072,106.20507049560547
2012-03-09,13178.080747028438,106.61581420898438
2012-03-12,13181.104150182366,106.62358856201172
2012-03-13,13473.021006924131,108.5455551147461
2012-03-14,13503.64330515665,108.42931365966797
2012-03-15,13604.550657992544,109.05702209472656
2012-03-16,13637.973349852353,109.20807647705078
2012-03-19,13688.89515152284,109.6362075805664
2012-03-20,13709.648107143972,109.31704711914062
2012-03-21,13692.18838583849,109.13797760009766
2012-03-22,13600.680474579876,108.35182189941406
2012-03-23,13660.788035907734,108.70213317871094
2012-03-26,13864.259336483146,110.22772216796875
2012-03-27,13815.308660541144,109.88526153564453
2012-03-28,13790.337197570798,109.34037780761719
2012-03-29,13748.99608279074,109.15361785888672
2012-03-30,13790.157527749841,109.60502624511719
2012-04-02,13861.180949544803,110.40675354003906
2012-04-03,13808.75924330334,109.95527648925781
2012-04-04,13644.025229395871,108.86556243896484
2012-04-05,13651.980261881921,108.81106567382812
2012-04-09,13506.585020780834,107.58900451660156
2012-04-10,13250.86859636692,105.78314971923828
2012-04-11,13377.29974727967,106.63937377929688
2012-04-12,13564.174318465313,108.03270721435547
2012-04-13,13365.619866924071,106.74836730957031
2012-04-16,13388.40840663,106.67829895019531
2012-04-17,13571.551259333359,108.25841522216797
2012-04-18,13500.060766725646,107.89256286621094
2012-04-19,13376.244188811901,107.19982147216797
2012-04-20,13347.580549940385,107.37882995605469
2012-04-23,13237.91285917219,106.47590637207031
2012-04-24,13289.331102839,106.88066101074219
2012-04-25,13481.919358128464,108.34403228759766
2012-04-26,13567.680061637835,109.09906768798828
2012-04-27,13670.233708277616,109.27812957763672
2012-04-30,13616.33242449824,108.87334442138672
2012-05-01,13681.092696693553,109.55052185058594
2012-05-02,13654.083921576916,109.22366333007812
2012-05-03,13536.589853084586,108.39073944091797
2012-05-04,13309.432770774929,106.63937377929688
2012-05-07,13316.404936672434,106.71723175048828
2012-05-08,13254.745665975404,106.28909301757812
2012-05-09,13114.420649819356,105.65861511230469
2012-05-10,13127.683060846286,105.87654113769531
2012-05-11,13031.518672421093,105.55741882324219
2012-05-14,12878.73168154415,104.38987731933594
2012-05-15,12828.130881383966,103.79044342041016
2012-05-16,12808.048087765,103.39349365234375
2012-05-17,12583.71913653889,101.86006164550781
2012-05-18,12492.232838919152,100.9882583618164
2012-05-21,12599.247020229494,102.72406768798828
2012-05-22,12611.926854704598,102.90310668945312
2012-05-23,12682.70303244548,102.95757293701172
2012-05-24,12712.521590113396,103.15995788574219
2012-05-25,12650.784772337396,102.82527923583984
2012-05-29,12800.524685091383,104.07069396972656
2012-05-30,12627.492058566877,102.5606460571289
2012-05-31,12620.63688036308,102.33490753173828
2012-06-01,12299.726987948685,99.75841522216797
2012-06-04,12305.035749004495,99.71174621582031
2012-06-05,12382.315085511404,100.46676635742188
2012-06-06,12703.128932128144,102.72406768798828
2012-06-07,12707.659415875221,102.78638458251953
2012-06-08,12817.602046266215,103.60366821289062
2012-06-11,12640.041998705496,102.28817749023438
2012-06-12,12814.378319041009,103.46356201171875
2012-06-13,12735.290180112492,102.8019027709961
2012-06-14,12872.864281338228,103.89164733886719
2012-06-15,13027.931591488621,104.9542007446289
2012-06-18,13029.292642542285,105.15765380859375
2012-06-19,13157.897556676278,106.17475891113281
2012-06-20,13161.1081218826,106.00260925292969
2012-06-21,12889.52868549893,103.62409973144531
2012-06-22,12992.878802842173,104.42214965820312
2012-06-25,12785.89367735389,102.74777221679688
2012-06-26,12851.63576109017,103.2641372680664
2012-06-27,12952.491583306988,104.19524383544922
2012-06-28,12884.83913180407,103.89794921875
2012-06-29,13227.308487117962,106.48770141601562
2012-07-02,13245.447414421851,106.80855560302734
2012-07-03,13298.85892632698,107.51272583007812
2012-07-05,13216.914481104326,107.02760314941406
2012-07-06,13094.527657108101,106.01046752929688
2012-07-09,13061.364917762829,105.87748718261719
2012-07-10,12959.271355809537,104.9542007446289
2012-07-11,12942.390457593221,104.96981811523438
2012-07-12,12859.190395366264,104.46128845214844
2012-07-13,13089.849991987267,106.21389770507812
2012-07-16,13052.517942384075,105.96353912353516
2012-07-17,13123.520913418319,106.6911849975586
2012-07-18,13195.149659886152,107.48139190673828
2012-07-19,13230.328281115188,107.76307678222656
2012-07-20,13097.76992671097,106.77727508544922
2012-07-23,13000.225706625577,105.69747161865234
2012-07-24,12880.860237095492,104.78986358642578
2012-07-25,12917.047395072515,104.81338500976562
2012-07-26,13142.917396929593,106.54251861572266
2012-07-27,13435.79174480497,108.50639343261719
2012-07-30,13401.746990639807,108.50639343261719
2012-07-31,13342.609699583647,107.74744415283203
2012-08-01,13285.226476007363,107.65355682373047
2012-08-02,13146.424391591274,106.9103012084961
2012-08-03,13388.043065898337,109.03062438964844
2012-08-06,13421.446956927588,109.24188232421875
2012-08-07,13468.80818962445,109.78959655761719
2012-08-08,13479.659217999533,109.922607421875
2012-08-09,13498.577895314706,110.0164794921875
2012-08-10,13516.431097566503,110.1964111328125
2012-08-13,13495.525055650929,110.14167022705078
2012-08-14,13516.429436445087,110.15730285644531
2012-08-15,13554.206413223466,110.282470703125
2012-08-16,13672.27036284875,111.09620666503906
2012-08-17,13695.322473708085,111.2448959350586
2012-08-20,13688.495343142882,111.25267791748047
2012-08-21,13672.900550547247,110.91627502441406
2012-08-22,13684.839336811641,110.96318817138672
2012-08-23,13577.656926963915,110.05559539794922
2012-08-24,13678.985974059058,110.72061157226562
2012-08-27,13668.647834820875,110.74410247802734
2012-08-28,13676.731583726585,110.63456726074219
2012-08-29,13704.501103266655,110.72061157226562
2012-08-30,13607.450341612686,109.922607421875
2012-08-31,13701.02804918974,110.44680786132812
2012-09-04,13660.064572775407,110.34503936767578
2012-09-05,13638.080854922788,110.25121307373047
2012-09-06,13946.646866200866,112.4889144897461
2012-09-07,14038.571370799176,112.92710876464844
2012-09-10,13928.970549461636,112.28548431396484
2012-09-11,13987.946904061177,112.5984115600586
2012-09-12,14026.112615427353,112.97400665283203
2012-09-13,14282.223903305148,114.69534301757812
2012-09-14,14316.897121285152,115.20389556884766
2012-09-17,14271.499503528832,114.81268310546875
2012-09-18,14280.43193188381,114.71883392333984
2012-09-19,14298.920123610773,114.78143310546875
2012-09-20,14284.550217520693,114.78924560546875
2012-09-21,14290.689708646398,114.74128723144531
2012-09-24,14257.15893203565,114.56824493408203
2012-09-25,14113.977538857143,113.34896850585938
2012-09-26,14060.146946308627,112.71180725097656
2012-09-27,14215.23035475082,113.7738037109375
2012-09-28,14148.008006514789,113.24673461914062
2012-10-01,14226.4989285975,113.54566955566406
2012-10-02,14211.705769490933,113.66361999511719
2012-10-03,14304.211556154009,114.127685546875
2012-10-04,14415.723704673557,114.94580078125
2012-10-05,14450.215675072066,114.95362854003906
2012-10-08,14419.9153019981,114.56034088134766
2012-10-09,14312.916287820517,113.42765045166016
2012-10-10,14203.051237447786,112.70394897460938
2012-10-11,14211.493713529,112.76692962646484
2012-10-12,14169.989186131284,112.39720153808594
2012-10-15,14368.257032930911,113.333251953125
2012-10-16,14527.269668795036,114.48165893554688
2012-10-17,14562.58481344337,115.00084686279297
2012-10-18,14466.388164424963,114.70193481445312
2012-10-19,14242.979916148888,112.79052734375
2012-10-22,14254.153279052447,112.80622863769531
2012-10-23,14071.424416546357,111.24089050292969
2012-10-24,14010.796800312062,110.92627716064453
2012-10-25,14034.255598465801,111.24878692626953
2012-10-26,14023.702129292553,111.18584442138672
2012-10-31,14053.834491865327,111.18584442138672
2012-11-01,14244.536023286066,112.34999084472656
2012-11-02,14133.2271973558,111.3510513305664
2012-11-05,14155.873699865548,111.5791244506836
2012-11-06,14299.491500752898,112.4522476196289
2012-11-07,13926.746370021683,109.90370178222656
2012-11-08,13766.495805016715,108.5821762084961
2012-11-09,13807.633272760786,108.67659759521484
2012-11-12,13846.0744513013,108.7630844116211
2012-11-13,13789.067725267929,108.38552856445312
2012-11-14,13591.76636441669,106.92247772216797
2012-11-15,13556.138050602445,106.7415771484375
2012-11-16,13624.057582872907,107.26856994628906
2012-11-19,13916.974893994038,109.4395980834961
2012-11-20,13952.529462478287,109.48676300048828
2012-11-21,13988.296172045366,109.69133758544922
2012-11-23,14156.434360612335,111.18584442138672
2012-11-26,14146.91429532914,110.94982147216797
2012-11-27,14081.182693715202,110.38349914550781
2012-11-28,14221.386606994392,111.27239227294922
2012-11-29,14277.35164189366,111.79154205322266
2012-11-30,14294.481587060356,111.81510925292969
2012-12-03,14239.553774040958,111.26446533203125
2012-12-04,14211.863571509004,111.10718536376953
2012-12-05,14291.726257349053,111.3038330078125
2012-12-06,14348.268882933271,111.68136596679688
2012-12-07,14390.62157657678,112.01966094970703
2012-12-10,14398.58268733413,112.06681060791016
2012-12-11,14481.23459441855,112.82981872558594
2012-12-12,14480.812053980851,112.88485717773438
2012-12-13,14418.530190500702,112.19268798828125
2012-12-14,14354.571921471428,111.77574157714844
2012-12-17,14574.389076643849,113.08941650390625
2012-12-18,14731.11612988176,114.34796905517578
2012-12-19,14611.27904565537,113.49844360351562
2012-12-20,14713.62659136727,114.15127563476562
2012-12-21,14599.259612854488,113.11515808105469
2012-12-24,14554.82535594814,112.7666244506836
2012-12-26,14504.81902369537,112.29131317138672
2012-12-27,14471.964617514383,112.14080047607422
2012-12-28,14330.857039033821,110.9287338256836
2012-12-31,14558.1332248554,112.81414794921875
2013-01-02,14935.84878252421,115.70555877685547
2013-01-03,14960.041938053331,115.44409942626953
2013-01-04,15046.790541582941,115.951171875
2013-01-07,15027.4370923464,115.63427734375
2013-01-08,14966.838220640453,115.30156707763672
2013-01-09,15021.655338438613,115.59466552734375
2013-01-10,15139.363719688636,116.51358795166016
2013-01-11,15142.952387334699,116.50564575195312
2013-01-14,15128.615381332693,116.42646026611328
2013-01-15,15139.898579264258,116.50564575195312
2013-01-16,15152.378033306723,116.48982238769531
2013-01-17,15209.154860355051,117.24237823486328
2013-01-18,15221.204376673308,117.50379943847656
2013-01-22,15261.759804529498,118.1375503540039
2013-01-23,15286.291978015981,118.32762908935547
2013-01-24,15333.440688384999,118.35944366455078
2013-01-25,15399.944606074854,119.0248031616211
2013-01-28,15373.409323683236,118.88220977783203
2013-01-29,15437.593702611135,119.34959411621094
2013-01-30,15425.2483464645,118.88220977783203
2013-01-31,15364.013985140635,118.58909606933594
2013-02-01,15539.864405626811,119.80904388427734
2013-02-04,15362.39723314779,118.46235656738281
2013-02-05,15537.87762371306,119.6585464477539
2013-02-06,15543.979553212346,119.7457275390625
2013-02-07,15521.676749503189,119.58724212646484
2013-02-08,15598.498190679584,120.25267791748047
2013-02-11,15573.872226196645,120.22891235351562
2013-02-12,15615.897482914255,120.42693328857422
2013-02-13,15638.180883059757,120.5299301147461
2013-02-14,15668.540216037112,120.64086151123047
2013-02-15,15619.220230341867,120.49824523925781
2013-02-19,15746.163123747894,121.4013442993164
2013-02-20,15550.706681279251,119.88826751708984
2013-02-21,15436.148680711074,119.15946960449219
2013-02-22,15569.425855387872,120.32392883300781
2013-02-25,15292.840249431902,118.03453826904297
2013-02-26,15387.943055147876,118.84256744384766
2013-02-27,15610.050121735268,120.33980560302734
2013-02-28,15594.443741572552,120.10218048095703
2013-03-01,15613.218788672206,120.49824523925781
2013-03-04,15691.342816445482,121.13990783691406
2013-03-05,15859.397752549608,122.22520446777344
2013-03-06,15937.199209860371,122.3915786743164
2013-03-07,16000.937861374232,122.61337280273438
2013-03-08,16057.642483283402,123.13619232177734
2013-03-11,16101.788384535776,123.60355377197266
2013-03-12,16066.080667258859,123.32632446289062
2013-03-13,16105.577051649987,123.5005874633789
2013-03-14,16155.559051018388,124.1581039428711
2013-03-15,16120.937301818863,123.99425506591797
2013-03-18,16015.576101401284,123.3099136352539
2013-03-19,16001.537608738336,123.02344512939453
2013-03-20,16118.283959875977,123.88280487060547
2013-03-21,15985.761487004296,122.82454681396484
2013-03-22,16095.206062113286,123.8111801147461
2013-03-25,16043.743878335097,123.29395294189453
2013-03-26,16191.626848368796,124.2806625366211
2013-03-27,16172.925732236425,124.2806625366211
2013-03-28,16198.92292668504,124.66264343261719
2013-04-01,16116.940143946758,124.16927337646484
2013-04-02,16231.176210329852,124.78194427490234
2013-04-03,16037.8849566445,123.5167465209961
2013-04-04,16100.499239835926,124.01807403564453
2013-04-05,16001.762504572962,123.46111297607422
2013-04-08,16109.221066921611,124.29652404785156
2013-04-09,16168.744648983911,124.72622680664062
2013-04-10,16377.060741689018,126.25401306152344
2013-04-11,16421.179505100343,126.6677474975586
2013-04-12,16399.96318148747,126.357421875
2013-04-15,16060.739407720508,123.42926788330078
2013-04-16,16271.28273337284,125.25141143798828
2013-04-17,16057.101522876725,123.4212875366211
2013-04-18,15909.847146998445,122.64942932128906
2013-04-19,16022.108451018079,123.71574401855469
2013-04-22,16072.14830036876,124.26471710205078
2013-04-23,16279.504746407509,125.54581451416016
2013-04-24,16248.037764902103,125.62533569335938
2013-04-25,16326.277339688088,126.1346206665039
2013-04-26,16288.222308210989,125.91184997558594
2013-04-29,16361.48050730183,126.75525665283203
2013-04-30,16383.243992242711,127.05760955810547
2013-05-01,16208.148569377565,125.94367980957031
2013-05-02,16371.989651209917,127.11339569091797
2013-05-03,16538.0770525051,128.40235900878906
2013-05-06,16604.68085349896,128.72862243652344
2013-05-07,16664.56104461806,129.3811492919922
2013-05-08,16786.163054466866,129.9698944091797
2013-05-09,16737.5712577448,129.60386657714844
2013-05-10,16799.695419784206,130.025634765625
2013-05-13,16823.73358759328,130.1290740966797
2013-05-14,17027.537093475545,131.47378540039062
2013-05-15,17181.686177653348,132.18194580078125
2013-05-16,17116.94444452529,131.56134033203125
2013-05-17,17298.380214389264,132.83450317382812
2013-05-20,17299.28004006315,132.82650756835938
2013-05-21,17387.801264709764,133.0174102783203
2013-05-22,17316.513189109606,132.03074645996094
2013-05-23,17260.88045944225,131.64886474609375
2013-05-24,17272.531939446224,131.53744506835938
2013-05-28,17429.72065125289,132.3251953125
2013-05-29,17331.185163982118,131.4658203125
2013-05-30,17442.93207741449,131.95120239257812
2013-05-31,17218.14916904721,130.0574188232422
2013-06-03,17337.057532481285,130.7735595703125
2013-06-04,17202.4034576227,130.14501953125
2013-06-05,16941.50871588392,128.32278442382812
2013-06-06,17088.8120298687,129.48452758789062
2013-06-07,17339.540140597124,131.13162231445312
2013-06-10,17338.50796311149,131.13162231445312
2013-06-11,17145.377453836532,129.7789764404297
2013-06-12,16982.106125064893,128.70474243164062
2013-06-13,17209.810035275495,130.6621856689453
2013-06-14,17093.396056389887,129.84255981445312
2013-06-17,17245.168089452152,130.84518432617188
2013-06-18,17403.660929583722,131.87960815429688
2013-06-19,17176.863620769676,130.0574188232422
2013-06-20,16745.955756779615,126.83486938476562
2013-06-21,16772.804601986023,127.24197387695312
2013-06-24,16539.229115831182,125.63421630859375
2013-06-25,16684.364840888975,126.84209442138672
2013-06-26,16884.060151626076,128.0979461669922
2013-06-27,16983.36159483419,128.84983825683594
2013-06-28,16876.026193656075,128.32186889648438
2013-07-01,16961.977974630347,129.0738525390625
2013-07-02,16950.790203799064,128.9538116455078
2013-07-03,16950.734075528984,129.0098419189453
2013-07-05,17134.006709947877,130.40162658691406
2013-07-08,17201.344466077404,131.1455535888672
2013-07-09,17331.40319784754,132.08949279785156
2013-07-10,17339.334661485726,132.13746643066406
2013-07-11,17556.85606955928,133.93728637695312
2013-07-12,17609.658788249635,133.99327087402344
2013-07-15,17635.385253205284,134.5052490234375
2013-07-16,17607.59491010258,134.0012664794922
2013-07-17,17649.298785708495,134.34524536132812
2013-07-18,17666.12797411043,135.08114624023438
2013-07-19,17735.14380541728,135.3211212158203
2013-07-22,17782.575062352524,135.5851287841797
2013-07-23,17776.748221293572,135.29710388183594
2013-07-24,17723.978144641413,134.80120849609375
2013-07-25,17744.482292850334,135.12913513183594
2013-07-26,17748.74253477903,135.27310180664062
2013-07-29,17665.032716031004,134.85719299316406
2013-07-30,17696.85662184364,134.85719299316406
2013-07-31,17677.752225001735,134.95315551757812
2013-08-01,17909.692552093737,136.5130157470703
2013-08-02,17945.80846006055,136.7449951171875
2013-08-05,17900.112435543175,136.54498291015625
2013-08-06,17786.34628586323,135.76904296875
2013-08-07,17747.169708051973,135.32908630371094
2013-08-08,17765.10495223037,135.82510375976562
2013-08-09,17683.563434759035,135.43309020996094
2013-08-12,17664.893723318502,135.27310180664062
2013-08-13,17754.163659724185,135.67303466796875
2013-08-14,17622.55217005142,134.97718811035156
2013-08-15,17342.527344642196,133.08935546875
2013-08-16,17316.38904043728,132.6494140625
2013-08-19,17249.215715627775,131.80154418945312
2013-08-20,17275.627073409833,132.44944763183594
2013-08-21,17182.365128719477,131.63351440429688
2013-08-22,17311.156523525748,132.83335876464844
2013-08-23,17339.459966049464,133.28135681152344
2013-08-26,17330.342539999663,132.78541564941406
2013-08-27,17035.170050300676,130.649658203125
2013-08-28,17110.743175836065,131.1136016845703
2013-08-29,17136.78689032968,131.321533203125
2013-08-30,17063.09008686616,130.9055938720703
2013-09-03,17174.54327696586,131.49758911132812
2013-09-04,17331.607991093468,132.5854034423828
2013-09-05,17354.61260587692,132.75338745117188
2013-09-06,17344.533045418164,132.81739807128906
2013-09-09,17513.336634202413,134.08926391601562
2013-09-10,17682.70086229873,135.08114624023438
2013-09-11,17738.65464351462,135.5050811767578
2013-09-12,17703.609701490877,135.1451416015625
2013-09-13,17750.027735535885,135.4491424560547
2013-09-16,17882.093993921408,136.23304748535156
2013-09-17,17966.888459673235,136.8409881591797
2013-09-18,18211.271750807995,138.42481994628906
2013-09-19,18222.506322553596,138.19277954101562
2013-09-20,18100.814783506696,137.22662353515625
2013-09-23,17963.686936200127,136.5915985107422
2013-09-24,17924.340762247008,136.27011108398438
2013-09-25,17846.38929917237,135.876220703125
2013-09-26,17863.02115059198,136.39871215820312
2013-09-27,17758.14308945542,135.77175903320312
2013-09-30,17660.582772153353,135.04833984375
2013-10-01,17786.292967976227,136.11734008789062
2013-10-02,17778.257379535058,135.98878479003906
2013-10-03,17594.13356237283,134.73486328125
2013-10-04,17686.26785462543,135.75564575195312
2013-10-07,17523.38016452854,134.5821075439453
2013-10-08,17327.3898177798,133.01461791992188
2013-10-09,17344.563086103317,133.11109924316406
2013-10-10,17754.01936062491,135.98072814941406
2013-10-11,17864.96459880594,136.85690307617188
2013-10-14,17947.943275281967,137.4034423828125
2013-10-15,17833.391919848753,136.40676879882812
2013-10-16,18117.56482963903,138.31175231933594
2013-10-17,18250.4945547875,139.23609924316406
2013-10-18,18387.713227219778,140.17665100097656
2013-10-21,18397.524767922612,140.18463134765625
2013-10-22,18483.021328196875,140.9965057373047
2013-10-23,18386.72328211744,140.32130432128906
2013-10-24,18496.488319140688,140.78749084472656
2013-10-25,18593.782106589377,141.4305419921875
2013-10-28,18657.25230422718,141.65562438964844
2013-10-29,18756.371541123674,142.4111785888672
2013-10-30,18656.205745587555,141.70382690429688
2013-10-31,18576.25469041258,141.30194091796875
2013-11-01,18635.68144154837,141.63954162597656
2013-11-04,18641.591451231467,142.13790893554688
2013-11-05,18621.14475146252,141.68785095214844
2013-11-06,18712.55821373683,142.4111785888672
2013-11-07,18470.646415068673,140.6106414794922
2013-11-08,18724.908364463958,142.5076446533203
2013-11-11,18740.171493901293,142.5317840576172
2013-11-12,18712.01423048782,142.24237060546875
2013-11-13,18846.973562553867,143.3838348388672
2013-11-14,18866.79989581149,144.0991668701172
2013-11-15,18946.27698459954,144.7261962890625
2013-11-18,18932.15852058902,144.21983337402344
2013-11-19,18944.882069568346,143.9063262939453
2013-11-20,18799.304556350955,143.45619201660156
2013-11-21,18952.11435984645,144.61366271972656
2013-11-22,19011.515293840162,145.33709716796875
2013-11-25,19030.948207748097,145.19236755371094
2013-11-26,19040.616387183716,145.23260498046875
2013-11-27,19104.59938654742,145.58628845214844
2013-11-29,19101.899523484448,145.48977661132812
2013-12-02,19031.109754427423,145.11199951171875
2013-12-03,18928.085428955666,144.48509216308594
2013-12-04,18907.13667370672,144.4689483642578
2013-12-05,18869.08144115805,143.83396911621094
2013-12-06,19068.70245152652,145.44161987304688
2013-12-09,19094.93762530348,145.811279296875
2013-12-10,19047.069684590526,145.2888641357422
2013-12-11,18861.955824018856,143.65713500976562
2013-12-12,18770.02531654261,143.18289184570312
2013-12-13,18788.375980158457,143.16677856445312
2013-12-16,18978.66685320684,144.0590362548828
2013-12-17,18958.64661371704,143.6008758544922
2013-12-18,19288.83133252484,146.05247497558594
2013-12-19,19267.24083643846,145.8836669921875
2013-12-20,19370.46215168653,146.73226928710938
2013-12-23,19485.037646359353,147.5161590576172
2013-12-24,19515.58073601665,147.83946228027344
2013-12-26,19615.717216588866,148.59100341796875
2013-12-27,19606.858413519913,148.58297729492188
2013-12-30,19600.841550019846,148.55874633789062
2013-12-31,19680.5571171955,149.26185607910156
2014-01-02,19578.08635696112,147.8314208984375
2014-01-03,19612.63326753054,147.80709838867188
2014-01-06,19596.816826260183,147.37879943847656
2014-01-07,19690.173716828434,148.28395080566406
2014-01-08,19696.63406403007,148.31626892089844
2014-01-09,19751.058061249416,148.4132843017578
2014-01-10,19749.033394845876,148.81736755371094
2014-01-13,19506.32260746049,146.8372802734375
2014-01-14,19709.915161184083,148.43746948242188
2014-01-15,19851.25955115585,149.237548828125
2014-01-16,19813.74460315951,149.04364013671875
2014-01-17,19756.770100025395,148.4132843017578
2014-01-21,19770.83238814972,148.8496551513672
2014-01-22,19790.244896332333,148.94662475585938
2014-01-23,19573.563574001524,147.72633361816406
2014-01-24,19121.062735788266,144.5744171142578
2014-01-27,19062.77396621451,143.86322021484375
2014-01-28,19157.2313487349,144.71986389160156
2014-01-29,18884.673166645116,143.32981872558594
2014-01-30,19081.679239944868,144.84922790527344
2014-01-31,18873.219755760918,144.00064086914062
2014-02-03,18466.055574016027,140.75985717773438
2014-02-04,18534.54233205898,141.74581909179688
2014-02-05,18533.643535676678,141.5680389404297
2014-02-06,18832.021280057957,143.43492126464844
2014-02-07,19062.0079611721,145.2128448486328
2014-02-10,19114.282551067878,145.47955322265625
2014-02-11,19327.678257218566,147.0717010498047
2014-02-12,19314.66296965408,147.14443969726562
2014-02-13,19406.69189155342,147.9041290283203
2014-02-14,19477.051387672996,148.72035217285156
2014-02-18,19459.29353377959,148.898193359375
2014-02-19,19305.99720179097,147.91220092773438
2014-02-20,19383.2753494356,148.78500366210938
2014-02-21,19328.10459714078,148.6153106689453
2014-02-24,19473.191612989223,149.43968200683594
2014-02-25,19462.588004781257,149.38302612304688
2014-02-26,19530.693450639836,149.3911590576172
2014-02-27,19638.07473079111,150.17514038085938
2014-02-28,19657.409314252494,150.55491638183594
2014-03-03,19510.08199408228,149.49627685546875
2014-03-04,19817.53405391364,151.59750366210938
2014-03-05,19852.741264715165,151.7349090576172
2014-03-06,19862.256786199283,152.08236694335938
2014-03-07,19858.062344528014,152.14698791503906
2014-03-10,19865.595204650755,152.06625366210938
2014-03-11,19776.279782828784,151.3146209716797
2014-03-12,19797.797343064114,151.35501098632812
2014-03-13,19540.078837614208,149.65785217285156
2014-03-14,19463.528132099946,149.237548828125
2014-03-17,19655.377302657747,150.58726501464844
2014-03-18,19788.987167646414,151.6621551513672
2014-03-19,19709.522038952222,150.8539581298828
2014-03-20,19812.649196476108,151.7349090576172
2014-03-21,19669.43947748821,151.14637756347656
2014-03-24,19606.270325885565,150.52127075195312
2014-03-25,19702.86178479374,151.23558044433594
2014-03-26,19594.692956037805,150.14788818359375
2014-03-27,19529.644562658646,149.83132934570312
2014-03-28,19605.334901643433,150.5700225830078
2014-03-31,19724.649522162737,151.80386352539062
2014-04-01,19860.776921726585,152.8103790283203
2014-04-02,19898.204431373404,153.32179260253906
2014-04-03,19837.48043215219,153.11888122558594
2014-04-04,19573.560611310957,151.30873107910156
2014-04-07,19382.910049221176,149.63644409179688
2014-04-08,19418.727501610694,150.25338745117188
2014-04-09,19687.85894383203,151.86880493164062
2014-04-10,19263.021111752372,148.6786651611328
2014-04-11,19074.835085909417,147.33926391601562
2014-04-14,19276.08570513931,148.50009155273438
2014-04-15,19414.226091421915,149.5228729248047
2014-04-16,19599.649925777398,151.08949279785156
2014-04-17,19640.35767788984,151.3005828857422
2014-04-21,19704.984046170437,151.82821655273438
2014-04-22,19791.919876668824,152.51821899414062
2014-04-23,19732.432503606164,152.16099548339844
2014-04-24,19827.46666718679,152.4695281982422
2014-04-25,19580.999827456693,151.21942138671875
2014-04-28,19572.13975786326,151.69837951660156
2014-04-29,19666.06651280247,152.40460205078125
2014-04-30,19722.551750628623,152.85910034179688
2014-05-01,19702.212979542357,152.87535095214844
2014-05-02,19704.776327779015,152.65621948242188
2014-05-05,19695.60508248662,152.9484100341797
2014-05-06,19538.271778533785,151.6171875
2014-05-07,19624.50586253333,152.51007080078125
2014-05-08,19650.532989639727,152.34771728515625
2014-05-09,19702.22715673228,152.5749969482422
2014-05-12,19901.769945040378,154.06048583984375
2014-05-13,19924.146541353723,154.19850158691406
2014-05-14,19817.866016374654,153.46795654296875
2014-05-15,19602.6354481507,152.1204376220703
2014-05-16,19669.300785560514,152.64805603027344
2014-05-19,19735.71987461616,153.20822143554688
2014-05-20,19632.561820673935,152.24221801757812
2014-05-21,19799.81534388095,153.52474975585938
2014-05-22,19867.61349550096,153.8981475830078
2014-05-23,19952.53538222927,154.5150909423828
2014-05-27,20092.938590082114,155.4647979736328
2014-05-28,20038.62268851347,155.35122680664062
2014-05-29,20110.71138745382,156.15481567382812
2014-05-30,20151.386132801075,156.4064483642578
2014-06-02,20168.92274934733,156.58497619628906
2014-06-03,20189.031270728203,156.50387573242188
2014-06-04,20187.140965472867,156.8203582763672
2014-06-05,20354.432793871136,157.8432159423828
2014-06-06,20483.18422706684,158.59817504882812
2014-06-09,20504.632331612735,158.76051330566406
2014-06-10,20557.855315156583,158.77671813964844
2014-06-11,20425.692029726593,158.22476196289062
2014-06-12,20260.518139779022,157.1045684814453
2014-06-13,20312.061294492494,157.58348083496094
2014-06-16,20316.392739977095,157.71331787109375
2014-06-17,20380.11239925635,158.15170288085938
2014-06-18,20528.836928889563,159.3124542236328
2014-06-19,20534.340248320008,159.4910430908203
2014-06-20,20586.411355302753,159.8148193359375
2014-06-23,20605.324853151535,159.7659149169922
2014-06-24,20494.76312358038,158.80348205566406
2014-06-25,20594.991304171122,159.521240234375
2014-06-26,20563.330842650674,159.40707397460938
2014-06-27,20586.996477297977,159.7169952392578
2014-06-30,20590.216384504496,159.6354217529297
2014-07-01,20766.93816202539,160.70388793945312
2014-07-02,20813.383611401572,160.86700439453125
2014-07-03,20938.53009017743,161.65817260742188
2014-07-07,20848.90971395574,161.09539794921875
2014-07-08,20668.997312608662,160.05950927734375
2014-07-09,20760.319645379688,160.7772674560547
2014-07-10,20664.554902154654,160.14112854003906
2014-07-11,20744.388369736207,160.36129760742188
2014-07-14,20909.63214354259,161.16885375976562
2014-07-15,20912.63962098645,160.86700439453125
2014-07-16,21035.000040436877,161.46246337890625
2014-07-17,20787.801922276507,159.62725830078125
2014-07-18,21037.782494721596,161.25851440429688
2014-07-21,21006.270206484376,160.95669555664062
2014-07-22,21119.828855952557,161.65817260742188
2014-07-23,21093.659314536177,162.01708984375
2014-07-24,21063.43815739354,162.0251922607422
2014-07-25,20900.40321074584,161.2666473388672
2014-07-28,20883.94576670347,161.3319549560547
2014-07-29,20824.951219898663,160.638671875
2014-07-30,20890.536958391247,160.66311645507812
2014-07-31,20492.90858297865,157.49029541015625
2014-08-01,20354.7561129653,157.0090789794922
2014-08-04,20485.116706815996,158.14283752441406
2014-08-05,20295.232151800712,156.6094207763672
2014-08-06,20365.30328905103,156.6583709716797
2014-08-07,20259.457744398595,155.81007385253906
2014-08-08,20493.385033141763,157.61260986328125
2014-08-11,20554.630080863957,158.06942749023438
2014-08-12,20533.178940364156,157.84922790527344
2014-08-13,20690.324210209106,158.9176483154297
2014-08-14,20787.38387005498,159.66807556152344
2014-08-15,20755.23807403743,159.6354217529297
2014-08-18,20937.368108351646,160.97305297851562
2014-08-19,21063.048729324677,161.8131866455078
2014-08-20,21141.85602129515,162.24537658691406
2014-08-21,21265.744816764127,162.71852111816406
2014-08-22,21211.386930027238,162.46563720703125
2014-08-25,21327.7152081838,163.2894744873047
2014-08-26,21388.28172595288,163.39544677734375
2014-08-27,21384.650910883516,163.33023071289062
2014-08-28,21340.562023849976,163.24050903320312
2014-08-29,21455.10173608975,163.70542907714844
2014-09-02,21445.01471287132,163.62379455566406
2014-09-03,21444.068701977125,163.5341033935547
2014-09-04,21493.541085639583,163.29759216308594
2014-09-05,21587.29036036833,164.0316925048828
2014-09-08,21563.637858841328,163.60755920410156
2014-09-09,21377.46001386184,162.57171630859375
2014-09-10,21503.268716310133,163.18338012695312
2014-09-11,21508.70941547961,163.3710174560547
2014-09-12,21450.405642268408,162.416748046875
2014-09-15,21432.661207890083,162.2943878173828
2014-09-16,21586.072425540195,163.51783752441406
2014-09-17,21627.878462132023,163.73806762695312
2014-09-18,21800.029696904097,164.61077880859375
2014-09-19,21810.875780900722,164.46238708496094
2014-09-22,21645.883651566724,163.19232177734375
2014-09-23,21532.26690678983,162.25811767578125
2014-09-24,21716.985543161616,163.52830505371094
2014-09-25,21341.108489968126,160.8896484375
2014-09-26,21513.16099546017,162.16802978515625
2014-09-29,21479.35500461438,161.87298583984375
2014-09-30,21413.285556997213,161.44691467285156
2014-10-01,21155.95528163145,159.2589874267578
2014-10-02,21130.6607043385,159.28358459472656
2014-10-03,21373.977226679446,161.0371856689453
2014-10-06,21362.00390788266,160.84869384765625
2014-10-07,20999.90417614801,158.36581420898438
2014-10-08,21371.37217228652,161.13546752929688
2014-10-09,20956.816711687945,157.93968200683594
2014-10-10,20687.845274987085,156.13687133789062
2014-10-13,20356.634029470177,153.57205200195312
2014-10-14,20396.636499324773,153.8096923828125
2014-10-15,20169.64852130102,152.7689971923828
2014-10-16,20141.897956378238,152.6378936767578
2014-10-17,20458.438755330146,154.440673828125
2014-10-20,20579.71916607828,155.94021606445312
2014-10-21,20957.625087930977,159.02955627441406
2014-10-22,20761.348046351173,157.89869689941406
2014-10-23,21038.050813436093,159.7342529296875
2014-10-24,21105.503665524546,160.96339416503906
2014-10-27,21083.553595688318,160.74215698242188
2014-10-28,21384.125559931268,162.58592224121094
2014-10-29,21427.76149400481,162.34011840820312
2014-10-30,21641.894566498384,163.38079833984375
2014-10-31,21874.71632158148,165.2490997314453
2014-11-03,21847.39313725556,165.33929443359375
2014-11-04,21817.701327401053,164.7656707763672
2014-11-05,21889.6551422947,165.80636596679688
2014-11-06,21995.296196451716,166.4700927734375
2014-11-07,21997.198061498326,166.62582397460938
2014-11-10,22092.119014922086,167.15020751953125
2014-11-11,22103.200614820697,167.31410217285156
2014-11-12,22089.718343989985,167.1338348388672
2014-11-13,22123.72400681722,167.32232666015625
2014-11-14,22164.63802862835,167.3633270263672
2014-11-17,22152.129879036544,167.46978759765625
2014-11-18,22267.839682442787,168.43673706054688
2014-11-19,22304.910050006674,168.1663360595703
2014-11-20,22382.489175987845,168.4613037109375
2014-11-21,22515.069398639072,169.3627471923828
2014-11-24,22606.074956787565,169.8380126953125
2014-11-25,22546.037461776206,169.71505737304688
2014-11-26,22612.46213633929,170.14938354492188
2014-11-28,22594.152907238917,169.788818359375
2014-12-01,22441.254358690207,168.60877990722656
2014-12-02,22625.76385334245,169.6986541748047
2014-12-03,22703.07826845989,170.35423278808594
2014-12-04,22741.60645516158,170.16580200195312
2014-12-05,22819.955428112527,170.4443817138672
2014-12-08,22657.039675629927,169.30538940429688
2014-12-09,22620.804987336986,169.19068908691406
2014-12-10,22210.768924000324,166.47828674316406
2014-12-11,22311.452433712722,167.32232666015625
2014-12-12,21898.44997514051,164.61814880371094
2014-12-15,21734.111858528515,163.48727416992188
2014-12-16,21534.53478961717,162.1762237548828
2014-12-17,21978.950670043705,165.35565185546875
2014-12-18,22514.042008494704,169.4446563720703
2014-12-19,22580.38515396093,170.16567993164062
2014-12-22,22701.585672855857,170.9484100341797
2014-12-23,22719.570861109616,171.1791534423828
2014-12-24,22717.472747697728,171.19561767578125
2014-12-26,22787.499491411723,171.74761962890625
2014-12-29,22813.265085897052,171.9783935546875
2014-12-30,22725.69278115501,171.0555419921875
2014-12-31,22524.634063145226,169.358154296875
2015-01-02,22502.730551998528,169.26748657226562
2015-01-05,22040.08425120195,166.2105712890625
2015-01-06,21776.29630189076,164.64505004882812
2015-01-07,22051.388074447186,166.6967315673828
2015-01-08,22416.508354993475,169.65478515625
2015-01-09,22197.913883631,168.2952880859375
2015-01-12,22039.594229643135,166.97691345214844
2015-01-13,22007.372745937213,166.50721740722656
2015-01-14,21851.741071543842,165.5019989013672
2015-01-15,21540.578392926793,163.98590087890625
2015-01-16,21797.800036697445,166.136474609375
2015-01-20,21811.262125983314,166.4907684326172
2015-01-21,21915.049707674123,167.33116149902344
2015-01-22,22271.802666587995,169.81959533691406
2015-01-23,22179.65135548861,168.88853454589844
2015-01-26,22205.75635012778,169.28399658203125
2015-01-27,21844.29716062774,167.0510711669922
2015-01-28,21638.50588017393,164.90875244140625
2015-01-29,21960.34575345708,166.43313598632812
2015-01-30,21785.769751406904,164.34022521972656
2015-02-02,22049.845092441257,166.37538146972656
2015-02-03,22362.736144827762,168.78138732910156
2015-02-04,22274.848249196635,168.1387176513672
2015-02-05,22527.77859975971,169.83602905273438
2015-02-06,22498.176227612752,169.36636352539062
2015-02-09,22381.32654896742,168.60838317871094
2015-02-10,22647.3217283188,170.40463256835938
2015-02-11,22657.596373625907,170.5034637451172
2015-02-12,22884.5506312715,172.1431884765625
2015-02-13,22996.889502885955,172.85174560546875
2015-02-17,23040.958727321726,173.1236572265625
2015-02-18,22978.63872111732,173.1401824951172
2015-02-19,22978.145985879422,173.0166015625
2015-02-20,23180.08477621387,174.0547637939453
2015-02-23,23119.319736698457,174.03004455566406
2015-02-24,23258.902588225465,174.5244140625
2015-02-25,23302.311993551517,174.37611389160156
2015-02-26,23406.942194057003,174.170166015625
2015-02-27,23273.097932987093,173.5768585205078
2015-03-02,23503.718848342523,174.67276000976562
2015-03-03,23438.23259867869,173.9559326171875
2015-03-04,23390.866086731392,173.22256469726562
2015-03-05,23456.4065885506,173.41212463378906
2015-03-06,23115.98418807181,170.97311401367188
2015-03-09,23219.161420283217,171.6817626953125
2015-03-10,22791.947486562403,168.89674377441406
2015-03-11,22749.413345130928,168.5012969970703
2015-03-12,23046.33030028247,170.64352416992188
2015-03-13,22888.200602094024,169.59710693359375
2015-03-16,23221.646023734713,171.86302185058594
2015-03-17,23127.630208193164,171.3521728515625
2015-03-18,23391.32294538249,173.41212463378906
2015-03-19,23263.28220431529,172.62106323242188
2015-03-20,23506.468598360207,174.14474487304688
2015-03-23,23443.455695292763,173.80540466308594
2015-03-24,23300.59902320946,172.82882690429688
2015-03-25,22905.05278706162,170.29617309570312
2015-03-26,22838.548811019653,169.8907012939453
2015-03-27,22913.191692453704,170.27967834472656
2015-03-30,23201.09112627958,172.35708618164062
2015-03-31,22941.71129352331,170.8507537841797
2015-04-01,22835.95474615574,170.2465362548828
2015-04-02,22897.375345307835,170.8590087890625
2015-04-06,23030.762785891708,172.00946044921875
2015-04-07,23033.35898200747,171.5542755126953
2015-04-08,23122.550742751766,172.1335906982422
2015-04-09,23216.36241461897,172.89498901367188
2015-04-10,23423.881891930094,173.83853149414062
2015-04-13,23299.48823263601,173.05226135253906
2015-04-14,23364.509627740314,173.3833465576172
2015-04-15,23490.708061801462,174.16131591796875
2015-04-16,23481.508122974024,174.11167907714844
2015-04-17,23143.348562327054,172.10879516601562
2015-04-20,23388.23053405534,173.68124389648438
2015-04-21,23344.580513997644,173.474365234375
2015-04-22,23538.00415264902,174.3268585205078
2015-04-23,23548.95305508999,174.7655029296875
2015-04-24,23612.393904341177,175.17105102539062
2015-04-27,23482.65254048641,174.4427490234375
2015-04-28,23533.15863302757,174.99725341796875
2015-04-29,23480.447720254644,174.27720642089844
2015-04-30,23257.008180949655,172.53085327148438
2015-05-01,23525.011533598252,174.40135192871094
2015-05-04,23576.182598488158,174.89793395996094
2015-05-05,23351.480752815758,172.89498901367188
2015-05-06,23269.659212443454,172.18324279785156
2015-05-07,23397.330194438964,172.8701629638672
2015-05-08,23742.410298902578,175.14613342285156
2015-05-11,23673.547361170917,174.31028747558594
2015-05-12,23587.961992403147,173.78887939453125
2015-05-13,23636.92644560878,173.82196044921875
2015-05-14,23868.853903817162,175.63453674316406
2015-05-15,23878.878719709406,175.82493591308594
2015-05-18,23955.8166504,176.3711395263672
2015-05-19,23969.41039660054,176.31321716308594
2015-05-20,23939.79009163391,176.18902587890625
2015-05-21,23995.199251796465,176.70220947265625
2015-05-22,23961.44304281572,176.28005981445312
2015-05-26,23717.16066787181,174.38478088378906
2015-05-27,23971.48095757001,176.0400848388672
2015-05-28,23946.156368918193,175.8415069580078
2015-05-29,23801.51528886548,174.74896240234375
2015-06-01,23840.799616887693,175.10482788085938
2015-06-02,23826.991992297528,174.9309844970703
2015-06-03,23901.478257452574,175.39453125
2015-06-04,23701.33160653927,173.91302490234375
2015-06-05,23705.910851540655,173.6150360107422
2015-06-08,23543.882015030566,172.54737854003906
2015-06-09,23599.42586888724,172.52255249023438
2015-06-10,23897.555469125164,174.59165954589844
2015-06-11,23971.205320303838,175.15451049804688
2015-06-12,23788.656321475355,173.81369018554688
2015-06-15,23696.110160590375,173.06883239746094
2015-06-16,23807.56163664773,174.01234436035156
2015-06-17,23826.009079701977,174.2937469482422
2015-06-18,24070.372383098016,176.10630798339844
2015-06-19,23958.312982704312,175.32455444335938
2015-06-22,24097.590267814372,176.2227325439453
2015-06-23,24139.38079624046,176.34747314453125
2015-06-24,23951.453720212437,175.06666564941406
2015-06-25,23841.565093339435,174.53445434570312
2015-06-26,23830.398958239606,174.50120544433594
2015-06-29,23321.440810381853,170.84181213378906
2015-06-30,23371.2089328937,171.1994171142578
2015-07-01,23529.279860689603,172.5716552734375
2015-07-02,23526.559305332998,172.41368103027344
2015-07-06,23402.3380720543,171.92291259765625
2015-07-07,23532.029237847666,173.0041961669922
2015-07-08,23134.585687747574,170.1016082763672
2015-07-09,23172.441072431055,170.4093475341797
2015-07-10,23509.231621061266,172.55508422851562
2015-07-13,23783.541041092274,174.4595489501953
2015-07-14,23942.667202226494,175.21636962890625
2015-07-15,23917.866707202455,175.15817260742188
2015-07-16,24125.0308132309,176.56370544433594
2015-07-17,24251.3259370103,176.71343994140625
2015-07-20,24268.298843853347,176.8048858642578
2015-07-21,24120.271715211817,176.1062774658203
2015-07-22,24103.264132887827,175.79022216796875
2015-07-23,23948.030763000777,174.800537109375
2015-07-24,23697.38857199539,172.98756408691406
2015-07-27,23533.750426756476,171.98121643066406
2015-07-28,23794.33000490713,174.0936279296875
2015-07-29,23940.27872011751,175.29122924804688
2015-07-30,23941.695985756458,175.33287048339844
2015-07-31,23885.83692612172,175.06666564941406
2015-08-03,23784.05975442954,174.4761962890625
2015-08-04,23708.894532588325,174.13519287109375
2015-08-05,23848.32142331934,174.70909118652344
2015-08-06,23692.0808519605,173.2786102294922
2015-08-07,23640.469109508347,172.9458770751953
2015-08-10,23945.713950087735,175.12490844726562
2015-08-11,23724.344638144095,173.54470825195312
2015-08-12,23731.318410602584,173.7526092529297
2015-08-13,23725.43996403134,173.53643798828125
2015-08-14,23828.432044912133,174.16845703125
2015-08-17,23904.671577611418,175.14151000976562
2015-08-18,23864.514632335162,174.63427734375
2015-08-19,23674.816870167982,173.25363159179688
2015-08-20,23198.86623273731,169.63589477539062
2015-08-21,22435.82926933484,164.52944946289062
2015-08-24,21560.719175023423,157.60162353515625
2015-08-25,21279.776164391133,155.7469940185547
2015-08-26,22190.24154684161,161.7266845703125
2015-08-27,22742.16582745039,165.72708129882812
2015-08-28,22762.22837879526,165.73536682128906
2015-08-31,22636.981503415696,164.39642333984375
2015-09-01,21960.69923626596,159.48953247070312
2015-09-02,22405.722715496213,162.51673889160156
2015-09-03,22386.564515057773,162.6331787109375
2015-09-04,22005.987609538006,160.1714324951172
2015-09-08,22602.401783459478,164.19674682617188
2015-09-09,22282.102876545603,162.00112915039062
2015-09-10,22410.84293693502,162.88272094726562
2015-09-11,22536.465926460965,163.62294006347656
2015-09-14,22441.026868098983,163.01576232910156
2015-09-15,22766.8217322609,165.05337524414062
2015-09-16,22967.556064686825,166.48385620117188
2015-09-17,22971.249935824475,166.10963439941406
2015-09-18,22598.056867008112,163.39511108398438
2015-09-21,22707.268145562924,164.239501953125
2015-09-22,22453.46169867943,162.1077423095703
2015-09-23,22401.2321269429,161.84852600097656
2015-09-24,22248.335159298476,161.2633056640625
2015-09-25,22261.281243722835,161.22149658203125
2015-09-28,21706.41894243246,157.17529296875
2015-09-29,21751.34796987986,157.2672576904297
2015-09-30,22195.017504939227,160.20167541503906
2015-10-01,22232.87064661026,160.61956787109375
2015-10-02,22547.52625968288,163.0189208984375
2015-10-05,22972.05602326618,165.91978454589844
2015-10-06,22940.223783227415,165.35133361816406
2015-10-07,23161.278941480436,166.70567321777344
2015-10-08,23301.96090922681,168.21047973632812
2015-10-09,23358.651638575026,168.310791015625
2015-10-12,23342.17826722683,168.4696044921875
2015-10-13,23200.039938519218,167.4079132080078
2015-10-14,23125.167568813486,166.60536193847656
2015-10-15,23514.968770850057,169.16342163085938
2015-10-16,23622.322553725684,169.9326171875
2015-10-19,23612.05101534196,170.01622009277344
2015-10-20,23499.88643886869,169.798828125
2015-10-21,23373.62336155945,168.7454833984375
2015-10-22,23858.728916031738,171.59620666503906
2015-10-23,24185.965767767833,173.47720336914062
2015-10-26,24081.990888981007,173.05084228515625
2015-10-27,24033.1801122955,172.7165069580078
2015-10-28,24418.846389058403,174.68106079101562
2015-10-29,24347.365266467208,174.58074951171875
2015-10-30,24231.067674008424,173.828369140625
2015-11-02,24471.781952437195,175.88487243652344
2015-11-03,24573.72381388495,176.39488220214844
2015-11-04,24541.13254341937,175.85975646972656
2015-11-05,24547.904537575392,175.68418884277344
2015-11-06,24711.588298524697,175.59231567382812
2015-11-09,24414.03571396975,173.95372009277344
2015-11-10,24443.06360255843,174.3550262451172
2015-11-11,24389.25870462464,173.66943359375
2015-11-12,24030.847521201034,171.24514770507812
2015-11-13,23741.42776391564,169.3223419189453
2015-11-16,24121.36980032091,171.89718627929688
2015-11-17,24170.562434684834,171.77175903320312
2015-11-18,24588.130579748828,174.49708557128906
2015-11-19,24614.67446227773,174.34666442871094
2015-11-20,24744.41635700628,174.9820098876953
2015-11-23,24740.346220721236,174.78138732910156
2015-11-24,24748.273077069072,175.0154571533203
2015-11-25,24743.201494913566,174.9903564453125
2015-11-27,24760.098728480538,175.19097900390625
2015-11-30,24670.488735204417,174.46368408203125
2015-12-01,24931.247226193973,176.12733459472656
2015-12-02,24699.169061792567,174.32992553710938
2015-12-03,24453.599133882948,171.88882446289062
2015-12-04,24979.30190714322,175.2411651611328
2015-12-07,24799.816983829038,174.179443359375
2015-12-08,24657.477636992153,173.00904846191406
2015-12-09,24414.49543249983,171.6630859375
2015-12-10,24536.23150368452,172.106201171875
2015-12-11,24014.693304640186,168.77053833007812
2015-12-14,24196.515727351118,169.623291015625
2015-12-15,24520.03861473059,171.4039306640625
2015-12-16,24848.18216347907,173.91189575195312
2015-12-17,24459.112599796463,171.26181030273438
2015-12-18,23993.44131966443,168.2107696533203
2015-12-21,24186.19838409102,169.59841918945312
2015-12-22,24395.002425947012,171.13742065429688
2015-12-23,24704.972022909616,173.25660705566406
2015-12-24,24645.558954017546,172.97067260742188
2015-12-28,24604.135441840634,172.5754852294922
2015-12-29,24892.48604295641,174.41709899902344
2015-12-30,24724.281026595978,173.18092346191406
2015-12-31,24470.534562287958,171.44859313964844
2016-01-04,24023.929183070282,169.0518035888672
2016-01-05,24003.935928475847,169.33766174316406
2016-01-06,23642.669978718837,167.2016143798828
2016-01-07,22960.035351534185,163.19021606445312
2016-01-08,22663.832749747347,161.39889526367188
2016-01-11,22713.524470701435,161.5587158203125
2016-01-12,22882.20310328755,162.86221313476562
2016-01-13,22268.937691059185,158.80032348632812
2016-01-14,22670.41450214644,161.40733337402344
2016-01-15,22088.58956786469,157.94252014160156
2016-01-19,22034.98356180993,158.15283203125
2016-01-20,21729.11862690215,156.12608337402344
2016-01-21,21826.293188003423,157.00067138671875
2016-01-22,22122.585863613356,160.2216033935547
2016-01-25,21747.428670519566,157.79959106445312
2016-01-26,22027.32101001641,159.95245361328125
2016-01-27,21776.99547334575,158.211669921875
2016-01-28,21891.628740817545,159.03582763671875
2016-01-29,22441.977337152508,162.9126739501953
2016-02-01,22409.2720253841,162.85377502441406
2016-02-02,21853.72825723938,159.91883850097656
2016-02-03,21916.688181324338,160.87753295898438
2016-02-04,21985.12588533683,161.1298370361328
2016-02-05,21511.73416056243,158.06027221679688
2016-02-08,21269.69707525461,155.93264770507812
2016-02-09,21213.399348343835,155.9410400390625
2016-02-10,21127.321108348307,155.8065185546875
2016-02-11,20827.016490908267,153.7797088623047
2016-02-12,21329.11024999747,156.9501953125
2016-02-16,21740.602519167987,159.59922790527344
2016-02-17,22133.381020587483,162.20623779296875
2016-02-18,21967.681090889175,161.54185485839844
2016-02-19,21978.80894455286,161.46621704101562
2016-02-22,22245.688407289384,163.80410766601562
2016-02-23,21890.362660498726,161.73533630371094
2016-02-24,21980.700785143796,162.47535705566406
2016-02-25,22200.498614655455,164.44325256347656
2016-02-26,22181.739033116075,164.06480407714844
2016-02-29,22000.209220121946,162.778076171875
2016-03-01,22617.052020046787,166.60455322265625
2016-03-02,22752.690250878,167.35302734375
2016-03-03,22838.683729133434,168.00900268554688
2016-03-04,22990.277544269084,168.5555877685547
2016-03-07,23026.507258789203,168.6901397705078
2016-03-08,22784.941195311156,166.848388671875
2016-03-09,22925.898697238696,167.67257690429688
2016-03-10,22931.511311744154,167.80709838867188
2016-03-11,23339.041337424027,170.51504516601562
2016-03-14,23316.30956100257,170.29640197753906
2016-03-15,23291.066016240096,170.01885986328125
2016-03-16,23398.313504384896,171.00282287597656
2016-03-17,23550.87240901025,172.0876922607422
2016-03-18,23755.057605549948,172.76394653320312
2016-03-21,23766.72641980837,173.00909423828125
2016-03-22,23753.759481962312,172.916015625
2016-03-23,23577.285015169655,171.77487182617188
2016-03-24,23586.33107054915,171.69879150390625
2016-03-28,23588.270933266394,171.80027770996094
2016-03-29,23786.385950654192,173.3894500732422
2016-03-30,23910.86399960979,174.1502227783203
2016-03-31,23896.809509540406,173.72755432128906
2016-04-01,24090.9319346629,174.9109649658203
2016-04-04,23965.594581380996,174.3446044921875
2016-04-05,23784.455211239587,172.60328674316406
2016-04-06,24039.995871070165,174.4883575439453
2016-04-07,23713.069396417948,172.40042114257812
2016-04-08,23791.97675887858,172.86534118652344
2016-04-11,23784.31179464147,172.4595947265625
2016-04-12,24060.429130867265,174.06564331054688
2016-04-13,24421.264218297052,175.8238983154297
2016-04-14,24512.719782664113,175.83233642578125
2016-04-15,24469.677745552097,175.6379852294922
2016-04-18,24650.330304019222,176.8721160888672
2016-04-19,24717.683306664996,177.4299774169922
2016-04-20,24816.099945099464,177.5990753173828
2016-04-21,24738.221470122167,176.64393615722656
2016-04-22,24735.33563895562,176.64393615722656
2016-04-25,24668.521446095492,176.339599609375
2016-04-26,24745.860697719112,176.60159301757812
2016-04-27,24777.079728161338,176.965087890625
2016-04-28,24455.847652707933,175.35897827148438
2016-04-29,24370.79140677358,174.41224670410156
2016-05-02,24519.86532026709,175.798583984375
2016-05-03,24234.27255796035,174.26852416992188
2016-05-04,24012.124202783125,173.29649353027344
2016-05-05,23973.413941739793,173.26266479492188
2016-05-06,24055.685829101552,173.89663696289062
2016-05-09,23998.82243306712,174.0403289794922
2016-05-10,24347.44707544328,176.20428466796875
2016-05-11,24175.661510530925,174.5559539794922
2016-05-12,24131.434289835845,174.60665893554688
2016-05-13,23915.535121497407,173.08509826660156
2016-05-16,24203.863343973022,174.79263305664062
2016-05-17,23952.81069160616,173.1612548828125
2016-05-18,24088.519696415362,173.21194458007812
2016-05-19,23912.396783055217,172.6117401123047
2016-05-20,24036.80477970292,173.7021942138672
2016-05-23,23995.790861016885,173.46548461914062
2016-05-24,24301.863667090514,175.71400451660156
2016-05-25,24548.489670215306,176.9058837890625
2016-05-26,24560.76572444203,176.95663452148438
2016-05-27,24625.19317589624,177.71743774414062
2016-05-31,24594.204142303886,177.37928771972656
2016-06-01,24622.600088308147,177.7427520751953
2016-06-02,24714.495323310748,178.28375244140625
2016-06-03,24628.12864303829,177.75119018554688
2016-06-06,24763.188865646447,178.6557159423828
2016-06-07,24809.653178672863,178.93466186523438
2016-06-08,24865.83478815003,179.51791381835938
2016-06-09,24789.70015158577,179.27273559570312
2016-06-10,24519.489705240703,177.5736846923828
2016-06-13,24336.485911160125,176.20428466796875
2016-06-14,24235.968971672402,175.85775756835938
2016-06-15,24171.093804670385,175.6126251220703
2016-06-16,24227.00513593813,176.13670349121094
2016-06-17,24159.21247064808,175.480712890625
2016-06-20,24332.802389410022,176.61080932617188
2016-06-21,24355.42223665696,177.11216735839844
2016-06-22,24309.902165457763,176.82322692871094
2016-06-23,24687.61025725851,179.1259765625
2016-06-24,23685.921230967648,172.6936798095703
2016-06-27,23212.757488146905,169.6007843017578
2016-06-28,23656.977822918267,172.6596221923828
2016-06-29,24113.116846136476,175.59967041015625
2016-06-30,24377.612836224616,177.9958038330078
2016-07-01,24409.342851915633,178.36968994140625
2016-07-05,24166.63587841266,177.08663940429688
2016-07-06,24326.58779587205,178.1487579345703
2016-07-07,24402.349139758233,178.03829956054688
2016-07-08,24810.603943483773,180.68939208984375
2016-07-11,24944.811124563694,181.32666015625
2016-07-12,25189.274066544585,182.6437225341797
2016-07-13,25138.00467425286,182.6182098388672
2016-07-14,25350.676894366436,183.63787841796875
2016-07-15,25334.674323584815,183.3914337158203
2016-07-18,25431.894942752995,183.88429260253906
2016-07-19,25444.302001983473,183.6973419189453
2016-07-20,25562.20542726305,184.4620819091797
2016-07-21,25414.106427174822,183.7653350830078
2016-07-22,25480.923710831175,184.5895538330078
2016-07-25,25407.880816631125,184.08816528320312
2016-07-26,25468.516904063803,184.1731719970703
2016-07-27,25528.446248350614,183.97772216796875
2016-07-28,25560.62344585005,184.19017028808594
2016-07-29,25579.187214751677,184.48756408691406
2016-08-01,25592.099084990932,184.33462524414062
2016-08-02,25454.892081322272,183.15354919433594
2016-08-03,25546.126066756366,183.6888885498047
2016-08-04,25558.67487849924,183.88429260253906
2016-08-05,25725.395016193637,185.3882293701172
2016-08-08,25701.11426830667,185.2777862548828
2016-08-09,25711.3498566194,185.3882293701172
2016-08-10,25587.656756256543,184.9293975830078
2016-08-11,25720.387484857813,185.78761291503906
2016-08-12,25700.926208050907,185.62615966796875
2016-08-15,25840.92349950046,186.16146850585938
2016-08-16,25756.304858090196,185.2013397216797
2016-08-17,25727.088092437407,185.5497283935547
2016-08-18,25715.545279648468,185.9661102294922
2016-08-19,25694.860035026544,185.69410705566406
2016-08-22,25681.564542318018,185.68565368652344
2016-08-23,25742.549589949074,186.0595245361328
2016-08-24,25595.30946663887,185.10787963867188
2016-08-25,25578.087751077117,184.9803924560547
2016-08-26,25600.660972412155,184.6320343017578
2016-08-29,25718.93956070059,185.5412139892578
2016-08-30,25682.573612959797,185.23529052734375
2016-08-31,25610.193809566896,184.70848083496094
2016-09-01,25544.731548054984,184.71697998046875
2016-09-02,25612.54375791398,185.5497283935547
2016-09-06,25689.79905474961,186.11056518554688
2016-09-07,25670.91703916729,186.093505859375
2016-09-08,25659.87712306719,185.66864013671875
2016-09-09,25095.56884695392,181.22471618652344
2016-09-12,25444.57816761493,183.8248291015625
2016-09-13,25094.558705358468,181.18223571777344
2016-09-14,25102.137999528306,181.11419677734375
2016-09-15,25360.320997736217,182.9241485595703
2016-09-16,25269.021944712065,182.21701049804688
2016-09-19,25246.7946769963,182.25119018554688
2016-09-20,25287.96028732167,182.25970458984375
2016-09-21,25511.791692541632,184.30931091308594
2016-09-22,25677.572944561434,185.4707489013672
2016-09-23,25502.76428629259,184.45440673828125
2016-09-26,25222.574012064986,182.95993041992188
2016-09-27,25429.974867898305,184.09579467773438
2016-09-28,25582.009795395614,185.009521484375
2016-09-29,25375.500715546466,183.33572387695312
2016-09-30,25640.246722685566,184.71925354003906
2016-10-03,25599.25363473712,184.275146484375
2016-10-04,25556.586805302482,183.33572387695312
2016-10-05,25771.547383288005,184.14700317382812
2016-10-06,25786.623943539624,184.275146484375
2016-10-07,25699.006528454287,183.64317321777344
2016-10-10,25736.113119785772,184.59967041015625
2016-10-11,25411.156987643266,182.26820373535156
2016-10-12,25410.63798143411,182.5073699951172
2016-10-13,25300.15806156681,181.90957641601562
2016-10-14,25321.6601453433,182.0034637451172
2016-10-17,25225.42821190266,181.37158203125
2016-10-18,25329.21537699463,182.5073699951172
2016-10-19,25332.785759106595,182.99411010742188
2016-10-20,25403.53096674697,182.6525421142578
2016-10-21,25392.681595859474,182.73793029785156
2016-10-24,25504.9651163092,183.5150604248047
2016-10-25,25376.39651202837,182.90020751953125
2016-10-26,25385.912480149236,182.5330047607422
2016-10-27,25417.703172147776,182.04617309570312
2016-10-28,25312.41080864374,181.5081787109375
2016-10-31,25242.794488504125,181.51670837402344
2016-11-01,25104.059898889984,180.2015380859375
2016-11-02,24965.004972941028,179.11700439453125
2016-11-03,24885.764527073516,178.29718017578125
2016-11-04,24850.006421453465,178.10073852539062
2016-11-07,25450.28759246806,182.02906799316406
2016-11-08,25529.22559347,182.8489227294922
2016-11-09,26036.73745263412,184.78750610351562
2016-11-10,26235.628939543025,185.2487335205078
2016-11-11,26223.843542978102,184.82167053222656
2016-11-14,26287.980674831044,184.9668731689453
2016-11-15,26443.344788027392,186.4100799560547
2016-11-16,26329.500212045845,186.0599822998047
2016-11-17,26412.12849334122,187.0164794921875
2016-11-18,26403.81921693788,186.59799194335938
2016-11-21,26587.08487683139,188.007080078125
2016-11-22,26655.28531204822,188.37429809570312
2016-11-23,26650.542034032365,188.47677612304688
2016-11-25,26741.88855229972,189.1770477294922
2016-11-28,26540.85860000616,188.2888641357422
2016-11-29,26489.30933111106,188.65611267089844
2016-11-30,26566.831563717544,188.20350646972656
2016-12-01,26566.85245414332,187.51181030273438
2016-12-02,26542.12893083174,187.6057891845703
2016-12-05,26749.145807273635,188.73300170898438
2016-12-06,26820.92935013103,189.3307647705078
2016-12-07,27208.736105494692,191.807373046875
2016-12-08,27350.859628143382,192.27703857421875
2016-12-09,27576.681008080777,193.4384765625
2016-12-12,27537.757409394082,193.21646118164062
2016-12-13,27737.124229912817,194.5059814453125
2016-12-14,27597.59048410888,192.9005126953125
2016-12-15,27789.10332977401,193.6947479248047
2016-12-16,27684.281783089187,193.31588745117188
2016-12-19,27758.389131380398,193.73681640625
2016-12-20,27927.837411347024,194.48411560058594
2016-12-21,27861.836335781874,193.94296264648438
2016-12-22,27787.53424611944,193.6079559326172
2016-12-23,27829.884322934973,193.89141845703125
2016-12-27,27877.150577014545,194.37245178222656
2016-12-28,27644.17463743445,192.76611328125
2016-12-29,27591.163247287743,192.7230987548828
2016-12-30,27484.993618477303,192.0187530517578
2017-01-03,27741.18590829033,193.4876708984375
2017-01-04,27849.177379386194,194.6388397216797
2017-01-05,27840.788401424346,194.48411560058594
2017-01-06,27983.90152900266,195.1799774169922
2017-01-09,27913.59486068219,194.53567504882812
2017-01-10,27984.723514854413,194.53567504882812
2017-01-11,28005.294101354808,195.0855255126953
2017-01-12,27949.775312362974,194.5958251953125
2017-01-13,28003.722759157394,195.0425567626953
2017-01-17,27850.78704252253,194.35523986816406
2017-01-18,27913.85999374687,194.78477478027344
2017-01-19,27800.648041419317,194.063232421875
2017-01-20,27816.220746721094,194.7761993408203
2017-01-23,27786.400678662074,194.26937866210938
2017-01-24,27992.8436246631,195.51498413085938
2017-01-25,28254.027668187373,197.20730590820312
2017-01-26,28201.341758968214,197.00119018554688
2017-01-27,28186.895427094445,196.6918182373047
2017-01-30,27994.76987528036,195.47201538085938
2017-01-31,27882.682614834946,195.454833984375
2017-02-01,27956.86415848175,195.53216552734375
2017-02-02,28032.396338920844,195.66099548339844
2017-02-03,28322.111772664903,197.00970458984375
2017-02-06,28272.525850134425,196.65748596191406
2017-02-07,28315.768216718643,196.66607666015625
2017-02-08,28298.68601209887,196.92381286621094
2017-02-09,28410.50509816454,198.0920867919922
2017-02-10,28543.51175015105,198.87380981445312
2017-02-13,28764.026913240505,199.95616149902344
2017-02-14,28973.21035136601,200.75511169433594
2017-02-15,29194.516280064752,201.80307006835938
2017-02-16,29208.810227153743,201.63131713867188
2017-02-17,29278.76596241015,201.9490966796875
2017-02-21,29450.590919735652,203.15174865722656
2017-02-22,29432.501430649412,202.97129821777344
2017-02-23,29443.28418478588,203.1087646484375
2017-02-24,29453.70429553593,203.36651611328125
2017-02-27,29535.02883411019,203.6843719482422
2017-02-28,29467.846972133957,203.13458251953125
2017-03-01,30003.39966978821,205.9779815673828
2017-03-02,29807.94007688523,204.6808319091797
2017-03-03,29821.001046488702,204.80967712402344
2017-03-06,29706.57353242488,204.1998291015625
2017-03-07,29651.354676220875,203.58987426757812
2017-03-08,29604.32841751148,203.21188354492188
2017-03-09,29659.936649016436,203.46961975097656
2017-03-10,29734.559883578,204.18264770507812
2017-03-13,29668.033794420033,204.28567504882812
2017-03-14,29574.598533832257,203.50393676757812
2017-03-15,29766.983942438026,205.26498413085938
2017-03-16,29743.26020966154,204.86122131347656
2017-03-17,29601.061379220893,204.50143432617188
2017-03-20,29552.084074800216,204.2771453857422
2017-03-21,29137.367144841177,201.65431213378906
2017-03-22,29209.369913736176,202.1288604736328
2017-03-23,29170.24603535589,201.9131317138672
2017-03-24,29127.479906924273,201.76651000976562
2017-03-27,29088.24682297018,201.5594024658203
2017-03-28,29320.440098687115,203.02615356445312
2017-03-29,29310.318833078516,203.21592712402344
2017-03-30,29479.435557969377,203.86302185058594
2017-03-31,29394.06976824355,203.3885040283203
2017-04-03,29366.100479425975,203.0347137451172
2017-04-04,29442.777696615172,203.1641387939453
2017-04-05,29317.892065516397,202.56024169921875
2017-04-06,29388.383793371555,203.12965393066406
2017-04-07,29374.82654225193,202.92254638671875
2017-04-10,29397.191915076528,203.0433807373047
2017-04-11,29358.85363352413,202.80177307128906
2017-04-12,29184.252718293752,201.9131317138672
2017-04-13,28953.920839759325,200.6017608642578
2017-04-17,29189.76843998246,202.37905883789062
2017-04-18,29076.54490862454,201.7750701904297
2017-04-19,28947.708257007987,201.4041290283203
2017-04-20,29247.884560914743,203.0433807373047
2017-04-21,29168.563462163274,202.39627075195312
2017-04-24,29590.216130002413,204.62222290039062
2017-04-25,29836.955103052056,205.81283569335938
2017-04-26,29831.321641425697,205.68345642089844
2017-04-27,29858.72641102733,205.85597229003906
2017-04-28,29830.899956343837,205.4073486328125
2017-05-01,29851.210668635846,205.9250030517578
2017-05-02,29935.96251527265,206.002685546875
2017-05-03,29979.780558098908,205.75245666503906
2017-05-04,29983.145082275012,205.99400329589844
2017-05-05,30013.895806947494,206.8050079345703
2017-05-08,30031.659628071488,206.77052307128906
2017-05-09,29997.543616021416,206.58065795898438
2017-05-10,30019.001445812093,206.95172119140625
2017-05-11,29971.850671176166,206.52894592285156
2017-05-12,29982.854604620974,206.18382263183594
2017-05-15,30166.1468534668,207.3227081298828
2017-05-16,30209.75821602612,207.13287353515625
2017-05-17,29595.304771895062,203.45750427246094
2017-05-18,29626.97944873635,204.2771453857422
2017-05-19,29816.158811232108,205.60574340820312
2017-05-22,29906.508588432782,206.64968872070312
2017-05-23,29977.810519300347,207.1069793701172
2017-05-24,30034.539768499686,207.59011840820312
2017-05-25,30164.224326035834,208.5823516845703
2017-05-26,30175.012010893915,208.53921508789062
2017-05-30,30083.127442275505,208.35801696777344
2017-05-31,30042.67435117942,208.30625915527344
2017-06-01,30233.788054601617,209.96273803710938
2017-06-02,30431.042412437633,210.66162109375
2017-06-05,30361.181874306887,210.50631713867188
2017-06-06,30269.930765492023,209.83340454101562
2017-06-07,30340.379037458413,210.22158813476562
2017-06-08,30432.468876710424,210.32513427734375
2017-06-09,30477.091607079215,210.00587463378906
2017-06-12,30456.45961362121,209.96273803710938
2017-06-13,30595.981999084102,210.9894561767578
2017-06-14,30612.80740805763,210.7219696044922
2017-06-15,30574.537209579074,210.31649780273438
2017-06-16,30560.01971362467,210.36245727539062
2017-06-19,30828.516216522414,212.11375427246094
2017-06-20,30694.169758522716,210.6832275390625
2017-06-21,30606.137465250864,210.6311798095703
2017-06-22,30619.845939174946,210.53578186035156
2017-06-23,30555.155084650098,210.78729248046875
2017-06-26,30572.133191776444,210.92596435546875
2017-06-27,30353.984109547324,209.2266845703125
2017-06-28,30634.167256556462,211.09938049316406
2017-06-29,30436.20764674553,209.24407958984375
2017-06-30,30450.876788619014,209.63418579101562
2017-07-03,30602.729189591373,209.98963928222656
2017-07-05,30680.39611342753,210.4751434326172
2017-07-06,30386.327712671144,208.55050659179688
2017-07-07,30541.69387193809,209.9028778076172
2017-07-10,30568.955109800278,210.1283416748047
2017-07-11,30559.818953301638,209.97232055664062
2017-07-12,30725.716526492877,211.55018615722656
2017-07-13,30804.422530883636,211.90570068359375
2017-07-14,30899.937984099804,212.89401245117188
2017-07-17,30836.202429514273,212.86802673339844
2017-07-18,30824.562528023132,212.98068237304688
2017-07-19,30948.15788553717,214.1337432861328
2017-07-20,30862.23401428911,214.22918701171875
2017-07-21,30813.2201683246,214.03842163085938
2017-07-24,30803.725898119097,213.98641967773438
2017-07-25,31057.9509485651,214.506591796875
2017-07-26,31118.39373017176,214.51522827148438
2017-07-27,31045.56554663181,214.31581115722656
2017-07-28,31057.132041621517,214.064453125
2017-07-31,31119.516965323834,213.9430389404297
2017-08-01,31216.868969411942,214.4198760986328
2017-08-02,31319.316092190507,214.52395629882812
2017-08-03,31222.712629987742,214.10775756835938
2017-08-04,31354.99395279269,214.4978790283203
2017-08-07,31423.753892206503,214.89671325683594
2017-08-08,31390.313266215966,214.3678741455078
2017-08-09,31394.118885914962,214.3591766357422
2017-08-10,30968.479853364457,211.3334197998047
2017-08-11,31008.042104571046,211.64553833007812
2017-08-14,31305.907372436515,213.74359130859375
2017-08-15,31277.253321115986,213.71759033203125
2017-08-16,31311.7474034747,214.0904541015625
2017-08-17,30820.67800548881,210.7526397705078
2017-08-18,30715.529048393393,210.42311096191406
2017-08-21,30710.175593209537,210.5878448486328
2017-08-22,31075.96692928257,212.7899169921875
2017-08-23,30980.56700427982,212.0270538330078
2017-08-24,30925.516154383506,211.5328369140625
2017-08-25,30929.84277513411,212.0270538330078
2017-08-28,30955.191438350666,212.0357208251953
2017-08-29,30993.629608546813,212.2784881591797
2017-08-30,31173.56447614823,213.28411865234375
2017-08-31,31373.368982410488,214.56727600097656
2017-09-01,31477.296760760248,214.8706817626953
2017-09-05,31220.15480961373,213.3274688720703
2017-09-06,31361.285976402378,214.0557403564453
2017-09-07,31425.555746917107,214.02969360351562
2017-09-08,31370.864682795494,213.77833557128906
2017-09-11,31732.348529789004,216.05850219726562
2017-09-12,31907.146775691624,216.78675842285156
2017-09-13,31944.589913094173,216.8907012939453
2017-09-14,31962.03221617873,216.8214111328125
2017-09-15,32039.63333655514,217.11325073242188
2017-09-18,32149.351776161515,217.5750274658203
2017-09-19,32217.49808693406,217.79290771484375
2017-09-20,32307.40568600348,217.8712921142578
2017-09-21,32295.141405315575,217.28750610351562
2017-09-22,32332.11161484979,217.3311004638672
2017-09-25,32282.48140574823,216.88671875
2017-09-26,32274.94225534284,217.01742553710938
2017-09-27,32387.222188882883,217.86260986328125
2017-09-28,32525.184699052556,218.1239471435547
2017-09-29,32615.595236149213,218.8906707763672
2017-10-02,32807.6214874125,219.84034729003906
2017-10-03,32889.96545885671,220.31089782714844
2017-10-04,32920.29940720977,220.5722198486328
2017-10-05,33184.59517371949,221.8791961669922
2017-10-06,33126.325613646586,221.62649536132812
2017-10-09,33044.23114639459,221.2605438232422
2017-10-10,33129.33199636339,221.84426879882812
2017-10-11,33211.46377884719,222.1927947998047
2017-10-12,33159.44906548727,221.8617401123047
2017-10-13,33232.25899004169,222.1318359375
2017-10-16,33271.17176080774,222.4280548095703
2017-10-17,33275.92983120447,222.5849151611328
2017-10-18,33420.644090922324,222.80271911621094
2017-10-19,33432.12143474439,222.86367797851562
2017-10-20,33614.00222441876,224.01373291015625
2017-10-23,33468.16425132105,223.14248657226562
2017-10-24,33608.46069941226,223.53460693359375
2017-10-25,33423.55207719775,222.4280548095703
2017-10-26,33474.243370935175,222.715576171875
2017-10-27,33743.5650740238,224.53656005859375
2017-10-30,33680.0173517516,223.70010375976562
2017-10-31,33728.18723451554,224.0486297607422
2017-11-01,33822.32166440057,224.34483337402344
2017-11-02,33851.77656072825,224.43199157714844
2017-11-03,34037.105686419374,225.1813201904297
2017-11-06,34052.272101699455,225.52980041503906
2017-11-07,34031.23986076741,225.3729705810547
2017-11-08,34071.13900442364,225.75631713867188
2017-11-09,33880.36392332148,224.93734741210938
2017-11-10,33793.820665580686,224.8676300048828
2017-11-13,33758.98852977809,225.07672119140625
2017-11-14,33713.68563239173,224.55401611328125
2017-11-15,33570.07070218845,223.43002319335938
2017-11-16,33868.985988606975,225.32940673828125
2017-11-17,33723.065242168625,224.6671600341797
2017-11-20,33831.70475210211,225.05059814453125
2017-11-21,34052.84478893236,226.5230712890625
2017-11-22,34013.540466170874,226.3226318359375
2017-11-24,34116.13534849718,226.8454132080078
2017-11-27,34151.112744511025,226.73214721679688
2017-11-28,34510.27309381029,229.0323486328125
2017-11-29,34519.892095632094,228.8929443359375
2017-11-30,34895.336020859206,230.89686584472656
2017-12-01,34874.61389709519,230.41766357421875
2017-12-04,34972.91609936262,230.13880920410156
2017-12-05,34836.51828543788,229.3112030029297
2017-12-06,34715.40548885268,229.35475158691406
2017-12-07,34796.5393972087,230.07789611816406
2017-12-08,34984.626360592134,231.33253479003906
2017-12-11,35058.63908421474,232.02955627441406
2017-12-12,35182.04084666244,232.43899536132812
2017-12-13,35204.67142072557,232.41282653808594
2017-12-14,35035.1682889272,231.4632110595703
2017-12-15,35346.28780244321,233.3906707763672
2017-12-18,35593.45108091151,234.87060546875
2017-12-19,35540.69527454706,233.9686737060547
2017-12-20,35587.66666263428,233.8460693359375
2017-12-21,35659.02870444922,234.32769775390625
2017-12-22,35624.329898204276,234.26638793945312
2017-12-26,35610.76428850515,233.98622131347656
2017-12-27,35651.365751639496,234.1000518798828
2017-12-28,35708.33008888333,234.58169555664062
2017-12-29,35516.31441561139,233.6971893310547
2018-01-02,35785.418010458285,235.36981201171875
2018-01-03,35956.70738600392,236.85853576660156
2018-01-04,36201.70532555022,237.8568572998047
2018-01-05,36455.436142958264,239.4419708251953
2018-01-08,36468.05197647337,239.87986755371094
2018-01-09,36584.13612195024,240.42276000976562
2018-01-10,36587.13597422593,240.0549774169922
2018-01-11,36897.965797734345,241.80642700195312
2018-01-12,37292.58996863806,243.38275146484375
2018-01-16,37131.05096927824,242.5508575439453
2018-01-17,37448.733537803426,244.86277770996094
2018-01-18,37357.96062481859,244.45111083984375
2018-01-19,37452.246831587094,245.56326293945312
2018-01-22,37733.30028011155,247.55995178222656
2018-01-23,37754.2630052856,248.0854034423828
2018-01-24,37778.6377759948,247.98907470703125
2018-01-25,37810.89691404335,248.09408569335938
2018-01-26,38255.6265423947,250.96658325195312
2018-01-29,38056.69259648186,249.3026580810547
2018-01-30,37569.58027836342,246.74554443359375
2018-01-31,37495.26427299223,246.8680419921875
2018-02-01,37503.0726820535,246.587890625
2018-02-02,36738.433577691525,241.21974182128906
2018-02-05,35163.97173269208,231.13131713867188
2018-02-06,35940.040534129956,235.6851043701172
2018-02-07,35822.15803849537,234.4065399169922
2018-02-08,34419.439420724564,225.6141815185547
2018-02-09,34969.76037161517,229.00326538085938
2018-02-12,35512.56376003928,232.36602783203125
2018-02-13,35590.650423616775,232.94412231445312
2018-02-14,36178.02028167989,236.08786010742188
2018-02-15,36671.104963244616,239.1004180908203
2018-02-16,36652.9022269339,239.17044067382812
2018-02-20,36477.60847084421,237.6730194091797
2018-02-21,36295.16672382725,236.49078369140625
2018-02-22,36373.64709553743,236.7972869873047
2018-02-23,36992.505205226815,240.5716552734375
2018-02-26,37452.032762447314,243.36524963378906
2018-02-27,37064.628050655185,240.3264617919922
2018-02-28,36543.55121419804,237.89190673828125
2018-03-01,35940.03772556317,234.43280029296875
2018-03-02,36017.3610222521,235.6413116455078
2018-03-05,36472.27769946537,238.36483764648438
2018-03-06,36536.99850896596,238.96910095214844
2018-03-07,36500.95680440087,238.8815155029297
2018-03-08,36640.81175927533,240.0375213623047
2018-03-09,37436.991667301845,244.21470642089844
2018-03-12,37353.99975864426,243.90821838378906
2018-03-13,37016.479201009555,242.33193969726562
2018-03-14,36787.32468708146,241.0883331298828
2018-03-15,36854.84008231474,240.82557678222656
2018-03-16,36919.81764766492,241.08676147460938
2018-03-19,36357.90435889997,237.82481384277344
2018-03-20,36508.26549116888,238.22921752929688
2018-03-21,36597.10268713542,237.77203369140625
2018-03-22,35581.34614451678,231.82847595214844
2018-03-23,34875.6647709436,226.88705444335938
2018-03-26,35913.44176685377,233.094482421875
2018-03-27,35302.089530662866,229.12913513183594
2018-03-28,35083.50471350363,228.45205688476562
2018-03-29,35546.99007851929,231.37115478515625
2018-04-02,34675.83545232375,226.37709045410156
2018-04-03,35164.90840279364,229.27854919433594
2018-04-04,35531.11226337512,231.7316436767578
2018-04-05,35857.759333465125,233.5605010986328
2018-04-06,34998.72217717015,228.35540771484375
2018-04-09,35144.43923633042,229.48086547851562
2018-04-10,35801.837879200844,233.12966918945312
2018-04-11,35568.45025091839,231.9075164794922
2018-04-12,35985.74827584773,233.81549072265625
2018-04-13,35881.174603455445,233.12966918945312
2018-04-16,35985.723255993624,235.04641723632812
2018-04-17,36322.76406413127,237.56101989746094
2018-04-18,36253.22474536329,237.73684692382812
2018-04-19,36268.361991916514,236.41806030273438
2018-04-20,35981.39940148797,234.41339111328125
2018-04-23,35934.95029645867,234.37815856933594
2018-04-24,35506.056079762886,231.2217254638672
2018-04-25,35485.02342512596,231.793212890625
2018-04-26,35964.54201175904,234.14955139160156
2018-04-27,35997.4688075023,234.36941528320312
2018-04-30,35760.76024786492,232.5669403076172
2018-05-01,35777.0773390492,232.98020935058594
2018-05-02,35584.38856862726,231.4152069091797
2018-05-03,35484.54114377458,230.9051971435547
2018-05-04,35921.35893153088,233.89462280273438
2018-05-07,36077.04730300772,234.68588256835938
2018-05-08,36211.70075046522,234.68588256835938
2018-05-09,36613.41815828144,236.95436096191406
2018-05-10,36934.47559823892,239.17005920410156
2018-05-11,37070.55396344276,239.8997802734375
2018-05-14,37119.90769285779,240.01406860351562
2018-05-15,36825.652095145546,238.3612060546875
2018-05-16,36885.80206815711,239.36343383789062
2018-05-17,36856.08257626811,239.16123962402344
2018-05-18,36752.268061796174,238.56333923339844
2018-05-21,37093.80848917012,240.3569793701172
2018-05-22,36990.83432147225,239.68875122070312
2018-05-23,37093.34665664362,240.34817504882812
2018-05-24,37059.84176243867,239.85574340820312
2018-05-25,36950.3582968373,239.28433227539062
2018-05-29,36422.368832787615,236.5323028564453
2018-05-30,36883.46072605584,239.68875122070312
2018-05-31,36658.1959751309,238.22048950195312
2018-06-01,37061.53468168177,240.55923461914062
2018-06-04,37194.541578894816,241.70220947265625
2018-06-05,37157.30028906428,241.87811279296875
2018-06-06,37608.487761653676,243.90036010742188
2018-06-07,37719.39262718471,243.8739776611328
2018-06-08,37720.40727158635,244.59486389160156
2018-06-11,37765.494823922236,244.9202423095703
2018-06-12,37781.371815063525,245.2367706298828
2018-06-13,37643.007259255704,244.45423889160156
2018-06-14,37595.13261337218,245.06968688964844
2018-06-15,37443.90456501199,244.757080078125
2018-06-18,37352.24911088339,244.2536163330078
2018-06-19,37126.721582664475,243.31752014160156
2018-06-20,37151.77179544787,243.73257446289062
2018-06-21,36877.06943889442,242.20468139648438
2018-06-22,36986.845508578845,242.64625549316406
2018-06-25,36432.20079783834,239.3430938720703
2018-06-26,36552.602346249885,239.87303161621094
2018-06-27,36301.71791698883,237.88592529296875
2018-06-28,36531.528538018305,239.24600219726562
2018-06-29,36517.31740652147,239.59046936035156
2018-07-02,36547.404362339665,240.10263061523438
2018-07-03,36351.21203062509,239.25485229492188
2018-07-05,36638.915259032685,241.20655822753906
2018-07-06,36903.66300611684,243.24681091308594
2018-07-09,37375.19645497335,245.43714904785156
2018-07-10,37538.068667880165,246.3202362060547
2018-07-11,37205.83977896828,244.51852416992188
2018-07-12,37454.611892771434,246.7354278564453
2018-07-13,37380.19412298785,246.9296875
2018-07-16,37429.736347684855,246.7088623046875
2018-07-17,37594.864368181436,247.70689392089844
2018-07-18,37730.377775086745,248.22801208496094
2018-07-19,37555.269069654736,247.29185485839844
2018-07-20,37524.23533442207,247.00917053222656
2018-07-23,37644.95243706416,247.4684295654297
2018-07-24,38053.488188992174,248.71371459960938
2018-07-25,38425.94986770451,250.83338928222656
2018-07-26,38311.81381506643,250.24156188964844
2018-07-27,38099.08374150179,248.5458984375
2018-07-30,38058.777398830985,247.24765014648438
2018-07-31,38146.02055150389,248.4664306640625
2018-08-01,38007.78603433154,248.05125427246094
2018-08-02,38034.63147992124,249.40255737304688
2018-08-03,38207.765607511275,250.4712371826172
2018-08-06,38283.607992749225,251.38978576660156
2018-08-07,38483.97687534557,252.219970703125
2018-08-08,38475.5036848775,252.11399841308594
2018-08-09,38339.462146715734,251.76959228515625
2018-08-10,38042.40282009718,250.08270263671875
2018-08-13,37810.98047178231,249.14645385742188
2018-08-14,37988.4797624956,250.7362060546875
2018-08-15,37633.5695495116,248.8638458251953
2018-08-16,38080.33637384579,250.8775177001953
2018-08-17,38248.27265099568,251.76075744628906
2018-08-20,38361.64799701257,252.29946899414062
2018-08-21,38484.45273613674,252.8912353515625
2018-08-22,38571.21493786548,252.74107360839844
2018-08-23,38492.72479355341,252.4054718017578
2018-08-24,38670.419444059844,253.9244842529297
2018-08-27,39054.12769111226,255.92929077148438
2018-08-28,39071.85552011329,256.052978515625
2018-08-29,39295.92539549417,257.4307861328125
2018-08-30,39097.71070479374,256.3885803222656
2018-08-31,39126.53378282727,256.39739990234375
2018-09-04,39138.47534753915,255.9557647705078
2018-09-05,39105.61126784454,255.26698303222656
2018-09-06,38940.18712445482,254.4985809326172
2018-09-07,38989.160773672425,254.00399780273438
2018-09-10,39128.879601826615,254.44552612304688
2018-09-11,39183.4127543164,255.2845916748047
2018-09-12,39203.885689399795,255.34642028808594
2018-09-13,39408.028538413324,256.85662841796875
2018-09-14,39406.70415981793,256.90087890625
2018-09-17,39243.64196287139,255.54080200195312
2018-09-18,39548.71710620088,256.9273986816406
2018-09-19,39801.69325436984,257.201171875
2018-09-20,40097.16997100954,259.28533935546875
2018-09-21,40142.38593923182,259.048583984375
2018-09-24,39970.44800032819,258.1880187988281
2018-09-25,39954.11611767019,257.9484558105469
2018-09-26,39822.53801707127,257.1766662597656
2018-09-27,39947.21359325053,257.89520263671875
2018-09-28,39904.695106816114,257.9219665527344
2018-10-01,40191.66578574034,258.8179016113281
2018-10-02,40273.99138997627,258.6669616699219
2018-10-03,40326.95025020662,258.8089599609375
2018-10-04,40149.721712616316,256.7861328125
2018-10-05,39911.66806668124,255.34901428222656
2018-10-08,39961.95535419977,255.34901428222656
2018-10-09,39850.602405704885,254.97637939453125
2018-10-10,38545.20985054199,246.9030303955078
2018-10-11,37658.46373411704,241.46458435058594
2018-10-12,38154.81573616057,244.81820678710938
2018-10-15,37901.83520041364,243.44300842285156
2018-10-16,38518.15191828326,248.76608276367188
2018-10-17,38452.98427662789,248.8104705810547
2018-10-18,37832.3469371485,245.2173614501953
2018-10-19,37803.00562783366,245.08428955078125
2018-10-22,37516.46859641159,243.98422241210938
2018-10-23,37313.54794437671,242.7421112060547
2018-10-24,36241.3203212449,235.38743591308594
2018-10-25,36855.82379772317,239.61044311523438
2018-10-26,36255.07073889107,235.39627075195312
2018-10-29,35951.98863865854,234.0920867919922
2018-10-30,36413.54598778444,237.5609893798828
2018-10-31,36872.018228615845,240.0983123779297
2018-11-01,37157.637452771916,242.6534423828125
2018-11-02,36870.49866710563,241.21620178222656
2018-11-05,37221.55164964237,242.54701232910156
2018-11-06,37407.97209518516,244.08172607421875
2018-11-07,38253.266457408885,249.3072967529297
2018-11-08,38207.40519743117,248.85476684570312
2018-11-09,37789.59198497934,246.42393493652344
2018-11-12,36878.64411922962,241.81948852539062
2018-11-13,36853.614557318295,241.3670196533203
2018-11-14,36576.80462365809,239.7168731689453
2018-11-15,37039.379895518716,242.21873474121094
2018-11-16,37178.93896827981,242.84861755371094
2018-11-19,36688.5937304263,238.74090576171875
2018-11-20,35962.227480824964,234.32273864746094
2018-11-21,35989.44732183301,235.12123107910156
2018-11-23,35658.96228079708,233.55091857910156
2018-11-26,36224.44882795871,237.3213653564453
2018-11-27,36397.052032780586,238.11988830566406
2018-11-28,37326.663034224934,243.6027374267578
2018-11-29,37243.622723967,243.07032775878906
2018-11-30,37629.381759626085,244.5519561767578
2018-12-03,38027.561182741396,247.79022216796875
2018-12-04,36670.54512087077,239.76124572753906
2018-12-06,36660.31569285286,239.39739990234375
2018-12-07,35830.46587629754,233.83477783203125
2018-12-10,35884.393782441926,234.27845764160156
2018-12-11,35897.899245632885,234.33163452148438
2018-12-12,36165.800862588345,235.51158142089844
2018-12-13,36303.73385210587,235.43174743652344
2018-12-14,35515.283917218585,231.0845184326172
2018-12-17,34824.464609291244,226.55105590820312
2018-12-18,34935.63817820506,226.30267333984375
2018-12-19,34441.65420547974,222.91358947753906
2018-12-20,33980.690913257145,219.28501892089844
2018-12-21,33363.90679253871,214.7919464111328
2018-12-24,32518.857794694286,209.1165313720703
2018-12-26,34180.628888903884,219.6820831298828
2018-12-27,34513.0225441714,221.36868286132812
2018-12-28,34523.847855456304,221.08314514160156
2018-12-31,34876.684065613495,223.01954650878906
2019-01-02,34994.629553218576,223.25157165527344
2019-01-03,33915.405453025916,217.92416381835938
2019-01-04,35086.34802007351,225.22369384765625
2019-01-07,35384.374669553785,226.99948120117188
2019-01-08,35603.834078220294,229.1322784423828
2019-01-09,35795.627007971554,230.20309448242188
2019-01-10,35993.7387482479,231.01516723632812
2019-01-11,35967.961742609725,231.10435485839844
2019-01-14,35840.28614926559,229.6944580078125
2019-01-15,36194.14181840275,232.3269500732422
2019-01-16,36413.16176733607,232.8891143798828
2019-01-17,36702.917862826725,234.656005859375
2019-01-18,37139.66752718481,237.779296875
2019-01-22,36597.754577268504,234.56668090820312
2019-01-23,36701.05949503381,235.05755615234375
2019-01-24,36771.66047066793,235.1824951171875
2019-01-25,37063.936862670176,237.17247009277344
2019-01-28,36666.602499643115,235.36988830566406
2019-01-29,36655.44857530339,235.05755615234375
2019-01-30,37209.58904485061,238.77870178222656
2019-01-31,37577.40775366208,240.87571716308594
2019-02-01,37609.92553273264,240.99180603027344
2019-02-04,37921.918178708554,242.6873016357422
2019-02-05,38089.74250935591,243.70458984375
2019-02-06,38052.659502519564,243.3832550048828
2019-02-07,37565.297099662814,241.0631561279297
2019-02-08,37542.44387122035,241.35765075683594
2019-02-11,37557.27014246514,241.49148559570312
2019-02-12,38078.996775819076,244.59703063964844
2019-02-13,38282.86011551361,245.39108276367188
2019-02-14,38104.71356104853,244.8468017578125
2019-02-15,38645.09232216339,247.51498413085938
2019-02-19,38609.83118186109,247.94326782226562
2019-02-20,38786.91725124862,248.4429931640625
2019-02-21,38602.1052414963,247.55963134765625
2019-02-22,38810.0716462959,249.0944366455078
2019-02-25,38998.696255917406,249.43350219726562
2019-02-26,38980.12923307171,249.2550811767578
2019-02-27,39144.55407318889,249.1479949951172
2019-02-28,39043.37866406667,248.68397521972656
2019-03-01,39307.99759538968,250.2366180419922
2019-03-04,39210.310035063034,249.32643127441406
2019-03-05,39146.926620144026,248.9873504638672
2019-03-06,38797.40260854055,247.47918701171875
2019-03-07,38435.87186740079,245.40899658203125
2019-03-08,38392.83119519217,244.9181365966797
2019-03-11,38784.528731821796,248.46974182128906
2019-03-12,38798.12804598277,249.40672302246094
2019-03-13,39108.1820085413,251.05763244628906
2019-03-14,39086.73818298242,250.89698791503906
2019-03-15,39353.42289647779,252.13661193847656
2019-03-18,39570.17592221294,253.05078125
2019-03-19,39619.23646122287,253.1134796142578
2019-03-20,39461.25295722901,252.35169982910156
2019-03-21,39757.461939126064,255.2019500732422
2019-03-22,38953.26870462599,250.2901611328125
2019-03-25,38931.471713817715,250.10203552246094
2019-03-26,39270.697015850405,251.96621704101562
2019-03-27,39123.32402229114,250.6487274169922
2019-03-28,39310.0846241758,251.59878540039062
2019-03-29,39553.58239680588,253.18528747558594
2019-04-01,40084.742724954005,256.1877746582031
2019-04-02,40062.75520353343,256.3133239746094
2019-04-03,40116.461522987076,256.7166748046875
2019-04-04,40221.42183038917,257.3977966308594
2019-04-05,40372.49866962895,258.64373779296875
2019-04-08,40326.59395622633,258.84088134765625
2019-04-09,39975.238696085355,257.5143737792969
2019-04-10,40110.96399304448,258.39276123046875
2019-04-11,40124.55217437413,258.32098388671875
2019-04-12,40457.89154439843,260.0687255859375
2019-04-15,40403.9823742707,259.8985290527344
2019-04-16,40569.57739708995,260.0687255859375
2019-04-17,40576.25933127248,259.4324951171875
2019-04-18,40598.86210658247,259.9432678222656
2019-04-22,40560.638417687296,260.1674499511719
2019-04-23,40868.59107431358,262.5067138671875
2019-04-24,40722.754368084694,261.92413330078125
2019-04-25,40679.83667624339,261.7627258300781
2019-04-26,40748.00644041507,262.9818115234375
2019-04-29,40844.679688976285,263.39398193359375
2019-04-30,40916.425699378895,263.5284423828125
2019-05-01,40624.00883459313,261.5476379394531
2019-05-02,40560.34717816447,260.9830322265625
2019-05-03,40975.7839777381,263.5374450683594
2019-05-06,40792.844773975936,262.4529724121094
2019-05-07,40034.93658993475,258.0699462890625
2019-05-08,39954.11398687507,257.7115478515625
2019-05-09,39805.589894166806,256.9317932128906
2019-05-10,39905.46979611941,258.2223205566406
2019-05-13,38816.34858733068,251.733154296875
2019-05-14,39212.427930850965,254.00987243652344
2019-05-15,39448.75939189991,255.4977264404297
2019-05-16,39807.42860141956,257.8638610839844
2019-05-17,39533.237899690794,256.1968994140625
2019-05-20,39287.43349542622,254.50283813476562
2019-05-21,39627.96746231961,256.7972717285156
2019-05-22,39301.3706934756,256.0086364746094
2019-05-23,38742.97313402291,252.88038635253906
2019-05-24,38823.66666433532,253.45420837402344
2019-05-28,38471.888931799396,251.09683227539062
2019-05-29,38235.11139993599,249.4117889404297
2019-05-30,38309.54630740375,250.0930938720703
2019-05-31,37819.43266781385,246.722900390625
2019-06-03,37821.768550236404,246.09555053710938
2019-06-04,38697.18524381343,251.43746948242188
2019-06-05,38853.41755789125,253.61549377441406
2019-06-06,39171.951746077226,255.2646026611328
2019-06-07,39537.556548384775,257.8190612792969
2019-06-10,39741.53631652545,259.0022277832031
2019-06-11,39831.07546499497,258.9394226074219
2019-06-12,39788.36213803141,258.48236083984375
2019-06-13,39900.1318550064,259.5489807128906
2019-06-14,39793.36429905158,259.2621154785156
2019-06-17,39813.85483220598,259.3606872558594
2019-06-18,40388.5018001497,262.0765075683594
2019-06-19,40434.08827850572,262.6679992675781
2019-06-20,40873.149027202846,265.1776123046875
2019-06-21,40796.17211359521,264.79217529296875
2019-06-24,40627.090224009924,264.46795654296875
2019-06-25,40305.2993833527,261.8741149902344
2019-06-26,40432.52252142828,261.6128845214844
2019-06-27,40463.117968513696,262.54058837890625
2019-06-28,40669.12420600695,263.8914794921875
2019-07-01,41064.45815589672,266.2872619628906
2019-07-02,41103.874477477504,266.9807434082031
2019-07-03,41316.93401303185,269.1153564453125
2019-07-05,41234.26566150294,268.80908203125
2019-07-08,40986.67702741117,267.3320617675781
2019-07-09,41103.025543638214,267.6652526855469
2019-07-10,41207.409760625684,268.9441833496094
2019-07-11,41297.45305870058,269.5746154785156
2019-07-12,41565.9067232438,270.7815246582031
2019-07-15,41556.79025287958,270.87158203125
2019-07-16,41424.19345385993,269.9979248046875
2019-07-17,41194.953098252634,268.1607360839844
2019-07-18,41480.517745432175,269.1423034667969
2019-07-19,41297.65190281161,267.6473388671875
2019-07-22,41428.20864460044,268.3046569824219
2019-07-23,41860.2366731129,270.2230529785156
2019-07-24,41849.59635736383,271.49310302734375
2019-07-25,41614.136763816525,270.1961975097656
2019-07-26,41830.85490977162,272.0064392089844
2019-07-29,41844.53820984025,271.5110168457031
2019-07-30,41739.47280856364,270.8445739746094
2019-07-31,41354.451277108186,267.88134765625
2019-08-01,40839.69601276497,265.5486755371094
2019-08-02,40571.548224718914,263.54931640625
2019-08-05,39339.45021465339,255.62351989746094
2019-08-06,39785.4258684802,259.2081298828125
2019-08-07,39741.652159279125,259.3611755371094
2019-08-08,40396.31020485302,264.4498596191406
2019-08-09,40195.37457454235,262.64862060546875
2019-08-12,39713.310934130306,259.4513244628906
2019-08-13,40321.73555078029,263.48614501953125
2019-08-14,39060.81126863527,255.6956329345703
2019-08-15,38889.44123575589,256.37103271484375
2019-08-16,39514.036908621805,260.15386962890625
2019-08-19,39980.503847329805,263.2880859375
2019-08-20,39658.96235321227,261.27056884765625
2019-08-21,40089.73569611212,263.3961486816406
2019-08-22,40149.8710206765,263.3150634765625
2019-08-23,39055.654487914246,256.5511779785156
2019-08-26,39526.667769710904,259.3883056640625
2019-08-27,39491.341407468004,258.3705749511719
2019-08-28,39816.657989049854,260.1898498535156
2019-08-29,40370.882297484655,263.5132751464844
2019-08-30,40435.462027090005,263.3961486816406
2019-09-03,40034.027358234125,261.8560485839844
2019-09-04,40551.76059358213,264.8282470703125
2019-09-05,41202.835527593845,268.232666015625
2019-09-06,41255.63511279888,268.43988037109375
2019-09-09,41350.962186942146,268.5749816894531
2019-09-10,41478.81467963672,268.5118713378906
2019-09-11,41759.582467989945,270.4212646484375
2019-09-12,41829.64628133113,271.3580017089844
2019-09-13,41878.41349932446,271.1778259277344
2019-09-16,41743.602191115,270.34027099609375
2019-09-17,41795.842206378,271.0247802734375
2019-09-18,41853.67381477445,271.186767578125
2019-09-19,41778.949415274335,271.16888427734375
2019-09-20,41613.392386326595,269.8876647949219
2019-09-23,41634.65458202184,269.8241882324219
2019-09-24,41239.77597381821,267.7069091796875
2019-09-25,41496.29763458963,269.2904357910156
2019-09-26,41326.08938087005,268.7294921875
2019-09-27,41227.34283781785,267.28173828125
2019-09-30,41351.10072764384,268.52130126953125
2019-10-01,40778.92114457806,265.3273620605469
2019-10-02,39915.63152025209,260.6404113769531
2019-10-03,40231.644901383894,262.77587890625
2019-10-04,40753.59123488279,266.33172607421875
2019-10-07,40657.86994436782,265.1824951171875
2019-10-08,40036.93963979768,261.0657043457031
2019-10-09,40366.223807703085,263.54486083984375
2019-10-10,40653.285405319395,265.3273620605469
2019-10-11,41232.90129825846,268.0779724121094
2019-10-14,41202.5204569694,267.7794189453125
2019-10-15,41657.94225387907,270.430419921875
2019-10-16,41594.05879288703,269.99615478515625
2019-10-17,41707.10257972154,270.7924499511719
2019-10-18,41420.802813783164,269.607177734375
2019-10-21,41698.534350009904,271.434814453125
2019-10-22,41726.698083290445,270.54815673828125
2019-10-23,41748.1233761134,271.33526611328125
2019-10-24,41706.06037475851,271.7786560058594
2019-10-25,42108.238972216146,272.89166259765625
2019-10-28,42384.21512233816,274.42974853515625
2019-10-29,42290.391169752445,274.34832763671875
2019-10-30,42569.050241689365,275.18988037109375
2019-10-31,42447.20597195673,274.4569396972656
2019-11-01,42925.63092873159,276.99945068359375
2019-11-04,43279.57356979752,278.11236572265625
2019-11-05,43331.64354802056,277.80474853515625
2019-11-06,43444.23224461307,277.86798095703125
2019-11-07,43754.266246612766,278.8453063964844
2019-11-08,43887.01424991572,279.5329284667969
2019-11-11,43764.32716762194,278.9990234375
2019-11-12,43765.14945883901,279.5872497558594
2019-11-13,43659.74674509469,279.6777038574219
2019-11-14,43545.83127733149,280.0848388671875
2019-11-15,43897.0282243198,282.111572265625
2019-11-18,43762.91850952508,282.3197021484375
2019-11-19,43716.74617266519,282.23828125
2019-11-20,43593.432864833434,281.1887512207031
2019-11-21,43633.61518042406,280.73626708984375
2019-11-22,43750.29651394497,281.3606872558594
2019-11-25,44107.17335045341,283.54119873046875
2019-11-26,44124.40737688662,284.1835632324219
2019-11-27,44244.58148858293,285.45037841796875
2019-11-29,44077.10234693531,284.3916931152344
2019-12-02,43695.537868929234,281.9759216308594
2019-12-03,43286.45992210247,280.0848388671875
2019-12-04,43593.48333666608,281.8130187988281
2019-12-05,43648.06769039953,282.3197021484375
2019-12-06,44166.417187192324,284.89837646484375
2019-12-09,44080.890481987575,284.002685546875
2019-12-10,44106.05256986912,283.68603515625
2019-12-11,44192.81774583408,284.4912414550781
2019-12-12,44787.623348974215,286.9433288574219
2019-12-13,44675.676890156356,287.1152038574219
2019-12-16,44866.578543587675,289.0877380371094
2019-12-17,45049.41724217171,289.1510314941406
2019-12-18,44993.47154590102,289.169189453125
2019-12-19,45158.9895037716,290.3545227050781
2019-12-20,45266.99096002173,291.6274719238281
2019-12-23,45374.45271622483,292.0729675292969
2019-12-24,45351.35486599613,292.08209228515625
2019-12-26,45609.90062225498,293.6369323730469
2019-12-27,45597.6162466025,293.5641174316406
2019-12-30,45354.02133003925,291.9455871582031
2019-12-31,45502.08286327849,292.6549377441406
2020-01-02,46080.02537163165,295.39178466796875
2020-01-03,45677.08759090735,293.1549377441406
2020-01-06,45840.61578958874,294.2734375
2020-01-07,45702.54236665992,293.44598388671875
2020-01-08,45856.17379484571,295.0098571777344
2020-01-09,46259.95714932445,297.01019287109375
2020-01-10,46022.68250300039,296.15557861328125
2020-01-13,46391.83745648342,298.1923522949219
2020-01-14,46420.73599923512,297.73773193359375
2020-01-15,46453.383798278206,298.4104919433594
2020-01-16,46796.450901252654,300.8927917480469
2020-01-17,46932.75902162541,301.8293762207031
2020-01-21,46754.31988187061,301.2383728027344
2020-01-22,46879.78961990087,301.274658203125
2020-01-23,46997.87803309421,301.6202087402344
2020-01-24,46698.83709817631,298.93792724609375
2020-01-27,45879.76873283162,294.14605712890625
2020-01-28,46378.318064384344,297.2284240722656
2020-01-29,46489.53485197894,296.98297119140625
2020-01-30,46693.22778869859,297.9468688964844
2020-01-31,45842.01933622429,292.5366516113281
2020-02-03,46045.95728568764,294.70977783203125
2020-02-04,46597.442901404094,299.20159912109375
2020-02-05,47452.367163395946,302.65673828125
2020-02-06,47623.77646483756,303.6751403808594
2020-02-07,47288.30086018825,302.056640625
2020-02-10,47579.26161883239,304.31158447265625
2020-02-11,47789.540452833164,304.8390808105469
2020-02-12,48124.17881580384,306.8030700683594
2020-02-13,47903.35066999433,306.47564697265625
2020-02-14,47837.59967448253,306.9666442871094
2020-02-18,47533.92033568632,306.1756591796875
2020-02-19,47772.62065420628,307.6395568847656
2020-02-20,47638.91992196309,306.3757629394531
2020-02-21,47186.15089471504,303.2205505371094
2020-02-24,45616.13282352619,293.1640930175781
2020-02-25,44140.381922958826,284.280517578125
2020-02-26,43802.64368494845,283.2349548339844
2020-02-27,41764.62601563361,270.5143737792969
2020-02-28,41259.37749328631,269.3778381347656
2020-03-02,43086.92901643371,281.043701171875
2020-03-03,41887.99646372385,272.9966735839844
2020-03-04,43585.29856842751,284.4715270996094
2020-03-05,42042.381161354904,275.0152282714844
2020-03-06,41336.44746940667,270.4689025878906
2020-03-09,37834.2769144557,249.3468017578125
2020-03-10,39859.598815913036,262.24920654296875
2020-03-11,37828.94358177116,249.4650115966797
2020-03-12,34213.03697488893,225.5968780517578
2020-03-13,37560.5109965067,244.88229370117188
2020-03-16,33015.03880541205,218.0863800048828
2020-03-17,34656.78997428735,229.86131286621094
2020-03-18,32780.33451472866,218.2227783203125
2020-03-19,32989.27687253286,218.6864776611328
2020-03-20,31535.65722925338,209.26234436035156
2020-03-23,30676.38967843238,203.91189575195312
2020-03-24,33898.65919286389,222.38693237304688
2020-03-25,34544.149670929444,225.7161407470703
2020-03-26,36763.67941782474,238.89569091796875
2020-03-27,35352.362182398705,231.77999877929688
2020-03-30,36489.879907112125,239.3072509765625
2020-03-31,35986.06987249569,235.74026489257812
2020-04-01,34373.4679442329,225.13079833984375
2020-04-02,35437.033212044276,230.32579040527344
2020-04-03,34898.218392411814,226.9966278076172
2020-04-06,37319.340964151575,242.24307250976562
2020-04-07,37321.81139186355,242.49009704589844
2020-04-08,38624.82290952084,250.6300506591797
2020-04-09,39087.17718506664,254.4440460205078
2020-04-13,38584.40300909684,252.12083435058594
2020-04-14,39307.74114487351,259.556640625
2020-04-15,38304.36759940472,254.04161071777344
2020-04-16,38160.46619763389,255.26719665527344
2020-04-17,39698.61158605368,262.1633605957031
2020-04-20,39003.65213699365,257.5444641113281
2020-04-21,37851.188487085536,249.7246551513672
2020-04-22,38624.20956422535,255.26719665527344
2020-04-23,38724.0000688662,255.2488555908203
2020-04-24,39106.46736574396,258.806640625
2020-04-27,39829.06733648914,262.538330078125
2020-04-28,39812.5518799051,261.3309326171875
2020-04-29,40946.939304284024,268.1722412109375
2020-04-30,40453.60829711786,265.67547607421875
2020-05-01,39266.67653349863,258.64202880859375
2020-05-04,39263.686182439924,259.35546875
2020-05-05,39567.70738740215,261.7516784667969
2020-05-06,39221.737004528586,259.97735595703125
2020-05-07,39755.47362430778,263.114501953125
2020-05-08,40477.05414405511,267.4680480957031
2020-05-11,40288.414528466856,267.5229797363281
2020-05-12,39343.022748192525,262.1908264160156
2020-05-13,38679.01475634877,257.5536193847656
2020-05-14,39273.90761437471,260.63592529296875
2020-05-15,39265.32261617619,261.8340148925781
2020-05-18,40670.65152322989,269.8093566894531
2020-05-19,40107.9311467105,267.0381164550781
2020-05-20,40836.56860258813,271.57452392578125
2020-05-21,40659.3279957424,269.69964599609375
2020-05-22,40595.934528694386,270.21185302734375
2020-05-26,41472.633034923376,273.5409851074219
2020-05-27,42502.807935406774,277.61102294921875
2020-05-28,42026.02911005646,277.09881591796875
2020-05-29,42029.29898664735,278.3336486816406
2020-06-01,42235.662174356046,279.4585266113281
2020-06-02,42701.50613814539,281.77252197265625
2020-06-03,43576.10873574911,285.5224304199219
2020-06-04,43775.57197367437,284.7724609375
2020-06-05,45043.90962721588,292.07098388671875
2020-06-08,45836.79775086917,295.6014099121094
2020-06-09,45237.794448274624,293.3970947265625
2020-06-10,44603.781115369326,291.760009765625
2020-06-11,41551.55967858994,274.9403381347656
2020-06-12,42417.73994496313,278.2329406738281
2020-06-15,42682.81663487365,280.8304443359375
2020-06-16,43796.51502111867,286.23583984375
2020-06-17,43499.91783131492,285.04681396484375
2020-06-18,43446.96717732008,285.1565246582031
2020-06-19,43099.7373573632,283.52691650390625
2020-06-22,43196.45052250476,285.345703125
2020-06-23,43347.0569091386,286.6593322753906
2020-06-24,42143.1932595515,279.3471374511719
2020-06-25,42749.774625433616,282.3417663574219
2020-06-26,41622.337844486065,275.63580322265625
2020-06-29,42383.32926132644,279.6869201660156
2020-06-30,42859.10557745682,283.2696533203125
2020-07-01,42840.04505763467,285.25396728515625
2020-07-02,43079.620248100786,286.8247985839844
2020-07-06,43796.44603484358,291.2525939941406
2020-07-07,43081.78672218408,288.2487487792969
2020-07-08,43365.290843128125,290.4533996582031
2020-07-09,42843.05723912385,288.79986572265625
2020-07-10,43472.45941070927,291.7486572265625
2020-07-13,43367.49770382107,289.22235107421875
2020-07-14,44063.24834948731,292.9703674316406
2020-07-15,44566.12627079357,295.66204833984375
2020-07-16,44341.54240558349,294.688232421875
2020-07-17,44397.18550469527,295.5425720214844
2020-07-20,44502.61559715156,297.93109130859375
2020-07-21,44879.83060452114,298.5649108886719
2020-07-22,45036.1408148415,300.26446533203125
2020-07-23,44655.83770352061,296.681640625
2020-07-24,44044.427128183626,294.7709655761719
2020-07-27,44240.04739051964,296.92059326171875
2020-07-28,44004.56790000606,295.03729248046875
2020-07-29,44252.67068346445,298.6659851074219
2020-07-30,43643.62714998459,297.6003112792969
2020-07-31,43553.684587354204,299.9520263671875
2020-08-03,43751.542903459325,302.0373840332031
2020-08-04,44000.33427149782,303.2040100097656
2020-08-05,44525.286184291916,305.087158203125
2020-08-06,44726.57635123552,307.1265563964844
2020-08-07,44863.67986388341,307.34710693359375
2020-08-10,45356.44432833203,308.2657165527344
2020-08-11,45349.65417198107,305.72113037109375
2020-08-12,45791.13907518436,309.98345947265625
2020-08-13,45360.50952063297,309.42315673828125
2020-08-14,45375.51155782794,309.43231201171875
2020-08-17,45273.585529683594,310.4153747558594
2020-08-18,45200.27968486005,311.0859375
2020-08-19,45033.89757243618,309.7905578613281
2020-08-20,44972.48289051922,310.755126953125
2020-08-21,45120.466773801505,311.8575744628906
2020-08-24,45806.88601115285,315.01763916015625
2020-08-25,45958.665914152276,316.1199951171875
2020-08-26,46044.38770058785,319.289306640625
2020-08-27,46339.47261112882,319.9874572753906
2020-08-28,46624.58155327875,322.0543518066406
2020-08-31,46301.71527385907,320.8877258300781
2020-09-01,46406.75933075052,323.9100341796875
2020-09-02,47225.90475995923,328.5949401855469
2020-09-03,45831.92049592769,317.28668212890625
2020-09-04,45787.14123307523,314.6961364746094
2020-09-08,44632.656509714085,306.0976867675781
2020-09-09,45340.77651406674,312.1423034667969
2020-09-10,44591.49501916409,306.7224426269531
2020-09-11,44843.59058717809,306.87860107421875
2020-09-14,45259.42280711528,310.9205627441406
2020-09-15,45204.42519567696,312.4913330078125
2020-09-16,45470.671834174376,311.2512512207031
2020-09-17,45297.63625018048,308.513671875
2020-09-18,44855.072795594555,304.96197509765625
2020-09-21,43962.45996051369,301.5677795410156
2020-09-22,44189.7848035417,304.6390686035156
2020-09-23,43189.22665085071,297.57421875
2020-09-24,43247.310817867234,298.3673400878906
2020-09-25,43767.64973307848,303.1911315917969
2020-09-28,44578.01812088564,308.2268371582031
2020-09-29,44290.7768947317,306.5483093261719
2020-09-30,44807.43209820326,308.8724670410156
2020-10-01,44873.056892061926,310.85540771484375
2020-10-02,44701.438389802795,307.904052734375
2020-10-05,45466.74655029031,313.3641052246094
2020-10-06,44758.26833657838,308.9092712402344
2020-10-07,45627.546061393805,314.28643798828125
2020-10-08,46245.42807926206,317.0718994140625
2020-10-09,46475.51260477178,319.9033508300781
2020-10-12,47032.180184257035,325.04986572265625
2020-10-13,46534.394163480705,322.92852783203125
2020-10-14,46337.936652552904,320.8993225097656
2020-10-15,46404.875550369085,320.5028076171875
2020-10-16,46607.18244915334,320.30908203125
2020-10-19,45910.35223167102,315.4394226074219
2020-10-20,46065.71841399861,316.702880859375
2020-10-21,45626.66984673876,316.1033630371094
2020-10-22,46203.591210081344,317.8372802734375
2020-10-23,45953.64747643961,318.9164123535156
2020-10-26,44958.170309250425,313.0229797363281
2020-10-27,44344.23744949428,311.94378662109375
2020-10-28,43037.531404285226,301.2818298339844
2020-10-29,43351.466463023076,304.343994140625
2020-10-30,43179.46748098498,301.1712341308594
2020-11-02,43880.959512237176,304.54681396484375
2020-11-03,44681.05572114316,309.9239196777344
2020-11-04,45221.036111073154,316.8504638671875
2020-11-05,46003.467713403916,323.0299987792969
2020-11-06,45813.991444552536,322.9561767578125
2020-11-09,47591.67467096302,327.0142822265625
2020-11-10,48041.8949899843,326.5347595214844
2020-11-11,48074.8305046572,328.9604797363281
2020-11-12,47478.72199635966,325.7692565917969
2020-11-13,48356.20541179634,330.279296875
2020-11-16,49359.37279729805,334.402099609375
2020-11-17,49212.12215062155,332.60357666015625
2020-11-18,48606.82079087703,328.6007080078125
2020-11-19,48850.06673447766,329.9841613769531
2020-11-20,48582.48807656495,327.7245178222656
2020-11-23,49411.75668153096,329.6889953613281
2020-11-24,50585.55049795765,335.00146484375
2020-11-25,50448.05403880095,334.4850769042969
2020-11-27,50505.455484166145,335.4165954589844
2020-11-30,49850.66269570847,333.931640625
2020-12-01,50264.170859813225,337.58404541015625
2020-12-02,50716.26401281249,338.2941589355469
2020-12-03,50833.368150293136,338.2019958496094
2020-12-04,51544.96602904222,341.1164245605469
2020-12-07,51221.07452252928,340.4154968261719
2020-12-08,51364.41929292876,341.4114990234375
2020-12-09,51425.98998569235,338.3494873046875
2020-12-10,51500.901745186144,338.2388610839844
2020-12-11,51205.06265012529,337.8421936035156
2020-12-14,50842.14349296562,336.3296813964844
2020-12-15,51600.470279624235,340.8766784667969
2020-12-16,51491.72012603495,341.4114990234375
2020-12-17,51587.70526861845,343.32073974609375
2020-12-18,51308.737655195524,341.9499206542969
2020-12-21,51307.28579405673,340.727294921875
2020-12-22,50838.68211631442,340.15301513671875
2020-12-23,51188.3900569228,340.45867919921875
2020-12-24,51235.096414495194,341.7831726074219
2020-12-28,51543.18516462735,344.71942138671875
2020-12-29,51469.86894457798,344.0617370605469
2020-12-30,51689.54172823566,344.55267333984375
2020-12-31,52048.39825899663,346.3032531738281
2021-01-04,51282.59875767116,341.58868408203125
2021-01-05,51839.56381275638,343.94140625
2021-01-06,52607.78883892755,345.9975280761719
2021-01-07,53146.895417741405,351.13824462890625
2021-01-08,53307.94722488822,353.1389465332031
2021-01-11,53515.50990462903,350.7585144042969
2021-01-12,53876.658203316336,350.83258056640625
2021-01-13,54076.63139275658,351.7773742675781
2021-01-14,54206.16997455927,350.54541015625
2021-01-15,53568.38200962435,347.989013671875
2021-01-19,53971.84857615669,350.72137451171875
2021-01-20,54367.985136213916,355.57501220703125
2021-01-21,54222.22753112692,355.8991394042969
2021-01-22,53789.919481043165,354.6394958496094
2021-01-25,53682.62923942407,356.0380859375
2021-01-26,53704.67093232571,355.4822692871094
2021-01-27,52449.77157858659,346.7940979003906
2021-01-28,53033.46997016706,349.77667236328125
2021-01-29,52068.27480867882,342.7742004394531
2021-02-01,52506.40664649021,348.47991943359375
2021-02-02,53286.937531525364,353.4075622558594
2021-02-03,53522.446132858444,353.6854553222656
2021-02-04,54260.7171492848,357.705322265625
2021-02-05,54433.78520628145,359.11322021484375
2021-02-08,55067.09184448697,361.70660400390625
2021-02-09,54907.491163659106,361.4658508300781
2021-02-10,54927.248753987944,361.3083801269531
2021-02-11,54957.216804410265,361.89190673828125
2021-02-12,55351.34169677412,363.6795959472656
2021-02-16,55617.015799315486,363.3646240234375
2021-02-17,55676.649128559846,363.447998046875
2021-02-18,55328.5378239324,361.9012145996094
2021-02-19,55609.49374662612,361.2620544433594
2021-02-22,55698.50186643161,358.4833679199219
2021-02-23,55805.467180059015,358.91864013671875
2021-02-24,56789.39754452897,362.87371826171875
2021-02-25,55680.921134554155,354.1300354003906
2021-02-26,55062.51061971866,352.3053283691406
2021-03-01,56370.39828911909,360.8452453613281
2021-03-02,56048.903921970916,358.0295104980469
2021-03-03,55917.63002330352,353.2871398925781
2021-03-04,55338.786324111796,348.91522216796875
2021-03-05,56424.60790711174,355.3341979980469
2021-03-08,56642.73276831021,353.5649719238281
2021-03-09,56899.45804925271,358.6130065917969
2021-03-10,57546.14566629195,360.8452453613281
2021-03-11,57693.21968693279,364.5039978027344
2021-03-12,58097.8501514038,364.99481201171875
2021-03-15,58295.37506959389,367.1714782714844
2021-03-16,58078.01253604961,366.7084045410156
2021-03-17,58460.504801632786,367.9588317871094
2021-03-18,57752.00703235768,362.6051330566406
2021-03-19,57700.45037562848,361.9342346191406
2021-03-22,57818.0035637362,364.8241882324219
2021-03-23,57093.00379213333,361.952880859375
2021-03-24,57066.848945503865,360.1128845214844
2021-03-25,57704.80189628318,362.1387023925781
2021-03-26,58801.73404674924,367.9744873046875
2021-03-29,58690.86918917991,367.7885437011719
2021-03-30,58538.00219744884,366.8128662109375
2021-03-31,58446.906362023314,368.29974365234375
2021-04-01,58888.192947430325,372.2770080566406
2021-04-05,59513.9651121669,377.620361328125
2021-04-06,59303.406765375585,377.3972473144531
2021-04-07,59439.40144033139,377.8340759277344
2021-04-08,59570.20554566161,379.6275634765625
2021-04-09,60000.2672485594,382.3875732421875
2021-04-12,59815.616491650944,382.52691650390625
2021-04-13,59728.94508917664,383.6606750488281
2021-04-14,59828.98029111264,382.35040283203125
2021-04-15,60202.316317595236,386.4577941894531
2021-04-16,60456.51014367351,387.7495422363281
2021-04-19,60224.93739962582,385.8444519042969
2021-04-20,59547.49636027988,383.0194396972656
2021-04-21,60153.53469903433,386.6436462402344
2021-04-22,59597.29055510834,383.1123962402344
2021-04-23,59971.3240392117,387.26629638671875
2021-04-26,60006.60789779996,388.0746765136719
2021-04-27,60042.39611596678,387.9910888671875
2021-04-28,59946.808438464,387.87957763671875
2021-04-29,60289.577449649754,390.3514404296875
2021-04-30,59687.80360931766,387.78656005859375
2021-05-03,60128.23570784646,388.62298583984375
2021-05-04,60057.09458421766,386.22552490234375
2021-05-05,60449.93960747898,386.3462219238281
2021-05-06,61113.149104444485,389.43145751953125
2021-05-07,61524.41789340134,392.2657775878906
2021-05-10,61220.864901472334,388.38140869140625
2021-05-11,60506.98279656378,384.9151916503906
2021-05-12,59414.83217539432,376.73748779296875
2021-05-13,60131.722257352296,381.2631530761719
2021-05-14,60934.50715093412,387.11749267578125
2021-05-17,60974.12997812009,386.1324768066406
2021-05-18,60428.589643080195,382.8056945800781
2021-05-19,60130.459007825055,381.80206298828125
2021-05-20,60601.539654668624,385.9094543457031
2021-05-21,60786.09125544398,385.593505859375
2021-05-24,61202.221131883525,389.5243835449219
2021-05-25,60962.10936466575,388.6601257324219
2021-05-26,61009.16312374513,389.43145751953125
2021-05-27,61402.89473536179,389.6358337402344
2021-05-28,61333.52808427932,390.3328552246094
2021-06-01,61410.510495297625,389.98907470703125
2021-06-02,61647.999309516425,390.6023254394531
2021-06-03,61576.7184999367,389.1527099609375
2021-06-04,61920.090681030706,392.7117919921875
2021-06-07,61922.71646697937,392.3307189941406
2021-06-08,61908.87607430144,392.4143981933594
2021-06-09,61744.07165541926,391.8290100097656
2021-06-10,61864.23162243063,393.6503601074219
2021-06-11,61839.64225090563,394.3008728027344
2021-06-14,61712.93710607868,395.1837158203125
2021-06-15,61610.28659766118,394.4588317871094
2021-06-16,61169.97162027493,392.2564392089844
2021-06-17,60724.04086858985,392.1263732910156
2021-06-18,59753.14017650128,386.83642578125
2021-06-21,60826.3431989803,392.3743591308594
2021-06-22,60966.26431382668,394.47210693359375
2021-06-23,60829.35628830629,393.99658203125
2021-06-24,61463.2905576404,396.3274230957031
2021-06-25,61586.74918800534,397.73516845703125
2021-06-28,61361.96125910992,398.5370178222656
2021-06-29,61314.19592130076,398.75140380859375
2021-06-30,61654.19608766407,399.0870056152344
2021-07-01,61953.23951201088,401.2965393066406
2021-07-02,62180.98874081429,404.36395263671875
2021-07-06,61785.476657577645,403.62738037109375
2021-07-07,61928.937132902545,405.0538635253906
2021-07-08,61530.811390444804,401.75341796875
2021-07-09,62371.894909117655,406.0420837402344
2021-07-12,62572.994911069465,407.4964904785156
2021-07-13,62248.03190845655,406.10736083984375
2021-07-14,62168.14832995675,406.71331787109375
2021-07-15,62044.915512899934,405.32421875
2021-07-16,61411.96982441551,402.1449890136719
2021-07-19,60221.20392001782,396.20623779296875
2021-07-20,61272.194151695985,401.8839416503906
2021-07-21,62034.56098272646,405.1377868652344
2021-07-22,61943.01934059478,405.9862060546875
2021-07-23,62362.20147355801,410.1629943847656
2021-07-26,62620.87820976991,411.1697998046875
2021-07-27,62333.337738333634,409.29583740234375
2021-07-28,62385.44126588587,409.12799072265625
2021-07-29,62728.69632043636,410.8248596191406
2021-07-30,62239.05567761119,408.8297424316406
2021-08-02,62019.14515900226,407.9719543457031
2021-08-03,62676.49548966795,411.2910461425781
2021-08-04,62140.8891096575,409.26788330078125
2021-08-05,62654.42300021999,411.8597412109375
2021-08-06,62880.673415633646,412.5403137207031
2021-08-09,62805.71403039079,412.2047119140625
2021-08-10,63198.70574232149,412.71746826171875
2021-08-11,63519.676309633374,413.7430114746094
2021-08-12,63567.83653013653,414.98297119140625
2021-08-13,63395.42060625606,415.73822021484375
2021-08-16,63535.69720674959,416.7171325683594
2021-08-17,62933.40242874297,413.9854431152344
2021-08-18,62324.35165108958,409.454345703125
2021-08-19,62164.24545170212,410.0883483886719
2021-08-20,62526.523050073585,413.3514404296875
2021-08-23,63045.84939457115,416.9874572753906
2021-08-24,63222.971550800394,417.64947509765625
2021-08-25,63460.62882049356,418.52581787109375
2021-08-26,63087.09252626271,416.0552978515625
2021-08-27,63615.74971127407,419.7750549316406
2021-08-30,63577.898108686466,421.6210632324219
2021-08-31,63521.75234371807,420.9964599609375
2021-09-01,63296.83635926701,421.2201843261719
2021-09-02,63659.4422856571,422.51617431640625
2021-09-03,63498.55280781818,422.41351318359375
2021-09-07,63133.4284320334,420.9031066894531
2021-09-08,63043.251767102505,420.390380859375
2021-09-09,62704.320444187215,418.591064453125
2021-09-10,62361.11841426431,415.2907409667969
2021-09-13,62811.73383137724,416.3534851074219
2021-09-14,62172.410068178426,414.106689453125
2021-09-15,62678.63687347138,417.5655212402344
2021-09-16,62503.971452719066,416.9037170410156
2021-09-17,62124.91749618115,412.84246826171875
2021-09-20,60958.334284808596,405.95867919921875
2021-09-21,60923.74134887126,405.5751647949219
2021-09-22,61673.17877058039,409.53155517578125
2021-09-23,62647.609799315396,414.5072937011719
2021-09-24,62902.90462118155,415.1901550292969
2021-09-27,63102.240177343745,414.0022888183594
2021-09-28,62228.61242103278,405.65936279296875
2021-09-29,62438.669569394966,406.3421325683594
2021-09-30,61586.97838167177,401.375732421875
2021-10-01,62353.806118445566,406.14581298828125
2021-10-04,61772.44653883277,400.90802001953125
2021-10-05,62323.88536485083,405.0794982910156
2021-10-06,62397.471001800644,406.7629699707031
2021-10-07,62889.284130214444,410.27972412109375
2021-10-08,62964.37366544032,409.53155517578125
2021-10-11,62556.73627337516,406.56658935546875
2021-10-12,62106.45466710058,405.56585693359375
2021-10-13,62111.50089720243,407.02496337890625
2021-10-14,62981.08506802284,413.8713073730469
2021-10-15,63716.223931589106,417.0232238769531
2021-10-18,63727.02933195016,418.25799560546875
2021-10-19,64268.29406998015,421.4847412109375
2021-10-20,64565.22148526474,423.1402282714844
2021-10-21,64255.15984958089,424.2439270019531
2021-10-22,64186.522012652924,423.80426025390625
2021-10-25,64324.44739485938,426.07696533203125
2021-10-26,64515.38134815511,426.4605407714844
2021-10-27,64001.43056708576,424.5711669921875
2021-10-28,64502.585018347585,428.6678161621094
2021-10-29,64555.43033065378,429.53765869140625
2021-11-01,64578.11289074006,430.2764892578125
2021-11-02,64837.64654222603,432.01611328125
2021-11-03,65153.56734805287,434.65380859375
2021-11-04,65254.34105268529,436.7020568847656
2021-11-05,65626.86271976907,438.2172546386719
2021-11-08,65757.87000340849,438.5914306640625
2021-11-09,65745.24020971279,437.1416931152344
2021-11-10,65437.00799716298,433.62493896484375
2021-11-11,65308.54571076446,433.76513671875
2021-11-12,65660.74274017815,437.0386962890625
2021-11-15,65762.98736937062,437.1884460449219
2021-11-16,65787.24328486553,438.9187316894531
2021-11-17,65508.26010031868,437.85247802734375
2021-11-18,65405.675652963924,439.33966064453125
2021-11-19,64848.48550676823,438.55401611328125
2021-11-22,64852.70919042827,437.3194274902344
2021-11-23,65360.38830014317,437.8992004394531
2021-11-24,65480.11874189137,439.06842041015625
2021-11-26,63816.405681569704,429.2757873535156
2021-11-29,64235.007127532444,434.5414733886719
2021-11-30,63044.251212170755,426.0863342285156
2021-12-01,62663.75903982954,421.35369873046875
2021-12-02,63699.11267274398,427.807373046875
2021-12-03,63499.426618791644,424.0848388671875
2021-12-06,64560.87860589906,429.1073913574219
2021-12-07,65650.19161382543,437.9833984375
2021-12-08,65581.27302654937,439.1432189941406
2021-12-09,65413.79333931936,436.17828369140625
2021-12-10,65992.40058490606,440.28424072265625
2021-12-13,65396.55227499897,436.38409423828125
2021-12-14,65128.76972795676,433.3817138671875
2021-12-15,66135.54897863365,440.15338134765625
2021-12-16,66223.85624940775,436.2718200683594
2021-12-17,65330.642550321354,431.6286315917969
2021-12-20,64657.792979295155,427.03887939453125
2021-12-21,65567.57972567527,434.6227111816406
2021-12-22,66121.78244147127,438.9684143066406
2021-12-23,66558.3075448006,441.6996765136719
2021-12-27,67230.842034101,447.9506530761719
2021-12-28,67257.1740688913,447.5846862792969
2021-12-29,67346.51298575634,448.1571350097656
2021-12-30,67160.38625195432,446.91827392578125
2021-12-31,67102.67630330153,445.7919616699219
2022-01-03,67707.80718589382,448.3730163574219
2022-01-04,68420.00753329851,448.2228698730469
2022-01-05,67691.72396305288,439.61602783203125
2022-01-06,67868.33244201937,439.2030944824219
2022-01-07,68036.7339571864,437.4666442871094
2022-01-10,67878.31549414876,436.92230224609375
2022-01-11,68451.74884680797,440.9018859863281
2022-01-12,68380.53767082059,442.09393310546875
2022-01-13,68027.0222471138,436.00250244140625
2022-01-14,67653.4086227425,436.1808166503906
2022-01-18,66662.08659936664,428.45623779296875
2022-01-19,65824.50916383248,424.0072937011719
2022-01-20,65029.97894973189,419.3143615722656
2022-01-21,64081.13992731165,411.0829162597656
2022-01-24,64046.291642546246,412.8287048339844
2022-01-25,64159.40492088971,407.7885437011719
2022-01-26,64087.31443135447,406.76544189453125
2022-01-27,63852.63932027756,404.7567443847656
2022-01-28,65001.10867087135,414.8091125488281
2022-01-31,65781.73486998004,422.28033447265625
2022-02-01,66556.91658521297,425.1335754394531
2022-02-02,67088.94542110046,429.2633972167969
2022-02-03,66002.51705389617,419.173583984375
2022-02-04,66408.96747715262,421.1446533203125
2022-02-07,66577.06788964063,419.79302978515625
2022-02-08,67100.39474348567,423.2470703125
2022-02-09,67652.23636532763,429.44171142578125
2022-02-10,66670.12447009521,421.7265625
2022-02-11,65820.83778019647,413.41064453125
2022-02-14,65490.97657440108,412.0590515136719
2022-02-15,66371.19361410977,418.704345703125
2022-02-16,66348.3868343898,419.173583984375
2022-02-17,65296.60092958007,410.21942138671875
2022-02-18,64684.21742928781,407.5631408691406
2022-02-22,63989.82210224922,403.1894226074219
2022-02-23,63252.07950141414,396.03741455078125
2022-02-24,63402.146943549524,401.9974365234375
2022-02-25,64992.298723966975,410.8670654296875
2022-02-28,64756.30291492279,409.81591796875
2022-03-01,63700.48011069338,403.5742492675781
2022-03-02,64842.7965660987,410.9985046386719
2022-03-03,64593.80108882456,408.9524230957031
2022-03-04,64153.51654173431,405.6297302246094
2022-03-07,62814.85970976574,393.6721496582031
2022-03-08,62737.29280630834,390.6874694824219
2022-03-09,63777.69248656541,401.162109375
2022-03-10,63704.95062984879,399.3505859375
2022-03-11,63337.53364794662,394.2727966308594
2022-03-14,63282.37367285259,391.39141845703125
2022-03-15,64175.28826059718,399.9981994628906
2022-03-16,65205.33662139136,408.867919921875
2022-03-17,66087.18848295682,413.9832458496094
2022-03-18,66545.31287129459,418.5174560546875
2022-03-21,66341.46833611133,418.3949890136719
2022-03-22,66843.45075475714,423.2908935546875
2022-03-23,66098.54437902888,417.83966064453125
2022-03-24,66797.60714859607,424.13818359375
2022-03-25,67208.77112081216,426.20953369140625
2022-03-28,67133.38551591992,429.2412414550781
2022-03-29,67622.93206838341,434.55133056640625
2022-03-30,67393.15512762859,431.8679504394531
2022-03-31,66356.57009057149,425.22100830078125
2022-04-01,66503.1814870285,426.426025390625
2022-04-04,66825.781359105,430.0791015625
2022-04-05,66066.72996296057,424.64666748046875
2022-04-06,65723.81218712943,420.40045166015625
2022-04-07,66002.39631443548,422.5187683105469
2022-04-08,66085.21545389718,421.3890380859375
2022-04-11,65179.135197673895,414.1865234375
2022-04-12,65107.88212152541,412.6519470214844
2022-04-13,65657.66155890682,417.37823486328125
2022-04-14,65239.14191871489,412.1811828613281
2022-04-18,65375.31330599613,412.3506164550781
2022-04-19,66422.69714665091,419.0070495605469
2022-04-20,66882.2101951493,418.6963195800781
2022-04-21,66145.24126158319,412.43536376953125
2022-04-22,64324.699652731084,401.1184387207031
2022-04-25,64670.86137486128,403.4440002441406
2022-04-26,63060.16699834893,391.760009765625
2022-04-27,62747.856701981145,392.8614807128906
2022-04-28,63985.35177560899,402.7849426269531
2022-04-29,61843.1163579523,387.8997497558594
2022-05-02,62184.28045917597,390.23468017578125
2022-05-03,62581.991705184526,392.02349853515625
2022-05-04,64583.48195062571,403.9618225097656
2022-05-05,62675.29787172063,389.6038513183594
2022-05-06,62604.75228463099,387.2782897949219
2022-05-09,60925.928623225256,374.8787536621094
2022-05-10,60759.40127898111,375.7449035644531
2022-05-11,60151.2439484355,369.77581787109375
2022-05-12,60166.20155047397,369.38970947265625
2022-05-13,61184.67514731491,378.22113037109375
2022-05-16,61155.94975123467,376.6864318847656
2022-05-17,62500.05773138353,384.4350280761719
2022-05-18,60265.37518665463,368.9378356933594
2022-05-19,59575.850864214764,366.67822265625
2022-05-20,59545.25278697436,366.83831787109375
2022-05-23,60794.88005469287,373.701904296875
2022-05-24,60750.82102942577,370.8491516113281
2022-05-25,61214.748776741,374.12548828125
2022-05-26,62517.59943585475,381.60113525390625
2022-05-27,63620.09102024274,390.9690246582031
2022-05-31,63275.960156747744,388.77532958984375
2022-06-01,62873.17725220324,385.63067626953125
2022-06-02,63675.87252646395,392.9744567871094
2022-06-03,63111.03399969622,386.525146484375
2022-06-06,63198.766476155964,387.7020263671875
2022-06-07,63775.80138424879,391.42095947265625
2022-06-08,63099.16559327976,387.16534423828125
2022-06-09,61833.028732577885,377.9574279785156
2022-06-10,60033.124949415775,366.9983215332031
2022-06-13,58304.970748556945,353.0640869140625
2022-06-14,58061.685145371244,352.0002136230469
2022-06-15,58764.609414621555,357.0184020996094
2022-06-16,57161.55511069447,345.2025451660156
2022-06-17,57055.2816088169,345.9466552734375
2022-06-21,58301.96335142483,354.6553955078125
2022-06-22,57957.578001463684,354.012451171875
2022-06-23,57967.42501312195,357.4827575683594
2022-06-24,59663.56872357052,368.8484191894531
2022-06-27,59549.749874589164,367.43951416015625
2022-06-28,58619.1881287491,359.9317626953125
2022-06-29,58477.11692023485,359.6385192871094
2022-06-30,57975.834121076055,356.71673583984375
2022-07-01,58474.35136124566,360.4896545410156
2022-07-05,58234.79233205364,361.1703796386719
2022-07-06,58193.26695464907,362.39019775390625
2022-07-07,59095.038872024095,367.8177185058594
2022-07-08,59084.74118342995,367.5152587890625
2022-07-11,58507.20081940953,363.3168029785156
2022-07-12,58296.92874578357,360.10198974609375
2022-07-13,57992.45578281565,358.210693359375
2022-07-14,57803.3898933202,357.3408203125
2022-07-15,59166.354071908,364.1678771972656
2022-07-18,58838.87605754286,361.1609191894531
2022-07-19,60370.248363941355,370.9191589355469
2022-07-20,60643.48040279566,373.2831726074219
2022-07-21,61020.523252831576,377.0843811035156
2022-07-22,60669.914491992524,373.58575439453125
2022-07-25,60836.587155884015,374.03961181640625
2022-07-26,60356.89627389191,369.6143798828125
2022-07-27,61311.92996482623,379.2118225097656
2022-07-28,61875.63488926167,383.9681091308594
2022-07-29,62538.589157536015,389.5658874511719
2022-08-01,62604.23338613471,388.41229248046875
2022-08-02,61759.83407126558,385.84979248046875
2022-08-03,62506.24102312598,391.8919982910156
2022-08-04,62319.96381112443,391.627197265625
2022-08-05,62457.781582434574,390.9654541015625
2022-08-08,62441.29070914215,390.511474609375
2022-08-09,62303.50731539095,388.9606628417969
2022-08-10,63535.27526089404,397.1304931640625
2022-08-11,63686.699951378265,397.1304931640625
2022-08-12,64538.31937625252,403.8534851074219
2022-08-15,64702.457433052,405.5176086425781
2022-08-16,65025.13925072181,406.31195068359375
2022-08-17,64722.71415995147,403.427978515625
2022-08-18,65111.07382660779,404.6004638671875
2022-08-19,64354.03057061157,399.1634826660156
2022-08-22,63099.221710825725,390.8519287109375
2022-08-23,62982.818270966556,389.9062805175781
2022-08-24,63120.68505875102,391.1544494628906
2022-08-25,64035.46836266426,396.6766357421875
2022-08-26,62055.12166985609,383.2494812011719
2022-08-29,61699.24751310197,380.71539306640625
2022-08-30,61136.62822717358,376.5359191894531
2022-08-31,60611.75332618005,373.6708068847656
2022-09-01,60826.89502161093,374.84332275390625
2022-09-02,60375.71532610814,370.89080810546875
2022-09-06,60121.35105979342,369.4913635253906
2022-09-07,60945.0419539274,376.12933349609375
2022-09-08,61472.81261688115,378.5877990722656
2022-09-09,62280.98780837577,384.46929931640625
2022-09-12,62799.59628325295,388.6014404296875
2022-09-13,60117.20834953738,371.70404052734375
2022-09-14,60325.12134731742,373.1224365234375
2022-09-15,59852.73073015625,368.88629150390625
2022-09-16,59495.53273775712,366.0720520019531
2022-09-19,59803.633931874334,368.91094970703125
2022-09-20,59122.73440469136,364.67633056640625
2022-09-21,58121.933370057035,358.31500244140625
2022-09-22,57787.62405167812,355.30523681640625
2022-09-23,56592.09243300292,349.3521728515625
2022-09-26,56020.68429831065,345.8961486816406
2022-09-27,55800.245881353934,345.0131530761719
2022-09-28,57014.49846149519,351.8017578125
2022-09-29,55986.00049181215,344.4530334472656
2022-09-30,55145.241184693215,339.12652587890625
2022-10-03,56633.00636015146,348.079833984375
2022-10-04,58456.158025076744,358.86566162109375
2022-10-05,58327.05986315755,358.0301818847656
2022-10-06,57821.99506751663,354.3368225097656
2022-10-07,56657.77239363623,344.4530334472656
2022-10-10,56296.04361950682,341.822998046875
2022-10-11,56141.647585573024,339.6581726074219
2022-10-12,56105.72848491644,338.53778076171875
2022-10-13,57775.504382454594,347.47222900390625
2022-10-14,56839.59851676065,339.5538024902344
2022-10-17,58054.90603612946,348.2792663574219
2022-10-18,58750.21378771041,352.3713684082031
2022-10-19,58265.342414810555,349.87432861328125
2022-10-20,57967.6318099838,346.9405517578125
2022-10-21,59505.0359236762,355.3716735839844
2022-10-24,60357.98199832953,359.7201843261719
2022-10-25,61072.25822298042,365.46441650390625
2022-10-26,61085.44603858415,362.7109680175781
2022-10-27,61265.81377854751,360.77410888671875
2022-10-28,62806.34931688722,369.3571472167969
2022-10-31,62324.64333101053,366.6891784667969
2022-11-01,62247.85417710069,365.0845947265625
2022-11-02,61233.85024763146,355.92242431640625
2022-11-03,61083.09657890752,352.2574768066406
2022-11-04,62194.46541631923,357.32757568359375
2022-11-07,63041.76485590484,360.74560546875
2022-11-08,63549.368270959865,362.6919860839844
2022-11-09,62446.12879923749,355.2197570800781
2022-11-10,65375.179934993044,374.7405700683594
2022-11-11,65757.71751966486,378.36749267578125
2022-11-14,65256.66224431961,375.14886474609375
2022-11-15,65602.11938578973,378.3485107421875
2022-11-16,65189.337227361364,375.4621276855469
2022-11-17,65273.66907942794,374.3133239746094
2022-11-18,65491.46761163725,376.0128479003906
2022-11-21,65372.39377148697,374.6456298828125
2022-11-22,66206.98724125627,379.6871643066406
2022-11-23,66222.76500240702,382.0798645019531
2022-11-25,66297.56724488665,381.994384765625
2022-11-28,65286.413658543126,375.8988952636719
2022-11-29,65349.71715225692,375.2532958984375
2022-11-30,66725.28304567073,387.0740051269531
2022-12-01,66445.96052407302,386.7891845703125
2022-12-02,66339.7081699149,386.3429260253906
2022-12-05,65329.237163947786,379.39288330078125
2022-12-06,64411.030982052405,373.924072265625
2022-12-07,64325.57046959899,373.28790283203125
2022-12-08,64502.67797629725,376.21221923828125
2022-12-09,64012.39575664634,373.40179443359375
2022-12-12,64999.97985242624,378.7852478027344
2022-12-13,65409.154981795444,381.6526184082031
2022-12-14,65058.0483342439,379.2125549316406
2022-12-15,63483.94706223223,369.9363708496094
2022-12-16,63018.330317712294,365.5688171386719
2022-12-19,62700.74799301712,362.46893310546875
2022-12-20,62920.24912152279,362.9649658203125
2022-12-21,63980.61655175031,368.39215087890625
2022-12-22,63106.70118112959,363.1366271972656
2022-12-23,63520.36016886845,365.2254638671875
2022-12-27,63541.9117076522,363.7851867675781
2022-12-28,62939.99036221524,359.26409912109375
2022-12-29,63713.67509032089,365.7309875488281
2022-12-30,63660.39837401486,364.76763916015625
2023-01-03,63668.47575611849,363.2319641113281
2023-01-04,64327.23303769903,366.03619384765625
2023-01-05,63928.176389789,361.8584899902344
2023-01-06,65475.87703279153,370.1566467285156
2023-01-09,65218.08388786455,369.9468078613281
2023-01-10,65698.8575307881,372.5411682128906
2023-01-11,66392.11054218575,377.2530517578125
2023-01-12,66640.31381953986,378.6265563964844
2023-01-13,67108.95830019258,380.095458984375
2023-01-17,66617.43940049059,379.399169921875
2023-01-18,65564.01762238664,373.4092102050781
2023-01-19,64996.14683905586,370.6908264160156
2023-01-20,65833.00960664725,377.596435546875
2023-01-23,66454.28105974458,382.1270751953125
2023-01-24,66550.12266682745,381.71685791015625
2023-01-25,66621.37780118042,381.8600158691406
2023-01-26,67004.87629828259,386.0567321777344
2023-01-27,67032.85804544661,386.9438171386719
2023-01-30,66390.79921039197,382.0888977050781
2023-01-31,66935.6232571716,387.7068786621094
2023-02-01,67159.08465270711,391.82733154296875
2023-02-02,67682.5350081429,397.53118896484375
2023-02-03,67270.55389024015,393.3057556152344
2023-02-06,66979.89118408956,390.902099609375
2023-02-07,67553.65886156881,396.01458740234375
2023-02-08,66686.85023089581,391.6842956542969
2023-02-09,65881.24475205768,388.2887268066406
2023-02-10,66200.25924772264,389.1948547363281
2023-02-13,66925.7765758627,393.7635803222656
2023-02-14,66777.82091432532,393.5823974609375
2023-02-15,66921.73325773627,394.86053466796875
2023-02-16,66231.99861253097,389.4237976074219
2023-02-17,66092.65137565989,388.4508361816406
2023-02-21,64683.87419253147,380.658203125
2023-02-22,64515.071853685695,380.13360595703125
2023-02-23,64662.393734639714,382.1556701660156
2023-02-24,64033.76654646328,378.0733642578125
2023-02-27,64204.11891948251,379.3609924316406
2023-02-28,64071.88198134833,377.9588623046875
2023-03-01,64009.56076591439,376.50909423828125
2023-03-02,64488.999545817016,379.43731689453125
2023-03-03,65408.73022903457,385.522705078125
2023-03-06,65543.41852019903,385.7897033691406
2023-03-07,64446.78674956366,379.87603759765625
2023-03-08,64523.80554109099,380.49603271484375
2023-03-09,63595.81874130111,373.4759521484375
2023-03-10,62996.25927178865,368.0869140625
2023-03-13,62534.42665555535,367.5623474121094
2023-03-14,63477.18285430752,373.6380920410156
2023-03-15,62822.03732327042,371.30126953125
2023-03-16,63659.4321975264,377.8157653808594
2023-03-17,62887.612887895,373.39813232421875
2023-03-20,63418.00672427455,376.98858642578125
2023-03-21,64109.480041247305,381.9386291503906
2023-03-22,63041.03467281311,375.42791748046875
2023-03-23,63245.82070575874,376.44281005859375
2023-03-24,63373.64965160231,378.9130554199219
2023-03-27,63799.407344841646,379.62164306640625
2023-03-28,63751.28101458582,378.7694396972656
2023-03-29,64573.92816624946,384.27484130859375
2023-03-30,64792.056257175886,386.52484130859375
2023-03-31,65688.03827170894,391.9728088378906
2023-04-03,66271.52689884578,393.4664001464844
2023-04-04,65883.65871951621,391.2834167480469
2023-04-05,65819.37080622316,390.25897216796875
2023-04-06,65795.13685715331,391.78131103515625
2023-04-10,65898.61450309938,392.1833190917969
2023-04-11,66036.97822794225,392.28875732421875
2023-04-12,65773.68879501999,390.6897888183594
2023-04-13,66559.29155046647,395.8791809082031
2023-04-14,66898.06901407627,394.9121398925781
2023-04-17,67087.53196890002,396.3292236328125
2023-04-18,67087.20265462171,396.5876770019531
2023-04-19,67202.7990796009,396.5206298828125
2023-04-20,67023.02865464719,394.35687255859375
2023-04-21,67066.94874146246,394.66326904296875
2023-04-24,67119.46921368441,395.07501220703125
2023-04-25,66223.12964399891,388.8035583496094
2023-04-26,65450.864852311846,387.15679931640625
2023-04-27,66426.3527574917,394.8642883300781
2023-04-28,66948.56240383041,398.2344970703125
2023-05-01,66892.71746001916,397.8323669433594
2023-05-02,66064.59111274288,393.361083984375
2023-05-03,65759.0931682089,390.6609802246094
2023-05-04,65251.15839364907,387.89398193359375
2023-05-05,66271.14735225744,395.07501220703125
2023-05-08,66272.14690772619,395.1802673339844
2023-05-09,66134.09312360662,393.44720458984375
2023-05-10,66177.0700850004,395.2855529785156
2023-05-11,66123.76415258493,394.59619140625
2023-05-12,66053.10038763334,394.0792236328125
2023-05-15,66378.22051147424,395.43878173828125
2023-05-16,65872.90518352091,392.79620361328125
2023-05-17,66902.38957147214,397.5643005371094
2023-05-18,67332.11612338902,401.3941345214844
2023-05-19,67255.28979589937,400.80999755859375
2023-05-22,67067.20169136536,400.972900390625
2023-05-23,66680.9816441092,396.4727478027344
2023-05-24,66052.2157788002,393.6004333496094
2023-05-25,66012.33575690123,397.00897216796875
2023-05-26,67137.59896803185,402.15045166015625
2023-05-30,67137.48963932862,402.3037414550781
2023-05-31,66834.55054140149,400.0728454589844
2023-06-01,67307.57005354732,403.8739013671875
2023-06-02,68644.86074824404,409.71441650390625
2023-06-05,68310.89289214578,408.9293212890625
2023-06-06,68616.41597216076,409.8197326660156
2023-06-07,68769.81324815437,408.40264892578125
2023-06-08,69056.88499380872,410.8729553222656
2023-06-09,69004.36463498043,411.6101989746094
2023-06-12,69648.70622771022,415.34423828125
2023-06-13,70052.3233677771,418.08258056640625
2023-06-14,70127.9721084749,418.58050537109375
2023-06-15,70884.23090296464,423.7698669433594
2023-06-16,70693.15613835737,422.3264465332031
2023-06-20,70028.64345218426,420.1353454589844
2023-06-21,69642.24707760238,417.9826965332031
2023-06-22,69555.78193470773,419.4914855957031
2023-06-23,69158.45302632227,416.3200988769531
2023-06-26,69181.05991206128,414.6190490722656
2023-06-27,69775.9165643045,419.1647033691406
2023-06-28,69733.51780489445,419.37615966796875
2023-06-29,70207.75663900007,421.029052734375
2023-06-30,70785.3591892882,425.9974365234375
2023-07-03,70854.62602252193,426.48760986328125
2023-07-05,70771.14725670734,425.8533935546875
2023-07-06,69795.46301425649,422.51861572265625
2023-07-07,69675.24585723894,421.451904296875
2023-07-10,70241.94771078175,422.51861572265625
2023-07-11,70859.19696558663,425.20947265625
2023-07-12,71258.82428493499,428.6307373046875
2023-07-13,71617.13548125076,432.03265380859375
2023-07-14,71256.20032109824,431.76361083984375
2023-07-17,71569.0083173657,433.26275634765625
2023-07-18,71992.77390985352,436.4821472167969
2023-07-19,72268.72207291062,437.4527587890625
2023-07-20,72750.18814638241,434.5505065917969
2023-07-21,72889.2101296983,434.5505065917969
2023-07-24,73363.58042819226,436.4917297363281
2023-07-25,73438.23634872671,437.68341064453125
2023-07-26,73763.30751069292,437.7506408691406
2023-07-27,73316.12338509611,434.8484191894531
2023-07-28,73745.73867224857,439.1057434082031
2023-07-31,73796.82417719555,439.9418029785156
2023-08-01,73773.00459810605,438.6828918457031
2023-08-02,72881.40869814718,432.5804443359375
2023-08-03,72810.69254675676,431.3406982421875
2023-08-04,72689.77739442688,429.3898620605469
2023-08-07,73492.37168870003,433.1378173828125
2023-08-08,73432.92630952896,431.25421142578125
2023-08-09,73030.90292836206,428.3712463378906
2023-08-10,73149.57444578939,428.52490234375
2023-08-11,73463.7559330043,428.27508544921875
2023-08-14,73682.5258115773,430.63922119140625
2023-08-15,72838.73201932255,425.6227111816406
2023-08-16,72290.8893795328,422.49945068359375
2023-08-17,72065.8080310394,419.2800598144531
2023-08-18,72041.43831479664,419.4818420410156
2023-08-21,72110.07127947455,422.21112060546875
2023-08-22,71874.99251777578,421.0674743652344
2023-08-23,72384.18835357198,425.75726318359375
2023-08-24,71512.8337185529,419.856689453125
2023-08-25,72027.17558666083,422.8165588378906
2023-08-28,72388.42093694393,425.49774169921875
2023-08-29,73167.40542320833,431.6482238769531
2023-08-30,73298.84150799533,433.4261474609375
2023-08-31,73308.29097789129,432.7919006347656
2023-09-01,73603.4610266473,433.5990905761719
2023-09-05,73165.18138179283,431.7251281738281
2023-09-06,72778.00747486205,428.8228454589844
2023-09-07,72850.000284503,427.50628662109375
2023-09-08,73063.87920725883,428.150146484375
2023-09-11,73450.62469739844,430.9659118652344
2023-09-12,73550.17853199791,428.6018371582031
2023-09-13,73538.11330901067,429.10162353515625
2023-09-14,74191.33061620839,432.8014831542969
2023-09-15,73344.25923077537,427.5869140625
2023-09-18,73354.52450636512,427.8376770019531
2023-09-19,73113.05980639262,426.950439453125
2023-09-20,72574.3384747344,423.0252990722656
2023-09-21,71344.59084868785,416.0334167480469
2023-09-22,71111.40522032803,415.097900390625
2023-09-25,71317.96032157721,416.8435363769531
2023-09-26,70333.69051253161,410.719482421875
2023-09-27,70500.29328392642,410.88348388671875
2023-09-28,70858.70108460073,413.2655029296875
2023-09-29,70433.43668015073,412.2625732421875
2023-10-02,70115.7247367191,412.0987243652344
2023-10-03,69200.90352846481,406.5822448730469
2023-10-04,69386.05115241364,409.5429992675781
2023-10-05,69314.73478976458,409.388671875
2023-10-06,69994.70086630613,414.2492370605469
2023-10-09,70417.7196694503,416.9013671875
2023-10-10,70870.10137580175,419.0712890625
2023-10-11,71130.74971187183,420.7879333496094
2023-10-12,70750.542447594,418.22259521484375
2023-10-13,70464.16721231496,416.1394348144531
2023-10-16,71095.10750857372,420.51788330078125
2023-10-17,71087.71238093507,420.49859619140625
2023-10-18,70432.84536473724,414.8954162597656
2023-10-19,69907.02814735951,411.24993896484375
2023-10-20,69177.07996003679,406.1965026855469
2023-10-23,68656.19410854281,405.4924621582031
2023-10-24,69139.81996600483,408.5496520996094
2023-10-25,68194.4943202013,402.6860656738281
2023-10-26,67500.25578215694,397.864013671875
2023-10-27,66997.86396330188,396.06060791015625
2023-10-30,67948.02931216962,400.7958984375
2023-10-31,68254.34655413423,403.3129577636719
2023-11-01,68650.65266594352,407.6141662597656
2023-11-02,70007.43670976891,415.42584228515625
2023-11-03,70612.94141331059,419.21588134765625
2023-11-06,70791.86528953335,420.1802978515625
2023-11-07,70791.07962161212,421.3761901855469
2023-11-08,70840.29275919624,421.6847839355469
2023-11-09,70111.79614378278,418.39617919921875
2023-11-10,71170.0826184113,424.9250793457031
2023-11-13,71258.80710303716,424.5201110839844
2023-11-14,72682.45042332681,432.7561340332031
2023-11-15,73039.62661251963,433.6722717285156
2023-11-16,72925.90114933439,434.2027587890625
2023-11-17,73348.54394792972,434.7427673339844
2023-11-20,73816.59395056461,438.0893249511719
2023-11-21,73493.06122148118,437.13446044921875
2023-11-22,73808.96232773547,438.8221740722656
2023-11-24,74039.76954996248,439.0921936035156
2023-11-27,73781.20065502095,438.3014221191406
2023-11-28,73897.56245878426,438.73541259765625
2023-11-29,74107.83907419891,438.4267883300781
2023-11-30,74635.64924962446,440.153076171875
2023-12-01,75254.1355636543,442.75701904296875
2023-12-04,75080.7812630288,440.43280029296875
2023-12-05,74872.06437242127,440.3459777832031
2023-12-06,74679.83663799925,438.5715026855469
2023-12-07,75123.53133366593,441.91790771484375
2023-12-08,75501.86726886826,443.81781005859375
2023-12-11,76142.8786727695,445.5440673828125
2023-12-12,76517.71304461847,447.5789489746094
2023-12-13,77639.93338389724,453.7511291503906
2023-12-14,78509.30771056357,455.2074279785156
2023-12-15,78827.53861689783,454.4578857421875
2023-12-18,79084.57180538871,457.0142822265625
2023-12-19,79650.98896869409,459.7933349609375
2023-12-20,78587.23571750685,453.4218444824219
2023-12-21,79311.46193464375,457.7210998535156
2023-12-22,79589.31176579495,458.64105224609375
2023-12-26,80081.96277161188,460.57763671875
2023-12-27,80306.76603037897,461.410400390625
2023-12-28,80269.99229268066,461.584716796875
2023-12-29,80111.3261517614,460.2484436035156
2024-01-02,79800.84521529048,457.6726989746094
2024-01-03,79318.12065433724,453.9350280761719
2024-01-04,79175.36376632488,452.472900390625
2024-01-05,79426.89288020936,453.0926208496094
2024-01-08,79933.32467570601,459.5609130859375
2024-01-09,79599.80013586278,458.86376953125
2024-01-10,79842.70775855033,461.4587707519531
2024-01-11,79714.17383643927,461.2554626464844
2024-01-12,79836.01851740586,461.57501220703125
2024-01-16,79152.85764590008,459.8804931640625
2024-01-17,78720.89867183536,457.3241882324219
2024-01-18,79266.06153206363,461.39105224609375
2024-01-19,80330.8443778956,467.142822265625
2024-01-22,80519.5959700374,468.13055419921875
2024-01-23,80478.07827705958,469.4957275390625
2024-01-24,80448.96914894081,470.0090026855469
2024-01-25,81104.1058259971,472.5653076171875
2024-01-26,80950.33053500604,471.9649963378906
2024-01-29,81274.05948963156,475.70269775390625
2024-01-30,81670.80056049509,475.3347473144531
2024-01-31,80662.0140277683,467.57855224609375
2024-02-01,81508.72250729479,473.6982727050781
2024-02-02,81850.45328496683,478.68511962890625
2024-02-05,81638.52859594034,476.9421081542969
2024-02-06,81846.97681947904,478.3267822265625
2024-02-07,82191.43015954398,482.3162841796875
2024-02-08,82275.61537101198,482.529296875
2024-02-09,82418.86412453656,485.3180236816406
2024-02-12,82705.6374993221,485.1050109863281
2024-02-13,81599.72769229862,478.42364501953125
2024-02-14,82225.68908997718,482.7713623046875
2024-02-15,82952.78255255589,486.1023864746094
2024-02-16,82771.28340267792,483.68157958984375
2024-02-20,82523.00472924691,481.0187683105469
2024-02-21,82789.42874646847,481.4544677734375
2024-02-22,83846.3638387752,491.41839599609375
2024-02-23,84065.92701972499,491.7572937011719
2024-02-26,83768.14088257909,489.9562072753906
2024-02-27,83718.78220215351,490.866455078125
2024-02-28,83861.5104083179,490.2176818847656
2024-02-29,84076.06480467175,491.9800109863281
2024-03-01,84733.24476073535,496.5989074707031
2024-03-04,84927.4239515997,496.0663146972656
2024-03-05,84240.4168973616,491.1085205078125
2024-03-06,84746.83869149076,493.5970764160156
2024-03-07,85421.45150579601,498.4967346191406
2024-03-08,84799.95422903277,495.5046691894531
2024-03-11,84585.22600248767,495.0786437988281
2024-03-12,85114.14983258487,500.404296875
2024-03-13,85057.45915520312,499.61993408203125
2024-03-14,84670.10202033653,498.6323547363281
2024-03-15,84236.00099912198,495.20843505859375
2024-03-18,84525.71454092741,498.1515197753906
2024-03-19,85085.24975149517,500.9197998046875
2024-03-20,85923.82840965163,505.5529479980469
2024-03-21,86702.2464130131,507.2236022949219
2024-03-22,86274.44190195898,506.2621154785156
2024-03-25,86004.27026290861,504.8634033203125
2024-03-26,85988.73416566692,503.9309387207031
2024-03-27,87157.78009103626,508.1658630371094
2024-03-28,87282.36066811948,508.06878662109375
2024-04-01,86797.40450050752,507.1847229003906
2024-04-02,86212.54931762445,503.96002197265625
2024-04-03,86087.33021415133,504.5136413574219
2024-04-04,85040.76628931136,498.3554992675781
2024-04-05,85823.99531427518,503.561767578125
2024-04-08,85806.71181520949,503.8434143066406
2024-04-09,85904.22258992596,504.4262390136719
2024-04-10,84943.82193953524,499.37542724609375
2024-04-11,85282.60208860399,503.1441345214844
2024-04-12,83935.97063907402,496.19921875
2024-04-15,83452.66984693916,489.98272705078125
2024-04-16,83016.99658002146,489.089111328125
2024-04-17,82852.31962306163,486.19451904296875
2024-04-18,82689.27591123075,485.1941223144531
2024-04-19,82988.0800295105,480.959228515625
2024-04-22,83779.27594027549,485.38836669921875
2024-04-23,84772.7602496037,491.14825439453125
2024-04-24,84524.03491836374,490.9151916503906
2024-04-25,83754.95316709913,489.05023193359375
2024-04-26,84242.46050404619,493.6834716796875
2024-04-29,84471.39100126499,495.4317932128906
2024-04-30,83290.88512242465,487.5835876464844
2024-05-01,83215.5552768341,486.00030517578125
2024-05-02,83593.07170489227,490.5461120605469
2024-05-03,84471.29950967258,496.6265869140625
2024-05-06,85053.92324938925,501.75506591796875
2024-05-07,85273.9069533778,502.30877685546875
2024-05-08,85474.21419383488,502.35736083984375
2024-05-09,86111.52630831272,505.2518005371094
2024-05-10,86180.53441787562,505.9027099609375
2024-05-13,86014.80558067789,505.97064208984375
2024-05-14,86360.75860878105,508.2921447753906
2024-05-15,87215.97637276813,514.5863037109375
2024-05-16,86983.01822635057,513.5274658203125
2024-05-17,87126.0756561895,514.2656860351562
2024-05-20,86700.07323973042,514.858154296875
2024-05-21,86876.39649730711,516.1209716796875
2024-05-22,86494.21475263676,514.6349487304688
2024-05-23,85314.20862235324,510.8757629394531
2024-05-24,85616.7721981822,514.2560424804688
2024-05-28,85342.39168506522,514.6154174804688
2024-05-29,84451.02463666341,511.0118103027344
2024-05-30,84606.24153516408,507.6219482421875
2024-05-31,85496.3252111524,512.245361328125
2024-06-03,85315.82830588704,512.6629638671875
2024-06-04,85532.38259123839,513.2361450195312
2024-06-05,85887.56495106,519.3359985351562
2024-06-06,85885.97434840965,519.3263549804688
2024-06-07,86019.4701799497,518.6948852539062
2024-06-10,86280.05438081922,520.2976684570312
2024-06-11,85955.32148819586,521.5507202148438
2024-06-12,86109.07933659428,525.8341674804688
2024-06-13,86186.91785902496,526.8928833007812
2024-06-14,86143.11790855476,527.2135009765625
2024-06-17,87070.50220835512,531.409423828125
2024-06-18,87206.46988747467,532.7597045898438
2024-06-20,87474.70605338416,531.3124389648438
2024-06-21,87350.46014033876,530.6000366210938
2024-06-24,87770.4525773507,528.8753662109375
2024-06-25,87390.58839293828,530.9119262695312
2024-06-26,87390.84643118377,531.5746459960938
2024-06-27,87423.68210530453,532.4125366210938
2024-06-28,87545.64070075627,530.3174438476562
2024-07-01,87720.36769581851,531.4088745117188
2024-07-02,88150.17310294599,534.985107421875
2024-07-03,88235.36463227455,537.3726196289062
2024-07-05,88456.31555645466,540.4713745117188
2024-07-08,88729.32549894064,541.0950317382812
2024-07-09,89020.52564128334,541.6211547851562
2024-07-10,89825.93635890051,546.9806518554688
2024-07-11,89615.88280605368,542.2643432617188
2024-07-12,89912.0628985033,545.6846313476562
2024-07-15,90280.68667074073,547.1854248046875
2024-07-16,91532.96547551466,550.4302368164062
2024-07-17,91582.3106306731,542.7125244140625
2024-07-18,90380.96753323909,538.5418701171875
2024-07-19,89751.11363652228,534.9656372070312
2024-07-22,90113.54456824365,540.4810180664062
2024-07-23,90277.34730144871,539.6334228515625
2024-07-24,89035.52892514403,527.4038696289062
2024-07-25,89034.91873294584,524.6559448242188
2024-07-26,90180.98816624905,530.5318603515625
2024-07-29,89886.54200769938,530.84375
2024-07-30,90251.76770359445,528.154296875
2024-07-31,90968.67896975172,536.7391357421875
2024-08-01,89739.83173417632,529.138427734375
2024-08-02,87352.02533982009,519.2867431640625
2024-08-05,85105.48053161993,504.1631164550781
2024-08-06,85805.07293357953,508.81134033203125
2024-08-07,85131.42672342224,505.41046142578125
2024-08-08,87116.11402669073,517.09423828125
2024-08-09,87400.4312171615,519.3743896484375
2024-08-12,87015.0213422375,519.6472778320312
2024-08-13,88059.48012277746,528.1932373046875
2024-08-14,88406.91254130643,529.8595581054688
2024-08-15,89886.9409448491,538.94140625
2024-08-16,90247.82215222999,540.1497802734375
2024-08-19,90844.88422454524,545.3143920898438
2024-08-20,90473.09086121668,544.4276123046875
2024-08-21,90626.05909248919,546.2984619140625
2024-08-22,90191.1612350144,542.0109252929688
2024-08-23,91299.88017379987,547.77001953125
2024-08-26,91373.1813762903,546.4641723632812
2024-08-27,91446.98798853066,547.2145385742188
2024-08-28,91141.44191688728,544.037841796875
2024-08-29,91650.4559820657,544.0864868164062
2024-08-30,92576.20130926912,549.2802734375
2024-09-03,90814.36684145629,537.9765625
2024-09-04,90606.04517707662,536.8756103515625
2024-09-05,89914.23578292293,535.5697631835938
2024-09-06,88424.35847121388,526.5560302734375
2024-09-09,89605.05432709324,532.4515380859375
2024-09-10,89453.2877043273,534.770751953125
2024-09-11,89970.42393567019,540.2568359375
2024-09-12,90632.33979422365,544.8076782226562
2024-09-13,91250.20906143269,547.653076171875
2024-09-16,91900.22300283222,548.4619140625
2024-09-17,92069.70223651436,548.6859130859375
2024-09-18,91951.56265657964,547.0587158203125
2024-09-19,93200.53604463827,556.3939208984375
2024-09-20,93411.15571482849,555.43212890625
2024-09-23,93848.2460493665,556.820068359375
2024-09-24,94006.72081563958,558.4132080078125
2024-09-25,93359.65219009515,557.181640625
2024-09-26,93685.61988835703,559.3906860351562
2024-09-27,93771.5569447406,558.5794067382812
2024-09-30,94151.28719801488,560.8177490234375
2024-10-01,93802.079260405,555.7937622070312
2024-10-02,93999.86398578518,556.0283813476562
2024-10-03,93644.39052791221,555.0117797851562
2024-10-04,94619.64365693147,560.0552978515625
2024-10-07,94113.72364186255,554.9922485351562
2024-10-08,94566.55000465456,560.2410888671875
2024-10-09,95492.2614910708,564.12158203125
2024-10-10,95104.84817086368,563.1343383789062
2024-10-11,96254.08410781474,566.5065307617188
2024-10-14,96523.767205362,571.1395874023438
2024-10-15,96059.04397971119,566.7021484375
2024-10-16,96700.37600796163,569.1651611328125
2024-10-17,96779.02775551472,569.214111328125
2024-10-18,96858.69841470136,571.4035034179688
2024-10-21,96226.80347143722,570.4651489257812
2024-10-22,96050.48268784491,570.1621704101562
2024-10-23,95334.25422403713,564.9522705078125
2024-10-24,94879.80165302912,566.1741333007812
2024-10-25,94287.22498490359,565.9786376953125
2024-10-28,94643.8234246014,567.7283935546875
2024-10-29,94508.83823033684,568.6471557617188
2024-10-30,94157.70421370424,566.9268798828125
2024-10-31,93571.60431499814,555.8132934570312
2024-11-01,94356.85125730388,558.1591796875
2024-11-04,93987.05986358943,556.9569091796875
2024-11-05,94946.53382697569,563.69140625
2024-11-06,97634.23292455511,577.7078857421875
2024-11-07,97748.04695088389,582.1749267578125
2024-11-08,98248.09755291484,584.69677734375
2024-11-11,98782.6816059039,585.25390625
2024-11-12,97866.20665292814,583.4359130859375
2024-11-13,97929.18825084827,583.7193603515625
2024-11-14,97376.09970918785,579.9659423828125
2024-11-15,96515.90563946766,572.537353515625
2024-11-18,96890.31982813259,574.8831787109375
2024-11-19,96641.2267514356,576.9847412109375
2024-11-20,96648.59114231257,577.1802368164062
2024-11-21,97191.49100440566,580.2786865234375
2024-11-22,98036.03794834927,582.0770874023438
2024-11-25,98728.08736026188,584.0516967773438
2024-11-26,98969.08793708993,587.101318359375
2024-11-27,98683.35991495795,585.3223266601562
2024-11-29,99170.74936105807,588.9583129882812
2024-12-02,99011.7847071066,590.0139770507812
2024-12-03,98843.14339334062,590.2877197265625
2024-12-04,98850.12937023319,593.9530639648438
2024-12-05,98617.17896308319,592.9757690429688
2024-12-06,99055.54509553748,594.0996704101562
2024-12-09,98599.7933326495,591.0403442382812
2024-12-10,98615.21547196596,589.20263671875
2024-12-11,98845.11467612373,593.7576904296875
2024-12-12,98426.04268742618,590.6983032226562
2024-12-13,98929.10585518579,590.5808715820312
2024-12-16,99562.296262484,593.1027221679688
2024-12-17,99072.68010488193,590.6591796875
2024-12-18,96179.61537896797,573.055419921875
2024-12-19,96150.00395409034,572.8794555664062
2024-12-20,97291.63385609932,579.7603759765625
2024-12-23,97905.51341120586,583.2321166992188
2024-12-24,98994.1765764248,589.7146606445312
2024-12-26,99171.59774318317,589.7540283203125
2024-12-27,98437.70232204632,583.5459594726562
2024-12-30,97234.82262166697,576.88671875
