date,nav,spy
2010-01-04,10000.0,84.36893463134766
2010-01-05,9993.466666666667,84.59230041503906
2010-01-06,9953.010941803705,84.65187072753906
2010-01-07,9943.693689060248,85.00919342041016
2010-01-08,9969.711248380372,85.2920913696289
2010-01-11,9920.257945021382,85.41119384765625
2010-01-12,9832.114690129092,84.6146469116211
2010-01-13,9918.853598993008,85.32928466796875
2010-01-14,9943.198594445304,85.56009674072266
2010-01-15,9872.570031155132,84.59974670410156
2010-01-19,10002.903032010374,85.6568603515625
2010-01-20,9913.893812250206,84.78587341308594
2010-01-21,9725.291544969472,83.15550231933594
2010-01-22,9504.325059684601,81.30181884765625
2010-01-25,9516.353305463575,81.71874237060547
2010-01-26,9472.879127141756,81.37628936767578
2010-01-27,9590.065521655952,81.7634048461914
2010-01-28,9507.216556533333,80.82536315917969
2010-01-29,9415.159483860238,79.94690704345703
2010-02-01,9505.04131461426,81.19013214111328
2010-02-02,9585.455539877317,82.17284393310547
2010-02-03,9563.511340430141,81.7634048461914
2010-02-04,9272.876653539159,79.23970794677734
2010-02-05,9308.761908490498,79.40345001220703
2010-02-08,9296.040163720902,78.83024597167969
2010-02-09,9362.859955672246,79.8203353881836
2010-02-10,9367.4478972909,79.66404724121094
2010-02-11,9470.601713519209,80.49783325195312
2010-02-12,9434.94521404484,80.43082427978516
2010-02-16,9535.332537055265,81.69637298583984
2010-02-17,9578.928994862235,82.08348083496094
2010-02-18,9583.641725431666,82.5673828125
2010-02-19,9544.270135152492,82.7386245727539
2010-02-22,9582.046994667144,82.7535400390625
2010-02-23,9499.64414581145,81.74848175048828
2010-02-24,9594.622653868817,82.5003890991211
2010-02-25,9566.392173440774,82.38870239257812
2010-02-26,9596.564580530978,82.44083404541016
2010-03-01,9726.921192583104,83.29694366455078
2010-03-02,9719.056599599407,83.52774047851562
2010-03-03,9724.415330505773,83.60218811035156
2010-03-04,9747.787291869536,83.85528564453125
2010-03-05,9887.459401899469,85.0538558959961
2010-03-08,9901.963678387012,85.06875610351562
2010-03-09,9923.949169587544,85.21018981933594
2010-03-10,9983.50508748567,85.58987426757812
2010-03-11,10031.588492511437,85.94721221923828
2010-03-12,10024.561226564894,85.9546890258789
2010-03-15,10008.46588791056,85.97699737548828
2010-03-16,10049.735876611288,86.6618881225586
2010-03-17,10074.5383478433,87.17557525634766
2010-03-18,10059.19290585476,87.13093566894531
2010-03-19,10019.342184456096,86.68987274169922
2010-03-22,10033.34396931294,87.1533203125
2010-03-23,10073.995959328116,87.76629638671875
2010-03-24,10004.316651142706,87.34021759033203
2010-03-25,10073.801550875489,87.19819641113281
2010-03-26,10076.757659159477,87.1458511352539
2010-03-29,10105.483472101516,87.6989974975586
2010-03-30,10156.953117661526,87.75881958007812
2010-03-31,10122.45976247925,87.45980834960938
2010-04-01,10137.92728941295,88.05783081054688
2010-04-05,10182.990147066463,88.77545928955078
2010-04-06,10201.04267295901,88.98474884033203
2010-04-07,10148.488591936895,88.47643280029297
2010-04-08,10202.894201901998,88.78292083740234
2010-04-09,10247.113855722846,89.36597442626953
2010-04-12,10294.71476095408,89.50802612304688
2010-04-13,10333.16662886966,89.5753173828125
2010-04-14,10427.361057527307,90.5918960571289
2010-04-15,10455.112904561547,90.66667175292969
2010-04-16,10274.995440771083,89.22395324707031
2010-04-19,10303.520618870481,89.56031799316406
2010-04-20,10348.522648832351,90.36017608642578
2010-04-21,10350.139582611033,90.19574737548828
2010-04-22,10394.14512325223,90.46483612060547
2010-04-23,10420.207632436644,91.05536651611328
2010-04-26,10378.552869844423,90.7115249633789
2010-04-27,10169.362902149527,88.56612396240234
2010-04-28,10191.280090000531,89.2388916015625
2010-04-29,10291.69261966816,90.34525299072266
2010-04-30,10088.45839126106,88.81282806396484
2010-05-03,10168.45906146712,89.96397399902344
2010-05-04,9952.518109585228,87.8485336303711
2010-05-05,9911.121669159518,87.32524108886719
2010-05-06,9633.080224577494,84.42488098144531
2010-05-07,9493.587687675321,83.16905212402344
2010-05-10,9836.977145943636,86.8319091796875
2010-05-11,9781.134503907924,86.585205078125
2010-05-12,9904.837763269872,87.79618835449219
2010-05-13,9836.829727409631,86.70484161376953
2010-05-14,9583.00566633878,85.13502502441406
2010-05-17,9594.524312443724,85.17987060546875
2010-05-18,9444.895549499875,84.0212173461914
2010-05-19,9415.762270003306,83.54283905029297
2010-05-20,9148.435270650625,80.38825988769531
2010-05-21,9255.30892572327,81.5618896484375
2010-05-24,9198.747806190604,80.51534271240234
2010-05-25,9195.998436464877,80.59757995605469
2010-05-26,9129.60987051286,80.11168670654297
2010-05-27,9337.762684245437,82.79529571533203
2010-05-28,9247.705272623805,81.75624084472656
2010-06-01,9189.817325189808,80.38081359863281
2010-06-02,9329.817162043902,82.473876953125
2010-06-03,9374.31183895938,82.75790405273438
2010-06-04,9126.981097118589,79.85005187988281
2010-06-07,9044.269600622823,78.85586547851562
2010-06-08,9060.413945741084,79.70055389404297
2010-06-09,8975.125103843808,79.27446746826172
2010-06-10,9195.472088509787,81.59178924560547
2010-06-11,9190.228057451832,81.98796081542969
2010-06-14,9149.484936168154,81.86091613769531
2010-06-15,9341.658195769794,83.72220611572266
2010-06-16,9348.481995749928,83.69230651855469
2010-06-17,9401.070585600062,83.82684326171875
2010-06-18,9410.444009467967,83.91773986816406
2010-06-21,9372.002682042155,83.67739868164062
2010-06-22,9275.62482018409,82.29541778564453
2010-06-23,9233.408557598956,82.04004669189453
2010-06-24,9087.35990949081,80.68061065673828
2010-06-25,9081.946825089419,81.01856231689453
2010-06-28,9021.003418709188,80.76322174072266
2010-06-29,8738.370092425332,78.2696533203125
2010-06-30,8642.059861235655,77.52608489990234
2010-07-01,8643.170810252097,77.18059539794922
2010-07-02,8619.60267930787,76.7599868774414
2010-07-06,8640.32964877048,77.26319122314453
2010-07-07,8879.259333706501,79.69670867919922
2010-07-08,8936.467537996796,80.48532104492188
2010-07-09,9017.65763637347,81.0862045288086
2010-07-12,9063.507905020542,81.13874816894531
2010-07-13,9173.735045685047,82.36299896240234
2010-07-14,9178.297122878745,82.35549926757812
2010-07-15,9157.53657136177,82.3780746459961
2010-07-16,8868.886329968376,80.10980987548828
2010-07-19,8912.699303784955,80.58296203613281
2010-07-20,9060.127315642376,81.47676086425781
2010-07-21,8932.678031222573,80.41773986816406
2010-07-22,9085.658714747227,82.2127914428711
2010-07-23,9127.735332106417,82.92633056640625
2010-07-26,9188.277706721312,83.79007720947266
2010-07-27,9198.046790623655,83.78256225585938
2010-07-28,9105.696990048285,83.24179077148438
2010-07-29,9007.74853218457,82.83619689941406
2010-07-30,9035.913041623526,82.82115936279297
2010-08-02,9133.258522237898,84.69136810302734
2010-08-03,9117.73293494412,84.28578186035156
2010-08-04,9212.948719881264,84.84908294677734
2010-08-05,9207.281090121782,84.75895690917969
2010-08-06,9217.246897919198,84.41342163085938
2010-08-09,9282.488243236034,84.86408996582031
2010-08-10,9228.1287263587,84.40593719482422
2010-08-11,9010.389295922985,82.0926284790039
2010-08-12,9006.487578665829,81.58941650390625
2010-08-13,8979.323758094697,81.34904479980469
2010-08-16,8978.23994234179,81.3115005493164
2010-08-17,9094.870012429445,82.31043243408203
2010-08-18,9108.32300221357,82.4606704711914
2010-08-19,8998.558100487451,81.02608489990234
2010-08-20,8961.26337558419,80.76322174072266
2010-08-23,8938.090359648952,80.45526885986328
2010-08-24,8839.929179416395,79.26107788085938
2010-08-25,8923.508233565446,79.5689926147461
2010-08-26,8845.615997381996,79.03575897216797
2010-08-27,8961.805372060084,80.260009765625
2010-08-30,8824.080463548411,79.0958480834961
2010-08-31,8792.563309403635,79.0958480834961
2010-09-01,9004.68626769366,81.46172332763672
2010-09-02,9105.173586355286,82.22030639648438
2010-09-03,9246.407682304907,83.2868423461914
2010-09-07,9156.94464917445,82.34797668457031
2010-09-08,9186.116899672777,82.92633056640625
2010-09-09,9202.589661716791,83.30939483642578
2010-09-10,9260.302468095366,83.72998809814453
2010-09-13,9362.037016371147,84.66130065917969
2010-09-14,9392.732940090711,84.60871887207031
2010-09-15,9449.302263164123,84.93170928955078
2010-09-16,9484.467412667469,84.90919494628906
2010-09-17,9477.448989473482,84.94085693359375
2010-09-20,9656.658581270101,86.2396240234375
2010-09-21,9680.267663845993,86.06597137451172
2010-09-22,9701.103282481567,85.64312744140625
2010-09-23,9683.538773643222,84.94844055175781
2010-09-24,9871.008979074502,86.70027160644531
2010-09-27,9823.028586920565,86.2849349975586
2010-09-28,9818.207348736752,86.58697509765625
2010-09-29,9802.58518420356,86.43597412109375
2010-09-30,9756.743390680978,86.17924499511719
2010-10-01,9736.689859359256,86.54166412353516
2010-10-04,9683.438647726189,85.89228057861328
2010-10-05,9856.618447542945,87.62145233154297
2010-10-06,9785.767208026924,87.61392974853516
2010-10-07,9764.897733315363,87.50825500488281
2010-10-08,9814.702427731178,87.99903869628906
2010-10-11,9825.978650672985,88.08208465576172
2010-10-12,9868.425700587042,88.35391998291016
2010-10-13,9944.76161673269,89.04106903076172
2010-10-14,9926.46785183392,88.69369506835938
2010-10-15,10062.572422292105,88.87493133544922
2010-10-18,10149.185082002283,89.31289672851562
2010-10-19,10016.095974972259,88.14248657226562
2010-10-20,10113.459329089337,89.00328826904297
2010-10-21,10164.262722915713,89.19963073730469
2010-10-22,10223.5656582913,89.3657455444336
2010-10-25,10249.235829712581,89.63002014160156
2010-10-26,10261.510673714447,89.6451416015625
2010-10-27,10219.482254875687,89.38841247558594
2010-10-28,10187.202441264482,89.40349578857422
2010-10-29,10174.929393171538,89.471435546875
2010-11-01,10157.083981584852,89.50167083740234
2010-11-02,10276.905821569995,90.21144104003906
2010-11-03,10342.078000322444,90.57389831542969
2010-11-04,10468.809925609572,92.31816864013672
2010-11-05,10497.027270952662,92.66551208496094
2010-11-08,10467.386517943838,92.49183654785156
2010-11-09,10423.700978744122,91.82735443115234
2010-11-10,10480.963277125113,92.1973648071289
2010-11-11,10437.61220024907,91.85002899169922
2010-11-12,10323.70083656183,90.76268768310547
2010-11-15,10248.878471207938,90.63431549072266
2010-11-16,10109.088530307929,89.2222900390625
2010-11-17,10098.411974514898,89.267578125
2010-11-18,10265.032148540415,90.58145141601562
2010-11-19,10298.366162290486,90.83063507080078
2010-11-22,10302.914903853898,90.755126953125
2010-11-23,10142.279983841689,89.44122314453125
2010-11-24,10285.579967887794,90.76268768310547
2010-11-26,10216.097456096088,89.70555877685547
2010-11-29,10228.125294351272,89.97738647460938
2010-11-30,10123.976838373645,89.471435546875
2010-12-01,10355.803320298084,91.37429809570312
2010-12-02,10501.687953395663,92.54470825195312
2010-12-03,10533.988337464283,92.79386901855469
2010-12-06,10540.69525635517,92.69573211669922
2010-12-07,10542.33870606858,92.74862670898438
2010-12-08,10618.444349736918,93.08837890625
2010-12-09,10616.89819815891,93.45081329345703
2010-12-10,10671.484951273433,93.99451446533203
2010-12-13,10684.534068385652,94.05488586425781
2010-12-14,10674.593000652461,94.13795471191406
2010-12-15,10582.455063239451,93.70751953125
2010-12-16,10467.922998786978,94.25123596191406
2010-12-17,10437.742716069906,94.35218048095703
2010-12-20,10486.203709061101,94.57989501953125
2010-12-21,10552.659216423679,95.1795425415039
2010-12-22,10597.507753345726,95.47562408447266
2010-12-23,10594.790249680547,95.33897399902344
2010-12-27,10622.60901250296,95.37692260742188
2010-12-28,10621.690985288255,95.51355743408203
2010-12-29,10631.692011717763,95.58184814453125
2010-12-30,10610.704649507597,95.43006134033203
2010-12-31,10623.004701919172,95.45284271240234
2011-01-03,10758.58041902087,96.43960571289062
2011-01-04,10785.478661843277,96.38645935058594
2011-01-05,10899.00135980386,96.88744354248047
2011-01-06,11033.809184504382,96.69769287109375
2011-01-07,11040.969264062047,96.5079574584961
2011-01-10,11038.062052007659,96.38645935058594
2011-01-11,11059.05987580252,96.72806549072266
2011-01-12,11271.357862119534,97.60098266601562
2011-01-13,11285.757721686805,97.44158172607422
2011-01-14,11380.56572479194,98.14753723144531
2011-01-18,11384.19624435472,98.31451416015625
2011-01-19,11265.086875558296,97.3504867553711
2011-01-20,11288.421485893214,97.2214584350586
2011-01-21,11226.575316724327,97.44158172607422
2011-01-24,11400.265092918075,97.9957275390625
2011-01-25,11419.822355911796,98.04884338378906
2011-01-26,11433.032153591257,98.4283676147461
2011-01-27,11495.13460007611,98.67129516601562
2011-01-28,11231.676193184503,96.94818878173828
2011-01-31,11247.677406408966,97.67691040039062
2011-02-01,11389.418320549334,99.2406005859375
2011-02-02,11437.075608336881,99.05079650878906
2011-02-03,11453.901162758822,99.27094268798828
2011-02-04,11503.374605010798,99.55182647705078
2011-02-07,11516.290979022513,100.17422485351562
2011-02-08,11553.369290044555,100.62969207763672
2011-02-09,11498.010429462536,100.40196228027344
2011-02-10,11494.934713156614,100.43989562988281
2011-02-11,11568.817414767476,101.0395736694336
2011-02-14,11577.826433237155,101.2824478149414
2011-02-15,11531.275379787498,100.96363067626953
2011-02-16,11591.477973437486,101.60128021240234
2011-02-17,11707.99393936547,101.9049072265625
2011-02-18,11720.515007764907,102.1174545288086
2011-02-22,11437.07279153099,100.06794738769531
2011-02-23,11350.322523652385,99.453125
2011-02-24,11356.626881420283,99.3847885131836
2011-02-25,11399.242959070418,100.44751739501953
2011-02-28,11390.480918302612,101.06993865966797
2011-03-01,11238.78260738593,99.3847885131836
2011-03-02,11257.706643051366,99.59736633300781
2011-03-03,11401.751301190392,101.3128890991211
2011-03-04,11327.63726074132,100.55376434326172
2011-03-07,11216.73982130685,99.76432800292969
2011-03-08,11231.486870562867,100.63727569580078
2011-03-09,11224.231134438087,100.49304962158203
2011-03-10,10999.152898762492,98.63331604003906
2011-03-11,11061.773402892319,99.31649780273438
2011-03-14,11024.058691865665,98.71685028076172
2011-03-15,10905.10346684705,97.5858154296875
2011-03-16,10744.305910067114,95.77925872802734
2011-03-17,10819.1430953778,97.04686737060547
2011-03-18,10840.328140974872,97.39984130859375
2011-03-21,10987.173560948464,98.90933227539062
2011-03-22,10944.975234295367,98.5662612915039
2011-03-23,10989.00138110219,98.84832000732422
2011-03-24,11181.131273078372,99.79369354248047
2011-03-25,11140.333265417981,100.0986328125
2011-03-28,11154.997744668583,99.85466766357422
2011-03-29,11224.068323432839,100.52557373046875
2011-03-30,11273.440302044988,101.21929168701172
2011-03-31,11230.151662227265,101.08208465576172
2011-04-01,11267.567954980446,101.50900268554688
2011-04-04,11294.409069288164,101.59286499023438
2011-04-05,11287.917165492885,101.57762908935547
2011-04-06,11311.044538194179,101.8978500366211
2011-04-07,11357.001767926751,101.63861846923828
2011-04-08,11295.576309497234,101.2879638671875
2011-04-11,11292.582869847109,100.98294067382812
2011-04-12,11249.268772256097,100.22821807861328
2011-04-13,11292.73861516985,100.22059631347656
2011-04-14,11300.818869130466,100.29682922363281
2011-04-15,11261.895245924523,100.66277313232422
2011-04-18,11144.0921150193,99.53450775146484
2011-04-19,11211.498480684131,100.10624694824219
2011-04-20,11359.876608818964,101.47087860107422
2011-04-21,11439.25088827785,101.98931121826172
2011-04-25,11437.478917449052,101.88253784179688
2011-04-26,11519.404164464728,102.75930786132812
2011-04-27,11636.683915444328,103.43017578125
2011-04-28,11656.622959886054,103.76560974121094
2011-04-29,11689.856095536656,104.009521484375
2011-05-02,11695.703947243815,103.84947204589844
2011-05-03,11685.856650641848,103.47591400146484
2011-05-04,11675.05998849174,102.789794921875
2011-05-05,11570.498298022898,101.8597183227539
2011-05-06,11612.99738901626,102.30948638916016
2011-05-09,11682.300327283458,102.70592498779297
2011-05-10,11741.165231574289,103.58264923095703
2011-05-11,11678.586002350628,102.4924545288086
2011-05-12,11756.658227600175,102.98033905029297
2011-05-13,11581.793436288493,102.1875
2011-05-16,11467.406562134665,101.53949737548828
2011-05-17,11530.192495543215,101.52426147460938
2011-05-18,11590.925805217827,102.43145751953125
2011-05-19,11603.069409693384,102.6754379272461
2011-05-20,11497.91677435509,101.8597183227539
2011-05-23,11400.169409684731,100.67802429199219
2011-05-24,11360.142288664512,100.59416198730469
2011-05-25,11404.057828456976,100.92959594726562
2011-05-26,11458.924093597832,101.39466094970703
2011-05-27,11537.189733224128,101.78350830078125
2011-05-31,11688.186645053784,102.8431167602539
2011-06-01,11469.035802004637,100.5331802368164
2011-06-02,11473.592253910128,100.42642974853516
2011-06-03,11345.535574821335,99.427734375
2011-06-06,11239.68824726042,98.37565612792969
2011-06-07,11244.14084564456,98.314697265625
2011-06-08,11179.802233253035,97.90301513671875
2011-06-09,11248.314069301985,98.65015411376953
2011-06-10,11092.3474907862,97.27787780761719
2011-06-13,11101.071067268984,97.35411834716797
2011-06-14,11234.957062790269,98.58916473388672
2011-06-15,11062.830970351142,96.83568572998047
2011-06-16,11054.384570421962,97.04915618896484
2011-06-17,11036.912349703258,97.33876037597656
2011-06-20,11074.509037509964,97.83676147460938
2011-06-21,11218.872350533602,99.17753601074219
2011-06-22,11134.37479338427,98.57991027832031
2011-06-23,11160.08601790048,98.29644012451172
2011-06-24,11016.570763043146,97.15491485595703
2011-06-27,11117.594499152363,98.02063751220703
2011-06-28,11240.097799091434,99.30009460449219
2011-06-29,11482.915917010996,100.1505355834961
2011-06-30,11517.028561867939,101.10816955566406
2011-07-01,11741.182875955377,102.60218811035156
2011-07-05,11772.385719451058,102.51792907714844
2011-07-06,11780.277052365442,102.64051818847656
2011-07-07,11914.976547892136,103.70543670654297
2011-07-08,11837.687017097738,102.96997833251953
2011-07-11,11658.246184146734,101.10816955566406
2011-07-12,11636.444080028086,100.6715087890625
2011-07-13,11700.712032746596,101.00860595703125
2011-07-14,11642.987600220746,100.31140899658203
2011-07-15,11793.279396929065,100.89368438720703
2011-07-18,11758.550105282526,100.06623077392578
2011-07-19,11897.447111886782,101.6904525756836
2011-07-20,11873.972155837999,101.6291732788086
2011-07-21,11990.471306059848,103.03890228271484
2011-07-22,12082.932633448949,103.10783386230469
2011-07-25,12031.24276443914,102.53325653076172
2011-07-26,11998.344117420245,102.15017700195312
2011-07-27,11806.728733973403,100.0585708618164
2011-07-28,11805.002020729564,99.7674560546875
2011-07-29,11721.26302847451,99.08558654785156
2011-08-01,11736.42802355142,98.66419982910156
2011-08-02,11503.081988568681,96.14358520507812
2011-08-03,11668.918794575733,96.66458129882812
2011-08-04,11218.362650209516,92.13665771484375
2011-08-05,11202.791972164041,91.99871826171875
2011-08-08,10587.500232331988,86.00749206542969
2011-08-09,11095.133919632775,90.00674438476562
2011-08-10,10634.062188130969,86.03046417236328
2011-08-11,11094.076812315485,89.89183044433594
2011-08-12,11116.79689892861,90.49710845947266
2011-08-15,11300.3509683502,92.4124526977539
2011-08-16,11256.204787334409,91.62333679199219
2011-08-17,11205.315959390178,91.68462371826172
2011-08-18,10804.493920311354,87.73131561279297
2011-08-19,10679.035721392824,86.29862213134766
2011-08-22,10714.476443119327,86.36759948730469
2011-08-23,11148.933359203505,89.20996856689453
2011-08-24,11265.055347122012,90.46647644042969
2011-08-25,11116.36189047745,89.08735656738281
2011-08-26,11279.706637609395,90.38216400146484
2011-08-29,11471.739067316284,92.97940063476562
2011-08-30,11524.891533948803,93.22456359863281
2011-08-31,11542.611494360535,93.63829803466797
2011-09-01,11438.009191346559,92.65760803222656
2011-09-02,11213.233514057936,90.29020690917969
2011-09-06,11225.558924413453,89.63134765625
2011-09-07,11514.97421780489,92.15962982177734
2011-09-08,11451.519383687046,91.20193481445312
2011-09-09,11190.794508424246,88.81159210205078
2011-09-12,11293.205414331513,89.38614654541016
2011-09-13,11385.862732451973,90.20594787597656
2011-09-14,11559.684477047158,91.45478820800781
2011-09-15,11754.909657197002,93.03302764892578
2011-09-16,11857.044243296697,93.58365631103516
2011-09-19,11816.969623864305,92.65180969238281
2011-09-20,11801.65432384198,92.54402160644531
2011-09-21,11543.770195436851,89.81781005859375
2011-09-22,11198.640275759793,86.91450500488281
2011-09-23,11289.066477450186,87.43819427490234
2011-09-26,11445.410955552743,89.51748657226562
2011-09-27,11482.62238743272,90.51863861083984
2011-09-28,11331.116534841718,88.67034149169922
2011-09-29,11318.7354072325,89.37114715576172
2011-09-30,11091.773045386459,87.13784790039062
2011-10-03,10811.909460194673,84.65809631347656
2011-10-04,11003.890173261849,86.5140609741211
2011-10-05,11177.411691278596,88.11588287353516
2011-10-06,11337.083833500925,89.70999145507812
2011-10-07,11316.151148457448,89.10932159423828
2011-10-10,11680.918259088172,92.08963775634766
2011-10-11,11726.257918539824,92.18203735351562
2011-10-12,11777.283738690088,92.99066925048828
2011-10-13,11839.949568687967,92.80583953857422
2011-10-14,12061.894108985247,94.39227294921875
2011-10-17,11851.684948419623,92.59020233154297
2011-10-18,12070.102189039606,94.39997100830078
2011-10-19,11847.105407036002,93.28331756591797
2011-10-20,11869.02298056332,93.69148254394531
2011-10-21,12025.179856213856,95.47042083740234
2011-10-24,12174.589378283523,96.64097595214844
2011-10-25,11913.409737295558,94.76191711425781
2011-10-26,11915.533995881582,95.72457122802734
2011-10-27,12228.18079708636,99.05914306640625
2011-10-28,12250.904843118586,99.03604125976562
2011-10-31,11998.712095683382,96.64868927001953
2011-11-01,11691.18846813164,93.95330810546875
2011-11-02,11836.018490982651,95.48582458496094
2011-11-03,12034.416965195369,97.22628021240234
2011-11-04,11980.314332071865,96.63331604003906
2011-11-07,12068.027497159816,97.23396301269531
2011-11-08,12236.487523433398,98.48158264160156
2011-11-09,11886.491133566671,94.84663391113281
2011-11-10,11913.719214641715,95.7399673461914
2011-11-11,12143.417842187602,97.54200744628906
2011-11-14,12062.447641605213,96.61788940429688
2011-11-15,12081.010332743777,97.09536743164062
2011-11-16,11870.269968394736,95.55512237548828
2011-11-17,11694.106304506526,94.03802490234375
2011-11-18,11639.147337439548,93.93788146972656
2011-11-21,11504.633116083056,92.15127563476562
2011-11-22,11549.208266485897,91.789306640625
2011-11-23,11329.714237002394,89.76390838623047
2011-11-25,11249.105701103028,89.5945053100586
2011-11-28,11602.777090368452,92.18978118896484
2011-11-29,11643.292708919316,92.45157623291016
2011-11-30,12053.739926204144,96.25595092773438
2011-12-01,12091.262163384483,96.24055480957031
2011-12-02,12125.116608522627,96.15583038330078
2011-12-05,12170.266262498613,97.20317840576172
2011-12-06,12140.39000556014,97.23396301269531
2011-12-07,12227.011468991852,97.595947265625
2011-12-08,12018.784600024159,95.45501708984375
2011-12-09,12181.973826017167,97.072265625
2011-12-12,12041.517351650986,95.6552734375
2011-12-13,11938.99530361841,94.76191711425781
2011-12-14,11822.086932251794,93.75312042236328
2011-12-15,11846.800419703342,94.09191131591797
2011-12-16,11950.678865386282,94.23143768310547
2011-12-19,11843.914679053909,93.22393035888672
2011-12-20,12178.364208747633,96.04488372802734
2011-12-21,12152.578890483712,96.23090362548828
2011-12-22,12255.739883018729,97.0833969116211
2011-12-23,12347.718204550836,97.95140075683594
2011-12-27,12334.377822471895,98.02888488769531
2011-12-28,12214.073882226316,96.74240112304688
2011-12-29,12340.066038236822,97.74215698242188
2011-12-30,12276.883673154261,97.26165008544922
2012-01-03,12478.725244757621,98.81163024902344
2012-01-04,12480.37195365456,98.96665954589844
2012-01-05,12528.6734697859,99.23013305664062
2012-01-06,12498.303600541878,98.9743881225586
2012-01-09,12446.49028524178,99.21464538574219
2012-01-10,12476.21651769791,100.07488250732422
2012-01-11,12438.982187532429,100.12911224365234
2012-01-12,12437.01413559267,100.36937713623047
2012-01-13,12397.755677762512,99.85011291503906
2012-01-17,12452.347854974692,100.23760986328125
2012-01-18,12630.032825747028,101.34587097167969
2012-01-19,12669.331146237057,101.88057708740234
2012-01-20,12570.338732386303,102.26033782958984
2012-01-23,12571.600091061819,101.99687957763672
2012-01-24,12564.897892044273,101.88057708740234
2012-01-25,12644.927332479394,102.73309326171875
2012-01-26,12614.72080113029,102.20613098144531
2012-01-27,12622.712863340794,102.15961456298828
2012-01-30,12605.75241125942,101.81085968017578
2012-01-31,12646.562989935217,101.77206420898438
2012-02-01,12658.36256788564,102.663330078125
2012-02-02,12780.454056193257,102.82612609863281
2012-02-03,12907.822464088167,104.26756286621094
2012-02-06,12915.174340787114,104.19786071777344
2012-02-07,12947.04043824456,104.46131134033203
2012-02-08,13035.617528744988,104.77132415771484
2012-02-09,13116.385507761523,104.903076171875
2012-02-10,13076.512431800962,104.12808227539062
2012-02-13,13189.017931067072,104.903076171875
2012-02-14,13230.048994642399,104.77132415771484
2012-02-15,13126.689351263782,104.2831039428711
2012-02-16,13209.704616932127,105.4378433227539
2012-02-17,13227.799320880556,105.71685791015625
2012-02-21,13265.076900087473,105.76335906982422
2012-02-22,13222.174330992211,105.42233276367188
2012-02-23,13272.014985193453,105.88731384277344
2012-02-24,13335.218215080784,106.11981201171875
2012-02-27,13341.383413520325,106.29808044433594
2012-02-28,13463.02461243628,106.60807037353516
2012-02-29,13419.324914774754,106.18956756591797
2012-03-01,13478.377709303657,106.73986053466797
2012-03-02,13454.185589006504,106.4142837524414
2012-03-05,13387.189142081515,105.9803237915039
2012-03-06,13258.073913201775,104.43031311035156
2012-03-07,13348.777698335864,105.1588363647461
2012-03-08,13489.335001171927,106.20507049560547
2012-03-09,13489.59611882138,106.6158218383789
2012-03-12,13500.390586836045,106.62358856201172
2012-03-13,13702.488017087655,108.5455551147461
2012-03-14,13714.742296585793,108.4292984008789
2012-03-15,13751.006220258165,109.05701446533203
2012-03-16,13734.658530928707,109.20807647705078
2012-03-19,13815.024623914052,109.63617706298828
2012-03-20,13783.234179156692,109.3170394897461
2012-03-21,13758.79931877568,109.13797760009766
2012-03-22,13733.637752163135,108.35184478759766
2012-03-23,13785.044750190791,108.70210266113281
2012-03-26,14001.928957159951,110.2277603149414
2012-03-27,14004.816329140765,109.88530731201172
2012-03-28,14003.853729542641,109.34037780761719
2012-03-29,14023.476167253379,109.1535873413086
2012-03-30,14017.593026732524,109.60502624511719
2012-04-02,14090.652156244521,110.40679931640625
2012-04-03,14070.734267960488,109.9552993774414
2012-04-04,13899.304156510236,108.86552429199219
2012-04-05,13965.659717707818,108.81107330322266
2012-04-09,13862.51656839646,107.58900451660156
2012-04-10,13644.173711941701,105.78311920166016
2012-04-11,13712.922268591301,106.63935852050781
2012-04-12,13874.3386568622,108.03268432617188
2012-04-13,13725.3188768243,106.74833679199219
2012-04-16,13651.999704705111,106.67826843261719
2012-04-17,13825.06082903318,108.25840759277344
2012-04-18,13763.08170825976,107.89256286621094
2012-04-19,13696.410485339275,107.19982147216797
2012-04-20,13729.47305708401,107.37885284423828
2012-04-23,13586.637326084168,106.47591400146484
2012-04-24,13552.584998363203,106.8806381225586
2012-04-25,13767.777457350347,108.34405517578125
2012-04-26,13862.123945810445,109.0990982055664
2012-04-27,13953.590169758656,109.27812194824219
2012-04-30,13875.925101816203,108.87332153320312
2012-05-01,13946.393452535956,109.55055236816406
2012-05-02,13894.562638933494,109.2236557006836
2012-05-03,13784.905987001932,108.39073944091797
2012-05-04,13585.83664527418,106.63935852050781
2012-05-07,13617.059677788111,106.71721649169922
2012-05-08,13580.532228275348,106.28909301757812
2012-05-09,13503.71717327073,105.65861511230469
2012-05-10,13569.674416657019,105.87653350830078
2012-05-11,13517.58185394897,105.55742645263672
2012-05-14,13382.325344295034,104.38984680175781
2012-05-15,13350.936502399154,103.79045104980469
2012-05-16,13330.46831441229,103.39348602294922
2012-05-17,13183.723998886784,101.86006164550781
2012-05-18,13019.482334235874,100.98828887939453
2012-05-21,13231.898215701247,102.72406768798828
2012-05-22,13257.73311404477,102.903076171875
2012-05-23,13318.177931181059,102.95760345458984
2012-05-24,13333.043343295052,103.15999603271484
2012-05-25,13268.54692849557,102.82527923583984
2012-05-29,13383.032431020043,104.07069396972656
2012-05-30,13255.462362708671,102.5606460571289
2012-05-31,13222.994661235556,102.33488464355469
2012-06-01,12953.170637058896,99.7584228515625
2012-06-04,13028.704689390364,99.71171569824219
2012-06-05,13070.174744298958,100.46673583984375
2012-06-06,13342.062414043787,102.72406768798828
2012-06-07,13325.330580121585,102.786376953125
2012-06-08,13456.6556134223,103.60366821289062
2012-06-11,13315.760686429408,102.28820037841797
2012-06-12,13429.046271660492,103.4636001586914
2012-06-13,13343.509336987632,102.80189514160156
2012-06-14,13464.65791808225,103.89167022705078
2012-06-15,13586.099748977984,104.9542007446289
2012-06-18,13648.39689257462,105.15762329101562
2012-06-19,13810.304573679015,106.17475891113281
2012-06-20,13823.681349108181,106.00263214111328
2012-06-21,13549.208925958455,103.62406921386719
2012-06-22,13710.24505995442,104.4221420288086
2012-06-25,13521.966723639975,102.7477035522461
2012-06-26,13645.240258409296,103.26415252685547
2012-06-27,13740.645077205469,104.19525909423828
2012-06-28,13663.136798147734,103.89791107177734
2012-06-29,13899.480732900034,106.48770141601562
2012-07-02,13917.096786409444,106.80854797363281
2012-07-03,13958.55715882428,107.51271057128906
2012-07-05,13950.537866588233,107.0276107788086
2012-07-06,13849.798947607236,106.01045989990234
2012-07-09,13821.877476211526,105.87744140625
2012-07-10,13721.341420185956,104.9542007446289
2012-07-11,13664.685448485141,104.9698257446289
2012-07-12,13625.011374638078,104.4612808227539
2012-07-13,13838.240438944322,106.21388244628906
2012-07-16,13831.688714359787,105.96348571777344
2012-07-17,13854.368336376798,106.691162109375
2012-07-18,13949.028614657474,107.48141479492188
2012-07-19,13955.628704275003,107.76313781738281
2012-07-20,13911.966499379749,106.77726745605469
2012-07-23,13846.330478919817,105.69750213623047
2012-07-24,13768.243972613376,104.78986358642578
2012-07-25,13682.659921467945,104.81334686279297
2012-07-26,13881.244976078939,106.54251098632812
2012-07-27,14190.242106190433,108.50638580322266
2012-07-30,14185.77107681383,108.50638580322266
2012-07-31,14107.580853677975,107.74744415283203
2012-08-01,14036.822407818698,107.65355682373047
2012-08-02,13975.138514667566,106.91024780273438
2012-08-03,14185.34086728769,109.03060913085938
2012-08-06,14201.146416879135,109.24187469482422
2012-08-07,14263.709889861211,109.78958892822266
2012-08-08,14319.694884380448,109.92255401611328
2012-08-09,14332.455312327844,110.01646423339844
2012-08-10,14332.413601552662,110.1964111328125
2012-08-13,14362.000416976707,110.14163208007812
2012-08-14,14433.09346299762,110.15729522705078
2012-08-15,14455.280573552338,110.28245544433594
2012-08-16,14547.418241288877,111.09620666503906
2012-08-17,14541.567223834068,111.2448501586914
2012-08-20,14560.688034335386,111.25265502929688
2012-08-21,14520.732067373334,110.91624450683594
2012-08-22,14577.98102222075,110.96318817138672
2012-08-23,14484.486332402548,110.05561828613281
2012-08-24,14576.001170331618,110.72067260742188
2012-08-27,14575.833885875985,110.74409484863281
2012-08-28,14588.903957822866,110.63459777832031
2012-08-29,14629.076195609185,110.72067260742188
2012-08-30,14521.446383006738,109.92255401611328
2012-08-31,14592.130885093524,110.4468002319336
2012-09-04,14546.052262161802,110.34504699707031
2012-09-05,14511.217878876967,110.25119018554688
2012-09-06,14794.742091566286,112.48892211914062
2012-09-07,14826.42730201053,112.92707824707031
2012-09-10,14728.983658313506,112.28546142578125
2012-09-11,14753.049530279179,112.59844970703125
2012-09-12,14814.8031055981,112.97405242919922
2012-09-13,15053.967702925238,114.69532012939453
2012-09-14,15113.563218510728,115.20394897460938
2012-09-17,15058.588421975175,114.81269836425781
2012-09-18,15094.214423572219,114.71881103515625
2012-09-19,15147.660268739182,114.7813949584961
2012-09-20,15167.668104411709,114.78926849365234
2012-09-21,15185.088413427775,114.74129486083984
2012-09-24,15166.146526646991,114.56820678710938
2012-09-25,15077.846668746082,113.3489761352539
2012-09-26,14970.75453815794,112.7117919921875
2012-09-27,15095.872309072036,113.77376556396484
2012-09-28,15035.485465700602,113.24676513671875
2012-10-01,15078.445161694828,113.545654296875
2012-10-02,15066.190757235725,113.66363525390625
2012-10-03,15188.457728610987,114.12771606445312
2012-10-04,15333.678387182355,114.94578552246094
2012-10-05,15303.138557254058,114.95368957519531
2012-10-08,15216.463162468279,114.56031799316406
2012-10-09,15031.230241407997,113.42765045166016
2012-10-10,14935.084339089048,112.7039566040039
2012-10-11,14960.84874929916,112.76686096191406
2012-10-12,14937.61287054879,112.39716339111328
2012-10-15,15070.782693497817,113.33328247070312
2012-10-16,15171.067876043377,114.48167419433594
2012-10-17,15258.576746750194,115.0008316040039
2012-10-18,15121.47079955857,114.70195770263672
2012-10-19,14868.229661136313,112.79048919677734
2012-10-22,14834.822194010389,112.80622100830078
2012-10-23,14704.702907119201,111.24092864990234
2012-10-24,14660.328432958577,110.92623138427734
2012-10-25,14667.335960980789,111.2487564086914
2012-10-26,14690.1921246891,111.18584442138672
2012-10-31,14714.755933787072,111.18584442138672
2012-11-01,14914.426701140872,112.3499984741211
2012-11-02,14803.036806946544,111.3509750366211
2012-11-05,14830.159340186596,111.57913970947266
2012-11-06,14940.896252833652,112.4522933959961
2012-11-07,14619.905693343817,109.90369415283203
2012-11-08,14451.872364630719,108.5821762084961
2012-11-09,14451.562238044105,108.67658996582031
2012-11-12,14413.268136117278,108.76312255859375
2012-11-13,14366.726601284063,108.3855209350586
2012-11-14,14171.971536806548,106.9224624633789
2012-11-15,14072.921879415413,106.74153900146484
2012-11-16,14145.76043926071,107.26854705810547
2012-11-19,14445.57357533457,109.43961334228516
2012-11-20,14467.787685133504,109.4867935180664
2012-11-21,14537.35119173942,109.69129180908203
2012-11-23,14691.644040004421,111.18584442138672
2012-11-26,14690.427158969873,110.9498519897461
2012-11-27,14626.874761197205,110.38352966308594
2012-11-28,14746.721010103007,111.27238464355469
2012-11-29,14803.642434965015,111.79153442382812
2012-11-30,14847.529477238773,111.81512451171875
2012-12-03,14762.05685442113,111.26453399658203
2012-12-04,14738.52350833976,111.10717010498047
2012-12-05,14704.23904469441,111.30384063720703
2012-12-06,14760.09057753577,111.681396484375
2012-12-07,14769.927843241587,112.0196533203125
2012-12-10,14775.256478280518,112.06684112548828
2012-12-11,14880.31325516071,112.8298568725586
2012-12-12,14854.120406671815,112.8848648071289
2012-12-13,14801.728927715363,112.19268798828125
2012-12-14,14729.354804387358,111.77582550048828
2012-12-17,14885.443170787132,113.08940124511719
2012-12-18,15004.025127823175,114.34794616699219
2012-12-19,14894.646896323547,113.49844360351562
2012-12-20,15025.763170098593,114.15132141113281
2012-12-21,14876.005483829815,113.1151351928711
2012-12-24,14843.03493496734,112.7665786743164
2012-12-26,14721.628239152355,112.29126739501953
2012-12-27,14714.640181978115,112.1407470703125
2012-12-28,14576.954919698328,110.92877960205078
2012-12-31,14789.258578436029,112.81414794921875
2013-01-02,15120.797861487123,115.70558166503906
2013-01-03,15032.213465915394,115.44416809082031
2013-01-04,15090.335025833612,115.95114135742188
2013-01-07,15079.757984333703,115.63428497314453
2013-01-08,15043.181450670212,115.30155944824219
2013-01-09,15091.211537836714,115.59466552734375
2013-01-10,15132.679149409385,116.51360321044922
2013-01-11,15165.741872380962,116.50569915771484
2013-01-14,15129.97015598871,116.42646026611328
2013-01-15,15130.63185528707,116.50569915771484
2013-01-16,15161.779836600963,116.48986053466797
2013-01-17,15213.712642636368,117.24238586425781
2013-01-18,15212.684476631326,117.50383758544922
2013-01-22,15243.151429592062,118.13755798339844
2013-01-23,15325.668743463359,118.32769012451172
2013-01-24,15297.28539663224,118.35935974121094
2013-01-25,15411.026986848068,119.02482604980469
2013-01-28,15365.059087737101,118.88221740722656
2013-01-29,15377.367651213517,119.34956359863281
2013-01-30,15385.323994184466,118.88221740722656
2013-01-31,15328.042397966432,118.589111328125
2013-02-01,15450.932388658483,119.80908203125
2013-02-04,15277.276306944523,118.46234893798828
2013-02-05,15497.522143351627,119.65848541259766
2013-02-06,15503.688126898609,119.74565887451172
2013-02-07,15453.293268730678,119.5872802734375
2013-02-08,15561.47511925934,120.25267028808594
2013-02-11,15531.581675151669,120.22891235351562
2013-02-12,15547.473960327816,120.4269790649414
2013-02-13,15581.31425356851,120.52997589111328
2013-02-14,15634.972693666494,120.6408462524414
2013-02-15,15600.403902719769,120.49824523925781
2013-02-19,15657.068368490742,121.40135955810547
2013-02-20,15474.352489395174,119.88827514648438
2013-02-21,15454.405788073898,119.15945434570312
2013-02-22,15546.263360115163,120.32392883300781
2013-02-25,15294.485040543268,118.03457641601562
2013-02-26,15403.469702578208,118.84260559082031
2013-02-27,15585.251484466451,120.33985137939453
2013-02-28,15558.518346462926,120.10218048095703
2013-03-01,15592.025988900856,120.49824523925781
2013-03-04,15699.866945289514,121.13994598388672
2013-03-05,15826.558310900218,122.22521209716797
2013-03-06,15807.637295310056,122.39154815673828
2013-03-07,15826.977770633348,122.61337280273438
2013-03-08,15855.93151213151,123.1362075805664
2013-03-11,15872.313132416652,123.60353088378906
2013-03-12,15844.383500237513,123.32632446289062
2013-03-13,15842.015007726315,123.5006103515625
2013-03-14,15865.062243905662,124.15818786621094
2013-03-15,15749.909181741457,123.99420166015625
2013-03-18,15712.478171943449,123.30986022949219
2013-03-19,15693.508642953806,123.02344512939453
2013-03-20,15775.53346850232,123.88279724121094
2013-03-21,15691.253188949904,122.82450103759766
2013-03-22,15799.933455224658,123.81114959716797
2013-03-25,15806.519585343152,123.29393768310547
2013-03-26,15943.115032210539,124.28067779541016
2013-03-27,15950.774829493803,124.28067779541016
2013-03-28,15961.098571537828,124.66260528564453
2013-04-01,15938.791971696577,124.16921997070312
2013-04-02,16080.501890060765,124.7819595336914
2013-04-03,15935.61950948766,123.51677703857422
2013-04-04,15976.523738824917,124.01808166503906
2013-04-05,15933.866790106096,123.46109771728516
2013-04-08,15990.288599225187,124.29650115966797
2013-04-09,16061.000628620564,124.72624206542969
2013-04-10,16226.188654769725,126.25399017333984
2013-04-11,16248.453076547337,126.66777038574219
2013-04-12,16276.021436726605,126.35747528076172
2013-04-15,16020.452737729645,123.42920684814453
2013-04-16,16207.341997646263,125.2514419555664
2013-04-17,15990.766933487152,123.42127227783203
2013-04-18,15811.361517375635,122.64947509765625
2013-04-19,16013.031336008384,123.7156982421875
2013-04-22,16076.501777196445,124.26468658447266
2013-04-23,16224.14163967122,125.54582214355469
2013-04-24,16248.349905710273,125.6253433227539
2013-04-25,16338.585632079048,126.13462829589844
2013-04-26,16273.901655028723,125.9118881225586
2013-04-29,16395.908837858067,126.7552719116211
2013-04-30,16492.86282294131,127.05766296386719
2013-05-01,16334.470009814238,125.94365692138672
2013-05-02,16530.50147461817,127.11334991455078
2013-05-03,16670.526986162582,128.40235900878906
2013-05-06,16727.761216056722,128.72866821289062
2013-05-07,16741.812548585807,129.381103515625
2013-05-08,16853.967932132175,129.9698944091797
2013-05-09,16806.921322750437,129.60391235351562
2013-05-10,16921.0733732966,130.02566528320312
2013-05-13,16921.463072703576,130.12908935546875
2013-05-14,17064.313979462288,131.47381591796875
2013-05-15,17169.181920778996,132.1819610595703
2013-05-16,17098.44549226494,131.561279296875
2013-05-17,17281.93271116068,132.83447265625
2013-05-20,17264.446988809843,132.82644653320312
2013-05-21,17331.986071304807,133.01742553710938
2013-05-22,17212.53660650255,132.03076171875
2013-05-23,17145.00171574575,131.64878845214844
2013-05-24,17210.61634828064,131.53746032714844
2013-05-28,17329.375906757577,132.32518005371094
2013-05-29,17203.611177737246,131.4658203125
2013-05-30,17314.49515645598,131.95118713378906
2013-05-31,17111.81395974421,130.05743408203125
2013-06-03,17199.037012360226,130.7735595703125
2013-06-04,17075.422566463585,130.1449737548828
2013-06-05,16906.575350927294,128.3228759765625
2013-06-06,16993.588770658804,129.4845733642578
2013-06-07,17198.93826217384,131.1316375732422
2013-06-10,17243.15517322467,131.1316375732422
2013-06-11,17086.055777851398,129.7789306640625
2013-06-12,16971.16503775,128.70474243164062
2013-06-13,17151.026196098428,130.66217041015625
2013-06-14,17050.84391581149,129.8426055908203
2013-06-17,17195.83918766079,130.84518432617188
2013-06-18,17313.734722719782,131.87960815429688
2013-06-19,17189.8353205336,130.05743408203125
2013-06-20,16818.227790160014,126.8348159790039
2013-06-21,16844.923862024185,127.24207305908203
2013-06-24,16736.835748582547,125.63411712646484
2013-06-25,16801.137008048452,126.84202575683594
2013-06-26,16963.447957914865,128.0978546142578
2013-06-27,17023.761402724853,128.84983825683594
2013-06-28,16997.716998086027,128.32186889648438
2013-07-01,17107.18993014029,129.07379150390625
2013-07-02,17140.769487407073,128.95384216308594
2013-07-03,17191.48355223856,129.0098114013672
2013-07-05,17333.260826617046,130.40170288085938
2013-07-08,17430.158395096973,131.1455841064453
2013-07-09,17522.098009720357,132.08949279785156
2013-07-10,17530.395127415366,132.13751220703125
2013-07-11,17752.097276871624,133.93727111816406
2013-07-12,17804.468903401375,133.9932098388672
2013-07-15,17801.837478832982,134.50518798828125
2013-07-16,17776.306516673467,134.00125122070312
2013-07-17,17756.20839670118,134.3452606201172
2013-07-18,17841.640806231535,135.0811309814453
2013-07-19,17713.28959080776,135.3211212158203
2013-07-22,17793.16711531529,135.58505249023438
2013-07-23,17745.491163417013,135.29713439941406
2013-07-24,17748.706668912255,134.8011474609375
2013-07-25,17785.278129355327,135.12911987304688
2013-07-26,17796.857977925483,135.27313232421875
2013-07-29,17761.372786936594,134.85719299316406
2013-07-30,17789.439641572702,134.85719299316406
2013-07-31,17738.90056617889,134.9531707763672
2013-08-01,17933.235930595234,136.51296997070312
2013-08-02,17995.950177130188,136.74497985839844
2013-08-05,17983.48511759515,136.54498291015625
2013-08-06,17924.585758484656,135.76907348632812
2013-08-07,17866.362042018474,135.32911682128906
2013-08-08,17899.303585541187,135.82508850097656
2013-08-09,17780.90652653786,135.43309020996094
2013-08-12,17765.62942681714,135.27313232421875
2013-08-13,17845.481456491227,135.67312622070312
2013-08-14,17793.087528153574,134.9771728515625
2013-08-15,17562.098289911242,133.08934020996094
2013-08-16,17548.49035817661,132.64942932128906
2013-08-19,17519.618828689443,131.80154418945312
2013-08-20,17501.028015445212,132.449462890625
2013-08-21,17474.41887963516,131.63352966308594
2013-08-22,17563.634024545012,132.83334350585938
2013-08-23,17681.29966196643,133.2813720703125
2013-08-26,17564.58760835383,132.78541564941406
2013-08-27,17327.524768365776,130.6496124267578
2013-08-28,17361.51558509098,131.11361694335938
2013-08-29,17415.133594518848,131.32154846191406
2013-08-30,17345.5399743782,130.90560913085938
2013-09-03,17417.34647080945,131.49755859375
2013-09-04,17505.73484775946,132.58541870117188
2013-09-05,17521.553597165024,132.75344848632812
2013-09-06,17552.009273641233,132.8173370361328
2013-09-09,17724.205208579824,134.08926391601562
2013-09-10,17868.560525789726,135.0811309814453
2013-09-11,17893.068165574263,135.50509643554688
2013-09-12,17877.264831104734,135.14517211914062
2013-09-13,17902.049113257468,135.44911193847656
2013-09-16,17913.781734785513,136.2329864501953
2013-09-17,17989.53152135782,136.84095764160156
2013-09-18,18183.614234451852,138.42477416992188
2013-09-19,18164.591392360868,138.19277954101562
2013-09-20,18105.700318768948,137.22659301757812
2013-09-23,18076.343076416466,136.59156799316406
2013-09-24,18009.28089915749,136.27011108398438
2013-09-25,17903.24021118572,135.87620544433594
2013-09-26,17981.89182792939,136.398681640625
2013-09-27,17949.91428674494,135.77174377441406
2013-09-30,17825.905238178526,135.04830932617188
2013-10-01,17976.85099978449,136.11737060546875
2013-10-02,17984.35721836923,135.9887237548828
2013-10-03,17827.767296907296,134.73484802246094
2013-10-04,17902.501245662916,135.7556610107422
2013-10-07,17736.611621907516,134.58206176757812
2013-10-08,17568.220537404315,133.0146942138672
2013-10-09,17567.935288963865,133.11114501953125
2013-10-10,17902.67617712219,135.980712890625
2013-10-11,18032.316233528258,136.85687255859375
2013-10-14,18118.801835259626,137.40345764160156
2013-10-15,18027.65154292485,136.40670776367188
2013-10-16,18257.841201087034,138.311767578125
2013-10-17,18289.420489234322,139.23614501953125
2013-10-18,18518.948673136292,140.17660522460938
2013-10-21,18504.266750862505,140.18463134765625
2013-10-22,18573.68045002593,140.9965362548828
2013-10-23,18489.26787335693,140.32130432128906
2013-10-24,18583.305776986588,140.7875518798828
2013-10-25,18710.733756816633,141.43063354492188
2013-10-28,18732.41407067378,141.6556396484375
2013-10-29,18832.83923009983,142.41123962402344
2013-10-30,18792.282154198376,141.70387268066406
2013-10-31,18690.636106022062,141.30191040039062
2013-11-01,18738.914046031863,141.63954162597656
2013-11-04,18698.68503489416,142.13800048828125
2013-11-05,18725.414370254835,141.68780517578125
2013-11-06,18871.222260934825,142.41123962402344
2013-11-07,18625.71683283517,140.61062622070312
2013-11-08,18910.691379057324,142.50765991210938
2013-11-11,18952.827826018663,142.53184509277344
2013-11-12,18904.07315551053,142.24240112304688
2013-11-13,19084.055764894674,143.3838348388672
2013-11-14,19227.84755575883,144.0991973876953
2013-11-15,19298.14104412081,144.7261505126953
2013-11-18,19217.532599618207,144.21975708007812
2013-11-19,19190.295864553784,143.90631103515625
2013-11-20,19161.70927507434,143.45620727539062
2013-11-21,19317.77250742467,144.61367797851562
2013-11-22,19379.473938340827,145.33712768554688
2013-11-25,19493.43572238984,145.19239807128906
2013-11-26,19542.46623361962,145.23257446289062
2013-11-27,19625.398675858552,145.58627319335938
2013-11-29,19672.39846000844,145.4898223876953
2013-12-02,19630.245580974806,145.1119842529297
2013-12-03,19593.400712820472,144.48501586914062
2013-12-04,19614.79676135871,144.46897888183594
2013-12-05,19477.312697632155,143.83395385742188
2013-12-06,19600.30392975378,145.4415740966797
2013-12-09,19636.069971369412,145.81130981445312
2013-12-10,19615.149348461666,145.288818359375
2013-12-11,19566.938517371374,143.6571502685547
2013-12-12,19390.732853456677,143.18289184570312
2013-12-13,19363.88798393769,143.166748046875
2013-12-16,19436.26547424499,144.05897521972656
2013-12-17,19375.09320449112,143.60086059570312
2013-12-18,19630.25715666862,146.05245971679688
2013-12-19,19603.28081420843,145.8836669921875
2013-12-20,19751.501180134706,146.7322235107422
2013-12-23,19871.171515981452,147.5162353515625
2013-12-24,19875.15556132955,147.8394775390625
2013-12-26,19976.75266154069,148.59103393554688
2013-12-27,19958.11219994174,148.5830078125
2013-12-30,19941.89970838477,148.55874633789062
2013-12-31,20032.2673700136,149.26181030273438
2014-01-02,19924.422287460715,147.83140563964844
2014-01-03,19877.15204610106,147.80712890625
2014-01-06,19843.55698980701,147.37881469726562
2014-01-07,20022.963675010134,148.2839813232422
2014-01-08,19998.867795835078,148.31626892089844
2014-01-09,19931.170218112682,148.41323852539062
2014-01-10,19858.401289054163,148.81736755371094
2014-01-13,19627.660970008466,146.8373260498047
2014-01-14,19848.412445345028,148.43751525878906
2014-01-15,19972.978706615453,149.2376251220703
2014-01-16,19904.207118940918,149.04364013671875
2014-01-17,19866.379617250965,148.41323852539062
2014-01-21,19922.71313427509,148.84967041015625
2014-01-22,19918.818801908244,148.94662475585938
2014-01-23,19768.343250479465,147.7262725830078
2014-01-24,19424.325872979876,144.574462890625
2014-01-27,19270.57893501494,143.86322021484375
2014-01-28,19347.601293417247,144.71987915039062
2014-01-29,19137.27150289103,143.3297882080078
2014-01-30,19369.998300270894,144.84918212890625
2014-01-31,19116.866445676424,144.00059509277344
2014-02-03,18755.209086335144,140.75979614257812
2014-02-04,18791.59394001043,141.74583435058594
2014-02-05,18793.127220438262,141.56800842285156
2014-02-06,19021.63755371455,143.4348907470703
2014-02-07,19219.72054954327,145.21287536621094
2014-02-10,19238.685318933836,145.4795684814453
2014-02-11,19443.22707176839,147.07167053222656
2014-02-12,19437.363334390295,147.1444091796875
2014-02-13,19610.872172284267,147.90411376953125
2014-02-14,19782.258751426198,148.72036743164062
2014-02-18,19747.403147432524,148.89817810058594
2014-02-19,19637.704963849534,147.91217041015625
2014-02-20,19698.27273573802,148.7849578857422
2014-02-21,19648.09861106535,148.6153564453125
2014-02-24,19776.94100330275,149.43966674804688
2014-02-25,19828.297459647176,149.383056640625
2014-02-26,19864.916529208047,149.39112854003906
2014-02-27,19903.272339768024,150.17506408691406
2014-02-28,19949.226378297342,150.55494689941406
2014-03-03,19799.82062857941,149.49623107910156
2014-03-04,20048.770449700518,151.5974884033203
2014-03-05,20047.457552652613,151.7348175048828
2014-03-06,20038.110287416956,152.08233642578125
2014-03-07,20062.34115316166,152.14703369140625
2014-03-10,20027.882678008948,152.0662384033203
2014-03-11,20031.280996490816,151.3146514892578
2014-03-12,20073.874411120687,151.3550262451172
2014-03-13,19835.272952611715,149.65786743164062
2014-03-14,19755.084233533824,149.2376251220703
2014-03-17,19929.904150083094,150.58724975585938
2014-03-18,20149.220150596113,151.66212463378906
2014-03-19,20107.52155491022,150.85398864746094
2014-03-20,20208.53849123542,151.7348175048828
2014-03-21,20172.120649055803,151.14633178710938
2014-03-24,20172.88295090753,150.52125549316406
2014-03-25,20190.086223652124,151.2356414794922
2014-03-26,19971.739143723607,150.14793395996094
2014-03-27,19879.48040560805,149.83135986328125
2014-03-28,19928.525919140502,150.57000732421875
2014-03-31,20052.781221288336,151.8038330078125
2014-04-01,20181.334169911785,152.8104248046875
2014-04-02,20188.34654763643,153.32183837890625
2014-04-03,20163.351204056646,153.11888122558594
2014-04-04,19824.244804323676,151.30870056152344
2014-04-07,19669.68839923624,149.63645935058594
2014-04-08,19818.5420312128,150.25344848632812
2014-04-09,20022.21998680189,151.86878967285156
2014-04-10,19582.184184172784,148.67861938476562
2014-04-11,19344.746277582497,147.3392333984375
2014-04-14,19509.462499141835,148.50006103515625
2014-04-15,19612.228455908975,149.52281188964844
2014-04-16,19800.894313276192,151.0895233154297
2014-04-17,19760.38079879079,151.30056762695312
2014-04-21,19822.096375641024,151.82821655273438
2014-04-22,19907.822872794182,152.5181884765625
2014-04-23,19822.288138509848,152.16104125976562
2014-04-24,20065.556346186688,152.46946716308594
2014-04-25,19720.801466138575,151.2194366455078
2014-04-28,19895.355276200673,151.6983184814453
2014-04-29,19932.92372002487,152.40451049804688
2014-04-30,19941.75818914336,152.85911560058594
2014-05-01,19965.65010246276,152.87538146972656
2014-05-02,19882.13043538464,152.65618896484375
2014-05-05,19921.247237175605,152.94837951660156
2014-05-06,19684.2053992152,151.61715698242188
2014-05-07,19795.959588482776,152.5100555419922
2014-05-08,19810.621557068614,152.34771728515625
2014-05-09,19823.592951212864,152.5749969482422
2014-05-12,20002.503746573097,154.0605010986328
2014-05-13,20019.12375377779,154.19845581054688
2014-05-14,19885.17132344564,153.46792602539062
2014-05-15,19692.820939937308,152.12046813964844
2014-05-16,19762.373099221462,152.64804077148438
2014-05-19,19836.441323132953,153.2081298828125
2014-05-20,19812.603974773785,152.24221801757812
2014-05-21,19988.31151820509,153.52479553222656
2014-05-22,20029.87847500168,153.89816284179688
2014-05-23,20150.485063551838,154.51502990722656
2014-05-27,20263.444732465166,155.46481323242188
2014-05-28,20232.464261437275,155.35118103027344
2014-05-29,20326.712329602284,156.15475463867188
2014-05-30,20378.733626556186,156.40646362304688
2014-06-02,20327.898572970204,156.58502197265625
2014-06-03,20288.95256222473,156.50387573242188
2014-06-04,20323.248610452654,156.82040405273438
2014-06-05,20506.312595984637,157.84320068359375
2014-06-06,20576.508106511013,158.59815979003906
2014-06-09,20592.713819828394,158.7604522705078
2014-06-10,20668.461711573727,158.77671813964844
2014-06-11,20615.707359605218,158.2248077392578
2014-06-12,20458.474401398373,157.10450744628906
2014-06-13,20460.622341855047,157.58348083496094
2014-06-16,20452.133888726807,157.71336364746094
2014-06-17,20477.020547637334,158.1516571044922
2014-06-18,20621.51879280392,159.31248474121094
2014-06-19,20588.971649456398,159.49105834960938
2014-06-20,20573.289427455562,159.8148956298828
2014-06-23,20620.97853367233,159.76596069335938
2014-06-24,20491.695749361443,158.80345153808594
2014-06-25,20597.865725500615,159.5211944580078
2014-06-26,20534.351399632138,159.40701293945312
2014-06-27,20586.796957019727,159.7169647216797
2014-06-30,20585.6695825172,159.63539123535156
2014-07-01,20778.861377095254,160.70388793945312
2014-07-02,20796.598313463095,160.86703491210938
2014-07-03,20891.24272961185,161.65814208984375
2014-07-07,20863.283210305206,161.0954132080078
2014-07-08,20711.256530336937,160.0595245361328
2014-07-09,20879.108348734066,160.7772674560547
2014-07-10,20761.762033981075,160.14112854003906
2014-07-11,20870.705562872765,160.36129760742188
2014-07-14,21060.56051418554,161.1688232421875
2014-07-15,21101.509570856222,160.86703491210938
2014-07-16,21166.240939300573,161.4624481201172
2014-07-17,21002.441837621453,159.62722778320312
2014-07-18,21140.49227277994,161.25851440429688
2014-07-21,21104.36018882484,160.95672607421875
2014-07-22,21221.252675883763,161.65814208984375
2014-07-23,21241.61211452451,162.01707458496094
2014-07-24,21235.73949473724,162.02520751953125
2014-07-25,20926.448435427308,161.2666778564453
2014-07-28,20924.99936828317,161.33192443847656
2014-07-29,20827.385064155405,160.6385955810547
2014-07-30,20836.040325903814,160.66311645507812
2014-07-31,20434.484262403555,157.49026489257812
2014-08-01,20411.996126357502,157.00906372070312
2014-08-04,20501.52640156652,158.1427764892578
2014-08-05,20364.793913183647,156.60940551757812
2014-08-06,20458.553155760776,156.65835571289062
2014-08-07,20331.46691770804,155.8101348876953
2014-08-08,20638.529712980766,157.61264038085938
2014-08-11,20669.691700069438,158.06944274902344
2014-08-12,20660.435741710895,157.84918212890625
2014-08-13,20837.944119548367,158.9176483154297
2014-08-14,20899.99596097937,159.66807556152344
2014-08-15,20875.82530333693,159.63539123535156
2014-08-18,21072.690180528083,160.97300720214844
2014-08-19,21266.552826743045,161.8131561279297
2014-08-20,21301.19056736527,162.24545288085938
2014-08-21,21356.06889606301,162.71847534179688
2014-08-22,21342.368144537002,162.46563720703125
2014-08-25,21395.215596507787,163.28948974609375
2014-08-26,21480.303578380124,163.39547729492188
2014-08-27,21495.31393049548,163.33023071289062
2014-08-28,21458.08279635663,163.24049377441406
2014-08-29,21506.61446164429,163.7053985595703
2014-09-02,21495.035380653724,163.6238250732422
2014-09-03,21417.874258970354,163.5341796875
2014-09-04,21517.62984694153,163.29762268066406
2014-09-05,21646.58531351366,164.0316925048828
2014-09-08,21578.599070956632,163.6074981689453
2014-09-09,21419.129516539015,162.57168579101562
2014-09-10,21515.91580389745,163.18344116210938
2014-09-11,21461.342820601334,163.37098693847656
2014-09-12,21375.30639526071,162.41673278808594
2014-09-15,21336.56995685471,162.29437255859375
2014-09-16,21509.74977990461,163.517822265625
2014-09-17,21512.273649729887,163.73805236816406
2014-09-18,21649.864118995833,164.61074829101562
2014-09-19,21707.355725564008,164.4624481201172
2014-09-22,21563.765683730395,163.19232177734375
2014-09-23,21469.741657306968,162.2581787109375
2014-09-24,21679.07524881802,163.52825927734375
2014-09-25,21270.820199177684,160.8897247314453
2014-09-26,21407.442423401204,162.16799926757812
2014-09-29,21340.55622927197,161.87298583984375
2014-09-30,21307.40836378729,161.4468994140625
2014-10-01,21068.68055240639,159.2589569091797
2014-10-02,21070.27203339125,159.2836151123047
2014-10-03,21274.42289050303,161.03717041015625
2014-10-06,21244.582058992837,160.84869384765625
2014-10-07,20976.80134886856,158.36578369140625
2014-10-08,21351.94531954448,161.135498046875
2014-10-09,20992.292322745263,157.93968200683594
2014-10-10,20744.417835661872,156.13687133789062
2014-10-13,20500.66103513082,153.57203674316406
2014-10-14,20473.906943227492,153.80966186523438
2014-10-15,20265.537536999924,152.76901245117188
2014-10-16,20243.80017802402,152.6378936767578
2014-10-17,20442.75447356244,154.44064331054688
2014-10-20,20631.988723594306,155.9402618408203
2014-10-21,21072.75641728065,159.02951049804688
2014-10-22,20957.68351633696,157.89874267578125
2014-10-23,21184.59253881009,159.7342529296875
2014-10-24,21178.417398004785,160.9634246826172
2014-10-27,21220.296083359823,160.74215698242188
2014-10-28,21488.56849564405,162.58590698242188
2014-10-29,21477.271619551437,162.34010314941406
2014-10-30,21819.010294655964,163.38076782226562
2014-10-31,22106.48297643924,165.24916076660156
2014-11-03,22110.730419344512,165.3392791748047
2014-11-04,22141.78984805622,164.76565551757812
2014-11-05,22257.877695623964,165.80633544921875
2014-11-06,22336.79327985568,166.47006225585938
2014-11-07,22301.673762216717,166.62576293945312
2014-11-10,22401.367765851795,167.15023803710938
2014-11-11,22429.654165313306,167.3141326904297
2014-11-12,22417.61961646551,167.1338653564453
2014-11-13,22513.203412752606,167.32229614257812
2014-11-14,22547.891534707174,167.36325073242188
2014-11-17,22506.205840901628,167.46981811523438
2014-11-18,22576.953397394664,168.436767578125
2014-11-19,22602.86198387127,168.16629028320312
2014-11-20,22686.30330139904,168.4613800048828
2014-11-21,22749.10673611348,169.36276245117188
2014-11-24,22800.233143231097,169.83799743652344
2014-11-25,22789.42862960206,169.71507263183594
2014-11-26,22850.433589081666,170.14944458007812
2014-11-28,22944.204590042853,169.7887725830078
2014-12-01,22804.817029500067,168.6088409423828
2014-12-02,22900.321900178747,169.6986541748047
2014-12-03,22912.48683652846,170.354248046875
2014-12-04,22906.172098102277,170.16574096679688
2014-12-05,22895.626633523712,170.4444122314453
2014-12-08,22738.25107799061,169.30532836914062
2014-12-09,22779.71373671109,169.190673828125
2014-12-10,22439.79278976105,166.47833251953125
2014-12-11,22566.703200653195,167.32229614257812
2014-12-12,22221.478909968897,164.61814880371094
2014-12-15,22123.290263482548,163.4872589111328
2014-12-16,21761.913552651517,162.17616271972656
2014-12-17,22225.38057687098,165.3556671142578
2014-12-18,22669.274190757904,169.4447021484375
2014-12-19,22724.12349466432,170.1656494140625
2014-12-22,22932.86452509665,170.9484100341797
2014-12-23,22988.952557559154,171.17910766601562
2014-12-24,22951.049093530677,171.1956024169922
2014-12-26,23024.432301741213,171.7476806640625
2014-12-29,23004.55880009301,171.9783477783203
2014-12-30,22930.41729602399,171.05552673339844
2014-12-31,22722.486324307272,169.358154296875
2015-01-02,22692.882731867652,169.26751708984375
2015-01-05,22288.70275679533,166.21063232421875
2015-01-06,22089.735469532658,164.6451416015625
2015-01-07,22326.91256982751,166.69676208496094
2015-01-08,22773.240785342678,169.65476989746094
2015-01-09,22539.91114850971,168.29525756835938
2015-01-12,22337.263981962275,166.9768524169922
2015-01-13,22350.076188624855,166.50723266601562
2015-01-14,22181.572395293977,165.5020294189453
2015-01-15,21964.580413688767,163.9859619140625
2015-01-16,22235.353427635637,166.13644409179688
2015-01-20,22249.182171279892,166.49073791503906
2015-01-21,22425.375578111383,167.33119201660156
2015-01-22,22883.865494822432,169.81964111328125
2015-01-23,22792.882025956103,168.88845825195312
2015-01-26,22762.569590618317,169.2840118408203
2015-01-27,22232.375844331797,167.05105590820312
2015-01-28,21992.962758327954,164.90872192382812
2015-01-29,22272.520960666836,166.43307495117188
2015-01-30,22247.40189892901,164.34022521972656
2015-02-02,22506.91906973102,166.37539672851562
2015-02-03,22764.935538472088,168.78138732910156
2015-02-04,22794.184439661767,168.13865661621094
2015-02-05,23061.162284438884,169.8361053466797
2015-02-06,22974.575168641277,169.3664093017578
2015-02-09,22876.334744031024,168.6083221435547
2015-02-10,23112.112132690396,170.4045867919922
2015-02-11,23144.5701191797,170.50347900390625
2015-02-12,23469.585072124566,172.14317321777344
2015-02-13,23559.710669538767,172.8517608642578
2015-02-17,23560.17365659374,173.12368774414062
2015-02-18,23495.800359233206,173.14015197753906
2015-02-19,23460.96315805733,173.01658630371094
2015-02-20,23646.198543908125,174.05479431152344
2015-02-23,23709.22509964243,174.03009033203125
2015-02-24,23813.419629677654,174.52442932128906
2015-02-25,23813.55280635987,174.3760986328125
2015-02-26,23846.576560169826,174.170166015625
2015-02-27,23730.086367877204,173.5768585205078
2015-03-02,23964.756896692736,174.67276000976562
2015-03-03,23830.73203050457,173.95584106445312
2015-03-04,23786.181568877262,173.2225341796875
2015-03-05,23903.448987133143,173.4120635986328
2015-03-06,23554.308093538493,170.97311401367188
2015-03-09,23678.55462297151,171.68174743652344
2015-03-10,23307.963364906263,168.896728515625
2015-03-11,23199.259271578623,168.50125122070312
2015-03-12,23449.533202709295,170.64356994628906
2015-03-13,23311.251768562906,169.5971221923828
2015-03-16,23630.220386326757,171.863037109375
2015-03-17,23553.935644344143,171.35211181640625
2015-03-18,23776.293962777916,173.4120635986328
2015-03-19,23703.934613245117,172.6210479736328
2015-03-20,23894.92789392151,174.144775390625
2015-03-23,23783.045302168022,173.805419921875
2015-03-24,23698.992956844493,172.82882690429688
2015-03-25,23258.823510523853,170.29623413085938
2015-03-26,23198.416794988407,169.8907012939453
2015-03-27,23224.481673938848,170.27969360351562
2015-03-30,23485.98807639408,172.35707092285156
2015-03-31,23226.525531800973,170.8507080078125
2015-04-01,23137.92125899152,170.2465362548828
2015-04-02,23181.666078345625,170.8590087890625
2015-04-06,23371.985776803398,172.0094451904297
2015-04-07,23400.769512067876,171.55419921875
2015-04-08,23508.509640103315,172.1335906982422
2015-04-09,23584.258546488716,172.89503479003906
2015-04-10,23640.31687320795,173.8385772705078
2015-04-13,23567.967682433966,173.05223083496094
2015-04-14,23604.567295132863,173.3833770751953
2015-04-15,23658.55782121868,174.16128540039062
2015-04-16,23663.320687743908,174.1116943359375
2015-04-17,23328.248485292163,172.1087646484375
2015-04-20,23564.967720258475,173.68128967285156
2015-04-21,23553.636048461372,173.47438049316406
2015-04-22,23743.286624255186,174.32687377929688
2015-04-23,23783.80217584097,174.7655487060547
2015-04-24,24234.27957617619,175.17108154296875
2015-04-27,24110.366237790473,174.44276428222656
2015-04-28,24124.92098227828,174.99725341796875
2015-04-29,24003.834826565115,174.27723693847656
2015-04-30,23757.789198904145,172.5308074951172
2015-05-01,23946.933544472908,174.40135192871094
2015-05-04,23975.74175813641,174.89796447753906
2015-05-05,23745.124977478587,172.89503479003906
2015-05-06,23641.980396962477,172.18324279785156
2015-05-07,23856.7411258022,172.8701934814453
2015-05-08,24084.963729756542,175.14620971679688
2015-05-11,23931.095406582182,174.31027221679688
2015-05-12,23911.028311666938,173.7888946533203
2015-05-13,23906.44935998081,173.82199096679688
2015-05-14,24231.77629543144,175.63455200195312
2015-05-15,24220.746620193113,175.82489013671875
2015-05-18,24267.862507671474,176.37107849121094
2015-05-19,24177.937710499067,176.3131866455078
2015-05-20,24150.013719333332,176.18907165527344
2015-05-21,24170.544783677462,176.70220947265625
2015-05-22,24088.732397322907,176.28012084960938
2015-05-26,23842.079367777085,174.384765625
2015-05-27,24136.811401838386,176.04010009765625
2015-05-28,24125.025542101528,175.84144592285156
2015-05-29,23976.78823031187,174.74891662597656
2015-06-01,24063.078917116163,175.10482788085938
2015-06-02,24000.727101699737,174.93104553222656
2015-06-03,24063.01806332944,175.3944549560547
2015-06-04,23892.996056001422,173.91302490234375
2015-06-05,23840.866141363927,173.61509704589844
2015-06-08,23671.159084304494,172.54742431640625
2015-06-09,23712.55217591593,172.52259826660156
2015-06-10,23987.382668320297,174.59165954589844
2015-06-11,24022.861730470744,175.15447998046875
2015-06-12,23812.46235073309,173.81370544433594
2015-06-15,23679.60970490846,173.06884765625
2015-06-16,23864.46302657733,174.0123748779297
2015-06-17,23891.78482915783,174.2937774658203
2015-06-18,24177.766319181876,176.10626220703125
2015-06-19,24030.06136179809,175.324462890625
2015-06-22,24118.512732979918,176.2227325439453
2015-06-23,24151.56263799232,176.3474884033203
2015-06-24,23982.155265611054,175.06671142578125
2015-06-25,23958.777933652862,174.53443908691406
2015-06-26,23925.61121220745,174.5011444091797
2015-06-29,23474.913830475383,170.84176635742188
2015-06-30,23534.058957815632,171.19943237304688
2015-07-01,23745.113524724857,172.57167053222656
2015-07-02,23719.051960862107,172.41366577148438
2015-07-06,23677.45657250743,171.9230194091797
2015-07-07,23705.066757192046,173.00416564941406
2015-07-08,23402.106964210707,170.10159301757812
2015-07-09,23433.8604774086,170.4093475341797
2015-07-10,23752.472386137713,172.5550537109375
2015-07-13,24059.328883346672,174.4595947265625
2015-07-14,24214.156328360463,175.2163848876953
2015-07-15,24210.152130855087,175.1581573486328
2015-07-16,24430.178967071908,176.56369018554688
2015-07-17,24682.235178799845,176.71337890625
2015-07-20,24720.39123991523,176.80490112304688
2015-07-21,24681.500125051993,176.10630798339844
2015-07-22,24554.611618154,175.7902374267578
2015-07-23,24420.37187484543,174.80056762695312
2015-07-24,24450.381060464315,172.98751831054688
2015-07-27,24292.605625692533,171.98117065429688
2015-07-28,24509.8065663189,174.09364318847656
2015-07-29,24707.670252978434,175.29122924804688
2015-07-30,24722.05679299994,175.3328399658203
2015-07-31,24553.019051719373,175.06671142578125
2015-08-03,24514.621268763152,174.4761962890625
2015-08-04,24452.483797169964,174.13523864746094
2015-08-05,24623.28232322622,174.70909118652344
2015-08-06,24417.98635221728,173.27867126464844
2015-08-07,24538.024031428464,172.94593811035156
2015-08-10,24795.350261369567,175.1248779296875
2015-08-11,24703.636022199444,173.54473876953125
2015-08-12,24737.16197275161,173.7526397705078
2015-08-13,24707.03102977995,173.53643798828125
2015-08-14,24796.320655063548,174.1685028076172
2015-08-17,24858.31946583577,175.14154052734375
2015-08-18,24825.64379461804,174.6342315673828
2015-08-19,24638.135176046955,173.25367736816406
2015-08-20,24203.03958485762,169.63587951660156
2015-08-21,23316.931428745473,164.52944946289062
2015-08-24,22451.96251538832,157.60165405273438
2015-08-25,22189.84068579673,155.7469482421875
2015-08-26,23290.013661503264,161.72669982910156
2015-08-27,23853.497266050916,165.72702026367188
2015-08-28,23825.964196781384,165.7353973388672
2015-08-31,23614.859662793355,164.3963165283203
2015-09-01,22922.416126271826,159.489501953125
2015-09-02,23365.52318830269,162.5167694091797
2015-09-03,23349.90414978719,162.6332244873047
2015-09-04,22999.29676214802,160.1714630126953
2015-09-08,23578.289012177138,164.1967315673828
2015-09-09,23229.918406570647,162.0011444091797
2015-09-10,23382.437343140195,162.88267517089844
2015-09-11,23549.426759650032,163.6229248046875
2015-09-14,23453.471024536597,163.01576232910156
2015-09-15,23737.248664688377,165.0534210205078
2015-09-16,23910.14589196248,166.48385620117188
2015-09-17,23962.23907310721,166.10963439941406
2015-09-18,23683.77529135018,163.39511108398438
2015-09-21,23908.29268999892,164.23953247070312
2015-09-22,23662.04411034912,162.1077117919922
2015-09-23,23675.32665785966,161.84854125976562
2015-09-24,23675.674498509765,161.2633056640625
2015-09-25,23611.082537533097,161.22157287597656
2015-09-28,23118.330022169223,157.17530822753906
2015-09-29,23164.833822981127,157.26727294921875
2015-09-30,23587.03936112345,160.2016143798828
2015-10-01,23627.798122033448,160.61964416503906
2015-10-02,23966.558971118677,163.0189208984375
2015-10-05,24358.520943216197,165.91981506347656
2015-10-06,24343.827395175085,165.3513641357422
2015-10-07,24508.4243078209,166.7056884765625
2015-10-08,24595.70429856597,168.21043395996094
2015-10-09,24682.990395255456,168.31080627441406
2015-10-12,24813.448608890692,168.4696807861328
2015-10-13,24801.675080109824,167.40792846679688
2015-10-14,24547.261080292006,166.60533142089844
2015-10-15,24826.017558316023,169.1634979248047
2015-10-16,24970.727807177747,169.9325714111328
2015-10-19,25007.7429715252,170.01622009277344
2015-10-20,24911.53044597757,169.79881286621094
2015-10-21,24738.921142128864,168.7454833984375
2015-10-22,25049.36096979664,171.59625244140625
2015-10-23,25617.922993809298,173.4772186279297
2015-10-26,25645.44082815008,173.05087280273438
2015-10-27,25579.01212813565,172.7164306640625
2015-10-28,25838.295582688883,174.6809844970703
2015-10-29,25843.80241209157,174.58071899414062
2015-10-30,25711.148536991306,173.82830810546875
2015-11-02,25935.696226363805,175.88490295410156
2015-11-03,26133.122764581607,176.3948516845703
2015-11-04,26119.39671051941,175.85975646972656
2015-11-05,26165.14197425378,175.6842498779297
2015-11-06,26457.812720820562,175.5923309326172
2015-11-09,26233.88510472421,173.95375061035156
2015-11-10,26258.14528712174,174.35499572753906
2015-11-11,26218.537390278227,173.6695098876953
2015-11-12,25896.590016080165,171.2451171875
2015-11-13,25511.331376393755,169.32229614257812
2015-11-16,25928.97310760821,171.8971405029297
2015-11-17,25987.25213917447,171.77175903320312
2015-11-18,26435.08871145938,174.4971466064453
2015-11-19,26338.26312154471,174.3466339111328
2015-11-20,26471.604794988685,174.98199462890625
2015-11-23,26481.659329998925,174.78135681152344
2015-11-24,26496.29956269548,175.0154571533203
2015-11-25,26479.41319387079,174.99037170410156
2015-11-27,26509.403179135057,175.1910400390625
2015-11-30,26382.367597745844,174.46363830566406
2015-12-01,26739.869189319685,176.1273193359375
2015-12-02,26584.893460676823,174.32997131347656
2015-12-03,26307.89567873985,171.8887939453125
2015-12-04,26907.541154416365,175.2411651611328
2015-12-07,26726.65324967897,174.17950439453125
2015-12-08,26681.455819226758,173.00909423828125
2015-12-09,26413.084287553957,171.66310119628906
2015-12-10,26520.95575679925,172.106201171875
2015-12-11,26067.348254422854,168.77053833007812
2015-12-14,26355.220368097438,169.62326049804688
2015-12-15,26604.62034995228,171.40394592285156
2015-12-16,26964.73440051962,173.9119110107422
2015-12-17,26629.367644412287,171.2617950439453
2015-12-18,26134.835572258144,168.21078491210938
2015-12-21,26353.557251337348,169.59837341308594
2015-12-22,26488.1819541757,171.1373291015625
2015-12-23,26752.383383218425,173.25665283203125
2015-12-24,26675.21892556899,172.9706573486328
2015-12-28,26697.758751962967,172.57540893554688
2015-12-29,27018.423800617813,174.4171142578125
2015-12-30,26850.552965097664,173.1809539794922
2015-12-31,26557.466496188816,171.44850158691406
2016-01-04,26082.433529631326,169.05172729492188
2016-01-05,26153.96856088123,169.33767700195312
2016-01-06,25820.260215514052,167.2016143798828
2016-01-07,25226.282830860935,163.19020080566406
2016-01-08,24935.87820733531,161.39895629882812
2016-01-11,25045.98817135302,161.55874633789062
2016-01-12,25259.62510249504,162.86224365234375
2016-01-13,24624.39999351961,158.80035400390625
2016-01-14,24951.172035242565,161.4073486328125
2016-01-15,24383.48847336081,157.94253540039062
2016-01-19,24428.111164930644,158.15272521972656
2016-01-20,24215.131804648572,156.1260528564453
2016-01-21,24396.909336511515,157.00064086914062
2016-01-22,24928.397125092615,160.2215576171875
2016-01-25,24695.67135819493,157.799560546875
2016-01-26,25011.90811755761,159.95245361328125
2016-01-27,24671.828538479782,158.21168518066406
2016-01-28,24929.169248923467,159.0358428955078
2016-01-29,25578.921854043896,162.9127197265625
2016-02-01,25529.343648486454,162.8538360595703
2016-02-02,25034.75812414725,159.91883850097656
2016-02-03,25004.992365640297,160.87753295898438
2016-02-04,24972.055469907747,161.12985229492188
2016-02-05,24322.3266960133,158.060302734375
2016-02-08,24083.06061945597,155.93260192871094
2016-02-09,24049.978884097334,155.94105529785156
2016-02-10,24137.23411369963,155.8064727783203
2016-02-11,23928.828004536157,153.7797393798828
2016-02-12,24366.19497775138,156.95022583007812
2016-02-16,24745.31954628619,159.5992431640625
2016-02-17,25142.72511905807,162.20623779296875
2016-02-18,25011.315307303048,161.54185485839844
2016-02-19,25120.020026963313,161.46620178222656
2016-02-22,25536.506246795358,163.80406188964844
2016-02-23,25243.35578370193,161.73533630371094
2016-02-24,25328.227084351667,162.4753875732422
2016-02-25,25563.633161401267,164.4432830810547
2016-02-26,25418.20534130475,164.06478881835938
2016-02-29,25198.922805270056,162.77813720703125
2016-03-01,25883.06499850004,166.60452270507812
2016-03-02,25941.359751744774,167.3529815673828
2016-03-03,25916.94523111018,168.00900268554688
2016-03-04,25945.979595780664,168.55557250976562
2016-03-07,25818.584323229075,168.6901397705078
2016-03-08,25669.732987244053,166.84841918945312
2016-03-09,25829.008198692252,167.67259216308594
2016-03-10,25807.804748065373,167.80715942382812
2016-03-11,26112.63687641236,170.5150604248047
2016-03-14,26135.20409398596,170.29640197753906
2016-03-15,26237.707164605752,170.01889038085938
2016-03-16,26384.47944745515,171.00277709960938
2016-03-17,26411.564976289028,172.08767700195312
2016-03-18,26543.88327997827,172.76390075683594
2016-03-21,26581.56564777598,173.00901794433594
2016-03-22,26556.76946020725,172.9160919189453
2016-03-23,26608.168551977724,171.77490234375
2016-03-24,26653.541265986714,171.6988525390625
2016-03-28,26621.0059954921,171.8002471923828
2016-03-29,26907.284419778363,173.3894500732422
2016-03-30,27083.34465676492,174.15025329589844
2016-03-31,26999.46650097966,173.7276153564453
2016-04-01,27223.852975339592,174.9109649658203
2016-04-04,27138.7241125471,174.34463500976562
2016-04-05,26930.64826665738,172.60328674316406
2016-04-06,27194.74445119426,174.48831176757812
2016-04-07,26905.142437342416,172.40042114257812
2016-04-08,26955.8716876773,172.8653564453125
2016-04-11,26921.97637858297,172.45962524414062
2016-04-12,27167.35748371678,174.0656280517578
2016-04-13,27468.902137627403,175.82394409179688
2016-04-14,27560.978280556872,175.83238220214844
2016-04-15,27560.10734486129,175.63795471191406
2016-04-18,27753.468348690538,176.87208557128906
2016-04-19,27757.144520632133,177.42999267578125
2016-04-20,27833.75714338376,177.59902954101562
2016-04-21,27726.841705499926,176.64389038085938
2016-04-22,27471.310068685278,176.64389038085938
2016-04-25,27484.370918398556,176.33949279785156
2016-04-26,27370.75882000433,176.6016082763672
2016-04-27,27303.50874415406,176.96510314941406
2016-04-28,26948.503544060877,175.35902404785156
2016-04-29,27004.631902479294,174.4122314453125
2016-05-02,27306.44665389411,175.7985076904297
2016-05-03,27071.506041585217,174.26856994628906
2016-05-04,26982.658511286867,173.29644775390625
2016-05-05,26975.030072277354,173.26263427734375
2016-05-06,27159.383811647458,173.8966064453125
2016-05-09,27196.493136035242,174.0403594970703
2016-05-10,27499.588271433753,176.2042999267578
2016-05-11,27280.942771052734,174.55592346191406
2016-05-12,27264.86082698995,174.606689453125
2016-05-13,27303.223636438823,173.0851287841797
2016-05-16,27645.64274227976,174.7926483154297
2016-05-17,27381.692308713926,173.1612091064453
2016-05-18,27486.42531766078,173.21197509765625
2016-05-19,27555.04305268779,172.61170959472656
2016-05-20,27723.065337524276,173.7021942138672
2016-05-23,27644.041839254067,173.4654998779297
2016-05-24,28061.57872591994,175.7140655517578
2016-05-25,28213.163345946014,176.90591430664062
2016-05-26,28238.917667815163,176.95663452148438
2016-05-27,28352.091252593527,177.7174072265625
2016-05-31,28342.80919652447,177.37924194335938
2016-06-01,28358.293332267578,177.74273681640625
2016-06-02,28458.253617327748,178.28375244140625
2016-06-03,28343.980179463266,177.751220703125
2016-06-06,28411.950103382795,178.65573120117188
2016-06-07,28434.69292966955,178.9346160888672
2016-06-08,28570.065860937593,179.51788330078125
2016-06-09,28608.719694353193,179.27272033691406
2016-06-10,28351.653420241277,177.5736846923828
2016-06-13,28161.995094873913,176.2042999267578
2016-06-14,28119.65002629559,175.8577423095703
2016-06-15,28077.638794358256,175.61257934570312
2016-06-16,28192.185486797844,176.1366424560547
2016-06-17,27937.41443226269,175.48069763183594
2016-06-20,28090.62913396703,176.61083984375
2016-06-21,28191.04513151011,177.1121368408203
2016-06-22,28109.821246586722,176.8232421875
2016-06-23,28477.845671436746,179.12591552734375
2016-06-24,27617.37035828913,172.6936798095703
2016-06-27,27269.85195081903,169.60076904296875
2016-06-28,27703.979523239002,172.65969848632812
2016-06-29,28077.99229533528,175.5996551513672
2016-06-30,28153.52046424819,177.9958038330078
2016-07-01,28199.789453773705,178.36965942382812
2016-07-05,28175.107184132477,177.08668518066406
2016-07-06,28294.89085113151,178.1487579345703
2016-07-07,28321.190189026278,178.0382843017578
2016-07-08,28720.3210518857,180.68934631347656
2016-07-11,28866.383265822886,181.32667541503906
2016-07-12,29002.034725311758,182.6437225341797
2016-07-13,28998.56096481158,182.6182403564453
2016-07-14,29160.59643981001,183.6378173828125
2016-07-15,29128.94907442573,183.39144897460938
2016-07-18,29228.519777276637,183.88429260253906
2016-07-19,29320.247375899038,183.69735717773438
2016-07-20,29517.809198947685,184.46202087402344
2016-07-21,29379.89444005539,183.7653350830078
2016-07-22,29561.529820487,184.5895538330078
2016-07-25,29451.841025599406,184.0881805419922
2016-07-26,29461.61086872312,184.17320251464844
2016-07-27,29520.18264674385,183.97775268554688
2016-07-28,29692.889334547486,184.190185546875
2016-07-29,29823.93652320857,184.48757934570312
2016-08-01,29879.32593612374,184.33460998535156
2016-08-02,29763.89343846177,183.15354919433594
2016-08-03,29804.571326246754,183.68885803222656
2016-08-04,29909.727359381766,183.88429260253906
2016-08-05,30161.362902331402,185.38824462890625
2016-08-08,30158.673152364445,185.27781677246094
2016-08-09,30186.51905725943,185.38824462890625
2016-08-10,30121.518312947246,184.92942810058594
2016-08-11,30267.621412951707,185.78762817382812
2016-08-12,30389.743813334087,185.626220703125
2016-08-15,30419.595974555992,186.16151428222656
2016-08-16,30272.444524381543,185.2013702392578
2016-08-17,30281.409889512164,185.54969787597656
2016-08-18,30339.563122661395,185.96604919433594
2016-08-19,30270.528165502743,185.694091796875
2016-08-22,30256.265353158586,185.68565368652344
2016-08-23,30306.440804728136,186.0594940185547
2016-08-24,30165.916960101873,185.1078338623047
2016-08-25,30103.31691369447,184.98040771484375
2016-08-26,30129.018036098485,184.6320037841797
2016-08-29,30248.34839794448,185.54122924804688
2016-08-30,30176.354602247982,185.2352752685547
2016-08-31,30097.877714822247,184.70848083496094
2016-09-01,30263.672737526947,184.71697998046875
2016-09-02,30343.135290791288,185.54969787597656
2016-09-06,30500.2358789261,186.11048889160156
2016-09-07,30434.307705055882,186.09349060058594
2016-09-08,30372.272518779493,185.66864013671875
2016-09-09,29734.161288579537,181.2247314453125
2016-09-12,30170.761153322062,183.8247528076172
2016-09-13,29874.802278513118,181.18222045898438
2016-09-14,29928.3347108939,181.1143035888672
2016-09-15,30331.509921864574,182.9241485595703
2016-09-16,30316.977364537845,182.21697998046875
2016-09-19,30299.15848805149,182.2511749267578
2016-09-20,30325.655274898298,182.25973510742188
2016-09-21,30606.957636452003,184.309326171875
2016-09-22,30811.17867073844,185.470703125
2016-09-23,30651.07215171307,184.45445251464844
2016-09-26,30400.589046293713,182.95997619628906
2016-09-27,30720.76516755136,184.09576416015625
2016-09-28,30900.828055820126,185.00953674316406
2016-09-29,30633.547007870377,183.33575439453125
2016-09-30,30948.72746321251,184.71925354003906
2016-10-03,30871.838081105783,184.2751007080078
2016-10-04,30822.52150223434,183.33575439453125
2016-10-05,30950.76326674982,184.1470184326172
2016-10-06,30916.979459977585,184.2751007080078
2016-10-07,30859.76852548753,183.64315795898438
2016-10-10,30988.86810972371,184.59967041015625
2016-10-11,30675.050998036855,182.26824951171875
2016-10-12,30722.486219899227,182.50738525390625
2016-10-13,30581.158172737312,181.90956115722656
2016-10-14,30630.680001883527,182.00344848632812
2016-10-17,30556.644241690363,181.37156677246094
2016-10-18,30782.698882797788,182.50738525390625
2016-10-19,30836.305308681738,182.99412536621094
2016-10-20,30811.52177526981,182.65255737304688
2016-10-21,30869.53173615988,182.73789978027344
2016-10-24,31166.001202850046,183.5150604248047
2016-10-25,31144.706085760372,182.90023803710938
2016-10-26,31056.861487983846,182.53302001953125
2016-10-27,30935.859886160022,182.04623413085938
2016-10-28,30962.99300143325,181.50816345214844
2016-10-31,31021.666071053834,181.5167694091797
2016-11-01,30763.25223775223,180.2015838623047
2016-11-02,30567.31784845827,179.11697387695312
2016-11-03,30474.988329969703,178.29713439941406
2016-11-04,30303.202841260725,178.10072326660156
2016-11-07,31039.722524248373,182.0291748046875
2016-11-08,31150.649515189456,182.8489532470703
2016-11-09,31242.909712779874,184.7875213623047
2016-11-10,31007.23434552867,185.24864196777344
2016-11-11,31597.278794552596,184.82168579101562
2016-11-14,31202.687564130527,184.96682739257812
2016-11-15,31520.01212331314,186.41015625
2016-11-16,31799.800788548862,186.05995178222656
2016-11-17,31931.088235525975,187.0164794921875
2016-11-18,31867.57243217881,186.59803771972656
2016-11-21,32097.305950221245,188.00714111328125
2016-11-22,32178.14974085993,188.37432861328125
2016-11-23,32155.484747236926,188.47677612304688
2016-11-25,32259.74886189169,189.17709350585938
2016-11-28,32084.767340636918,188.28887939453125
2016-11-29,32145.04290988927,188.65614318847656
2016-11-30,31966.7567038424,188.20350646972656
2016-12-01,31757.630965866407,187.5117645263672
2016-12-02,31829.651395936246,187.60568237304688
2016-12-05,32118.848088012794,188.73300170898438
2016-12-06,32137.537471796266,189.33078002929688
2016-12-07,32604.250075094507,191.80735778808594
2016-12-08,32578.048156112996,192.2770538330078
2016-12-09,32709.882935036432,193.43846130371094
2016-12-12,32705.08736762941,193.21646118164062
2016-12-13,32956.79472388194,194.50604248046875
2016-12-14,32997.78224576449,192.9004669189453
2016-12-15,33165.940995419434,193.6947021484375
2016-12-16,33162.24470850173,193.3158721923828
2016-12-19,33278.494202846414,193.73683166503906
2016-12-20,33499.773403999105,194.48411560058594
2016-12-21,33467.539134026556,193.94297790527344
2016-12-22,33434.40370588429,193.60794067382812
2016-12-23,33535.68596886417,193.89141845703125
2016-12-27,33807.97554847429,194.3724822998047
2016-12-28,33424.74429305759,192.76611328125
2016-12-29,33453.235753086235,192.72317504882812
2016-12-30,33148.651135088185,192.01873779296875
2017-01-03,33212.93521866817,193.48770141601562
2017-01-04,33347.589568676056,194.6387939453125
2017-01-05,33417.532269760595,194.48411560058594
2017-01-06,33563.76491922811,195.17994689941406
2017-01-09,33645.76885808305,194.53570556640625
2017-01-10,33579.040856110594,194.53570556640625
2017-01-11,33648.31060569476,195.08547973632812
2017-01-12,33591.08584502261,194.5958251953125
2017-01-13,33583.110723980026,195.0425262451172
2017-01-17,33504.96572306472,194.35528564453125
2017-01-18,33520.41593366565,194.7848358154297
2017-01-19,33496.223285395085,194.0632781982422
2017-01-20,33603.00666443289,194.77626037597656
2017-01-23,33718.819777175726,194.26939392089844
2017-01-24,33918.35216016652,195.51504516601562
2017-01-25,34096.78418714798,197.207275390625
2017-01-26,34131.365583491184,197.00108337402344
2017-01-27,34164.76468220063,196.6918487548828
2017-01-30,33960.92664928106,195.4720458984375
2017-01-31,33776.058016134884,195.45486450195312
2017-02-01,33943.45282259625,195.53216552734375
2017-02-02,33997.44401396714,195.66104125976562
2017-02-03,34166.85331597903,197.00965881347656
2017-02-06,34169.06747976168,196.65750122070312
2017-02-07,34263.999182161366,196.66610717773438
2017-02-08,34303.57890940704,196.92379760742188
2017-02-09,34452.90319609761,198.09207153320312
2017-02-10,34426.67305907694,198.87380981445312
2017-02-13,34511.059367626,199.95614624023438
2017-02-14,34684.24894444838,200.75509643554688
2017-02-15,34908.649591520276,201.80313110351562
2017-02-16,34830.55776426039,201.63125610351562
2017-02-17,34825.48346874321,201.94911193847656
2017-02-21,35210.04554926422,203.15176391601562
2017-02-22,35173.6146850927,202.9713592529297
2017-02-23,35028.91172137045,203.10879516601562
2017-02-24,35092.954146329015,203.3665313720703
2017-02-27,35165.414710041,203.6843719482422
2017-02-28,35054.061611514466,203.13458251953125
2017-03-01,35493.037002899044,205.97793579101562
2017-03-02,35247.8887827723,204.68084716796875
2017-03-03,35275.38765036335,204.80970764160156
2017-03-06,35188.92739956268,204.19979858398438
2017-03-07,35176.001891690525,203.58981323242188
2017-03-08,35187.5932745978,203.2119140625
2017-03-09,35247.404380386324,203.4695281982422
2017-03-10,35376.78025632718,204.18252563476562
2017-03-13,35463.1802822038,204.28570556640625
2017-03-14,35376.71290827824,203.50396728515625
2017-03-15,35612.132449885416,205.2649383544922
2017-03-16,35634.34946641771,204.86122131347656
2017-03-17,35617.693782561044,204.50148010253906
2017-03-20,35623.202858648416,204.27711486816406
2017-03-21,35230.186381663065,201.6543426513672
2017-03-22,35378.789922002165,202.1288604736328
2017-03-23,35272.682079262195,201.9131622314453
2017-03-24,35248.73065577157,201.7664794921875
2017-03-27,35232.30660874021,201.5594024658203
2017-03-28,35424.798108923336,203.026123046875
2017-03-29,35476.78124556244,203.21592712402344
2017-03-30,35585.17574662412,203.86300659179688
2017-03-31,35543.26999313487,203.38845825195312
2017-04-03,35576.25862494963,203.03480529785156
2017-04-04,35469.990455133455,203.16416931152344
2017-04-05,35413.90165108155,202.56021118164062
2017-04-06,35413.385450638605,203.12965393066406
2017-04-07,35398.11263560553,202.922607421875
2017-04-10,35385.20502772148,203.04335021972656
2017-04-11,35352.21351547739,202.8018035888672
2017-04-12,35294.799175182314,201.9131622314453
2017-04-13,35063.942319232425,200.60177612304688
2017-04-17,35451.37326137704,202.37908935546875
2017-04-18,35382.816530747776,201.7751007080078
2017-04-19,35294.08646228619,201.40406799316406
2017-04-20,35605.20543446672,203.04335021972656
2017-04-21,35595.8768313972,202.39630126953125
2017-04-24,36007.399628060804,204.62220764160156
2017-04-25,36231.80153869001,205.81283569335938
2017-04-26,36165.4742256026,205.68341064453125
2017-04-27,36264.98449666885,205.85598754882812
2017-04-28,36313.1660069771,205.40733337402344
2017-05-01,36476.56586593374,205.92501831054688
2017-05-02,36469.37480229262,206.00270080566406
2017-05-03,36495.10975078163,205.75244140625
2017-05-04,36504.264904396194,205.9940185546875
2017-05-05,36539.812685758974,206.80502319335938
2017-05-08,36649.66936758863,206.77052307128906
2017-05-09,36641.550620629205,206.58071899414062
2017-05-10,37107.37748924232,206.9517059326172
2017-05-11,37139.33882730812,206.5289306640625
2017-05-12,37239.29017698602,206.18380737304688
2017-05-15,37533.79640652496,207.32269287109375
2017-05-16,37630.40131771314,207.1328887939453
2017-05-17,36919.28214166932,203.4574737548828
2017-05-18,37237.631092734024,204.27711486816406
2017-05-19,37506.41120294463,205.60585021972656
2017-05-22,37730.52696641923,206.64974975585938
2017-05-23,37763.23937460764,207.10696411132812
2017-05-24,37889.43726349532,207.59017944335938
2017-05-25,38084.17741632475,208.58236694335938
2017-05-26,38116.2003981268,208.53916931152344
2017-05-30,38150.86972862513,208.35801696777344
2017-05-31,38080.955508616506,208.30625915527344
2017-06-01,38303.48985789104,209.96275329589844
2017-06-02,38488.29441322914,210.66162109375
2017-06-05,38664.067594251814,210.5062713623047
2017-06-06,38594.41212008465,209.83338928222656
2017-06-07,38751.57867900715,210.2216033935547
2017-06-08,38917.69998381805,210.32510375976562
2017-06-09,38414.919850250444,210.00588989257812
2017-06-12,38203.60880608681,209.96275329589844
2017-06-13,38500.809257615714,210.98944091796875
2017-06-14,38523.91673284828,210.7220458984375
2017-06-15,38362.26016588934,210.3164520263672
2017-06-16,38346.41359229558,210.36241149902344
2017-06-19,38772.25329908876,212.11370849609375
2017-06-20,38618.18733004638,210.68325805664062
2017-06-21,38739.13475170673,210.6312255859375
2017-06-22,38680.397762034685,210.53585815429688
2017-06-23,38634.470605836876,210.7872772216797
2017-06-26,38490.403855382814,210.92601013183594
2017-06-27,38146.363355452304,209.22671508789062
2017-06-28,38539.189484855946,211.099365234375
2017-06-29,38054.75277350313,209.24404907226562
2017-06-30,37991.10275104543,209.6342010498047
2017-07-03,37886.06982833033,209.98965454101562
2017-07-05,38123.48211880304,210.47511291503906
2017-07-06,37933.72837404061,208.55044555664062
2017-07-07,38196.71926305738,209.90293884277344
2017-07-10,38310.07150015789,210.12831115722656
2017-07-11,38360.87292212953,209.97232055664062
2017-07-12,38734.63721382718,211.5502166748047
2017-07-13,38784.00415963674,211.90560913085938
2017-07-14,39071.93573168697,212.89395141601562
2017-07-17,39100.439882885534,212.8679962158203
2017-07-18,39261.46175897364,212.98069763183594
2017-07-19,39416.30614930077,214.13375854492188
2017-07-20,39440.25230228668,214.22914123535156
2017-07-21,39424.573228008965,214.03843688964844
2017-07-24,39419.79458951875,213.9864044189453
2017-07-25,39523.197795797896,214.50657653808594
2017-07-26,39627.26677112095,214.5152130126953
2017-07-27,39385.06780524449,214.31582641601562
2017-07-28,39407.447418210075,214.0644073486328
2017-07-31,39349.02591995874,213.94305419921875
2017-08-01,39602.03002071051,214.41986083984375
2017-08-02,39758.15636785594,214.52389526367188
2017-08-03,39703.069726023125,214.10775756835938
2017-08-04,39833.420724121694,214.49786376953125
2017-08-07,40052.61894775974,214.89674377441406
2017-08-08,40033.6936820816,214.36785888671875
2017-08-09,40114.07385058743,214.3592071533203
2017-08-10,39507.991875881715,211.3334503173828
2017-08-11,39469.653357314295,211.6455841064453
2017-08-14,39985.926324836706,213.74366760253906
2017-08-15,39982.10709390299,213.71763610839844
2017-08-16,40018.375599885425,214.0904083251953
2017-08-17,39502.10874330511,210.7526092529297
2017-08-18,39450.30808126953,210.4231414794922
2017-08-21,39462.62586976017,210.58787536621094
2017-08-22,39882.012516736315,212.79002380371094
2017-08-23,39811.111374236,212.02700805664062
2017-08-24,39705.7614687342,211.53286743164062
2017-08-25,39714.901302343205,212.02700805664062
2017-08-28,39793.96441383978,212.03570556640625
2017-08-29,39894.13374393889,212.27847290039062
2017-08-30,39962.12916524234,213.28414916992188
2017-08-31,40165.591734009264,214.5672607421875
2017-09-01,40215.923441719526,214.87074279785156
2017-09-05,40005.06466454995,213.32752990722656
2017-09-06,40154.24829516083,214.05577087402344
2017-09-07,40382.75500339453,214.02980041503906
2017-09-08,40148.757411150276,213.7782745361328
2017-09-11,40673.931553103874,216.05848693847656
2017-09-12,40721.64500656434,216.7866973876953
2017-09-13,40797.670093369175,216.89077758789062
2017-09-14,40736.94201106469,216.8214111328125
2017-09-15,40965.785436436294,217.11328125
2017-09-18,41049.44528275577,217.5750732421875
2017-09-19,41136.95795946728,217.79286193847656
2017-09-20,41099.0451958624,217.87127685546875
2017-09-21,40827.47903699847,217.28753662109375
2017-09-22,40712.55438635297,217.33114624023438
2017-09-25,40292.902905464354,216.88674926757812
2017-09-26,40349.722812547305,217.01747131347656
2017-09-27,40586.1223378792,217.86257934570312
2017-09-28,40666.02069847649,218.1239776611328
2017-09-29,40839.12686327516,218.89068603515625
2017-10-02,40956.76846308517,219.84039306640625
2017-10-03,41110.12849199438,220.31080627441406
2017-10-04,41129.57382538169,220.572265625
2017-10-05,41408.690552943655,221.8791961669922
2017-10-06,41425.36878552285,221.62644958496094
2017-10-09,41561.794370471274,221.26058959960938
2017-10-10,41756.31435271889,221.8443145751953
2017-10-11,42050.036232870814,222.19284057617188
2017-10-12,42038.75697663775,221.86170959472656
2017-10-13,42187.48636172033,222.13182067871094
2017-10-16,42328.37387093339,222.4280548095703
2017-10-17,42545.859906882884,222.58485412597656
2017-10-18,42501.25068448449,222.80271911621094
2017-10-19,42338.1727870809,222.8636932373047
2017-10-20,42437.50237830268,224.0137481689453
2017-10-23,42389.2041820429,223.14251708984375
2017-10-24,42516.222303856746,223.53457641601562
2017-10-25,42461.061733665825,222.4280548095703
2017-10-26,42609.16185789889,222.71556091308594
2017-10-27,43407.59776784187,224.53652954101562
2017-10-30,43378.16593186543,223.70010375976562
2017-10-31,43451.37989739858,224.04859924316406
2017-11-01,43515.22848270811,224.34486389160156
2017-11-02,43509.46099364657,224.43197631835938
2017-11-03,43807.10688027848,225.18125915527344
2017-11-06,43859.62227480079,225.52981567382812
2017-11-07,43918.05693132038,225.3729248046875
2017-11-08,43995.316308966445,225.75634765625
2017-11-09,43849.093430229084,224.93734741210938
2017-11-10,43991.95423080785,224.8675994873047
2017-11-13,44006.64593928769,225.0767822265625
2017-11-14,44032.93018557587,224.55398559570312
2017-11-15,43660.3015791853,223.43003845214844
2017-11-16,44264.128346722195,225.32936096191406
2017-11-17,43964.365430686456,224.66722106933594
2017-11-20,44076.720812021944,225.0505828857422
2017-11-21,44453.82114308562,226.5230255126953
2017-11-22,44399.76255659112,226.32264709472656
2017-11-24,44646.17266452107,226.84539794921875
2017-11-27,44727.703947836526,226.73219299316406
2017-11-28,44980.22817506572,229.03231811523438
2017-11-29,44499.24306734408,228.89291381835938
2017-11-30,44978.29050429852,230.89682006835938
2017-12-01,44824.96603421031,230.41761779785156
2017-12-04,44285.478315991946,230.13885498046875
2017-12-05,44367.85242013591,229.31114196777344
2017-12-06,44493.93947484505,229.3546905517578
2017-12-07,44625.86434144217,230.07786560058594
2017-12-08,44871.94617931679,231.33250427246094
2017-12-11,45046.9513666919,232.02952575683594
2017-12-12,45041.010408656766,232.43898010253906
2017-12-13,45045.043727176126,232.4128875732422
2017-12-14,44928.83021021875,231.46324157714844
2017-12-15,45328.80153210466,233.3907012939453
2017-12-18,45592.89548824479,234.87069702148438
2017-12-19,45451.174389339,233.9686737060547
2017-12-20,45418.52212882132,233.8460235595703
2017-12-21,45511.086198416815,234.32769775390625
2017-12-22,45461.308611851746,234.26641845703125
2017-12-26,45528.914462285975,233.98619079589844
2017-12-27,45571.74333773272,234.0999755859375
2017-12-28,45645.22053415908,234.5816650390625
2017-12-29,45359.57475063495,233.6971893310547
2018-01-02,45668.19573907497,235.36976623535156
2018-01-03,46166.69794431463,236.8585968017578
2018-01-04,46397.82272640116,237.85679626464844
2018-01-05,46840.37068047006,239.4419708251953
2018-01-08,47035.01590742518,239.87979125976562
2018-01-09,47061.757403603435,240.4227752685547
2018-01-10,47037.85739974433,240.05494689941406
2018-01-11,47368.51607845413,241.8064727783203
2018-01-12,47777.00083723821,243.38284301757812
2018-01-16,47725.98648828785,242.5507354736328
2018-01-17,48252.18870210324,244.8626708984375
2018-01-18,48356.67179473269,244.4511260986328
2018-01-19,48552.2520242004,245.56324768066406
2018-01-22,49045.453672491356,247.55996704101562
2018-01-23,49016.55175324512,248.0854034423828
2018-01-24,48926.83028871449,247.9891357421875
2018-01-25,49081.92879048172,248.09423828125
2018-01-26,49559.19742548559,250.96656799316406
2018-01-29,49357.155811299854,249.30276489257812
2018-01-30,48811.463461162006,246.7455596923828
2018-01-31,48906.22485439124,246.86813354492188
2018-02-01,48757.38590717518,246.5879669189453
2018-02-02,47664.220054849546,241.2196502685547
2018-02-05,45610.603002720665,231.13137817382812
2018-02-06,46919.225686428246,235.68511962890625
2018-02-07,46699.46903221499,234.40655517578125
2018-02-08,44907.25746666547,225.61416625976562
2018-02-09,45752.168857907505,229.0032501220703
2018-02-12,46289.131499657735,232.36605834960938
2018-02-13,46573.68604258076,232.94406127929688
2018-02-14,47187.002565446564,236.08790588378906
2018-02-15,47723.69894368213,239.1004180908203
2018-02-16,47772.73725757059,239.17047119140625
2018-02-20,47448.99696479558,237.6730194091797
2018-02-21,46987.95818736893,236.49070739746094
2018-02-22,47179.500345805485,236.7972412109375
2018-02-23,47863.884061745484,240.5716552734375
2018-02-26,48362.48603383431,243.36526489257812
2018-02-27,47893.0720067355,240.32644653320312
2018-02-28,47379.42690458149,237.89190673828125
2018-03-01,46685.832834861285,234.4327850341797
2018-03-02,46904.40553988217,235.6413116455078
2018-03-05,47380.7949532839,238.36483764648438
2018-03-06,47388.5412079491,238.96917724609375
2018-03-07,47410.0075054532,238.88143920898438
2018-03-08,47591.9542697985,240.03746032714844
2018-03-09,48423.173361101166,244.21470642089844
2018-03-12,48414.80040092559,243.90821838378906
2018-03-13,48137.82991873555,242.33187866210938
2018-03-14,47910.42275933722,241.0882568359375
2018-03-15,48043.07597557019,240.8256378173828
2018-03-16,48121.85959108995,241.08668518066406
2018-03-19,47356.28063050848,237.8247528076172
2018-03-20,47757.27017061837,238.22926330566406
2018-03-21,47521.53918521923,237.77195739746094
2018-03-22,46375.4705851678,231.82846069335938
2018-03-23,45407.104714130146,226.8870391845703
2018-03-26,46840.788360967126,233.094482421875
2018-03-27,45732.41629707068,229.12913513183594
2018-03-28,45441.79395403004,228.45208740234375
2018-03-29,46151.00285872203,231.3711700439453
2018-04-02,45108.368460183345,226.3770751953125
2018-04-03,45740.35905364476,229.27854919433594
2018-04-04,46256.44620643422,231.73175048828125
2018-04-05,46551.97005774509,233.56051635742188
2018-04-06,45526.58551297394,228.3553924560547
2018-04-09,45688.78603948419,229.4808807373047
2018-04-10,46470.99465274596,233.1296844482422
2018-04-11,46120.87507374799,231.90762329101562
2018-04-12,46584.0768615712,233.81539916992188
2018-04-13,46446.72228269719,233.1296844482422
2018-04-16,46774.35926230896,235.0463409423828
2018-04-17,47470.98668736595,237.56103515625
2018-04-18,47544.018981960806,237.73687744140625
2018-04-19,47341.6012101956,236.4180145263672
2018-04-20,46889.366903010065,234.4133758544922
2018-04-23,46735.02403024594,234.37818908691406
2018-04-24,46094.83954840532,231.2217254638672
2018-04-25,46055.08048158084,231.793212890625
2018-04-26,46976.62467736941,234.14956665039062
2018-04-27,47115.84300205082,234.3694305419922
2018-04-30,46922.51423517048,232.5669403076172
2018-05-01,47157.68364914978,232.98019409179688
2018-05-02,47058.25744328452,231.4151153564453
2018-05-03,47170.22061852391,230.90518188476562
2018-05-04,47754.795146641925,233.8946075439453
2018-05-07,47908.203178924115,234.6859130859375
2018-05-08,48010.75902853478,234.6859130859375
2018-05-09,48369.32910326954,236.95437622070312
2018-05-10,48791.67005496823,239.1699676513672
2018-05-11,48913.68338010602,239.89981079101562
2018-05-14,48994.62334819745,240.0141143798828
2018-05-15,48507.45274592444,238.361083984375
2018-05-16,48668.886146416015,239.36338806152344
2018-05-17,48515.52039368213,239.16116333007812
2018-05-18,48344.94719619823,238.5632781982422
2018-05-21,48685.53962127128,240.35696411132812
2018-05-22,48470.34962943522,239.68875122070312
2018-05-23,48717.97759209199,240.3482208251953
2018-05-24,48531.36567898412,239.85581970214844
2018-05-25,48445.829435358755,239.28428649902344
2018-05-29,48013.83236148258,236.5322265625
2018-05-30,48610.74879133569,239.68875122070312
2018-05-31,48361.31395794951,238.22052001953125
2018-06-01,48921.383253579304,240.55921936035156
2018-06-04,49459.78554598241,241.7022247314453
2018-06-05,49565.55099453502,241.87814331054688
2018-06-06,49932.51371063208,243.9003448486328
2018-06-07,49900.697491226434,243.8739471435547
2018-06-08,50009.45017920199,244.59487915039062
2018-06-11,50011.60378297047,244.92022705078125
2018-06-12,50136.05206716471,245.23675537109375
2018-06-13,50004.46412714246,244.45425415039062
2018-06-14,50108.01303819219,245.06971740722656
2018-06-15,50015.1924256511,244.75704956054688
2018-06-18,50112.06477335513,244.25364685058594
2018-06-19,49936.73679267666,243.31748962402344
2018-06-20,50062.96112365151,243.73257446289062
2018-06-21,49788.34877845524,242.20457458496094
2018-06-22,49766.5667280723,242.64627075195312
2018-06-25,48959.835724913806,239.3431854248047
2018-06-26,49187.550810723915,239.8730010986328
2018-06-27,48795.35779421662,237.88592529296875
2018-06-28,49141.54729671762,239.24594116210938
2018-06-29,49047.32657611009,239.5903778076172
2018-07-02,49220.70057695741,240.10275268554688
2018-07-03,48889.218826725984,239.25479125976562
2018-07-05,49372.72960712662,241.20663452148438
2018-07-06,49662.93230723362,243.24679565429688
2018-07-09,50123.88184301551,245.4371795654297
2018-07-10,50469.45894798075,246.32025146484375
2018-07-11,50230.52949473376,244.51861572265625
2018-07-12,50782.085447067235,246.73533630371094
2018-07-13,50840.490824038905,246.92965698242188
2018-07-16,50800.42791440393,246.7089385986328
2018-07-17,51154.19246196419,247.7068634033203
2018-07-18,51178.51830339717,248.2279815673828
2018-07-19,50902.802093183156,247.291748046875
2018-07-20,51033.12688057006,247.00917053222656
2018-07-23,51116.16729958901,247.468505859375
2018-07-24,51545.49142663835,248.71368408203125
2018-07-25,52037.849389945506,250.8333282470703
2018-07-26,51882.18026664579,250.24156188964844
2018-07-27,51619.17813017104,248.5459442138672
2018-07-30,51165.61964671128,247.24758911132812
2018-07-31,51153.243045749274,248.46640014648438
2018-08-01,51458.30711495105,248.0513153076172
2018-08-02,51822.167982729,249.40257263183594
2018-08-03,51964.95594663503,250.4712677001953
2018-08-06,52076.31014428718,251.3898162841797
2018-08-07,52284.01655345558,252.21995544433594
2018-08-08,52397.907313799325,252.11398315429688
2018-08-09,52347.28031171931,251.76951599121094
2018-08-10,52185.27615926434,250.08270263671875
2018-08-13,52072.53223406685,249.14654541015625
2018-08-14,52379.414555694406,250.73623657226562
2018-08-15,51947.693488076555,248.8638153076172
2018-08-16,52599.96134316544,250.87750244140625
2018-08-17,52499.603255956936,251.76068115234375
2018-08-20,52527.94091256578,252.29940795898438
2018-08-21,52544.75768165044,252.89117431640625
2018-08-22,52733.894063542044,252.74111938476562
2018-08-23,52833.60158553113,252.40538024902344
2018-08-24,53215.68200597096,253.92449951171875
2018-08-27,53632.152372872115,255.9293975830078
2018-08-28,53690.85973089776,256.0529479980469
2018-08-29,54135.840265189014,257.4307556152344
2018-08-30,54058.32109911864,256.3886413574219
2018-08-31,54078.647748364536,256.3974914550781
2018-09-04,54194.123689449356,255.95579528808594
2018-09-05,53737.37550190468,255.26687622070312
2018-09-06,53509.01631171407,254.4985809326172
2018-09-07,53291.8964297981,254.00405883789062
2018-09-10,53314.96079908616,254.4455108642578
2018-09-11,53764.391193882664,255.28456115722656
2018-09-12,53669.0911541991,255.3465118408203
2018-09-13,53971.80490698447,256.856689453125
2018-09-14,53973.004735363276,256.9009094238281
2018-09-17,53589.17145044096,255.54075622558594
2018-09-18,53867.84820956807,256.9273681640625
2018-09-19,53959.606266604016,257.2010498046875
2018-09-20,54307.27077487537,259.2854309082031
2018-09-21,54263.83071115002,259.0486145019531
2018-09-24,54157.81559455033,258.18792724609375
2018-09-25,54212.53114387476,257.94842529296875
2018-09-26,54026.429438260464,257.1766662597656
2018-09-27,54233.80901914858,257.89520263671875
2018-09-28,54389.43111340787,257.921875
2018-10-01,54816.46420377626,258.81787109375
2018-10-02,54760.93306347988,258.6671142578125
2018-10-03,54691.9206977355,258.8089294433594
2018-10-04,53963.64537677934,256.7861633300781
2018-10-05,53550.321227702596,255.34896850585938
2018-10-08,53315.36301403651,255.34896850585938
2018-10-09,53498.99831053087,254.97640991210938
2018-10-10,51660.902286721015,246.90296936035156
2018-10-11,50673.44609717556,241.4646453857422
2018-10-12,51652.736973285086,244.81813049316406
2018-10-15,51087.75581201934,243.4430389404297
2018-10-16,52319.93671861664,248.7660675048828
2018-10-17,52231.058800597755,248.81051635742188
2018-10-18,51499.53084796113,245.21734619140625
2018-10-19,51766.64151645838,245.08419799804688
2018-10-22,51766.559374745455,243.98426818847656
2018-10-23,51467.013391341025,242.74212646484375
2018-10-24,50047.88413456119,235.38739013671875
2018-10-25,51369.89150939979,239.6103973388672
2018-10-26,50309.82519685997,235.3963165283203
2018-10-29,49490.09685590531,234.09205627441406
2018-10-30,50080.76536656493,237.56092834472656
2018-10-31,50908.62360049,240.09832763671875
2018-11-01,51374.19303967284,242.65345764160156
2018-11-02,51115.00254896475,241.21620178222656
2018-11-05,51259.751958067965,242.54701232910156
2018-11-06,51490.972587814336,244.08177185058594
2018-11-07,52773.57632940648,249.30723571777344
2018-11-08,52700.43148597517,248.85484313964844
2018-11-09,52353.38637468461,246.4239501953125
2018-11-12,51113.08704606507,241.81944274902344
2018-11-13,51060.6328520026,241.36700439453125
2018-11-14,50675.05621066867,239.71688842773438
2018-11-15,51147.87055125765,242.2187042236328
2018-11-16,50715.97445343287,242.84860229492188
2018-11-19,49559.6546086177,238.7409210205078
2018-11-20,48782.99271386545,234.32273864746094
2018-11-21,48744.504034403704,235.12120056152344
2018-11-23,48391.76385198671,233.55088806152344
2018-11-26,49312.33414778051,237.32139587402344
2018-11-27,49571.084750486065,238.1199493408203
2018-11-28,51009.22130800876,243.6027069091797
2018-11-29,50731.01934184177,243.0704345703125
2018-11-30,51259.574219376846,244.55197143554688
2018-12-03,52025.88998428676,247.79014587402344
2018-12-04,50354.52198679337,239.76126098632812
2018-12-06,50431.75470250948,239.39747619628906
2018-12-07,49275.38708286732,233.83480834960938
2018-12-10,49436.618735532385,234.27841186523438
2018-12-11,49474.901114828375,234.3316650390625
2018-12-12,49746.113164424074,235.51158142089844
2018-12-13,49898.86934803786,235.4317169189453
2018-12-14,48723.195669458815,231.0845489501953
2018-12-17,47616.90838825957,226.55105590820312
2018-12-18,47792.01617072442,226.30262756347656
2018-12-19,47054.55177072729,222.91358947753906
2018-12-20,46222.044684104374,219.28501892089844
2018-12-21,45238.742721462266,214.79196166992188
2018-12-24,44238.31215968017,209.1165771484375
2018-12-26,46542.866940503656,219.68214416503906
2018-12-27,46913.74978807331,221.36868286132812
2018-12-28,46820.56239421388,221.08311462402344
2018-12-31,47200.47012329446,223.01956176757812
2019-01-02,47348.8880309837,223.25155639648438
2019-01-03,45954.78078350587,217.9241943359375
2019-01-04,47435.181208316884,225.22366333007812
2019-01-07,47901.8627421056,226.99951171875
2019-01-08,48167.24614679703,229.13221740722656
2019-01-09,48406.53442781063,230.20310974121094
2019-01-10,48505.404458222176,231.01515197753906
2019-01-11,48445.636891934184,231.10438537597656
2019-01-14,48246.08904235651,229.6944580078125
2019-01-15,48839.802896528396,232.32693481445312
2019-01-16,48937.90537597231,232.88909912109375
2019-01-17,49124.976000792514,234.65594482421875
2019-01-18,49801.93051298625,237.77926635742188
2019-01-22,48966.41633242634,234.5667724609375
2019-01-23,49185.638678113195,235.0575408935547
2019-01-24,49396.98042844179,235.1825408935547
2019-01-25,49793.59072599251,237.17247009277344
2019-01-28,48923.04797546431,235.36988830566406
2019-01-29,48543.25895716749,235.0575408935547
2019-01-30,49506.294627151045,238.77871704101562
2019-01-31,50034.671504518694,240.87574768066406
2019-02-01,50072.431693862774,240.99180603027344
2019-02-04,50596.052748901755,242.68728637695312
2019-02-05,50802.5294537051,243.70452880859375
2019-02-06,50691.56050082456,243.38327026367188
2019-02-07,50220.811464388265,241.06314086914062
2019-02-08,50093.93506777479,241.35765075683594
2019-02-11,49950.73615569424,241.49159240722656
2019-02-12,50721.26635736069,244.59689331054688
2019-02-13,50950.178866788694,245.39111328125
2019-02-14,50923.90479574152,244.84677124023438
2019-02-15,51440.80907712377,247.51486206054688
2019-02-19,51544.48769024552,247.9433135986328
2019-02-20,51516.811328865275,248.44302368164062
2019-02-21,51299.0353395337,247.55960083007812
2019-02-22,51701.42387047319,249.0943603515625
2019-02-25,51683.744917778335,249.43348693847656
2019-02-26,51652.45588466369,249.25506591796875
2019-02-27,51334.40360937237,249.1480255126953
2019-02-28,51226.96986351304,248.68392944335938
2019-03-01,51661.80033976034,250.23670959472656
2019-03-04,51545.709224354505,249.3264617919922
2019-03-05,51690.037954584615,248.98728942871094
2019-03-06,51445.99122144321,247.47923278808594
2019-03-07,50912.19110600271,245.40899658203125
2019-03-08,50929.76836534016,244.9181365966797
2019-03-11,51980.30226410685,248.46986389160156
2019-03-12,52273.560257529774,249.4066925048828
2019-03-13,52700.12873678293,251.0576171875
2019-03-14,52712.702517476144,250.8970489501953
2019-03-15,53086.96191396472,252.1365509033203
2019-03-18,53292.948497176076,253.0508270263672
2019-03-19,53568.61806706606,253.11361694335938
2019-03-20,53456.588427283605,252.35165405273438
2019-03-21,54257.51214256464,255.20191955566406
2019-03-22,53229.32818104958,250.29022216796875
2019-03-25,53078.94416370493,250.10198974609375
2019-03-26,53324.88674397118,251.96627807617188
2019-03-27,53091.60236734915,250.64874267578125
2019-03-28,53256.35688490314,251.59889221191406
2019-03-29,53615.31722738468,253.1853485107422
2019-04-01,54138.606283022295,256.1878356933594
2019-04-02,54159.113348443876,256.3133239746094
2019-04-03,54429.670929448446,256.7166748046875
2019-04-04,54472.11810420852,257.3978576660156
2019-04-05,54725.896019399624,258.6437072753906
2019-04-08,54925.64617633075,258.84088134765625
2019-04-09,54634.51075957869,257.5143737792969
2019-04-10,54796.29394244429,258.39276123046875
2019-04-11,54694.79414299457,258.321044921875
2019-04-12,54718.7140844248,260.06884765625
2019-04-15,54819.16666801504,259.8984375
2019-04-16,54950.785872595254,260.06884765625
2019-04-17,55173.6952148887,259.43243408203125
2019-04-18,55202.57898996089,259.9433288574219
2019-04-22,55499.26781674089,260.1673278808594
2019-04-23,55870.63154592526,262.5067138671875
2019-04-24,55720.941567212954,261.924072265625
2019-04-25,55734.10262825386,261.7627868652344
2019-04-26,55831.03713034832,262.9818420410156
2019-04-29,55928.94071538873,263.3941345214844
2019-04-30,55881.68429568251,263.5284729003906
2019-05-01,55454.63788161567,261.5477600097656
2019-05-02,55340.74495448503,260.9830627441406
2019-05-03,55798.67207770951,263.5374450683594
2019-05-06,55763.09882412418,262.45294189453125
2019-05-07,54912.4249387696,258.0700988769531
2019-05-08,54866.72535085545,257.71148681640625
2019-05-09,54695.31309511199,256.9317321777344
2019-05-10,54916.755834746946,258.2223205566406
2019-05-13,53619.12688954767,251.7333221435547
2019-05-14,53951.93948357538,254.00978088378906
2019-05-15,54330.085376413284,255.4976043701172
2019-05-16,54849.4082321878,257.8638916015625
2019-05-17,54589.92948812578,256.1968078613281
2019-05-20,54316.923887004086,254.50283813476562
2019-05-21,54572.241216217124,256.79730224609375
2019-05-22,54467.5352683001,256.00860595703125
2019-05-23,53850.84979636794,252.88055419921875
2019-05-24,53979.82342889469,253.45408630371094
2019-05-28,53703.85909457015,251.09695434570312
2019-05-29,53227.664329535095,249.41195678710938
2019-05-30,53275.24289791185,250.09300231933594
2019-05-31,52610.300242363126,246.7229461669922
2019-06-03,51912.092404997245,246.09555053710938
2019-06-04,53058.926258541585,251.43751525878906
2019-06-05,53589.78698951478,253.61537170410156
2019-06-06,54050.76709490579,255.2646026611328
2019-06-07,54829.90246647247,257.81915283203125
2019-06-10,55312.12239843881,259.00213623046875
2019-06-11,55341.09218841967,258.93951416015625
2019-06-12,55242.74885427074,258.4823303222656
2019-06-13,55394.16930394412,259.54901123046875
2019-06-14,55376.59528335058,259.2621765136719
2019-06-17,55464.16686304137,259.3607177734375
2019-06-18,55920.941581953826,262.07647705078125
2019-06-19,56071.110147248044,262.66802978515625
2019-06-20,56572.79713141445,265.17767333984375
2019-06-21,56528.136771094905,264.7921447753906
2019-06-24,56498.01992914888,264.46795654296875
2019-06-25,55861.83925064744,261.8739929199219
2019-06-26,55996.943855825295,261.6129150390625
2019-06-27,56095.120040216956,262.5404968261719
2019-06-28,56275.22210362565,263.8914489746094
2019-07-01,56720.1858966761,266.2872619628906
2019-07-02,56877.81528731314,266.9808654785156
2019-07-03,57292.8996257288,269.1153564453125
2019-07-05,57202.48772888653,268.80902099609375
2019-07-08,57084.783309763036,267.3321228027344
2019-07-09,57197.861998591194,267.665283203125
2019-07-10,57593.80665697088,268.9443054199219
2019-07-11,58106.563942613226,269.57464599609375
2019-07-12,58304.66403594631,270.78167724609375
2019-07-15,58368.492093589935,270.87158203125
2019-07-16,58134.20480180425,269.9979553222656
2019-07-17,57992.73125171825,268.16064453125
2019-07-18,58018.24454750947,269.1424255371094
2019-07-19,57597.28290292849,267.6473693847656
2019-07-22,57847.46289514604,268.3047180175781
2019-07-23,58104.401270702816,270.22314453125
2019-07-24,58249.93166876682,271.4930419921875
2019-07-25,57929.20615082487,270.1960754394531
2019-07-26,58546.669763482765,272.0064392089844
2019-07-29,58594.878569846085,271.51104736328125
2019-07-30,58534.255904994716,270.8446350097656
2019-07-31,57719.50735825865,267.88134765625
2019-08-01,57340.64291651658,265.54876708984375
2019-08-02,56931.00264570673,263.54931640625
2019-08-05,55097.87440522179,255.62364196777344
2019-08-06,55837.17615727884,259.2081604003906
2019-08-07,56007.85911952668,259.3613586425781
2019-08-08,57101.21181033717,264.449951171875
2019-08-09,56676.21615476729,262.6487121582031
2019-08-12,55994.02230861797,259.45135498046875
2019-08-13,56960.82505356327,263.48626708984375
2019-08-14,55457.67392381438,255.695556640625
2019-08-15,55871.89333427848,256.37109375
2019-08-16,56655.73916979253,260.1537780761719
2019-08-19,57481.45875346471,263.2880554199219
2019-08-20,57130.35969542674,261.2706298828125
2019-08-21,57631.987968583664,263.3962097167969
2019-08-22,57457.59579833352,263.3150634765625
2019-08-23,56000.279924471455,256.5512390136719
2019-08-26,56623.07905120947,259.3882751464844
2019-08-27,56446.75605327376,258.3705139160156
2019-08-28,56717.40325084749,260.18988037109375
2019-08-29,57476.02953897248,263.5132141113281
2019-08-30,57502.46986552485,263.3962097167969
2019-09-03,57072.33443760404,261.8560485839844
2019-09-04,57642.92363835854,264.8282470703125
2019-09-05,58542.12495937106,268.2326354980469
2019-09-06,58509.06193270075,268.43988037109375
2019-09-09,58493.367435800574,268.5749206542969
2019-09-10,58409.47469674881,268.5119323730469
2019-09-11,58662.44087254654,270.42132568359375
2019-09-12,58986.90665046327,271.3580322265625
2019-09-13,58999.01454663418,271.17779541015625
2019-09-16,58629.32985059729,270.34014892578125
2019-09-17,58768.34095804354,271.0246887207031
2019-09-18,58853.25093268424,271.1868896484375
2019-09-19,58840.57974470092,271.1687927246094
2019-09-20,58435.9708901856,269.88763427734375
2019-09-23,58580.41060391618,269.82427978515625
2019-09-24,58152.003566474334,267.7068786621094
2019-09-25,58574.87516694812,269.29046630859375
2019-09-26,58264.70773440021,268.7294006347656
2019-09-27,57859.343435757735,267.28173828125
2019-09-30,58133.667898795786,268.5213317871094
2019-10-01,57874.99140948089,265.3273010253906
2019-10-02,56974.127501431336,260.6404113769531
2019-10-03,57440.91801553604,262.7757568359375
2019-10-04,58274.396459907985,266.3316955566406
2019-10-07,58120.93819716807,265.1825256347656
2019-10-08,57389.5911400115,261.0657043457031
2019-10-09,57935.22815091099,263.5448303222656
2019-10-10,58296.46624058691,265.3273010253906
2019-10-11,58807.19269347955,268.0780029296875
2019-10-14,58731.21451121764,267.77935791015625
2019-10-15,59657.96876911291,270.4305114746094
2019-10-16,59565.01070872278,269.9961853027344
2019-10-17,59794.63472133575,270.7923889160156
2019-10-18,59226.740003957544,269.6070861816406
2019-10-21,59775.427836673545,271.43487548828125
2019-10-22,59651.13655605598,270.54815673828125
2019-10-23,59752.37076745245,271.3352355957031
2019-10-24,60029.29299651355,271.7786560058594
2019-10-25,60364.869246229886,272.89166259765625
2019-10-28,60920.475335585776,274.42974853515625
2019-10-29,60471.09125642592,274.3482360839844
2019-10-30,60818.40324837527,275.1897888183594
2019-10-31,60642.78240524926,274.4569396972656
2019-11-01,61065.83293876432,276.9994812011719
2019-11-04,61269.99607248904,278.1123352050781
2019-11-05,61081.01973344123,277.8047790527344
2019-11-06,61088.79517916101,277.86810302734375
2019-11-07,61467.148588795084,278.84521484375
2019-11-08,61569.645094603016,279.5329284667969
2019-11-11,61452.032212329694,278.99908447265625
2019-11-12,61527.838351991624,279.5871887207031
2019-11-13,61623.128812006085,279.6776123046875
2019-11-14,61759.05739810457,280.0848388671875
2019-11-15,62145.151721690105,282.11163330078125
2019-11-18,62481.39959252029,282.3197326660156
2019-11-19,62191.01129342067,282.2383117675781
2019-11-20,62101.261927096115,281.1886901855469
2019-11-21,61986.64006177267,280.7362365722656
2019-11-22,62020.51087183188,281.3605651855469
2019-11-25,62699.90411078151,283.54119873046875
2019-11-26,62794.97028313253,284.1836853027344
2019-11-27,63048.56163925402,285.4504089355469
2019-11-29,62839.10428810465,284.39166259765625
2019-12-02,62284.29447105398,281.9759216308594
2019-12-03,61949.62472723835,280.0848388671875
2019-12-04,62373.32278439859,281.8130187988281
2019-12-05,62536.431274517905,282.3197326660156
2019-12-06,63010.321059574046,284.8984375
2019-12-09,62894.99691600243,284.00274658203125
2019-12-10,62917.5503067668,283.6858825683594
2019-12-11,63010.778847461064,284.4912414550781
2019-12-12,63604.632893348855,286.9433288574219
2019-12-13,63855.01170894358,287.1152648925781
2019-12-16,64318.91517672357,289.08770751953125
2019-12-17,64454.92270992074,289.15106201171875
2019-12-18,64348.5531725816,289.16912841796875
2019-12-19,64763.21664432612,290.3544616699219
2019-12-20,64976.05393305269,291.62738037109375
2019-12-23,65003.33277563828,292.072998046875
2019-12-24,65026.73193916746,292.08203125
2019-12-26,65544.8990959455,293.6369323730469
2019-12-27,65515.90607329335,293.5641784667969
2019-12-30,65044.25254798512,291.9457092285156
2019-12-31,65245.73034336479,292.6549377441406
2020-01-02,65929.65631748202,295.3917541503906
2020-01-03,65356.08470570442,293.15496826171875
2020-01-06,65627.76106346815,294.2734069824219
2020-01-07,65368.750542263275,293.4459533691406
2020-01-08,65808.7685442791,295.0099792480469
2020-01-09,66319.746725433,297.0102844238281
2020-01-10,66233.98549733733,296.1555480957031
2020-01-13,66592.88193187397,298.1923522949219
2020-01-14,66373.43757383371,297.7376403808594
2020-01-15,66614.06851839989,298.4105224609375
2020-01-16,67257.32340623213,300.892822265625
2020-01-17,67555.5980351764,301.8293762207031
2020-01-21,67531.2871003616,301.2382507324219
2020-01-22,67584.94243918495,301.27471923828125
2020-01-23,67637.60180464607,301.6202697753906
2020-01-24,67029.33545945123,298.9379577636719
2020-01-27,66102.51828911447,294.1461181640625
2020-01-28,66913.7116774713,297.228515625
2020-01-29,67010.45359438051,296.98297119140625
2020-01-30,67384.67671698424,297.94677734375
2020-01-31,66190.81745330709,292.53668212890625
2020-02-03,66821.26537436347,294.7098083496094
2020-02-04,67720.19665028343,299.2015075683594
2020-02-05,68421.59605826142,302.65673828125
2020-02-06,68699.2166193598,303.6751403808594
2020-02-07,68434.59568910804,302.0566711425781
2020-02-10,69180.71953226459,304.3116455078125
2020-02-11,69205.68235533552,304.8389892578125
2020-02-12,69769.76867217624,306.8030090332031
2020-02-13,69727.45377437309,306.47576904296875
2020-02-14,70283.27402130862,306.9666442871094
2020-02-18,70413.73650338249,306.1756286621094
2020-02-19,71037.2356596964,307.6395263671875
2020-02-20,70700.57206675893,306.3756103515625
2020-02-21,69754.54402062102,303.2204895019531
2020-02-24,67051.96863419574,293.1640930175781
2020-02-25,65102.22425040858,284.2805480957031
2020-02-26,65029.722825584045,283.2349853515625
2020-02-27,62183.055109952,270.514404296875
2020-02-28,62220.51100653681,269.3778076171875
2020-03-02,65303.940353000864,281.04364013671875
2020-03-03,63384.88251953763,272.9966125488281
2020-03-04,66266.80853613463,284.47149658203125
2020-03-05,64492.6736167522,275.0152587890625
2020-03-06,63630.207223116726,270.468994140625
2020-03-09,59573.75758505759,249.3468017578125
2020-03-10,62564.38259983114,262.2491760253906
2020-03-11,59902.74806018067,249.46493530273438
2020-03-12,54908.411015116704,225.59686279296875
2020-03-13,60178.899230868934,244.88233947753906
2020-03-16,53267.17655492093,218.0863800048828
2020-03-17,56466.86183391206,229.86131286621094
2020-03-18,53935.82116376336,218.22276306152344
2020-03-19,54125.81116245947,218.6864776611328
2020-03-20,51960.274269394824,209.26235961914062
2020-03-23,50968.045387929764,203.91188049316406
2020-03-24,55602.66192268381,222.38697814941406
2020-03-25,55788.867627341024,225.71612548828125
2020-03-26,58573.95616114662,238.895751953125
2020-03-27,56668.17181985381,231.77996826171875
2020-03-30,58849.1119457023,239.3072509765625
2020-03-31,57878.68263657569,235.740234375
2020-04-01,55745.68113283481,225.1307830810547
2020-04-02,57514.83544514668,230.3258056640625
2020-04-03,56663.45072260604,226.99661254882812
2020-04-06,60575.538604823574,242.2431182861328
2020-04-07,59961.44140521418,242.4901580810547
2020-04-08,61763.48895565007,250.6300506591797
2020-04-09,61967.58989867065,254.44406127929688
2020-04-13,62087.23081930126,252.12081909179688
2020-04-14,63999.76628495862,259.556640625
2020-04-15,63174.44933667413,254.04168701171875
2020-04-16,63673.6722617301,255.26715087890625
2020-04-17,64995.34871202173,262.1633605957031
2020-04-20,63675.793651162414,257.5445251464844
2020-04-21,62042.11073742125,249.7246856689453
2020-04-22,63561.86434223003,255.26715087890625
2020-04-23,63774.17624889921,255.24891662597656
2020-04-24,64526.10599959525,258.806640625
2020-04-27,65136.374714322315,262.5382385253906
2020-04-28,64441.29549394343,261.33099365234375
2020-04-29,66203.34239981294,268.17230224609375
2020-04-30,65995.33805284413,265.6753234863281
2020-05-01,64577.34833004187,258.6421203613281
2020-05-04,65138.00939278803,259.3553771972656
2020-05-05,65828.51115684368,261.751708984375
2020-05-06,65497.4188923853,259.97735595703125
2020-05-07,66149.52164775989,263.114501953125
2020-05-08,67150.86162012306,267.468017578125
2020-05-11,67345.98416645781,267.52294921875
2020-05-12,66156.24041496092,262.1907653808594
2020-05-13,65351.1296517271,257.5536193847656
2020-05-14,66366.15269754849,260.63592529296875
2020-05-15,67045.14853485813,261.8340148925781
2020-05-18,68538.19671343132,269.80938720703125
2020-05-19,67765.86696382127,267.0380859375
2020-05-20,68771.70794391484,271.5746154785156
2020-05-21,68135.32487119718,269.6996154785156
2020-05-22,68255.05796966338,270.21185302734375
2020-05-26,68687.49918382177,273.5409851074219
2020-05-27,69052.05085345033,277.6109924316406
2020-05-28,68969.32901114199,277.0988464355469
2020-05-29,69454.7247329676,278.33355712890625
2020-06-01,69616.09285679742,279.4585266113281
2020-06-02,70109.81275484119,281.7724914550781
2020-06-03,70552.26926183504,285.5223083496094
2020-06-04,69864.80761111852,284.77239990234375
2020-06-05,71531.4784667762,292.07098388671875
2020-06-08,71836.00292985077,295.60137939453125
2020-06-09,72077.56192497918,293.3970947265625
2020-06-10,72336.08972561157,291.760009765625
2020-06-11,68599.24621877642,274.9403991699219
2020-06-12,69271.69697484205,278.2329406738281
2020-06-15,69585.6374455952,280.83038330078125
2020-06-16,70760.30449162352,286.23577880859375
2020-06-17,70667.85973493544,285.0467224121094
2020-06-18,70640.0013733482,285.156494140625
2020-06-19,70338.82305444722,283.5269470214844
2020-06-22,71223.06185054201,285.3457336425781
2020-06-23,71693.68307926407,286.6594543457031
2020-06-24,70096.74602053601,279.3471374511719
2020-06-25,70937.88031459329,282.3418273925781
2020-06-26,69001.15648533267,275.6358947753906
2020-06-29,69788.84040388298,279.68701171875
2020-06-30,70895.46221936576,283.2696838378906
2020-07-01,71221.16991650638,285.2538757324219
2020-07-02,71579.96802027551,286.8247375488281
2020-07-06,72708.89598770278,291.2525634765625
2020-07-07,72288.84231335772,288.2486572265625
2020-07-08,72945.66031763192,290.4533996582031
2020-07-09,72858.02171713127,288.79986572265625
2020-07-10,73559.78335180333,291.74871826171875
2020-07-13,73013.38575412406,289.22235107421875
2020-07-14,74243.91465728948,292.97052001953125
2020-07-15,74270.06487463019,295.6621398925781
2020-07-16,73960.98661914903,294.6882019042969
2020-07-17,73912.23553759788,295.54266357421875
2020-07-20,74905.25052817889,297.9310302734375
2020-07-21,74978.89796941564,298.56494140625
2020-07-22,75319.87227541418,300.264404296875
2020-07-23,74192.03018458815,296.6817626953125
2020-07-24,73925.40324322623,294.7709655761719
2020-07-27,74397.31898033348,296.9205322265625
2020-07-28,73920.82913823106,295.0373840332031
2020-07-29,74632.1110634581,298.66595458984375
2020-07-30,74503.2423667349,297.600341796875
2020-07-31,74699.96816711896,299.9520263671875
2020-08-03,75373.60850079464,302.037353515625
2020-08-04,75822.75836170575,303.2040710449219
2020-08-05,76498.10291263569,305.0871276855469
2020-08-06,77020.73634611948,307.1265869140625
2020-08-07,76777.08955771574,307.3470764160156
2020-08-10,77032.73455041829,308.2657165527344
2020-08-11,76503.44883350118,305.7210693359375
2020-08-12,77849.98050710229,309.9834289550781
2020-08-13,77817.64360681188,309.4231872558594
2020-08-14,77857.97033809239,309.4322814941406
2020-08-17,78618.06205726207,310.41522216796875
2020-08-18,78752.46955734897,311.08587646484375
2020-08-19,78386.76685716903,309.7906799316406
2020-08-20,78738.22595263609,310.7551574707031
2020-08-21,79448.73811878482,311.8575744628906
2020-08-24,80073.14430905931,315.01763916015625
2020-08-25,80332.93368423663,316.1200256347656
2020-08-26,80825.65380822752,319.2892761230469
2020-08-27,81187.113439531,319.9873962402344
2020-08-28,82053.50188379272,322.0543518066406
2020-08-31,81778.911519978,320.8876953125
2020-09-01,82739.32093147685,323.9100341796875
2020-09-02,83783.09789732256,328.5950927734375
2020-09-03,80493.90888786242,317.2866516113281
2020-09-04,79523.80161877876,314.6961364746094
2020-09-08,77122.90455188334,306.09765625
2020-09-09,79044.26865970956,312.142333984375
2020-09-10,77478.85806551005,306.72235107421875
2020-09-11,77262.14745391882,306.8785400390625
2020-09-14,78327.07847434469,310.9205627441406
2020-09-15,78544.5498670064,312.4913635253906
2020-09-16,77832.17404963901,311.251220703125
2020-09-17,77297.09522106219,308.5136413574219
2020-09-18,76501.58417202448,304.9618835449219
2020-09-21,76029.30537427773,301.5678405761719
2020-09-22,76775.6372798131,304.6391296386719
2020-09-23,74849.16924876101,297.57421875
2020-09-24,75257.9164439452,298.3673400878906
2020-09-25,76456.2182082334,303.1910705566406
2020-09-28,77490.97612734103,308.22686767578125
2020-09-29,77231.62150289059,306.54827880859375
2020-09-30,78117.14679501073,308.8724670410156
2020-10-01,78664.65660132802,310.8554992675781
2020-10-02,77684.74651179666,307.9040832519531
2020-10-05,79052.68076979183,313.36419677734375
2020-10-06,78027.73255141413,308.90936279296875
2020-10-07,79211.0583884253,314.2864685058594
2020-10-08,79620.07975488834,317.0718994140625
2020-10-09,80435.35949341518,319.9033203125
2020-10-12,81823.23645708653,325.0497741699219
2020-10-13,81435.41546287434,322.9284973144531
2020-10-14,80699.76406873547,320.89935302734375
2020-10-15,80558.91119036726,320.5027770996094
2020-10-16,80482.71976060646,320.3091125488281
2020-10-19,78973.15694933436,315.43927001953125
2020-10-20,79374.87660647044,316.7029724121094
2020-10-21,79290.04035423025,316.1033630371094
2020-10-22,79566.80172914392,317.8373107910156
2020-10-23,79891.38178296143,318.9163818359375
2020-10-26,78428.16215976876,313.0229187011719
2020-10-27,78561.41510437228,311.94378662109375
2020-10-28,75474.85763557568,301.28192138671875
2020-10-29,76288.65972580091,304.3439025878906
2020-10-30,75532.80221393621,301.171142578125
2020-11-02,76299.65233860619,304.5468444824219
2020-11-03,77573.01437693102,309.9239807128906
2020-11-04,79779.78760339759,316.8504638671875
2020-11-05,81143.73990965547,323.0299987792969
2020-11-06,81162.14717756005,322.95611572265625
2020-11-09,82142.05637078677,327.0143127441406
2020-11-10,81877.23038943479,326.5347595214844
2020-11-11,82577.47369279077,328.96038818359375
2020-11-12,82160.19218124141,325.7691650390625
2020-11-13,82897.17125077531,330.2793273925781
2020-11-16,83834.88022049841,334.402099609375
2020-11-17,83105.75332417143,332.60357666015625
2020-11-18,82175.20025300972,328.6007385253906
2020-11-19,82401.95212728297,329.9841613769531
2020-11-20,81574.26718355106,327.7245788574219
2020-11-23,82210.51565173944,329.6890563964844
2020-11-24,83345.23323750832,335.00152587890625
2020-11-25,83271.7403533588,334.48504638671875
2020-11-27,83418.00948533932,335.4165954589844
2020-11-30,82922.05748764481,333.93170166015625
2020-12-01,83723.60604370866,337.58404541015625
2020-12-02,84098.03395603849,338.2942199707031
2020-12-03,83698.06192938681,338.2020263671875
2020-12-04,84282.11151149803,341.11651611328125
2020-12-07,83939.45628144404,340.41546630859375
2020-12-08,84126.88845089752,341.4116516113281
2020-12-09,83195.08256836284,338.3495178222656
2020-12-10,83065.01888121187,338.2388610839844
2020-12-11,82969.13236116822,337.84222412109375
2020-12-14,82641.38121684572,336.3297119140625
2020-12-15,83336.82380271536,340.87664794921875
2020-12-16,83477.85341603274,341.4116516113281
2020-12-17,83891.22007223146,343.3207702636719
2020-12-18,83511.33489638657,341.9499206542969
2020-12-21,83612.61372657948,340.72735595703125
2020-12-22,83242.96205329968,340.15301513671875
2020-12-23,83212.4585590415,340.4587097167969
2020-12-24,83585.72740511737,341.78326416015625
2020-12-28,84561.84635020362,344.71942138671875
2020-12-29,84475.71096324333,344.0617980957031
2020-12-30,84600.81282802312,344.5526123046875
2020-12-31,84807.12265750012,346.30328369140625
2021-01-04,84152.82845022723,341.5887145996094
2021-01-05,84528.84174178992,343.9413146972656
2021-01-06,84473.04323100469,345.9975891113281
2021-01-07,85663.87073267502,351.13824462890625
2021-01-08,86019.39282925904,353.1388854980469
2021-01-11,85658.70820854123,350.7584533691406
2021-01-12,85542.68428933734,350.8326110839844
2021-01-13,85723.87079031458,351.77734375
2021-01-14,84799.40752666106,350.5454406738281
2021-01-15,84134.55539680127,347.98907470703125
2021-01-19,84681.16962594593,350.721435546875
2021-01-20,85995.26828829975,355.574951171875
2021-01-21,86335.6407965882,355.89910888671875
2021-01-22,86224.77568901105,354.6394958496094
2021-01-25,86514.77507390823,356.0380554199219
2021-01-26,86599.6850709366,355.4822692871094
2021-01-27,84500.06939604793,346.79412841796875
2021-01-28,85288.18227782789,349.77667236328125
2021-01-29,83491.12838587463,342.7742919921875
2021-02-01,84642.65813747793,348.47998046875
2021-02-02,85617.0533805624,353.4075927734375
2021-02-03,86148.80947535027,353.6853942871094
2021-02-04,86888.00888689345,357.7052917480469
2021-02-05,87058.25684140103,359.11328125
2021-02-08,87585.33860867003,361.7066955566406
2021-02-09,87391.09562915919,361.4658508300781
2021-02-10,87711.98401119972,361.3083190917969
2021-02-11,88054.59696447944,361.89190673828125
2021-02-12,88016.75841024553,363.6795959472656
2021-02-16,88211.22393345575,363.3646240234375
2021-02-17,88441.95374948689,363.4480285644531
2021-02-18,88119.52818333985,361.9012145996094
2021-02-19,87555.66450991246,361.2620849609375
2021-02-22,87109.16539066835,358.4832763671875
2021-02-23,87162.72028090133,358.9186096191406
2021-02-24,88052.49584724699,362.8738098144531
2021-02-25,86060.49606800936,354.1299743652344
2021-02-26,85793.50849803547,352.30523681640625
2021-03-01,87265.80099233561,360.8452453613281
2021-03-02,86653.79348141806,358.02947998046875
2021-03-03,85594.58966730232,353.2872009277344
2021-03-04,84746.8356203245,348.915283203125
2021-03-05,86409.38774837737,355.3341369628906
2021-03-08,85985.80987454223,353.5649719238281
2021-03-09,87235.08626053963,358.61297607421875
2021-03-10,87786.08821920208,360.8452453613281
2021-03-11,88689.59511105654,364.50390625
2021-03-12,88683.39587780643,364.9948425292969
2021-03-15,88867.73522310938,367.17156982421875
2021-03-16,89091.3173895461,366.70831298828125
2021-03-17,88958.41653806313,367.95880126953125
2021-03-18,87724.31990126887,362.6051025390625
2021-03-19,87366.59151785396,361.9342041015625
2021-03-22,87842.83629396286,364.8242492675781
2021-03-23,87929.54094167434,361.9527587890625
2021-03-24,87887.1300421327,360.1127624511719
2021-03-25,87975.44904614061,362.138671875
2021-03-26,89227.35163729446,367.9745178222656
2021-03-29,89381.01802519418,367.7886047363281
2021-03-30,88841.63041576586,366.8128662109375
2021-03-31,89112.67843740428,368.2996826171875
2021-04-01,90091.51056718889,372.2770080566406
2021-04-05,91445.42988974278,377.62030029296875
2021-04-06,91161.23436957577,377.3973388671875
2021-04-07,91778.01426641963,377.8340759277344
2021-04-08,92246.39104090982,379.6275939941406
2021-04-09,92980.73818564857,382.3875732421875
2021-04-12,93147.50524124727,382.5268859863281
2021-04-13,93334.4873367979,383.6606140136719
2021-04-14,92886.60347338146,382.35040283203125
2021-04-15,94348.1101097524,386.4577331542969
2021-04-16,94521.91506308102,387.7495422363281
2021-04-19,94046.59626739907,385.8443603515625
2021-04-20,93654.30319811229,383.0194396972656
2021-04-21,94273.35336721734,386.64361572265625
2021-04-22,93193.84884136886,383.1123352050781
2021-04-23,94157.65029237655,387.2661437988281
2021-04-26,94056.9472326255,388.07470703125
2021-04-27,94052.67331862397,387.99102783203125
2021-04-28,94370.64475054549,387.8795471191406
2021-04-29,95083.26969288272,390.3513488769531
2021-04-30,94165.56010249541,387.7866516113281
2021-05-03,94509.24750191711,388.6230163574219
2021-05-04,93916.16063623452,386.22540283203125
2021-05-05,93863.22114936114,386.3462219238281
2021-05-06,94768.4712380045,389.4314880371094
2021-05-07,95175.12835636304,392.2657470703125
2021-05-10,94229.54898645313,388.38134765625
2021-05-11,93426.18276598999,384.9151611328125
2021-05-12,91579.47381671991,376.7375183105469
2021-05-13,92598.99906955048,381.2631530761719
2021-05-14,93829.5201904651,387.11749267578125
2021-05-17,93738.39792000015,386.1324768066406
2021-05-18,93134.49676952785,382.8057861328125
2021-05-19,92846.13784672845,381.80206298828125
2021-05-20,93733.92460583565,385.9095153808594
2021-05-21,93777.6121348211,385.5935363769531
2021-05-24,94799.76102587997,389.5244140625
2021-05-25,94702.26172462571,388.6601257324219
2021-05-26,94616.41013091557,389.4314880371094
2021-05-27,94143.01031103106,389.6358947753906
2021-05-28,94463.38088663114,390.33282470703125
2021-06-01,94284.38029152821,389.98907470703125
2021-06-02,94821.17272113153,390.6023864746094
2021-06-03,94598.3135697979,389.1526794433594
2021-06-04,95422.98856156414,392.7117919921875
2021-06-07,95283.1334010518,392.3307800292969
2021-06-08,95278.1695924485,392.41436767578125
2021-06-09,95145.95657471976,391.8290100097656
2021-06-10,95581.84557556019,393.6503601074219
2021-06-11,95735.77686995718,394.3008728027344
2021-06-14,96036.24560624071,395.1836242675781
2021-06-15,95726.46199709651,394.45880126953125
2021-06-16,95268.04461324653,392.2564697265625
2021-06-17,95918.35657923637,392.1262512207031
2021-06-18,94843.76417278573,386.8364562988281
2021-06-21,95840.56766530086,392.3743591308594
2021-06-22,96591.80107920061,394.4720458984375
2021-06-23,96412.68992535259,393.99658203125
2021-06-24,96688.20736623586,396.32745361328125
2021-06-25,96969.98621244571,397.735107421875
2021-06-28,97121.63979017884,398.5370788574219
2021-06-29,97257.50654488121,398.75140380859375
2021-06-30,97510.78842028005,399.0870361328125
2021-07-01,98020.49958332912,401.29656982421875
2021-07-02,99123.24334227316,404.3638916015625
2021-07-06,99362.63660397973,403.6274108886719
2021-07-07,99606.04503535603,405.05389404296875
2021-07-08,98889.62638736225,401.7534484863281
2021-07-09,99603.08605850089,406.0420227050781
2021-07-12,99959.91495688488,407.4964599609375
2021-07-13,100060.3809146385,406.1073303222656
2021-07-14,100394.10961470957,406.7133483886719
2021-07-15,100053.94956079527,405.32421875
2021-07-16,99216.10438974397,402.14495849609375
2021-07-19,97705.19822404505,396.2061462402344
2021-07-20,98636.23156855437,401.88397216796875
2021-07-21,99495.84327565834,405.1377258300781
2021-07-22,99813.82292492143,405.9861755371094
2021-07-23,100952.54745228199,410.1629638671875
2021-07-26,101141.77458919132,411.1698303222656
2021-07-27,100643.9295637123,409.2959289550781
2021-07-28,100412.99845922213,409.1280517578125
2021-07-29,100818.97734698153,410.82489013671875
2021-07-30,100139.76331124976,408.8297424316406
2021-08-02,99812.63601251222,407.971923828125
2021-08-03,100463.13016487751,411.2909851074219
2021-08-04,100114.11036034557,409.267822265625
2021-08-05,100745.15820206233,411.8597717285156
2021-08-06,100750.26664951204,412.5403137207031
2021-08-09,100522.94684997312,412.20465087890625
2021-08-10,100603.76094985908,412.71746826171875
2021-08-11,100576.49704748418,413.7430114746094
2021-08-12,100781.39913522592,414.9830017089844
2021-08-13,100988.3688351636,415.7381591796875
2021-08-16,101438.40735200357,416.7171630859375
2021-08-17,100737.59031956639,413.9854736328125
2021-08-18,99588.23125955633,409.454345703125
2021-08-19,100093.326592329,410.0882873535156
2021-08-20,101025.75462019099,413.3514099121094
2021-08-23,101943.0733177497,416.9875183105469
2021-08-24,101796.76495409984,417.6493225097656
2021-08-25,101825.51403912825,418.5257568359375
2021-08-26,101233.42383196304,416.05517578125
2021-08-27,101947.97888111396,419.77508544921875
2021-08-30,102411.89835862687,421.62109375
2021-08-31,101930.84624747362,420.9964599609375
2021-09-01,102113.90141433109,421.22021484375
2021-09-02,102123.84287339222,422.51617431640625
2021-09-03,102385.85198608767,422.4134216308594
2021-09-07,102297.52774325314,420.9031982421875
2021-09-08,102241.18671517882,420.39044189453125
2021-09-09,101707.70426264034,418.5910949707031
2021-09-10,100932.11369929808,415.29058837890625
2021-09-13,101396.30203962835,416.3534851074219
2021-09-14,100947.88673546958,414.106689453125
2021-09-15,101577.26644999272,417.56549072265625
2021-09-16,101521.3608177041,416.9035949707031
2021-09-17,100788.62524501231,412.842529296875
2021-09-20,99096.01276192853,405.9586486816406
2021-09-21,99243.95942593263,405.5751953125
2021-09-22,100246.58169037018,409.53155517578125
2021-09-23,101382.39359212735,414.5072937011719
2021-09-24,101583.13960435518,415.19012451171875
2021-09-27,101250.83280281504,414.0022888183594
2021-09-28,99431.3019297213,405.6593322753906
2021-09-29,99587.7372154622,406.3421936035156
2021-09-30,98461.95579548055,401.3757019042969
2021-10-01,99502.96581840528,406.145751953125
2021-10-04,97795.79927278905,400.9080505371094
2021-10-05,98827.10439197002,405.0795593261719
2021-10-06,99508.0870606419,406.76300048828125
2021-10-07,100712.39799334573,410.2798156738281
2021-10-08,100758.4908414333,409.53155517578125
2021-10-11,100062.61025213382,406.5666198730469
2021-10-12,99596.13165438497,405.5657653808594
2021-10-13,99672.15411894159,407.02490234375
2021-10-14,101285.26063242025,413.8713073730469
2021-10-15,102549.19597252803,417.0232849121094
2021-10-18,102930.12899528106,418.2578125
2021-10-19,103736.86416993091,421.4847106933594
2021-10-20,103847.8326983512,423.1401062011719
2021-10-21,104206.4569059244,424.2437744140625
2021-10-22,104268.2396626326,423.80426025390625
2021-10-25,104707.07172653735,426.0770568847656
2021-10-26,105539.7276585645,426.4604797363281
2021-10-27,104821.86661391852,424.5711364746094
2021-10-28,105283.64922439292,428.66790771484375
2021-10-29,105800.07348500841,429.53765869140625
2021-11-01,105247.15147159563,430.2764892578125
2021-11-02,105585.52745603607,432.0162048339844
2021-11-03,106046.18047847967,434.6537780761719
2021-11-04,107545.54056908515,436.7020568847656
2021-11-05,108044.81000669055,438.2172546386719
2021-11-08,108501.31875495895,438.5914001464844
2021-11-09,108426.47576719435,437.1417236328125
2021-11-10,107606.71532785107,433.6249084472656
2021-11-11,107570.96958831439,433.76519775390625
2021-11-12,108387.59539407666,437.0387878417969
2021-11-15,108174.01839646349,437.18841552734375
2021-11-16,108715.1972077122,438.9186706542969
2021-11-17,108008.58097071345,437.8524475097656
2021-11-18,109300.9296439206,439.33966064453125
2021-11-19,109192.59254558102,438.553955078125
2021-11-22,108280.36270761228,437.3193664550781
2021-11-23,109031.46907242086,437.8992614746094
2021-11-24,109825.78595868553,439.0683898925781
2021-11-26,107309.95156177897,429.2757873535156
2021-11-29,108713.96479055745,434.5414733886719
2021-11-30,107130.76065873152,426.0863342285156
2021-12-01,106218.18315863627,421.35369873046875
2021-12-02,107373.91992888224,427.80731201171875
2021-12-03,106749.7562769835,424.0848693847656
2021-12-06,108158.30146361806,429.10748291015625
2021-12-07,110310.72636544495,437.98345947265625
2021-12-08,110380.2911446413,439.14312744140625
2021-12-09,110135.59550606708,436.17828369140625
2021-12-10,110943.74135835348,440.2842712402344
2021-12-13,109592.5511198979,436.3840637207031
2021-12-14,109300.73604651385,433.3818054199219
2021-12-15,111205.14104535646,440.1534423828125
2021-12-16,109936.82934435662,436.2718200683594
2021-12-17,108179.3934396755,431.6286315917969
2021-12-20,107440.16701536304,427.0389404296875
2021-12-21,109141.13564364723,434.62274169921875
2021-12-22,110272.92876431328,438.96844482421875
2021-12-23,110583.91327896377,441.69970703125
2021-12-27,111994.91326856326,447.95068359375
2021-12-28,111995.01288448213,447.5846862792969
2021-12-29,112071.67222950666,448.1571350097656
2021-12-30,111676.51520588837,446.918212890625
2021-12-31,111428.80685857484,445.7919616699219
2022-01-03,112441.22191284684,448.37298583984375
2022-01-04,112174.48541471857,448.222900390625
2022-01-05,110650.00839431901,439.61602783203125
2022-01-06,110199.45223206164,439.2030334472656
2022-01-07,109776.4050679046,437.4666442871094
2022-01-10,109414.75322223626,436.9223327636719
2022-01-11,110054.53700268504,440.9018249511719
2022-01-12,110376.0292557041,442.09381103515625
2022-01-13,109126.07644092555,436.0024108886719
2022-01-14,108909.30564511688,436.18072509765625
2022-01-18,107142.39919350845,428.45623779296875
2022-01-19,106542.75188248623,424.0072937011719
2022-01-20,105537.36855270718,419.3143005371094
2022-01-21,103823.0412383054,411.0829772949219
2022-01-24,103805.58101839175,412.8287048339844
2022-01-25,102889.56194240914,407.78851318359375
2022-01-26,103461.24529886157,406.7654113769531
2022-01-27,103681.07077428912,404.75677490234375
2022-01-28,106569.1022789403,414.80914306640625
2022-01-31,107967.9535186758,422.2803649902344
2022-02-01,108734.2776188668,425.1336364746094
2022-02-02,110205.22024370635,429.26336669921875
2022-02-03,108365.29539854998,419.173583984375
2022-02-04,108973.68852966213,421.1446228027344
2022-02-07,108575.67351410456,419.7930603027344
2022-02-08,109262.07497099854,423.2470703125
2022-02-09,110418.47475792641,429.4417419433594
2022-02-10,108505.76039209358,421.7265319824219
2022-02-11,106840.61644697243,413.41064453125
2022-02-14,106809.86009175233,412.0590515136719
2022-02-15,108226.28885757878,418.70428466796875
2022-02-16,108394.67277211357,419.173583984375
2022-02-17,106719.46566017471,410.219482421875
2022-02-18,105877.91545592154,407.5632629394531
2022-02-22,104483.02217283759,403.1894226074219
2022-02-23,102921.48872120545,396.037353515625
2022-02-24,103891.44828639804,401.9974060058594
2022-02-25,106011.71418003776,410.8670349121094
2022-02-28,105553.69385212434,409.8157958984375
2022-03-01,104530.40718564621,403.57427978515625
2022-03-02,105814.79269383194,410.99847412109375
2022-03-03,105601.48991206396,408.9523620605469
2022-03-04,104915.03517614212,405.6297607421875
2022-03-07,102507.35735382784,393.6720886230469
2022-03-08,102040.14336329006,390.68743896484375
2022-03-09,104297.52538304594,401.16204833984375
2022-03-10,104425.86979654929,399.3505554199219
2022-03-11,103395.44668166991,394.2727966308594
2022-03-14,102977.25761548232,391.3913879394531
2022-03-15,104984.04210811347,399.9981994628906
2022-03-16,106736.63074061724,408.8678894042969
2022-03-17,107785.13133875509,413.9831237792969
2022-03-18,109100.46533030314,418.5174255371094
2022-03-21,109031.5812628826,418.3951416015625
2022-03-22,109773.75830446434,423.2908935546875
2022-03-23,108622.58572962708,417.839599609375
2022-03-24,110224.34333512954,424.13824462890625
2022-03-25,110548.8002450101,426.2095947265625
2022-03-28,111210.44520264224,429.24114990234375
2022-03-29,112271.49521814594,434.55133056640625
2022-03-30,111729.76869678797,431.8680419921875
2022-03-31,109985.45114955463,425.2210388183594
2022-04-01,110602.87699771846,426.4260559082031
2022-04-04,111532.34759944181,430.0791015625
2022-04-05,110508.25986473475,424.64666748046875
2022-04-06,109278.08668756644,420.4004821777344
2022-04-07,109449.21178337476,422.5189208984375
2022-04-08,109461.50660453048,421.38897705078125
2022-04-11,107380.96078016899,414.18658447265625
2022-04-12,106995.57129611507,412.6518249511719
2022-04-13,108298.89439589375,417.37823486328125
2022-04-14,107011.12865395793,412.1811828613281
2022-04-18,107146.04203587458,412.3506164550781
2022-04-19,108775.44577203001,419.0070495605469
2022-04-20,109090.84621993038,418.6962890625
2022-04-21,107408.73806817095,412.4352722167969
2022-04-22,104733.81790146783,401.1184387207031
2022-04-25,105691.57557859365,403.4439697265625
2022-04-26,103052.80589647908,391.7598571777344
2022-04-27,103504.16350030967,392.86138916015625
2022-04-28,106510.78235699493,402.7850036621094
2022-04-29,102548.71957029594,387.8996887207031
2022-05-02,103023.24991411643,390.2346496582031
2022-05-03,103049.99155275125,392.0235900878906
2022-05-04,105528.14584411177,403.9618225097656
2022-05-05,101921.4779278767,389.6038818359375
2022-05-06,101567.30670389492,387.2782897949219
2022-05-09,98847.66425392851,374.8787536621094
2022-05-10,98945.58295741405,375.744873046875
2022-05-11,97659.12220553232,369.7758483886719
2022-05-12,97259.83725195583,369.3897705078125
2022-05-13,99376.78545405273,378.2210693359375
2022-05-16,99272.6869224454,376.6864013671875
2022-05-17,100120.80724174748,384.43505859375
2022-05-18,96283.11701191551,368.93780517578125
2022-05-19,95559.58947168035,366.67822265625
2022-05-20,95722.37569737532,366.8382873535156
2022-05-23,97977.11269403201,373.7018737792969
2022-05-24,97409.7456062513,370.84912109375
2022-05-25,98038.68480386699,374.1255187988281
2022-05-26,99698.11201584585,381.6010437011719
2022-05-27,101791.30813756849,390.9689636230469
2022-05-31,101472.25026455555,388.7753601074219
2022-06-01,100824.69504664621,385.6307373046875
2022-06-02,102453.5474933837,392.9744567871094
2022-06-03,101022.70996643265,386.525146484375
2022-06-06,101257.15049268144,387.7020263671875
2022-06-07,101863.91447965294,391.4209899902344
2022-06-08,101148.7244599867,387.1653747558594
2022-06-09,99111.40826518572,377.9574890136719
2022-06-10,96525.58861861464,366.9983215332031
2022-06-13,93327.37986281629,353.0640869140625
2022-06-14,92882.13298576896,352.0002136230469
2022-06-15,93909.67201224918,357.0184326171875
2022-06-16,91665.95227537224,345.2025146484375
2022-06-17,91459.86732491505,345.9466857910156
2022-06-21,93933.84952570703,354.6554260253906
2022-06-22,93738.42807339515,354.012451171875
2022-06-23,94740.82147824239,357.482666015625
2022-06-24,97026.6918331054,368.848388671875
2022-06-27,96704.45475262598,367.4395446777344
2022-06-28,94620.33105123378,359.93170166015625
2022-06-29,94924.74406127054,359.6385192871094
2022-06-30,93948.56945870335,356.7167663574219
2022-07-01,94771.7654716243,360.48956298828125
2022-07-05,95457.06444315099,361.1703796386719
2022-07-06,95940.13430904766,362.39019775390625
2022-07-07,97317.10941398337,367.8177795410156
2022-07-08,97262.16354675594,367.51513671875
2022-07-11,96314.47730708211,363.3168029785156
2022-07-12,95460.42728208053,360.1019592285156
2022-07-13,95186.56066237902,358.21075439453125
2022-07-14,95366.24643640847,357.3407897949219
2022-07-15,97104.67822400863,364.1678161621094
2022-07-18,96456.48707532912,361.1609802246094
2022-07-19,98756.80511423682,370.919189453125
2022-07-20,99427.50296160496,373.2831726074219
2022-07-21,100253.74878219495,377.0843811035156
2022-07-22,99176.85545357787,373.58575439453125
2022-07-25,99231.17830619887,374.03955078125
2022-07-26,97395.61333910575,369.6143493652344
2022-07-27,99905.45684753104,379.2119445800781
2022-07-28,100983.81452389693,383.9681091308594
2022-07-29,102685.01931123507,389.56591796875
2022-08-01,102543.78895402625,388.4123229980469
2022-08-02,101845.17635859082,385.8498229980469
2022-08-03,103290.61806257986,391.89202880859375
2022-08-04,103143.45190585587,391.6272277832031
2022-08-05,103379.54191003028,390.9654235839844
2022-08-08,102523.65490747,390.51141357421875
2022-08-09,101975.90161602222,388.9606628417969
2022-08-10,103859.09465172233,397.13043212890625
2022-08-11,103537.8809927538,397.13043212890625
2022-08-12,105038.62314218904,403.853515625
2022-08-15,105565.58670947442,405.5176696777344
2022-08-16,106369.79448228797,406.31201171875
2022-08-17,105668.08892905698,403.4279479980469
2022-08-18,105951.1531121967,404.60052490234375
2022-08-19,104491.35901164469,399.1634521484375
2022-08-22,102421.194382159,390.8518981933594
2022-08-23,102012.63928436063,389.90631103515625
2022-08-24,102107.80222922821,391.1545104980469
2022-08-25,103580.79677251307,396.6766052246094
2022-08-26,99935.84634525426,383.24945068359375
2022-08-29,99384.45687591021,380.7153625488281
2022-08-30,98484.57299080594,376.53594970703125
2022-08-31,97512.04171700255,373.6708984375
2022-09-01,97647.13270436268,374.8433532714844
2022-09-02,96712.90087591806,370.8909606933594
2022-09-06,96271.10472691695,369.4913635253906
2022-09-07,97618.53144635915,376.1293029785156
2022-09-08,98080.65302826463,378.5878601074219
2022-09-09,99428.53623861478,384.4693298339844
2022-09-12,100434.98823003666,388.60150146484375
2022-09-13,96173.3029515847,371.7040100097656
2022-09-14,96565.89611625376,373.1224670410156
2022-09-15,95548.3611848856,368.8862609863281
2022-09-16,95270.13639435101,366.0720520019531
2022-09-19,95782.530208504,368.91094970703125
2022-09-20,95032.26413155062,364.6763916015625
2022-09-21,93679.28083609985,358.31500244140625
2022-09-22,93183.38394098572,355.3052673339844
2022-09-23,91802.94166155205,349.3521728515625
2022-09-26,91124.79633044441,345.8961486816406
2022-09-27,90775.16212138935,345.0130920410156
2022-09-28,92277.69075931559,351.8017578125
2022-09-29,90704.14443234635,344.4530029296875
2022-09-30,89508.5847391045,339.12652587890625
2022-10-03,91716.36079987852,348.0798034667969
2022-10-04,94209.23530719893,358.8656921386719
2022-10-05,94246.49305919504,358.03021240234375
2022-10-06,93504.18738452828,354.3368225097656
2022-10-07,91026.20796539885,344.4530029296875
2022-10-10,90228.98781882267,341.822998046875
2022-10-11,89798.32424526791,339.65814208984375
2022-10-12,89713.77946634004,338.537841796875
2022-10-13,91904.86198315822,347.47222900390625
2022-10-14,90200.2504491648,339.5537414550781
2022-10-17,92474.66230377475,348.27923583984375
2022-10-18,93426.22949216122,352.37139892578125
2022-10-19,93041.43382757615,349.8743896484375
2022-10-20,92954.55760778938,346.9405212402344
2022-10-21,95065.9380979145,355.3717041015625
2022-10-24,96056.36469508667,359.72021484375
2022-10-25,97316.36255125413,365.4643859863281
2022-10-26,96487.8590293809,362.7110290527344
2022-10-27,95980.36364060946,360.77410888671875
2022-10-28,98022.26176989499,369.35711669921875
2022-10-31,97346.74262152406,366.68914794921875
2022-11-01,96738.74038440692,365.0845947265625
2022-11-02,94530.10975169398,355.92236328125
2022-11-03,93346.09020242607,352.25750732421875
2022-11-04,94865.06750970843,357.3276062011719
2022-11-07,96032.65764584196,360.7455749511719
2022-11-08,96466.57964784947,362.6920471191406
2022-11-09,94130.50428044729,355.21978759765625
2022-11-10,99348.20256748497,374.7405700683594
2022-11-11,100085.62175521834,378.3675842285156
2022-11-14,99325.94938032978,375.14886474609375
2022-11-15,100377.63294160935,378.3484802246094
2022-11-16,100085.31507567916,375.4621887207031
2022-11-17,99846.01866634566,374.3133239746094
2022-11-18,100153.41247037535,376.0128479003906
2022-11-21,99493.09368661034,374.6456298828125
2022-11-22,101084.10429282014,379.687255859375
2022-11-23,101785.65835018623,382.07989501953125
2022-11-25,101803.1455951252,381.9944152832031
2022-11-28,100427.871404584,375.89886474609375
2022-11-29,99924.59030903796,375.2533874511719
2022-11-30,103209.04812681364,387.0739440917969
2022-12-01,103220.89104403766,386.7891845703125
2022-12-02,102954.50878842121,386.3429260253906
2022-12-05,101476.38870091422,379.39288330078125
2022-12-06,99894.7762236218,373.9240417480469
2022-12-07,99862.62083606674,373.2879638671875
2022-12-08,101001.2096428233,376.21221923828125
2022-12-09,99980.53441150494,373.40185546875
2022-12-12,101734.08599341911,378.7852478027344
2022-12-13,102501.16098562814,381.6526184082031
2022-12-14,102089.17090340039,379.2125244140625
2022-12-15,99667.94391088223,369.9363098144531
2022-12-16,98672.77537842876,365.5688171386719
2022-12-19,97836.3784365585,362.46893310546875
2022-12-20,98012.18757317356,362.9649658203125
2022-12-21,99188.84331087844,368.39208984375
2022-12-22,97552.02569947249,363.1366271972656
2022-12-23,98132.21719294686,365.2254943847656
2022-12-27,97523.36818159427,363.78521728515625
2022-12-28,96534.00146880743,359.26409912109375
2022-12-29,97960.83423879126,365.73095703125
2022-12-30,97808.757495896,364.7676086425781
2023-01-03,97400.90663799123,363.2320556640625
2023-01-04,97572.46862606086,366.03619384765625
2023-01-05,96392.2138890556,361.8584899902344
2023-01-06,98377.8545499454,370.1566467285156
2023-01-09,98642.4067970606,369.94683837890625
2023-01-10,99217.6553393764,372.541259765625
2023-01-11,100648.991592642,377.2530822753906
2023-01-12,101001.35297143678,378.62652587890625
2023-01-13,101643.05272106896,380.0954895019531
2023-01-17,101643.05713513884,379.399169921875
2023-01-18,100107.81231983933,373.40924072265625
2023-01-19,99329.79606075118,370.69085693359375
2023-01-20,101360.90804828769,377.5964660644531
2023-01-23,102487.67675439638,382.1271057128906
2023-01-24,102586.04417394559,381.7169189453125
2023-01-25,102477.6612495985,381.8599853515625
2023-01-26,103466.20969530546,386.0567932128906
2023-01-27,104026.19507017684,386.9438781738281
2023-01-30,102180.56872066863,382.0889587402344
2023-01-31,103508.53474437668,387.7069091796875
2023-02-01,104756.7490510851,391.827392578125
2023-02-02,106524.0960142254,397.5311584472656
2023-02-03,105195.68826955583,393.3057861328125
2023-02-06,104633.71410551229,390.9021301269531
2023-02-07,106149.94298758128,396.0146179199219
2023-02-08,104816.27859881359,391.68426513671875
2023-02-09,103942.16989876682,388.2887268066406
2023-02-10,103714.28328382205,389.19482421875
2023-02-13,104993.35344678535,393.7635803222656
2023-02-14,105400.2133678788,393.5824279785156
2023-02-15,105538.19699102841,394.8605041503906
2023-02-16,103996.43321490013,389.42376708984375
2023-02-17,103500.16647303448,388.45086669921875
2023-02-21,101428.96497177926,380.65814208984375
2023-02-22,101296.1725167426,380.1335754394531
2023-02-23,102814.25121145937,382.1556701660156
2023-02-24,101804.48737819908,378.0733337402344
2023-02-27,102118.1895056985,379.3610534667969
2023-02-28,101750.26205020677,377.95892333984375
2023-03-01,100875.0233686247,376.5091247558594
2023-03-02,101628.1621248482,379.4373779296875
2023-03-03,103305.55094419993,385.52264404296875
2023-03-06,103615.33612930735,385.78973388671875
2023-03-07,102193.24786326857,379.87603759765625
2023-03-08,102507.91852635265,380.49609375
2023-03-09,100845.56470584372,373.4759826660156
2023-03-10,100012.85382181962,368.0869445800781
2023-03-13,100333.15484412492,367.56231689453125
2023-03-14,102175.44299603556,373.63812255859375
2023-03-15,102153.70849117982,371.30126953125
2023-03-16,104014.4772216064,377.8157653808594
2023-03-17,103865.1529404842,373.3981018066406
2023-03-20,104247.0775771254,376.9886169433594
2023-03-21,105548.45518676618,381.9386291503906
2023-03-22,104537.92383484973,375.4278869628906
2023-03-23,105302.19996367146,376.44281005859375
2023-03-24,105364.2635092281,378.91314697265625
2023-03-27,105261.23470758088,379.6216125488281
2023-03-28,104825.37217891664,378.7695007324219
2023-03-29,105979.970464276,384.27484130859375
2023-03-30,106622.42862158011,386.52484130859375
2023-03-31,108058.71075351405,391.9727478027344
2023-04-03,109051.33324525703,393.4663391113281
2023-04-04,108756.23843063603,391.2834167480469
2023-04-05,108886.97091251049,390.2589111328125
2023-04-06,109407.25978187135,391.7812805175781
2023-04-10,109269.04762364122,392.1833801269531
2023-04-11,109035.8186768661,392.28875732421875
2023-04-12,108496.2720107149,390.6896667480469
2023-04-13,110101.26409902409,395.8791809082031
2023-04-14,110527.10072377724,394.9121398925781
2023-04-17,110488.3977421456,396.32916259765625
2023-04-18,110519.15366523017,396.5876770019531
2023-04-19,110494.79554772747,396.5206604003906
2023-04-20,110451.44363862285,394.3568115234375
2023-04-21,110781.7352767222,394.6632385253906
2023-04-24,110944.97480066805,395.074951171875
2023-04-25,109526.40994297041,388.8035583496094
2023-04-26,109457.97792436775,387.15673828125
2023-04-27,111280.46051865825,394.86431884765625
2023-04-28,111780.32552107656,398.2344665527344
2023-05-01,111901.75446872275,397.8324279785156
2023-05-02,110885.01139048324,393.3611145019531
2023-05-03,110131.59709078465,390.6610412597656
2023-05-04,109618.47395114382,387.8939208984375
2023-05-05,111557.75027078849,395.074951171875
2023-05-08,111742.72809923734,395.18017578125
2023-05-09,111334.39120752446,393.4472351074219
2023-05-10,112014.69074240362,395.2855224609375
2023-05-11,112289.10385523125,394.59619140625
2023-05-12,112145.11530158352,394.07916259765625
2023-05-15,112231.17588336625,395.438720703125
2023-05-16,111992.4383397599,392.7961730957031
2023-05-17,113376.9271714289,397.5643615722656
2023-05-18,114425.00995225251,401.39410400390625
2023-05-19,113939.27131801445,400.8100280761719
2023-05-22,113467.75973679361,400.9728698730469
2023-05-23,112574.04333089825,396.47283935546875
2023-05-24,112116.75345913472,393.6004333496094
2023-05-25,114056.2769221077,397.0090026855469
2023-05-26,115436.47967872523,402.15057373046875
2023-05-30,115406.88309124742,402.3037109375
2023-05-31,114312.21722054339,400.0728454589844
2023-06-01,116012.45975098964,403.8739318847656
2023-06-02,117228.29622302842,409.7144775390625
2023-06-05,117063.64218931182,408.9292907714844
2023-06-06,117135.74901214462,409.81976318359375
2023-06-07,115879.34296353515,408.4027404785156
2023-06-08,116708.8178968726,410.8729248046875
2023-06-09,116825.57707661997,411.61016845703125
2023-06-12,117780.97104100861,415.3442687988281
2023-06-13,118227.07735700512,418.0825500488281
2023-06-14,118505.21734169206,418.5804138183594
2023-06-15,119656.87616010792,423.7698974609375
2023-06-16,119071.01650709017,422.326416015625
2023-06-20,118982.78143801786,420.13531494140625
2023-06-21,118631.35433229964,417.982666015625
2023-06-22,119507.76450408295,419.4914245605469
2023-06-23,118894.87567691061,416.3200988769531
2023-06-26,117928.05392679613,414.61907958984375
2023-06-27,118976.84428384164,419.16473388671875
2023-06-28,118724.19374513374,419.3760986328125
2023-06-29,119199.05937006357,421.02911376953125
2023-06-30,120960.62437078457,425.99749755859375
2023-07-03,120873.83982913129,426.4876403808594
2023-07-05,120775.39655274249,425.8533630371094
2023-07-06,119915.38047594143,422.5186462402344
2023-07-07,119271.03456845715,421.4518737792969
2023-07-10,119159.41955970279,422.5186462402344
2023-07-11,119801.76559218198,425.2094421386719
2023-07-12,120693.8581646958,428.630615234375
2023-07-13,121661.8836853777,432.03271484375
2023-07-14,122332.56937652823,431.7635803222656
2023-07-17,122732.6605920273,433.2627258300781
2023-07-18,123267.68101247582,436.48211669921875
2023-07-19,123459.822441201,437.4527282714844
2023-07-20,123173.54164975545,434.55047607421875
2023-07-21,123239.20319515289,434.55047607421875
2023-07-24,124193.32826911102,436.49176025390625
2023-07-25,124585.49569594067,437.683349609375
2023-07-26,124757.2518512684,437.7506408691406
2023-07-27,124078.47388271643,434.8484191894531
2023-07-28,125321.91421333523,439.105712890625
2023-07-31,125554.87918246737,439.94183349609375
2023-08-01,125252.17200455729,438.6828308105469
2023-08-02,123593.23161128821,432.5804443359375
2023-08-03,123856.27840151059,431.3407287597656
2023-08-04,123761.77534133941,429.3898620605469
2023-08-07,125092.18386877794,433.1378173828125
2023-08-08,124434.16271096937,431.2542724609375
2023-08-09,123493.65337542155,428.3711853027344
2023-08-10,123616.5279718489,428.5249328613281
2023-08-11,123735.25888576669,428.2750549316406
2023-08-14,124735.24762822471,430.63916015625
2023-08-15,123564.1846137155,425.6227111816406
2023-08-16,122965.52897265051,422.4994201660156
2023-08-17,122237.58300240873,419.2799987792969
2023-08-18,122264.17871440043,419.4817810058594
2023-08-21,122948.56298985805,422.2111511230469
2023-08-22,122520.70227315192,421.0675048828125
2023-08-23,123608.12425921758,425.7572326660156
2023-08-24,122421.95116164368,419.8566589355469
2023-08-25,122969.34520435228,422.8165588378906
2023-08-28,123574.23512075418,425.49774169921875
2023-08-29,124951.74345246027,431.64825439453125
2023-08-30,125457.12040352364,433.4261474609375
2023-08-31,125287.53791299273,432.7918701171875
2023-09-01,125485.92589252128,433.59912109375
2023-09-05,125191.6215413594,431.72509765625
2023-09-06,124261.50608263911,428.8228759765625
2023-09-07,124488.65756999425,427.50628662109375
2023-09-08,124613.28144133058,428.1501159667969
2023-09-11,125102.94699064904,430.9659118652344
2023-09-12,124667.18027765129,428.6018371582031
2023-09-13,125173.23394630058,429.1015930175781
2023-09-14,125613.11376226856,432.80145263671875
2023-09-15,124311.66473406715,427.58697509765625
2023-09-18,124583.68373320383,427.837646484375
2023-09-19,124055.6471240641,426.9504699707031
2023-09-20,123010.9591321217,423.0252990722656
2023-09-21,121437.15249117388,416.0334167480469
2023-09-22,121394.6105321089,415.0979309082031
2023-09-25,121947.89863266375,416.8434753417969
2023-09-26,120339.07987827809,410.71954345703125
2023-09-27,120452.36583906892,410.8834228515625
2023-09-28,121080.67277944888,413.26556396484375
2023-09-29,120481.45609872937,412.2626037597656
2023-10-02,121262.62533189733,412.0986328125
2023-10-03,119817.55966656287,406.58221435546875
2023-10-04,120571.71784990489,409.5429992675781
2023-10-05,120793.10213198973,409.3886413574219
2023-10-06,121829.19921900591,414.24920654296875
2023-10-09,122129.26893027358,416.9013671875
2023-10-10,122673.44156926613,419.0712585449219
2023-10-11,122825.5121816292,420.7879333496094
2023-10-12,122773.17488978062,418.22259521484375
2023-10-13,122667.14228207915,416.13946533203125
2023-10-16,123686.87023807208,420.5179138183594
2023-10-17,123206.91342073606,420.49853515625
2023-10-18,122013.13107109169,414.8953552246094
2023-10-19,121478.94909344803,411.25
2023-10-20,120294.14540292675,406.19647216796875
2023-10-23,120218.61945768571,405.49249267578125
2023-10-24,120856.3770913381,408.54962158203125
2023-10-25,119452.03919257758,402.6860656738281
2023-10-26,117348.75450118446,397.86407470703125
2023-10-27,116666.06409694841,396.0605773925781
2023-10-30,118509.39834993944,400.7958068847656
2023-10-31,119015.45618641957,403.31298828125
2023-11-01,120148.70197718343,407.61419677734375
2023-11-02,121851.10503455716,415.42584228515625
2023-11-03,122320.27415457013,419.21588134765625
2023-11-06,122929.94794957442,420.1802978515625
2023-11-07,123438.74459847857,421.3761901855469
2023-11-08,123512.5451182633,421.684814453125
2023-11-09,122810.20406137887,418.3961486816406
2023-11-10,124537.56088136154,424.9252014160156
2023-11-13,124422.19933498409,424.5201110839844
2023-11-14,125831.12370362671,432.75616455078125
2023-11-15,125961.79610459968,433.6722717285156
2023-11-16,125862.14478425616,434.2027587890625
2023-11-17,125845.38698380977,434.7427673339844
2023-11-20,126583.46874234016,438.08929443359375
2023-11-21,126441.87611570614,437.1344909667969
2023-11-22,126926.58845161583,438.8221740722656
2023-11-24,126953.38393940301,439.0921630859375
2023-11-27,126894.37120653242,438.30145263671875
2023-11-28,127177.47754334025,438.7353820800781
2023-11-29,126677.61787596553,438.42681884765625
2023-11-30,127146.41707131361,440.153076171875
2023-12-01,127401.84898675018,442.7569885253906
2023-12-04,126662.96608838438,440.4327392578125
2023-12-05,127046.9900671822,440.3459777832031
2023-12-06,126283.95462097846,438.5714416503906
2023-12-07,127180.13928954868,441.9179382324219
2023-12-08,127402.1566283715,443.81787109375
2023-12-11,127114.93122665273,445.5440673828125
2023-12-12,127798.11790430947,447.5789794921875
2023-12-13,129079.1179463146,453.75115966796875
2023-12-14,128705.43942584461,455.2073669433594
2023-12-15,129025.2088724257,454.4578857421875
2023-12-18,129955.93932068457,457.0142517089844
2023-12-19,130345.05872180712,459.7933044433594
2023-12-20,128901.61456130343,453.42181396484375
2023-12-21,129830.6861637441,457.7210998535156
2023-12-22,129981.48553797464,458.64105224609375
2023-12-26,130255.35647877693,460.57763671875
2023-12-27,130349.7559357134,461.4103698730469
2023-12-28,130430.24253971563,461.5846862792969
2023-12-29,130299.48021331453,460.2484130859375
2024-01-02,129902.66860209825,457.6726989746094
2024-01-03,129594.35621005419,453.9350280761719
2024-01-04,129159.6206652716,452.472900390625
2024-01-05,129218.46755043368,453.09259033203125
2024-01-08,130957.71367007266,459.5609130859375
2024-01-09,131221.41097950918,458.8637390136719
2024-01-10,132389.52859739866,461.45880126953125
2024-01-11,132530.59044484518,461.25543212890625
2024-01-12,132495.95796232173,461.5749816894531
2024-01-16,132306.3995968821,459.8804931640625
2024-01-17,131972.33975764344,457.32415771484375
2024-01-18,132858.3031283273,461.3909912109375
2024-01-19,134064.64925115078,467.1428527832031
2024-01-22,134239.05648873092,468.13055419921875
2024-01-23,134562.79877228124,469.4957580566406
2024-01-24,134884.73868466498,470.0090026855469
2024-01-25,135685.9616222205,472.5653991699219
2024-01-26,135826.1421200767,471.96502685546875
2024-01-29,136713.1786832019,475.7026672363281
2024-01-30,136858.3123194697,475.33477783203125
2024-01-31,134970.68053125535,467.5785827636719
2024-02-01,136525.17303864352,473.69830322265625
2024-02-02,138203.61305751317,478.6851501464844
2024-02-05,138330.08405138284,476.942138671875
2024-02-06,138690.24632681714,478.32684326171875
2024-02-07,139806.79673280523,482.3162536621094
2024-02-08,139482.51491465024,482.52923583984375
2024-02-09,140325.31595887063,485.318115234375
2024-02-12,140144.97193551777,485.1050109863281
2024-02-13,138953.1594256163,478.4236145019531
2024-02-14,139687.62796444903,482.7713623046875
2024-02-15,140218.37851438872,486.1024169921875
2024-02-16,139863.4375373484,483.6816101074219
2024-02-20,139101.81218346368,481.0186767578125
2024-02-21,139383.33798157205,481.4544372558594
2024-02-22,143186.2069802314,491.4183654785156
2024-02-23,143308.49476752896,491.75732421875
2024-02-26,142841.56724396333,489.95623779296875
2024-02-27,142557.54650246567,490.866455078125
2024-02-28,142254.01436487882,490.2177734375
2024-02-29,142602.59395676944,491.97998046875
2024-03-01,143320.52774038428,496.5987854003906
2024-03-04,142715.87734742396,496.0662536621094
2024-03-05,142088.45916354694,491.1084899902344
2024-03-06,142589.8671367668,493.59710693359375
2024-03-07,143739.87500484273,498.4967346191406
2024-03-08,142844.64153331722,495.5046691894531
2024-03-11,143081.03352713428,495.07861328125
2024-03-12,145276.54767271914,500.4043273925781
2024-03-13,145432.3300036483,499.6199951171875
2024-03-14,145380.25111976708,498.63238525390625
2024-03-15,144547.10418888542,495.20843505859375
2024-03-18,145231.07945482418,498.1515197753906
2024-03-19,146256.47781280495,500.9198303222656
2024-03-20,147222.1714882606,505.55291748046875
2024-03-21,147559.0220567641,507.2236633300781
2024-03-22,147538.0123512752,506.2620544433594
2024-03-25,146922.6528593877,504.8634033203125
2024-03-26,146383.87188323907,503.930908203125
2024-03-27,146895.87816022226,508.1658630371094
2024-03-28,146915.14038350442,508.0687561035156
2024-04-01,146544.46258484176,507.1848449707031
2024-04-02,145394.0174026441,503.96002197265625
2024-04-03,144910.3033271013,504.513671875
2024-04-04,143461.7566992178,498.3554992675781
2024-04-05,144813.86033395337,503.5617980957031
2024-04-08,144939.27460641417,503.8434143066406
2024-04-09,144937.79437663892,504.42626953125
2024-04-10,144306.2474210401,499.37542724609375
2024-04-11,145055.45576648004,503.1440734863281
2024-04-12,143351.8022655974,496.19915771484375
2024-04-15,142004.56305776667,489.98272705078125
2024-04-16,141966.24917160458,489.089111328125
2024-04-17,141640.1010348987,486.194580078125
2024-04-18,141736.99432587888,485.194091796875
2024-04-19,141003.77410885005,480.9591064453125
2024-04-22,142288.32212302866,485.388427734375
2024-04-23,143334.19698363644,491.14825439453125
2024-04-24,143198.78676030663,490.9151611328125
2024-04-25,143149.6182978625,489.0502624511719
2024-04-26,145170.596492423,493.6835021972656
2024-04-29,144839.40491403345,495.4317932128906
2024-04-30,142695.4453372614,487.5835876464844
2024-05-01,142646.31058664978,486.0003356933594
2024-05-02,144118.0429435956,490.5461120605469
2024-05-03,145551.3910413727,496.6265869140625
2024-05-06,146617.05556665466,501.7551574707031
2024-05-07,147109.0804587717,502.3087463378906
2024-05-08,147143.00600862593,502.3572998046875
2024-05-09,148035.54998043046,505.2518615722656
2024-05-10,148290.61255796006,505.9027099609375
2024-05-13,148221.44140652238,505.97064208984375
2024-05-14,148452.70955155665,508.2920837402344
2024-05-15,149800.112316578,514.5863647460938
2024-05-16,150463.97389399045,513.5275268554688
2024-05-17,150890.4702989141,514.265869140625
2024-05-20,150151.78629612128,514.8580932617188
2024-05-21,150736.93419084768,516.1209716796875
2024-05-22,150205.438282993,514.634765625
2024-05-23,149661.12353459257,510.87579345703125
2024-05-24,150209.048012606,514.2559204101562
2024-05-28,150605.91190637051,514.6153564453125
2024-05-29,149771.1376942829,511.0118713378906
2024-05-30,149056.54510356655,507.6218566894531
2024-05-31,150228.55161442122,512.2454223632812
2024-06-03,150467.29129743073,512.6630249023438
2024-06-04,151125.9812528703,513.2362060546875
2024-06-05,152111.9196691569,519.3359985351562
2024-06-06,152528.4636736475,519.3262939453125
2024-06-07,152113.36740248636,518.695068359375
2024-06-10,152599.4187338554,520.297607421875
2024-06-11,153297.92174942893,521.5505981445312
2024-06-12,153662.21099259384,525.834228515625
2024-06-13,154304.75983389633,526.8928833007812
2024-06-14,154578.4599898734,527.2134399414062
2024-06-17,155181.65810342724,531.4095458984375
2024-06-18,155556.64552577585,532.7595825195312
2024-06-20,155664.3137863195,531.3124389648438
2024-06-21,155442.38348785616,530.6000366210938
2024-06-24,154972.69759895705,528.8753051757812
2024-06-25,155186.06421137677,530.9119262695312
2024-06-26,155859.4664608531,531.574462890625
2024-06-27,155512.00432590637,532.41259765625
2024-06-28,155076.40081694842,530.3174438476562
2024-07-01,155448.38816293766,531.4088745117188
2024-07-02,156536.5239161651,534.9851684570312
2024-07-03,156890.92575201465,537.3726196289062
2024-07-05,157663.54546099072,540.4713745117188
2024-07-08,157703.44010774276,541.094970703125
2024-07-09,157904.97546166796,541.6212158203125
2024-07-10,159220.75199266087,546.9806518554688
2024-07-11,157759.34030308024,542.2642211914062
2024-07-12,158408.01710645267,545.6845703125
2024-07-15,159067.55002597743,547.1853637695312
2024-07-16,160230.03900691753,550.43017578125
2024-07-17,160700.35332171348,542.7125244140625
2024-07-18,159211.74623318212,538.5419311523438
2024-07-19,158293.03308411696,534.9656982421875
2024-07-22,158928.73647771036,540.4810180664062
2024-07-23,158311.87523173814,539.63330078125
2024-07-24,155649.48924125326,527.4038696289062
2024-07-25,155093.97703504178,524.6558227539062
2024-07-26,156668.0607012412,530.5319213867188
2024-07-29,156662.85582289414,530.8436279296875
2024-07-30,156399.9442239911,528.1542358398438
2024-07-31,158077.37010560642,536.7391967773438
2024-08-01,156569.28357605555,529.1383666992188
2024-08-02,155077.64718039782,519.2868041992188
2024-08-05,150521.01176242478,504.16314697265625
2024-08-06,151187.38003170385,508.81134033203125
2024-08-07,150425.7920272409,505.4104919433594
2024-08-08,152568.2250131592,517.09423828125
2024-08-09,152990.15876453332,519.3744506835938
2024-08-12,153226.74599641608,519.647216796875
2024-08-13,154733.2703779409,528.1932373046875
2024-08-14,155440.28531939627,529.8594360351562
2024-08-15,157989.8360635596,538.94140625
2024-08-16,158499.49876661782,540.1497802734375
2024-08-19,159504.89840336447,545.3143310546875
2024-08-20,159825.4029682474,544.427734375
2024-08-21,160150.62013100763,546.2985229492188
2024-08-22,159256.52903251682,542.010986328125
2024-08-23,160669.5450853676,547.77001953125
2024-08-26,160672.6002811796,546.4642333984375
2024-08-27,160753.75178394085,547.2145385742188
2024-08-28,160072.31844749747,544.0377807617188
2024-08-29,160280.51558349462,544.0865478515625
2024-08-30,161570.09639352604,549.2803955078125
2024-09-03,159633.20588159148,537.9767456054688
2024-09-04,159279.80180058326,536.8755493164062
2024-09-05,158826.58672099884,535.5697631835938
2024-09-06,157002.53064189997,526.55615234375
2024-09-09,158750.33325164425,532.4515380859375
2024-09-10,159219.5326309352,534.7708129882812
2024-09-11,160058.60697065547,540.2568969726562
2024-09-12,161056.09365921724,544.8076171875
2024-09-13,161880.25481358514,547.6530151367188
2024-09-16,162162.2897921977,548.4618530273438
2024-09-17,162047.25572585675,548.68603515625
2024-09-18,161590.10270160803,547.0586547851562
2024-09-19,162619.4796914821,556.3938598632812
2024-09-20,162802.4259092522,555.4320068359375
2024-09-23,163252.80433154924,556.8200073242188
2024-09-24,163050.60649267354,558.413330078125
2024-09-25,162591.3360836494,557.1817016601562
2024-09-26,162492.36099044292,559.3907470703125
2024-09-27,162812.99456537378,558.579345703125
2024-09-30,163681.0742070197,560.8178100585938
2024-10-01,163049.7629056458,555.7937622070312
2024-10-02,163113.33080763603,556.0282592773438
2024-10-03,163005.64260025372,555.0119018554688
2024-10-04,163894.04443635177,560.055419921875
2024-10-07,162291.23059212958,554.9922485351562
2024-10-08,163578.86556744244,560.240966796875
2024-10-09,164606.33618516775,564.1215209960938
2024-10-10,164684.20419016955,563.1343994140625
2024-10-11,165813.59146493755,566.506591796875
2024-10-14,166952.88230102687,571.1395263671875
2024-10-15,165722.642410931,566.7020263671875
2024-10-16,166723.48561295986,569.1651611328125
2024-10-17,166871.1305950078,569.2140502929688
2024-10-18,167496.44139535003,571.4035034179688
2024-10-21,167344.17874783234,570.4652709960938
2024-10-22,167635.87510390693,570.1622924804688
2024-10-23,166565.63897609015,564.9523315429688
2024-10-24,166558.62519277306,566.1741943359375
2024-10-25,166421.8584434376,565.9786376953125
2024-10-28,167040.6723850977,567.7283325195312
2024-10-29,166536.97406018645,568.6471557617188
2024-10-30,167035.3489301184,566.9268188476562
2024-10-31,164583.46553447816,555.8132934570312
2024-11-01,166132.09926004414,558.1591186523438
2024-11-04,165530.68301170558,556.9569091796875
2024-11-05,166900.2114652592,563.6914672851562
2024-11-06,170944.16855473336,577.7081298828125
2024-11-07,171879.3601593806,582.1749877929688
2024-11-08,172367.74909856336,584.69677734375
2024-11-11,172299.95037740038,585.2539672851562
2024-11-12,172397.77768603674,583.435791015625
2024-11-13,172774.78427734214,583.7192993164062
2024-11-14,172270.94806783696,579.9657592773438
2024-11-15,171201.2272383761,572.5372924804688
2024-11-18,171592.5172846262,574.8833618164062
2024-11-19,172288.41116825672,576.9847412109375
2024-11-20,171947.23860742894,577.18017578125
2024-11-21,172190.7233442572,580.2786865234375
2024-11-22,172649.6485034163,582.0771484375
2024-11-25,173425.66347421496,584.0517578125
2024-11-26,174857.23359921778,587.1012573242188
2024-11-27,174782.02013674486,585.3223876953125
2024-11-29,175434.2982643808,588.958251953125
2024-12-02,175911.19353624247,590.0139770507812
2024-12-03,175696.2635486565,590.2877197265625
2024-12-04,176274.50561007755,593.953125
2024-12-05,176140.89026760054,592.9755859375
2024-12-06,175867.71080640578,594.0997924804688
2024-12-09,175262.4239147017,591.0404052734375
2024-12-10,175786.00292593622,589.2026977539062
2024-12-11,176540.97395807004,593.7576293945312
2024-12-12,175252.40171978023,590.6981811523438
2024-12-13,174730.65947844085,590.5810546875
2024-12-16,174586.48339902825,593.102783203125
2024-12-17,174290.057157241,590.6591186523438
2024-12-18,170505.67161786024,573.055419921875
2024-12-19,170585.86062309635,572.8795166015625
2024-12-20,172283.42070903486,579.76025390625
2024-12-23,172933.64860775688,583.2320556640625
2024-12-24,174613.70791574102,589.7146606445312
2024-12-26,174659.24176414695,589.75390625
2024-12-27,173060.5417160664,583.5458984375
2024-12-30,171559.76028707702,576.88671875
