date,nav,spy
2010-01-04,10000.0,84.36897277832031
2010-01-05,9998.868955673614,84.59228515625
2010-01-06,9952.680083814652,84.65188598632812
2010-01-07,9944.980487316087,85.00921630859375
2010-01-08,9973.429783653237,85.2920913696289
2010-01-11,9902.829659952506,85.41120147705078
2010-01-12,9805.688907042953,84.61465454101562
2010-01-13,9910.98539469933,85.32931518554688
2010-01-14,9941.150488620711,85.56011962890625
2010-01-15,9863.122454367893,84.5997543334961
2010-01-19,10007.591186308231,85.6568832397461
2010-01-20,9920.49860557124,84.78585815429688
2010-01-21,9722.620555586995,83.15547943115234
2010-01-22,9485.060089174049,81.30179595947266
2010-01-25,9499.490742058426,81.7187271118164
2010-01-26,9453.134192245769,81.37625885009766
2010-01-27,9591.711111369732,81.76337432861328
2010-01-28,9501.34306073277,80.82537841796875
2010-01-29,9406.375680531108,79.94690704345703
2010-02-01,9495.725396731237,81.19017791748047
2010-02-02,9579.688082264995,82.17282104492188
2010-02-03,9566.417443852295,81.76337432861328
2010-02-04,9250.906796177225,79.23969268798828
2010-02-05,9293.978119345617,79.40347290039062
2010-02-08,9289.357014880017,78.83024597167969
2010-02-09,9354.59907531147,79.82035827636719
2010-02-10,9365.427892149644,79.6640396118164
2010-02-11,9474.473621209523,80.49784088134766
2010-02-12,9434.371174730943,80.43082427978516
2010-02-16,9530.280578967053,81.69637298583984
2010-02-17,9581.55002741814,82.08350372314453
2010-02-18,9578.897150918036,82.5673828125
2010-02-19,9529.563145516217,82.7386474609375
2010-02-22,9583.547139648012,82.75353240966797
2010-02-23,9497.89058667859,81.74848937988281
2010-02-24,9604.327618246256,82.50041198730469
2010-02-25,9574.136618896662,82.38874816894531
2010-02-26,9607.122990256768,82.44083404541016
2010-03-01,9751.569428865734,83.29695129394531
2010-03-02,9737.62647726921,83.52771759033203
2010-03-03,9745.400042994199,83.60218048095703
2010-03-04,9772.746978698658,83.85530090332031
2010-03-05,9921.01985951116,85.05387115478516
2010-03-08,9933.908663071545,85.06875610351562
2010-03-09,9962.680537091279,85.21019744873047
2010-03-10,10034.092575758155,85.58988189697266
2010-03-11,10088.619497898666,85.94722747802734
2010-03-12,10083.228687344314,85.95464324951172
2010-03-15,10066.117592663124,85.97698211669922
2010-03-16,10109.733823150604,86.66190338134766
2010-03-17,10131.81667701888,87.17555236816406
2010-03-18,10113.057588285508,87.13087463378906
2010-03-19,10065.301210059697,86.68987274169922
2010-03-22,10086.633691377805,87.1533432006836
2010-03-23,10130.506004597297,87.76631927490234
2010-03-24,10058.856946698621,87.3402099609375
2010-03-25,10139.658870416899,87.19815063476562
2010-03-26,10137.112258007895,87.1458740234375
2010-03-29,10162.168235885565,87.69900512695312
2010-03-30,10220.19852265882,87.75880432128906
2010-03-31,10175.448722084842,87.4598159790039
2010-04-01,10184.623458136442,88.0578384399414
2010-04-05,10225.627018633208,88.77543640136719
2010-04-06,10244.992502638626,88.9847412109375
2010-04-07,10189.497766647037,88.4764633178711
2010-04-08,10248.937914093543,88.78291320800781
2010-04-09,10280.857899456072,89.36599731445312
2010-04-12,10324.701857971013,89.50801849365234
2010-04-13,10369.914237194267,89.5752944946289
2010-04-14,10472.708671674876,90.5918960571289
2010-04-15,10493.55533767047,90.66667175292969
2010-04-16,10299.544933713696,89.2239761352539
2010-04-19,10326.7990247524,89.56031799316406
2010-04-20,10370.521491010197,90.36019134521484
2010-04-21,10374.954618359465,90.19576263427734
2010-04-22,10431.800043673627,90.4648208618164
2010-04-23,10449.016691629562,91.05537414550781
2010-04-26,10400.673697941886,90.71151733398438
2010-04-27,10187.088851348624,88.56615447998047
2010-04-28,10208.727126409622,89.2389144897461
2010-04-29,10304.802208309244,90.34525299072266
2010-04-30,10084.491411509674,88.81281280517578
2010-05-03,10162.898865685613,89.96398162841797
2010-05-04,9940.361464665964,87.84852600097656
2010-05-05,9899.326618773775,87.32524871826172
2010-05-06,9611.805673534382,84.42487335205078
2010-05-07,9454.246229699665,83.1690673828125
2010-05-10,9816.892764131362,86.83187866210938
2010-05-11,9755.451129194902,86.58522033691406
2010-05-12,9892.151982930553,87.7961654663086
2010-05-13,9826.161791014842,86.70480346679688
2010-05-14,9552.728698335839,85.13501739501953
2010-05-17,9559.434820559889,85.17987060546875
2010-05-18,9398.726290132927,84.02122497558594
2010-05-19,9367.375827374499,83.54280090332031
2010-05-20,9093.074080847347,80.38829803466797
2010-05-21,9205.21204660164,81.56189727783203
2010-05-24,9152.41247487756,80.51532745361328
2010-05-25,9156.32895577161,80.59757995605469
2010-05-26,9090.585427845559,80.11167907714844
2010-05-27,9297.396370201088,82.79529571533203
2010-05-28,9200.586083528033,81.75625610351562
2010-06-01,9152.834881099254,80.38079071044922
2010-06-02,9293.707330946876,82.47384643554688
2010-06-03,9346.65929728554,82.7579345703125
2010-06-04,9092.91986843064,79.8500747680664
2010-06-07,8999.660726001044,78.85584259033203
2010-06-08,9023.436921452683,79.7005386352539
2010-06-09,8929.039945612096,79.27445220947266
2010-06-10,9144.872476625504,81.59178161621094
2010-06-11,9139.004336761382,81.98795318603516
2010-06-14,9091.784410754828,81.86090087890625
2010-06-15,9299.051090533158,83.72221374511719
2010-06-16,9310.316325601001,83.69231414794922
2010-06-17,9365.407886216635,83.82687377929688
2010-06-18,9373.835017363255,83.91773986816406
2010-06-21,9329.39972446927,83.67737579345703
2010-06-22,9238.048893993357,82.29541778564453
2010-06-23,9207.002892592016,82.04006958007812
2010-06-24,9056.702891861862,80.68059539794922
2010-06-25,9057.94066122253,81.01860809326172
2010-06-28,8989.511304869899,80.76323699951172
2010-06-29,8685.403527667404,78.26964569091797
2010-06-30,8580.795604208863,77.5261001586914
2010-07-01,8584.887990889105,77.18059539794922
2010-07-02,8561.579226747632,76.760009765625
2010-07-06,8581.172684884994,77.26323699951172
2010-07-07,8815.970849044566,79.69670104980469
2010-07-08,8867.621185282787,80.4853286743164
2010-07-09,8940.318856757503,81.08619689941406
2010-07-12,8988.549604164007,81.13876342773438
2010-07-13,9092.297489900495,82.36300659179688
2010-07-14,9098.725829684916,82.35550689697266
2010-07-15,9076.937658045315,82.37801361083984
2010-07-16,8786.588539823184,80.10979461669922
2010-07-19,8828.262638919636,80.58296966552734
2010-07-20,8973.73726739432,81.47676849365234
2010-07-21,8847.787992088164,80.41773223876953
2010-07-22,8997.584951526682,82.21282196044922
2010-07-23,9041.208801564582,82.92633819580078
2010-07-26,9095.114992695595,83.79005432128906
2010-07-27,9099.289670593902,83.7825698852539
2010-07-28,8999.623348377781,83.24176025390625
2010-07-29,8892.257085741276,82.83618927001953
2010-07-30,8920.229645745365,82.82118225097656
2010-08-02,9008.5123331061,84.69133758544922
2010-08-03,8984.409859202757,84.28572845458984
2010-08-04,9081.51731622877,84.84907531738281
2010-08-05,9075.093559637504,84.75894927978516
2010-08-06,9088.656549832955,84.4134521484375
2010-08-09,9152.373676134674,84.86410522460938
2010-08-10,9097.334516926549,84.40594482421875
2010-08-11,8885.049305441444,82.09263610839844
2010-08-12,8881.478224311031,81.58938598632812
2010-08-13,8849.880414754685,81.34906005859375
2010-08-16,8845.94833238901,81.31153106689453
2010-08-17,8961.779056978075,82.31046295166016
2010-08-18,8982.587121513987,82.46063232421875
2010-08-19,8877.807900518757,81.02606964111328
2010-08-20,8845.680396193346,80.76323699951172
2010-08-23,8821.256464151988,80.45529174804688
2010-08-24,8729.342706456284,79.26107025146484
2010-08-25,8814.790779359679,79.5689926147461
2010-08-26,8739.42307283865,79.03573608398438
2010-08-27,8847.341218103405,80.260009765625
2010-08-30,8712.640001517375,79.09587097167969
2010-08-31,8676.69846178102,79.09587097167969
2010-09-01,8875.817604900689,81.46173095703125
2010-09-02,8975.545067794435,82.22032165527344
2010-09-03,9119.393759771043,83.28687286376953
2010-09-07,9033.739073213705,82.3479995727539
2010-09-08,9062.665755717437,82.92633819580078
2010-09-09,9079.028271767578,83.30936431884766
2010-09-10,9126.58951067191,83.72999572753906
2010-09-13,9229.898977882005,84.66130828857422
2010-09-14,9259.888323963547,84.60871887207031
2010-09-15,9322.23122572178,84.93170166015625
2010-09-16,9360.74496589565,84.90917205810547
2010-09-17,9358.708039815609,84.9408950805664
2010-09-20,9534.496787536369,86.23966979980469
2010-09-21,9560.739448752302,86.06597137451172
2010-09-22,9587.240870564037,85.64314270019531
2010-09-23,9575.178560930497,84.94843292236328
2010-09-24,9758.400293786119,86.70026397705078
2010-09-27,9708.197302808629,86.2849349975586
2010-09-28,9695.848716768207,86.58698272705078
2010-09-29,9675.751981910676,86.43596649169922
2010-09-30,9629.527891597167,86.17923736572266
2010-10-01,9599.83810214458,86.54170227050781
2010-10-04,9562.49084691515,85.8923110961914
2010-10-05,9729.846772131803,87.62149047851562
2010-10-06,9629.773614248215,87.61393737792969
2010-10-07,9610.087521619595,87.50823974609375
2010-10-08,9657.643209944687,87.9990005493164
2010-10-11,9664.799122650098,88.08209991455078
2010-10-12,9708.248833797034,88.35393524169922
2010-10-13,9798.791967960045,89.04105377197266
2010-10-14,9784.498861399725,88.6937026977539
2010-10-15,9922.406669591208,88.87494659423828
2010-10-18,9994.994243891631,89.31287384033203
2010-10-19,9864.003602171728,88.14248657226562
2010-10-20,9974.766337709894,89.0033187866211
2010-10-21,10029.162152049876,89.19963073730469
2010-10-22,10087.840310541731,89.36576080322266
2010-10-25,10116.18711322051,89.6300277709961
2010-10-26,10144.211819780454,89.6451416015625
2010-10-27,10095.112682292316,89.38838958740234
2010-10-28,10066.416348376488,89.40353393554688
2010-10-29,10089.866929868707,89.47145080566406
2010-11-01,10066.500596910199,89.50164031982422
2010-11-02,10180.373001108508,90.21145629882812
2010-11-03,10260.842297983165,90.57389068603516
2010-11-04,10475.688789614911,92.31818389892578
2010-11-05,10491.370662277945,92.66549682617188
2010-11-08,10479.90894457523,92.49182891845703
2010-11-09,10432.883289165811,91.82735443115234
2010-11-10,10635.62187867334,92.1973648071289
2010-11-11,10539.34317562595,91.85002136230469
2010-11-12,10484.92876525131,90.76268005371094
2010-11-15,10443.148927365773,90.63429260253906
2010-11-16,10274.380722280986,89.22225952148438
2010-11-17,10257.62709674531,89.267578125
2010-11-18,10432.995692602604,90.5814437866211
2010-11-19,10503.100257370465,90.83062744140625
2010-11-22,10591.901647843375,90.75511932373047
2010-11-23,10477.595703757643,89.44123077392578
2010-11-24,10647.328444381597,90.76268005371094
2010-11-26,10577.525847200377,89.70552825927734
2010-11-29,10560.48143012546,89.97736358642578
2010-11-30,10491.585416575814,89.47145080566406
2010-12-01,10686.251474104127,91.37430572509766
2010-12-02,10757.679244302333,92.5447006225586
2010-12-03,10759.890202679288,92.79387664794922
2010-12-06,10727.780947322428,92.6957015991211
2010-12-07,10759.332395299733,92.74860382080078
2010-12-08,10866.502846971225,93.08837890625
2010-12-09,10849.830511613349,93.45082092285156
2010-12-10,10885.952926624344,93.9945068359375
2010-12-13,10856.438736156748,94.05487060546875
2010-12-14,10778.998139721496,94.1379623413086
2010-12-15,10720.879398992953,93.70755767822266
2010-12-16,10631.299730553095,94.25121307373047
2010-12-17,10622.307560448437,94.3521957397461
2010-12-20,10681.458997215594,94.57989501953125
2010-12-21,10765.952460320266,95.17958068847656
2010-12-22,10819.2202737193,95.47557067871094
2010-12-23,10725.996132902865,95.33893585205078
2010-12-27,10610.691317697596,95.37693786621094
2010-12-28,10629.04825866295,95.51356506347656
2010-12-29,10681.88663360646,95.58186340332031
2010-12-30,10617.582692874463,95.4300308227539
2010-12-31,10637.611278860664,95.45282745361328
2011-01-03,10772.79166893965,96.43963623046875
2011-01-04,10805.617335150226,96.38648986816406
2011-01-05,10932.137584404609,96.88749694824219
2011-01-06,11111.63764658485,96.69768524169922
2011-01-07,11125.40734594427,96.5079116821289
2011-01-10,11134.794346813667,96.38648986816406
2011-01-11,11102.679227522953,96.72806549072266
2011-01-12,11323.094126642884,97.60099792480469
2011-01-13,11319.447335641762,97.44160461425781
2011-01-14,11401.333409539495,98.14751434326172
2011-01-18,11397.731503303059,98.31452178955078
2011-01-19,11228.243509910588,97.35051727294922
2011-01-20,11214.825983435681,97.22148132324219
2011-01-21,11152.273383174228,97.44160461425781
2011-01-24,11375.666248781317,97.99571228027344
2011-01-25,11402.049586016712,98.04885864257812
2011-01-26,11413.445682972244,98.42842864990234
2011-01-27,11483.381444680286,98.6712875366211
2011-01-28,11188.858814944395,96.9482192993164
2011-01-31,11195.504763262908,97.67688751220703
2011-02-01,11329.96519950985,99.24059295654297
2011-02-02,11379.303409718601,99.05083465576172
2011-02-03,11381.42590154255,99.27096557617188
2011-02-04,11430.778806628841,99.55180358886719
2011-02-07,11428.778474727967,100.17424011230469
2011-02-08,11508.159978777132,100.62969207763672
2011-02-09,11425.135769575201,100.4019546508789
2011-02-10,11418.340615624576,100.43992614746094
2011-02-11,11499.767321597863,101.03958129882812
2011-02-14,11494.2829827134,101.282470703125
2011-02-15,11443.049201035456,100.96365356445312
2011-02-16,11558.445360290694,101.60128021240234
2011-02-17,11645.629233391093,101.90492248535156
2011-02-18,11633.964509285403,102.11743927001953
2011-02-22,11281.959075194447,100.0679931640625
2011-02-23,11172.362488092778,99.4531478881836
2011-02-24,11201.101512994828,99.38481140136719
2011-02-25,11276.71396989256,100.44750213623047
2011-02-28,11261.64031461465,101.06993865966797
2011-03-01,11109.000097343647,99.38481140136719
2011-03-02,11126.633655815445,99.59732818603516
2011-03-03,11283.39406439273,101.31281280517578
2011-03-04,11225.218223080612,100.55378723144531
2011-03-07,11113.289539900434,99.76435089111328
2011-03-08,11114.593130163252,100.63729095458984
2011-03-09,11122.215672249698,100.49304962158203
2011-03-10,10888.308588396643,98.63333892822266
2011-03-11,10949.462183275633,99.31651306152344
2011-03-14,10878.650420500238,98.71682739257812
2011-03-15,10740.088814642837,97.58582305908203
2011-03-16,10579.893388002683,95.77922821044922
2011-03-17,10636.31930063386,97.046875
2011-03-18,10658.443651680198,97.39986419677734
2011-03-21,10787.91552887987,98.9093246459961
2011-03-22,10727.289237475985,98.56623840332031
2011-03-23,10772.548871960853,98.84833526611328
2011-03-24,10980.948252827156,99.79367065429688
2011-03-25,10937.934768943915,100.09861755371094
2011-03-28,10974.006863531182,99.85467529296875
2011-03-29,11055.465148458265,100.52555847167969
2011-03-30,11096.563697961239,101.21932983398438
2011-03-31,11170.568993103274,101.08204650878906
2011-04-01,11172.300516269841,101.50899505615234
2011-04-04,11176.192973804124,101.59286499023438
2011-04-05,11187.923924225895,101.57764434814453
2011-04-06,11211.173831244372,101.89779663085938
2011-04-07,11278.739454192015,101.63858032226562
2011-04-08,11186.818291293563,101.28791046142578
2011-04-11,11161.446577211955,100.98297119140625
2011-04-12,11125.160164354485,100.22821807861328
2011-04-13,11181.017204802432,100.22061157226562
2011-04-14,11187.88574935569,100.2968521118164
2011-04-15,11154.073475978563,100.66277313232422
2011-04-18,11027.236162901067,99.53447723388672
2011-04-19,11095.71273592695,100.10624694824219
2011-04-20,11250.142845367756,101.47088623046875
2011-04-21,11360.200998381351,101.98929595947266
2011-04-25,11353.262199031,101.8825454711914
2011-04-26,11445.961291385564,102.75926208496094
2011-04-27,11568.225792086054,103.43017578125
2011-04-28,11607.938494455153,103.76558685302734
2011-04-29,11635.883778414749,104.00955200195312
2011-05-02,11645.847128117863,103.84944152832031
2011-05-03,11633.993676479164,103.4759292602539
2011-05-04,11627.64672769268,102.78977966308594
2011-05-05,11526.091134257429,101.85969543457031
2011-05-06,11588.864181380355,102.30950164794922
2011-05-09,11675.385569376878,102.70591735839844
2011-05-10,11746.637020995775,103.58262634277344
2011-05-11,11659.19779428511,102.49246978759766
2011-05-12,11755.079380703251,102.9803695678711
2011-05-13,11571.54380502097,102.18753051757812
2011-05-16,11431.78762650989,101.53950500488281
2011-05-17,11480.779762725457,101.52426147460938
2011-05-18,11537.698246023929,102.43148040771484
2011-05-19,11597.352303858122,102.6754150390625
2011-05-20,11490.043230691706,101.85969543457031
2011-05-23,11362.96905627839,100.67799377441406
2011-05-24,11312.026422247836,100.59415435791016
2011-05-25,11418.16608301739,100.9295883178711
2011-05-26,11489.329164778184,101.39463806152344
2011-05-27,11574.858263667904,101.7834701538086
2011-05-31,11737.458241177797,102.84315490722656
2011-06-01,11478.001813706338,100.533203125
2011-06-02,11499.48653601965,100.42645263671875
2011-06-03,11407.965056833842,99.42774200439453
2011-06-06,11264.732503095578,98.37568664550781
2011-06-07,11260.862964211095,98.31466674804688
2011-06-08,11152.456000743972,97.90303039550781
2011-06-09,11229.717281004494,98.65010833740234
2011-06-10,11085.54492586312,97.27786254882812
2011-06-13,11117.476279535495,97.35408782958984
2011-06-14,11249.90102640403,98.58915710449219
2011-06-15,11048.372555235428,96.83570098876953
2011-06-16,11008.457135801207,97.0491714477539
2011-06-17,10992.449057799322,97.33875274658203
2011-06-20,11011.728370338313,97.83673858642578
2011-06-21,11194.05459845091,99.17750549316406
2011-06-22,11100.593324720658,98.57994079589844
2011-06-23,11154.909246578714,98.29645538330078
2011-06-24,11011.309311897783,97.15489196777344
2011-06-27,11104.206879832765,98.02062225341797
2011-06-28,11240.61129429605,99.30008697509766
2011-06-29,11493.81707471246,100.15054321289062
2011-06-30,11542.400872389962,101.10819244384766
2011-07-01,11763.564618052062,102.60216522216797
2011-07-05,11788.106267735851,102.51789855957031
2011-07-06,11790.671186629414,102.64053344726562
2011-07-07,11940.092256815464,103.70541381835938
2011-07-08,11842.055652193363,102.96993255615234
2011-07-11,11651.528030240945,101.10819244384766
2011-07-12,11621.086021423713,100.6715087890625
2011-07-13,11695.858995093162,101.00859832763672
2011-07-14,11611.451102030542,100.31139373779297
2011-07-15,11735.12069441791,100.89368438720703
2011-07-18,11688.744576321451,100.06626892089844
2011-07-19,11842.773930660565,101.69047546386719
2011-07-20,11846.215220917411,101.6291732788086
2011-07-21,11947.805772871528,103.03888702392578
2011-07-22,12062.916131449372,103.10784912109375
2011-07-25,11991.72786254124,102.53324890136719
2011-07-26,11945.752222112991,102.15019226074219
2011-07-27,11752.386552043123,100.05860137939453
2011-07-28,11769.29438818336,99.76747131347656
2011-07-29,11690.787929423499,99.08560180664062
2011-08-01,11712.207439573609,98.6642074584961
2011-08-02,11443.402644715528,96.14358520507812
2011-08-03,11618.251242426384,96.66456604003906
2011-08-04,11124.313612636928,92.13663482666016
2011-08-05,11086.469277593551,91.99874877929688
2011-08-08,10485.12096693572,86.00749206542969
2011-08-09,11031.08696765433,90.00675964355469
2011-08-10,10536.216922316333,86.03045654296875
2011-08-11,11035.279959116659,89.89183044433594
2011-08-12,11073.533993129833,90.49707794189453
2011-08-15,11242.661316905234,92.41246795654297
2011-08-16,11205.807765937276,91.62330627441406
2011-08-17,11143.356211637472,91.68462371826172
2011-08-18,10717.525429470414,87.73129272460938
2011-08-19,10532.245694137811,86.2986068725586
2011-08-22,10557.36795713859,86.36754608154297
2011-08-23,11008.759208093777,89.20994567871094
2011-08-24,11154.698402199454,90.4664535522461
2011-08-25,10989.065571130965,89.08736419677734
2011-08-26,11171.022234559861,90.38216400146484
2011-08-29,11383.92344005756,92.97940826416016
2011-08-30,11440.327891618545,93.22454071044922
2011-08-31,11458.686677286049,93.63829040527344
2011-09-01,11331.693763308425,92.65762329101562
2011-09-02,11085.658112905252,90.29022216796875
2011-09-06,11102.372186305956,89.63134002685547
2011-09-07,11402.203393497679,92.15962219238281
2011-09-08,11334.93178083679,91.20193481445312
2011-09-09,11068.7661104764,88.8115463256836
2011-09-12,11167.477770893558,89.38617706298828
2011-09-13,11300.426366690408,90.2059555053711
2011-09-14,11480.684988994211,91.45478820800781
2011-09-15,11682.74191931384,93.03302001953125
2011-09-16,11815.048671621465,93.58365631103516
2011-09-19,11779.004887431101,92.6518325805664
2011-09-20,11777.034153087772,92.54402923583984
2011-09-21,11529.165790946,89.81781005859375
2011-09-22,11195.242030478035,86.91453552246094
2011-09-23,11312.534115774775,87.43821716308594
2011-09-26,11440.003239256415,89.5174560546875
2011-09-27,11479.748910582772,90.51864624023438
2011-09-28,11290.847377120217,88.6703872680664
2011-09-29,11243.303021560481,89.37117004394531
2011-09-30,11028.468534325035,87.1378173828125
2011-10-03,10740.314482607391,84.65808868408203
2011-10-04,10926.900180180677,86.51404571533203
2011-10-05,11137.663637113405,88.11589813232422
2011-10-06,11357.291926569878,89.70999908447266
2011-10-07,11337.965403668553,89.10933685302734
2011-10-10,11718.810055330954,92.08966827392578
2011-10-11,11763.025500761663,92.18206024169922
2011-10-12,11821.371557482076,92.99066162109375
2011-10-13,11891.819847957628,92.80586242675781
2011-10-14,12106.620671623476,94.39228820800781
2011-10-17,11880.606550393724,92.5902099609375
2011-10-18,12103.593908193181,94.39996337890625
2011-10-19,11849.898590041106,93.28330993652344
2011-10-20,11855.913648652824,93.69149017333984
2011-10-21,12024.508261827661,95.47042846679688
2011-10-24,12192.383203287678,96.64098358154297
2011-10-25,11922.45223837992,94.76192474365234
2011-10-26,11896.85661228135,95.72457885742188
2011-10-27,12232.770798653206,99.05915832519531
2011-10-28,12286.596855057143,99.0360336303711
2011-10-31,12043.574512564344,96.64868927001953
2011-11-01,11728.85381632845,93.95331573486328
2011-11-02,11855.270548459323,95.4858169555664
2011-11-03,12171.010311304492,97.22625732421875
2011-11-04,12106.647671426828,96.63329315185547
2011-11-07,12154.894538968774,97.2339859008789
2011-11-08,12341.069985916669,98.48157501220703
2011-11-09,11980.145179972193,94.84664154052734
2011-11-10,12012.938533790939,95.73995208740234
2011-11-11,12315.904276229121,97.5420150756836
2011-11-14,12224.551864464469,96.6178970336914
2011-11-15,12291.364506762755,97.0953598022461
2011-11-16,12113.590186026624,95.55513763427734
2011-11-17,11895.831850448105,94.03802490234375
2011-11-18,11822.070028254871,93.93789672851562
2011-11-21,11672.30829556149,92.15123748779297
2011-11-22,11722.74383730893,91.7893295288086
2011-11-23,11494.288837532458,89.763916015625
2011-11-25,11428.48742205318,89.59449005126953
2011-11-28,11800.430425475226,92.18973541259766
2011-11-29,11803.39810994488,92.45159149169922
2011-11-30,12221.452687293022,96.25592041015625
2011-12-01,12264.953696191094,96.24053955078125
2011-12-02,12324.241154250944,96.15585327148438
2011-12-05,12398.061605256307,97.20317840576172
2011-12-06,12367.85884603901,97.2339859008789
2011-12-07,12436.025059915091,97.595947265625
2011-12-08,12130.232293360405,95.45503234863281
2011-12-09,12289.998907739262,97.07225799560547
2011-12-12,12131.837644908544,95.65524291992188
2011-12-13,11988.355913872654,94.76192474365234
2011-12-14,11862.002448837555,93.75308990478516
2011-12-15,11898.259269860764,94.0919418334961
2011-12-16,11977.75877055978,94.23139953613281
2011-12-19,11866.937128684696,93.2239761352539
2011-12-20,12190.601884218417,96.044921875
2011-12-21,12137.862497031641,96.23090362548828
2011-12-22,12245.501164723575,97.08340454101562
2011-12-23,12336.471261237284,97.9513931274414
2011-12-27,12339.771981773849,98.02886962890625
2011-12-28,12228.260407779864,96.74239349365234
2011-12-29,12355.236243108793,97.74214172363281
2011-12-30,12292.314970537222,97.26167297363281
2012-01-03,12456.075454618349,98.8116683959961
2012-01-04,12449.757395789315,98.96661376953125
2012-01-05,12490.888496179015,99.2301254272461
2012-01-06,12451.75441713229,98.97439575195312
2012-01-09,12403.544892849259,99.21464538574219
2012-01-10,12449.027312470384,100.07488250732422
2012-01-11,12439.62099644961,100.12909698486328
2012-01-12,12464.489278850831,100.369384765625
2012-01-13,12239.30994107813,99.85014343261719
2012-01-17,12407.320217844488,100.23761749267578
2012-01-18,12590.811240152067,101.34586334228516
2012-01-19,12623.363265071626,101.88062286376953
2012-01-20,12518.525925200363,102.26034545898438
2012-01-23,12530.713828814298,101.99687957763672
2012-01-24,12545.107913720658,101.88062286376953
2012-01-25,12637.993496982088,102.73311614990234
2012-01-26,12638.157591367051,102.20613861083984
2012-01-27,12677.113370838175,102.15960693359375
2012-01-30,12675.380423778102,101.81085968017578
2012-01-31,12702.163942482,101.77210998535156
2012-02-01,12753.334371331282,102.66336059570312
2012-02-02,12893.456556693412,102.82611083984375
2012-02-03,13034.170797442119,104.2676010131836
2012-02-06,13059.086046410115,104.19782257080078
2012-02-07,13083.875972479189,104.46134948730469
2012-02-08,13186.876224148831,104.77132415771484
2012-02-09,13296.596695881713,104.9030532836914
2012-02-10,13215.878464848991,104.12810516357422
2012-02-13,13330.39640664086,104.9030532836914
2012-02-14,13426.076935668856,104.77132415771484
2012-02-15,13344.71130153449,104.28311157226562
2012-02-16,13444.672967692897,105.43781280517578
2012-02-17,13484.063013817664,105.7168197631836
2012-02-21,13495.039152549722,105.76335906982422
2012-02-22,13450.382896068737,105.42237091064453
2012-02-23,13508.321064150075,105.88732147216797
2012-02-24,13544.589532102416,106.11979675292969
2012-02-27,13543.41657751698,106.29806518554688
2012-02-28,13671.319562830227,106.6080551147461
2012-02-29,13621.923566429723,106.18956756591797
2012-03-01,13710.22847946108,106.73981475830078
2012-03-02,13675.190870397391,106.41435241699219
2012-03-05,13596.815137097325,105.98033905029297
2012-03-06,13442.031000928146,104.43030548095703
2012-03-07,13529.915777281263,105.15884399414062
2012-03-08,13667.449440555794,106.20509338378906
2012-03-09,13728.269420299694,106.61585235595703
2012-03-12,13777.338871823596,106.6235580444336
2012-03-13,13982.708900748974,108.54557037353516
2012-03-14,13977.723844080747,108.42928314208984
2012-03-15,14009.435650754975,109.05704498291016
2012-03-16,13999.324655306917,109.20807647705078
2012-03-19,14069.76010241428,109.63616180419922
2012-03-20,14039.389866890177,109.3170166015625
2012-03-21,14029.688215973414,109.13799285888672
2012-03-22,13999.20541186856,108.35183715820312
2012-03-23,14031.951512672422,108.70208740234375
2012-03-26,14343.451187567078,110.22775268554688
2012-03-27,14366.451081323064,109.8852767944336
2012-03-28,14377.583378457686,109.34039306640625
2012-03-29,14369.712621924633,109.15359497070312
2012-03-30,14360.570832406376,109.60502624511719
2012-04-02,14414.254633338953,110.4067611694336
2012-04-03,14443.419590390917,109.95532989501953
2012-04-04,14187.939736418955,108.86556243896484
2012-04-05,14253.472048648417,108.81107330322266
2012-04-09,14116.307705535968,107.5890121459961
2012-04-10,13879.28986173222,105.78315734863281
2012-04-11,13976.178467041522,106.63937377929688
2012-04-12,14145.697888213665,108.03266143798828
2012-04-13,14005.17295958916,106.74830627441406
2012-04-16,13881.366616458687,106.67832946777344
2012-04-17,14049.063948490251,108.25841522216797
2012-04-18,13995.664202099391,107.89259338378906
2012-04-19,13945.520190827501,107.1998062133789
2012-04-20,13981.314228897892,107.37885284423828
2012-04-23,13793.022319574804,106.47594451904297
2012-04-24,13747.161535573106,106.88069152832031
2012-04-25,14003.397983039731,108.34404754638672
2012-04-26,14099.655623355411,109.09913635253906
2012-04-27,14194.94074863128,109.27806854248047
2012-04-30,14101.400894828403,108.87332916259766
2012-05-01,14179.907414886758,109.55056762695312
2012-05-02,14139.782726115931,109.22364807128906
2012-05-03,13989.29662469211,108.3907470703125
2012-05-04,13777.036707163423,106.63937377929688
2012-05-07,13832.627168855952,106.71723937988281
2012-05-08,13733.84934085574,106.28913116455078
2012-05-09,13656.82864867629,105.65865325927734
2012-05-10,13794.380484776997,105.87655639648438
2012-05-11,13724.355785569349,105.55740356445312
2012-05-14,13523.562014105144,104.38985443115234
2012-05-15,13481.722637484949,103.79046630859375
2012-05-16,13451.587817884463,103.39347076416016
2012-05-17,13274.925197781766,101.86004638671875
2012-05-18,13084.460784675173,100.98824310302734
2012-05-21,13337.062813424156,102.72408294677734
2012-05-22,13425.206270276112,102.90310668945312
2012-05-23,13499.986323389812,102.95758819580078
2012-05-24,13485.425411951279,103.16000366210938
2012-05-25,13413.718115002544,102.82524871826172
2012-05-29,13577.278064752316,104.07071685791016
2012-05-30,13427.92596077389,102.56060791015625
2012-05-31,13360.85784678482,102.33488464355469
2012-06-01,13048.405456306054,99.7584228515625
2012-06-04,13121.25277140854,99.71172332763672
2012-06-05,13167.955548724125,100.46674346923828
2012-06-06,13468.136115769721,102.72408294677734
2012-06-07,13436.287797735678,102.78634643554688
2012-06-08,13606.609229658674,103.60367584228516
2012-06-11,13435.75633398113,102.28820037841797
2012-06-12,13565.884562844381,103.46354675292969
2012-06-13,13481.903776518251,102.80193328857422
2012-06-14,13585.802627742463,103.89164733886719
2012-06-15,13709.215475443107,104.95417022705078
2012-06-18,13838.899072008595,105.15760803222656
2012-06-19,14015.903248342223,106.17478942871094
2012-06-20,14081.6170782549,106.0026626586914
2012-06-21,13773.675929613004,103.62407684326172
2012-06-22,13989.076327015675,104.42215728759766
2012-06-25,13778.680366819563,102.74774169921875
2012-06-26,13852.905538930872,103.26417541503906
2012-06-27,13950.825984599549,104.19525909423828
2012-06-28,13842.911856417297,103.89794921875
2012-06-29,14076.71714859335,106.48773193359375
2012-07-02,14067.412622394733,106.80855560302734
2012-07-03,14103.58357945241,107.51274871826172
2012-07-05,14124.713390225508,107.02762603759766
2012-07-06,14025.033473124995,106.01045227050781
2012-07-09,14017.717380427288,105.87749481201172
2012-07-10,13915.517194185522,104.95417022705078
2012-07-11,13857.666863869017,104.96980285644531
2012-07-12,13852.732435363116,104.46128845214844
2012-07-13,14104.760543613025,106.21390533447266
2012-07-16,14143.664001132878,105.96353912353516
2012-07-17,14080.964858187082,106.69116973876953
2012-07-18,14135.072949909125,107.48143005371094
2012-07-19,14136.92081583343,107.76309204101562
2012-07-20,14075.522758990352,106.7772445678711
2012-07-23,13986.237556321996,105.69752502441406
2012-07-24,13897.557044883188,104.78987884521484
2012-07-25,13786.878121712092,104.81334686279297
2012-07-26,13941.113086228477,106.5425033569336
2012-07-27,14283.660286579014,108.50641632080078
2012-07-30,14208.330029715125,108.50641632080078
2012-07-31,14134.357000382168,107.74747467041016
2012-08-01,14019.789359521525,107.6535415649414
2012-08-02,13964.463014213854,106.9102783203125
2012-08-03,14194.059332459776,109.0306167602539
2012-08-06,14238.736275169742,109.2418441772461
2012-08-07,14356.158790444873,109.78960418701172
2012-08-08,14375.080584571146,109.92255401611328
2012-08-09,14393.317451486077,110.0164566040039
2012-08-10,14401.391950418449,110.1964111328125
2012-08-13,14470.909367706015,110.14167785644531
2012-08-14,14488.244122915139,110.1573486328125
2012-08-15,14508.502160309044,110.28247833251953
2012-08-16,14621.518376478967,111.0961685180664
2012-08-17,14612.64329085957,111.24484252929688
2012-08-20,14617.743682119737,111.25267028808594
2012-08-21,14570.335040158478,110.91622924804688
2012-08-22,14651.744820764488,110.96321868896484
2012-08-23,14589.63599395604,110.0555648803711
2012-08-24,14637.263146229714,110.72067260742188
2012-08-27,14603.54278857022,110.74412536621094
2012-08-28,14622.43532581686,110.63457489013672
2012-08-29,14658.932277262913,110.72067260742188
2012-08-30,14558.956179868925,109.92255401611328
2012-08-31,14622.15243677971,110.44678497314453
2012-09-04,14572.764639950477,110.3450698852539
2012-09-05,14535.789114714058,110.2512435913086
2012-09-06,14818.053314680501,112.48888397216797
2012-09-07,14865.602276566078,112.9271011352539
2012-09-10,14708.02808318291,112.28547668457031
2012-09-11,14743.284675524203,112.59846496582031
2012-09-12,14817.062701128725,112.97405242919922
2012-09-13,15074.55811669131,114.69536590576172
2012-09-14,15155.856943548763,115.20392608642578
2012-09-17,15167.479297896258,114.81267547607422
2012-09-18,15167.980314190569,114.71881103515625
2012-09-19,15215.858603930621,114.78138732910156
2012-09-20,15220.24590758217,114.78921508789062
2012-09-21,15211.247407862445,114.74121856689453
2012-09-24,15212.016260377266,114.56819915771484
2012-09-25,15039.605790661983,113.34901428222656
2012-09-26,14934.385360548984,112.71179962158203
2012-09-27,15080.594341346921,113.77376556396484
2012-09-28,15049.963635835038,113.24671936035156
2012-10-01,15082.418360381185,113.54562377929688
2012-10-02,15098.774484670213,113.66361999511719
2012-10-03,15198.28222543524,114.12769317626953
2012-10-04,15342.308760053367,114.94574737548828
2012-10-05,15244.63548792619,114.9536361694336
2012-10-08,15147.023560268199,114.56036376953125
2012-10-09,14928.13960577984,113.4276123046875
2012-10-10,14848.956851076548,112.7039794921875
2012-10-11,14871.533940793784,112.76689910888672
2012-10-12,14823.320763203985,112.3971939086914
2012-10-15,14938.20437591425,113.333251953125
2012-10-16,15049.801320789813,114.4816665649414
2012-10-17,15171.214832259,115.00081634521484
2012-10-18,14972.641785578147,114.70197296142578
2012-10-19,14723.399115233522,112.79048919677734
2012-10-22,14713.995002005464,112.80624389648438
2012-10-23,14640.279478985667,111.24089050292969
2012-10-24,14729.24552774181,110.92625427246094
2012-10-25,14698.66661056815,111.24872589111328
2012-10-26,14686.587661757934,111.18585205078125
2012-10-31,14706.917018259643,111.18585205078125
2012-11-01,14936.968662855066,112.3499984741211
2012-11-02,14840.307413871966,111.35099792480469
2012-11-05,14951.413143877106,111.57913208007812
2012-11-06,15035.540702238077,112.45226287841797
2012-11-07,14723.604731219768,109.9036865234375
2012-11-08,14541.611518395019,108.58219146728516
2012-11-09,14472.476233862844,108.67655944824219
2012-11-12,14498.31766719004,108.76312255859375
2012-11-13,14466.68752591235,108.38558959960938
2012-11-14,14395.274227111833,106.92247772216797
2012-11-15,14277.046457371322,106.74153900146484
2012-11-16,14440.187179912875,107.26858520507812
2012-11-19,14728.178842025074,109.43958282470703
2012-11-20,14767.808759088304,109.4867935180664
2012-11-21,14869.17020673074,109.69129943847656
2012-11-23,14984.094723183287,111.18585205078125
2012-11-26,15079.571703872116,110.94989013671875
2012-11-27,15035.848997565654,110.38351440429688
2012-11-28,15182.013904000656,111.27238464355469
2012-11-29,15295.707962898043,111.79154968261719
2012-11-30,15375.217659775415,111.81510925292969
2012-12-03,15283.281005069044,111.26447296142578
2012-12-04,15260.412158087029,111.107177734375
2012-12-05,15220.943845484531,111.30382537841797
2012-12-06,15238.271620298123,111.681396484375
2012-12-07,15276.134934788532,112.0196762084961
2012-12-10,15311.154105840456,112.06682586669922
2012-12-11,15439.039819998978,112.829833984375
2012-12-12,15391.417076827991,112.88487243652344
2012-12-13,15314.566740567467,112.1927261352539
2012-12-14,15185.807118061377,111.7757797241211
2012-12-17,15350.378756269058,113.08940124511719
2012-12-18,15505.536372128994,114.34797668457031
2012-12-19,15385.993039084007,113.49844360351562
2012-12-20,15503.360230106131,114.15129852294922
2012-12-21,15296.392030014902,113.1151351928711
2012-12-24,15312.875707159777,112.76659393310547
2012-12-26,15151.59570256865,112.29126739501953
2012-12-27,15126.758683141223,112.14075469970703
2012-12-28,14985.807179375233,110.92874145507812
2012-12-31,15235.815875682161,112.81416320800781
2013-01-02,15657.956259813174,115.70552825927734
2013-01-03,15548.33810441637,115.44415283203125
2013-01-04,15631.96078031622,115.95116424560547
2013-01-07,15652.264829891235,115.63427734375
2013-01-08,15586.464558382051,115.30155181884766
2013-01-09,15690.757112912966,115.59465026855469
2013-01-10,15744.777948878394,116.51358795166016
2013-01-11,15765.604685697997,116.50569915771484
2013-01-14,15709.104862783835,116.42642974853516
2013-01-15,15697.180472788492,116.50569915771484
2013-01-16,15714.574077487736,116.48982238769531
2013-01-17,15781.187571292634,117.24237823486328
2013-01-18,15763.645822364277,117.5038070678711
2013-01-22,15846.106851618833,118.13751983642578
2013-01-23,15957.983698334956,118.32765197753906
2013-01-24,15984.492648472311,118.35936737060547
2013-01-25,16115.127947550738,119.02483367919922
2013-01-28,16131.229474211317,118.88224792480469
2013-01-29,16065.128515571214,119.34963989257812
2013-01-30,16084.943206145694,118.88224792480469
2013-01-31,16028.784197832727,118.58906555175781
2013-02-01,16117.301225087314,119.80902099609375
2013-02-04,15881.531313940095,118.46236419677734
2013-02-05,16125.979729917914,119.65857696533203
2013-02-06,16176.51271776887,119.74566650390625
2013-02-07,16122.064645391647,119.58721923828125
2013-02-08,16212.543060639444,120.25265502929688
2013-02-11,16145.792657149897,120.22887420654297
2013-02-12,16110.34361698083,120.42694854736328
2013-02-13,16182.028593586789,120.52991485595703
2013-02-14,16251.377560098934,120.64079284667969
2013-02-15,16182.196810580468,120.49827575683594
2013-02-19,16317.515448489128,121.40135955810547
2013-02-20,16105.937881987962,119.88825225830078
2013-02-21,15943.863379818129,119.15946960449219
2013-02-22,16048.810433015895,120.3239517211914
2013-02-25,15772.280066938096,118.03459167480469
2013-02-26,15874.269517044797,118.84259033203125
2013-02-27,16045.44426189349,120.33983612060547
2013-02-28,16020.45638738704,120.10221099853516
2013-03-01,16074.857494409434,120.49827575683594
2013-03-04,16206.72482448512,121.13990020751953
2013-03-05,16350.123696458657,122.22518920898438
2013-03-06,16356.338088928758,122.39161682128906
2013-03-07,16430.817739968203,122.61336517333984
2013-03-08,16444.24415859262,123.13616180419922
2013-03-11,16481.904470907335,123.60359954833984
2013-03-12,16451.30965655546,123.32633972167969
2013-03-13,16416.392011962438,123.50056457519531
2013-03-14,16359.771165156462,124.1580810546875
2013-03-15,16181.600458662888,123.99420928955078
2013-03-18,16134.796547447331,123.30992126464844
2013-03-19,16112.432818619169,123.02342987060547
2013-03-20,16188.526914186945,123.8828353881836
2013-03-21,16099.762471270542,122.82450103759766
2013-03-22,16217.40629807085,123.81122589111328
2013-03-25,16237.505143079508,123.29401397705078
2013-03-26,16383.08832654024,124.28062438964844
2013-03-27,16444.142773168078,124.28062438964844
2013-03-28,16445.43634679677,124.66260528564453
2013-04-01,16593.87861254968,124.16924285888672
2013-04-02,16751.357734531448,124.781982421875
2013-04-03,16565.381740916735,123.51683044433594
2013-04-04,16657.658761717626,124.01806640625
2013-04-05,16614.51528219825,123.46105194091797
2013-04-08,16661.69186504145,124.29658508300781
2013-04-09,16681.804152672983,124.72625732421875
2013-04-10,16909.848855672568,126.25399017333984
2013-04-11,16980.770206788588,126.66775512695312
2013-04-12,16997.03917318376,126.35743713378906
2013-04-15,16724.0687831546,123.4292221069336
2013-04-16,16981.880445021936,125.25145721435547
2013-04-17,16767.367439704165,123.42133331298828
2013-04-18,16582.59650958053,122.64945983886719
2013-04-19,16807.510881135066,123.71575927734375
2013-04-22,16933.15818639311,124.26469421386719
2013-04-23,17094.347169035256,125.54581451416016
2013-04-24,17098.491656796185,125.62535095214844
2013-04-25,17228.027835718465,126.13461303710938
2013-04-26,17157.953779428753,125.91184997558594
2013-04-29,17368.249355923293,126.7552490234375
2013-04-30,17464.700554702067,127.05762481689453
2013-05-01,17289.389090925684,125.94367218017578
2013-05-02,17550.0887286544,127.11331176757812
2013-05-03,17665.21832606372,128.40237426757812
2013-05-06,17822.00415013234,128.72860717773438
2013-05-07,17715.209907197466,129.38113403320312
2013-05-08,17840.69819259249,129.96994018554688
2013-05-09,18125.89277395221,129.6038818359375
2013-05-10,18412.164273704955,130.0255889892578
2013-05-13,18698.117072426598,130.1290740966797
2013-05-14,18718.199303480815,131.47384643554688
2013-05-15,18854.674517814794,132.1819305419922
2013-05-16,18952.896768993738,131.5613555908203
2013-05-17,19118.28397837767,132.83447265625
2013-05-20,19031.265433574477,132.82650756835938
2013-05-21,19026.89044913337,133.01744079589844
2013-05-22,18891.56489414653,132.03074645996094
2013-05-23,18950.130627325383,131.6488494873047
2013-05-24,19099.109008166324,131.53746032714844
2013-05-28,19533.108594168094,132.32521057128906
2013-05-29,19243.12493431553,131.46578979492188
2013-05-30,19412.5348059439,131.95126342773438
2013-05-31,19039.61253025962,130.05747985839844
2013-06-03,18970.17973324161,130.7736053466797
2013-06-04,18898.062782423083,130.14495849609375
2013-06-05,18729.1182832661,128.32281494140625
2013-06-06,18878.639792624228,129.48448181152344
2013-06-07,19204.506285391253,131.13165283203125
2013-06-10,19228.534923091836,131.13165283203125
2013-06-11,18931.80182553095,129.77894592285156
2013-06-12,18900.434421500875,128.7047576904297
2013-06-13,19076.949864749982,130.6621856689453
2013-06-14,19036.34368631736,129.8425750732422
2013-06-17,19236.17819955502,130.8451690673828
2013-06-18,19390.651070410648,131.8795623779297
2013-06-19,19306.197145328977,130.05747985839844
2013-06-20,18836.29421740387,126.83485412597656
2013-06-21,18851.08273792116,127.24201965332031
2013-06-24,18788.617835876805,125.63418579101562
2013-06-25,18882.50792079529,126.84208679199219
2013-06-26,19121.46170214936,128.0978546142578
2013-06-27,19285.349485418592,128.849853515625
2013-06-28,19222.57270436484,128.32192993164062
2013-07-01,19567.605901610954,129.07383728027344
2013-07-02,19596.241137607383,128.95379638671875
2013-07-03,19629.87091720267,129.0098114013672
2013-07-05,19821.726936763273,130.4016876220703
2013-07-08,19950.148982922477,131.14553833007812
2013-07-09,20080.369680175143,132.08949279785156
2013-07-10,20092.129660747218,132.137451171875
2013-07-11,20366.719761706045,133.9373016357422
2013-07-12,20469.38773836772,133.99322509765625
2013-07-15,20444.79920747271,134.5052032470703
2013-07-16,20222.640722451284,134.0012664794922
2013-07-17,20331.948069298935,134.34523010253906
2013-07-18,20388.308625366994,135.08116149902344
2013-07-19,20222.861804924676,135.3211212158203
2013-07-22,20349.537828838256,135.5851287841797
2013-07-23,20300.801052663035,135.2970733642578
2013-07-24,20317.83939542804,134.8011932373047
2013-07-25,20657.404372426437,135.12913513183594
2013-07-26,20713.550978427742,135.2731170654297
2013-07-29,20801.785880425225,134.8571014404297
2013-07-30,20889.297794062837,134.8571014404297
2013-07-31,20828.924221189405,134.95315551757812
2013-08-01,21079.960680346227,136.5129852294922
2013-08-02,21215.529348934426,136.74497985839844
2013-08-05,21329.296384764042,136.5449981689453
2013-08-06,21220.48518377595,135.7690887451172
2013-08-07,21079.21392572114,135.3291015625
2013-08-08,21319.90035294963,135.82508850097656
2013-08-09,21184.43451060991,135.43309020996094
2013-08-12,21102.79813555571,135.2731170654297
2013-08-13,21121.374286545466,135.67308044433594
2013-08-14,20987.889958603264,134.97720336914062
2013-08-15,20737.97776783852,133.08935546875
2013-08-16,20772.405813332,132.64942932128906
2013-08-19,20811.519898923,131.801513671875
2013-08-20,20867.370370044235,132.449462890625
2013-08-21,20822.84156514726,131.63356018066406
2013-08-22,21024.779043784078,132.8334197998047
2013-08-23,21270.283628505273,133.2813720703125
2013-08-26,21203.208990485964,132.78536987304688
2013-08-27,20906.160055655702,130.649658203125
2013-08-28,20938.8814835531,131.11361694335938
2013-08-29,21036.608881101598,131.32159423828125
2013-08-30,20991.619352974947,130.90562438964844
2013-09-03,21087.938496281513,131.49758911132812
2013-09-04,21197.079227860013,132.58538818359375
2013-09-05,21234.016960747394,132.7534637451172
2013-09-06,21284.235247922916,132.8173828125
2013-09-09,21400.20043645234,134.0892333984375
2013-09-10,21600.84818927122,135.08116149902344
2013-09-11,21640.778177405162,135.50515747070312
2013-09-12,21628.490163988346,135.1450958251953
2013-09-13,21644.827540750543,135.4491424560547
2013-09-16,21604.858199604976,136.2330322265625
2013-09-17,21773.805525220112,136.8409881591797
2013-09-18,21978.7109262574,138.42474365234375
2013-09-19,22117.89586270455,138.1927947998047
2013-09-20,22170.490224148136,137.2266387939453
2013-09-23,22097.231490111033,136.59158325195312
2013-09-24,22091.023691866816,136.2700653076172
2013-09-25,22045.730209784386,135.87619018554688
2013-09-26,22209.80802176826,136.39869689941406
2013-09-27,22240.347085344314,135.7718048095703
2013-09-30,22104.27319762844,135.0482940673828
2013-10-01,22274.198612978456,136.11741638183594
2013-10-02,22193.50166046086,135.98875427246094
2013-10-03,21942.49739279898,134.7348175048828
2013-10-04,22148.212493516043,135.75567626953125
2013-10-07,21948.700462589,134.58209228515625
2013-10-08,21593.996214577997,133.01466369628906
2013-10-09,21544.820929377405,133.11111450195312
2013-10-10,22050.32488076739,135.98069763183594
2013-10-11,22239.352058526954,136.8568572998047
2013-10-14,22353.80559749315,137.4034423828125
2013-10-15,22279.08785041021,136.40676879882812
2013-10-16,22594.02513232552,138.31179809570312
2013-10-17,22653.78943889238,139.23619079589844
2013-10-18,22996.829687333076,140.17660522460938
2013-10-21,22883.74071350315,140.1846466064453
2013-10-22,22916.751317735485,140.99655151367188
2013-10-23,22743.07431927125,140.3212890625
2013-10-24,22935.076989698257,140.78753662109375
2013-10-25,23049.824452782956,141.43055725097656
2013-10-28,22970.613121378865,141.65565490722656
2013-10-29,23074.679440550397,142.41116333007812
2013-10-30,22988.13748679236,141.70384216308594
2013-10-31,22908.075056545636,141.30191040039062
2013-11-01,22994.468460846463,141.6395263671875
2013-11-04,22998.67500295588,142.13787841796875
2013-11-05,23094.559691995317,141.68775939941406
2013-11-06,23016.593329019906,142.41116333007812
2013-11-07,22598.2471202684,140.61068725585938
2013-11-08,22917.44944015414,142.50767517089844
2013-11-11,22983.084132843727,142.5317840576172
2013-11-12,22895.7908883751,142.24237060546875
2013-11-13,23183.46471343287,143.3837890625
2013-11-14,23353.83423209078,144.0991973876953
2013-11-15,23418.13149550343,144.72621154785156
2013-11-18,23114.871986720424,144.2197723388672
2013-11-19,23112.940608575576,143.9063262939453
2013-11-20,23042.739208683306,143.4561004638672
2013-11-21,23231.682182333043,144.61367797851562
2013-11-22,23281.198409579836,145.3370361328125
2013-11-25,23379.276144560852,145.19239807128906
2013-11-26,23479.72403391321,145.23255920410156
2013-11-27,23652.34317593009,145.5862579345703
2013-11-29,23727.477708920884,145.48983764648438
2013-12-02,23654.784206149936,145.11204528808594
2013-12-03,23754.118597051543,144.4850616455078
2013-12-04,23800.823578838455,144.468994140625
2013-12-05,23643.907619157417,143.83396911621094
2013-12-06,23744.773901505374,145.4415740966797
2013-12-09,23834.322411271074,145.81129455566406
2013-12-10,23850.34986483551,145.28883361816406
2013-12-11,23765.588097831715,143.65713500976562
2013-12-12,23694.037178318435,143.182861328125
2013-12-13,23719.2388865467,143.1668243408203
2013-12-16,23820.572434405483,144.05899047851562
2013-12-17,23828.663824054125,143.600830078125
2013-12-18,24093.196907635025,146.05247497558594
2013-12-19,23969.88822566233,145.88363647460938
2013-12-20,24178.246650805013,146.7322998046875
2013-12-23,24404.34834534376,147.5161895751953
2013-12-24,24465.950221807718,147.83950805664062
2013-12-26,24599.0952290757,148.59103393554688
2013-12-27,24471.003038268136,148.5830078125
2013-12-30,24422.963740681378,148.55870056152344
2013-12-31,24537.563243414173,149.2618408203125
2014-01-02,24413.689946134902,147.83132934570312
2014-01-03,24343.43492249026,147.80711364746094
2014-01-06,24357.23160031477,147.3788299560547
2014-01-07,24607.679643747935,148.2840118408203
2014-01-08,24631.286143620957,148.3162384033203
2014-01-09,24479.21883729942,148.4132843017578
2014-01-10,24422.33624740547,148.81732177734375
2014-01-13,24037.14840722536,146.8373260498047
2014-01-14,24589.89008258824,148.4375
2014-01-15,24772.567793667968,149.237548828125
2014-01-16,24755.05208229757,149.04364013671875
2014-01-17,24666.703524711007,148.4132843017578
2014-01-21,24857.772056459686,148.8496856689453
2014-01-22,24842.877596611084,148.9467010498047
2014-01-23,24692.524044812017,147.72630310058594
2014-01-24,24164.393537687134,144.57443237304688
2014-01-27,23896.199390234975,143.86325073242188
2014-01-28,24125.09517102031,144.719970703125
2014-01-29,23799.744215057017,143.32981872558594
2014-01-30,24380.05468403678,144.8491973876953
2014-01-31,24164.174320258386,144.0006103515625
2014-02-03,23653.75503532847,140.75982666015625
2014-02-04,23756.668901332443,141.74575805664062
2014-02-05,23712.786807447676,141.56802368164062
2014-02-06,24008.781706239515,143.4349365234375
2014-02-07,24389.908356693024,145.21292114257812
2014-02-10,24502.540639943767,145.47958374023438
2014-02-11,24764.961409426745,147.0717010498047
2014-02-12,24739.325612977027,147.14443969726562
2014-02-13,25074.481283311103,147.90406799316406
2014-02-14,25247.515650853,148.72039794921875
2014-02-18,25280.21357982509,148.898193359375
2014-02-19,25049.96075873615,147.9121856689453
2014-02-20,25331.780138916165,148.78500366210938
2014-02-21,25261.483002118355,148.61529541015625
2014-02-24,25549.334146393834,149.43960571289062
2014-02-25,25899.1855765447,149.38304138183594
2014-02-26,25972.804902717973,149.39114379882812
2014-02-27,26002.602616013573,150.1750946044922
2014-02-28,25965.956326506268,150.55491638183594
2014-03-03,25821.989931233034,149.49624633789062
2014-03-04,26204.43553110467,151.59750366210938
2014-03-05,26272.654166264714,151.73486328125
2014-03-06,26237.331576629873,152.08236694335938
2014-03-07,26160.863245336994,152.1470489501953
2014-03-10,26095.697437766874,152.0662078857422
2014-03-11,26012.868473441584,151.3146209716797
2014-03-12,26148.530948219635,151.3550567626953
2014-03-13,25774.858629656952,149.65780639648438
2014-03-14,25576.33282277999,149.237548828125
2014-03-17,25837.953167930722,150.58729553222656
2014-03-18,26166.862366084253,151.6621856689453
2014-03-19,26056.87034920535,150.8539581298828
2014-03-20,26127.93417790105,151.73486328125
2014-03-21,26025.550896988196,151.14627075195312
2014-03-24,25837.57312736679,150.52130126953125
2014-03-25,25868.354459628517,151.23565673828125
2014-03-26,25382.718626782982,150.14791870117188
2014-03-27,25227.921761325946,149.8313446044922
2014-03-28,25302.45978762614,150.57008361816406
2014-03-31,25412.471539331294,151.80381774902344
2014-04-01,25728.243954427217,152.81045532226562
2014-04-02,25839.952381916082,153.3218231201172
2014-04-03,25694.544203244808,153.11886596679688
2014-04-04,25102.403130785067,151.30865478515625
2014-04-07,24901.535524375322,149.636474609375
2014-04-08,25170.110902985132,150.25343322753906
2014-04-09,25530.15193856423,151.86874389648438
2014-04-10,24834.853216607327,148.67869567871094
2014-04-11,24515.009950692114,147.3392791748047
2014-04-14,24660.47283968046,148.5000457763672
2014-04-15,24739.864797557177,149.52284240722656
2014-04-16,25006.975641459,151.0895538330078
2014-04-17,24899.475844367706,151.30059814453125
2014-04-21,25075.29839526822,151.82818603515625
2014-04-22,25348.360938389265,152.5181884765625
2014-04-23,25106.289740865694,152.16102600097656
2014-04-24,25393.130121089333,152.4695281982422
2014-04-25,24844.313268662336,151.21939086914062
2014-04-28,24993.212187572615,151.6983184814453
2014-04-29,25154.04245981292,152.40457153320312
2014-04-30,25220.000965727373,152.85914611816406
2014-05-01,25290.915675043994,152.87533569335938
2014-05-02,25194.745891964852,152.65623474121094
2014-05-05,25298.32710326507,152.94845581054688
2014-05-06,24870.340218516096,151.61715698242188
2014-05-07,24920.272628789255,152.51014709472656
2014-05-08,24763.84670540707,152.3477325439453
2014-05-09,24819.260933110945,152.5749969482422
2014-05-12,25121.46975175294,154.06045532226562
2014-05-13,25175.082807857976,154.19854736328125
2014-05-14,24991.61868540931,153.46795654296875
2014-05-15,24721.897389319383,152.12042236328125
2014-05-16,24842.39348228363,152.64805603027344
2014-05-19,25007.69512452779,153.2081756591797
2014-05-20,24956.30053304599,152.24221801757812
2014-05-21,25235.440827364728,153.52474975585938
2014-05-22,25338.89022008332,153.89817810058594
2014-05-23,25529.614026818188,154.51510620117188
2014-05-27,25772.102069438482,155.46485900878906
2014-05-28,25728.699762924018,155.35116577148438
2014-05-29,25855.892502983424,156.15480041503906
2014-05-30,25882.180132277063,156.4064483642578
2014-06-02,25799.750932055533,156.58497619628906
2014-06-03,25743.39987169527,156.5038299560547
2014-06-04,25795.221759293217,156.82041931152344
2014-06-05,26012.909030373805,157.84323120117188
2014-06-06,26077.56191606887,158.59815979003906
2014-06-09,26085.299886224573,158.76046752929688
2014-06-10,26217.27687057117,158.77670288085938
2014-06-11,26167.752567776977,158.22474670410156
2014-06-12,25916.562619283497,157.1045379638672
2014-06-13,25930.782830324577,157.58351135253906
2014-06-16,26034.351135988836,157.7133026123047
2014-06-17,26124.306004756072,158.15170288085938
2014-06-18,26274.780371295277,159.3125
2014-06-19,26186.85609346102,159.49105834960938
2014-06-20,26182.984546535736,159.81484985351562
2014-06-23,26314.475195339546,159.76593017578125
2014-06-24,26144.114303697108,158.80349731445312
2014-06-25,26363.845422053517,159.521240234375
2014-06-26,26271.254598024316,159.4070587158203
2014-06-27,26386.30031462094,159.71701049804688
2014-06-30,26381.372224674364,159.63540649414062
2014-07-01,26636.31109107684,160.70388793945312
2014-07-02,26545.97475996232,160.86705017089844
2014-07-03,26647.66690151033,161.65818786621094
2014-07-07,26547.75702432599,161.09539794921875
2014-07-08,26270.9251536725,160.0595245361328
2014-07-09,26550.117355786228,160.77725219726562
2014-07-10,26387.62894486765,160.14112854003906
2014-07-11,26577.999538079726,160.361328125
2014-07-14,26911.31841290037,161.1688690185547
2014-07-15,26892.22442007432,160.86705017089844
2014-07-16,26947.306653418873,161.4624481201172
2014-07-17,26705.23759925486,159.62725830078125
2014-07-18,26961.962843891695,161.25852966308594
2014-07-21,26933.12935457658,160.9567108154297
2014-07-22,27053.6568288242,161.65818786621094
2014-07-23,27135.473180046003,162.01702880859375
2014-07-24,27217.943021930027,162.02525329589844
2014-07-25,26848.45329139788,161.26670837402344
2014-07-28,26853.249431050896,161.3319549560547
2014-07-29,26710.60527955648,160.63864135742188
2014-07-30,26773.816419344625,160.6631317138672
2014-07-31,26215.08083502593,157.4903106689453
2014-08-01,26270.191058600572,157.00909423828125
2014-08-04,26448.315044362895,158.14280700683594
2014-08-05,26296.67917558812,156.60939025878906
2014-08-06,26476.110980719746,156.6583709716797
2014-08-07,26359.408250217577,155.8101348876953
2014-08-08,26685.123114828548,157.61265563964844
2014-08-11,26818.51691027504,158.0694122314453
2014-08-12,26804.065542977165,157.84921264648438
2014-08-13,27049.217841747726,158.9176483154297
2014-08-14,27158.084208644825,159.6680145263672
2014-08-15,27111.891149290153,159.63540649414062
2014-08-18,27368.52562405544,160.97308349609375
2014-08-19,27591.162080981398,161.81312561035156
2014-08-20,27616.914307416446,162.24542236328125
2014-08-21,27664.319855919886,162.71849060058594
2014-08-22,27675.956292433686,162.46563720703125
2014-08-25,27787.007242334294,163.2894287109375
2014-08-26,27907.716404007173,163.3954620361328
2014-08-27,27898.192258481988,163.33018493652344
2014-08-28,27834.055373783824,163.24050903320312
2014-08-29,27953.723367129474,163.70547485351562
2014-09-02,28118.702145885356,163.6238250732422
2014-09-03,27973.045893856968,163.5341339111328
2014-09-04,28152.637824207282,163.29759216308594
2014-09-05,28278.497651623835,164.0316619873047
2014-09-08,28259.277215177124,163.6075439453125
2014-09-09,28012.845673003845,162.5717010498047
2014-09-10,28186.67940671817,163.1834259033203
2014-09-11,28130.41804940092,163.37100219726562
2014-09-12,28017.659266534207,162.4167022705078
2014-09-15,27686.41695369298,162.2943115234375
2014-09-16,27985.51119127903,163.517822265625
2014-09-17,28005.69576248285,163.7380828857422
2014-09-18,28220.721717319924,164.6107940673828
2014-09-19,28275.203287018572,164.4624786376953
2014-09-22,28014.064414977183,163.19227600097656
2014-09-23,27941.883318858734,162.25811767578125
2014-09-24,28235.541366468224,163.52825927734375
2014-09-25,27668.85334851112,160.88970947265625
2014-09-26,27869.41811897381,162.16795349121094
2014-09-29,27792.655744598993,161.873046875
2014-09-30,27749.426503642986,161.44686889648438
2014-10-01,27387.04098623746,159.25897216796875
2014-10-02,27493.978951118865,159.28355407714844
2014-10-03,27784.382398514066,161.03720092773438
2014-10-06,27783.681785680154,160.8486785888672
2014-10-07,27433.13074539469,158.36581420898438
2014-10-08,27912.920425433003,161.13552856445312
2014-10-09,27448.024721021695,157.939697265625
2014-10-10,26916.697190132363,156.13694763183594
2014-10-13,26540.923400890908,153.57205200195312
2014-10-14,26573.804079138095,153.8096466064453
2014-10-15,26324.47931628594,152.7689208984375
2014-10-16,26230.141062647184,152.6378631591797
2014-10-17,26561.569777236957,154.4406280517578
2014-10-20,26855.849004274543,155.94021606445312
2014-10-21,27445.255726201594,159.02955627441406
2014-10-22,27274.52665663197,157.89866638183594
2014-10-23,27603.71765552088,159.73422241210938
2014-10-24,27614.572287564915,160.96343994140625
2014-10-27,27570.844504098677,160.7421875
2014-10-28,28053.803160276082,162.58590698242188
2014-10-29,27888.09545742177,162.340087890625
2014-10-30,28289.68732248857,163.3808135986328
2014-10-31,28660.89000636885,165.2490997314453
2014-11-03,28695.53561484563,165.33926391601562
2014-11-04,28773.98592920086,164.76559448242188
2014-11-05,28815.699917618713,165.80633544921875
2014-11-06,28981.732124794675,166.47010803222656
2014-11-07,28932.76049913734,166.62579345703125
2014-11-10,29073.36894783019,167.15020751953125
2014-11-11,29161.383397142978,167.31411743164062
2014-11-12,29145.738505538742,167.13385009765625
2014-11-13,29295.589290390526,167.32232666015625
2014-11-14,29393.005934273948,167.36325073242188
2014-11-17,29297.760091290787,167.46987915039062
2014-11-18,29423.452304923845,168.436767578125
2014-11-19,29342.53041213043,168.1663055419922
2014-11-20,29450.513733870546,168.46131896972656
2014-11-21,29470.555277084786,169.3627166748047
2014-11-24,29587.44277678689,169.83798217773438
2014-11-25,29644.40537440977,169.71511840820312
2014-11-26,29788.607412292426,170.14942932128906
2014-11-28,29978.36155433098,169.788818359375
2014-12-01,29596.482017062553,168.60885620117188
2014-12-02,29690.75810521203,169.69866943359375
2014-12-03,29681.50387541425,170.35421752929688
2014-12-04,29696.373002407425,170.16578674316406
2014-12-05,29696.726729808506,170.44442749023438
2014-12-08,29490.818756582612,169.3053436279297
2014-12-09,29567.48501373373,169.19061279296875
2014-12-10,29094.94088746623,166.47830200195312
2014-12-11,29286.787004414593,167.32232666015625
2014-12-12,28870.134952487384,164.61813354492188
2014-12-15,28725.289178439347,163.48733520507812
2014-12-16,28146.256917991326,162.1761932373047
2014-12-17,28769.252631579995,165.3556671142578
2014-12-18,29441.232512716975,169.44468688964844
2014-12-19,29494.01323338253,170.1656494140625
2014-12-22,29838.44321756002,170.94847106933594
2014-12-23,29848.745246947707,171.17918395996094
2014-12-24,29820.905463215393,171.19558715820312
2014-12-26,29960.771018419015,171.74761962890625
2014-12-29,29900.312575485714,171.97837829589844
2014-12-30,29763.132108218648,171.05552673339844
2014-12-31,29483.102132794615,169.358154296875
2015-01-02,29426.004965925727,169.26751708984375
2015-01-05,28892.260689883427,166.21055603027344
2015-01-06,28629.925181897717,164.6450958251953
2015-01-07,28934.12560218697,166.69674682617188
2015-01-08,29508.15595549264,169.65478515625
2015-01-09,29210.371580691844,168.2952880859375
2015-01-12,28935.197530111596,166.9768829345703
2015-01-13,28986.971604976105,166.50721740722656
2015-01-14,28683.582196846324,165.50201416015625
2015-01-15,28369.393984610924,163.9859161376953
2015-01-16,28706.350220162578,166.13638305664062
2015-01-20,28717.64282506764,166.4907684326172
2015-01-21,28955.4803458491,167.33120727539062
2015-01-22,29580.152591313275,169.81954956054688
2015-01-23,29498.708326138734,168.8885040283203
2015-01-26,29459.40678234295,169.28399658203125
2015-01-27,28753.636054178947,167.05108642578125
2015-01-28,28491.460896985205,164.9087677001953
2015-01-29,28946.992746854132,166.43310546875
2015-01-30,28848.71360540881,164.34024047851562
2015-02-02,29156.80534710815,166.37538146972656
2015-02-03,29492.389183822346,168.78135681152344
2015-02-04,29561.232150968757,168.138671875
2015-02-05,29902.9265188767,169.83607482910156
2015-02-06,29729.722555940596,169.3664093017578
2015-02-09,29592.26643663582,168.6083221435547
2015-02-10,29901.63053642725,170.40455627441406
2015-02-11,29952.865263248095,170.5034942626953
2015-02-12,30249.8298767232,172.1431427001953
2015-02-13,30324.307493313954,172.85177612304688
2015-02-17,30335.760256504487,173.1237030029297
2015-02-18,30315.927437579703,173.14019775390625
2015-02-19,30424.09278989833,173.0165557861328
2015-02-20,30711.683912263783,174.05474853515625
2015-02-23,30710.873410427695,174.03009033203125
2015-02-24,30806.6909029851,174.52442932128906
2015-02-25,30814.729185809618,174.3761749267578
2015-02-26,30922.680632793385,174.17015075683594
2015-02-27,30715.165539929745,173.576904296875
2015-03-02,30996.078187953477,174.6727752685547
2015-03-03,30848.055135093946,173.9558868408203
2015-03-04,30843.41821664863,173.2225799560547
2015-03-05,30993.44029773242,173.41209411621094
2015-03-06,30492.040900357213,170.9730987548828
2015-03-09,30607.56979992142,171.68177795410156
2015-03-10,30109.80272203449,168.896728515625
2015-03-11,29987.696230773905,168.5012664794922
2015-03-12,30336.8739297859,170.6435089111328
2015-03-13,30139.258654778823,169.5970916748047
2015-03-16,30570.426650130263,171.86300659179688
2015-03-17,30497.31279539758,171.35218811035156
2015-03-18,30797.982645196862,173.41209411621094
2015-03-19,30746.06956989853,172.6210479736328
2015-03-20,30993.566111827502,174.14480590820312
2015-03-23,30895.887735693545,173.805419921875
2015-03-24,30848.092849434783,172.8288116455078
2015-03-25,30151.59732101837,170.29623413085938
2015-03-26,30056.1409661793,169.8907012939453
2015-03-27,30075.970950734685,170.2796630859375
2015-03-30,30402.864325586896,172.3570556640625
2015-03-31,30070.38029922641,170.8507843017578
2015-04-01,29940.73771309226,170.24656677246094
2015-04-02,30020.509619818495,170.85903930664062
2015-04-06,30380.565141253348,172.00946044921875
2015-04-07,30387.10947323706,171.5542449951172
2015-04-08,30605.19484416755,172.1335906982422
2015-04-09,30719.266911401726,172.89501953125
2015-04-10,30796.10049126671,173.8385772705078
2015-04-13,30722.657316243152,173.0522918701172
2015-04-14,30712.916353969442,173.38336181640625
2015-04-15,30736.97471718226,174.1613006591797
2015-04-16,30726.237633323526,174.11163330078125
2015-04-17,30283.19179547995,172.1087646484375
2015-04-20,30603.144836072148,173.68125915527344
2015-04-21,30655.1077425747,173.47439575195312
2015-04-22,31032.33654537485,174.3268280029297
2015-04-23,31016.35711984011,174.76551818847656
2015-04-24,31571.91574488768,175.1710662841797
2015-04-27,31564.754693838582,174.4427032470703
2015-04-28,31516.035369820576,174.99725341796875
2015-04-29,31366.5075896685,174.2771759033203
2015-04-30,30956.35826499986,172.53086853027344
2015-05-01,31239.889474770578,174.4013671875
2015-05-04,31333.0345422964,174.89791870117188
2015-05-05,31039.87335553216,172.89501953125
2015-05-06,30894.464207157776,172.18328857421875
2015-05-07,31252.185706444463,172.87017822265625
2015-05-08,31522.199794107593,175.146240234375
2015-05-11,31369.363834958116,174.31031799316406
2015-05-12,31382.643796860346,173.7888641357422
2015-05-13,31382.017935880034,173.82200622558594
2015-05-14,31862.961323253458,175.63453674316406
2015-05-15,31862.247394976606,175.82489013671875
2015-05-18,31959.77723885624,176.3711395263672
2015-05-19,31852.436879914792,176.31321716308594
2015-05-20,31781.82517802184,176.1890869140625
2015-05-21,31815.39812247596,176.70211791992188
2015-05-22,31746.82657154461,176.2800750732422
2015-05-26,31431.261399122355,174.38478088378906
2015-05-27,31840.709899677433,176.04005432128906
2015-05-28,31855.94699187271,175.84140014648438
2015-05-29,31642.86719702031,174.7489471435547
2015-06-01,31771.70546501115,175.10487365722656
2015-06-02,31685.59920805515,174.93099975585938
2015-06-03,31828.241237371272,175.39447021484375
2015-06-04,31584.58735592583,173.91305541992188
2015-06-05,31551.83327132396,173.6150665283203
2015-06-08,31395.85026735276,172.54739379882812
2015-06-09,31442.948531716105,172.52255249023438
2015-06-10,31746.74457314466,174.59169006347656
2015-06-11,31805.49913235047,175.15455627441406
2015-06-12,31546.32489815947,173.813720703125
2015-06-15,31365.936019518125,173.06884765625
2015-06-16,31623.344954120617,174.0123291015625
2015-06-17,31755.74090540505,174.29368591308594
2015-06-18,32153.534031641648,176.10630798339844
2015-06-19,31976.761115767084,175.32447814941406
2015-06-22,32099.93176185723,176.22268676757812
2015-06-23,32306.574653444306,176.34747314453125
2015-06-24,32103.298835203183,175.0666961669922
2015-06-25,32108.191138161274,174.53440856933594
2015-06-26,32043.713945717507,174.50119018554688
2015-06-29,31398.520198480353,170.84185791015625
2015-06-30,31543.625835527393,171.19943237304688
2015-07-01,31853.88873854113,172.57167053222656
2015-07-02,31918.168665082077,172.4136199951172
2015-07-06,31890.9535982255,171.9229278564453
2015-07-07,31816.23865425093,173.004150390625
2015-07-08,31312.5854303777,170.10157775878906
2015-07-09,31378.605024441127,170.40933227539062
2015-07-10,31847.46906381686,172.55506896972656
2015-07-13,32326.1836013929,174.4595947265625
2015-07-14,32528.04388472123,175.21636962890625
2015-07-15,32533.71531362543,175.15817260742188
2015-07-16,32874.570257691135,176.56370544433594
2015-07-17,33400.22605742058,176.71337890625
2015-07-20,33585.9128543632,176.80487060546875
2015-07-21,33403.93701514324,176.10630798339844
2015-07-22,33219.956732540464,175.7902374267578
2015-07-23,33010.28818707844,174.80055236816406
2015-07-24,33123.842528082365,172.98751831054688
2015-07-27,32782.26696500183,171.98121643066406
2015-07-28,33118.617452332066,174.09368896484375
2015-07-29,33396.00715712202,175.29119873046875
2015-07-30,33400.06656366618,175.3328094482422
2015-07-31,33241.15713238092,175.0666961669922
2015-08-03,33208.214055616576,174.4761962890625
2015-08-04,33181.4355745151,174.13516235351562
2015-08-05,33521.608681925674,174.70907592773438
2015-08-06,33004.36328954419,173.2786102294922
2015-08-07,33147.124020315685,172.94590759277344
2015-08-10,33427.61396500671,175.1249237060547
2015-08-11,33266.00940132252,173.54476928710938
2015-08-12,33308.45362011183,173.75262451171875
2015-08-13,33304.52140147102,173.53640747070312
2015-08-14,33448.93697427877,174.1685333251953
2015-08-17,33649.27803829374,175.1415252685547
2015-08-18,33675.97692898771,174.63421630859375
2015-08-19,33443.74627436477,173.25369262695312
2015-08-20,32686.191610352857,169.6358642578125
2015-08-21,31388.973261658557,164.52938842773438
2015-08-24,30132.35152026791,157.6015625
2015-08-25,29861.939624058723,155.7470245361328
2015-08-26,31393.394380861195,161.72669982910156
2015-08-27,32243.837350601258,165.72702026367188
2015-08-28,32219.3143426333,165.7353973388672
2015-08-31,31892.972629504424,164.39637756347656
2015-09-01,30901.072822116992,159.489501953125
2015-09-02,31627.283133897286,162.51675415039062
2015-09-03,31543.485243656025,162.63323974609375
2015-09-04,31087.48107043355,160.1714324951172
2015-09-08,31931.807962393315,164.1967315673828
2015-09-09,31539.622016230795,162.00115966796875
2015-09-10,31759.59798856372,162.88272094726562
2015-09-11,31993.844981148923,163.62294006347656
2015-09-14,31896.220987361674,163.0157928466797
2015-09-15,32259.19013226451,165.05343627929688
2015-09-16,32528.826114168645,166.4838409423828
2015-09-17,32609.461816755946,166.10963439941406
2015-09-18,32266.89554183779,163.39508056640625
2015-09-21,32612.971992301023,164.239501953125
2015-09-22,32216.575276846248,162.1077117919922
2015-09-23,32284.59669108657,161.8485107421875
2015-09-24,32294.7289064803,161.2633056640625
2015-09-25,32102.890964465852,161.22154235839844
2015-09-28,31339.16289512557,157.1753387451172
2015-09-29,31314.949051433443,157.2672882080078
2015-09-30,31908.985877752482,160.2016143798828
2015-10-01,31933.929914593482,160.61962890625
2015-10-02,32394.175813389185,163.01889038085938
2015-10-05,32884.19466170084,165.91976928710938
2015-10-06,32715.708776498814,165.351318359375
2015-10-07,32812.75561093715,166.70565795898438
2015-10-08,32836.949297936146,168.21046447753906
2015-10-09,32927.711549265994,168.310791015625
2015-10-12,33103.26707633927,168.46957397460938
2015-10-13,33126.197162710305,167.407958984375
2015-10-14,32726.827608710617,166.60533142089844
2015-10-15,33156.538298915664,169.16346740722656
2015-10-16,33421.42735723843,169.93252563476562
2015-10-19,33535.93946102169,170.01620483398438
2015-10-20,33241.913545293704,169.798828125
2015-10-21,33005.52071115957,168.7454833984375
2015-10-22,33432.76861938859,171.59622192382812
2015-10-23,34238.71444379476,173.47718811035156
2015-10-26,34432.744811607816,173.05084228515625
2015-10-27,34327.92372863336,172.7164764404297
2015-10-28,34653.01250263781,174.68104553222656
2015-10-29,34661.7613596126,174.58074951171875
2015-10-30,34349.015655200186,173.82827758789062
2015-11-02,34630.91320298673,175.8848876953125
2015-11-03,34744.75243246187,176.39483642578125
2015-11-04,34999.22086309976,175.85980224609375
2015-11-05,35233.001362291034,175.68421936035156
2015-11-06,35605.15944527352,175.59230041503906
2015-11-09,35275.76707445225,173.9537353515625
2015-11-10,35239.08198895771,174.35499572753906
2015-11-11,35262.21776373387,173.6695098876953
2015-11-12,34817.41662942927,171.24510192871094
2015-11-13,34189.08126179535,169.32229614257812
2015-11-16,34707.762667036506,171.897216796875
2015-11-17,34819.67705344883,171.7717742919922
2015-11-18,35509.78461978946,174.4971160888672
2015-11-19,35389.2779735235,174.34664916992188
2015-11-20,35626.00124376209,174.9819793701172
2015-11-23,35583.80437218129,174.78135681152344
2015-11-24,35543.26786721827,175.01548767089844
2015-11-25,35626.144930428374,174.99034118652344
2015-11-27,35698.09696616543,175.19100952148438
2015-11-30,35462.44116708354,174.4636688232422
2015-12-01,36036.60428493118,176.12730407714844
2015-12-02,35820.03384700867,174.32994079589844
2015-12-03,35454.834716274294,171.8888397216797
2015-12-04,36254.68002514802,175.2411651611328
2015-12-07,36072.28295260563,174.17945861816406
2015-12-08,36016.344096922076,173.00904846191406
2015-12-09,35562.717881153134,171.66310119628906
2015-12-10,35702.110563927876,172.10614013671875
2015-12-11,35008.55080547548,168.7706298828125
2015-12-14,35387.44460339075,169.62326049804688
2015-12-15,35647.13853800236,171.40394592285156
2015-12-16,36280.04219621177,173.91192626953125
2015-12-17,35887.39555027104,171.26185607910156
2015-12-18,35169.59880520132,168.21083068847656
2015-12-21,35513.008533413915,169.59840393066406
2015-12-22,35659.246773742925,171.13739013671875
2015-12-23,35893.66482428179,173.2566375732422
2015-12-24,35855.04852782319,172.97068786621094
2015-12-28,35938.052412607845,172.5754852294922
2015-12-29,36445.898003754184,174.41714477539062
2015-12-30,36236.76069682546,173.180908203125
2015-12-31,35829.028326328196,171.4485626220703
2016-01-04,35021.366735666605,169.05177307128906
2016-01-05,35108.38872911912,169.33770751953125
2016-01-06,34717.04919153683,167.20164489746094
2016-01-07,33857.894110409026,163.19020080566406
2016-01-08,33433.726454909796,161.39889526367188
2016-01-11,33586.900585585776,161.5587158203125
2016-01-12,33898.8525772111,162.86219787597656
2016-01-13,32887.365985450306,158.80029296875
2016-01-14,33340.84470696547,161.40731811523438
2016-01-15,32544.172348977165,157.94252014160156
2016-01-19,32663.398175613598,158.15280151367188
2016-01-20,32363.362670379927,156.12606811523438
2016-01-21,32559.91153124738,157.0006866455078
2016-01-22,33313.509197602936,160.2215576171875
2016-01-25,32988.35085523814,157.7996063232422
2016-01-26,33302.849958025254,159.95249938964844
2016-01-27,32750.44194910062,158.21168518066406
2016-01-28,33372.23340656254,159.0358123779297
2016-01-29,34306.89022381576,162.91265869140625
2016-02-01,34396.16364391817,162.85374450683594
2016-02-02,33687.0018816093,159.91885375976562
2016-02-03,33419.9557813237,160.8775634765625
2016-02-04,33341.17912920787,161.12985229492188
2016-02-05,32250.726940459153,158.06024169921875
2016-02-08,31603.161653982977,155.93264770507812
2016-02-09,31636.986442825415,155.94105529785156
2016-02-10,31735.439555813144,155.8065185546875
2016-02-11,31550.718573656723,153.7797393798828
2016-02-12,32076.579065736885,156.95022583007812
2016-02-16,32602.17076606598,159.59927368164062
2016-02-17,33258.9357441783,162.20628356933594
2016-02-18,33067.073508717236,161.5419158935547
2016-02-19,33240.47041039826,161.4662322998047
2016-02-22,33906.75966787449,163.8041229248047
2016-02-23,33576.29064323757,161.7353515625
2016-02-24,33730.196639638394,162.47540283203125
2016-02-25,34156.29442095155,164.44326782226562
2016-02-26,34014.774753893595,164.0647735595703
2016-02-29,33741.20618418956,162.77810668945312
2016-03-01,34587.27511503685,166.60447692871094
2016-03-02,34661.657655368115,167.3529815673828
2016-03-03,34687.11338087575,168.0089569091797
2016-03-04,34743.07858482068,168.5555877685547
2016-03-07,34485.46749949372,168.69015502929688
2016-03-08,34315.20342872353,166.84840393066406
2016-03-09,34518.40794176418,167.67262268066406
2016-03-10,34419.8255810888,167.80712890625
2016-03-11,34879.263429418264,170.51502990722656
2016-03-14,35007.64715418743,170.29644775390625
2016-03-15,35194.21373757725,170.0188751220703
2016-03-16,35430.74470766642,171.00283813476562
2016-03-17,35447.29393633742,172.08766174316406
2016-03-18,35677.54679065658,172.7638702392578
2016-03-21,35827.29345404673,173.00901794433594
2016-03-22,35785.94263325019,172.9160614013672
2016-03-23,35790.502783216965,171.77487182617188
2016-03-24,35882.61032749025,171.6987762451172
2016-03-28,35884.281033752326,171.8002471923828
2016-03-29,36301.861928681494,173.38943481445312
2016-03-30,36471.58762639348,174.1502227783203
2016-03-31,36372.4055155257,173.7275390625
2016-04-01,36825.829219322506,174.9110565185547
2016-04-04,36758.206983331496,174.3446502685547
2016-04-05,36582.110779922936,172.6033172607422
2016-04-06,37005.76351718796,174.48831176757812
2016-04-07,36538.45546785647,172.400390625
2016-04-08,36429.377628321716,172.86538696289062
2016-04-11,36375.659471482424,172.45957946777344
2016-04-12,36654.93587561094,174.065673828125
2016-04-13,37117.77008041307,175.82391357421875
2016-04-14,37208.272448953925,175.8324432373047
2016-04-15,37226.19589470559,175.63792419433594
2016-04-18,37453.57351172537,176.87213134765625
2016-04-19,37387.262243744306,177.4300079345703
2016-04-20,37486.25673297745,177.5990753173828
2016-04-21,37355.64158406055,176.64385986328125
2016-04-22,36997.935998002096,176.64385986328125
2016-04-25,36996.47387733628,176.339599609375
2016-04-26,36819.89799732692,176.6015625
2016-04-27,36673.625681812875,176.96510314941406
2016-04-28,36363.42263725471,175.35897827148438
2016-04-29,36366.06535152193,174.41226196289062
2016-05-02,36761.83907614544,175.79856872558594
2016-05-03,36383.23642838302,174.26853942871094
2016-05-04,36196.68149489699,173.29644775390625
2016-05-05,36052.15090024869,173.26266479492188
2016-05-06,36351.115720167385,173.89659118652344
2016-05-09,36370.51014055262,174.04031372070312
2016-05-10,36766.48482016706,176.20428466796875
2016-05-11,36455.00286308117,174.55593872070312
2016-05-12,36404.913160152035,174.60667419433594
2016-05-13,36488.83424375079,173.08509826660156
2016-05-16,36890.02866629965,174.79266357421875
2016-05-17,36490.8292981035,173.1612091064453
2016-05-18,36720.91632468427,173.2119140625
2016-05-19,36841.50702524778,172.6117401123047
2016-05-20,37129.29229601356,173.70223999023438
2016-05-23,36966.3948960729,173.46554565429688
2016-05-24,37554.5076522957,175.71401977539062
2016-05-25,37735.533649938865,176.90591430664062
2016-05-26,37863.93726673106,176.95668029785156
2016-05-27,37979.892014385434,177.71739196777344
2016-05-31,37979.484635863824,177.37925720214844
2016-06-01,37960.11392672426,177.7427978515625
2016-06-02,38102.75851236029,178.28379821777344
2016-06-03,37938.24638372825,177.75123596191406
2016-06-06,38039.415489568186,178.65567016601562
2016-06-07,38112.82154777807,178.9346466064453
2016-06-08,38344.47915373113,179.51791381835938
2016-06-09,38343.65054197311,179.27281188964844
2016-06-10,37876.65627435576,177.57369995117188
2016-06-13,37555.49844859381,176.20428466796875
2016-06-14,37509.383450070876,175.85775756835938
2016-06-15,37493.15525119559,175.61260986328125
2016-06-16,37631.58514646962,176.13671875
2016-06-17,37228.479527387026,175.480712890625
2016-06-20,37453.77882730603,176.61080932617188
2016-06-21,37591.231506457836,177.11212158203125
2016-06-22,37264.97475660501,176.8232421875
2016-06-23,37718.50440557004,179.12594604492188
2016-06-24,36546.74657212429,172.69366455078125
2016-06-27,36115.05525883096,169.60079956054688
2016-06-28,36767.16840631777,172.6597137451172
2016-06-29,37334.3687415655,175.59963989257812
2016-06-30,37422.6234653686,177.99581909179688
2016-07-01,37539.487161706114,178.36968994140625
2016-07-05,37493.923906697644,177.0866241455078
2016-07-06,37685.84177266468,178.14878845214844
2016-07-07,37756.160112420606,178.0382843017578
2016-07-08,38277.3350469628,180.6894073486328
2016-07-11,38557.08022251256,181.32669067382812
2016-07-12,38700.7841943184,182.6437225341797
2016-07-13,38651.10506334942,182.61822509765625
2016-07-14,38860.910601237854,183.6378173828125
2016-07-15,38789.16976468386,183.39146423339844
2016-07-18,39058.259209228134,183.88429260253906
2016-07-19,39195.77698558409,183.69735717773438
2016-07-20,39529.40491907683,184.46206665039062
2016-07-21,39235.03170773848,183.7653350830078
2016-07-22,39494.985008049916,184.58950805664062
2016-07-25,39514.8728228666,184.08822631835938
2016-07-26,39522.35599133141,184.1731719970703
2016-07-27,39642.38999974507,183.97779846191406
2016-07-28,39940.06529888949,184.190185546875
2016-07-29,40112.694845735576,184.48756408691406
2016-08-01,40215.97152568933,184.33462524414062
2016-08-02,39994.15654595382,183.1534881591797
2016-08-03,39995.17114925856,183.68882751464844
2016-08-04,40234.74953593782,183.88429260253906
2016-08-05,40570.686924526,185.38824462890625
2016-08-08,40509.41446769972,185.27781677246094
2016-08-09,40571.56706631509,185.38824462890625
2016-08-10,40470.52191530716,184.92947387695312
2016-08-11,40625.094116609835,185.78761291503906
2016-08-12,40775.85137341829,185.62619018554688
2016-08-15,40779.54516899928,186.16146850585938
2016-08-16,40555.17179234361,185.20132446289062
2016-08-17,40568.45929040585,185.5496826171875
2016-08-18,40607.102512202786,185.96600341796875
2016-08-19,40556.19485406786,185.69415283203125
2016-08-22,40536.54578526006,185.6856689453125
2016-08-23,40635.637248094456,186.0594940185547
2016-08-24,40394.30738728247,185.10787963867188
2016-08-25,40309.951462883255,184.9803924560547
2016-08-26,40368.98588775885,184.63198852539062
2016-08-29,40487.25270399257,185.54115295410156
2016-08-30,40342.77466511815,185.23529052734375
2016-08-31,40280.72817179679,184.70849609375
2016-09-01,40380.014895808345,184.71701049804688
2016-09-02,40438.75456594515,185.5496826171875
2016-09-06,40733.590933985244,186.1105194091797
2016-09-07,40651.75340778996,186.09349060058594
2016-09-08,40475.2572521676,185.66864013671875
2016-09-09,39606.05264119826,181.2246856689453
2016-09-12,40232.5467861054,183.82476806640625
2016-09-13,39855.924714049426,181.18222045898438
2016-09-14,39966.40633453769,181.11428833007812
2016-09-15,40526.474359592314,182.9241180419922
2016-09-16,40620.88775361782,182.21702575683594
2016-09-19,40595.104375912386,182.25119018554688
2016-09-20,40617.06259071696,182.2597198486328
2016-09-21,40974.35809355003,184.30934143066406
2016-09-22,41248.24501437873,185.47067260742188
2016-09-23,41021.60243144391,184.4544677734375
2016-09-26,40709.79098720798,182.96002197265625
2016-09-27,41117.65563160233,184.09576416015625
2016-09-28,41295.87967815395,185.009521484375
2016-09-29,40878.92691656086,183.33572387695312
2016-09-30,41296.01019269544,184.71920776367188
2016-10-03,41328.545426572586,184.275146484375
2016-10-04,41253.114322985384,183.33572387695312
2016-10-05,41365.74894485525,184.1470184326172
2016-10-06,41232.85201554869,184.275146484375
2016-10-07,41103.94241049297,183.6431427001953
2016-10-10,41311.30909924933,184.5996551513672
2016-10-11,40880.9364115691,182.26815795898438
2016-10-12,40989.05639253809,182.50733947753906
2016-10-13,40795.77264730047,181.90957641601562
2016-10-14,40807.33744593958,182.00347900390625
2016-10-17,40662.06196740098,181.37155151367188
2016-10-18,41037.48999792518,182.50733947753906
2016-10-19,41185.25472257126,182.99417114257812
2016-10-20,41103.83010652329,182.65255737304688
2016-10-21,41252.31710758165,182.73793029785156
2016-10-24,41721.805699184566,183.51504516601562
2016-10-25,41664.343615274374,182.90023803710938
2016-10-26,41509.042954837125,182.53294372558594
2016-10-27,41376.541459506865,182.0462646484375
2016-10-28,41291.01780649106,181.5081787109375
2016-10-31,41309.06199126614,181.5167236328125
2016-11-01,40800.56686796025,180.20152282714844
2016-11-02,40485.318569190655,179.1169891357422
2016-11-03,40203.514131851145,178.29714965820312
2016-11-04,40048.11272364281,178.1007537841797
2016-11-07,41032.2285517517,182.02914428710938
2016-11-08,41233.37673716593,182.8489227294922
2016-11-09,41262.00157496001,184.78753662109375
2016-11-10,40835.28632730074,185.24868774414062
2016-11-11,41650.85331374623,184.8217010498047
2016-11-14,40955.271054011675,184.9668731689453
2016-11-15,41387.08788038169,186.4101104736328
2016-11-16,41728.94764104069,186.05996704101562
2016-11-17,42000.11786874371,187.01644897460938
2016-11-18,41824.18962504127,186.59799194335938
2016-11-21,42196.40040591218,188.00711059570312
2016-11-22,42370.17339426462,188.37432861328125
2016-11-23,42341.7330831615,188.47677612304688
2016-11-25,42514.899995937005,189.17703247070312
2016-11-28,42290.40075941091,188.28892517089844
2016-11-29,42327.60440307264,188.65611267089844
2016-11-30,41977.68339746035,188.20347595214844
2016-12-01,41487.87002077124,187.51177978515625
2016-12-02,41592.20104088641,187.60568237304688
2016-12-05,42079.606881494256,188.7329864501953
2016-12-06,42102.87238698747,189.33074951171875
2016-12-07,42782.71419454965,191.807373046875
2016-12-08,42737.73116703865,192.27706909179688
2016-12-09,42910.08706287241,193.43850708007812
2016-12-12,42830.45422630848,193.21646118164062
2016-12-13,43283.42896992157,194.50599670410156
2016-12-14,43381.755555967495,192.90045166015625
2016-12-15,43568.69482611246,193.6947021484375
2016-12-16,43583.93513874016,193.31585693359375
2016-12-19,43739.219378038506,193.73681640625
2016-12-20,44098.45925848555,194.48414611816406
2016-12-21,44041.860017488165,193.94297790527344
2016-12-22,43949.68427240204,193.60792541503906
2016-12-23,44152.91930092392,193.89141845703125
2016-12-27,44613.67832052793,194.37249755859375
2016-12-28,44093.9019201764,192.7660675048828
2016-12-29,44057.43036220006,192.72314453125
2016-12-30,43616.977821273096,192.0187530517578
2017-01-03,43779.09064561129,193.4876708984375
2017-01-04,44125.32473761049,194.63876342773438
2017-01-05,44254.438472380774,194.48414611816406
2017-01-06,44535.89819964167,195.179931640625
2017-01-09,44728.605983419686,194.53570556640625
2017-01-10,44633.305156324335,194.53570556640625
2017-01-11,44733.076526600096,195.08551025390625
2017-01-12,44653.76729529249,194.59585571289062
2017-01-13,44781.01035486246,195.04248046875
2017-01-17,44646.94759691202,194.35528564453125
2017-01-18,44714.78316116913,194.78477478027344
2017-01-19,44755.19840548825,194.06324768066406
2017-01-20,44896.51782397534,194.7762451171875
2017-01-23,45143.05139464565,194.26939392089844
2017-01-24,45461.752236424116,195.51502990722656
2017-01-25,45707.91406030988,197.20726013183594
2017-01-26,45769.864015496125,197.00108337402344
2017-01-27,45876.17126441937,196.6918487548828
2017-01-30,45605.36261097623,195.47206115722656
2017-01-31,45383.02120928309,195.454833984375
2017-02-01,45630.679067803525,195.53216552734375
2017-02-02,45647.22380899047,195.66104125976562
2017-02-03,45851.97724307967,197.00970458984375
2017-02-06,45979.39268271274,196.65750122070312
2017-02-07,46130.888887976274,196.6660919189453
2017-02-08,46284.9243148976,196.92381286621094
2017-02-09,46555.60403915325,198.0920867919922
2017-02-10,46499.988054539666,198.87379455566406
2017-02-13,46732.16905469773,199.95614624023438
2017-02-14,46966.64903355412,200.75498962402344
2017-02-15,47229.58334103833,201.8030548095703
2017-02-16,47038.2339598457,201.63128662109375
2017-02-17,47076.83907304183,201.94912719726562
2017-02-21,47610.259264617336,203.1517791748047
2017-02-22,47595.547466004464,202.97140502929688
2017-02-23,47143.60837375841,203.1088409423828
2017-02-24,47268.547691251224,203.36654663085938
2017-02-27,47197.95371340101,203.68435668945312
2017-02-28,47067.843536957495,203.13455200195312
2017-03-01,47641.894525159594,205.97792053222656
2017-03-02,47329.526849121605,204.68080139160156
2017-03-03,47383.334338970875,204.80966186523438
2017-03-06,47282.332646077324,204.19979858398438
2017-03-07,47262.04311015866,203.58985900878906
2017-03-08,47315.02435839994,203.21189880371094
2017-03-09,47365.76899116288,203.46961975097656
2017-03-10,47516.26621523892,204.18258666992188
2017-03-13,47709.08990877504,204.28570556640625
2017-03-14,47798.268007388804,203.50390625
2017-03-15,48045.74378740033,205.2649688720703
2017-03-16,48189.54813880203,204.86122131347656
2017-03-17,48162.4219857697,204.50143432617188
2017-03-20,48175.13606311959,204.27719116210938
2017-03-21,47481.06772264867,201.65432739257812
2017-03-22,47743.9789461889,202.1288604736328
2017-03-23,47614.4910489204,201.91317749023438
2017-03-24,47709.993287417965,201.76646423339844
2017-03-27,47823.74552471305,201.5594024658203
2017-03-28,48174.27775967173,203.026123046875
2017-03-29,48227.22152511476,203.2159423828125
2017-03-30,48376.73748339764,203.86297607421875
2017-03-31,48323.79574935791,203.38844299316406
2017-04-03,48626.54207889622,203.0347137451172
2017-04-04,48500.46844766885,203.16415405273438
2017-04-05,48334.3984083698,202.56021118164062
2017-04-06,48338.788557426866,203.12969970703125
2017-04-07,48363.40347412643,202.9225616455078
2017-04-10,48440.70126794968,203.04339599609375
2017-04-11,48344.96165817032,202.80177307128906
2017-04-12,48132.06441661257,201.91317749023438
2017-04-13,47977.87310373558,200.60174560546875
2017-04-17,48518.109379579546,202.3790740966797
2017-04-18,48416.80477157102,201.77513122558594
2017-04-19,48426.109074855136,201.40411376953125
2017-04-20,48829.748404091304,203.04339599609375
2017-04-21,48847.3370668721,202.3962860107422
2017-04-24,49439.50327433883,204.62228393554688
2017-04-25,49804.13617682329,205.8128204345703
2017-04-26,49696.43902809579,205.68348693847656
2017-04-27,49858.34538715797,205.85598754882812
2017-04-28,50002.87975753556,205.40733337402344
2017-05-01,50391.08993646647,205.92503356933594
2017-05-02,50362.90280858547,206.00267028808594
2017-05-03,50250.55418762022,205.75245666503906
2017-05-04,50131.14186690366,205.99403381347656
2017-05-05,50274.83177136256,206.80503845214844
2017-05-08,50402.9680619629,206.77053833007812
2017-05-09,50577.73664276442,206.58071899414062
2017-05-10,51203.84490276835,206.95167541503906
2017-05-11,51227.29031081021,206.52896118164062
2017-05-12,51394.848607272485,206.18382263183594
2017-05-15,51667.59080706975,207.3227081298828
2017-05-16,51789.25840849293,207.13282775878906
2017-05-17,50643.25483614115,203.4574737548828
2017-05-18,51197.79020842447,204.27719116210938
2017-05-19,51505.8217112341,205.60580444335938
2017-05-22,51819.88781045917,206.64974975585938
2017-05-23,51786.053260250425,207.10696411132812
2017-05-24,52071.03288413669,207.59014892578125
2017-05-25,52482.14663973397,208.58236694335938
2017-05-26,52630.327692230705,208.5392303466797
2017-05-30,52809.74033638661,208.35804748535156
2017-05-31,52775.38138686913,208.30621337890625
2017-06-01,53047.338873775516,209.96278381347656
2017-06-02,53373.50530131743,210.6615447998047
2017-06-05,53689.59235174877,210.50628662109375
2017-06-06,53606.853823996484,209.83335876464844
2017-06-07,53911.537909724786,210.2216033935547
2017-06-08,54276.414152746234,210.32513427734375
2017-06-09,53272.67821283061,210.005859375
2017-06-12,52929.55083160749,209.96278381347656
2017-06-13,53561.417911881756,210.98944091796875
2017-06-14,53679.59393434562,210.72195434570312
2017-06-15,53401.725932681606,210.31642150878906
2017-06-16,53296.16084389209,210.3624267578125
2017-06-19,53932.01987871123,212.11370849609375
2017-06-20,53765.322916593585,210.68321228027344
2017-06-21,54070.883728059205,210.63116455078125
2017-06-22,54047.88140211206,210.5358428955078
2017-06-23,54015.90372562418,210.78724670410156
2017-06-26,53749.46669126826,210.92596435546875
2017-06-27,53055.83874304394,209.22669982910156
2017-06-28,53736.18110820236,211.0994110107422
2017-06-29,52923.37682805281,209.24404907226562
2017-06-30,52838.85747468864,209.63412475585938
2017-07-03,52483.262560459014,209.98963928222656
2017-07-05,52655.82927058203,210.4751434326172
2017-07-06,52208.170426075536,208.55044555664062
2017-07-07,52681.64313298522,209.90292358398438
2017-07-10,52925.93403171651,210.12835693359375
2017-07-11,53142.5695671248,209.9723358154297
2017-07-12,53734.3156079655,211.55018615722656
2017-07-13,53742.29595743694,211.9056854248047
2017-07-14,54185.84614423133,212.89404296875
2017-07-17,54146.38583457816,212.86798095703125
2017-07-18,54538.80008825989,212.98069763183594
2017-07-19,54726.57267145519,214.1337890625
2017-07-20,54808.422423122036,214.2291259765625
2017-07-21,54814.69568566272,214.03839111328125
2017-07-24,54983.83307255338,213.9864044189453
2017-07-25,55041.917831475184,214.506591796875
2017-07-26,55209.97974508284,214.5151824951172
2017-07-27,54862.40667708707,214.3158721923828
2017-07-28,54878.920837168866,214.064453125
2017-07-31,54577.916800634164,213.94302368164062
2017-08-01,54848.42673625398,214.41989135742188
2017-08-02,55122.310986723576,214.52394104003906
2017-08-03,55272.518371243794,214.10775756835938
2017-08-04,55548.71410370648,214.4979248046875
2017-08-07,55896.09416200106,214.896728515625
2017-08-08,55933.35560696056,214.36781311035156
2017-08-09,56008.239134998585,214.35919189453125
2017-08-10,55037.69969342782,211.3334197998047
2017-08-11,55053.392854392514,211.6455078125
2017-08-14,55896.53094591262,213.7436981201172
2017-08-15,55887.05149993139,213.71759033203125
2017-08-16,55941.31101817312,214.0904083251953
2017-08-17,55086.236096000335,210.75254821777344
2017-08-18,54964.26924795956,210.4231719970703
2017-08-21,54918.26203703007,210.58786010742188
2017-08-22,55550.331659919095,212.7899932861328
2017-08-23,55536.074993422764,212.02699279785156
2017-08-24,55344.048015458626,211.5328826904297
2017-08-25,55250.64566900943,212.02699279785156
2017-08-28,55371.7671006097,212.0357208251953
2017-08-29,55540.76663607615,212.2784423828125
2017-08-30,55737.57145952686,213.2841339111328
2017-08-31,56093.05018438986,214.56727600097656
2017-09-01,56120.755164939204,214.87074279785156
2017-09-05,55722.95931367542,213.32748413085938
2017-09-06,55831.353117876,214.0557403564453
2017-09-07,56229.24781522698,214.02975463867188
2017-09-08,55820.25838392503,213.77830505371094
2017-09-11,56739.936374458215,216.05848693847656
2017-09-12,56784.707740507685,216.78671264648438
2017-09-13,56869.522416531625,216.89076232910156
2017-09-14,56842.30358714984,216.8213653564453
2017-09-15,57186.74413511113,217.11328125
2017-09-18,57297.21529795442,217.5750732421875
2017-09-19,57338.734496643774,217.79286193847656
2017-09-20,57266.19230352775,217.8712921142578
2017-09-21,56793.7582766788,217.2875213623047
2017-09-22,56445.25664520827,217.3311004638672
2017-09-25,55614.06410377853,216.8867645263672
2017-09-26,55740.18676990516,217.0174102783203
2017-09-27,56102.78991820869,217.8625946044922
2017-09-28,56216.951273313294,218.12399291992188
2017-09-29,56521.19732901301,218.8907012939453
2017-10-02,56657.2124162745,219.8404083251953
2017-10-03,56937.8886727941,220.3108673095703
2017-10-04,57013.37924605118,220.57225036621094
2017-10-05,57429.35286610234,221.87916564941406
2017-10-06,57540.31660522776,221.62649536132812
2017-10-09,57558.82444867038,221.26052856445312
2017-10-10,57908.80321714789,221.8443145751953
2017-10-11,58308.5554246283,222.1928253173828
2017-10-12,58306.795761366375,221.86167907714844
2017-10-13,58534.8020692586,222.1318359375
2017-10-16,58659.61452984384,222.4280548095703
2017-10-17,59045.9133802881,222.5848846435547
2017-10-18,59091.65650687027,222.80270385742188
2017-10-19,58748.58141721194,222.8637237548828
2017-10-20,58806.377017238534,224.01380920410156
2017-10-23,58560.766378528824,223.1425018310547
2017-10-24,58740.29192175894,223.5345458984375
2017-10-25,58537.588940857175,222.4280548095703
2017-10-26,58744.610892928955,222.7156219482422
2017-10-27,60095.5338127988,224.5365447998047
2017-10-30,60063.422575266006,223.7001495361328
2017-10-31,60245.41715256064,224.04861450195312
2017-11-01,60275.48643274483,224.34483337402344
2017-11-02,59964.41644987575,224.43197631835938
2017-11-03,60457.46599094103,225.18130493164062
2017-11-06,60455.44184717646,225.52981567382812
2017-11-07,60566.627689164474,225.3729705810547
2017-11-08,60657.14339458637,225.75631713867188
2017-11-09,60417.771901588014,224.9373779296875
2017-11-10,60596.72409804859,224.86764526367188
2017-11-13,60757.91314045508,225.07672119140625
2017-11-14,60714.99423261518,224.55397033691406
2017-11-15,60245.643255790696,223.4300079345703
2017-11-16,61147.27348308314,225.3293914794922
2017-11-17,60747.30846812715,224.66722106933594
2017-11-20,60825.99705557451,225.05059814453125
2017-11-21,61495.86901329119,226.52301025390625
2017-11-22,61319.23512511457,226.3226776123047
2017-11-24,61711.69522332476,226.84544372558594
2017-11-27,61872.17786429276,226.73219299316406
2017-11-28,62184.883707315195,229.03231811523438
2017-11-29,61232.622357336935,228.89291381835938
2017-11-30,61889.82077887211,230.89686584472656
2017-12-01,61591.95581781808,230.41763305664062
2017-12-04,60716.04496066978,230.13882446289062
2017-12-05,60856.85630455837,229.31114196777344
2017-12-06,61230.404256449634,229.35470581054688
2017-12-07,61478.24703666736,230.07786560058594
2017-12-08,61823.240874264404,231.33248901367188
2017-12-11,62198.45309993569,232.029541015625
2017-12-12,62300.87544556614,232.43907165527344
2017-12-13,62306.02611526185,232.41290283203125
2017-12-14,62149.30309706699,231.4632110595703
2017-12-15,62790.75023467572,233.39065551757812
2017-12-18,63117.24583136439,234.8706512451172
2017-12-19,62804.79692567436,233.96864318847656
2017-12-20,62667.4239048168,233.8460693359375
2017-12-21,62687.496000650724,234.32777404785156
2017-12-22,62537.992872695846,234.2664337158203
2017-12-26,62485.14991940223,233.9862060546875
2017-12-27,62531.71528578751,234.09999084472656
2017-12-28,62678.66745190148,234.58169555664062
2017-12-29,62224.06912325306,233.69717407226562
2018-01-02,62779.09613613971,235.36981201171875
2018-01-03,63458.88829575329,236.8585662841797
2018-01-04,63744.55112659542,237.85687255859375
2018-01-05,64436.26587007649,239.44189453125
2018-01-08,64969.508945550755,239.8798370361328
2018-01-09,64983.777634098944,240.42276000976562
2018-01-10,64938.30705148821,240.05499267578125
2018-01-11,65300.29929998199,241.80642700195312
2018-01-12,65608.43158967343,243.38275146484375
2018-01-16,65617.90073346024,242.55078125
2018-01-17,66396.09340522617,244.8627471923828
2018-01-18,66579.99430925731,244.45114135742188
2018-01-19,66959.92160862811,245.5634002685547
2018-01-22,67703.01757023591,247.55999755859375
2018-01-23,67820.45830271454,248.0853729248047
2018-01-24,67533.29835788203,247.9890899658203
2018-01-25,67682.94477212091,248.09420776367188
2018-01-26,68439.54843210067,250.96656799316406
2018-01-29,68247.21255887584,249.3026123046875
2018-01-30,67588.44695472487,246.74557495117188
2018-01-31,67817.91934874615,246.86819458007812
2018-02-01,67684.460621771,246.58795166015625
2018-02-02,66289.02021434251,241.2197265625
2018-02-05,63345.5945777042,231.1313018798828
2018-02-06,65081.13424744163,235.6851043701172
2018-02-07,64868.941276735386,234.40655517578125
2018-02-08,61946.83738195957,225.61415100097656
2018-02-09,63098.571373134015,229.00323486328125
2018-02-12,63888.94155154057,232.36605834960938
2018-02-13,64326.49981993217,232.94406127929688
2018-02-14,65277.80966116195,236.087890625
2018-02-15,66169.28458046156,239.10043334960938
2018-02-16,66207.77345618057,239.17050170898438
2018-02-20,65765.2692410728,237.67298889160156
2018-02-21,65225.39759330878,236.49073791503906
2018-02-22,65649.72794057884,236.79727172851562
2018-02-23,66666.39294996619,240.57162475585938
2018-02-26,67385.61996921251,243.36517333984375
2018-02-27,66617.18058028456,240.32638549804688
2018-02-28,65799.66290788929,237.89186096191406
2018-03-01,64641.07507897449,234.43270874023438
2018-03-02,65021.205538820774,235.6413116455078
2018-03-05,65683.21027287704,238.36476135253906
2018-03-06,65596.6523179991,238.96908569335938
2018-03-07,65762.32520693372,238.88153076171875
2018-03-08,65953.28815446398,240.03741455078125
2018-03-09,66998.23226784251,244.21473693847656
2018-03-12,67227.20112930826,243.90823364257812
2018-03-13,66748.05328616328,242.3319091796875
2018-03-14,66338.49017981657,241.08831787109375
2018-03-15,66483.35440047181,240.82554626464844
2018-03-16,66569.58968691768,241.08668518066406
2018-03-19,65190.868671476754,237.8247833251953
2018-03-20,65576.79838244201,238.22923278808594
2018-03-21,65278.41677980818,237.77206420898438
2018-03-22,63630.06109278694,231.82835388183594
2018-03-23,62113.04140229596,226.88705444335938
2018-03-26,64035.1343968171,233.094482421875
2018-03-27,62047.87797521971,229.12911987304688
2018-03-28,61478.41016248161,228.4521484375
2018-03-29,62641.84394086073,231.37115478515625
2018-04-02,61004.99812566423,226.37710571289062
2018-04-03,62016.531844355064,229.27857971191406
2018-04-04,63003.071081594586,231.7316436767578
2018-04-05,63707.0395620684,233.56053161621094
2018-04-06,62267.642072870585,228.35540771484375
2018-04-09,62306.20678915526,229.4807891845703
2018-04-10,63674.102223853,233.12966918945312
2018-04-11,63164.226426650835,231.90756225585938
2018-04-12,63612.222264118944,233.8155059814453
2018-04-13,63520.2739903183,233.12966918945312
2018-04-16,63793.279985361594,235.04638671875
2018-04-17,64741.466560605855,237.56101989746094
2018-04-18,64785.23196499869,237.73690795898438
2018-04-19,64670.62798025541,236.4180450439453
2018-04-20,63911.56610164059,234.41334533691406
2018-04-23,63538.54601764538,234.3782501220703
2018-04-24,62561.165796426816,231.22174072265625
2018-04-25,62457.3386542101,231.7932586669922
2018-04-26,64088.079224468456,234.14956665039062
2018-04-27,64310.68473557262,234.36944580078125
2018-04-30,64062.0290751195,232.5669708251953
2018-05-01,64529.88408494194,232.9801483154297
2018-05-02,64451.08215575398,231.4152069091797
2018-05-03,64262.946850394845,230.90516662597656
2018-05-04,65283.31010906189,233.89456176757812
2018-05-07,65683.38676062135,234.68588256835938
2018-05-08,65774.04387267774,234.68588256835938
2018-05-09,66351.51402186301,236.95431518554688
2018-05-10,66958.34154509162,239.17005920410156
2018-05-11,67059.7537611694,239.89974975585938
2018-05-14,66994.38063275782,240.01414489746094
2018-05-15,66181.39612714587,238.36114501953125
2018-05-16,66411.5628921822,239.36337280273438
2018-05-17,66152.98220402072,239.1611785888672
2018-05-18,65831.52544980607,238.5633087158203
2018-05-21,66401.90393436809,240.35699462890625
2018-05-22,65986.132310773,239.688720703125
2018-05-23,66445.57861076266,240.3482208251953
2018-05-24,66226.84533002436,239.8557891845703
2018-05-25,66262.03194895187,239.28433227539062
2018-05-29,65812.31427870206,236.5323028564453
2018-05-30,66651.72521045606,239.688720703125
2018-05-31,66344.0187992309,238.2205047607422
2018-06-01,67280.15215010455,240.55918884277344
2018-06-04,68118.29512270856,241.7021942138672
2018-06-05,68144.60324367411,241.8780517578125
2018-06-06,69023.04370592568,243.9003448486328
2018-06-07,68714.74699286999,243.8740234375
2018-06-08,68927.97207831306,244.59490966796875
2018-06-11,69183.74505778482,244.92018127441406
2018-06-12,69560.0438074853,245.23675537109375
2018-06-13,69416.58600249595,244.4542236328125
2018-06-14,69895.69331959465,245.06967163085938
2018-06-15,69843.11359559577,244.75709533691406
2018-06-18,70168.49925785948,244.2537384033203
2018-06-19,69636.73331487575,243.3174285888672
2018-06-20,70085.69922680204,243.7325897216797
2018-06-21,69568.38311535862,242.2046356201172
2018-06-22,69233.37055903209,242.64617919921875
2018-06-25,68094.24520797504,239.3431396484375
2018-06-26,68554.8987447193,239.87306213378906
2018-06-27,67921.44475419757,237.88584899902344
2018-06-28,68493.7361204998,239.2460174560547
2018-06-29,68179.02820112236,239.59039306640625
2018-07-02,68442.4098508393,240.1026611328125
2018-07-03,67536.62072367799,239.25477600097656
2018-07-05,68337.19455385488,241.20660400390625
2018-07-06,68836.57993460723,243.246826171875
2018-07-09,69567.71078324593,245.4370880126953
2018-07-10,70011.01783451733,246.32034301757812
2018-07-11,69759.96167315409,244.51861572265625
2018-07-12,70561.95286558937,246.7353973388672
2018-07-13,70688.57979639337,246.9296417236328
2018-07-16,70551.72665821077,246.7089385986328
2018-07-17,71310.23911760915,247.7069091796875
2018-07-18,71358.73730731232,248.22793579101562
2018-07-19,70896.40553815072,247.291748046875
2018-07-20,71006.64346756008,247.0092010498047
2018-07-23,71037.38040924323,247.4684600830078
2018-07-24,71544.8534091641,248.71376037597656
2018-07-25,72401.38805914442,250.8334197998047
2018-07-26,71249.95601615515,250.24166870117188
2018-07-27,70655.660785676,248.5460205078125
2018-07-30,69781.82859210199,247.24771118164062
2018-07-31,69963.6820538764,248.46640014648438
2018-08-01,70430.56422476219,248.05133056640625
2018-08-02,71754.81488703587,249.40260314941406
2018-08-03,71954.55502423279,250.4712371826172
2018-08-06,72196.40326072923,251.38978576660156
2018-08-07,72913.6773261412,252.21995544433594
2018-08-08,73024.60859985973,252.114013671875
2018-08-09,72715.08806763467,251.7696075439453
2018-08-10,72438.93509822893,250.08270263671875
2018-08-13,72324.08804672233,249.1465301513672
2018-08-14,72647.35617288087,250.73619079589844
2018-08-15,72065.14545249635,248.86383056640625
2018-08-16,72777.72268618304,250.87759399414062
2018-08-17,72210.26948042719,251.7607421875
2018-08-20,72260.97430836284,252.29946899414062
2018-08-21,72461.28226857867,252.89122009277344
2018-08-22,72705.43250779637,252.74102783203125
2018-08-23,72835.0340283758,252.4054718017578
2018-08-24,73404.11980557685,253.92453002929688
2018-08-27,73944.49728475443,255.92938232421875
2018-08-28,73915.94297279215,256.05291748046875
2018-08-29,74414.51541253389,257.4306640625
2018-08-30,74337.63274090858,256.3885803222656
2018-08-31,74351.35198262788,256.3974304199219
2018-09-04,74219.36119457873,255.95584106445312
2018-09-05,73387.29567356587,255.26702880859375
2018-09-06,73104.88254075573,254.49856567382812
2018-09-07,72602.21873491479,254.00401306152344
2018-09-10,72964.4386017641,254.44558715820312
2018-09-11,73521.67790996804,255.2846221923828
2018-09-12,73421.72997867818,255.3463592529297
2018-09-13,73790.3793747063,256.856689453125
2018-09-14,73851.72894225687,256.9009094238281
2018-09-17,73274.10165687272,255.54071044921875
2018-09-18,73495.28042577807,256.9273681640625
2018-09-19,73823.5444672948,257.201171875
2018-09-20,74363.69027652152,259.28546142578125
2018-09-21,74180.84322663571,259.04852294921875
2018-09-24,74044.8527475932,258.18792724609375
2018-09-25,74098.8387226574,257.948486328125
2018-09-26,74057.29249142276,257.1766052246094
2018-09-27,74339.06611671098,257.8951110839844
2018-09-28,73883.8415793364,257.9217834472656
2018-10-01,74965.57968455883,258.81787109375
2018-10-02,74627.72274058704,258.66705322265625
2018-10-03,74507.03253343968,258.8089904785156
2018-10-04,73220.23697314253,256.7862854003906
2018-10-05,72282.99178834668,255.34906005859375
2018-10-08,71800.72953861211,255.34906005859375
2018-10-09,72185.16513400404,254.97637939453125
2018-10-10,69572.55049122783,246.90306091308594
2018-10-11,68387.90100367076,241.46463012695312
2018-10-12,69855.65174580405,244.818115234375
2018-10-15,69130.21423643973,243.44297790527344
2018-10-16,71205.94423850063,248.76614379882812
2018-10-17,71037.32081799126,248.81044006347656
2018-10-18,69777.82765712895,245.21734619140625
2018-10-19,70023.9552740336,245.0843048095703
2018-10-22,70098.17629626507,243.98416137695312
2018-10-23,70360.73665483613,242.7421112060547
2018-10-24,68222.91925730063,235.3874053955078
2018-10-25,70526.76088710103,239.61036682128906
2018-10-26,69179.5045123125,235.39625549316406
2018-10-29,68136.48670568848,234.0920867919922
2018-10-30,68906.50181416929,237.56100463867188
2018-10-31,70282.82155115827,240.09837341308594
2018-11-01,71041.57601050734,242.65341186523438
2018-11-02,70540.51850595961,241.21621704101562
2018-11-05,70438.4212996727,242.54698181152344
2018-11-06,70785.89716344135,244.0817413330078
2018-11-07,72604.85598670486,249.3072967529297
2018-11-08,72506.04786632245,248.85482788085938
2018-11-09,71927.61532512566,246.42398071289062
2018-11-12,69923.36285890685,241.81948852539062
2018-11-13,70070.65262294147,241.36695861816406
2018-11-14,69680.71791058195,239.71681213378906
2018-11-15,70285.68716047732,242.21864318847656
2018-11-16,69578.35240499303,242.8485870361328
2018-11-19,67742.60190845472,238.74095153808594
2018-11-20,66756.38066913826,234.32275390625
2018-11-21,66569.99597425257,235.12120056152344
2018-11-23,65961.1513500757,233.55091857910156
2018-11-26,67614.30803236293,237.32144165039062
2018-11-27,67880.12840114172,238.11984252929688
2018-11-28,69825.30911278445,243.60267639160156
2018-11-29,69372.09344489324,243.07037353515625
2018-11-30,70290.78669730698,244.55197143554688
2018-12-03,71400.5701945457,247.79025268554688
2018-12-04,69199.325188793,239.7611846923828
2018-12-06,69462.50553512336,239.39744567871094
2018-12-07,67766.03239671656,233.83477783203125
2018-12-10,68255.51163588438,234.2783966064453
2018-12-11,68318.67689464697,234.33168029785156
2018-12-12,68750.84205873589,235.51153564453125
2018-12-13,69122.4778754324,235.4317169189453
2018-12-14,67410.74809143806,231.0845489501953
2018-12-17,65575.85081689044,226.55099487304688
2018-12-18,65845.98641817593,226.30262756347656
2018-12-19,64542.70127943605,222.91357421875
2018-12-20,63255.28300565536,219.2850341796875
2018-12-21,61768.01184438752,214.7919921875
2018-12-24,60128.11709990066,209.11656188964844
2018-12-26,63786.95496755018,219.68211364746094
2018-12-27,64063.207548331564,221.3687286376953
2018-12-28,64206.20546415378,221.08314514160156
2018-12-31,64633.46739981841,223.01954650878906
2019-01-02,64538.21073441336,223.25155639648438
2019-01-03,62678.710613693496,217.9241943359375
2019-01-04,64874.695162838805,225.2236785888672
2019-01-07,65588.72629053387,226.99951171875
2019-01-08,66147.54380853054,229.13223266601562
2019-01-09,66457.5923515901,230.20306396484375
2019-01-10,66631.5064811312,231.0151824951172
2019-01-11,66561.59167537597,231.10433959960938
2019-01-14,66186.25441499562,229.69448852539062
2019-01-15,67213.46518035846,232.32696533203125
2019-01-16,67356.47220733028,232.88914489746094
2019-01-17,67582.95140814019,234.65603637695312
2019-01-18,67760.76772676525,237.7792205810547
2019-01-22,66721.99520801802,234.56671142578125
2019-01-23,66785.51639300275,235.0576171875
2019-01-24,66976.15543742919,235.18251037597656
2019-01-25,67639.38899350452,237.17250061035156
2019-01-28,66768.88726026744,235.36990356445312
2019-01-29,66280.58019862558,235.0576171875
2019-01-30,67748.89811889091,238.77871704101562
2019-01-31,68788.9942602748,240.87574768066406
2019-02-01,68723.06031248563,240.99180603027344
2019-02-04,69409.87682805244,242.6873016357422
2019-02-05,69848.57959685604,243.7045440673828
2019-02-06,69600.7781124047,243.38330078125
2019-02-07,68824.37010947433,241.06312561035156
2019-02-08,68672.93522883236,241.35755920410156
2019-02-11,68581.72350064052,241.49156188964844
2019-02-12,69440.98272623852,244.59689331054688
2019-02-13,69616.10059832387,245.39109802246094
2019-02-14,69498.48930839084,244.84683227539062
2019-02-15,70122.59888504959,247.51492309570312
2019-02-19,70233.93632521428,247.94329833984375
2019-02-20,70092.41667851232,248.44302368164062
2019-02-21,69652.63718815043,247.55963134765625
2019-02-22,70233.3049251557,249.09442138671875
2019-02-25,70342.53512274755,249.43350219726562
2019-02-26,70282.00680613186,249.25503540039062
2019-02-27,70059.03454408339,249.14804077148438
2019-02-28,69984.32272653544,248.68394470214844
2019-03-01,70116.81343152354,250.23667907714844
2019-03-04,69977.79178659525,249.32644653320312
2019-03-05,70133.30983205493,248.98733520507812
2019-03-06,69898.42023247527,247.47921752929688
2019-03-07,69188.83423652092,245.40895080566406
2019-03-08,69321.73530544754,244.91819763183594
2019-03-11,70652.10050891235,248.4697723388672
2019-03-12,70898.38339297511,249.40672302246094
2019-03-13,71475.71869446115,251.0577392578125
2019-03-14,71441.65436588954,250.8970489501953
2019-03-15,71515.3961825544,252.1365509033203
2019-03-18,71519.01778977038,253.05078125
2019-03-19,71832.87316248262,253.11355590820312
2019-03-20,71920.47036080233,252.3516845703125
2019-03-21,72810.40387928965,255.2019500732422
2019-03-22,71458.27278187212,250.29025268554688
2019-03-25,71332.54040137665,250.1019744873047
2019-03-26,71726.9073910246,251.96629333496094
2019-03-27,71501.03477096283,250.64871215820312
2019-03-28,71744.41175198488,251.5987548828125
2019-03-29,72236.12981292201,253.18527221679688
2019-04-01,73017.65826426185,256.187744140625
2019-04-02,73147.49774672088,256.3133239746094
2019-04-03,73628.67026046864,256.7167053222656
2019-04-04,73320.73700683803,257.3978271484375
2019-04-05,73708.04130216187,258.6437072753906
2019-04-08,73912.74667122796,258.8409118652344
2019-04-09,73628.96759398158,257.51434326171875
2019-04-10,73916.15661302542,258.3927307128906
2019-04-11,73625.27449224847,258.3210144042969
2019-04-12,73930.83717860658,260.0688171386719
2019-04-15,74043.98421453632,259.8984375
2019-04-16,74273.94471839655,260.0688171386719
2019-04-17,74568.1217380759,259.43243408203125
2019-04-18,74642.01560031158,259.9432678222656
2019-04-22,74874.50965945721,260.16748046875
2019-04-23,75451.54126292837,262.50665283203125
2019-04-24,75274.38985247354,261.9242248535156
2019-04-25,75427.84302965378,261.76275634765625
2019-04-26,75329.4488274603,262.98175048828125
2019-04-29,75635.61934127957,263.3940124511719
2019-04-30,75396.60027447785,263.52850341796875
2019-05-01,74824.84028010127,261.5476989746094
2019-05-02,74881.76744034611,260.9829406738281
2019-05-03,75724.71392096457,263.5374450683594
2019-05-06,75593.41270358626,262.4529113769531
2019-05-07,74207.69558566692,258.0700988769531
2019-05-08,74132.83999765727,257.7115478515625
2019-05-09,73688.70072258942,256.9317321777344
2019-05-10,73903.5887016455,258.2223815917969
2019-05-13,71828.76991945668,251.73333740234375
2019-05-14,72291.87564403177,254.00987243652344
2019-05-15,72929.52411071032,255.4976348876953
2019-05-16,73588.78609664003,257.86395263671875
2019-05-17,72916.88432304718,256.1968078613281
2019-05-20,72371.89125477518,254.50279235839844
2019-05-21,72748.51545457072,256.79742431640625
2019-05-22,72447.27166236716,256.0085754394531
2019-05-23,71648.20259765153,252.8804931640625
2019-05-24,71712.09343500569,253.45413208007812
2019-05-28,71419.99047936575,251.0968017578125
2019-05-29,70803.14556372809,249.411865234375
2019-05-30,70916.87230566634,250.0929718017578
2019-05-31,69879.7420050324,246.72299194335938
2019-06-03,68380.99101575234,246.09555053710938
2019-06-04,70200.09671588078,251.43743896484375
2019-06-05,70963.96965913923,253.6154022216797
2019-06-06,71621.77039604851,255.2646942138672
2019-06-07,72749.76171239003,257.8190612792969
2019-06-10,73543.4445339265,259.002197265625
2019-06-11,73789.68726410416,258.9394836425781
2019-06-12,73478.59207136277,258.48236083984375
2019-06-13,73799.51431241332,259.5489807128906
2019-06-14,73907.01953677511,259.2621154785156
2019-06-17,74389.0548601437,259.3607177734375
2019-06-18,74918.51578040823,262.07647705078125
2019-06-19,75120.39648314322,262.6680603027344
2019-06-20,75680.97488967466,265.177734375
2019-06-21,75679.34631686124,264.7922668457031
2019-06-24,75711.28048199977,264.4680480957031
2019-06-25,74739.58394329017,261.8740539550781
2019-06-26,74866.76483811645,261.61285400390625
2019-06-27,75141.74657951592,262.5406188964844
2019-06-28,75440.62870953979,263.89154052734375
2019-07-01,76080.4591117744,266.28729248046875
2019-07-02,76374.85844999131,266.9807434082031
2019-07-03,77138.6003028126,269.1152648925781
2019-07-05,76960.14872511258,268.8091125488281
2019-07-08,76738.87211039114,267.33203125
2019-07-09,76984.08781876983,267.665283203125
2019-07-10,77664.77258274381,268.9442443847656
2019-07-11,78301.47409014158,269.5746765136719
2019-07-12,78744.93504853727,270.7814636230469
2019-07-15,78955.41514927281,270.8716125488281
2019-07-16,78662.54882502985,269.9979553222656
2019-07-17,78487.94201515333,268.16058349609375
2019-07-18,78451.57632008455,269.1423034667969
2019-07-19,77892.67971263392,267.6473083496094
2019-07-22,78275.26149959794,268.3047180175781
2019-07-23,78671.64664139316,270.22308349609375
2019-07-24,78974.16121302091,271.49310302734375
2019-07-25,77881.55382364387,270.1961669921875
2019-07-26,78740.0047552612,272.00640869140625
2019-07-29,78813.18239811918,271.5110778808594
2019-07-30,78865.01755057894,270.8446044921875
2019-07-31,77749.06784925878,267.88140869140625
2019-08-01,77173.1676272819,265.5486755371094
2019-08-02,76541.48631486131,263.5492248535156
2019-08-05,73898.33050586074,255.6236572265625
2019-08-06,74966.72005321758,259.20806884765625
2019-08-07,75265.66920324655,259.3612976074219
2019-08-08,76762.52839773509,264.44989013671875
2019-08-09,76116.06012495015,262.648681640625
2019-08-12,75081.04258978747,259.4513244628906
2019-08-13,76510.49897704953,263.4862365722656
2019-08-14,74218.65218593861,255.69557189941406
2019-08-15,74808.85185478315,256.3710021972656
2019-08-16,75947.79375513835,260.1538391113281
2019-08-19,77161.95280494087,263.2880554199219
2019-08-20,76666.29639368466,261.2705993652344
2019-08-21,77170.5039620939,263.3962097167969
2019-08-22,76927.83790237686,263.3150634765625
2019-08-23,74806.31265866372,256.5511779785156
2019-08-26,75738.12736571097,259.3883056640625
2019-08-27,75509.54088772688,258.3705749511719
2019-08-28,75865.28616217246,260.1898193359375
2019-08-29,77045.31098465763,263.5131530761719
2019-08-30,77139.85577577351,263.3962097167969
2019-09-03,76532.49176891144,261.8560485839844
2019-09-04,77301.47974716166,264.8282470703125
2019-09-05,78725.29571480883,268.23272705078125
2019-09-06,78532.0515286545,268.43994140625
2019-09-09,78570.65404595423,268.5749206542969
2019-09-10,78354.47612703728,268.5119323730469
2019-09-11,78966.33892561747,270.42132568359375
2019-09-12,79344.32144705663,271.35797119140625
2019-09-13,79338.70429198434,271.1778259277344
2019-09-16,78676.51667299854,270.3401794433594
2019-09-17,78951.74527792781,271.0247497558594
2019-09-18,79032.57042530568,271.1867980957031
2019-09-19,79140.70196804535,271.16876220703125
2019-09-20,78471.73755711915,269.8876037597656
2019-09-23,78569.17793259895,269.8242492675781
2019-09-24,77603.35423171491,267.7069396972656
2019-09-25,78304.99896456405,269.2904968261719
2019-09-26,78190.29970536247,268.7294616699219
2019-09-27,77630.15137105771,267.2817687988281
2019-09-30,77998.78156281885,268.5212707519531
2019-10-01,77764.3853509724,265.32733154296875
2019-10-02,76662.9921675135,260.6404113769531
2019-10-03,77173.37915184123,262.7757568359375
2019-10-04,78248.38711413639,266.33172607421875
2019-10-07,78179.83545158689,265.1824951171875
2019-10-08,77268.43442448544,261.0657043457031
2019-10-09,78085.95553041488,263.544921875
2019-10-10,78511.83035918129,265.32733154296875
2019-10-11,79309.40583992984,268.0779724121094
2019-10-14,79370.67557392076,267.7794189453125
2019-10-15,80780.46234778584,270.4305114746094
2019-10-16,80768.19007087297,269.9962158203125
2019-10-17,81133.96387157166,270.79248046875
2019-10-18,80168.05482713127,269.6070861816406
2019-10-21,80856.72298010293,271.434814453125
2019-10-22,80465.89331358108,270.548095703125
2019-10-23,80684.85583276095,271.3352966308594
2019-10-24,82021.05500628463,271.7786560058594
2019-10-25,83059.67965183083,272.8916320800781
2019-10-28,83842.13067960703,274.4297180175781
2019-10-29,83016.5135174059,274.348388671875
2019-10-30,83500.31163567376,275.1897888183594
2019-10-31,83373.85255619578,274.4568786621094
2019-11-01,83957.02321906935,276.9994812011719
2019-11-04,84110.78303031971,278.1123352050781
2019-11-05,83826.21950824876,277.8047790527344
2019-11-06,84042.2060104225,277.86810302734375
2019-11-07,84612.18752971024,278.84527587890625
2019-11-08,84836.7412863319,279.532958984375
2019-11-11,84816.46070413686,278.9990539550781
2019-11-12,85153.94428150437,279.5872802734375
2019-11-13,85104.81856618046,279.6776428222656
2019-11-14,85366.48738747704,280.08477783203125
2019-11-15,86001.72507713507,282.11163330078125
2019-11-18,86563.59486245814,282.31964111328125
2019-11-19,86527.11028373316,282.23828125
2019-11-20,86162.12812327282,281.188720703125
2019-11-21,86012.83136658705,280.7362976074219
2019-11-22,85633.20305605998,281.360595703125
2019-11-25,86645.2635984326,283.541259765625
2019-11-26,86618.51648573294,284.18365478515625
2019-11-27,87081.3314345131,285.450439453125
2019-11-29,86805.9827800887,284.3918151855469
2019-12-02,86129.74757464931,281.9759216308594
2019-12-03,85727.57454882887,280.08477783203125
2019-12-04,86174.40562994793,281.8130798339844
2019-12-05,86381.72828661489,282.31964111328125
2019-12-06,87101.89930753951,284.89837646484375
2019-12-09,87065.03732150764,284.00274658203125
2019-12-10,87250.17512520029,283.6860046386719
2019-12-11,87569.78222086323,284.4913330078125
2019-12-12,88229.77417484121,286.9433288574219
2019-12-13,88496.57132157768,287.115234375
2019-12-16,89646.66549534058,289.0877990722656
2019-12-17,89822.54714966538,289.15106201171875
2019-12-18,90100.18165132619,289.1691589355469
2019-12-19,91002.56830086296,290.3544616699219
2019-12-20,91255.84985144068,291.62750244140625
2019-12-23,91545.39406102877,292.072998046875
2019-12-24,91671.55910082272,292.0820007324219
2019-12-26,92546.19451018245,293.636962890625
2019-12-27,92518.34270419941,293.56414794921875
2019-12-30,91474.80901861373,291.945556640625
2019-12-31,91813.86003660312,292.6548767089844
2020-01-02,93062.05153925618,295.391845703125
2020-01-03,92431.51887338537,293.155029296875
2020-01-06,93068.52420385102,294.27337646484375
2020-01-07,93048.07739018562,293.44598388671875
2020-01-08,94124.09745128933,295.0099182128906
2020-01-09,94783.51964176443,297.0102844238281
2020-01-10,94665.27905260134,296.15557861328125
2020-01-13,95934.76450853524,298.1922607421875
2020-01-14,95749.39163645968,297.7376403808594
2020-01-15,95878.15899623572,298.41046142578125
2020-01-16,96684.94413066124,300.89288330078125
2020-01-17,97136.01081470362,301.8293762207031
2020-01-21,97720.07152568287,301.2382507324219
2020-01-22,98131.3418372171,301.2746887207031
2020-01-23,98186.80132714243,301.6202392578125
2020-01-24,97241.72942936912,298.9378356933594
2020-01-27,95833.98849795674,294.1460876464844
2020-01-28,97142.42264308073,297.228515625
2020-01-29,97675.79381556605,296.9830017089844
2020-01-30,98599.14965840316,297.94677734375
2020-01-31,97063.0998312409,292.5367126464844
2020-02-03,99901.07475561471,294.7098083496094
2020-02-04,102820.88233669847,299.20147705078125
2020-02-05,101461.12150753941,302.65667724609375
2020-02-06,102114.04603031799,303.6751403808594
2020-02-07,101802.82287316838,302.0567321777344
2020-02-10,103154.69074505167,304.3116455078125
2020-02-11,102990.18199974917,304.8389892578125
2020-02-12,103739.50724761502,306.8030090332031
2020-02-13,104293.15645295248,306.4757080078125
2020-02-14,105058.19900803294,306.9666748046875
2020-02-18,106171.20502266537,306.1756286621094
2020-02-19,107849.78418412883,307.6395263671875
2020-02-20,107084.880659138,306.37567138671875
2020-02-21,105698.1960826092,303.2206115722656
2020-02-24,100906.91860967134,293.1640625
2020-02-25,97788.82771980701,284.2806091308594
2020-02-26,97535.46107211169,283.2349853515625
2020-02-27,92116.68521623494,270.514404296875
2020-02-28,92131.90644704388,269.3778381347656
2020-03-02,97468.40611339812,281.0436706542969
2020-03-03,94618.38954682017,272.9967041015625
2020-03-04,98661.1219732371,284.4715576171875
2020-03-05,95702.29412819624,275.0152587890625
2020-03-06,94173.20539133811,270.4689025878906
2020-03-09,87554.38235394719,249.3467559814453
2020-03-10,92298.59347862068,262.249267578125
2020-03-11,88289.20671519016,249.46499633789062
2020-03-12,80145.88035105493,225.5968475341797
2020-03-13,87405.91396337429,244.88233947753906
2020-03-16,76293.20942602523,218.0863494873047
2020-03-17,80599.80284569896,229.861328125
2020-03-18,76807.87733660548,218.2227783203125
2020-03-19,78082.0284978778,218.6864776611328
2020-03-20,74853.59210020478,209.26235961914062
2020-03-23,73780.78678860741,203.91188049316406
2020-03-24,81010.20905486852,222.38694763183594
2020-03-25,81480.33788709766,225.71615600585938
2020-03-26,85057.52860265189,238.89566040039062
2020-03-27,82395.47562925759,231.78001403808594
2020-03-30,85373.4469920693,239.30723571777344
2020-03-31,84328.74967133779,235.740234375
2020-04-01,80731.81393572997,225.1308135986328
2020-04-02,82333.25182305287,230.3257598876953
2020-04-03,81340.20529470762,226.99659729003906
2020-04-06,87316.90898241426,242.24313354492188
2020-04-07,86828.1899900678,242.49005126953125
2020-04-08,89237.09528487484,250.63009643554688
2020-04-09,89956.9627725872,254.444091796875
2020-04-13,90930.6860280422,252.12088012695312
2020-04-14,94459.7461077274,259.5566711425781
2020-04-15,93622.13788694692,254.0415496826172
2020-04-16,94677.93406246223,255.2671661376953
2020-04-17,96210.09220864544,262.1633605957031
2020-04-20,94481.97396243307,257.5445251464844
2020-04-21,91382.5690952714,249.72459411621094
2020-04-22,94228.316291193,255.2671661376953
2020-04-23,94151.44988770185,255.2488555908203
2020-04-24,95593.56382216743,258.8066711425781
2020-04-27,96986.73891307012,262.5382995605469
2020-04-28,95494.10165168365,261.3310241699219
2020-04-29,98377.16132231857,268.1722412109375
2020-04-30,98427.65318826988,265.6753845214844
2020-05-01,95621.79377688562,258.6421203613281
2020-05-04,97031.95443696056,259.3554382324219
2020-05-05,98046.96737021043,261.7516784667969
2020-05-06,97998.78533837649,259.977294921875
2020-05-07,98797.1558241324,263.1144714355469
2020-05-08,100484.34306899333,267.4680480957031
2020-05-11,100864.90745883822,267.52288818359375
2020-05-12,99212.58364840418,262.1907043457031
2020-05-13,97874.22918186817,257.5536804199219
2020-05-14,99417.9400285495,260.6358337402344
2020-05-15,100550.03147421723,261.8341064453125
2020-05-18,102557.91962312024,269.80950927734375
2020-05-19,101743.01649990235,267.0380554199219
2020-05-20,103438.48719011966,271.5745544433594
2020-05-21,102782.70265103733,269.6996765136719
2020-05-22,103091.94040356886,270.21185302734375
2020-05-26,103405.19697140047,273.5409240722656
2020-05-27,103793.27929764563,277.6109313964844
2020-05-28,103631.2663834247,277.098876953125
2020-05-29,104572.02103582353,278.33355712890625
2020-06-01,105642.94008388696,279.4584655761719
2020-06-02,106044.805142593,281.7724609375
2020-06-03,106412.68371150398,285.5223388671875
2020-06-04,105163.70216584315,284.7723693847656
2020-06-05,107580.11608245743,292.0710754394531
2020-06-08,108556.80197624216,295.6014709472656
2020-06-09,109178.13114130167,293.3971862792969
2020-06-10,110728.6354103239,291.75994873046875
2020-06-11,105032.30121269643,274.9403381347656
2020-06-12,105481.0017475894,278.2330322265625
2020-06-15,106768.43864700776,280.830322265625
2020-06-16,108239.32913591858,286.2358093261719
2020-06-17,108405.98032927363,285.0467529296875
2020-06-18,108482.82335810259,285.1565856933594
2020-06-19,108215.72979846605,283.5268249511719
2020-06-22,109348.88245158098,285.3456726074219
2020-06-23,110218.49471923002,286.6593933105469
2020-06-24,107502.30039162967,279.3471374511719
2020-06-25,108917.39235495872,282.34185791015625
2020-06-26,105414.13648183571,275.6358337402344
2020-06-29,107148.56503316107,279.6869812011719
2020-06-30,109605.53660247377,283.26959228515625
2020-07-01,110984.85926105166,285.2540283203125
2020-07-02,111935.49131245732,286.8247985839844
2020-07-06,114931.80024665444,291.2525634765625
2020-07-07,114610.31731011243,288.24871826171875
2020-07-08,115546.91626895206,290.453369140625
2020-07-09,115927.58058146095,288.7998352050781
2020-07-10,117802.77565643928,291.7486572265625
2020-07-13,116447.5484900944,289.2223815917969
2020-07-14,118250.3142546059,292.9704284667969
2020-07-15,118453.51036597813,295.6620178222656
2020-07-16,117744.44898067955,294.6883239746094
2020-07-17,117802.25645280397,295.5425720214844
2020-07-20,120528.4160488927,297.9310302734375
2020-07-21,119529.20488367682,298.56500244140625
2020-07-22,120183.12622008052,300.264404296875
2020-07-23,117703.79489491988,296.6817321777344
2020-07-24,116679.54252130087,294.7709655761719
2020-07-27,118219.14667209076,296.9205322265625
2020-07-28,117128.65527094575,295.0373229980469
2020-07-29,118391.00119983396,298.6659851074219
2020-07-30,118471.14681899433,297.60028076171875
2020-07-31,119189.17344048717,299.9520263671875
2020-08-03,120457.38560626708,302.0373840332031
2020-08-04,120957.05150909828,303.2039794921875
2020-08-05,121904.38376096472,305.0871887207031
2020-08-06,123215.79418046415,307.1265563964844
2020-08-07,122752.31738492432,307.3470153808594
2020-08-10,122510.68808954995,308.2656555175781
2020-08-11,121202.89740398231,305.72100830078125
2020-08-12,124483.16791170884,309.98345947265625
2020-08-13,124985.21490688407,309.42315673828125
2020-08-14,125195.58609793505,309.432373046875
2020-08-17,127539.72728105195,310.4152526855469
2020-08-18,128276.73452023261,311.0859375
2020-08-19,127769.60087605997,309.7906188964844
2020-08-20,129449.90428402943,310.7551574707031
2020-08-21,130776.016472648,311.8575439453125
2020-08-24,131460.2312650982,315.0176696777344
2020-08-25,132302.0667226699,316.1199035644531
2020-08-26,134737.31917619388,319.2892150878906
2020-08-27,135513.91645979774,319.9873962402344
2020-08-28,136636.76833617943,322.0543212890625
2020-08-31,138162.7876651936,320.8876953125
2020-09-01,139024.03029351597,323.9100036621094
2020-09-02,139936.85543059,328.5950012207031
2020-09-03,133270.49761346335,317.28662109375
2020-09-04,131915.65024609736,314.6960754394531
2020-09-08,125225.93583330918,306.09771728515625
2020-09-09,129357.63219300799,312.1422424316406
2020-09-10,127094.79414245587,306.7223815917969
2020-09-11,126799.09444863888,306.8785400390625
2020-09-14,129994.87057434057,310.9205322265625
2020-09-15,131588.87415222664,312.4913635253906
2020-09-16,129766.92754718763,311.2512512207031
2020-09-17,128054.62116254665,308.5136413574219
2020-09-18,127418.55788464383,304.9618835449219
2020-09-21,126953.8886515705,301.5677490234375
2020-09-22,127550.82324420249,304.63909912109375
2020-09-23,123272.10802995841,297.57415771484375
2020-09-24,124173.88174667225,298.3673400878906
2020-09-25,126821.72539423696,303.19110107421875
2020-09-28,128754.3643792776,308.22686767578125
2020-09-29,128610.05795358428,306.5482482910156
2020-09-30,130295.66292622068,308.8724670410156
2020-10-01,132042.496589367,310.85540771484375
2020-10-02,129495.45872974902,307.9041442871094
2020-10-05,131910.89241748015,313.3641052246094
2020-10-06,129870.39829890791,308.90936279296875
2020-10-07,131850.0834815106,314.2864685058594
2020-10-08,132518.4217691774,317.0718078613281
2020-10-09,134180.99883424037,319.9032897949219
2020-10-12,136890.9904771524,325.0498046875
2020-10-13,136478.73269824026,322.9284973144531
2020-10-14,135466.82558212304,320.8994445800781
2020-10-15,134771.11295171664,320.5028381347656
2020-10-16,134508.3560942669,320.30908203125
2020-10-19,131917.78175260025,315.4392395019531
2020-10-20,132536.2626888092,316.70294189453125
2020-10-21,132826.36348434273,316.10333251953125
2020-10-22,132999.47485835946,317.8373718261719
2020-10-23,133726.18282505166,318.9164733886719
2020-10-26,131291.49046806057,313.0228576660156
2020-10-27,131954.47415487282,311.9438171386719
2020-10-28,126376.81463136812,301.2818908691406
2020-10-29,127954.48906318685,304.343994140625
2020-10-30,125577.00056277608,301.1712341308594
2020-11-02,126705.10258861534,304.5469055175781
2020-11-03,129430.61776465125,309.9237976074219
2020-11-04,133638.72755615154,316.85052490234375
2020-11-05,136403.3883094115,323.0299072265625
2020-11-06,136361.2098000591,322.9560852050781
2020-11-09,136346.75903886792,327.0143127441406
2020-11-10,135063.90364144385,326.5347595214844
2020-11-11,136551.63956805025,328.96051025390625
2020-11-12,135935.80576268033,325.76922607421875
2020-11-13,136839.4548232699,330.279296875
2020-11-16,137716.11139777658,334.4020080566406
2020-11-17,137123.1773710402,332.6035461425781
2020-11-18,136722.17072958322,328.6007080078125
2020-11-19,137178.29730389995,329.9842224121094
2020-11-20,135525.4397612963,327.7244873046875
2020-11-23,136518.96441093148,329.6889343261719
2020-11-24,138712.97495142947,335.0015869140625
2020-11-25,139348.53952505096,334.4850158691406
2020-11-27,139974.96946291774,335.41656494140625
2020-11-30,139316.0117144325,333.9316101074219
2020-12-01,141210.6788568686,337.5839538574219
2020-12-02,141225.89330043076,338.2942199707031
2020-12-03,140875.35012111423,338.2020263671875
2020-12-04,141450.93876835017,341.1164855957031
2020-12-07,142215.04755369274,340.41546630859375
2020-12-08,142523.55189434523,341.4115905761719
2020-12-09,140088.28746553865,338.3495178222656
2020-12-10,139929.3420310221,338.2388916015625
2020-12-11,139435.4187417186,337.8421936035156
2020-12-14,139886.15142961388,336.3296203613281
2020-12-15,140957.32354998362,340.8766174316406
2020-12-16,141079.95836043972,341.4115905761719
2020-12-17,142422.07848981037,343.32073974609375
2020-12-18,142774.57417149955,341.95001220703125
2020-12-21,142085.6362718887,340.727294921875
2020-12-22,141339.12165185146,340.1530456542969
2020-12-23,141256.3436151176,340.45880126953125
2020-12-24,142202.04772510575,341.7832336425781
2020-12-28,144179.8434991275,344.71942138671875
2020-12-29,144123.66700110826,344.06182861328125
2020-12-30,144666.13900559684,344.5526428222656
2020-12-31,145358.04703746227,346.30316162109375
2021-01-04,144595.11450638226,341.5887756347656
2021-01-05,145083.51616394077,343.9413146972656
2021-01-06,144779.0696464107,345.99761962890625
2021-01-07,147645.44911733936,351.1383056640625
2021-01-08,148959.33225776674,353.13897705078125
2021-01-11,147026.76548721534,350.758544921875
2021-01-12,146968.2509877275,350.8325500488281
2021-01-13,147364.28915816566,351.7773132324219
2021-01-14,145261.04220699085,350.5453796386719
2021-01-15,144473.25883435825,347.98907470703125
2021-01-19,145656.36190500326,350.72149658203125
2021-01-20,148036.93537508496,355.574951171875
2021-01-21,149046.17464045493,355.8991394042969
2021-01-22,148974.54302393715,354.639404296875
2021-01-25,150121.078583568,356.0381164550781
2021-01-26,150612.42580403338,355.4822998046875
2021-01-27,146665.1322312396,346.7942199707031
2021-01-28,147305.5666045669,349.7767028808594
2021-01-29,143932.03356856992,342.7742919921875
2021-02-01,146450.68178663592,348.47991943359375
2021-02-02,148593.846510387,353.4075927734375
2021-02-03,149036.4783548578,353.68548583984375
2021-02-04,150210.86675440578,357.7052917480469
2021-02-05,150556.39002587413,359.1131591796875
2021-02-08,151227.95665934385,361.7066955566406
2021-02-09,150877.54378445563,361.4658203125
2021-02-10,150694.74883785256,361.308349609375
2021-02-11,151334.91979973222,361.8918762207031
2021-02-12,151297.88380667294,363.6795654296875
2021-02-16,151229.5313966401,363.36468505859375
2021-02-17,151353.2089443805,363.4480895996094
2021-02-18,150647.1036647948,361.901123046875
2021-02-19,149267.5578761487,361.2620849609375
2021-02-22,147351.2165978866,358.4833984375
2021-02-23,147285.10031638446,358.91864013671875
2021-02-24,148863.27095341252,362.87371826171875
2021-02-25,144611.5293151761,354.1299743652344
2021-02-26,144392.84767537873,352.30523681640625
2021-03-01,147437.0324923635,360.8451843261719
2021-03-02,145789.5173318607,358.0295104980469
2021-03-03,143364.44910800355,353.2871398925781
2021-03-04,141510.50170332272,348.91522216796875
2021-03-05,143713.21165719663,355.3340759277344
2021-03-08,142249.7855688127,353.5650634765625
2021-03-09,146088.32787120657,358.6130676269531
2021-03-10,146718.1608117519,360.8451843261719
2021-03-11,148918.2752897923,364.50390625
2021-03-12,148631.8406296674,364.99493408203125
2021-03-15,149416.28122882196,367.1715087890625
2021-03-16,149850.24679864192,366.7084045410156
2021-03-17,150047.05371862813,367.9588317871094
2021-03-18,147647.10219077655,362.6051025390625
2021-03-19,147489.11992947492,361.9342346191406
2021-03-22,148668.61377382017,364.8242492675781
2021-03-23,148699.04906632158,361.9527893066406
2021-03-24,147673.92668271557,360.1127624511719
2021-03-25,147818.7657183939,362.1387023925781
2021-03-26,149494.19562746017,367.9744873046875
2021-03-29,149953.3694246943,367.78863525390625
2021-03-30,149387.07920627345,366.8128356933594
2021-03-31,150560.1915225243,368.2997131347656
2021-04-01,152120.4911374996,372.2770690917969
2021-04-05,155289.3525173732,377.6203308105469
2021-04-06,154822.3266607318,377.39739990234375
2021-04-07,155711.39129365646,377.8340759277344
2021-04-08,156797.32282316964,379.6275634765625
2021-04-09,157912.23165477393,382.3875732421875
2021-04-12,158646.7428310344,382.5269775390625
2021-04-13,159770.8592685177,383.6606140136719
2021-04-14,158140.20575741126,382.35040283203125
2021-04-15,160931.44158563972,386.457763671875
2021-04-16,161224.5178063005,387.74951171875
2021-04-19,159887.94848952512,385.8443908691406
2021-04-20,159495.52703453196,383.0193786621094
2021-04-21,160738.56368376027,386.6437072753906
2021-04-22,158566.79862990836,383.1123046875
2021-04-23,160422.53187536908,387.2662353515625
2021-04-26,160454.7530587247,388.0747375488281
2021-04-27,159845.955751847,387.9909973144531
2021-04-28,160099.90884651602,387.8795166015625
2021-04-29,161620.42804798245,390.35137939453125
2021-04-30,160793.59876822904,387.78662109375
2021-05-03,160678.21529897244,388.6229248046875
2021-05-04,159318.94081448883,386.2254638671875
2021-05-05,158807.40643377887,386.3462829589844
2021-05-06,160370.13513458744,389.43145751953125
2021-05-07,161057.09017366715,392.2657165527344
2021-05-10,158422.01916598048,388.38140869140625
2021-05-11,157191.2482365533,384.9151306152344
2021-05-12,153493.91022624067,376.7375183105469
2021-05-13,155078.02097244616,381.26312255859375
2021-05-14,157502.06144453064,387.1175231933594
2021-05-17,157010.67477527264,386.1324768066406
2021-05-18,156148.60196130074,382.8057556152344
2021-05-19,155856.49035181548,381.8020324707031
2021-05-20,157827.75554344518,385.90948486328125
2021-05-21,157677.49579589136,385.59356689453125
2021-05-24,159913.22966831172,389.52435302734375
2021-05-25,159996.17660933104,388.6601257324219
2021-05-26,160043.33606844136,389.43145751953125
2021-05-27,159707.7367147914,389.6358642578125
2021-05-28,159947.64796396997,390.3328552246094
2021-06-01,159367.2158405561,389.9889831542969
2021-06-02,159842.6416707262,390.602294921875
2021-06-03,158923.22973963572,389.1527099609375
2021-06-04,160760.97854860954,392.71185302734375
2021-06-07,160896.10244286276,392.33074951171875
2021-06-08,160672.84386541435,392.4144592285156
2021-06-09,160354.9734887142,391.8290100097656
2021-06-10,161269.06754666602,393.6502990722656
2021-06-11,161530.50470977495,394.3008728027344
2021-06-14,162330.2771743919,395.1837463378906
2021-06-15,161310.11727127296,394.45880126953125
2021-06-16,160497.66821665413,392.2564392089844
2021-06-17,162194.48478916634,392.12628173828125
2021-06-18,160658.56074129735,386.8365173339844
2021-06-21,162084.83113543046,392.3742980957031
2021-06-22,163576.6744815541,394.4720153808594
2021-06-23,163840.66907285145,393.99664306640625
2021-06-24,164657.14654125154,396.327392578125
2021-06-25,164931.2133610024,397.7351379394531
2021-06-28,166237.71501362597,398.5369873046875
2021-06-29,166240.0959488092,398.7513732910156
2021-06-30,166412.6250396055,399.0870056152344
2021-07-01,167319.7312621026,401.29656982421875
2021-07-02,169222.70551720698,404.3638916015625
2021-07-06,169468.8766496159,403.6274108886719
2021-07-07,169675.78356449853,405.0538330078125
2021-07-08,168481.97910462075,401.7534484863281
2021-07-09,169750.4064984343,406.04205322265625
2021-07-12,170884.86441649668,407.4964904785156
2021-07-13,170778.19616672446,406.1072998046875
2021-07-14,171159.88564318576,406.71337890625
2021-07-15,170510.88292435324,405.32421875
2021-07-16,169167.42466516508,402.14501953125
2021-07-19,166792.99078642006,396.2061462402344
2021-07-20,168685.76314289644,401.8840637207031
2021-07-21,169853.42086229945,405.1377868652344
2021-07-22,170550.8398133797,405.9861145019531
2021-07-23,172953.91656391707,410.1629943847656
2021-07-26,173371.38842201224,411.1697692871094
2021-07-27,172211.79700572477,409.2958679199219
2021-07-28,171968.67293470495,409.1280212402344
2021-07-29,172538.53753023126,410.8249206542969
2021-07-30,171567.6396768291,408.82977294921875
2021-08-02,171264.14722261933,407.9720458984375
2021-08-03,172241.19351568312,411.29095458984375
2021-08-04,172149.12819579177,409.2678527832031
2021-08-05,173305.03739973644,411.8597717285156
2021-08-06,173002.76293596893,412.54034423828125
2021-08-09,172974.99518524387,412.2047424316406
2021-08-10,172844.95036870247,412.7174377441406
2021-08-11,172647.08335955278,413.7430419921875
2021-08-12,173333.81742694596,414.9830017089844
2021-08-13,173687.89856727672,415.7382507324219
2021-08-16,174156.70973604213,416.7171325683594
2021-08-17,172406.80127304848,413.9854736328125
2021-08-18,171034.25121701934,409.4543762207031
2021-08-19,171878.3498486441,410.08837890625
2021-08-20,173695.3616794524,413.3514709472656
2021-08-23,175536.98775994385,416.98748779296875
2021-08-24,175275.8472736917,417.6493835449219
2021-08-25,175387.67960062437,418.5258483886719
2021-08-26,174234.98222820106,416.0551452636719
2021-08-27,175724.6641590547,419.775146484375
2021-08-30,177094.05491978207,421.6211242675781
2021-08-31,176490.52534397054,420.99639892578125
2021-09-01,176968.04478509078,421.2201843261719
2021-09-02,176535.58676070627,422.51611328125
2021-09-03,177051.10100978793,422.4135437011719
2021-09-07,177446.69601946077,420.9031677246094
2021-09-08,177293.973078588,420.39044189453125
2021-09-09,176463.3777258424,418.591064453125
2021-09-10,174864.60963695653,415.2907409667969
2021-09-13,175490.29126508298,416.35345458984375
2021-09-14,174944.1387702434,414.1066589355469
2021-09-15,175895.7841529188,417.56561279296875
2021-09-16,175890.36296863487,416.90362548828125
2021-09-17,174492.48649724587,412.8424072265625
2021-09-20,171083.37567923332,405.9586486816406
2021-09-21,171531.34952295772,405.57525634765625
2021-09-22,172691.15683430634,409.531494140625
2021-09-23,174468.24916997828,414.5072937011719
2021-09-24,175306.43863866292,415.1900634765625
2021-09-27,174791.07485089987,414.0023193359375
2021-09-28,171048.86247577844,405.65936279296875
2021-09-29,171344.9449762633,406.3421630859375
2021-09-30,169539.4548255837,401.37567138671875
2021-10-01,171101.9830157887,406.1457214355469
2021-10-04,167694.34375914992,400.90802001953125
2021-10-05,169533.78022359227,405.07952880859375
2021-10-06,170847.0646050456,406.7630310058594
2021-10-07,172827.9866763719,410.27978515625
2021-10-08,172559.0485627054,409.531494140625
2021-10-11,171416.94943116503,406.5666809082031
2021-10-12,170766.35126937053,405.56585693359375
2021-10-13,170929.84968933737,407.0249938964844
2021-10-14,173801.27625038006,413.871337890625
2021-10-15,176101.3232894929,417.02325439453125
2021-10-18,177497.48897473578,418.2579345703125
2021-10-19,178706.75812545756,421.4847412109375
2021-10-20,178785.89916702575,423.14019775390625
2021-10-21,179996.65964058036,424.2438659667969
2021-10-22,179647.07530478548,423.8042297363281
2021-10-25,182091.7263984232,426.0769958496094
2021-10-26,182964.09181223525,426.46044921875
2021-10-27,182126.94297337532,424.5711975097656
2021-10-28,183524.36704526877,428.6678161621094
2021-10-29,185012.0051249386,429.53765869140625
2021-11-01,185655.121026289,430.2765197753906
2021-11-02,185711.31963112808,432.0162658691406
2021-11-03,187310.0068498881,434.6537170410156
2021-11-04,190180.30934851087,436.7020263671875
2021-11-05,190956.72250102597,438.21722412109375
2021-11-08,190745.2751674554,438.59136962890625
2021-11-09,188388.49117877398,437.1416320800781
2021-11-10,187586.53845071854,433.62493896484375
2021-11-11,187463.2685870706,433.76519775390625
2021-11-12,188839.9461354141,437.03875732421875
2021-11-15,188124.11753371035,437.18841552734375
2021-11-16,189445.85788363506,438.918701171875
2021-11-17,188727.41989520166,437.8525085449219
2021-11-18,191071.65819350898,439.3396301269531
2021-11-19,191975.22748610575,438.5539855957031
2021-11-22,190351.2599496822,437.3194274902344
2021-11-23,190547.4480545341,437.89923095703125
2021-11-24,192028.6214198059,439.0683898925781
2021-11-26,187283.15578467102,429.27569580078125
2021-11-29,190598.6711092401,434.5415344238281
2021-11-30,187787.77724842157,426.0863037109375
2021-12-01,185138.3806380852,421.3537292480469
2021-12-02,186614.01746592316,427.8073425292969
2021-12-03,184501.00790440207,424.0848388671875
2021-12-06,186978.2258084194,429.10748291015625
2021-12-07,191237.73680268836,437.98345947265625
2021-12-08,191803.7656802347,439.1432189941406
2021-12-09,190448.08917018503,436.1783142089844
2021-12-10,191991.78547382733,440.2842712402344
2021-12-13,189380.5829396364,436.3840637207031
2021-12-14,188707.06228860974,433.38177490234375
2021-12-15,192535.2403324118,440.15338134765625
2021-12-16,189321.70462276862,436.2718811035156
2021-12-17,186709.52262101724,431.6286315917969
2021-12-20,184696.46960941108,427.0390319824219
2021-12-21,188241.73565557864,434.6226806640625
2021-12-22,190996.35382846906,438.9683837890625
2021-12-23,192499.03093426576,441.6997375488281
2021-12-27,195391.99739054593,447.95068359375
2021-12-28,195339.00206455003,447.5846862792969
2021-12-29,195395.05562209227,448.1571350097656
2021-12-30,194595.47675561247,446.918212890625
2021-12-31,193721.61898674094,445.79193115234375
2022-01-03,197386.72249573068,448.3730163574219
2022-01-04,196075.41590811094,448.222900390625
2022-01-05,192266.72820693298,439.6160888671875
2022-01-06,191389.04504583988,439.20306396484375
2022-01-07,190029.11259923005,437.46661376953125
2022-01-10,189607.90884232312,436.9222717285156
2022-01-11,190682.57255053057,440.90185546875
2022-01-12,191728.37591232627,442.0939025878906
2022-01-13,188581.21908477228,436.0024719238281
2022-01-14,188343.05679209996,436.1808166503906
2022-01-18,184567.80459091088,428.4562072753906
2022-01-19,183246.3652747921,424.0072326660156
2022-01-20,181457.02102309157,419.3143615722656
2022-01-21,177637.84842359603,411.0829772949219
2022-01-24,177609.4705809439,412.82867431640625
2022-01-25,175019.7013474334,407.78851318359375
2022-01-26,176026.6206752216,406.7654724121094
2022-01-27,174940.4994792615,404.7568664550781
2022-01-28,180897.449702787,414.80914306640625
2022-01-31,184610.0424519888,422.2803039550781
2022-02-01,185693.0201110521,425.13360595703125
2022-02-02,188034.59205585238,429.2633972167969
2022-02-03,182007.41110812966,419.1735534667969
2022-02-04,183208.13216494082,421.1446533203125
2022-02-07,181650.81470054924,419.79302978515625
2022-02-08,183077.13502777775,423.2470397949219
2022-02-09,185436.22617881943,429.44171142578125
2022-02-10,181877.17236926226,421.7265625
2022-02-11,177917.9231288363,413.4105529785156
2022-02-14,178208.37799325306,412.0591125488281
2022-02-15,181393.50474900307,418.7042541503906
2022-02-16,181545.25553091647,419.1735534667969
2022-02-17,177909.93665528522,410.2194519042969
2022-02-18,176207.64723817,407.5632019042969
2022-02-22,173377.85414805557,403.18939208984375
2022-02-23,169573.95871742303,396.0373229980469
2022-02-24,172036.09509209712,401.99737548828125
2022-02-25,175302.86981489387,410.86712646484375
2022-02-28,174783.179052646,409.8158264160156
2022-03-01,172060.3666097961,403.57421875
2022-03-02,174124.43644847104,410.99853515625
2022-03-03,172914.4757156369,408.9523010253906
2022-03-04,171347.16620611455,405.62969970703125
2022-03-07,166010.10113038385,393.6720886230469
2022-03-08,164569.52565040052,390.6874084472656
2022-03-09,169606.68432719525,401.1621398925781
2022-03-10,168994.9273617954,399.3505859375
2022-03-11,166479.66356020587,394.2728271484375
2022-03-14,165867.59017462662,391.3913269042969
2022-03-15,170848.49855261145,399.9982604980469
2022-03-16,174753.99844559724,408.86785888671875
2022-03-17,176753.32320621336,413.98321533203125
2022-03-18,179547.51056321256,418.5174865722656
2022-03-21,179113.35371450539,418.3950500488281
2022-03-22,181423.66604012426,423.2908630371094
2022-03-23,179179.1775747758,417.839599609375
2022-03-24,182275.1185576782,424.13818359375
2022-03-25,182545.06540983912,426.20953369140625
2022-03-28,184960.81134259875,429.2412109375
2022-03-29,187318.36237432173,434.55126953125
2022-03-30,186122.53801318948,431.86798095703125
2022-03-31,183026.06257130386,425.2209167480469
2022-04-01,184103.3274415566,426.42608642578125
2022-04-04,186757.81300644614,430.07916259765625
2022-04-05,184478.48219121073,424.6466064453125
2022-04-06,181423.55378030599,420.4004211425781
2022-04-07,181646.42163696393,422.5188293457031
2022-04-08,181103.281538472,421.3890380859375
2022-04-11,177171.04164831774,414.1865539550781
2022-04-12,176284.51669971165,412.6518859863281
2022-04-13,178649.48124013894,417.3782653808594
2022-04-14,175889.7096464126,412.18115234375
2022-04-18,176171.3896764452,412.3506164550781
2022-04-19,179610.8334501256,419.0069580078125
2022-04-20,178629.07358093816,418.69635009765625
2022-04-21,176150.84228003287,412.43536376953125
2022-04-22,171773.5506085992,401.11846923828125
2022-04-25,173677.77572286082,403.4440612792969
2022-04-26,167780.67560918033,391.7598876953125
2022-04-27,168285.04586980699,392.8614807128906
2022-04-28,174416.08710321787,402.7849426269531
2022-04-29,167938.38604083643,387.8997802734375
2022-05-02,169395.44914793942,390.23468017578125
2022-05-03,169352.4235006738,392.0235900878906
2022-05-04,174126.55277272366,403.96185302734375
2022-05-05,166638.47605397174,389.6038818359375
2022-05-06,165404.70164840453,387.2783203125
2022-05-09,160548.4412602847,374.8787536621094
2022-05-10,160800.34783872718,375.744873046875
2022-05-11,157328.50320421238,369.7757873535156
2022-05-12,156636.2059265871,369.3897705078125
2022-05-13,160705.62143018527,378.22113037109375
2022-05-16,159749.67305891096,376.68646240234375
2022-05-17,161594.5413319501,384.43499755859375
2022-05-18,154516.81349196218,368.9378356933594
2022-05-19,153354.77657785054,366.6782531738281
2022-05-20,153188.35564580004,366.8382873535156
2022-05-23,156871.81167459005,373.70184326171875
2022-05-24,154570.21470321735,370.84906005859375
2022-05-25,155851.7005792878,374.1255187988281
2022-05-26,159430.16545353128,381.6011047363281
2022-05-27,163483.199313411,390.968994140625
2022-05-31,163135.32053306542,388.7753601074219
2022-06-01,161488.38593381338,385.6307067871094
2022-06-02,165095.02979960616,392.9744567871094
2022-06-03,161426.1251960024,386.525146484375
2022-06-06,162178.26560033936,387.7020263671875
2022-06-07,163018.7091651261,391.4209899902344
2022-06-08,161927.8832149166,387.1653747558594
2022-06-09,158101.33952452635,377.95745849609375
2022-06-10,153325.00574333334,366.9983825683594
2022-06-13,147540.0758809918,353.0640869140625
2022-06-14,146925.20992351096,352.0001525878906
2022-06-15,149545.7321423206,357.01837158203125
2022-06-16,145419.04337369182,345.2024841308594
2022-06-17,145877.04682716657,345.9466857910156
2022-06-21,149772.81666267305,354.6554260253906
2022-06-22,149860.8916955421,354.012451171875
2022-06-23,152044.33019478506,357.48260498046875
2022-06-24,156577.89194169344,368.84844970703125
2022-06-27,155782.19287438242,367.4396057128906
2022-06-28,151317.09210293664,359.9317626953125
2022-06-29,152089.30134659007,359.6385192871094
2022-06-30,150377.77103511244,356.7167053222656
2022-07-01,151646.20043098682,360.48956298828125
2022-07-05,153511.00446133234,361.17041015625
2022-07-06,154403.68825494975,362.39013671875
2022-07-07,156758.21318928487,367.8177185058594
2022-07-08,156859.3343255091,367.5151672363281
2022-07-11,154653.7452574878,363.3168640136719
2022-07-12,153475.79929259804,360.1018371582031
2022-07-13,153225.78542341932,358.2107849121094
2022-07-14,153344.57113798842,357.34088134765625
2022-07-15,156296.90473284057,364.16790771484375
2022-07-18,155204.1021039821,361.1610107421875
2022-07-19,158898.80926887816,370.91925048828125
2022-07-20,160080.50218042114,373.2831726074219
2022-07-21,162195.61556363647,377.0843505859375
2022-07-22,160027.02816970047,373.5857238769531
2022-07-25,159630.09249184153,374.03961181640625
2022-07-26,156211.7128142924,369.6143493652344
2022-07-27,160814.3911654298,379.2119140625
2022-07-28,162114.40637781346,383.9680480957031
2022-07-29,164289.56520813,389.56585693359375
2022-08-01,164266.92163283768,388.4122619628906
2022-08-02,163354.28925212694,385.8498229980469
2022-08-03,166494.04466679037,391.89202880859375
2022-08-04,166602.53007072164,391.6273498535156
2022-08-05,166010.30237031876,390.96527099609375
2022-08-08,165220.37468312163,390.511474609375
2022-08-09,164073.90931702818,388.9607238769531
2022-08-10,167657.610917987,397.1304626464844
2022-08-11,166631.67927944096,397.1304626464844
2022-08-12,169394.67184852326,403.8535461425781
2022-08-15,170677.4811999495,405.5177001953125
2022-08-16,171850.99306249406,406.3119812011719
2022-08-17,170458.07647603334,403.42791748046875
2022-08-18,170558.24541138572,404.6005554199219
2022-08-19,168011.2976750928,399.1634216308594
2022-08-22,164511.47797474026,390.8518981933594
2022-08-23,163584.26292493433,389.90631103515625
2022-08-24,163778.85536532145,391.1544189453125
2022-08-25,166100.34349501145,396.67657470703125
2022-08-26,160197.83454671115,383.24951171875
2022-08-29,159110.86779031059,380.71539306640625
2022-08-30,157707.19131378978,376.5359191894531
2022-08-31,156683.1569928891,373.6708984375
2022-09-01,157549.12590902604,374.8433837890625
2022-09-02,155486.3692294564,370.8907775878906
2022-09-06,154924.7123667263,369.4914245605469
2022-09-07,157534.08417164034,376.12939453125
2022-09-08,158408.44407845262,378.58782958984375
2022-09-09,160886.27398887157,384.4692077636719
2022-09-12,162419.445589625,388.6014404296875
2022-09-13,154981.1255836509,371.70404052734375
2022-09-14,155589.15840127793,373.1224060058594
2022-09-15,154144.97430582924,368.8862609863281
2022-09-16,153733.63854717184,366.07208251953125
2022-09-19,154746.5302180951,368.9109191894531
2022-09-20,153538.73240790216,364.6763610839844
2022-09-21,150989.33351102952,358.3149719238281
2022-09-22,150032.0932781775,355.30523681640625
2022-09-23,147993.12442605523,349.3521728515625
2022-09-26,147059.61060178553,345.8961486816406
2022-09-27,146573.6482342223,345.0131530761719
2022-09-28,149090.0948401488,351.80169677734375
2022-09-29,145881.17510657985,344.45294189453125
2022-09-30,143948.79603992862,339.12646484375
2022-10-03,146203.47984204788,348.079833984375
2022-10-04,150157.44249690938,358.86572265625
2022-10-05,149725.09572689523,358.0301208496094
2022-10-06,148269.94181389225,354.3367919921875
2022-10-07,143458.69906200774,344.45294189453125
2022-10-10,142404.05329918963,341.8229675292969
2022-10-11,141100.30304730023,339.6582336425781
2022-10-12,140894.11081060822,338.537841796875
2022-10-13,144237.43068375246,347.4722595214844
2022-10-14,140963.63331680384,339.5537109375
2022-10-17,145555.38579923238,348.279296875
2022-10-18,146914.03396651824,352.37139892578125
2022-10-19,146074.86059819438,349.87432861328125
2022-10-20,145171.0966603082,346.94049072265625
2022-10-21,148412.15996452374,355.37176513671875
2022-10-24,149831.3072896269,359.7201843261719
2022-10-25,152691.2336894913,365.4644470214844
2022-10-26,150800.06531579202,362.71099853515625
2022-10-27,147747.24049676213,360.7740478515625
2022-10-28,151060.4147452305,369.3571472167969
2022-10-31,149476.91857017248,366.689208984375
2022-11-01,148586.94727759823,365.0845947265625
2022-11-02,144503.90953857833,355.9223327636719
2022-11-03,142368.53755064736,352.2574462890625
2022-11-04,144438.0720877258,357.3275451660156
2022-11-07,146140.010887222,360.74560546875
2022-11-08,146594.30463684117,362.6919250488281
2022-11-09,143182.45758951243,355.2197265625
2022-11-10,152445.75232341336,374.7405700683594
2022-11-11,153569.98587694223,378.36749267578125
2022-11-14,152249.56981348354,375.14886474609375
2022-11-15,154150.42763923362,378.3485107421875
2022-11-16,153317.42402166093,375.4621887207031
2022-11-17,152633.50120104555,374.31329345703125
2022-11-18,153112.07380695821,376.01287841796875
2022-11-21,151539.80639314908,374.6456604003906
2022-11-22,153942.9625518351,379.68719482421875
2022-11-23,155739.9704326402,382.079833984375
2022-11-25,155730.8618189826,381.9944763183594
2022-11-28,153722.7604426415,375.89892578125
2022-11-29,152721.8775485139,375.2532653808594
2022-11-30,158910.50875656243,387.07403564453125
2022-12-01,159144.56997797903,386.7891540527344
2022-12-02,159036.5076513842,386.3429260253906
2022-12-05,156423.42368597953,379.39288330078125
2022-12-06,153536.85088887045,373.92401123046875
2022-12-07,153210.2131680305,373.28790283203125
2022-12-08,155014.60696869422,376.2122497558594
2022-12-09,154022.2974812211,373.4018859863281
2022-12-12,156146.7924038033,378.7853088378906
2022-12-13,157219.93369703714,381.65264892578125
2022-12-14,156581.9361905456,379.2124938964844
2022-12-15,152500.97460627736,369.93634033203125
2022-12-16,151011.85078973006,365.5688171386719
2022-12-19,149259.24703260176,362.4689025878906
2022-12-20,149059.15697691252,362.96490478515625
2022-12-21,150962.01892226396,368.39215087890625
2022-12-22,147877.66505410007,363.13653564453125
2022-12-23,148428.60666341434,365.2255554199219
2022-12-27,146685.38226060127,363.78521728515625
2022-12-28,145350.33622625825,359.26416015625
2022-12-29,148200.86390821985,365.7309875488281
2022-12-30,147945.67576310295,364.7676086425781
2023-01-03,147362.76352748612,363.23193359375
2023-01-04,148158.69033461582,366.0362243652344
2023-01-05,146139.0666867974,361.8585510253906
2023-01-06,149258.99028251457,370.15667724609375
2023-01-09,149914.80354013835,369.9468994140625
2023-01-10,150856.43226481564,372.541259765625
2023-01-11,153021.44381613046,377.2530517578125
2023-01-12,153722.3148935134,378.6265869140625
2023-01-13,154532.05180436547,380.0954895019531
2023-01-17,154688.92232645917,379.3991394042969
2023-01-18,152321.44713908093,373.4092102050781
2023-01-19,151243.10717282162,370.6908264160156
2023-01-20,154487.30654069225,377.5964050292969
2023-01-23,156842.10926553578,382.1270751953125
2023-01-24,157036.09147855436,381.7170104980469
2023-01-25,156881.15859483375,381.8599853515625
2023-01-26,158821.21703156835,386.0567626953125
2023-01-27,161024.60097291844,386.9437561035156
2023-01-30,157859.92975802452,382.0888366699219
2023-01-31,160153.22016169594,387.7069091796875
2023-02-01,162706.773966825,391.8273620605469
2023-02-02,167922.3807061692,397.5312194824219
2023-02-03,166140.54514359293,393.3058166503906
2023-02-06,165503.67149630137,390.9021911621094
2023-02-07,167942.15234192432,396.01458740234375
2023-02-08,165937.6059328533,391.6842956542969
2023-02-09,164676.24491743205,388.2887268066406
2023-02-10,163484.2491390649,389.19482421875
2023-02-13,165672.40339094517,393.7635803222656
2023-02-14,166787.6497767435,393.5823974609375
2023-02-15,167063.42714384675,394.8605041503906
2023-02-16,164185.24889293234,389.4237365722656
2023-02-17,163973.7415619069,388.4508361816406
2023-02-21,160593.63261236533,380.6581726074219
2023-02-22,160468.75494933003,380.133544921875
2023-02-23,162772.4334022425,382.1557312011719
2023-02-24,161001.78831964938,378.0733337402344
2023-02-27,161800.81864913224,379.36102294921875
2023-02-28,161648.64857480073,377.9589538574219
2023-03-01,160101.7912419033,376.5090026855469
2023-03-02,160788.20123190436,379.43731689453125
2023-03-03,164082.66189862616,385.5226745605469
2023-03-06,164313.33746257663,385.78973388671875
2023-03-07,162055.29696649287,379.8760681152344
2023-03-08,162374.30009806767,380.4960632324219
2023-03-09,159507.60330143958,373.4759521484375
2023-03-10,158241.9690946417,368.0869445800781
2023-03-13,158857.26566885278,367.56231689453125
2023-03-14,162656.50927082822,373.63812255859375
2023-03-15,163100.24237844627,371.3013000488281
2023-03-16,166341.74478924958,377.81573486328125
2023-03-17,165438.37714365713,373.3980712890625
2023-03-20,166202.9639258254,376.9885559082031
2023-03-21,168628.78328671126,381.9385986328125
2023-03-22,166953.94395904205,375.42791748046875
2023-03-23,168513.76139659708,376.44281005859375
2023-03-24,168587.47486554438,378.9130859375
2023-03-27,168215.06462438294,379.6216125488281
2023-03-28,167244.3819498086,378.76947021484375
2023-03-29,169312.95329927848,384.2748718261719
2023-03-30,170370.66739110812,386.5248718261719
2023-03-31,173176.8566407647,391.9727783203125
2023-04-03,173864.99656983453,393.4663391113281
2023-04-04,173420.66907711036,391.28338623046875
2023-04-05,172979.95007958976,390.2589416503906
2023-04-06,174173.07495672157,391.78131103515625
2023-04-10,173806.7113561485,392.183349609375
2023-04-11,173461.77455885708,392.2887268066406
2023-04-12,172209.8957734251,390.6896667480469
2023-04-13,175246.70596079816,395.8791809082031
2023-04-14,175903.3442284809,394.912109375
2023-04-17,175923.42234864735,396.3292236328125
2023-04-18,175785.92187227885,396.58770751953125
2023-04-19,175399.67023456327,396.52069091796875
2023-04-20,174209.0281859232,394.3568115234375
2023-04-21,174892.87050641284,394.6632080078125
2023-04-24,174836.72365312,395.0748596191406
2023-04-25,172373.65775044358,388.80352783203125
2023-04-26,172160.89651706288,387.15673828125
2023-04-27,176920.36572849174,394.8642883300781
2023-04-28,177936.4683816911,398.2344970703125
2023-05-01,178226.43325413327,397.8323669433594
2023-05-02,176806.5442388188,393.3611145019531
2023-05-03,175733.12970500853,390.6610412597656
2023-05-04,174810.45394896442,387.89398193359375
2023-05-05,178082.99139214147,395.0748596191406
2023-05-08,178545.66916871277,395.1802673339844
2023-05-09,177782.31539384054,393.4472961425781
2023-05-10,178941.2107040637,395.28558349609375
2023-05-11,179787.3351170003,394.5961608886719
2023-05-12,179185.0489580364,394.0791931152344
2023-05-15,179457.57567509986,395.4387512207031
2023-05-16,179337.84150942368,392.796142578125
2023-05-17,182003.761024147,397.56427001953125
2023-05-18,184083.6440084749,401.3941650390625
2023-05-19,183360.3490773328,400.81011962890625
2023-05-22,183465.05690257272,400.97283935546875
2023-05-23,181486.64810421574,396.4727783203125
2023-05-24,180700.43313095925,393.6004333496094
2023-05-25,184225.26332236503,397.0090026855469
2023-05-26,187451.57680568614,402.1504821777344
2023-05-30,187966.7935067282,402.3037109375
2023-05-31,186691.59561269043,400.0727844238281
2023-06-01,189905.60075828462,403.8739318847656
2023-06-02,191924.42711594055,409.71441650390625
2023-06-05,191864.47256171805,408.9294128417969
2023-06-06,192162.55697084972,409.8197021484375
2023-06-07,189691.88653644672,408.4026794433594
2023-06-08,191699.734782766,410.87298583984375
2023-06-09,192491.71284044607,411.61016845703125
2023-06-12,194751.7313956701,415.3442687988281
2023-06-13,195912.76540448668,418.0825500488281
2023-06-14,196444.6208450374,418.5804443359375
2023-06-15,198584.7995396528,423.7698669433594
2023-06-16,197958.54254257353,422.326416015625
2023-06-20,199061.95793543075,420.13531494140625
2023-06-21,197397.91065285244,417.98260498046875
2023-06-22,199411.22061892852,419.4914245605469
2023-06-23,198267.6124333602,416.32012939453125
2023-06-26,195092.47218311782,414.61907958984375
2023-06-27,197781.51384067442,419.16473388671875
2023-06-28,197548.5373552032,419.37615966796875
2023-06-29,198079.59289439456,421.02899169921875
2023-06-30,201328.33718042122,425.9974670410156
2023-07-03,202209.02714322944,426.4877014160156
2023-07-05,202638.73892589836,425.8533020019531
2023-07-06,201111.8182884744,422.5186767578125
2023-07-07,199762.66037007963,421.451904296875
2023-07-10,199427.17382973112,422.5186767578125
2023-07-11,200451.06377597255,425.2094421386719
2023-07-12,202419.283793231,428.63067626953125
2023-07-13,204674.27973782696,432.03265380859375
2023-07-14,206072.28690804038,431.7635803222656
2023-07-17,207257.26602831043,433.26275634765625
2023-07-18,208324.5386011419,436.48211669921875
2023-07-19,208648.40521942187,437.4527587890625
2023-07-20,206047.92260895818,434.55047607421875
2023-07-21,205439.6889945852,434.55047607421875
2023-07-24,207061.0518599835,436.49176025390625
2023-07-25,207600.676339303,437.6833801269531
2023-07-26,208135.44971332845,437.7507019042969
2023-07-27,207355.27492799828,434.8484191894531
2023-07-28,210634.75982151827,439.1058044433594
2023-07-31,210340.2330782399,439.9417419433594
2023-08-01,209842.98385968004,438.6828308105469
2023-08-02,206590.98882687668,432.58038330078125
2023-08-03,207227.72644040454,431.3406677246094
2023-08-04,206726.74359929343,429.3898620605469
2023-08-07,209037.09923715814,433.1378173828125
2023-08-08,207701.8064343926,431.2542419433594
2023-08-09,205422.29011225112,428.3711853027344
2023-08-10,205718.31675964876,428.5249328613281
2023-08-11,205313.6162289304,428.2750244140625
2023-08-14,207053.76457781758,430.6391296386719
2023-08-15,204999.53017466862,425.6226806640625
2023-08-16,203351.9931834725,422.4994812011719
2023-08-17,201188.17479514182,419.28009033203125
2023-08-18,200870.00257274066,419.4818115234375
2023-08-21,203112.3348250918,422.211181640625
2023-08-22,202500.87760415857,421.0674743652344
2023-08-23,204767.8630354577,425.7572326660156
2023-08-24,202241.80467795552,419.8565979003906
2023-08-25,203396.28696739586,422.8164978027344
2023-08-28,204537.3056661474,425.497802734375
2023-08-29,208075.18894334417,431.6482238769531
2023-08-30,208744.85049574715,433.42608642578125
2023-08-31,208478.38571713993,432.79180908203125
2023-09-01,207932.3451308046,433.5991516113281
2023-09-05,207983.25572272125,431.7251892089844
2023-09-06,206165.23982168373,428.8228759765625
2023-09-07,206496.62448359028,427.50628662109375
2023-09-08,206475.15220737137,428.1501159667969
2023-09-11,209228.2559471319,430.9659729003906
2023-09-12,207679.46004022876,428.60186767578125
2023-09-13,208910.22809394018,429.1015625
2023-09-14,210086.86941742923,432.8014221191406
2023-09-15,207383.94508804282,427.5870056152344
2023-09-18,207442.7155970667,427.8377380371094
2023-09-19,206745.97156299307,426.950439453125
2023-09-20,204621.83712771971,423.0252990722656
2023-09-21,201632.57226363494,416.03338623046875
2023-09-22,201109.12481298222,415.0979309082031
2023-09-25,201999.15580020196,416.8434753417969
2023-09-26,199189.60886670178,410.71954345703125
2023-09-27,198870.0485956924,410.8834533691406
2023-09-28,200519.27343190377,413.2655334472656
2023-09-29,199704.200508237,412.2625427246094
2023-10-02,201548.97137619925,412.0986633300781
2023-10-03,198618.16602726735,406.5822448730469
2023-10-04,201143.51262419936,409.5429992675781
2023-10-05,201346.08219204473,409.3886413574219
2023-10-06,203670.13454623733,414.2492980957031
2023-10-09,203886.7306347519,416.9013366699219
2023-10-10,205155.75123515722,419.0713195800781
2023-10-11,206066.1094252536,420.78790283203125
2023-10-12,205593.27512157406,418.22259521484375
2023-10-13,204372.88355266154,416.13946533203125
2023-10-16,206371.11226987277,420.51788330078125
2023-10-17,205579.47889139454,420.4985656738281
2023-10-18,202561.84843103398,414.8953552246094
2023-10-19,200295.697682365,411.24993896484375
2023-10-20,197918.7064148922,406.19647216796875
2023-10-23,198522.5706253566,405.4924621582031
2023-10-24,200064.73206656557,408.5496520996094
2023-10-25,197036.16111033483,402.68603515625
2023-10-26,192829.54149892775,397.86407470703125
2023-10-27,192981.60327784152,396.06060791015625
2023-10-30,195606.27602451097,400.79583740234375
2023-10-31,196591.08827106064,403.31292724609375
2023-11-01,199308.0808087345,407.6141662597656
2023-11-02,202363.24416689275,415.4258117675781
2023-11-03,203465.0563822608,419.2159423828125
2023-11-06,204532.10285673107,420.1802673339844
2023-11-07,205860.45993271391,421.3761901855469
2023-11-08,206180.2451955121,421.6848449707031
2023-11-09,204454.03070228253,418.3961486816406
2023-11-10,207817.65611286796,424.9251708984375
2023-11-13,208041.10426439284,424.5201721191406
2023-11-14,211307.34051547412,432.756103515625
2023-11-15,211612.49769399216,433.67230224609375
2023-11-16,211207.8216908342,434.2027587890625
2023-11-17,211037.57733737593,434.7427978515625
2023-11-20,212540.42859217338,438.0893249511719
2023-11-21,212501.34597652312,437.1344909667969
2023-11-22,213101.2481106742,438.82220458984375
2023-11-24,213023.57056291844,439.0922546386719
2023-11-27,212850.39046591648,438.3014221191406
2023-11-28,213971.523123789,438.73541259765625
2023-11-29,212847.8134517044,438.4267272949219
2023-11-30,213210.474820258,440.1531066894531
2023-12-01,213365.94046173416,442.7569885253906
2023-12-04,211765.96676417068,440.4328308105469
2023-12-05,212650.7698208574,440.345947265625
2023-12-06,211420.27915407953,438.5715026855469
2023-12-07,213472.16029303055,441.9179382324219
2023-12-08,214015.24835752766,443.8178405761719
2023-12-11,212999.1437838145,445.5440979003906
2023-12-12,214515.3212173519,447.5790100097656
2023-12-13,216595.12383485207,453.75115966796875
2023-12-14,216104.74489929038,455.2073974609375
2023-12-15,216882.82224297267,454.4579772949219
2023-12-18,218732.44782098362,457.0142822265625
2023-12-19,219734.77427937236,459.7933349609375
2023-12-20,216893.17143057284,453.421875
2023-12-21,218981.65506042505,457.7210998535156
2023-12-22,219068.3329774379,458.6409912109375
2023-12-26,219686.5876094538,460.5776062011719
2023-12-27,220267.4750253584,461.410400390625
2023-12-28,220157.2131810879,461.5847473144531
2023-12-29,219553.99183295557,460.2484436035156
2024-01-02,218539.8261292309,457.6727600097656
2024-01-03,217097.19283087124,453.93505859375
2024-01-04,216614.6531524167,452.47283935546875
2024-01-05,216913.2763067987,453.09259033203125
2024-01-08,220346.8586185673,459.5609436035156
2024-01-09,220782.5582904568,458.8638000488281
2024-01-10,223326.79387266637,461.4588623046875
2024-01-11,223063.0673940692,461.2554931640625
2024-01-12,222530.67430978763,461.57501220703125
2024-01-16,222326.8852877501,459.88043212890625
2024-01-17,221610.5316849075,457.32415771484375
2024-01-18,223321.03791145416,461.3909912109375
2024-01-19,225611.68881522113,467.1428527832031
2024-01-22,225611.6356537224,468.1305236816406
2024-01-23,226351.34159395122,469.4958190917969
2024-01-24,226767.31989572063,470.009033203125
2024-01-25,226389.8150338865,472.56536865234375
2024-01-26,226644.16955805736,471.96502685546875
2024-01-29,228858.9423333106,475.70269775390625
2024-01-30,228998.5901700299,475.3347473144531
2024-01-31,225452.82966995717,467.5785217285156
2024-02-01,228280.776048357,473.6983642578125
2024-02-02,233940.09021562577,478.6850891113281
2024-02-05,233095.69881300602,476.942138671875
2024-02-06,233732.5911963173,478.326904296875
2024-02-07,236375.774331691,482.31622314453125
2024-02-08,235781.73629885566,482.52923583984375
2024-02-09,237630.21375242763,485.31805419921875
2024-02-12,236946.8209909315,485.10498046875
2024-02-13,234501.24956673098,478.4235534667969
2024-02-14,236504.63616399647,482.7713623046875
2024-02-15,238021.89864949233,486.1023864746094
2024-02-16,236939.4591469222,483.68157958984375
2024-02-20,235308.25205183798,481.0187683105469
2024-02-21,235560.95271764425,481.4544982910156
2024-02-22,242800.79779553218,491.41839599609375
2024-02-23,242676.20997647126,491.7573547363281
2024-02-26,242255.10316822943,489.95623779296875
2024-02-27,242246.0248147896,490.8664245605469
2024-02-28,241730.91449205184,490.2177429199219
2024-02-29,242588.82058598418,491.9800109863281
2024-03-01,244257.41994873923,496.598876953125
2024-03-04,242621.09450234164,496.0663146972656
2024-03-05,240745.61513878114,491.1085510253906
2024-03-06,241704.12943036013,493.5971374511719
2024-03-07,244310.8486481202,498.49676513671875
2024-03-08,242318.47124953356,495.5046691894531
2024-03-11,241714.37929891376,495.0785827636719
2024-03-12,246040.52896642152,500.4043884277344
2024-03-13,245462.8211210313,499.6199951171875
2024-03-14,244638.61108513945,498.6323547363281
2024-03-15,243006.0760910707,495.20843505859375
2024-03-18,245289.0389706613,498.15155029296875
2024-03-19,246703.4240188075,500.9197998046875
2024-03-20,249151.7101089298,505.5528869628906
2024-03-21,249610.80277055435,507.2236328125
2024-03-22,249555.6963931787,506.26202392578125
2024-03-25,248185.75872603996,504.8634338378906
2024-03-26,247401.13165699065,503.9308166503906
2024-03-27,248188.97938511663,508.1658935546875
2024-03-28,247505.90685330483,508.0687255859375
2024-04-01,246960.9750474903,507.18475341796875
2024-04-02,244392.95184467043,503.96014404296875
2024-04-03,243977.46973270702,504.5136413574219
2024-04-04,241943.53975819077,498.3555603027344
2024-04-05,244058.60148803113,503.56170654296875
2024-04-08,244805.0862981622,503.8434143066406
2024-04-09,244990.54621313704,504.4262390136719
2024-04-10,243523.83577952758,499.3753662109375
2024-04-11,245096.60882667784,503.1441345214844
2024-04-12,241824.65351713492,496.19915771484375
2024-04-15,238510.89442980802,489.9827880859375
2024-04-16,238219.01554969183,489.089111328125
2024-04-17,237347.95186858057,486.1945495605469
2024-04-18,237146.74907299902,485.19415283203125
2024-04-19,234756.59666653763,480.9591979980469
2024-04-22,236243.9791252396,485.3883972167969
2024-04-23,238594.95048567283,491.14825439453125
2024-04-24,239793.58074478613,490.9151611328125
2024-04-25,238540.89512319263,489.0502624511719
2024-04-26,241747.12249952258,493.6834716796875
2024-04-29,243115.52891355543,495.43182373046875
2024-04-30,239032.69735222618,487.5835876464844
2024-05-01,239130.5279885829,486.0002746582031
2024-05-02,241489.3784517798,490.54608154296875
2024-05-03,244192.68972122847,496.6265563964844
2024-05-06,246577.10996445108,501.755126953125
2024-05-07,246785.90899967102,502.3088073730469
2024-05-08,246706.91031069725,502.3573303222656
2024-05-09,247702.09824553833,505.2518310546875
2024-05-10,247812.94692820281,505.90264892578125
2024-05-13,247817.72532897937,505.9705810546875
2024-05-14,248930.53955416864,508.2920837402344
2024-05-15,251183.9040495124,514.5862426757812
2024-05-16,252126.48085558388,513.5274658203125
2024-05-17,252873.63361204255,514.2657470703125
2024-05-20,251443.6035885564,514.8582153320312
2024-05-21,253460.59496868018,516.1209716796875
2024-05-22,252349.67548193148,514.6348876953125
2024-05-23,250921.10824320416,510.8758850097656
2024-05-24,252619.0187013585,514.2559814453125
2024-05-28,252972.05828799185,514.615478515625
2024-05-29,251559.39901457456,511.0118408203125
2024-05-30,250208.208233687,507.62188720703125
2024-05-31,251654.13616174948,512.2454223632812
2024-06-03,252707.91294604016,512.6630859375
2024-06-04,253780.31987424567,513.2361450195312
2024-06-05,256136.74936375124,519.3360595703125
2024-06-06,256988.58018878917,519.3262939453125
2024-06-07,256167.8678152539,518.6949462890625
2024-06-10,256954.94164537324,520.2976684570312
2024-06-11,257762.38033121487,521.5506591796875
2024-06-12,259159.67346248022,525.8341674804688
2024-06-13,260677.40855134418,526.8929443359375
2024-06-14,260797.314148411,527.2135009765625
2024-06-17,262622.4494635226,531.4094848632812
2024-06-18,262799.46947594034,532.7596435546875
2024-06-20,262487.37324508576,531.3123168945312
2024-06-21,262201.7665098663,530.60009765625
2024-06-24,261086.85712872105,528.8753051757812
2024-06-25,262345.4428341051,530.9119262695312
2024-06-26,264575.0404771135,531.5746459960938
2024-06-27,264253.3245839957,532.41259765625
2024-06-28,263113.0230977205,530.3175659179688
2024-07-01,264742.12660270766,531.4088745117188
2024-07-02,268498.38118929917,534.9851684570312
2024-07-03,270375.3766888177,537.37255859375
2024-07-05,273408.920238004,540.4713134765625
2024-07-08,273225.5987311776,541.094970703125
2024-07-09,274521.01511699776,541.6211547851562
2024-07-10,276738.3978060813,546.980712890625
2024-07-11,271649.5097238836,542.2642822265625
2024-07-12,272826.57312530547,545.6846923828125
2024-07-15,273937.973918713,547.1854248046875
2024-07-16,276033.1549706651,550.4302978515625
2024-07-17,274806.6721035264,542.7125854492188
2024-07-18,272755.67653664923,538.5418701171875
2024-07-19,270719.70008930395,534.9656372070312
2024-07-22,273423.9531980625,540.4810791015625
2024-07-23,272325.6071101531,539.63330078125
2024-07-24,264250.66167750256,527.40380859375
2024-07-25,263121.30066967406,524.6559448242188
2024-07-26,266128.6612848825,530.5318603515625
2024-07-29,267282.36268220405,530.8436889648438
2024-07-30,265631.5519783497,528.154296875
2024-07-31,269547.64825540624,536.7391357421875
2024-08-01,267408.9305922478,529.1383666992188
2024-08-02,264251.9779057296,519.2867431640625
2024-08-05,255845.29243573302,504.1631774902344
2024-08-06,257909.90996611305,508.8113708496094
2024-08-07,255799.79686843898,505.41046142578125
2024-08-08,260484.55484294193,517.0941772460938
2024-08-09,261518.14601928886,519.3743896484375
2024-08-12,261641.6397227505,519.6472778320312
2024-08-13,265574.17046597623,528.1932373046875
2024-08-14,266109.2853073236,529.8594970703125
2024-08-15,271596.42034567107,538.94140625
2024-08-16,272224.77231104014,540.1497192382812
2024-08-19,274398.68002321036,545.3143310546875
2024-08-20,274957.25389465917,544.4275512695312
2024-08-21,275906.64424050617,546.2985229492188
2024-08-22,273192.1444326192,542.0108032226562
2024-08-23,276028.35329933127,547.77001953125
2024-08-26,275104.2861382977,546.4641723632812
2024-08-27,275013.1138454489,547.2145385742188
2024-08-28,273603.5686866,544.0377807617188
2024-08-29,273888.17731139896,544.0864868164062
2024-08-30,276760.4675399237,549.2804565429688
2024-09-03,273244.6321310782,537.9767456054688
2024-09-04,273708.49463158107,536.8756713867188
2024-09-05,274111.47050547064,535.5697631835938
2024-09-06,269112.4505137102,526.55615234375
2024-09-09,272479.3632011263,532.4514770507812
2024-09-10,274327.7410463138,534.770751953125
2024-09-11,276188.1952404813,540.2568969726562
2024-09-12,278335.6695846396,544.8076171875
2024-09-13,279572.73664418946,547.6530151367188
2024-09-16,279906.25739721674,548.4619140625
2024-09-17,279759.4627201436,548.6859741210938
2024-09-18,278927.62537784036,547.0587158203125
2024-09-19,282670.6435168631,556.3939208984375
2024-09-20,282507.13441799086,555.4320678710938
2024-09-23,284140.2763516559,556.820068359375
2024-09-24,284127.6577870692,558.4132690429688
2024-09-25,284147.7257914414,557.181640625
2024-09-26,283955.0134662782,559.3906860351562
2024-09-27,284603.1759068064,558.5794677734375
2024-09-30,286138.7355200852,560.81787109375
2024-10-01,284643.1763519627,555.7937622070312
2024-10-02,283868.26199518546,556.0282592773438
2024-10-03,283400.3285892583,555.0118408203125
2024-10-04,286038.00264995015,560.0552978515625
2024-10-07,282368.111340907,554.9923095703125
2024-10-08,285340.2091213599,560.2410888671875
2024-10-09,286667.31489473814,564.12158203125
2024-10-10,286284.07976981474,563.1343994140625
2024-10-11,286757.366969605,566.506591796875
2024-10-14,288764.3106047553,571.1396484375
2024-10-15,287033.8649254316,566.7020263671875
2024-10-16,288488.6399912641,569.1652221679688
2024-10-17,288432.018094106,569.2140502929688
2024-10-18,289503.75517805835,571.403564453125
2024-10-21,289031.1503289689,570.4652099609375
2024-10-22,289607.74461427185,570.1622314453125
2024-10-23,287025.24223183707,564.9523315429688
2024-10-24,290537.3101607402,566.1741943359375
2024-10-25,290984.69324440986,565.9786987304688
2024-10-28,291739.5554419023,567.7284545898438
2024-10-29,291282.45329772524,568.6470947265625
2024-10-30,291902.0029606735,566.9268188476562
2024-10-31,286523.76788745605,555.8132934570312
2024-11-01,288412.17065362685,558.1591186523438
2024-11-04,286676.6358724783,556.9568481445312
2024-11-05,290046.29487849196,563.6914672851562
2024-11-06,298911.9588551863,577.7080688476562
2024-11-07,301753.9492563934,582.1748657226562
2024-11-08,304352.97642804496,584.6966552734375
2024-11-11,306195.6658479318,585.25390625
2024-11-12,304924.7875529944,583.4358520507812
2024-11-13,305081.91154730716,583.7192993164062
2024-11-14,302424.0265638732,579.9659423828125
2024-11-15,300807.6589010096,572.5374145507812
2024-11-18,302642.1812927139,574.88330078125
2024-11-19,304639.8767962471,576.9848022460938
2024-11-20,303759.52213619667,577.1802368164062
2024-11-21,304099.2249171844,580.2786865234375
2024-11-22,305649.7013050743,582.0772705078125
2024-11-25,306305.6312280953,584.0516967773438
2024-11-26,308586.59467097785,587.1011352539062
2024-11-27,308036.9580991576,585.322265625
2024-11-29,310220.57995537284,588.9583740234375
2024-12-02,312353.4490365178,590.0140380859375
2024-12-03,312250.49099951,590.2876586914062
2024-12-04,314032.4209480526,593.9530639648438
2024-12-05,314322.4669958889,592.9757690429688
2024-12-06,316164.00423596025,594.0997924804688
2024-12-09,314576.36257360125,591.0403442382812
2024-12-10,316358.4691264763,589.2026977539062
2024-12-11,319652.9752669793,593.7576293945312
2024-12-12,317141.0428309337,590.6982421875
2024-12-13,317395.7122071067,590.5809936523438
2024-12-16,319597.8708538333,593.1027221679688
2024-12-17,320339.02214499534,590.6590576171875
2024-12-18,311058.39548139874,573.0553588867188
2024-12-19,311191.98459546757,572.8794555664062
2024-12-20,312405.7166917786,579.7603149414062
2024-12-23,314636.55427277787,583.2320556640625
2024-12-24,319889.887911478,589.7147216796875
2024-12-26,319256.2520818331,589.7540283203125
2024-12-27,314879.46049405105,583.5458984375
2024-12-30,311181.36328616366,576.88671875
