cash_change,cost_basis,date,price,realized_pnl,shares,ticker,type
-667.1333333333332,,2010-01-05,6.416513392305373,,103.97131472262704,AAPL,buy
-667.1333333333332,,2010-01-05,23.00775905189514,,28.996015293300882,MSFT,buy
-667.1333333333333,,2010-01-05,15.479002656841278,,43.09924535341296,GOOGL,buy
-667.1333333333333,,2010-01-05,6.7392140812873835,,98.99274979047581,AMZN,buy
-667.1333333333332,,2010-01-05,39.34487825889587,,16.95604009608276,JNJ,buy
-667.1333333333332,,2010-01-05,28.717767895317074,,23.230681986329472,JPM,buy
-667.1333333333332,,2010-01-05,19.318132068634032,,34.53404971884042,V,buy
-667.1333333333332,,2010-01-05,23.44955826835632,,28.44971857033175,MA,buy
-667.1333333333332,,2010-01-05,12.759044292736052,,52.287092828194346,WMT,buy
-667.1333333333332,,2010-01-05,37.61916090888977,,17.733870645043634,PG,buy
-667.1333333333333,,2010-01-05,0.42929190990328786,,1554.0319254644864,NVDA,buy
-667.1333333333333,,2010-01-05,19.309733860015868,,34.54906930202429,HD,buy
-667.1333333333332,,2010-01-05,24.099155887603757,,27.6828506543873,UNH,buy
-667.1333333333332,,2010-01-05,40.85286823310852,,16.33014674824389,CVX,buy
57.88045087043406,6.416513392305373,2010-04-01,7.052835054588318,5.222096423139838,8.206692829542234,AAPL,sell
-45.07354518110003,,2010-04-01,21.77143203964233,,2.0703068635553343,MSFT,buy
-68.23088253031499,,2010-04-01,14.109932413959502,,4.835663313511802,GOOGL,buy
-23.489927955787962,,2010-04-01,6.595113227844238,,3.561717160004875,AMZN,buy
15.206503747110148,39.34487825889587,2010-04-01,40.729945323944094,0.5171140630594682,0.3733494760713718,JNJ,sell
14.436793901462023,28.717767895317074,2010-04-01,29.695592948341368,0.47537891520655506,0.48615947580425,JPM,sell
33.29343370044157,19.318132068634032,2010-04-01,20.521934778785706,1.9529701341940537,1.622334056672777,V,sell
-14.412412077604118,,2010-04-01,23.26722170715332,,0.6194298682929187,MA,buy
17.00380433755014,12.759044292736052,2010-04-01,13.242577645111083,0.6208690433844701,1.2840252700974446,WMT,sell
19.934922752818355,37.61916090888977,2010-04-01,39.21010922813415,0.808858543681545,0.5084128339666698,PG,sell
-63.98967383575445,,2010-04-01,0.39405152345299715,,162.38910403143564,NVDA,buy
77.08175768003794,19.309733860015868,2010-04-01,21.78043736515045,8.743909302148609,3.539036263953623,HD,sell
23.38549972409147,24.099155887603757,2010-04-01,25.242977709388732,1.0596548951439075,0.9264160509634962,UNH,sell
-27.62559590978946,,2010-04-01,39.726080582809445,,0.6954020005120718,CVX,buy
135.3798204381169,6.416513392305373,2010-07-01,7.426742485713959,18.41515759164878,18.228694572153643,AAPL,sell
-37.03210644538031,,2010-07-01,17.369741943168638,,2.1319894427069883,MSFT,buy
-54.049943575029225,,2010-07-01,10.902204184627532,,4.957707878122612,GOOGL,buy
-7.2756567492586965,,2010-07-01,5.5518834587574,,1.3104844154792659,AMZN,buy
36.30917708878899,39.34487825889587,2010-07-01,36.91491065711975,-2.390094474084613,0.9835910867032283,JNJ,sell
-35.778861627132976,,2010-07-01,23.78010985088348,,1.5045709145790056,JPM,buy
-43.39127697233715,,2010-07-01,16.202583722305295,,2.6780467680967774,V,buy
-36.04379967112384,,2010-07-01,18.597115319824216,,1.938139278660156,MA,buy
15.962743074238482,12.759044292736052,2010-07-01,11.603264999771119,-1.5900186632373021,1.3757113256099345,WMT,sell
63.73670352228193,37.61916090888977,2010-07-01,37.12969931716919,-0.8402079448731996,1.716596274530275,PG,sell
-168.94579598805453,,2010-07-01,0.23752931386828421,,711.2629310323318,NVDA,buy
10.629516077865691,19.309733860015868,2010-07-01,18.912230146980285,-0.2234147996236011,0.5620445603324526,HD,sell
-3.2715177743362505,,2010-07-01,21.429409267616272,,0.15266486040192007,UNH,buy
24.009049038200104,40.85286823310852,2010-07-01,35.232251453018186,-3.830174295788833,0.6814508879801764,CVX,sell
6.037411278753518,6.416513392305373,2010-10-01,8.444151519870758,1.4497235479238872,0.7149814003865629,AAPL,sell
-39.33636705340103,,2010-10-01,18.38226433048248,,2.1399086829673806,MSFT,buy
40.003097016555394,15.479002656841278,2010-10-01,13.020547086811066,-7.553126302843857,3.072305391612602,GOOGL,sell
149.00761365717088,6.7392140812873835,2010-10-01,7.680120294857025,18.255207493703296,19.401729131372264,AMZN,sell
-41.10308963566987,,2010-10-01,39.00823988380432,,1.0537027499345157,JNJ,buy
-29.31842908475802,,2010-10-01,25.57943368206024,,1.146171938330287,JPM,buy
-68.34416237524528,,2010-10-01,16.33200966053009,,4.184675603052945,V,buy
-10.136410122401122,,2010-10-01,20.622896846389768,,0.4915124290201547,MA,buy
-9.352146989260296,,2010-10-01,12.90103700494766,,0.7249143604249539,WMT,buy
-62.3857393950778,,2010-10-01,37.86291891403198,,1.6476737975940274,PG,buy
-19.063731699212997,,2010-10-01,0.2597260536193847,,73.39938151584101,NVDA,buy
13.168032141677976,19.309733860015868,2010-10-01,21.737256629562378,1.4705488553036012,0.6057816938946026,HD,sell
86.58071742182524,24.099155887603757,2010-10-01,27.32415574378967,10.218899491426086,3.168651146394655,UNH,sell
57.171057018336334,40.85286823310852,2010-10-01,43.18737995109558,3.0904051760062075,1.3237908176665396,CVX,sell
39.94878588673064,6.416513392305373,2011-01-03,9.850417801952362,13.926344524117393,4.055542281547972,AAPL,sell
32.278831950185385,23.00775905189514,2011-01-03,21.19655300502777,-2.758166179195456,1.5228340165747198,MSFT,sell
29.08171628161241,15.479002656841278,2011-01-03,14.970828691864012,-0.987157850467046,1.9425588843600252,GOOGL,sell
60.676556462189126,6.7392140812873835,2011-01-03,9.20455274219513,16.2515512319518,6.592015729785345,AMZN,sell
-51.234152031860226,,2011-01-03,40.02567522315979,,1.280032173004166,JNJ,buy
12.585490284768555,28.717767895317074,2011-01-03,28.720121928977964,0.0010315648325729398,0.43821158962664697,JPM,sell
-91.7325461629452,,2011-01-03,15.739788984298706,,5.828067088729931,V,buy
-79.10602194388966,,2011-01-03,20.275940126800535,,3.9014724569702253,MA,buy
-49.895382762777565,,2011-01-03,13.26411733074188,,3.761681348153971,WMT,buy
-13.023062886045341,,2011-01-03,41.07768446044921,,0.3170349803573842,PG,buy
187.39277751745072,0.42929190990328786,2011-01-03,0.3615083070963621,-35.1365580009857,518.363683043942,NVDA,sell
8.644289317078819,19.309733860015868,2011-01-03,24.30832015686035,1.7775488329708677,0.35561031207823746,HD,sell
-34.764395323074964,,2011-01-03,28.76986160163879,,1.2083615765845295,UNH,buy
17.223121220650707,40.85286823310852,2011-01-03,48.86669403533936,2.8244819085405055,0.3524511236261514,CVX,sell
-1.31370242707064,,2011-04-01,10.312873255634306,,0.1273847156371204,AAPL,buy
-94.22925857548074,,2011-04-01,19.44395441188812,,4.846198287621398,MSFT,buy
-48.86561221137047,,2011-04-01,14.68048189458847,,3.3286109108845636,GOOGL,buy
-49.896104225809054,,2011-04-01,9.012804794311522,,5.536135017292423,AMZN,buy
-65.86142613054747,,2011-04-01,38.24675140419006,,1.7220136014828213,JNJ,buy
12.521632333338605,28.717767895317074,2011-04-01,30.580694150161744,0.7627975190080836,0.4094620047489137,JPM,sell
5.215031521479584,19.318132068634032,2011-04-01,16.575787350082397,-0.8627894318358731,0.31461742427901385,V,sell
72.75194388513128,23.44955826835632,2011-04-01,23.26067793674469,-0.5907571277063681,3.1276794289045924,MA,sell
-61.12171678595922,,2011-04-01,12.762186940574646,,4.789282359721263,WMT,buy
-58.67042107829278,,2011-04-01,39.663540650177,,1.4792028174123928,PG,buy
73.91997439148848,0.42929190990328786,2011-04-01,0.4158945853292942,-2.381204094398001,177.73728487703352,NVDA,sell
16.966092297023867,19.309733860015868,2011-04-01,26.03381129608154,4.382044453467968,0.6516945254027213,HD,sell
132.32172285872727,24.099155887603757,2011-04-01,35.39263486404419,42.22269975015523,3.73867962549334,UNH,sell
100.1380411985136,40.85286823310852,2011-04-01,58.005780932235716,29.611860247969645,1.7263458846541209,CVX,sell
-34.44248212987932,,2011-07-01,10.273966645526885,,3.3524035378171106,AAPL,buy
-10.643208096484347,,2011-07-01,19.98617902526855,,0.5325284079076908,MSFT,buy
-121.50219662665548,,2011-07-01,12.924924182415008,,9.400611942618987,GOOGL,buy
90.7939700940099,6.7392140812873835,2011-07-01,10.467167552661895,32.33689479879973,8.674168024655359,AMZN,sell
74.35498161866673,39.34487825889587,2011-07-01,43.58210390853882,7.229087332601594,1.706089769661137,JNJ,sell
-101.14638195037908,,2011-07-01,27.790676285171507,,3.639579724957919,JPM,buy
109.1677679544783,19.318132068634032,2011-07-01,19.683241193389893,2.0249789055471155,5.546229245574629,V,sell
149.3340760803239,23.44955826835632,2011-07-01,28.86593958492279,28.02092401075555,5.173366196551033,MA,sell
-6.600819353538605,,2011-07-01,13.186707797145843,,0.5005661348594757,WMT,buy
1.3646319197153423,37.61916090888977,2011-07-01,41.34536277122498,0.12298583589123324,0.03300568257838776,PG,sell
-116.27995161897212,,2011-07-01,0.3695662718534469,,314.63897134282706,NVDA,buy
-42.69273538566864,,2011-07-01,25.685810354995727,,1.6621136259913705,HD,buy
95.10273689588692,24.099155887603757,2011-07-01,41.36454489097595,39.695486850407946,2.2991365466862526,UNH,sell
-55.37653335323231,,2011-07-01,56.25031569519042,,0.9844661788799023,CVX,buy
133.3312121351968,6.416513392305373,2011-10-03,11.196302529716492,56.92013749630331,11.908503881644663,AAPL,sell
21.77199741647178,23.00775905189514,2011-10-03,18.93409402770996,-4.684239143015297,1.149883241554022,MSFT,sell
23.612479430197,15.479002656841278,2011-10-03,12.274915563011168,-6.163499879673619,1.92363681110362,GOOGL,sell
71.2094136269514,6.7392140812873835,2011-10-03,10.591580677127837,25.900266893897033,6.723209292143309,AMZN,sell
7.666858702681551,39.34487825889587,2011-10-03,40.55990223655701,0.22967060183646115,0.18902557155996647,JNJ,sell
-181.59455505589594,,2011-10-03,19.14869820976257,,9.483389056876653,JPM,buy
30.233679337579158,19.318132068634032,2011-10-03,18.886144446372985,-0.6915426960928492,1.6008391455136532,V,sell
53.349099898892696,23.44955826835632,2011-10-03,28.54997019882202,9.530741493213391,1.8686219119448992,MA,sell
44.74776256962086,12.759044292736052,2011-10-03,12.87932387638092,0.41789788831879804,3.474387553191569,WMT,sell
50.77264118088737,37.61916090888977,2011-10-03,40.75661426467895,3.9084893661863163,1.2457521827294826,PG,sell
-148.50934503981836,,2011-10-03,0.27025244464874265,,549.5208201829278,NVDA,buy
-42.63091199186906,,2011-10-03,22.25500661792755,,1.915565010775044,HD,buy
-86.34256419295546,,2011-10-03,33.5783322933197,,2.5713773822571007,UNH,buy
-39.52126068016864,,2011-10-03,48.960369042587274,,0.8072092072221064,CVX,buy
-40.663678873732124,,2012-01-03,12.308347746849059,,3.3037479692708587,AAPL,buy
-39.401594241967196,,2012-01-03,20.8478504989624,,1.8899595545319272,MSFT,buy
135.92350765866783,15.479002656841278,2012-01-03,16.48339715824127,8.282323260961348,8.246085825257786,GOOGL,sell
-223.32466352525734,,2012-01-03,8.957765988922118,,24.930843672567278,AMZN,buy
-59.94165579373289,,2012-01-03,43.50292677993774,,1.3778763920172885,JNJ,buy
55.85007023295931,28.717767895317074,2012-01-03,23.552273222351072,-12.249061377198558,2.3713239781864317,JPM,sell
51.1072474819207,19.318132068634032,2012-01-03,23.137534217262267,8.436470758292394,2.2088458952463057,V,sell
22.580781845911613,23.44955826835632,2012-01-03,33.84611839141846,6.936170741112019,0.6671601624970052,MA,sell
10.216631232584172,12.759044292736052,2012-01-03,15.047429467964172,1.553726335996,0.6789618954078023,WMT,sell
-59.14410590111435,,2012-01-03,43.75903778648376,,1.3515860698240196,PG,buy
24.971455694320003,0.42929190990328786,2012-01-03,0.3208329368948936,-8.441709462073849,77.83320483239777,NVDA,sell
137.0521309909351,19.309733860015868,2012-01-03,29.878194758605957,48.47783137998813,4.587028503502854,HD,sell
35.718046982951954,24.099155887603757,2012-01-03,40.363110155868526,14.392267603739192,0.8849181057906854,UNH,sell
60.16323290830381,40.85286823310852,2012-01-03,60.51240595550537,19.546096840569234,0.9942297279097065,CVX,sell
311.8965658212889,6.416513392305373,2012-04-02,18.49003862915039,203.66052955626824,16.86835663661458,AAPL,sell
70.63202170671285,23.00775905189514,2012-04-02,25.276830414962767,6.340553587581169,2.7943385522301014,MSFT,sell
-130.68535331272463,,2012-04-02,16.04781237220764,,8.143499579983356,GOOGL,buy
-19.10231113407829,,2012-04-02,9.9094319026947,,1.9276898334488521,AMZN,buy
-95.98954537696483,,2012-04-02,44.10704428215026,,2.1762860545115004,JNJ,buy
165.4960831674546,28.717767895317074,2012-04-02,31.283220225906373,13.571886436222712,5.290250874825329,JPM,sell
23.514726356858297,19.318132068634032,2012-04-02,26.7809514295578,6.552648272574238,0.8780392443752163,V,sell
36.730122925782204,23.44955826835632,2012-04-02,39.713803788757325,15.042319804897343,0.9248704334934601,MA,sell
-87.66920009852268,,2012-04-02,15.428357641506194,,5.682341707108883,WMT,buy
-91.7350633903532,,2012-04-02,44.59033064918518,,2.0572860092040948,PG,buy
-31.056933856285788,,2012-04-02,0.35080185252726076,,88.53127095123409,NVDA,buy
53.54466976177414,19.309733860015868,2012-04-02,35.66227096824646,24.552311881848098,1.501437466207637,HD,sell
18.59573777640803,24.099155887603757,2012-04-02,46.48018598213196,8.954176021665159,0.40007881602618056,UNH,sell
-116.90408708467402,,2012-04-02,59.91640479011535,,1.9511198559757403,CVX,buy
-28.09016178330648,,2012-07-02,17.734457056617735,,1.5839313091812102,AAPL,buy
-32.94158480696043,,2012-07-02,24.113285873603818,,1.3661176241028485,MSFT,buy
-84.97636833140355,,2012-07-02,14.39942343673706,,5.901372975434867,GOOGL,buy
159.79429932855305,6.7392140812873835,2012-07-02,11.457973403549193,65.8083949965652,13.946122381385138,AMZN,sell
46.33722375943781,39.34487825889587,2012-07-02,45.67647727432251,6.423190618900719,1.0144657934355799,JNJ,sell
-184.30813038077727,,2012-07-02,24.79914848461151,,7.432034631961056,JPM,buy
73.74069899177432,19.318132068634032,2012-07-02,28.554487450790404,23.85247864071868,2.5824557039889413,V,sell
29.283209006333223,23.44955826835632,2012-07-02,40.46308437538147,12.312720313280057,0.7237018496827616,MA,sell
141.01422239224567,12.759044292736052,2012-07-02,17.531128960990905,38.3849671165661,8.043647542951803,WMT,sell
-69.84806060744546,,2012-07-02,40.72769293365478,,1.7150016506269488,PG,buy
-103.70091684244345,,2012-07-02,0.30778122365474697,,336.9306145808614,NVDA,buy
74.1585786195924,19.309733860015868,2012-07-02,38.03983600616455,36.51429391896089,1.9494978529238303,HD,sell
-30.584098545353072,,2012-07-02,44.45732974624634,,0.6879427693908085,UNH,buy
-1.3228257688005551,,2012-07-02,59.09357121391296,,0.022385273755279655,CVX,buy
31.713604304159585,6.416513392305373,2012-10-01,19.792926551628113,21.43262002398629,1.602269589665653,AAPL,sell
-104.04116317766078,,2012-10-01,23.423155445671078,,4.441808167946434,MSFT,buy
212.25469657820372,15.479002656841278,2012-10-01,18.870652368736266,38.1488443764932,11.24787275133393,GOOGL,sell
14.383566229020722,6.7392140812873835,2012-10-01,12.591679756736754,6.685313577869482,1.1423071827509972,AMZN,sell
-53.4598821777292,,2012-10-01,46.92312014389038,,1.1393079150276826,JNJ,buy
51.23393210890384,28.717767895317074,2012-10-01,28.198991156959533,-0.9425504637646966,1.8168711009457255,JPM,sell
-1.629766519579367,,2012-10-01,30.9299953792572,,0.052692103558229064,V,buy
-40.95035902517379,,2012-10-01,42.11335154724121,,0.9723842325690271,MA,buy
-9.178388200855862,,2012-10-01,18.846855139923093,,0.48699839483635543,WMT,buy
56.933111126248505,37.61916090888977,2012-10-01,46.56124873580932,10.934004000608901,1.222757393155188,PG,sell
-100.24843349923387,,2012-10-01,0.3002296355843544,,333.9058561094894,NVDA,buy
60.323736726704674,19.309733860015868,2012-10-01,43.688432777023316,33.66140925024404,1.3807713596544993,HD,sell
-70.39205488302922,,2012-10-01,44.79608294296264,,1.571388618345427,UNH,buy
30.626102758705834,40.85286823310852,2012-10-01,65.88345285415649,11.635535532900263,0.46485272753541906,CVX,sell
-167.37012127185216,,2013-01-02,16.578708947372434,,10.095485830842016,AAPL,buy
-58.87723545801163,,2013-01-02,22.118127269554137,,2.6619448717548906,MSFT,buy
-53.7100754538913,,2013-01-02,17.94129730014801,,2.9936561752113775,GOOGL,buy
18.301727299353097,6.7392140812873835,2013-01-02,12.856494599819182,8.708190167589608,1.4235394537178507,AMZN,sell
31.12687889749372,39.34487825889587,2013-01-02,48.44115365180969,5.845002466470017,0.6425709660267529,JNJ,sell
103.31738569406315,28.717767895317074,2013-01-02,31.178503844833372,8.154233649333761,3.3137377665151817,JPM,sell
136.84908715104905,19.318132068634032,2013-01-02,35.18120078773499,61.704729372970576,3.889835596480207,V,sell
115.25081461377982,23.44955826835632,2013-01-02,46.99748947906494,57.746026108742164,2.4522759809355,MA,sell
-62.95350139768948,,2013-01-02,17.72042823085785,,3.5525948119055073,WMT,buy
4.549030801706078,37.61916090888977,2013-01-02,46.90304269866943,0.9004248294173864,0.0969879679433916,PG,sell
-27.206775348079056,,2013-01-02,0.29295421019792556,,92.8704022710499,NVDA,buy
50.1799611076886,19.309733860015868,2013-01-02,45.99362267074585,29.112655732943242,1.0910199761151986,HD,sell
-33.165288036895916,,2013-01-02,43.44521199989318,,0.7633818897460429,UNH,buy
-53.51996034054058,,2013-01-02,62.65124707031249,,0.8542521153725158,CVX,buy
-270.68577537222734,,2013-04-01,13.027007271194456,,20.778815098289876,AAPL,buy
-9.756848622054179,,2013-04-01,23.100606974220273,,0.42236330123024857,MSFT,buy
54.06863540265436,15.479002656841278,2013-04-01,19.846906759643556,11.899416733714524,2.7242852529844512,GOOGL,sell
-37.70909070694142,,2013-04-01,13.089655998802185,,2.880831299951055,AMZN,buy
112.53530961129057,39.34487825889587,2013-04-01,56.472751411056514,34.13133697225767,1.9927364401313348,JNJ,sell
17.01414218095199,28.717767895317074,2013-04-01,33.391576106643676,2.3814640309293473,0.5095339652915278,JPM,sell
25.403236504551753,19.318132068634032,2013-04-01,37.97136056556702,12.479204537925598,0.6690104364495113,V,sell
-0.6444216177977377,,2013-04-01,49.57898872413635,,0.01299787741503522,MA,buy
42.648731151134946,12.759044292736052,2013-04-01,19.401978406906128,14.602258859802532,2.1981640354755854,WMT,sell
75.29712428118138,37.61916090888977,2013-04-01,52.94584880332947,21.796902860001595,1.4221535017953357,PG,sell
-73.11516324373102,,2013-04-01,0.2875679940491915,,254.25348006991317,NVDA,buy
49.81995951867085,19.309733860015868,2013-04-01,50.75607183837891,30.866361961208177,0.9815566436526275,HD,sell
31.561520058373134,24.099155887603757,2013-04-01,47.090388576507564,15.409476829833757,0.6702327377718547,UNH,sell
38.146499169340814,40.85286823310852,2013-04-01,68.31682215499877,15.335222898560186,0.558376370065826,CVX,sell
-120.04576544118608,,2013-07-01,12.51124464969635,,9.5950298153669,AAPL,buy
144.52220262672685,23.00775905189514,2013-07-01,27.89879403247833,25.33669189052972,5.1802311762466005,MSFT,sell
37.06135630986389,15.479002656841278,2013-07-01,21.994375943183897,10.978650700555306,1.685037866298238,GOOGL,sell
5.333381522722356,6.7392140812873835,2013-07-01,14.095126042556762,2.7833653149716757,0.37838480525959994,AMZN,sell
-8.491989895236037,,2013-07-01,60.24550768165588,,0.1409564002698538,JNJ,buy
32.90762445392307,28.717767895317074,2013-07-01,36.87398473548889,7.278891138738729,0.8924347257282328,JPM,sell
37.70904480958875,19.318132068634032,2013-07-01,42.10308699760437,20.407028264931977,0.8956361041111869,V,sell
14.344104168452247,23.44955826835632,2013-07-01,53.80747363700866,8.092873925333304,0.266582004299611,MA,sell
-83.47933236495905,,2013-07-01,19.328041954803464,,4.319078598865133,WMT,buy
-65.72087015947537,,2013-07-01,53.629528722763055,,1.2254605200656954,PG,buy
72.90078628079712,0.42929190990328786,2013-07-01,0.32792959096133706,-22.53347350707476,222.3062153893643,NVDA,sell
37.71034755254252,19.309733860015868,2013-07-01,56.278986079788204,24.771650078925255,0.6700608909172523,HD,sell
47.29887616184686,24.099155887603757,2013-07-01,52.639643924331665,25.644797506388233,0.8985409595444445,UNH,sell
-74.1194954184939,,2013-07-01,68.6586536590576,,1.0795361031480972,CVX,buy
170.32478627149828,6.416513392305373,2013-10-01,14.99609004163742,97.44637135680051,11.357946357922813,AAPL,sell
-76.07728899722919,,2013-10-01,27.496065218162535,,2.7668427607225894,MSFT,buy
-59.15952817712633,,2013-10-01,22.003360022735595,,2.6886588282879558,GOOGL,buy
99.01153213847503,6.7392140812873835,2013-10-01,16.036267359924317,57.40210416990826,6.174225579819861,AMZN,sell
-38.27940087497616,,2013-10-01,61.287977317428584,,0.6245825453941123,JNJ,buy
-61.31363089659954,,2013-10-01,36.81935369377136,,1.665255490537625,JPM,buy
-6.536749274239103,,2013-10-01,44.06425922660827,,0.1483458337656991,V,buy
128.23966463697766,23.44955826835632,2013-10-01,62.59758471221924,80.20005572803723,2.0486359853424965,MA,sell
-66.49197639967392,,2013-10-01,19.18471125526428,,3.4658836150806565,WMT,buy
-76.89199058274788,,2013-10-01,52.74313979415893,,1.4578576641973697,PG,buy
65.59468952940287,0.42929190990328786,2013-10-01,0.3634761468976736,-11.877435637363575,180.46490832827385,NVDA,sell
-61.126553081248346,,2013-10-01,56.20484321289062,,1.0875673622950153,HD,buy
67.49226944814427,24.099155887603757,2013-10-01,58.43326163749695,39.65698048670716,1.1550316986726976,UNH,sell
-26.95335082353614,,2013-10-01,70.52804908905028,,0.3821649850189992,CVX,buy
38.13025814549642,6.416513392305373,2014-01-02,17.098147500801087,23.820911941109316,2.230081249662277,AAPL,sell
7.985270344045218,23.00775905189514,2014-01-02,30.615328321266173,1.9842510470410613,0.260825892842,MSFT,sell
175.56584873806517,15.479002656841278,2014-01-02,27.573973119735715,77.0097129477525,6.36708565630704,GOOGL,sell
157.65880600256628,6.7392140812873835,2014-01-02,19.88457149219513,104.2255979563939,7.9287002017845225,AMZN,sell
-72.40560494304448,,2014-01-02,64.22768244476318,,1.127327068126963,JNJ,buy
33.03519847420115,28.717767895317074,2014-01-02,41.76531091117859,10.320243372456169,0.7909721669367293,JPM,sell
45.2736221098622,19.318132068634032,2014-01-02,50.43307116851806,27.931790829721916,0.8976971074909166,V,sell
147.83636741625693,23.44955826835632,2014-01-02,77.10606027603149,102.87625015051617,1.9173119063147368,MA,sell
-35.74296830866614,,2014-01-02,20.69137087688446,,1.7274335529211697,WMT,buy
-51.04181897226324,,2014-01-02,56.21249703483581,,0.9080155065986801,PG,buy
-99.39799821609279,,2014-01-02,0.373252238458395,,266.302483882283,NVDA,buy
-33.00709359529326,,2014-01-02,60.74706778717041,,0.543352869490505,HD,buy
-92.35210725873185,,2014-01-02,60.348652952957146,,1.5303093398078325,UNH,buy
-91.75048451366092,,2014-01-02,72.7733712409973,,1.2607700172336216,CVX,buy
-36.94339760666727,,2014-04-01,16.86710724868774,,2.1902628033352585,AAPL,buy
146.1455872169786,23.00775905189514,2014-04-01,34.38093052825928,48.34478876499402,4.250774629175751,MSFT,sell
8.838203203685048,15.479002656841278,2014-04-01,28.1132548582077,3.9719373955620476,0.3143785110710766,GOOGL,sell
-200.78776921210405,,2014-04-01,17.161504543113708,,11.699893136273587,AMZN,buy
93.91668822177618,39.34487825889587,2014-04-01,69.50301821365356,40.751505478121324,1.3512605730743168,JNJ,sell
38.97466459302421,28.717767895317074,2014-04-01,43.53034420623779,13.2623622441741,0.8953447371877026,JPM,sell
-52.77149956975178,,2014-04-01,49.15022581787109,,1.0736776625462419,V,buy
-152.6709779486059,,2014-04-01,69.34184793014526,,2.201714873569653,MA,buy
-44.85338649536595,,2014-04-01,20.26009423408508,,2.2138784734725334,WMT,buy
-10.416413831647528,,2014-04-01,56.497116142272944,,0.1843707173551401,PG,buy
166.12851522404765,0.42929190990328786,2014-04-01,0.4402777393877506,4.1452460060694705,377.32662899347497,NVDA,sell
57.30832058064451,0.39405152345299715,2014-04-01,0.4402777393877506,6.016990106524233,130.16402023944556,NVDA,sell
-52.532355544413434,,2014-04-01,59.12997363090515,,0.888421765115698,HD,buy
117.5533737925491,24.099155887603757,2014-04-01,66.37848267745971,74.87482848885566,1.7709560244658462,UNH,sell
-60.866264601845046,,2014-04-01,70.37988178482055,,0.8648247632460873,CVX,buy
249.76148994056825,6.416513392305373,2014-07-01,20.47082693309784,171.47457215637888,12.200850056367116,AAPL,sell
-15.616366417329024,,2014-07-01,35.04866775398254,,0.4455623399709552,MSFT,buy
15.78175680805966,15.479002656841278,2014-07-01,29.275221673393247,7.437298880911072,0.5390824016339693,GOOGL,sell
-81.45676840129124,,2014-07-01,16.63113285598755,,4.897848457266406,AMZN,buy
79.20366251670947,39.34487825889587,2014-07-01,75.65415068893432,38.01281666091939,1.0469176085575214,JNJ,sell
-91.60283160817558,,2014-07-01,41.915665351104735,,2.185408029214578,JPM,buy
-40.12914153697086,,2014-07-01,49.13988838653564,,0.816630701749137,V,buy
-24.81288705403958,,2014-07-01,70.11606351318359,,0.3538830591847777,MA,buy
-57.803546675359854,,2014-07-01,19.989879963111875,,2.891640509199007,WMT,buy
-46.99544902468162,,2014-07-01,56.19711686096191,,0.836260855533812,PG,buy
-26.392409846200007,,2014-07-01,0.44530001091659066,,59.26882820387709,NVDA,buy
9.642630298491994,19.309733860015868,2014-07-01,61.218160818099975,6.601104347922204,0.1575125774709818,HD,sell
-32.69201483764608,,2014-07-01,66.82466049575805,,0.48922081451833677,UNH,buy
103.1858911986362,40.85286823310852,2014-07-01,77.75503499679566,48.97152917272395,1.327063786967475,CVX,sell
71.77375889029615,6.416513392305373,2014-10-01,21.81773804912567,50.66537065597422,3.2896975263286947,AAPL,sell
123.41083179028563,23.00775905189514,2014-10-01,38.60801862716675,49.866351053144456,3.1965077768442356,MSFT,sell
-47.13354879262233,,2014-10-01,28.728414533424374,,1.6406595894035263,GOOGL,buy
-81.60451057744386,,2014-10-01,15.884111245059966,,5.137493015407031,AMZN,buy
-30.657701605145462,,2014-10-01,75.141482837677,,0.4079996886855852,JNJ,buy
33.5913123412189,28.717767895317074,2014-10-01,43.456577672195436,11.39288893128154,0.7729856822736281,JPM,sell
-44.182141743582655,,2014-10-01,48.25920260505676,,0.91551744244844,V,buy
-57.96785903997067,,2014-10-01,68.16217446975708,,0.8504402843792853,MA,buy
5.358089743144077,12.759044292736052,2014-10-01,20.317631098937987,1.99332226487229,0.26371626283854255,WMT,sell
59.68722680723861,37.61916090888977,2014-10-01,59.32093405151367,21.835776465660352,1.0061747637926075,PG,sell
-48.850221595486516,,2014-10-01,0.43581984700560567,,112.08810688894164,NVDA,buy
144.12656517019448,19.309733860015868,2014-10-01,68.44571441116332,103.46593886894019,2.105706199578915,HD,sell
37.33586061986897,24.099155887603757,2014-10-01,69.4617873298645,24.38251231336458,0.5375021584539148,UNH,sell
-145.60309533776285,,2014-10-01,70.77187198944091,,2.0573582589349435,CVX,buy
42.122764245593864,6.416513392305373,2015-01-02,24.154836514663696,30.93323370421781,1.7438645970558468,AAPL,sell
-73.01831528667651,,2015-01-02,39.63490657615662,,1.842272925416772,MSFT,buy
-229.82953589932342,,2015-01-02,26.24628580265045,,8.756649898101557,GOOGL,buy
-147.96887435279027,,2015-01-02,15.436797841167449,,9.585464283154707,AMZN,buy
-96.24686961152715,,2015-01-02,75.79039714813231,,1.2699085007222308,JNJ,buy
-25.001172010816976,,2015-01-02,46.099034471130366,,0.5423361312800168,JPM,buy
262.8467366774185,19.318132068634032,2015-01-02,60.93214443397522,179.51292297181456,4.313761465628929,V,sell
130.811642085108,23.44955826835632,2015-01-02,79.65887563018799,92.30400311848865,1.6421477336988026,MA,sell
80.95679780438894,12.759044292736052,2015-01-02,23.05616078338623,36.15613134960852,3.5112870076237783,WMT,sell
26.72163677937374,37.61916090888977,2015-01-02,65.02445831909179,11.262137696441462,0.4109474722302764,PG,sell
15.51787839906585,0.39405152345299715,2015-01-02,0.4815465647578239,2.8195350374316757,32.22508379199007,NVDA,sell
25.692418549477313,0.23752931386828421,2015-01-02,0.4815465647578239,13.019287857031706,53.353964974079645,NVDA,sell
90.76100485778166,19.309733860015868,2015-01-02,78.14931294708252,68.33507707185096,1.1613794342534902,HD,sell
160.9850536383771,24.099155887603757,2015-01-02,82.78460814285278,114.12122242338998,1.944625423129164,UNH,sell
-156.4850675474119,,2015-01-02,68.35007293548584,,2.2894645291032063,CVX,buy
183.44723538415434,6.416513392305373,2015-04-01,27.55952934951782,140.73635931310065,6.656399427494719,AAPL,sell
-215.87676631759587,,2015-04-01,34.760891683578485,,6.21033454154972,MSFT,buy
27.273330371673776,15.479002656841278,2015-04-01,27.196475712203977,11.750585522251647,1.0028259051019361,GOOGL,sell
272.8955352034933,6.7392140812873835,2015-04-01,18.50004138793945,173.48486930288692,14.751077010097902,AMZN,sell
-97.42964872435428,,2015-04-01,72.39970440063476,,1.3457188745580027,JNJ,buy
-81.58129575967253,,2015-04-01,44.519228361129755,,1.8324957274170117,JPM,buy
-51.55403184099289,,2015-04-01,60.13662108955383,,0.8572818177499535,V,buy
-8.008986455244374,,2015-04-01,80.9131975189209,,0.09898244910382559,MA,buy
-112.62721782662268,,2015-04-01,21.823771966171265,,5.160758552701367,WMT,buy
-155.8271361300307,,2015-04-01,59.69080218505859,,2.6105719880748453,PG,buy
42.51283075473675,0.23752931386828421,2015-04-01,0.5045329087436199,22.498192770235192,84.2617597742069,NVDA,sell
120.64173563737062,19.309733860015868,2015-04-01,85.91823917541504,93.52805372389622,1.4041458111247174,HD,sell
226.31778875619554,24.099155887603757,2015-04-01,96.80076804656981,169.97456151290095,2.3379751351488913,UNH,sell
-120.61317423722627,,2015-04-01,64.2456088027954,,1.8773761582282376,CVX,buy
-4.724378702529906,,2015-07-01,28.237581230735778,,0.16730819342938474,AAPL,buy
111.70704899153273,23.00775905189514,2015-07-01,38.13819773826599,44.31716116217969,2.9290070222550497,MSFT,sell
-57.88099900529776,,2015-07-01,26.92777752780914,,2.1494903894509036,GOOGL,buy
239.05216211214696,6.7392140812873835,2015-07-01,21.854190557098388,165.33523844667155,10.938504516448504,AMZN,sell
-39.898025337595676,,2015-07-01,72.4275253753662,,0.550868266323036,JNJ,buy
179.7995364694173,28.717767895317074,2015-07-01,50.808391908645625,78.1737781636185,3.5387763657763465,JPM,sell
25.519587724395713,19.318132068634032,2015-07-01,62.62182920379639,17.647081087890736,0.4075190400673989,V,sell
100.55734310068375,23.44955826835632,2015-07-01,88.19016150970458,73.8193800900241,1.1402331210111036,MA,sell
-200.69987343409042,,2015-07-01,19.5588342710495,,10.261341276926785,WMT,buy
-77.22259734140279,,2015-07-01,58.27048569145202,,1.3252437563383985,PG,buy
-78.37255472648219,,2015-07-01,0.4928414169609546,,159.02185171399924,NVDA,buy
-46.83274945182217,,2015-07-01,85.68515890731811,,0.5465678076465856,HD,buy
44.255313765424866,24.099155887603757,2015-07-01,102.11889638671875,33.81145133619382,0.43337046649850564,UNH,sell
-154.5480509220908,,2015-07-01,59.49876187553405,,2.5975002848864506,CVX,buy
-198.9808929019681,,2015-10-01,24.551970118141174,,8.104477642506716,AAPL,buy
23.941181335187814,23.00775905189514,2015-10-01,38.52787075996399,9.644182287160348,0.6213990252496941,MSFT,sell
128.18389064106185,15.479002656841278,2015-10-01,31.775168025398255,65.74019932174963,4.034090096348287,GOOGL,sell
153.65401430109156,14.109932413959502,2015-10-01,31.775168025398255,85.42313177077658,4.835663313511802,GOOGL,sell
13.331274467735144,10.902204184627532,2015-10-01,31.775168025398255,8.75725376791105,0.41955008568575636,GOOGL,sell
23.9042587586505,6.7392140812873835,2015-10-01,26.017774098587036,17.712494750760854,0.9187664812551617,AMZN,sell
92.66795247206781,6.595113227844238,2015-10-01,26.017774098587036,69.17802451627985,3.561717160004875,AMZN,sell
34.095887481658416,5.5518834587574,2015-10-01,26.017774098587036,26.820230732399718,1.3104844154792659,AMZN,sell
144.0379102591915,9.012804794311522,2015-10-01,26.017774098587036,94.14180603338245,5.536135017292423,AMZN,sell
14.461648733951707,8.957765988922118,2015-10-01,26.017774098587036,9.482588469923723,0.5558372779759466,AMZN,sell
-66.01123183517366,,2015-10-01,69.05345344619751,,0.9559439613922542,JNJ,buy
-146.97578043587677,,2015-10-01,45.90896010589599,,3.20146176469375,JPM,buy
60.34629895461699,19.318132068634032,2015-10-01,64.70275373840332,42.3288622042143,0.9326697160154929,V,sell
-52.83255208718422,,2015-10-01,84.93425217056274,,0.6220405871248182,MA,buy
-150.25852791067118,,2015-10-01,17.607529585456845,,8.533765465586896,WMT,buy
-134.90740179832736,,2015-10-01,53.02173509559631,,2.54437923532857,PG,buy
308.0173920111693,0.23752931386828421,2015-10-01,0.585557125210762,183.0711542592549,526.0244965857146,NVDA,sell
86.20392690991848,19.309733860015868,2015-10-01,89.80720810546875,67.66894601658167,0.9598775947770406,HD,sell
-72.6602520299437,,2015-10-01,97.0688314376831,,0.74854359482622,UNH,buy
-268.57114448476744,,2015-10-01,49.11921734123229,,5.467740713761739,CVX,buy
-218.10544587390572,,2016-01-04,23.705260816574096,,9.200719096134648,AAPL,buy
209.1043325023472,23.00775905189514,2016-01-04,47.64758874778747,108.1333867449972,4.388560638591748,MSFT,sell
124.45088431543773,10.902204184627532,2016-01-04,37.587748666763304,88.35431030157312,3.310942760066993,GOOGL,sell
187.98287073452346,8.957765988922118,2016-01-04,31.82720600566864,135.0750985076512,5.906357934813457,AMZN,sell
-27.527666442001223,,2016-01-04,75.02026614837646,,0.3669364007261251,JNJ,buy
-84.46203318803116,,2016-01-04,48.21779943656921,,1.7516774754339721,JPM,buy
-32.07006514163969,,2016-01-04,70.20540518341063,,0.4568033623316765,V,buy
-90.04306007010156,,2016-01-04,88.90503972625731,,1.0128004030744293,MA,buy
-220.0369874463551,,2016-01-04,16.97873471069336,,12.959563312322317,WMT,buy
-7.649780731829099,,2016-01-04,58.27185994377136,,0.1312774423059544,PG,buy
37.488268522082905,0.23752931386828421,2016-01-04,0.7871931009292602,26.176478962889927,47.62270969833071,NVDA,sell
57.77948674174471,0.2597260536193847,2016-01-04,0.7871931009292602,38.71575504253171,73.39938151584101,NVDA,sell
247.68162752455268,0.3695662718534469,2016-01-04,0.7871931009292602,131.40167590558056,314.63897134282706,NVDA,sell
35.607343088834085,0.27025244464874265,2016-01-04,0.7871931009292602,23.382932704845373,45.23330177411435,NVDA,sell
33.14538572764608,19.309733860015868,2016-01-04,101.02652193603515,26.81013271860309,0.32808598269503975,HD,sell
-158.96923399362342,,2016-01-04,97.36268475723266,,1.6327531886574675,UNH,buy
69.48355977193877,40.85286823310852,2016-01-04,56.31048485870361,19.073716581047,1.2339364497799927,CVX,sell
10.36839272023182,6.416513392305373,2016-04-01,24.84880649585724,7.691043578447459,0.4172591839354709,AAPL,sell
-38.99698057375977,,2016-04-01,48.73216681022644,,0.8002307946950609,MSFT,buy
-52.67678089729878,,2016-04-01,38.14743495254516,,1.3808734705971162,GOOGL,buy
-181.26406209907915,,2016-04-01,29.945946736526487,,6.053041625095219,AMZN,buy
88.30573987030341,39.34487825889587,2016-04-01,81.99927721710205,45.93489584981263,1.0769087590431354,JNJ,sell
-178.68698951492328,,2016-04-01,45.375654771804804,,3.9379484530536075,JPM,buy
-29.152419902340704,,2016-04-01,72.10017847290038,,0.40433214618598967,V,buy
-53.1343137657664,,2016-04-01,90.07923908157348,,0.5898619294247069,MA,buy
153.32478592282874,12.759044292736052,2016-04-01,19.19263903942108,51.396242862882076,7.988728679151649,WMT,sell
54.54533215027746,37.61916090888977,2016-04-01,62.56225865821838,21.746809990135226,0.8718568242278799,PG,sell
133.97897918735652,0.27025244464874265,2016-04-01,0.8823202090144157,92.9415573001576,151.8484761184559,NVDA,sell
-16.087048707592892,,2016-04-01,104.65807879333495,,0.15371052949824815,HD,buy
132.82589796281823,24.099155887603757,2016-04-01,108.91113555908203,103.43503719835181,1.2195805073647676,UNH,sell
53.17864446665669,40.85286823310852,2016-04-01,60.49688338165283,17.267701063074426,0.8790311416733978,CVX,sell
-288.356388072868,,2016-07-01,21.82577799282074,,13.211734682159715,AAPL,buy
-197.60564078163478,,2016-07-01,45.178632797622676,,4.373873854634063,MSFT,buy
-205.383161037478,,2016-07-01,35.20238169326782,,5.834354130554637,GOOGL,buy
320.3350496038439,8.957765988922118,2016-07-01,36.2586015964508,241.19558238617066,8.834732601358795,AMZN,sell
150.29766933456975,39.34487825889587,2016-07-01,91.73642159042357,85.83642918541462,1.6383642039756587,JNJ,sell
5.328441028901325,28.717767895317074,2016-07-01,47.071053975677486,2.0775910948645473,0.11319995153825602,JPM,sell
-134.87772299221552,,2016-07-01,69.33278549957275,,1.9453671451444379,V,buy
-194.7621601795473,,2016-07-01,83.65171592407226,,2.328250628550478,MA,buy
47.4111617713151,12.759044292736052,2016-07-01,20.382957805252076,17.733373160360234,2.326019718252013,WMT,sell
-22.885279180690894,,2016-07-01,64.10832099609374,,0.35697829587652663,PG,buy
402.4138493007222,0.27025244464874265,2016-07-01,1.1417970230698584,307.16633653209146,352.4390422903575,NVDA,sell
65.8956043589788,0.35080185252726076,2016-07-01,1.1417970230698584,45.6500619241402,57.71218791743786,NVDA,sell
-126.56643512591059,,2016-07-01,101.11995167617798,,1.25164651513305,HD,buy
96.60561921479412,24.099155887603757,2016-07-01,118.61982696304321,76.97893507032009,0.8144137593868876,UNH,sell
146.40913999398398,40.85286823310852,2016-07-01,67.55098593521117,57.8651576747085,2.167387166405039,CVX,sell
115.45898270682027,6.416513392305373,2016-10-03,25.713692518615723,86.64771383658997,4.490175132304799,AAPL,sell
3.275531409464214,10.312873255634306,2016-10-03,25.713692518615723,1.961828982393574,0.1273847156371204,AAPL,sell
41.03468187145925,10.273966645526885,2016-10-03,25.713692518615723,24.6391777037103,1.5958299976462627,AAPL,sell
65.02542820107418,23.00775905189514,2016-10-03,50.95139247665405,35.662356622959194,1.2762247514799299,MSFT,sell
48.614944436839046,10.902204184627532,2016-10-03,39.614039230728146,35.23559557549852,1.2272150323698625,GOOGL,sell
11.794199102757513,14.68048189458847,2016-10-03,39.614039230728146,7.423412135522497,0.2977277584359257,GOOGL,sell
109.52698022343776,8.957765988922118,2016-10-03,41.80771589927673,86.05961212615719,2.61977909741136,AMZN,sell
-204.43082414197153,,2016-10-03,90.58690315780639,,2.256737089089402,JNJ,buy
-17.018156427796047,,2016-10-03,51.17666393165588,,0.3325374325009349,JPM,buy
37.00940656298642,19.318132068634032,2016-10-03,77.15944390182494,27.743494736623024,0.4796484356480839,V,sell
102.16835000278523,23.44955826835632,2016-10-03,95.9918787940979,77.20996074455309,1.0643436849687653,MA,sell
-186.19079897725152,,2016-10-03,20.325432297134398,,9.160484080011514,WMT,buy
-76.73388979579863,,2016-10-03,67.56765001220703,,1.1356601832672233,PG,buy
51.717437766067434,0.35080185252726076,2016-10-03,1.6780978755712508,40.90604634462024,30.819083033796232,NVDA,sell
565.4025485430594,0.30778122365474697,2016-10-03,1.6780978755712508,461.70163170061596,336.9306145808614,NVDA,sell
87.33508197109052,0.3002296355843544,2016-10-03,1.6780978755712508,71.70990288254401,52.04409304276146,NVDA,sell
-184.94799203413908,,2016-10-03,100.76029457473754,,1.8355245269450506,HD,buy
-201.36962038794584,,2016-10-03,117.32671541595458,,1.7163151603966469,UNH,buy
-189.46611455098397,,2016-10-03,67.24257826080321,,2.817650950505371,CVX,buy
-78.87057838754149,,2017-01-03,26.71690041809082,,2.9520856519020384,AAPL,buy
43.95903580477884,23.00775905189514,2017-01-03,55.90521302261352,25.867719284065927,0.7863137161644929,MSFT,sell
-136.59920855880918,,2017-01-03,40.0477014339447,,3.4109125784439343,GOOGL,buy
-360.71418151538415,,2017-01-03,37.709876831436155,,9.565509405607003,AMZN,buy
-193.8442333264864,,2017-01-03,88.93274617996215,,2.1796721866007367,JNJ,buy
107.44163589927342,28.717767895317074,2017-01-03,67.51316300354004,61.73967461082492,1.5914176009445704,JPM,sell
101.57834140635772,23.78010985088348,2017-01-03,67.51316300354004,65.79947977922475,1.5045709145790056,JPM,sell
77.38169290257612,25.57943368206024,2017-01-03,67.51316300354004,48.0632638178181,1.146171938330287,JPM,sell
217.9480766648754,27.790676285171507,2017-01-03,67.51316300354004,128.23335769589892,3.228230865934208,JPM,sell
-235.595915412052,,2017-01-03,74.29030912475585,,3.171287321155379,V,buy
-81.2663179556722,,2017-01-03,99.62514688949584,,0.8157209348540562,MA,buy
-237.99601180303162,,2017-01-03,19.518578221511838,,12.193306761489993,WMT,buy
-244.74269717694793,,2017-01-03,64.66410680770873,,3.784830708398058,PG,buy
705.9476485154659,0.3002296355843544,2017-01-03,2.5045882096052168,621.3243941047785,281.8617630667279,NVDA,sell
151.0390482379529,0.29295421019792556,2017-01-03,2.5045882096052168,133.37246140507375,60.30494260841397,NVDA,sell
-51.67688922629702,,2017-01-03,105.87527697677612,,0.4880921278499457,HD,buy
194.52321855221732,24.099155887603757,2017-01-03,137.13058014678955,160.33795248953268,1.4185254546724195,UNH,sell
176.84218329714886,40.85286823310852,2017-01-03,78.01538119125365,84.23851589234754,2.2667604848795477,CVX,sell
58.23187319269077,10.273966645526885,2017-04-03,33.15083135490417,40.1848952305604,1.756573540170848,AAPL,sell
109.52199176840536,12.308347746849059,2017-04-03,33.15083135490417,68.85831289467323,3.3037479692708587,AAPL,sell
52.508639708418876,17.734457056617735,2017-04-03,33.15083135490417,24.418477925112395,1.5839313091812102,AAPL,sell
159.11170314661564,16.578708947372434,2017-04-03,33.15083135490417,79.54004509834077,4.799629349961307,AAPL,sell
-38.34025883338315,,2017-04-03,58.99599929924011,,0.6498789627905666,MSFT,buy
-23.911871271663173,,2017-04-03,42.46342323875427,,0.5631169003312948,GOOGL,buy
247.34647706038345,8.957765988922118,2017-04-03,44.54429763793945,197.60561286042653,5.5528202301188045,AMZN,sell
27.45891402369923,39.34487825889587,2017-04-03,96.22570852890014,16.231481709605532,0.28535943713474765,JNJ,sell
-137.90943744127762,,2017-04-03,68.20783018569946,,2.021900375159447,JPM,buy
121.82096605028289,19.318132068634032,2017-04-03,83.54609102783203,93.65264025627337,1.4581288550017284,V,sell
-8.660978607407007,,2017-04-03,106.32031332092285,,0.08146118400972213,MA,buy
-38.225611056531676,,2017-04-03,20.569879337120053,,1.8583293771466316,WMT,buy
5.33697652355198,37.61916090888977,2017-04-03,69.32135225601196,2.440717693155941,0.07698892693036186,PG,sell
-16.234973427233818,,2017-04-03,2.6680774760246275,,6.0848957997365005,NVDA,buy
60.153799207935556,19.309733860015868,2017-04-03,116.11977006225585,50.1507320923934,0.5180323658554009,HD,sell
-92.28535429900954,,2017-04-03,141.3689543533325,,0.6527978842395257,UNH,buy
-327.1437709250207,,2017-04-03,72.14639915924072,,4.534443502896835,CVX,buy
-147.60922592221272,,2017-07-03,33.287918421936034,,4.434318302851324,AAPL,buy
-45.07434570243257,,2017-07-03,61.70572330093383,,0.7304726902334266,MSFT,buy
19.609965345257454,14.68048189458847,2017-07-03,45.50778364448547,13.283932342781306,0.4309145331808253,GOOGL,sell
11.35708204023551,8.957765988922118,2017-07-03,47.649620558166504,9.222037058938508,0.23834569734656696,AMZN,sell
18.9369241622794,39.34487825889587,2017-07-03,103.24163744430541,11.720155867948911,0.18342332251844695,JNJ,sell
16.089495004412058,27.790676285171507,2017-07-03,72.99673331451416,9.964043536153081,0.2204139044837632,JPM,sell
-43.712023681929544,,2017-07-03,87.553859576416,,0.4992586722436627,V,buy
31.48032713174711,23.44955826835632,2017-07-03,114.47454496307373,25.031733991490952,0.27499849107853436,MA,sell
-20.783284511777644,,2017-07-03,21.725186540412903,,0.9566446977620586,WMT,buy
-187.65294122542997,,2017-07-03,68.43683406524657,,2.7419874660847796,PG,buy
111.66067613931116,0.29295421019792556,2017-07-03,3.4288070027589796,102.12048762411125,32.56545966263593,NVDA,sell
414.5192138916875,0.2875679940491915,2017-07-03,3.4288070027589796,379.7542187380482,120.89313092225541,NVDA,sell
-20.05193215944593,,2017-07-03,122.84928578643797,,0.16322383993590606,HD,buy
158.5998363191503,24.099155887603757,2017-07-03,159.78271181488037,134.67908709797146,0.9925969744642931,UNH,sell
-163.30802899272007,,2017-07-03,71.86619674606322,,2.272390030180162,CVX,buy
-12.640820873633098,,2017-10-02,35.819646209335325,,0.3529018907601227,AAPL,buy
43.33188656215449,23.00775905189514,2017-10-02,67.79984268035888,28.62728599270629,0.6391148540925364,MSFT,sell
5.239958894209784,21.77143203964233,2017-10-02,67.79984268035888,3.5573383386777837,0.07728570874291663,MSFT,sell
-72.89822777029023,,2017-10-02,47.951076148223876,,1.5202626015097351,GOOGL,buy
-190.21975064507527,,2017-10-02,47.99307100868225,,3.9634836164300324,AMZN,buy
-220.95211257760764,,2017-10-02,102.7287277885437,,2.150830807838041,JNJ,buy
-93.41812645159713,,2017-10-02,76.32244656829833,,1.2239928179975266,JPM,buy
126.89567006269873,19.318132068634032,2017-10-02,98.91386608886718,102.1126198176843,1.282890610591359,V,sell
240.5072740730535,23.44955826835632,2017-10-02,134.6613777923584,198.62600544355897,1.7860152481426752,MA,sell
-84.68768675902854,,2017-10-02,22.758242547798154,,3.721187459056324,WMT,buy
-68.04057647715673,,2017-10-02,72.14181831817626,,0.9431502845834672,PG,buy
516.9067236734826,0.2875679940491915,2017-10-02,4.408932745313645,483.19202711901096,117.24078218768807,NVDA,sell
-24.67608733310082,,2017-10-02,131.60768593749998,,0.1874973118577543,HD,buy
-48.61443525946633,,2017-10-02,169.89864627532958,,0.2861378611615546,UNH,buy
87.70102378611692,40.85286823310852,2017-10-02,80.07633070449829,42.95823478565034,1.0952178129859078,CVX,sell
24.421746859583216,16.578708947372434,2018-01-02,40.20420962333679,14.351133932114518,0.6074425312270648,AAPL,sell
116.64074410515926,21.77143203964233,2018-01-02,78.49703079986573,84.29001685519134,1.4859255556117006,MSFT,sell
-15.666726409531494,,2018-01-02,53.191905706405635,,0.2945321511134509,GOOGL,buy
72.65533377696742,8.957765988922118,2018-01-02,59.40888513793945,61.700247238818044,1.2229708335423481,AMZN,sell
114.52190389693648,9.9094319026947,2018-01-02,59.40888513793945,95.41959276285819,1.9276898334488521,AMZN,sell
152.72515962098845,13.089655998802185,2018-01-02,59.40888513793945,119.0749775453746,2.570746097429385,AMZN,sell
-129.76054672016022,,2018-01-02,109.66704526367187,,1.183222785005082,JNJ,buy
16.316566667068113,27.790676285171507,2018-01-02,85.45615288925171,11.010355153924483,0.1909349545399479,JPM,sell
0.6345155028492541,19.14869820976257,2018-01-02,85.45615288925171,0.49233561921674035,0.007425041748270189,JPM,sell
-74.00679602900905,,2018-01-02,107.76356074142456,,0.6867515839290625,V,buy
-115.36742643201644,,2018-01-02,144.66815243530272,,0.7974624994510116,MA,buy
404.70468310259093,12.759044292736052,2018-01-02,28.711335206794736,224.85777107316875,14.09564132729065,WMT,sell
-327.43361080993594,,2018-01-02,71.79534640426635,,4.56065228749253,PG,buy
-1.5512266336495795,,2018-01-02,4.920468438339233,,0.31525994995979545,NVDA,buy
101.40470564159017,19.309733860015868,2018-01-02,151.4252086212158,88.4735834333292,0.6696685879776467,HD,sell
24.260562392119684,24.099155887603757,2018-01-02,190.68535070343017,21.194469098367193,0.12722824434401225,UNH,sell
-50.3428676588554,,2018-01-02,87.93511534347533,,0.5725001606265678,CVX,buy
-49.40071398101998,,2018-04-02,39.11520634002685,,1.2629541961655946,AAPL,buy
41.18830711302945,21.77143203964233,2018-04-02,81.22394905014038,30.148109737429333,0.5070955992007171,MSFT,sell
101.7264655680643,17.369741943168638,2018-04-02,81.22394905014038,79.9722603567769,1.2524195973932208,MSFT,sell
-134.70847668186468,,2018-04-02,50.18935907440185,,2.6840047206454614,GOOGL,buy
21.256800461829727,13.089655998802185,2018-04-02,68.55148291168213,17.197891830502165,0.3100852025216696,AMZN,sell
484.1825064808002,17.161504543113708,2018-04-02,68.55148291168213,362.9699530576792,7.063049345038877,AMZN,sell
-266.29578260047464,,2018-04-02,98.74018183898924,,2.6969342940314824,JNJ,buy
50.238518217511476,19.14869820976257,2018-04-02,85.82177964477539,39.029216478085814,0.585381920830045,JPM,sell
145.78819671217167,19.318132068634032,2018-04-02,111.45280454635619,120.51870574155788,1.3080711365278788,V,sell
436.9893159778298,23.44955826835632,2018-04-02,163.44780802459715,374.2952575409666,2.6735709781563273,MA,sell
-349.9436013693205,,2018-04-02,25.097483393669126,,13.943374157489998,WMT,buy
-388.2283574245617,,2018-04-02,61.76861443138122,,6.285204241643541,PG,buy
87.88117625550161,0.2875679940491915,2018-04-02,5.451832327365875,83.2457047198815,16.11956695996969,NVDA,sell
282.6234548010527,0.373252238458395,2018-04-02,5.451832327365875,263.2740267902491,51.84008565017734,NVDA,sell
-191.9103033635134,,2018-04-02,140.23087492980957,,1.368531027561307,HD,buy
-7.373777623740279,,2018-04-02,188.15429043273923,,0.039190058365297986,UNH,buy
-302.3805245165033,,2018-04-02,78.13207729187012,,3.870120122199374,CVX,buy
108.70263889441152,16.578708947372434,2018-07-02,44.033695684432985,67.7760397518626,2.468624020873193,AAPL,sell
81.06527999218834,17.369741943168638,2018-07-02,92.16468757324219,65.78737875809544,0.8795698453137675,MSFT,sell
49.80914656611361,18.38226433048248,2018-07-02,92.16468757324219,39.87470288315289,0.5404363414841598,MSFT,sell
110.33751753659364,14.68048189458847,2018-07-02,56.52761791534424,81.68235766561473,1.9519222922472181,GOOGL,sell
397.04839292957865,17.161504543113708,2018-07-02,85.62902068862915,317.47317714059557,4.6368437912347105,AMZN,sell
77.69401963703702,16.63113285598755,2018-07-02,85.62902068862915,62.60404719185578,0.9073328062404684,AMZN,sell
-324.52769169748944,,2018-07-02,97.09272815856933,,3.3424510553198097,JNJ,buy
-336.7407236187808,,2018-07-02,84.15932655715942,,4.001228828632236,JPM,buy
89.64980474555077,19.318132068634032,2018-07-02,124.93647764968871,75.78782623789817,0.7175630883153374,V,sell
131.6444765061823,23.44955826835632,2018-07-02,188.547443989563,115.27191394463483,0.6982034533094463,MA,sell
55.92501624739594,23.26722170715332,2018-07-02,188.547443989563,49.02373069044964,0.2966097819416298,MA,sell
-310.2250653286629,,2018-07-02,24.798014726448056,,12.510076663427242,WMT,buy
-217.81979979214478,,2018-07-02,62.92816273002624,,3.4614040890822295,PG,buy
16.19415616366113,0.373252238458395,2018-07-02,5.978145550060272,15.183055817004233,2.708892921400661,NVDA,sell
112.04817705770687,19.309733860015868,2018-07-02,158.01990855560302,98.35610181060005,0.709076331469209,HD,sell
157.14839034654233,24.099155887603757,2018-07-02,214.84234863739013,139.5208435408646,0.7314590970692496,UNH,sell
76.65166643978625,40.85286823310852,2018-07-02,87.12458560867309,40.70956804085803,0.8797937563120612,CVX,sell
119.09155778303852,16.578708947372434,2018-10-01,53.64992256202697,82.29030662947886,2.2197899287804503,AAPL,sell
224.2634520694669,13.027007271194456,2018-10-01,53.64992256202697,169.80891641949526,4.180126295805671,AAPL,sell
153.32296952515568,18.38226433048248,2018-10-01,106.95092267074584,126.97047734121642,1.4335824852784924,MSFT,sell
-182.32010093116259,,2018-10-01,59.89881436042785,,3.0438014988759505,GOOGL,buy
183.23670111370257,16.63113285598755,2018-10-01,100.1478497177124,152.80735161788516,1.8296618612400906,AMZN,sell
140.79345605177448,39.34487825889587,2018-10-01,112.14149296417236,91.39602748556067,1.2554983202939525,JNJ,sell
-90.88890638153175,,2018-10-01,91.39691801376343,,0.9944416984371927,JPM,buy
85.49421990784266,19.318132068634032,2018-10-01,142.39613301086425,73.8956701694271,0.6003970620558903,V,sell
64.88403852724517,23.26722170715332,2018-10-01,213.71157945098875,57.819979043210004,0.30360562910970046,MA,sell
54.63167081512584,12.759044292736052,2018-10-01,27.990890698242186,29.72900104191493,1.9517660729015915,WMT,sell
-108.52984409671396,,2018-10-01,68.00184503250122,,1.595983815510337,PG,buy
267.2369948520596,0.373252238458395,2018-10-01,7.144906465673446,253.27644729183,37.40244832258571,NVDA,sell
-125.43679285546813,,2018-10-01,170.18502518920897,,0.7370612820723181,HD,buy
-74.36796946821075,,2018-10-01,234.72777788238523,,0.3168264537717995,UNH,buy
-338.0726852095281,,2018-10-01,88.1823662399292,,3.833790128626056,CVX,buy
-608.88481342722,,2019-01-02,37.463118375396725,,16.252913260608196,AAPL,buy
15.585408413260883,18.38226433048248,2019-01-02,93.9503401222229,12.535977226759837,0.1658898562047284,MSFT,sell
37.871338696812316,19.44395441188812,2019-01-02,93.9503401222229,30.033489656776606,0.40309953798511344,MSFT,sell
32.46960743501323,14.68048189458847,2019-01-02,52.20036499557495,23.33807197324942,0.622018781626636,GOOGL,sell
-350.76915029987566,,2019-01-02,77.01036674041748,,4.554830279957372,AMZN,buy
206.49449131018127,39.34487825889587,2019-01-02,103.20930383148193,127.77580684935754,2.0007352403746594,JNJ,sell
63.17702173291211,19.14869820976257,2019-01-02,80.41762910385131,48.133582421951274,0.7856115933401284,JPM,sell
70.36411324865277,19.318132068634032,2019-01-02,125.74619792404174,59.554217959008334,0.5595724913381233,V,sell
-54.4896264921718,,2019-01-02,181.6752099090576,,0.29992879336398204,MA,buy
141.78271815986858,12.759044292736052,2019-01-02,27.827617770767212,76.77492640966587,5.0950361374019835,WMT,sell
20.172639738445795,12.90103700494766,2019-01-02,27.827617770767212,10.8204927491855,0.7249143604249539,WMT,sell
104.678630731853,13.26411733074188,2019-01-02,27.827617770767212,54.78324796907544,3.761681348153971,WMT,sell
133.27431890260132,12.762186940574646,2019-01-02,27.827617770767212,72.1526021166421,4.789282359721263,WMT,sell
13.929563069859801,13.186707797145843,2019-01-02,27.827617770767212,7.328743716321196,0.5005661348594757,WMT,sell
62.23814934237375,15.428357641506194,2019-01-02,27.827617770767212,27.731694822636328,2.2365604506669143,WMT,sell
681.7741064457973,37.61916090888977,2019-01-02,74.73760217056274,338.60321162143805,9.122236821163778,PG,sell
123.14318879144274,37.86291891403198,2019-01-02,74.73760217056274,60.75744939636494,1.6476737975940274,PG,sell
23.694434236102353,41.07768446044921,2019-01-02,74.73760217056274,10.671371350057012,0.3170349803573842,PG,sell
36.12726295749267,39.663540650177,2019-01-02,74.73760217056274,16.954381820311347,0.48338803906291616,PG,sell
-1435.6705723481289,,2019-01-02,3.3716407432079314,,425.80769473741947,NVDA,buy
-103.66671947002393,,2019-01-02,142.18260334320067,,0.7291097295482274,HD,buy
160.38229978715896,24.099155887603757,2019-01-02,212.76955134429932,142.216739819752,0.7537840765929502,UNH,sell
30.025125857767524,40.85286823310852,2019-01-02,79.12622110061645,14.523153271586231,0.3794586098025299,CVX,sell
55.02453244632918,39.726080582809445,2019-01-02,79.12622110061645,27.398936536539722,0.6954020005120718,CVX,sell
41.86919230611372,56.25031569519042,2019-01-02,79.12622110061645,12.10465594430854,0.5291443433507723,CVX,sell
229.73846152221216,13.027007271194456,2019-04-01,45.49840224609375,163.96022622209605,5.04937426768511,AAPL,sell
122.03230267269639,19.44395441188812,2019-04-01,111.0534413520813,100.66609824844086,1.0988610635289362,MSFT,sell
-20.664256196536574,,2019-04-01,59.425491322708126,,0.3477338720570273,GOOGL,buy
111.51921280539362,16.63113285598755,2019-04-01,90.64600652160644,91.05840139921696,1.2302716587830247,AMZN,sell
-152.38677559378425,,2019-04-01,113.18507012329101,,1.3463504985930683,JNJ,buy
-256.29943119596294,,2019-04-01,85.54148846206664,,2.996200274322078,JPM,buy
131.93378444865257,19.318132068634032,2019-04-01,149.03223155822752,114.83201897386014,0.8852701396818681,V,sell
4.399422846146943,23.26722170715332,2019-04-01,228.9642008010864,3.9523558095242874,0.019214457241588434,MA,sell
370.05029223993813,18.597115319824216,2019-04-01,228.9642008010864,339.99376840414675,1.6161927975868196,MA,sell
-283.4414307621892,,2019-04-01,29.361244365692137,,9.653590536965908,WMT,buy
3.2420531108568897,39.663540650177,2019-04-01,85.52880249938964,1.7385677165252817,0.03790598039625337,PG,sell
618.7701306539709,0.373252238458395,2019-04-01,4.510023888731003,567.5603494962987,137.19885879098433,NVDA,sell
-0.5483747029768503,,2019-04-01,162.54123528594968,,0.003373757446915704,HD,buy
-414.1221542782134,,2019-04-01,215.68155690460205,,1.9200628937474864,UNH,buy
-10.348788858203632,,2019-04-01,90.33693429565429,,0.11455767166432906,CVX,buy
37.08887381475808,13.027007271194456,2019-07-01,48.13593989982605,27.05152895620234,0.7705027447670574,AAPL,sell
348.0932954272539,19.44395441188812,2019-07-01,127.06692041473389,294.8275820119895,2.7394485857618314,MSFT,sell
-470.414640716619,,2019-07-01,54.519712114715574,,8.628340511534873,GOOGL,buy
42.718194023465614,16.63113285598755,2019-07-01,96.04222042236327,35.32090606981599,0.4447855727991765,AMZN,sell
-137.5834564194264,,2019-07-01,114.27110355758666,,1.2040091688629886,JNJ,buy
169.584440022921,19.14869820976257,2019-07-01,93.5116368095398,134.8580532986196,1.8135116206801385,JPM,sell
79.74289690734336,19.318132068634032,2019-07-01,165.09310936431885,70.41189684366374,0.48301771778597313,V,sell
136.95916116199217,16.202583722305295,2019-07-01,165.09310936431885,123.51770207379423,0.8295873867137473,V,sell
82.37693392776708,18.597115319824216,2019-07-01,255.87151520690918,76.38965809243464,0.32194648107333634,MA,sell
125.76402995641538,20.622896846389768,2019-07-01,255.87151520690918,115.62761983401427,0.4915124290201547,MA,sell
43.72688352657459,20.275940126800535,2019-07-01,255.87151520690918,40.26184885243566,0.1708939093560886,MA,sell
114.85791309437221,15.428357641506194,2019-07-01,33.33290901145935,61.69516751558695,3.4457812564419683,WMT,sell
16.23307318380699,18.846855139923093,2019-07-01,33.33290901145935,7.0546849829511284,0.48699839483635543,WMT,sell
118.41831961982882,17.72042823085785,2019-07-01,33.33290901145935,55.46481822213934,3.5525948119055073,WMT,sell
72.12162240510182,19.328041954803464,2019-07-01,33.33290901145935,30.301997744827624,2.163676215007442,WMT,sell
87.96037498501484,39.663540650177,2019-07-01,91.8254171722412,49.96632043823498,0.9579087979532233,PG,sell
5.57527404649834,43.75903778648376,2019-07-01,91.8254171722412,2.918399346837572,0.060716021970698364,PG,sell
-487.7037945653253,,2019-07-01,4.121884212350845,,118.32059549464441,NVDA,buy
125.09875788972276,19.309733860015868,2019-07-01,175.6837437057495,111.34891587181241,0.7120679196092787,HD,sell
-199.09384231839573,,2019-07-01,214.07801822052,,0.9300060042283782,UNH,buy
-139.62221774137112,,2019-07-01,91.15274391555785,,1.5317390540729576,CVX,buy
371.0279952260328,13.027007271194456,2019-10-01,53.84235749588012,281.25881318388184,6.891005752384132,AAPL,sell
-25.555712116661944,,2019-10-01,128.97660352478027,,0.1981422321433044,MSFT,buy
1.5535791050815528,14.68048189458847,2019-10-01,59.68980484199524,1.1714821961649662,0.026027545393958462,GOOGL,sell
285.64333414629715,12.924924182415008,2019-10-01,59.68980484199524,223.79159167828277,4.785462691701255,GOOGL,sell
-444.28696364452736,,2019-10-01,86.84324897155761,,5.115964325448459,AMZN,buy
-305.03419025471214,,2019-10-01,107.38667967758178,,2.840521665913762,JNJ,buy
12.40697418512898,19.14869820976257,2019-10-01,95.7227725616455,9.925042268516872,0.12961361077520905,JPM,sell
-63.967834296214704,,2019-10-01,165.89610585632323,,0.38558972777585865,V,buy
-13.236444943219082,,2019-10-01,260.551154711914,,0.050801712845427005,MA,buy
76.91838145462438,19.328041954803464,2019-10-01,35.68632104644775,35.25867374993953,2.155402383857691,WMT,sell
112.93422522511223,19.18471125526428,2019-10-01,35.68632104644775,52.2215925342614,3.1646362503470726,WMT,sell
133.72790521823546,43.75903778648376,2019-10-01,103.59517245025634,77.24067401678188,1.2908700478533213,PG,sell
213.12489890299784,44.59033064918518,2019-10-01,103.59517245025634,121.38983551264464,2.0572860092040948,PG,sell
60.5555660084018,40.72769293365478,2019-10-01,103.59517245025634,36.74858312029379,0.5845404238067076,PG,sell
105.03290601423457,0.373252238458395,2019-10-01,4.314338725376129,95.94605174129256,24.34507643001018,NVDA,sell
322.19912540102456,19.309733860015868,2019-10-01,194.2405690475464,290.16884773075714,1.6587632901865952,HD,sell
-457.67706408427836,,2019-10-01,192.54519455718992,,2.3769851287996637,UNH,buy
-308.55776983643455,,2019-10-01,85.57624177627562,,3.605647589001464,CVX,buy
280.78106617033325,13.027007271194456,2020-01-02,72.22095532836914,230.13458864890026,3.8878060376479056,AAPL,sell
498.65239124898216,12.51124464969635,2020-01-02,72.22095532836914,412.2680166072157,6.904538841694141,AAPL,sell
91.58816351959202,19.44395441188812,2020-01-02,151.43818476104735,79.82867182366695,0.604789100345517,MSFT,sell
49.54472697666755,19.98617902526855,2020-01-02,151.43818476104735,43.006020872416684,0.32716138967753494,MSFT,sell
-16.612188767787114,,2020-01-02,67.83639268798828,,0.24488608709184234,GOOGL,buy
-176.26438391580126,,2020-01-02,94.966927784729,,1.856060715319309,AMZN,buy
-32.75043249871062,,2020-01-02,121.42346083145141,,0.26972079591909903,JNJ,buy
353.2553321914788,19.14869820976257,2020-01-02,117.81667862319946,295.8408826740395,2.9983474014002525,JPM,sell
-157.51574831928116,,2020-01-02,182.22025364837646,,0.8644250305085919,V,buy
-69.75979207341237,,2020-01-02,292.11107299804684,,0.23881255632469234,MA,buy
-484.26267970426403,,2020-01-02,36.22863515167236,,13.366848562659968,WMT,buy
-526.5967180909527,,2020-01-02,104.0320686882019,,5.0618691402670635,PG,buy
76.24036857481796,0.373252238458395,2020-01-02,5.952966635370254,71.4600817070294,12.807121767124784,NVDA,sell
352.82535681517186,0.44530001091659066,2020-01-02,5.952966635370254,326.43294696897186,59.26882820387709,NVDA,sell
498.69546699448387,0.43581984700560567,2020-01-02,5.952966635370254,462.18570716539875,83.77259567211848,NVDA,sell
-704.8014746536095,,2020-01-02,186.08243709716797,,3.787576547514682,HD,buy
119.3409884162299,24.099155887603757,2020-01-02,259.91854602355954,108.2759177330369,0.45914764545278963,UNH,sell
39.680428544556754,21.429409267616272,2020-01-02,259.91854602355954,36.4089107702205,0.15266486040192007,UNH,sell
314.075584056587,28.76986160163879,2020-01-02,259.91854602355954,279.31118873351204,1.2083615765845295,UNH,sell
346.6664393270241,33.5783322933197,2020-01-02,259.91854602355954,301.88132848076054,1.3337503022797055,UNH,sell
-317.2386670275632,,2020-01-02,90.45695996627806,,3.50706752853322,CVX,buy
-182.75905204875903,,2020-04-01,58.1470740158081,,3.1430481265329604,AAPL,buy
29.533091573546745,19.98617902526855,2020-04-01,143.8064000152588,25.428589581313258,0.2053670182301559,MSFT,sell
271.7882797116786,20.8478504989624,2020-04-01,143.8064000152588,232.38668546971144,1.8899595545319272,MSFT,sell
155.73749861243166,24.113285873603818,2020-04-01,143.8064000152588,129.62362033661725,1.0829663950693913,MSFT,sell
-177.36076567448018,,2020-04-01,54.62378500633239,,3.246951225623036,GOOGL,buy
46.30526934800873,16.63113285598755,2020-04-01,95.31823263473511,38.225922247542414,0.48579655820364565,AMZN,sell
489.69675440189417,15.884111245059966,2020-04-01,95.31823263473511,408.0922438244503,5.137493015407031,AMZN,sell
164.84347994963446,15.436797841167449,2020-04-01,95.31823263473511,138.14706096368545,1.7294013473930434,AMZN,sell
130.91309305969168,39.34487825889587,2020-04-01,107.68150526504516,83.07981197533931,1.2157435275209494,JNJ,sell
55.849463675679075,39.00823988380432,2020-04-01,107.68150526504516,35.61767669350077,0.5186541879983224,JNJ,sell
-1072.3682797926936,,2020-04-01,70.99608125534057,,15.104612266356973,JPM,buy
-190.32980761677555,,2020-04-01,146.19164855651854,,1.3019198394441318,V,buy
-400.3915109370397,,2020-04-01,220.4047857788086,,1.8166189519081506,MA,buy
10.504961344013036,19.18471125526428,2020-04-01,34.871546024322505,4.7256176351899475,0.3012473647335838,WMT,sell
60.23827864464952,20.69137087688446,2020-04-01,34.871546024322505,24.495310335983376,1.7274335529211697,WMT,sell
77.2013650799543,20.26009423408508,2020-04-01,34.871546024322505,32.34797858458835,2.2138784734725334,WMT,sell
100.83597510232855,19.989879963111875,2020-04-01,34.871546024322505,43.03242842696869,2.891640509199007,WMT,sell
179.96362939094172,21.823771966171265,2020-04-01,34.871546024322505,67.33641156431904,5.160758552701367,WMT,sell
91.06078007945922,19.5588342710495,2020-04-01,34.871546024322505,39.9863968294487,2.611320416248404,WMT,sell
104.65897981216641,40.72769293365478,2020-04-01,92.58077794189452,58.617902092828956,1.1304612268202412,PG,sell
95.73579371254311,53.629528722763055,2020-04-01,92.58077794189452,40.27865009331674,1.0340785186815857,PG,sell
170.8837196608715,0.43581984700560567,2020-04-01,6.034986207818985,158.54325789447012,28.315511216823154,NVDA,sell
568.0558148791042,0.4928414169609546,2020-04-01,6.034986207818985,521.6660762654175,94.12711070377026,NVDA,sell
-118.31417751765323,,2020-04-01,152.33678576660154,,0.7766619002906161,HD,buy
-134.97358057250463,,2020-04-01,212.09518589630125,,0.6363821036395265,UNH,buy
-1206.7497152015578,,2020-04-01,51.66939446601867,,23.355213036127196,CVX,buy
236.7571813620693,12.51124464969635,2020-07-01,87.99776088409423,203.09579056264968,2.690490973672759,AAPL,sell
192.73822244122198,16.86710724868774,2020-07-01,87.99776088409423,155.7948248345547,2.1902628033352585,AAPL,sell
14.722746399348784,28.237581230735778,2020-07-01,87.99776088409423,9.998367696818878,0.16730819342938474,AAPL,sell
439.33350862253957,24.551970118141174,2020-07-01,87.99776088409423,316.7564899890076,4.992553267363306,AAPL,sell
54.94961007985384,24.113285873603818,2020-07-01,194.06452964172362,48.12190354870782,0.28315122903345724,MSFT,sell
212.0634272509667,23.423155445671078,2020-07-01,194.06452964172362,186.46784504946163,1.0927469725790289,MSFT,sell
114.46398672427328,12.924924182415008,2020-07-01,71.37039299697875,93.73496607714279,1.6038021078168754,GOOGL,sell
859.4264824840919,15.436797841167449,2020-07-01,143.83424306030273,767.1898037406968,5.975117358693062,AMZN,sell
-670.2707016479164,,2020-07-01,118.33274446105956,,5.664287638224145,JNJ,buy
-597.3335141734962,,2020-07-01,79.30173397979736,,7.532414289020096,JPM,buy
-36.62430903270971,,2020-07-01,185.33375970306395,,0.19761272361488835,V,buy
155.40016469203746,20.275940126800535,2020-07-01,290.40256335754395,144.55010745231772,0.5351198105669219,MA,sell
-834.438126280645,,2020-07-01,36.779466020202634,,22.68760851020228,WMT,buy
-642.9219414889862,,2020-07-01,102.42006308288573,,6.277304681688072,PG,buy
614.4765960298763,0.4928414169609546,2020-07-01,9.468819606399537,582.4937799170809,64.89474101022898,NVDA,sell
57.616780651443165,2.6680774760246275,2020-07-01,9.468819606399537,41.381807224209346,6.0848957997365005,NVDA,sell
2.985139595291848,4.920468438339233,2020-07-01,9.468819606399537,1.4339129616422686,0.31525994995979545,NVDA,sell
407.1845986577237,3.3716407432079314,2020-07-01,9.468819606399537,262.1950181282473,43.00267779761339,NVDA,sell
445.2688825543912,19.309733860015868,2020-07-01,212.5896846633911,404.82466423831517,2.094499002900438,HD,sell
-65.60196180064672,,2020-07-01,267.23017367858887,,0.24548860219486102,UNH,buy
30.465317274444462,56.25031569519042,2020-07-01,66.9094141708374,4.853320283017329,0.45532183552912997,CVX,sell
40.7497359312895,48.960369042587274,2020-07-01,66.9094141708374,10.931478899628164,0.6090284369736771,CVX,sell
351.9784709090409,24.551970118141174,2020-10-01,113.10637036056518,275.57459664060474,3.11192437514341,AAPL,sell
506.06889015274663,23.705260816574096,2020-10-01,113.10637036056518,400.005058434143,4.474273982442185,AAPL,sell
-304.5143008070152,,2020-10-01,202.1910868560791,,1.5060718330465797,MSFT,buy
-345.31889326761734,,2020-10-01,73.74532646331787,,4.6825868136794355,GOOGL,buy
68.78043166476785,15.436797841167449,2020-10-01,160.95025943756102,62.18367548215885,0.42733967565582276,AMZN,sell
-228.4660796089693,,2020-10-01,125.00935085144042,,1.8275919205474125,JNJ,buy
-259.39354224718585,,2020-10-01,83.25997003097534,,3.115465236784054,JPM,buy
-254.36263988871298,,2020-10-01,194.78066026611327,,1.3058926874012933,V,buy
176.23134999060318,20.275940126800535,2020-10-01,331.53604223327636,165.4534681144587,0.5315601549788749,MA,sell
337.25850275636003,19.5588342710495,2020-10-01,44.08595857429504,187.6330125722801,7.6500208606783815,WMT,sell
117.47595957384205,17.607529585456845,2020-10-01,44.08595857429504,70.55713324752955,2.66470239897059,WMT,sell
22.859424945469325,53.629528722763055,2020-10-01,119.44396432342529,12.595698405220338,0.19138200138410966,PG,sell
174.13229883102275,52.74313979415893,2020-10-01,119.44396432342529,97.24030824827487,1.4578576641973697,PG,sell
103.59530855380729,56.21249703483581,2020-10-01,119.44396432342529,54.84147651307251,0.8673130462523524,PG,sell
1539.8622365252306,3.3716407432079314,2020-10-01,13.531147134304046,1156.1651113618072,113.80130754926057,NVDA,sell
95.63946645797022,19.309733860015868,2020-10-01,239.0908199707031,87.91531944118549,0.4000131266842004,HD,sell
-231.15723568514755,,2020-10-01,282.1565694366455,,0.8192516521826043,UNH,buy
-1374.2838078986767,,2020-10-01,54.62664039726257,,25.157758154344492,CVX,buy
210.75607407708054,23.705260816574096,2021-01-04,125.54452644882201,170.96120729958685,1.6787356648558855,AAPL,sell
-222.82392516918765,,2021-01-04,207.71064914093017,,1.0727611997303192,MSFT,buy
257.26882962935986,12.924924182415008,2021-01-04,85.43313587036133,218.34739611784926,3.0113471431008563,GOOGL,sell
216.28472218531883,16.04781237220764,2021-01-04,85.43313587036133,175.65766799557343,2.531625697475455,GOOGL,sell
-422.5171279007772,,2021-01-04,159.44302924041747,,2.6499567269490427,AMZN,buy
-0.31805285914849846,,2021-01-04,133.7218357055664,,0.002378466145565028,JNJ,buy
344.58158104333853,19.14869820976257,2021-01-04,108.92423368377685,284.0047150798144,3.16349786810261,JPM,sell
809.5286769976485,24.79914848461151,2021-01-04,108.92423368377685,625.2205466168713,7.432034631961056,JPM,sell
105.39340231804904,36.81935369377136,2021-01-04,108.92423368377685,69.76756566351811,0.9675845195663406,JPM,sell
14.261873033593602,16.202583722305295,2021-01-04,208.60543030700683,13.15413968492858,0.0683676978715475,V,sell
-235.72817641768398,,2021-01-04,340.2474059936523,,0.6928140296301972,MA,buy
-219.90048522221878,,2021-01-04,45.37749092559814,,4.846025655820682,WMT,buy
-390.77562452947876,,2021-01-04,119.04882917098998,,3.2824818795001107,PG,buy
-557.7334026376993,,2021-01-04,13.055330229759216,,42.72074262559545,NVDA,buy
-597.8844380752035,,2021-01-04,228.8516123901367,,2.612541951664099,HD,buy
265.3249356639519,33.5783322933197,2021-01-04,315.68051069641115,237.10282959926755,0.8404856387194393,UNH,sell
13.195941227743555,48.960369042587274,2021-01-04,66.58537662963867,3.4929375792362567,0.19818077024842928,CVX,sell
129.91605045971104,59.91640479011535,2021-01-04,66.58537662963867,13.011963375037027,1.9511198559757403,CVX,sell
1.4905318839528618,59.09357121391296,2021-01-04,66.58537662963867,0.1677061151523067,0.022385273755279655,CVX,sell
56.880698838744514,62.65124707031249,2021-01-04,66.58537662963867,3.3607384982039363,0.8542521153725158,CVX,sell
71.88131801340852,68.6586536590576,2021-01-04,66.58537662963867,-2.2381774050853807,1.0795361031480972,CVX,sell
25.446599462150285,70.52804908905028,2021-01-04,66.58537662963867,-1.5067513613858559,0.3821649850189992,CVX,sell
83.94884644085674,72.7733712409973,2021-01-04,66.58537662963867,-7.801638072804181,1.2607700172336216,CVX,sell
57.584682579378814,70.37988178482055,2021-01-04,66.58537662963867,-3.2815820224662318,0.8648247632460873,CVX,sell
136.9899745332809,70.77187198944091,2021-01-04,66.58537662963867,-8.613120804481952,2.0573582589349435,CVX,sell
152.44485795053535,68.35007293548584,2021-01-04,66.58537662963867,-4.040209596876537,2.2894645291032063,CVX,sell
60.92182227942636,64.2456088027954,2021-01-04,66.58537662963867,2.1407541255630065,0.914942970410543,CVX,sell
-666.3741755164278,,2021-04-01,119.67175484313964,,5.5683496610364,AAPL,buy
253.78461713530356,23.423155445671078,2021-04-01,231.44854452667235,228.10099683413856,1.0965055652188695,MSFT,sell
591.5553827292656,16.04781237220764,2021-04-01,105.41138220748901,501.49708360628637,5.611873882507901,GOOGL,sell
323.81050327127554,14.39942343673706,2021-04-01,105.41138220748901,279.57728621044504,3.071874179904931,GOOGL,sell
-441.4114101971831,,2021-04-01,158.16063805389402,,2.790905598438279,AMZN,buy
-132.74278487554133,,2021-04-01,139.9981071258545,,0.9481755689468656,JNJ,buy
93.46986158590387,36.81935369377136,2021-04-01,133.97413032073973,67.78206734383527,0.6976709709712843,JPM,sell
292.78814010998485,41.915665351104735,2021-04-01,133.97413032073973,201.1853085018093,2.185408029214578,JPM,sell
72.65901152975478,46.099034471130366,2021-04-01,133.97413032073973,47.657839518937806,0.5423361312800168,JPM,sell
245.5070213971655,44.519228361129755,2021-04-01,133.97413032073973,163.92572563749297,1.8324957274170117,JPM,sell
189.23812695632273,45.90896010589599,2021-04-01,133.97413032073973,124.3918346150064,1.4124975210010966,JPM,sell
-410.7784088689591,,2021-04-01,208.3573112045288,,1.9715094540921996,V,buy
-200.25738845493308,,2021-04-01,352.125435256958,,0.5687103753490526,MA,buy
-792.582619901814,,2021-04-01,42.17422710762023,,18.793056192335214,WMT,buy
-507.46916341994546,,2021-04-01,116.69061982574462,,4.348842813396267,PG,buy
-95.26632105478565,,2021-04-01,13.755231209945677,,6.925824771735108,NVDA,buy
576.3578845851082,19.309733860015868,2021-04-01,268.15420158691404,534.8544612055832,2.149352429215245,HD,sell
-93.06361859964551,,2021-04-01,333.1942544677734,,0.2793073930650465,UNH,buy
81.13179272572673,64.2456088027954,2021-04-01,84.29862327346801,19.299686642363802,0.9624331878176946,CVX,sell
218.96569796836872,59.49876187553405,2021-04-01,84.29862327346801,64.41764704627792,2.5975002848864506,CVX,sell
460.9230145864039,49.11921734123229,2021-04-01,84.29862327346801,192.35187010163645,5.467740713761739,CVX,sell
237.52409599278133,67.24257826080321,2021-04-01,84.29862327346801,48.05798144179735,2.817650950505371,CVX,sell
97.21964388006336,72.14639915924072,2021-04-01,84.29862327346801,14.014877762632906,1.1532767690010672,CVX,sell
179.56674216966223,23.705260816574096,2021-07-01,133.59530632781983,147.70427204163838,1.3441096630224152,AAPL,sell
211.791642212228,23.423155445671078,2021-07-01,259.9816731903076,192.71018736675654,0.814640661448454,MSFT,sell
342.950649313576,14.39942343673706,2021-07-01,121.20544099731445,302.20749804300294,2.829498795529936,GOOGL,sell
28.21161231746353,17.94129730014801,2021-07-01,121.20544099731445,24.03562054894758,0.23275862935962266,GOOGL,sell
-11.756474591767565,,2021-07-01,171.76865248413085,,0.06844365617209291,AMZN,buy
-375.144296322818,,2021-07-01,143.57950028686523,,2.612798453632287,JNJ,buy
-360.95358511354874,,2021-07-01,137.91066366119384,,2.617300037075495,JPM,buy
-12.5023231922276,,2021-07-01,226.25835245513915,,0.055256847124379505,V,buy
-399.03065466818583,,2021-07-01,359.73405957031247,,1.1092379052036705,MA,buy
-340.6764455517161,,2021-07-01,43.4949637512207,,7.832549246397633,WMT,buy
-447.20288717685736,,2021-07-01,118.2768200263977,,3.780985040661797,PG,buy
2255.225250644082,3.3716407432079314,2021-07-01,20.105730049324034,1877.0340921271322,112.16828461893647,NVDA,sell
-226.6438846624,,2021-07-01,282.0337112792969,,0.8036056527935962,HD,buy
114.50468115266855,33.5783322933197,2021-07-01,368.35403210449215,104.06668971568534,0.3108549687877087,UNH,sell
-428.8654485129455,,2021-07-01,85.8217595878601,,4.997164478711184,CVX,buy
167.45041177718176,23.705260816574096,2021-10-01,139.03929255065918,138.9012469173667,1.2043387786669797,AAPL,sell
335.4202145165294,23.423155445671078,2021-10-01,277.26293331298825,307.08393555430666,1.2097549806193904,MSFT,sell
373.1664235021425,17.94129730014801,2021-10-01,135.16127176208497,323.63233981676717,2.760897545851755,GOOGL,sell
280.09376571611756,22.003360022735595,2021-10-01,135.16127176208497,234.49635540154313,2.0722930619441584,GOOGL,sell
-383.98635360312807,,2021-10-01,164.27790848083495,,2.3374192985170907,AMZN,buy
-277.5556891803839,,2021-10-01,139.65481889648436,,1.987440829994668,JNJ,buy
263.64567044387786,45.90896010589599,2021-10-01,147.3733594024658,181.51618234931743,1.7889642436926536,JPM,sell
95.54984933952305,48.21779943656921,2021-10-01,147.3733594024658,64.28773052559553,0.6483522512273296,JPM,sell
-220.49214989530873,,2021-10-01,222.04799454650876,,0.9929932055708157,V,buy
-277.06997347907594,,2021-10-01,349.92760879211426,,0.7917922636498176,MA,buy
-181.67713691982502,,2021-10-01,42.94374351119995,,4.2305845290931074,WMT,buy
4.992902185277576,56.21249703483581,2021-10-01,122.66831397399902,2.704915253749106,0.04070246034632774,PG,sell
22.616445044131755,56.497116142272944,2021-10-01,122.66831397399902,12.200031212484227,0.1843707173551401,PG,sell
102.58270919078669,56.19711686096191,2021-10-01,122.66831397399902,55.58726016610507,0.836260855533812,PG,sell
23.10121087223524,59.69080218505859,2021-10-01,122.66831397399902,11.86008621878807,0.1883225596231135,PG,sell
73.76115117084984,3.3716407432079314,2021-10-01,20.63658530216217,61.70992763206506,3.5742905180694606,NVDA,sell
104.37790912139113,19.309733860015868,2021-10-01,290.3957322052002,97.43734690756774,0.3594333440397648,HD,sell
-277.79807242383623,,2021-10-01,358.7735182769775,,0.7742992675657092,UNH,buy
-127.9487380433283,,2021-10-01,85.43922882003784,,1.4975408815174234,CVX,buy
88.69968757630707,23.705260816574096,2022-01-03,177.66195698547364,76.86457518633763,0.499261007147183,AAPL,sell
890.4776033966285,21.82577799282074,2022-01-03,177.66195698547364,781.0823968533223,5.012201928347764,AAPL,sell
73.38336535030142,23.423155445671078,2022-01-03,321.63117629699707,68.03913848300493,0.22815998808069082,MSFT,sell
125.15569307479106,22.118127269554137,2022-01-03,321.63117629699707,116.54891067325765,0.38912798975439244,MSFT,sell
-452.7226573425091,,2022-01-03,143.7253542663574,,3.1499150560694105,GOOGL,buy
-611.0746394669886,,2022-01-03,170.52377838592528,,3.583515714060823,AMZN,buy
-359.040066929749,,2022-01-03,150.2667189590454,,2.3893518765629267,JNJ,buy
-1040.44042957616,,2022-01-03,143.6454185897827,,7.243115999037961,JPM,buy
-1112.3445897781821,,2022-01-03,213.72315573272704,,5.204604929047708,V,buy
-656.3295721489854,,2022-01-03,360.846379397583,,1.8188614591192476,MA,buy
-467.13116035931523,,2022-01-03,45.50764788970947,,10.264893529356556,WMT,buy
293.23681564470786,59.69080218505859,2022-01-03,144.05032399749754,171.72691361679696,2.035655370339896,PG,sell
2136.410104669523,3.3716407432079314,2022-01-03,29.971589419555663,1896.0755914653291,71.28117480735182,NVDA,sell
464.52190524133175,19.309733860015868,2022-01-03,361.23835006713864,439.69122389011164,1.285915255550794,HD,sell
290.3919451366417,25.685810354995727,2022-01-03,361.23835006713864,269.7436600638863,0.8038790595812166,HD,sell
39.69656206472455,33.5783322933197,2022-01-03,460.055451663208,36.79920621970021,0.08628647247024723,UNH,sell
316.4918214905265,44.45732974624634,2022-01-03,460.055451663208,285.9077229451734,0.6879427693908085,UNH,sell
664.8485939534706,44.79608294296264,2022-01-03,460.055451663208,600.111587465273,1.4451488218428619,UNH,sell
173.9658656716278,72.14639915924072,2022-01-03,98.65647802734375,46.74653820537203,1.7633496466741008,CVX,sell
-185.52914950975344,,2022-04-01,170.60131675567627,,1.0875012751247155,AAPL,buy
-430.626487581627,,2022-04-01,298.32593060913086,,1.4434765583479816,MSFT,buy
-127.78801513449359,,2022-04-01,138.92658732299805,,0.9198240423007888,GOOGL,buy
-178.63323736762607,,2022-04-01,163.67448955688477,,1.091393276076431,AMZN,buy
83.93531309425298,39.00823988380432,2022-04-01,156.8741962234497,63.06401044076141,0.5350485619361933,JNJ,sell
200.80401828018424,40.02567522315979,2022-04-01,156.8741962234497,149.56986624832402,1.280032173004166,JNJ,sell
178.13688422857567,38.24675140419006,2022-04-01,156.8741962234497,134.70617802560815,1.1355397415062427,JNJ,sell
-1064.008542411907,,2022-04-01,120.92246951370238,,8.799097030443448,JPM,buy
301.76217182781073,16.202583722305295,2022-04-01,218.53085069274903,279.38854889189355,1.3808676023143462,V,sell
-8.81304148101556,,2022-04-01,354.52112351684565,,0.02485900245827466,MA,buy
279.51745435746886,17.607529585456845,2022-04-01,47.62556666793823,176.17775277311017,5.869063066616306,WMT,sell
202.6247652178757,16.97873471069336,2022-04-01,47.62556666793823,130.38809959586067,4.254537623261157,WMT,sell
-198.4149399861823,,2022-04-01,138.077696395874,,1.4369803752904389,PG,buy
-725.2127265548852,,2022-04-01,26.62126772613525,,27.24185542234386,NVDA,buy
-1803.584145593004,,2022-04-01,268.85783812561033,,6.708319006680288,HD,buy
59.44481842107936,44.79608294296264,2022-04-01,470.88810397338864,53.78977002624772,0.12623979650256523,UNH,sell
239.4627495104786,43.44521199989318,2022-04-01,470.88810397338864,217.3693692981214,0.5085342940071627,UNH,sell
222.08647390663393,72.14639915924072,2022-04-01,137.2753914276123,105.3667965652994,1.6178170872216668,CVX,sell
311.94323086918547,71.86619674606322,2022-04-01,137.2753914276123,148.6352018764654,2.272390030180162,CVX,sell
78.59018364238302,87.93511534347533,2022-04-01,137.2753914276123,28.247315983527628,0.5725001606265678,CVX,sell
531.2722546467978,78.13207729187012,2022-04-01,137.2753914276123,228.8917301302945,3.870120122199374,CVX,sell
526.2850405584579,88.1823662399292,2022-04-01,137.2753914276123,188.2123553489298,3.833790128626056,CVX,sell
15.725949218756663,90.33693429565429,2022-04-01,137.2753914276123,5.377160360553031,0.11455767166432906,CVX,sell
210.27007821282587,91.15274391555785,2022-04-01,137.2753914276123,70.64786047145475,1.5317390540729576,CVX,sell
494.9666841302025,85.57624177627562,2022-04-01,137.2753914276123,186.40891429376796,3.605647589001464,CVX,sell
481.43406774246665,90.45695996627806,2022-04-01,137.2753914276123,164.19540071490343,3.50706752853322,CVX,sell
182.40188662644084,51.66939446601867,2022-04-01,137.2753914276123,113.74722876361959,1.3287296778361366,CVX,sell
-432.96582094988923,,2022-07-01,136.17388358001708,,3.1795070359102624,AAPL,buy
-118.03319890574846,,2022-07-01,250.8558198684692,,0.4705220670887229,MSFT,buy
-597.7926926175355,,2022-07-01,107.78793845062255,,5.546007291821276,GOOGL,buy
-1380.102428767688,,2022-07-01,109.63668955688476,,12.58796151494181,AMZN,buy
93.28494191207507,38.24675140419006,2022-07-01,159.06069865722657,70.8542219844951,0.5864738599765786,JNJ,sell
219.16598157756852,43.50292677993774,2022-07-01,159.06069865722657,159.22432578383564,1.3778763920172885,JNJ,sell
181.21911295001132,46.92312014389038,2022-07-01,159.06069865722657,127.75923077228212,1.1393079150276826,JNJ,sell
22.420623507130625,60.24550768165588,2022-07-01,159.06069865722657,13.928633611894588,0.1409564002698538,JNJ,sell
99.34653603949643,61.287977317428584,2022-07-01,159.06069865722657,61.067135164520266,0.6245825453941123,JNJ,sell
179.31343107147757,64.22768244476318,2022-07-01,159.06069865722657,106.90782612843309,1.127327068126963,JNJ,sell
64.89671553426012,75.141482837677,2022-07-01,159.06069865722657,34.23901392911466,0.4079996886855852,JNJ,sell
201.99253335562915,75.79039714813231,2022-07-01,159.06069865722657,105.745663744102,1.2699085007222308,JNJ,sell
95.73317220429924,72.39970440063476,2022-07-01,159.06069865722657,52.15827641019333,0.6018656589117768,JNJ,sell
-57.163895571937,,2022-07-01,102.67855994415282,,0.5567266974042937,JPM,buy
76.91379154236208,16.202583722305295,2022-07-01,192.65819664916992,70.44532994280507,0.39922408119713637,V,sell
105.33484629215663,15.739788984298706,2022-07-01,192.65819664916992,96.72920021963989,0.546744691501349,V,sell
137.77632999295733,20.275940126800535,2022-07-01,309.97421127319336,128.7641460233514,0.44447674994333397,MA,sell
-308.8658787117994,,2022-07-01,38.87003590888977,,7.946117658233504,WMT,buy
50.500601693570204,59.69080218505859,2022-07-01,130.6295340911865,27.424492244897564,0.3865940581118359,PG,sell
173.1159744477389,58.27048569145202,2022-07-01,130.6295340911865,95.8933771063361,1.3252437563383985,PG,sell
332.3710740622605,53.02173509559631,2022-07-01,130.6295340911865,197.46367226393315,2.54437923532857,PG,sell
17.14871112510944,58.27185994377136,2022-07-01,130.6295340911865,9.49893039328034,0.1312774423059544,PG,sell
46.6319084710164,64.10832099609374,2022-07-01,130.6295340911865,23.746629290325508,0.35697829587652663,PG,sell
47.17921178511155,67.56765001220703,2022-07-01,130.6295340911865,22.775936584551154,0.3611680322780444,PG,sell
-2310.18645252676,,2022-07-01,14.476732764434812,,159.57927041398642,NVDA,buy
214.35559436861533,25.685810354995727,2022-07-01,249.76341289215088,192.31114405570213,0.8582345664101538,HD,sell
271.63453615691736,56.20484321289062,2022-07-01,249.76341289215088,210.50798307566902,1.0875673622950153,HD,sell
54.931495150854275,59.12997363090515,2022-07-01,249.76341289215088,41.92679673580358,0.2199341149080709,HD,sell
121.56276249041727,43.44521199989318,2022-07-01,477.00180234375,110.49085466587854,0.2548475957388803,UNH,sell
729.9603132318102,60.348652952957146,2022-07-01,477.00180234375,637.6082059730784,1.5303093398078325,UNH,sell
233.35921026932405,66.82466049575805,2022-07-01,477.00180234375,200.66719543167798,0.48922081451833677,UNH,sell
65.45650901142466,97.0688314376831,2022-07-01,477.00180234375,52.13625150189364,0.13722486726424066,UNH,sell
314.07684933774857,51.66939446601867,2022-07-01,123.47872803726196,182.65210210372052,2.5435704945306057,CVX,sell
372.6950909771744,21.82577799282074,2022-10-03,139.62239544525147,314.43538064387354,2.6693073828783795,AAPL,sell
-242.4569818823602,,2022-10-03,233.1428526824951,,1.0399503098323564,MSFT,buy
-383.1500750430071,,2022-10-03,97.7786174911499,,3.9185466605486283,GOOGL,buy
168.32593716976066,15.436797841167449,2022-10-03,115.79888125534058,145.8869167289236,1.4536059014127787,AMZN,sell
399.630500027645,29.945946736526487,2022-10-03,115.79888125534058,296.2848239866912,3.451073928308908,AMZN,sell
-332.1848116799456,,2022-10-03,145.77615100250242,,2.2787322164531787,JNJ,buy
-93.54247843032138,,2022-10-03,97.8466277114868,,0.956011265979889,JPM,buy
-342.2679818514486,,2022-10-03,176.25996864471435,,1.9418361666757988,V,buy
-338.6959982873814,,2022-10-03,283.76591051940915,,1.193575358179661,MA,buy
366.7599206845103,16.97873471069336,2022-10-03,42.13197453804016,218.95959886017022,8.70502568906116,WMT,sell
376.42862109534826,20.325432297134398,2022-10-03,42.13197453804016,194.83080763732607,8.93451173895204,WMT,sell
-521.5351386656806,,2022-10-03,115.80215806655883,,4.503673742987772,PG,buy
-669.9139123362128,,2022-10-03,12.475847154712676,,53.69686755765974,NVDA,buy
350.1323760913723,22.25500661792755,2022-10-03,255.55478150939942,319.6410728136929,1.3700873606174113,HD,sell
200.39925075004118,97.0688314376831,2022-10-03,476.7506355102539,159.5969536110469,0.4203439614413078,UNH,sell
488.1045792114896,51.66939446601867,2022-10-03,129.04005607452393,292.6608634292887,3.782581890150425,CVX,sell
-1117.0845457086457,,2023-01-03,122.96274558486938,,9.084739775411322,AAPL,buy
-391.75716531492003,,2023-01-03,232.67333174285886,,1.6837218188282712,MSFT,buy
-969.9913299670217,,2023-01-03,88.34175660476684,,10.979986896872298,GOOGL,buy
-1966.7329215130276,,2023-01-03,85.88007369461059,,22.90092261106723,AMZN,buy
225.40318189228424,44.10704428215026,2023-01-03,159.96899794921873,163.25446399998026,1.4090429069502406,JNJ,sell
136.4245852109867,48.21779943656921,2023-01-03,123.64856908721923,83.22467083688305,1.1033252242066425,JPM,sell
486.9216913593071,45.375654771804804,2023-01-03,123.64856908721923,308.23470184438384,3.9379484530536075,JPM,sell
41.11777769667835,51.17666393165588,2023-01-03,123.64856908721923,24.099621268882306,0.3325374325009349,JPM,sell
250.00508822537736,68.20783018569946,2023-01-03,123.64856908721923,112.09565078409975,2.021900375159447,JPM,sell
151.3449605184273,76.32244656829833,2023-01-03,123.64856908721923,57.92683406683018,1.2239928179975266,JPM,sell
177.4013858944504,84.15932655715942,2023-01-03,123.64856908721923,56.656105319044826,1.4347225140091595,JPM,sell
502.5418124640267,16.33200966053009,2023-01-03,201.4038556777954,461.79027020401594,2.4951945968104496,V,sell
752.0644452292114,20.275940126800535,2023-01-03,338.8560184204101,707.0635810449309,2.219421832125006,MA,sell
65.52460562501099,42.11335154724121,2023-01-03,338.8560184204101,57.38114468090926,0.193370051181196,MA,sell
10.354792641163895,20.325432297134398,2023-01-03,45.82327462120056,5.7618071219345826,0.2259723410594745,WMT,sell
146.0915880884368,19.518578221511838,2023-01-03,45.82327462120056,83.86338390222248,3.1881525119299567,WMT,sell
106.38326412971273,67.56765001220703,2023-01-03,137.3587375854492,54.05264953447449,0.7744921509891789,PG,sell
519.8795680801986,64.66410680770873,2023-01-03,137.3587375854492,275.1368709032507,3.784830708398058,PG,sell
142.44051901095278,68.43683406524657,2023-01-03,137.3587375854492,71.47176714938335,1.036996419119987,PG,sell
503.4027725976562,3.3716407432079314,2023-01-03,14.25731063632965,384.3555454151923,35.3083961932424,NVDA,sell
156.1652601562539,22.25500661792755,2023-01-03,286.29085006713865,144.02565144206423,0.5454776501576326,HD,sell
155.5569548928557,60.74706778717041,2023-01-03,286.29085006713865,122.54986129756244,0.543352869490505,HD,sell
44.28481828124403,59.12997363090515,2023-01-03,286.29085006713865,35.13831521764524,0.1546847140621459,HD,sell
-323.3056142922876,,2023-01-03,481.7978685394287,,0.6710399431039189,UNH,buy
571.743730747405,51.66939446601867,2023-01-03,149.11589792633058,373.631706689074,3.8342238399682245,CVX,sell
903.5880904676709,21.82577799282074,2023-04-03,163.3908258453369,782.88661927141,5.530225370933572,AAPL,sell
465.65737778617944,26.71690041809082,2023-04-03,163.3908258453369,389.5152704989623,2.849960365748828,AAPL,sell
533.7332459427435,22.118127269554137,2023-04-03,279.25714185791014,491.4597349298703,1.9112608629873975,MSFT,sell
63.67300819301897,22.003360022735595,2023-04-03,103.30393358917236,50.11089033046707,0.6163657663437974,GOOGL,sell
169.48658926618066,28.728414533424374,2023-04-03,103.30393358917236,122.35304047355834,1.6406595894035263,GOOGL,sell
100.13544894066973,26.24628580265045,2023-04-03,103.30393358917236,74.69417559743474,0.9693285188819303,GOOGL,sell
266.2809940916267,29.945946736526487,2023-04-03,102.3383166595459,188.36260803350137,2.6019676967863106,AMZN,sell
211.76710645355615,37.709876831436155,2023-04-03,102.3383166595459,133.73463765812244,2.0692846371320783,AMZN,sell
-1514.6025281448137,,2023-04-03,142.0226556427002,,10.664513498150903,JNJ,buy
-969.8037887913848,,2023-04-03,120.15758357696532,,8.07109930077938,JPM,buy
-86.3124021248465,,2023-04-03,223.13785298309324,,0.38681201316114766,V,buy
-397.7737227244471,,2023-04-03,359.1590723999023,,1.1075140607378273,MA,buy
-519.5810823127002,,2023-04-03,47.708719116973874,,10.890694445993688,WMT,buy
-825.5942326259532,,2023-04-03,136.5331436752319,,6.046841158142335,PG,buy
1300.1312016674515,3.3716407432079314,2023-04-03,27.857031370925903,1142.7714574546148,46.67156325294536,NVDA,sell
3296.0605405209435,4.121884212350845,2023-04-03,27.857031370925903,2808.356745955618,118.32059549464441,NVDA,sell
817.4014026515533,13.055330229759216,2023-04-03,27.857031370925903,434.3223480390763,29.342731885805563,NVDA,sell
-1107.1188129428292,,2023-04-03,272.1499969818115,,4.068046390670439,HD,buy
-1061.7952012116118,,2023-04-03,460.7198613159179,,2.304643863580983,UNH,buy
-872.2766259343845,,2023-04-03,147.1469371520996,,5.9279292033972055,CVX,buy
19.35303379771339,26.71690041809082,2023-07-03,189.50285993499756,16.624562697389038,0.10212528615321048,AAPL,sell
354.43385447867877,33.287918421936034,2023-07-03,189.50285993499756,292.1742915469867,1.8703351210649544,AAPL,sell
119.06995621023566,22.118127269554137,2023-07-03,329.3264389160156,111.07301416663057,0.36155601901310064,MSFT,sell
396.2623145857978,27.496065218162535,2023-07-03,329.3264389160156,363.17765098813953,1.2032508409895755,MSFT,sell
294.54881115930726,26.24628580265045,2023-07-03,118.68667466812133,229.41249908269504,2.4817344658357143,GOOGL,sell
975.4750876225187,37.709876831436155,2023-07-03,130.12884721984864,692.7933749025683,7.496224768474924,AMZN,sell
210.19907932528932,47.99307100868225,2023-07-03,130.12884721984864,132.67515165247505,1.615315003676045,AMZN,sell
-429.7857430608803,,2023-07-03,149.02413528137205,,2.884000918706242,JNJ,buy
195.11883392632706,84.15932655715942,2023-07-03,136.21479403381346,74.5660718101827,1.4324349664830933,JPM,sell
-488.7364262202429,,2023-07-03,232.33027255554197,,2.103627826216247,V,buy
-230.4182771795146,,2023-07-03,386.70635714721675,,0.595848175032188,MA,buy
-293.71063320471114,,2023-07-03,50.95293565406799,,5.764351541955989,WMT,buy
-596.5037138409452,,2023-07-03,140.13551708831787,,4.256620493040387,PG,buy
565.2693329091175,13.055330229759216,2023-07-03,42.25361631889343,390.6149848838951,13.378010739789886,NVDA,sell
292.6411425967829,13.755231209945677,2023-07-03,42.25361631889343,197.37482154199728,6.925824771735108,NVDA,sell
1151.066906830484,26.62126772613525,2023-07-03,42.25361631889343,425.85418027559876,27.24185542234386,NVDA,sell
958.5938208900577,14.476732764434812,2023-07-03,42.25361631889343,630.1649718672888,22.686669317376953,NVDA,sell
-433.5909635202303,,2023-07-03,285.4242055236816,,1.5191106960417038,HD,buy
-999.72311607787,,2023-07-03,447.3433778625488,,2.23480030229719,UNH,buy
-1267.992152703251,,2023-07-03,137.4492508102417,,9.225165981106748,CVX,buy
-799.8492785824702,,2023-10-02,171.55138319244384,,4.66244727205266,AAPL,buy
-395.73697439163794,,2023-10-02,314.6554990631103,,1.257683325319114,MSFT,buy
704.6472047347288,26.24628580265045,2023-10-02,132.81230073852538,565.3952542552526,5.305586913383912,GOOGL,sell
228.13377454535038,26.92777752780914,2023-10-02,132.81230073852538,181.87950823585484,1.7177157031146493,GOOGL,sell
-72.76851227794764,,2023-10-02,129.55062871856688,,0.5616994143349814,AMZN,buy
-374.9149727110001,,2023-10-02,142.57093650970458,,2.629673213134012,JNJ,buy
-127.60686698470701,,2023-10-02,134.68196472320557,,0.9474681130985942,JPM,buy
-238.01618820675762,,2023-10-02,226.2136434463501,,1.0521743276868563,V,buy
24.66865705843889,42.11335154724121,2023-10-02,388.5790614440918,21.995121786004137,0.06348426744035507,MA,sell
100.02433508652236,19.518578221511838,2023-10-02,51.67580339927673,62.243929557920104,1.9356125789410044,WMT,sell
-363.89015878562196,,2023-10-02,134.2588018951416,,2.7103635191816053,PG,buy
424.84330551068837,14.476732764434812,2023-10-02,44.61738944320678,286.9969842133362,9.521922075953569,NVDA,sell
-240.9643436089286,,2023-10-02,277.80541174316403,,0.8673853475241309,HD,buy
92.21932365269639,97.0688314376831,2023-10-02,482.8874805084228,73.68162627127796,0.19097476612067155,UNH,sell
534.1588173206844,97.36268475723266,2023-10-02,482.8874805084228,426.45849656204155,1.1061765709027682,UNH,sell
534.2482522161812,51.66939446601867,2023-10-02,146.80015252990722,346.2083679870749,3.6392894898889168,CVX,sell
-11.468205945073278,,2024-01-02,183.532359223938,,0.06248601605496873,AAPL,buy
153.2603388961707,23.100606974220273,2024-01-02,362.8637678741455,143.50349027411653,0.42236330123024857,MSFT,sell
521.8716227384302,27.496065218162535,2024-01-02,362.8637678741455,482.3267096202346,1.4382026229729128,MSFT,sell
-335.2832879707158,,2024-01-02,136.963422076416,,2.447976860447099,GOOGL,buy
351.8144602796665,47.99307100868225,2024-01-02,149.82504168090819,239.1186373074055,2.3481686127539874,AMZN,sell
349.9201756555269,77.01036674041748,2024-01-02,149.82504168090819,170.06051564959026,2.335525301576581,AMZN,sell
-258.34032187824636,,2024-01-02,148.17733627166746,,1.7434536777244176,JNJ,buy
183.9062996854762,84.15932655715942,2024-01-02,162.1646644958496,88.46361875824533,1.1340713481399831,JPM,sell
161.2633043877502,91.39691801376343,2024-01-02,162.1646644958496,70.37439800621844,0.9944416984371927,JPM,sell
485.8778122478123,85.54148846206664,2024-01-02,162.1646644958496,229.57838105184936,2.996200274322078,JPM,sell
255.43750948621852,70.99608125534057,2024-01-02,162.1646644958496,143.60635172120774,1.5751736685691853,JPM,sell
407.71621378548946,16.33200966053009,2024-01-02,253.3943228439331,381.4377041978829,1.6090187388949673,V,sell
-31.785624774714538,,2024-01-02,415.322199420166,,0.07653244834754958,MA,buy
-587.5064584577175,,2024-01-02,51.67761325836181,,11.368684066744407,WMT,buy
-326.3509118851245,,2024-01-02,138.40966994781493,,2.357862077181238,PG,buy
35.94229401345379,14.476732764434812,2024-01-02,47.99517317962646,25.10105830364308,0.7488730976953946,NVDA,sell
165.15070256513673,59.12997363090515,2024-01-02,321.4281019958496,134.76954849937277,0.5138029361454812,HD,sell
175.68225302387464,85.68515890731811,2024-01-02,321.4281019958496,128.84950357205247,0.5465678076465856,HD,sell
49.40688375339896,104.65807879333495,2024-01-02,321.4281019958496,33.319835045806066,0.15371052949824815,HD,sell
315.76695616553707,101.11995167617798,2024-01-02,321.4281019958496,216.42797755686144,0.9823875205834192,HD,sell
-158.10754594199042,,2024-01-02,508.5706246795654,,0.3108861154566469,UNH,buy
-1329.0827458825404,,2024-01-02,133.3300210998535,,9.968368225841381,CVX,buy
-1829.2079991419337,,2024-04-01,168.31411808166501,,10.867822735193329,AAPL,buy
52.183599417519545,27.496065218162535,2024-04-01,416.17267793884275,48.73588713614427,0.12538929676010113,MSFT,sell
110.21602674690813,35.04866775398254,2024-04-01,416.17267793884275,100.93400246374723,0.26483244237168435,MSFT,sell
-24.212668558064774,,2024-04-01,154.1321853439331,,0.157090282630044,GOOGL,buy
401.34648530943156,77.01036674041748,2024-04-01,180.84332221984863,230.43699501549256,2.2193049783807908,AMZN,sell
281.34318905090976,86.84324897155761,2024-04-01,180.84332221984863,146.23863382991237,1.5557289348449643,AMZN,sell
-1164.3335288051053,,2024-04-01,147.2584500930786,,7.906734914493242,JNJ,buy
303.53280173889794,70.99608125534057,2024-04-01,188.6330621154785,189.29174975023017,1.609117714226997,JPM,sell
-443.4040007952889,,2024-04-01,273.28396891784666,,1.6225027854765344,V,buy
65.64669924326232,42.11335154724121,2024-04-01,471.0348212677002,59.77748873413877,0.13936697730029124,MA,sell
49.47157285033114,19.518578221511838,2024-04-01,58.513359948349,32.96910631494882,0.8454748265011744,WMT,sell
-361.62629088501836,,2024-04-01,150.37103997955322,,2.4048931957522584,PG,buy
6472.971596946117,14.476732764434812,2024-04-01,90.04299722213744,5432.274564509624,71.88756257165893,NVDA,sell
-478.92934769785046,,2024-04-01,345.3384916748047,,1.3868403298316494,HD,buy
-1877.226432837548,,2024-04-01,463.5828564422607,,4.04938708744368,UNH,buy
-453.3614885209928,,2024-04-01,143.4411130783081,,3.160610502746806,CVX,buy
550.1104804701484,33.287918421936034,2024-07-01,214.55307678222655,464.7608174796278,2.5639831817863694,AAPL,sell
75.71618646484953,35.819646209335325,2024-07-01,214.55307678222655,63.07536559121643,0.3529018907601227,AAPL,sell
270.97070862235205,39.11520634002685,2024-07-01,214.55307678222655,221.56999464133207,1.2629541961655946,AAPL,sell
1209.6644994198093,37.463118375396725,2024-07-01,214.55307678222655,998.4449493861487,5.638066428884777,AAPL,sell
81.05809916849122,35.04866775398254,2024-07-01,448.50409503479,74.7237570343231,0.18072989759927083,MSFT,sell
84.2654830022312,39.63490657615662,2024-07-01,448.50409503479,76.818829597363,0.1878811897931385,MSFT,sell
78.30067436888734,26.92777752780914,2024-07-01,181.34614382629394,66.67394167308511,0.4317746863362544,GOOGL,sell
250.4160790048183,38.14743495254516,2024-07-01,181.34614382629394,197.73929810751952,1.3808734705971162,GOOGL,sell
818.0622745105563,35.20238169326782,2024-07-01,181.34614382629394,659.2624245188855,4.511054148987881,GOOGL,sell
282.44454682711114,86.84324897155761,2024-07-01,197.0619569503784,157.97403775294214,1.4332778949223197,AMZN,sell
-1223.3580417219373,,2024-07-01,137.7794683731079,,8.87910264255828,JNJ,buy
-215.1683445798757,,2024-07-01,196.21660124511718,,1.0965858302228142,JPM,buy
-1105.308015755121,,2024-07-01,258.9924166534424,,4.267723472514383,V,buy
-1415.2526029380415,,2024-07-01,432.0739992645263,,3.2754866188363003,MA,buy
411.0113551250272,19.518578221511838,2024-07-01,66.03581957244873,289.52641957219447,6.224066844117857,WMT,sell
122.71630345543599,20.569879337120053,2024-07-01,66.03581957244873,84.49069239890432,1.8583293771466316,WMT,sell
63.17281665635505,21.725186540412903,2024-07-01,66.03581957244873,42.38953214457741,0.9566446977620586,WMT,sell
65.11179560857347,22.758242547798154,2024-07-01,66.03581957244873,42.67200388982545,0.9860072310776502,WMT,sell
-399.73690975031946,,2024-07-01,153.35887829437254,,2.6065456020291435,PG,buy
3074.724278716892,14.476732764434812,2024-07-01,123.87000211029053,2715.380119929587,24.82218637551358,NVDA,sell
-1377.7842698910035,,2024-07-01,317.65466732482906,,4.337365106246342,HD,buy
-453.28057860073505,,2024-07-01,470.255370614624,,0.9639030342349884,UNH,buy
-654.2045918326876,,2024-07-01,142.55794219055176,,4.589043456857965,CVX,buy
-41.87682292354249,,2024-10-01,224.4904379241943,,0.1865416777247475,AAPL,buy
-1308.2073663133817,,2024-10-01,414.43760847167965,,3.1565845849213687,MSFT,buy
-1401.3093544181897,,2024-10-01,165.94162414703368,,8.444592257193712,GOOGL,buy
-1141.8365569751409,,2024-10-01,185.25959588623044,,6.163440827520496,AMZN,buy
117.65811143058838,44.10704428215026,2024-10-01,153.35179180755614,83.81728394592754,0.7672431475612598,JNJ,sell
114.0712234611612,72.39970440063476,2024-10-01,153.35179180755614,60.21647053091282,0.7438532156462259,JNJ,sell
84.4766356905596,72.4275253753662,2024-10-01,153.35179180755614,44.57861035296393,0.550868266323036,JNJ,sell
56.27035453076673,75.02026614837646,2024-10-01,153.35179180755614,28.742688088765508,0.3669364007261251,JNJ,sell
307.87503658656806,90.58690315780639,2024-10-01,153.35179180755614,126.0092377247426,2.0076389910913193,JNJ,sell
-368.87560457967317,,2024-10-01,198.8308108932495,,1.8552235587759043,JPM,buy
21.989173003489032,16.33200966053009,2024-10-01,273.28552535705563,20.67506247586105,0.08046226734752793,V,sell
14.399989203079011,30.9299953792572,2024-10-01,273.28552535705563,12.770222683499645,0.052692103558229064,V,sell
40.54076911518952,44.06425922660827,2024-10-01,273.28552535705563,34.00401984095042,0.1483458337656991,V,sell
3.5939247116947177,49.13988838653564,2024-10-01,273.28552535705563,2.9476956113003556,0.013150805213701489,V,sell
282.4004485178406,42.11335154724121,2024-10-01,490.13990757751463,258.13629621832683,0.5761629366471848,MA,sell
619.5332030990785,69.34184793014526,2024-10-01,490.13990757751463,531.8856222903721,1.2639925733880393,MA,sell
218.15074189554133,22.758242547798154,2024-10-01,79.75735553512573,155.9028468552608,2.735180227978674,WMT,sell
1112.086650038214,25.097483393669126,2024-10-01,79.75735553512573,762.1430486688935,13.943374157489998,WMT,sell
315.4191169424752,24.798014726448056,2024-10-01,79.75735553512573,217.34956768945395,3.954733890387857,WMT,sell
216.73387258412583,68.43683406524657,2024-10-01,163.83649754333496,126.20105299406546,1.3228668571042874,PG,sell
-1115.3031092980812,,2024-10-01,116.76857810592651,,9.551397536812814,NVDA,buy
104.55356886642461,101.11995167617798,2024-10-01,388.30111893310544,77.32611234918967,0.26925899454963087,HD,sell
712.7362276419223,100.76029457473754,2024-10-01,388.30111893310544,527.7882356077832,1.8355245269450506,HD,sell
189.52671938657429,105.87527697677612,2024-10-01,388.30111893310544,137.84983016027726,0.4880921278499457,HD,sell
63.37999968367043,122.84928578643797,2024-10-01,388.30111893310544,43.328067524224494,0.16322383993590606,HD,sell
72.80541599131541,131.60768593749998,2024-10-01,388.30111893310544,48.12932865821459,0.1874973118577543,HD,sell
531.402129296728,140.23087492980957,2024-10-01,388.30111893310544,339.4918259332146,1.368531027561307,HD,sell
140.30839393444109,170.18502518920897,2024-10-01,388.30111893310544,78.81388260880166,0.36133914401264633,HD,sell
292.6297879629178,97.36268475723266,2024-10-01,555.7211963012695,241.36087472793722,0.5265766177546993,UNH,sell
953.7927141656298,117.32671541595458,2024-10-01,555.7211963012695,752.423093777684,1.7163151603966469,UNH,sell
146.63297097387837,141.3689543533325,2024-10-01,555.7211963012695,109.33126299824471,0.26386067681029246,UNH,sell
-847.9353035328127,,2024-10-01,137.87227621307372,,6.150150899245162,CVX,buy
