cash_change,cost_basis,date,price,realized_pnl,shares,ticker,type
-326.7058439438459,,2010-01-04,6.6996866717815395,,48.764346744736685,AMZN,buy
-326.7058439438458,,2010-01-04,32.3151691871643,,10.109984015606347,AXP,buy
-326.7058439438459,,2010-01-04,6.405440163373947,,51.0044330461374,AAPL,buy
-326.70584394384593,,2010-01-04,0.7645347985684872,,427.3263225631705,NFLX,buy
-326.7058439438459,,2010-01-04,128.84681302795408,,2.5356144732347015,GS,buy
-326.7058439438459,,2010-01-04,15.547468098258971,,21.013443596030335,GOOGL,buy
-326.7058439438459,,2010-01-04,155.88467770996093,,2.0958175539979296,BLK,buy
-326.7058439438459,,2010-01-04,16.864242314338682,,19.3726962560344,TXN,buy
-326.7058439438459,,2010-01-04,23.51914887886047,,13.891057266851025,MA,buy
-326.7058439438459,,2010-01-04,0.4231132321089506,,772.1475462145792,NVDA,buy
-326.7058439438459,,2010-01-04,19.542056940650937,,16.7180888345607,V,buy
-326.7058439438459,,2010-01-04,23.000332363319394,,14.204396648844595,MSFT,buy
-326.7058439438459,,2010-01-04,71.47644351882934,,4.570818410372928,IBM,buy
-326.70584394384593,,2010-01-04,45.088661261749266,,7.245853720234651,SLB,buy
-326.7058439438459,,2010-01-04,15.84146170606613,,20.623465814315686,CSCO,buy
-326.7058439438459,,2010-01-04,42.404628143692015,,7.704485530135362,MMM,buy
-326.7058439438459,,2010-01-04,28.172075203514098,,11.596797239242553,JPM,buy
-326.7058439438459,,2010-01-04,13.528882309532165,,24.14876827730668,INTC,buy
-326.7058439438459,,2010-01-04,39.07927727661132,,8.360078965415696,CAT,buy
-326.7058439438459,,2010-01-04,17.115169335746764,,19.08867143145862,KO,buy
-326.7058439438459,,2010-01-04,19.892128632164,,16.423875492921777,ORCL,buy
-326.7058439438459,,2010-01-04,20.209598096084594,,16.165875362318157,MRK,buy
-326.7058439438459,,2010-01-04,30.90500498256683,,10.571292388664459,QCOM,buy
-326.7058439438459,,2010-01-04,43.80819784584045,,7.457641720244064,BA,buy
-326.7058439438458,,2010-01-04,19.169319629287717,,17.043163255762636,HD,buy
-326.7058439438459,,2010-01-04,26.485812255859372,,12.335126474045355,HON,buy
-326.7058439438459,,2010-01-04,36.866944815063476,,8.861755309063664,PEP,buy
-326.7058439438459,,2010-01-04,42.0060033542633,,7.777598863394073,COST,buy
-326.7058439438459,,2010-01-04,11.985509155464172,,27.25840343586082,BAC,buy
-326.7058439438459,,2010-01-04,39.8064743434906,,8.207354440001312,JNJ,buy
-3.7704601077924442,,2010-04-01,33.21879353027344,,0.11350382440458873,AXP,buy
36.204554238002125,11.985509155464172,2010-04-01,13.769748573875427,4.691268867465677,2.6292821574600858,BAC,sell
19.85698485975968,39.07927727661132,2010-04-01,42.94143559455871,1.7859398081044624,0.4624201446650247,CAT,sell
20.589191550843264,6.405440163373947,2010-04-01,7.052837913608551,1.889933733404817,2.9192775735163465,AAPL,sell
87.62481837202483,43.80819784584045,2010-04-01,57.22474234886169,20.5439505186485,1.531240068113087,BA,sell
-18.00554345318839,,2010-04-01,6.595113227844238,,2.7301340903701075,AMZN,buy
-49.261314773390815,,2010-04-01,138.5381167312622,,0.35557950357408474,BLK,buy
-7.472815007155546,,2010-04-01,43.10983717346191,,0.1733436147551899,MMM,buy
-35.346199023422756,,2010-04-01,0.39405128486752505,,89.69948933247531,NVDA,buy
3.950466170514131,19.542056940650937,2010-04-01,20.521919530677796,0.18862338914578203,0.1924998372890343,V,sell
118.39251805467102,0.7645347985684872,2010-04-01,1.0706790138959885,33.852521689582076,110.5770417819848,NFLX,sell
-24.248770244297763,,2010-04-01,43.52325807952881,,0.5571451061864137,SLB,buy
-43.113662792046235,,2010-04-01,14.109932413959502,,3.0555541676012723,GOOGL,buy
-28.654056853815806,,2010-04-01,16.051347254562376,,1.7851496450350162,TXN,buy
-30.361875412141,,2010-04-01,21.77143203964233,,1.3945741077967142,MSFT,buy
27.80882545757954,26.485812255859372,2010-04-01,29.74802356739044,3.049556040676052,0.9348125395484548,HON,sell
5.236940618280432,28.172075203514098,2010-04-01,29.69559104232788,0.2686783356998994,0.17635414667503113,JPM,sell
-16.40572859654096,,2010-04-01,23.267214072418213,,0.7051006856892634,MA,buy
-17.58381872284934,,2010-04-01,127.00200144500731,,0.13845308359540498,GS,buy
-3.2411440011479478,,2010-04-01,20.807458932876585,,0.15576837189027515,MRK,buy
2.1755951490302645,15.84146170606613,2010-04-01,16.54971117954254,0.09310519694767949,0.13145819437136552,CSCO,sell
13.504215314859344,13.528882309532165,2010-04-01,14.602857539749145,0.9931749804583028,0.9247652576285645,INTC,sell
32.07077468160733,19.169319629287717,2010-04-01,21.78043927116394,3.844763122486672,1.4724576617730207,HD,sell
-4.210188163158388,,2010-04-01,20.42159560317993,,0.20616352634574753,ORCL,buy
-7.875422043751841,,2010-04-01,42.652818112564084,,0.1846401338117447,COST,buy
173.55371272613675,0.7645347985684872,2010-07-01,1.5654743975400924,88.79483515625184,110.86333510075303,NFLX,sell
-2.498524268896686,,2010-07-01,40.55153669052124,,0.06161355333990848,CAT,buy
34.80702778106073,6.405440163373947,2010-07-01,7.426745344734192,4.786564796617462,4.686713515192771,AAPL,sell
0.22075310744745338,32.3151691871643,2010-07-01,31.54793500328064,-0.005368634435649028,0.006997386910569503,AXP,sell
-31.392768701608553,,2010-07-01,49.164395886230466,,0.6385264811196585,BA,buy
-36.86936934205683,,2010-07-01,5.5518834587574,,6.640875950646986,AMZN,buy
-27.871371979600962,,2010-07-01,18.938727724838255,,1.4716602078315688,HD,buy
-322.76072570778615,,2010-07-01,49.50797423553466,,6.519368459154659,GE,buy
-30.068680695454468,,2010-07-01,25.67403377609253,,1.171170878627347,HON,buy
-2.614557637312794,,2010-07-01,40.6388818775177,,0.06433635760926837,MMM,buy
-28.716880948605873,,2010-07-01,12.661204207992553,,2.268100291003755,INTC,buy
93.20238510426177,0.7645347985684872,2010-10-01,2.2078824253320692,60.92871604279793,42.213472979768824,NFLX,sell
85.1169575125831,6.6996866717815395,2010-10-01,7.680120294857025,10.865914052818553,11.082763582437828,AMZN,sell
61.82390297244798,39.07927727661132,2010-10-01,53.169870192718506,16.384005567667785,1.1627619692950582,CAT,sell
5.093567705425977,6.405440163373947,2010-10-01,8.44415437889099,1.2297654001577234,0.6032063693860295,AAPL,sell
-20.311809262704134,,2010-10-01,33.432619556427,,0.6075446534610371,AXP,buy
-13.318670175692338,,2010-10-01,53.09382989921569,,0.25085156224318794,BA,buy
-25.113717083196917,,2010-10-01,20.6328563583374,,1.217171129728186,MRK,buy
10.41760806305626,26.485812255859372,2010-10-01,29.573848242759702,1.087783650341029,0.3522574396656921,HON,sell
0.4147574291468858,42.404628143692015,2010-10-01,45.55235386390686,0.02866026706932212,0.009105071285361532,MMM,sell
3.600417387471113,36.866944815063476,2010-10-01,41.18484212722778,0.3774746182589679,0.08742093453578725,PEP,sell
9.084832954542485,19.169319629287717,2010-10-01,21.73726425361633,1.0732421373890055,0.41793819353468464,HD,sell
2.9526843356949217,19.892128632164,2010-10-01,21.907480788230895,0.27162861853675757,0.13477972954704853,ORCL,sell
-14.988824657763207,,2010-10-01,18.172402640533445,,0.8248124892594397,KO,buy
-22.40845458130907,,2010-10-01,74.26840506973267,,0.3017225771883636,IBM,buy
17.323437364093483,16.864242314338682,2010-10-01,17.898467316627503,1.0009981151227265,0.9678726707509853,TXN,sell
8.054790432247714,42.0060033542633,2010-10-01,46.397045673751826,0.7623098658331218,0.17360567500108193,COST,sell
27.73617485140046,0.7645347985684872,2011-01-03,2.54692982275486,19.410358150986102,10.890042828663383,NFLX,sell
48.23452646491722,39.07927727661132,2011-01-03,64.35076641540527,18.942405499947736,0.7495563635333813,CAT,sell
32.424823441245756,6.405440163373947,2011-01-03,9.850417801952362,11.339903944765194,3.291720624765695,AAPL,sell
43.97194876302283,6.6996866717815395,2011-01-03,9.20455274219513,11.96623514378313,4.7771955894661176,AMZN,sell
57.37801572444274,26.485812255859372,2011-01-03,36.54111091575622,15.789150087737262,1.5702318371415966,HON,sell
-389.6712852225304,,2011-01-03,35.842279381561276,,10.871833263567304,C,buy
46.8401209963804,16.864242314338682,2011-01-03,21.59320584812164,10.258098110481953,2.1692064312189636,TXN,sell
54.659439234429904,45.088661261749266,2011-01-03,56.87371946868896,11.326227279562318,0.9610667237004238,SLB,sell
-27.94662999147646,,2011-01-03,53.07164717636108,,0.5265830528795856,BA,buy
14.985845065592056,19.169319629287717,2011-01-03,24.30832396888733,3.1681461429926028,0.61649026418986,HD,sell
14.763482755648079,42.0060033542633,2011-01-03,51.85628762855529,2.8043754898810285,0.28469995502567347,COST,sell
12.284465438194017,17.115169335746764,2011-01-03,20.157728003311156,1.8541874753559977,0.6094171642843946,KO,sell
31.12054339300694,19.892128632164,2011-01-03,25.47681506824493,6.821829027876472,1.221524091988897,ORCL,sell
-11.98811162450023,,2011-01-03,34.89301077461242,,0.3435677047743493,AXP,buy
5.533236601139123,71.47644351882934,2011-01-03,80.99662263336181,0.6503654326968684,0.06831441140682859,IBM,sell
34.54166795201558,49.50797423553466,2011-01-03,64.98601783905029,8.226961129139852,0.5315246125337962,GE,sell
-31.889614581982485,,2011-01-03,40.77593300743103,,0.7820695255745811,PEP,buy
-34.659296823983,,2011-01-03,13.92635139093399,,2.4887564481926034,INTC,buy
-28.975672679629007,,2011-01-03,45.46739756622314,,0.6372846089866044,MMM,buy
123.80263344331141,0.7645347985684872,2011-04-01,3.456008197760582,96.4151343386616,35.82243627880652,NFLX,sell
65.51393232172143,39.07927727661132,2011-04-01,77.68020490722655,32.55525089523201,0.8433800142515677,CAT,sell
2.6102432161010505,6.405440163373947,2011-04-01,10.298449144649505,0.9867214122113168,0.2534598345283072,AAPL,sell
4.292259090384347,16.864242314338682,2011-04-01,22.66867777118683,1.0990557590382686,0.189347571733542,TXN,sell
32.87142658606579,45.088661261749266,2011-04-01,63.88343478012085,9.670911090446477,0.5145532124126593,SLB,sell
-17.22694698064772,,2011-04-01,36.660990200805664,,0.46989857301424287,QCOM,buy
-23.761087355795212,,2011-04-01,9.012804794311522,,2.6363699090423154,AMZN,buy
15.118974626443427,19.892128632164,2011-04-01,27.454559468650817,4.164561447858347,0.5506908476789487,ORCL,sell
23.64448248664522,26.485812255859372,2011-04-01,40.178360268402095,8.057900061559454,0.588487990268737,HON,sell
30.92810664926237,71.47644351882934,2011-04-01,90.57499608306884,6.521469457328067,0.34146406830531184,IBM,sell
-0.24805916714056536,,2011-04-01,20.95584000968933,,0.011837233297537608,KO,buy
-4.441292576274636,,2011-04-01,53.35064711875915,,0.08324721097362264,COST,buy
-45.84141696081609,,2011-04-01,0.4164771263182163,,110.06947096006945,NVDA,buy
12.532892876260787,19.169319629287717,2011-04-01,26.033809390068054,3.3046225979848476,0.48140833669321204,HD,sell
31.758874104704145,49.50797423553466,2011-04-01,72.80977626342774,10.16400592056642,0.43618969504589167,GE,sell
15.848358828605194,42.404628143692015,2011-04-01,49.013552374649045,2.136972278251859,0.32334646359569597,MMM,sell
-50.89578334446225,,2011-04-01,32.55064732208252,,1.5635874408535742,C,buy
-51.43650776144274,,2011-04-01,14.68048189458847,,3.5037342868426755,GOOGL,buy
4.157488187784274,32.3151691871643,2011-04-01,36.56757781906128,0.4834703229243691,0.11369328885702501,AXP,sell
35.784747340253475,0.7645347985684872,2011-07-01,3.8257490833997725,28.63355054109161,9.35365769164693,NFLX,sell
-53.06400059631404,,2011-07-01,0.36956630167663096,,143.58452152043026,NVDA,buy
19.491161133987084,30.90500498256683,2011-07-01,39.050678823852536,4.065707592474059,0.4991247712211777,QCOM,sell
58.424154804959535,6.6996866717815395,2011-07-01,10.467167552661895,21.028791705288292,5.581658506087614,AMZN,sell
-21.95451751301956,,2011-07-01,75.00557691802977,,0.2927051349396681,CAT,buy
-32.708627548696185,,2011-07-01,59.984231776809686,,0.5452870959554668,SLB,buy
1.2145667686625976,26.485812255859372,2011-07-01,41.04061408653259,0.4307386480799801,0.029594264016170158,HON,sell
-18.307345339297978,,2011-07-01,26.756982777404783,,0.6842081370533979,ORCL,buy
-14.425826440736776,,2011-07-01,22.31038135166168,,0.6465970354048807,TXN,buy
33.52578051683257,42.0060033542633,2011-07-01,58.67800520553589,9.5255773076154,0.5713517424356755,COST,sell
-85.52759702732665,,2011-07-01,133.28073125,,0.6417101423828409,BLK,buy
-27.01514359760488,,2011-07-01,69.39129047470092,,0.38931605699787664,GE,buy
-8.997832216772006,,2011-07-01,10.273966645526885,,0.8757895102462214,AAPL,buy
9.6571396095105,23.51914887886047,2011-07-01,28.86595102100372,1.788779268472262,0.33455123659302544,MA,sell
19.73163362907629,71.47644351882934,2011-07-01,96.66803326721191,5.142043368929041,0.20411746222801153,IBM,sell
0.7356222739553293,17.115169335746764,2011-07-01,21.35082383079529,0.14593543631054573,0.03445404635367311,KO,sell
-13.440139524352553,,2011-07-01,25.68580844631195,,0.5232515672008109,HD,buy
58.29429342782091,32.3151691871643,2011-07-01,42.51610106048584,13.986609802592781,1.3711109902784386,AXP,sell
28.41266457084937,43.80819784584045,2011-07-01,59.93813171539306,7.646124219582298,0.4740332031996344,BA,sell
-55.876039248759106,,2011-07-01,12.924927045440672,,4.323122215878939,GOOGL,buy
-196.6822902888327,,2011-10-03,1.618989479255676,,121.48460061596978,NFLX,buy
36.7914400832578,23.51914887886047,2011-10-03,28.549964480781554,6.483053627355382,1.2886685063312076,MA,sell
46.19109759580598,6.6996866717815395,2011-10-03,10.591580677127837,16.972995940227523,4.36111464415827,AMZN,sell
78.88409426227138,6.405440163373947,2011-10-03,11.196300623703003,33.75424623289492,7.045549857358303,AAPL,sell
-28.429329425586776,,2011-10-03,35.36854406814575,,0.8038026493488406,AXP,buy
40.129355034975376,71.47644351882934,2011-10-03,96.3936359413147,10.373204116975806,0.4163070999770824,IBM,sell
-98.37959988256738,,2011-10-03,39.65218398170471,,2.481063840719572,SLB,buy
43.06080820726299,42.0060033542633,2011-10-03,58.92927877578735,12.36617743002741,0.7307200953722797,COST,sell
27.852781160010437,17.115169335746764,2011-10-03,20.65351451396942,4.771718336409798,1.3485734421215163,KO,sell
-58.35387100667043,,2011-10-03,18.912605478668212,,3.0854485423750084,V,buy
-29.982405918026156,,2011-10-03,32.33838641662597,,0.9271460094437938,QCOM,buy
-37.54001321702535,,2011-10-03,40.61671824150085,,0.9242502802372687,JNJ,buy
24.581151443404,13.528882309532165,2011-10-03,14.115294524288178,1.021210534032864,1.7414550862617304,INTC,sell
-13.707781842675686,,2011-10-03,22.2550104352951,,0.6159413801458378,HD,buy
36.01413998591929,23.51914887886047,2012-01-03,33.8461107673645,10.988460495155369,1.0640554902587294,MA,sell
50.68172585357079,19.542056940650937,2012-01-03,23.137536123275755,7.875734446188424,2.1904547477977268,V,sell
-3.2898029439447782,,2012-01-03,104.19287911376952,,0.0315741629555375,IBM,buy
41.63430010299855,13.528882309532165,2012-01-03,16.94793267173767,8.399240875243272,2.4566005134318125,INTC,sell
-18.144495285602,,2012-01-03,61.33379336280822,,0.29583194338350705,COST,buy
3.5247775666736314,6.405440163373947,2012-01-03,12.291128113746643,1.6878630390901657,0.28677412960421833,AAPL,sell
94.87267213787621,19.169319629287717,2012-01-03,29.878215724754334,34.00409172968245,3.175312509015505,HD,sell
10.84803681938652,32.3151691871643,2012-01-03,39.471072970962524,1.9666936285146903,0.27483511348594547,AXP,sell
28.202226654348273,30.90500498256683,2012-01-03,37.60254695549011,5.023212841698619,0.7500084153270539,QCOM,sell
13.759847434481342,43.80819784584045,2012-01-03,60.688586406326294,3.8272694254555386,0.22672875163635364,BA,sell
-90.38998757058587,,2012-01-03,8.957765988922118,,10.090684182012488,AMZN,buy
-6.382454783429531,,2012-01-03,43.50293441467285,,0.14671320151858147,JNJ,buy
-3.0898156741364837,,2012-01-03,22.335749667739865,,0.1383349885318239,KO,buy
-43.45704814629018,,2012-01-03,65.53106151809692,,0.6631519029230004,CAT,buy
-17.554257468861998,,2012-01-03,38.488997731781005,,0.4560850763429247,HON,buy
57.16757284882359,23.51914887886047,2012-04-02,39.71379997673034,23.312019926101748,1.4394888648862612,MA,sell
190.57417523762348,6.405440163373947,2012-04-02,18.49004244117737,124.5542361243194,10.306854397111298,AAPL,sell
50.760368209023255,19.542056940650937,2012-04-02,26.7809514295578,13.720533814852928,1.8953907721515701,V,sell
54.08657153456283,13.528882309532165,2012-04-02,19.75654266014099,17.049177218933565,2.7376536707347583,INTC,sell
-416.3619123421031,,2012-04-02,66.81352905197143,,6.231700648804716,MCD,buy
-21.516977647306412,,2012-04-02,25.312242766189573,,0.8500620765239884,MSFT,buy
65.31922371230398,19.169319629287717,2012-04-02,35.66227096824646,30.208585963154704,1.8316058382951539,HD,sell
39.18424296930042,71.47644351882934,2012-04-02,117.44294749832153,15.33649060031875,0.33364492124876577,IBM,sell
-8.820478996262711,,2012-04-02,23.23654343280792,,0.3795951416684886,MRK,buy
69.22480524516406,32.3151691871643,2012-04-02,47.49464641342163,22.124522110646126,1.4575285947512953,AXP,sell
23.029775833510172,42.0060033542633,2012-04-02,66.67879416275024,8.52158244073303,0.34538380789098966,COST,sell
-133.66790910283194,,2012-04-02,13.795329793071746,,9.689359450468686,CSCO,buy
84.17493107189206,30.90500498256683,2012-04-02,46.64099634017944,28.399393062147325,1.8047412722051686,QCOM,sell
-7.122874578290637,,2012-04-02,44.10702901268005,,0.16149069066163868,JNJ,buy
13.39658722866059,17.115169335746764,2012-04-02,23.749154885673523,3.7421443634981504,0.5640869030140507,KO,sell
-23.836749702367698,,2012-07-02,17.734457056617735,,1.344092442540994,AAPL,buy
21.464494643734756,19.169319629287717,2012-07-02,38.03982075805664,10.647941087295072,0.5642638218580114,HD,sell
21.279714225816868,19.542056940650937,2012-07-02,28.55449507484436,6.716354376808589,0.7452316761350701,V,sell
1.5896620559181094,23.51914887886047,2012-07-02,40.46308437538147,0.665671728997784,0.03928672468886951,MA,sell
-28.51453362993994,,2012-07-02,18.72692872085571,,1.5226486977645202,INTC,buy
-25.98536709234512,,2012-07-02,24.113283964920043,,1.0776370041570686,MSFT,buy
-31.745138098475685,,2012-07-02,110.40986681594848,,0.2875208440509609,IBM,buy
23.57369306585324,17.115169335746764,2012-07-02,25.452951779365538,7.722181925283492,0.9261673565485715,KO,sell
36.605031329452764,15.547468098258971,2012-07-02,14.379277392482757,-2.9738391030740488,2.545679475422684,GOOGL,sell
34.74413038808091,20.209598096084594,2012-07-02,25.492129886627197,7.199750437725314,1.3629355625677704,MRK,sell
6.749023218978003,42.0060033542633,2012-07-02,68.76423976135254,2.6262481696459563,0.0981472818197453,COST,sell
-46.86036544381724,,2012-07-02,60.298981366348265,,0.7771336162233933,MCD,buy
2.6633454277524753,32.3151691871643,2012-07-02,48.51338012695312,0.8892687116700846,0.0548991931871754,AXP,sell
-84.1721746763831,,2012-07-02,11.213984816551207,,7.506000414067774,CSCO,buy
94.25829361511116,6.6996866717815395,2012-07-02,11.457973403549193,39.14374489025384,8.226436761139098,AMZN,sell
16.887646370149344,36.866944815063476,2012-07-02,45.92961492576599,3.3322109982030046,0.3676853463161862,PEP,sell
34.906957541767106,49.50797423553466,2012-07-02,76.91357578582763,12.437936475434793,0.4538465047960907,GE,sell
60.4483972442887,19.169319629287717,2012-10-01,43.68844421310425,33.92525894708289,1.3836243961774528,HD,sell
47.42571674202861,6.405440163373947,2012-10-01,19.7929284576416,32.07768012145958,2.396093980914614,AAPL,sell
32.24996302011997,19.542056940650937,2012-10-01,30.886737018013,11.845392174532623,1.0441362906451381,V,sell
49.15291544766176,49.50797423553466,2012-10-01,86.2761122680664,20.947410961978584,0.5697163925854696,GE,sell
-424.84915800842964,,2012-10-01,10.782268222141266,,39.40257738497051,T,buy
36.106265756038205,20.209598096084594,2012-10-01,27.807179588127134,9.865088819434678,1.2984512018419352,MRK,sell
25.216797329988776,26.485812255859372,2012-10-01,42.8598887134552,9.63375734028237,0.588354241854864,HON,sell
14.37734838940094,23.51914887886047,2012-10-01,42.0544226612091,6.336743481383316,0.34187482503861766,MA,sell
129.60210425131768,15.547468098258971,2012-10-01,18.87065046272278,22.823348251623315,6.86791928594802,GOOGL,sell
-2.9865040123772633,,2012-10-01,51.15347724113464,,0.05838320625397664,MMM,buy
-10.266541281967342,,2012-10-01,47.65679910087585,,0.21542658079565946,AXP,buy
-44.364774611731406,,2012-10-01,42.681696498107904,,1.0394332524645105,QCOM,buy
-102.35298364610594,,2012-10-01,28.238499307632445,,3.624590051017387,JPM,buy
-14.319312869613967,,2012-10-01,23.423151628303525,,0.6113316045954775,MSFT,buy
46.209941253042174,15.84146170606613,2012-10-01,12.483353386116027,-12.430793504478949,3.701724995179326,CSCO,sell
-31.349409291845507,,2012-10-01,127.21827058639525,,0.24642222494728694,BLK,buy
48.490372597191616,45.088661261749266,2012-10-01,50.540818111038206,5.2309623579799265,0.9594299105063602,SLB,sell
26.38900190644972,42.0060033542633,2012-10-01,73.42573120651245,11.292162087717754,0.3593971959534148,COST,sell
9.768396637301302,19.169319629287717,2013-01-02,45.99363410682678,5.697104576074635,0.21238584049724807,HD,sell
46.370786642717505,19.542056940650937,2013-01-02,35.18119316368103,20.61325906999583,1.3180561110300246,V,sell
-82.12483307718826,,2013-01-02,16.57871085605621,,4.953632027859875,AAPL,buy
36.67448158692224,6.6996866717815395,2013-01-02,12.856494599819182,17.56293188924212,2.8526035072917963,AMZN,sell
37.249622066024514,23.51914887886047,2013-01-02,46.99748185501098,18.60863594351576,0.7925876152458766,MA,sell
-61.47422059980432,,2013-01-02,30.23699238224029,,2.0330798719224212,C,buy
32.209788439682434,28.172075203514098,2013-01-02,31.17850765686035,3.105875186401711,1.0330766563355755,JPM,sell
2.919867107958469,19.892128632164,2013-01-02,28.544463725852964,0.8850636988571496,0.10229188875298156,ORCL,sell
22.965885404008553,42.0060033542633,2013-01-02,79.58407603683472,10.844050140533163,0.28857387743471463,COST,sell
-37.50643537952386,,2013-01-02,10.151049318981169,,3.694833332096181,T,buy
-45.362813996425245,,2013-01-02,25.70102447338104,,1.7650196801846647,MRK,buy
-36.38732836511614,,2013-01-02,81.56668503570556,,0.4461052738527709,GE,buy
-2.095743710479627,,2013-01-02,48.83899965858459,,0.0429112742916562,AXP,buy
8.59919108115989,30.90500498256683,2013-01-02,44.753440686035155,2.660920433463798,0.1921459210586054,QCOM,sell
18.08949393289404,26.485812255859372,2013-01-02,45.96199047088623,7.665338338204878,0.3935750768747166,HON,sell
-2.9874254872825023,,2013-01-02,52.315056379318236,,0.057104506695390356,MMM,buy
134.31208231224062,0.7645347985684872,2013-04-01,2.6043186976432797,94.8828600404708,51.57282879156969,NFLX,sell
19.794321022335474,19.169319629287717,2013-04-01,50.75607183837891,12.318492953328688,0.38998922307001926,HD,sell
9.205864156864163,19.542056940650937,2013-04-01,37.97136437759399,4.468043315022287,0.24244228006450896,V,sell
-18.166553937279605,,2013-04-01,13.089655998802185,,1.3878557189693908,AMZN,buy
-16.132897218063434,,2013-04-01,19.8747195274353,,0.8117295540092222,GOOGL,buy
10.60429288208106,10.782268222141266,2013-04-01,10.973235100078583,0.18454618769713882,0.966377990206837,T,sell
143.1538650073339,155.88467770996093,2013-04-01,181.30326614685058,20.070069641349875,0.7895823834270215,BLK,sell
70.77813006172404,39.8064743434906,2013-04-01,56.47273997497558,20.888080107875012,1.2533149638761554,JNJ,sell
-160.13279360954692,,2013-04-01,113.24643812408446,,1.4140205755000341,GS,buy
-2.092543570190241,,2013-04-01,49.57901162834167,,0.04220623811294466,MA,buy
-5.458049129662555,,2013-04-01,83.34247097854613,,0.06548940852818674,COST,buy
14.045694434548592,49.50797423553466,2013-04-01,88.814823122406,6.216214470067337,0.15814583580480246,GE,sell
27.669056330148134,42.404628143692015,2013-04-01,58.59295507164001,7.644532164533988,0.4722249679388577,MMM,sell
20.098426535327334,36.866944815063476,2013-04-01,52.50048206748962,5.984887901624832,0.38282365692358233,PEP,sell
-54.231086795904275,,2013-04-01,26.705742252731323,,2.0306901146085092,ORCL,buy
-231.26811856201857,,2013-04-01,9.407290602970123,,24.583924141665324,BAC,buy
42.134914703988734,26.485812255859372,2013-04-01,53.07153895683288,21.107119727585218,0.7939267549460034,HON,sell
1.5695773839345377,35.842279381561276,2013-04-01,32.06160182647705,-0.18508326622373117,0.048955051978667896,C,sell
10.884784418640663,20.209598096084594,2013-04-01,27.79916098937988,2.9716996119700774,0.39155082496191085,MRK,sell
-26.316241353661702,,2013-04-01,52.01686653022766,,0.505917466950244,SLB,buy
82.682578310157,0.7645347985684872,2013-07-01,3.2017571961879727,62.939136043909706,25.824125080002716,NFLX,sell
23.823834557625833,35.842279381561276,2013-07-01,35.334756858444216,-0.3421880805193709,0.6742323048398866,C,sell
-3.784823003189058,,2013-07-01,118.04611360092161,,0.032062241506606526,GS,buy
6.674223597080314,11.985509155464172,2013-07-01,10.00469529876709,-1.321419012673032,0.6671091320395135,BAC,sell
-14.673131825577459,,2013-07-01,184.9821190734863,,0.07932189283521174,BLK,buy
26.931940039879247,19.169319629287717,2013-07-01,56.278967019653315,17.75858462486301,0.47854360991512657,HD,sell
26.649275250007737,15.547468098258971,2013-07-01,21.994372131156922,7.811330964965595,1.2116406456657494,GOOGL,sell
30.98931565614444,28.172075203514098,2013-07-01,36.873980923461914,7.313181175778354,0.8404114467723982,JPM,sell
16.459782190225287,26.485812255859372,2013-07-01,57.64422923355102,8.897000856184903,0.28554084960589776,HON,sell
73.07549889917065,15.84146170606613,2013-07-01,16.44114274520874,2.6653859646398246,4.4446727354439055,CSCO,sell
26.931541421487374,19.542056940650937,2013-07-01,42.10309080963135,14.43132574046161,0.6396571107631512,V,sell
95.16233218144417,43.80819784584045,2013-07-01,87.45627007598877,47.494048683256544,1.0881133176473199,BA,sell
-34.17019665589066,,2013-07-01,24.47219095363617,,1.396286777944315,TXN,buy
78.44829007652082,32.3151691871643,2013-07-01,62.9778953956604,38.19496388421373,1.245648010046497,AXP,sell
16.758831462521186,23.51914887886047,2013-07-01,53.80746982498169,9.433576186909445,0.3114591991972908,MA,sell
-486.3677390828123,,2013-07-01,53.629528722763055,,9.069028773254416,PG,buy
6.822356421838801,39.8064743434906,2013-07-01,60.161245842361446,2.308255158383071,0.11340118254391207,JNJ,sell
-1.8435556090611662,,2013-07-01,87.22420698394775,,0.021135825395356633,COST,buy
-4.637084425475168,,2013-07-01,61.053827626419064,,0.07595075699182896,MMM,buy
-29.202692657004228,,2013-07-01,51.3656045387268,,0.568526213586896,SLB,buy
139.99580575852684,0.7645347985684872,2013-10-01,4.634183036899566,116.89968195336175,30.20938202997459,NFLX,sell
60.2426431810209,1.618989479255676,2013-10-01,4.634183036899566,39.19638654073958,12.999625327989932,NFLX,sell
19.750774853603726,11.985509155464172,2013-10-01,10.762795962810516,-2.243797342445127,1.8350970251457,BAC,sell
53.73104217216309,43.80819784584045,2013-10-01,100.20195000457764,30.239881313179975,0.5362275102401544,BA,sell
12.798182824611217,155.88467770996093,2013-10-01,196.07633450317383,2.6233669298588396,0.06527143042040118,BLK,sell
-13.453649064420865,,2013-10-01,35.64778068733215,,0.3774049549514249,C,buy
61.28056159906825,16.864242314338682,2013-10-01,28.37934958934784,24.8649898921906,2.1593363655546867,TXN,sell
3.012570213904389,26.485812255859372,2013-10-01,60.02560248641968,1.6832979402755204,0.050188087901091194,HON,sell
62.2911574447027,23.51914887886047,2013-10-01,62.597592336273195,38.8871421926726,0.9951046856574877,MA,sell
7.818339320375616,128.84681302795408,2013-10-01,123.91721787643432,-0.31102415198743216,0.06309324446076392,GS,sell
4.860276004690984,19.542056940650937,2013-10-01,44.00260860443115,2.7017723740360964,0.1104542698453006,V,sell
-8.659990619169958,,2013-10-01,61.28798495216369,,0.14129997300334196,JNJ,buy
-13.721909446391672,,2013-10-01,63.50101980934143,,0.21608959175129794,AXP,buy
-35.6623365528121,,2013-10-01,15.834998902797699,,2.2521211887492676,CSCO,buy
-18.475784653966066,,2013-10-01,36.81935369377136,,0.5017954635388282,JPM,buy
-18.3959807904637,,2013-10-01,56.20483939552307,,0.3273024349559659,HD,buy
31.69776083737437,42.404628143692015,2013-10-01,67.08796951446533,11.662398744522154,0.4724805515322652,MMM,sell
4.363084422299585,42.0060033542633,2013-10-01,90.94270420532226,2.347796439832439,0.047976189628681,COST,sell
-25.114473187902796,,2013-10-01,52.743143611526484,,0.47616564861739263,PG,buy
-29.638841064308075,,2013-10-01,53.80540248069763,,0.5508525110455373,PEP,buy
-4.719889618627232,,2013-10-01,27.496065218162535,,0.17165691094991686,MSFT,buy
-97.417505815944,,2013-10-01,0.36398536995947356,,267.6412676333407,NVDA,buy
5.529045549345553,1.618989479255676,2014-01-02,5.179514938688278,3.800801364189704,1.0674832710774638,NFLX,sell
29.274930715421878,43.80819784584045,2014-01-02,116.726149193573,18.28783000521454,0.2508001070683292,BA,sell
146.9168430396448,6.6996866717815395,2014-01-02,19.88457149219513,97.41631366895788,7.388484237505995,AMZN,sell
62.89058192776707,23.51914887886047,2014-01-02,77.10608314819336,43.70749157944113,0.8156370983972181,MA,sell
29.065720055467207,155.88467770996093,2014-01-02,228.32948306121824,9.22202601075351,0.12729727088145815,BLK,sell
37.685372784101574,32.3151691871643,2014-01-02,74.93025438995362,21.43280288006987,0.5029393412703307,AXP,sell
52.52742460657597,15.547468098258971,2014-01-02,27.573971213722228,22.910056399996172,1.904964076427106,GOOGL,sell
4.185627548373755,23.000332363319394,2014-01-02,30.615324509239194,1.0410969479351033,0.13671674612204754,MSFT,sell
-557.149968909416,,2014-01-02,3.8965853266000745,,142.98415720708763,AVGO,buy
-7.967796435053782,,2014-01-02,65.5707545059204,,0.12151448454561198,HON,buy
27.011068801683496,42.404628143692015,2014-01-02,77.84927592773437,12.298095371303596,0.34696621747332923,MMM,sell
-29.558642575237307,,2014-01-02,64.22767481002808,,0.4602166069792428,JNJ,buy
19.838096828844023,19.542056940650937,2014-01-02,50.43306735649109,12.151131943621355,0.39335495278557,V,sell
26.313886106095104,11.985509155464172,2014-01-02,12.474286479949951,1.03105142473947,2.1094501996879487,BAC,sell
4.771422541386448,128.84681302795408,2014-01-02,138.3125524795532,0.32654333811768677,0.03449739344584657,GS,sell
14.701021259226458,28.172075203514098,2014-01-02,41.765326159286495,4.784702758471749,0.3519910560056214,JPM,sell
7.682918991493732,49.50797423553466,2014-01-02,108.35997745056152,4.172713799192812,0.070901814233018,GE,sell
-15.58065997800447,,2014-01-02,38.34738484764099,,0.4063030644699346,C,buy
-13.020378587701348,,2014-01-02,60.747060152435296,,0.21433759189380908,HD,buy
-9.417575661663582,,2014-04-01,5.213503886890411,,1.8063812487690853,NFLX,buy
121.7024979186473,3.8965853266000745,2014-04-01,4.828121815395355,23.481246315544382,25.20700648657548,AVGO,sell
-43.82912089932533,,2014-04-01,110.27260954818725,,0.3974615371750385,BA,buy
40.324208860357054,0.4231132321089506,2014-04-01,0.44027765004336833,1.5720570273911036,91.58813502430803,NVDA,sell
-1.3925431632752274,,2014-04-01,28.152640985298156,,0.04946403301922686,GOOGL,buy
-69.09280701122918,,2014-04-01,69.34181739120483,,0.9964089435589667,MA,buy
-89.2600230672046,,2014-04-01,17.161504543113708,,5.201177020520699,AMZN,buy
56.1602121268254,23.000332363319394,2014-04-01,34.38093052825928,18.589863545079083,1.6334698120129332,MSFT,sell
-0.11067640179716627,,2014-04-01,76.67538510284423,,0.0014434410945405318,AXP,buy
30.93751576273541,11.985509155464172,2014-04-01,13.443077875041961,3.3544070529359473,2.301371460487715,BAC,sell
-27.22062640322611,,2014-04-01,49.150233452606194,,0.5538249666601072,V,buy
31.37734729144234,16.864242314338682,2014-04-01,33.87078220596313,15.754584737972833,0.9263838992746436,TXN,sell
39.85193594494308,20.209598096084594,2014-04-01,36.5890776512146,17.840131862981714,1.0891757459652762,MRK,sell
8.60888045987409,26.485812255859372,2014-04-01,67.93647335128784,5.252609809580774,0.1267195666068659,HON,sell
-15.124192113041095,,2014-04-01,77.56164805831908,,0.1949957548822212,MMM,buy
-124.344856513695,,2014-04-01,16.86710724868774,,7.372032126218265,AAPL,buy
92.86030522255601,45.088661261749266,2014-04-01,69.86172232818603,32.92838961398202,1.329201487279839,SLB,sell
11.240394451958844,28.172075203514098,2014-04-01,43.530336582183836,3.965807056570948,0.2582197918625635,JPM,sell
29.50477830175264,19.892128632164,2014-04-01,34.50387983436585,12.494724706058747,0.8551147999410169,ORCL,sell
-1.4359503512793645,,2014-04-01,233.10341164093015,,0.006160143007650554,BLK,buy
-128.7917602858736,,2014-04-01,19.525489565467833,,6.596083537574938,INTC,buy
58.56437895585992,3.8965853266000745,2014-07-01,5.517203348493576,17.202644525107374,10.614866854934832,AVGO,sell
146.44446901895148,1.618989479255676,2014-07-01,6.753840148115158,111.33969167194346,21.683141117845494,NFLX,sell
99.86554509672537,6.405440163373947,2014-07-01,20.470821215057374,68.61702962294085,4.878433749559054,AAPL,sell
95.50487280394663,45.088661261749266,2014-07-01,84.3709602973938,44.4661404779781,1.1319637997162486,SLB,sell
-30.838844440841946,,2014-07-01,34.053842682647705,,0.9055907354783201,ORCL,buy
-7.338249522640593,,2014-07-01,34.82879883499145,,0.21069487803490006,TXN,buy
-16.935224362956657,,2014-07-01,0.4453001003861427,,38.031036481400406,NVDA,buy
-37.444085186119125,,2014-07-01,56.81566782989501,,0.6590450595111541,QCOM,buy
-19.698251468864925,,2014-07-01,110.83944282150267,,0.17771878825290788,BA,buy
14.544385061730042,42.404628143692015,2014-07-01,82.51160601882934,7.0696882296190795,0.17627077890607268,MMM,sell
-16.267429976910872,,2014-07-01,70.11603297424315,,0.23200727831944867,MA,buy
-94.43239656708184,,2014-07-01,80.79188157806396,,1.1688352186207958,CAT,buy
3.4430138337735654,20.209598096084594,2014-07-01,38.2643987033844,1.6245630498162886,0.08997956195425694,MRK,sell
0.9092027545583933,15.547468098258971,2014-07-01,29.27521976737976,0.4263438406486581,0.03105707700174065,GOOGL,sell
4.981748717551646,32.3151691871643,2014-07-01,80.28116616210937,2.9764707631862866,0.06205376622821035,AXP,sell
-12.37784371412859,,2014-07-01,35.04867538871765,,0.35316152684369584,MSFT,buy
-9.13950126475698,,2014-07-01,238.62392063293456,,0.03830085953040685,BLK,buy
65.03400242119375,39.8064743434906,2014-07-01,75.65414306488037,30.815462048412805,0.8596224844609122,JNJ,sell
-11.662227821959366,,2014-07-01,69.34142801971436,,0.16818557325706784,HON,buy
92.4081979978853,13.528882309532165,2014-07-01,23.441470940208433,39.076236094208795,3.9420818869937193,INTC,sell
-79.43674060391585,,2014-07-01,12.11885266714096,,6.554807025528127,BAC,buy
107.54231596829707,3.8965853266000745,2014-10-01,6.398294297933578,42.048640485755925,16.807966461159722,AVGO,sell
74.88171501918336,13.528882309532165,2014-10-01,25.89011122112274,35.75226126836527,2.8922902022178363,INTC,sell
52.02399817281218,6.405440163373947,2014-10-01,21.817734237098694,36.75034034317416,2.384482165171441,AAPL,sell
-29.7840249062294,,2014-10-01,6.272958899593353,,4.748002558754237,NFLX,buy
74.07739491343465,23.000332363319394,2014-10-01,38.60800719108581,29.946531199462555,1.918705478550013,MSFT,sell
-46.20496429996363,,2014-10-01,72.69365697174072,,0.6356120495894926,CAT,buy
1.267733399904784,15.547468098258971,2014-10-01,28.68822288722992,0.5806903345467479,0.04419002894979229,GOOGL,sell
0.5355065496214616,0.4231132321089506,2014-10-01,0.43521018558740615,0.014884756912193375,1.230455001641758,NVDA,sell
-24.168052439624734,,2014-10-01,31.9079343252182,,0.7574308068110724,ORCL,buy
19.471232405885278,20.209598096084594,2014-10-01,38.67527803115845,9.296624713566304,0.5034542321893181,MRK,sell
18.14973496912297,155.88467770996093,2014-10-01,240.31620366668702,6.376639593053085,0.07552439116546728,BLK,sell
-5.494718734568359,,2014-10-01,80.02644594039917,,0.0686612865284637,MMM,buy
-80.50289553023403,,2014-10-01,71.1259328300476,,1.1318360593258197,SLB,buy
49.64564541123974,19.169319629287717,2014-10-01,68.44570678710937,35.74158495569678,0.7253288444468176,HD,sell
-2.8675412318529254,,2014-10-01,33.88708098106384,,0.08462048511806941,TXN,buy
8.29461827929861,39.8064743434906,2014-10-01,75.03635834884643,3.8943579656392897,0.11054132239116221,JNJ,sell
-43.03600863790802,,2014-10-01,72.76562961959839,,0.5914331926060443,AXP,buy
22.25147112682472,36.866944815063476,2014-10-01,64.16385510864258,9.466332878856063,0.3467913685851389,PEP,sell
-10.449174111755179,,2014-10-01,43.51746331558227,,0.24011450382526434,JPM,buy
61.32529303640266,11.985509155464172,2014-10-01,13.088549836063384,5.168203797676405,4.685415405412655,BAC,sell
81.9133617317141,3.8965853266000745,2015-01-02,7.513636211156845,39.432944207329065,10.901960040344065,AVGO,sell
25.50222661131857,13.528882309532165,2015-01-02,27.876935869789122,13.125808196213965,0.9148145524471332,INTC,sell
-597.8124613519702,,2015-01-02,114.18168554000853,,5.235624772262629,AMGN,buy
43.0645686586905,6.405440163373947,2015-01-02,24.154836514663696,31.644598271505636,1.7828549008206807,AAPL,sell
-4.322173054519794,,2015-01-02,39.634910393524166,,0.10904964869621558,MSFT,buy
42.68859305375876,0.4231132321089506,2015-01-02,0.48154659453928467,5.180055383711846,88.64893561255622,NVDA,sell
67.18286021618259,16.864242314338682,2015-01-02,38.87631289787292,38.03945772756754,1.728118106073234,TXN,sell
23.535422558562498,15.84146170606613,2015-01-02,19.517181674194337,4.432485391639634,1.205882229895984,CSCO,sell
-29.614598118474305,,2015-01-02,38.011929856491086,,0.7790869400811857,MRK,buy
-3.8287146502353986,,2015-01-02,65.92526579589843,,0.058076590272520434,PEP,buy
30.765622262483756,42.0060033542633,2015-01-02,113.55495444717407,19.384869760354142,0.2709315715220155,COST,sell
-13.889614515124643,,2015-01-02,75.7903818786621,,0.1832635510052114,JNJ,buy
63.09698544599314,19.169319629287717,2015-01-02,78.14930532302856,47.61986409911481,0.8073902280408385,HD,sell
88.13939594908217,42.404628143692015,2015-01-02,94.70571613998413,48.674847637066314,0.9306660626355825,MMM,sell
108.96443531736604,19.542056940650937,2015-01-02,60.93214062194824,74.01753902022824,1.7882916011999779,V,sell
23.69506025323105,53.629528722763055,2015-01-02,65.02446594314576,4.1523405091067005,0.36440222783142673,PG,sell
44.482128261452125,155.88467770996093,2015-01-02,266.64799348754883,18.47749894773709,0.16681966243083401,BLK,sell
-48.72254557712377,,2015-01-02,68.94755203552245,,0.7066609928663086,CAT,buy
77.92765341119853,19.892128632164,2015-01-02,37.197984156417846,36.254779442010474,2.0949429163556843,ORCL,sell
-113.04526034489332,,2015-01-02,29.236382090377806,,3.86659539458196,KO,buy
116.20523366821018,3.8965853266000745,2015-04-01,9.4587358420372,68.33376162928315,12.285493073161263,AVGO,sell
45.80772588206824,6.405440163373947,2015-04-01,27.559519819450376,35.16100021050043,1.6621380264303092,AAPL,sell
21.008670531516234,19.169319629287717,2015-04-01,85.91823155136107,16.321400866703716,0.24451935464893104,HD,sell
20.597471453299534,42.0060033542633,2015-04-01,124.76538625488281,13.662715901875256,0.16508962999738586,COST,sell
-126.00811516464013,,2015-04-01,23.824553552627563,,5.289002158478766,INTC,buy
-41.67062232646091,,2015-04-01,19.43731028366089,,2.1438471536614543,CSCO,buy
-91.16072195122236,,2015-04-01,5.905845047807693,,15.43567791116736,NFLX,buy
-47.02174628956268,,2015-04-01,60.136605820083616,,0.7819155346120148,V,buy
-45.71289017135472,,2015-04-01,112.7832540145874,,0.4053162907096315,AMGN,buy
-0.24208857321894522,,2015-04-01,41.4151283000946,,0.0058454140589585535,TXN,buy
-40.319277022131665,,2015-04-01,94.5325266265869,,0.42651221183790966,MMM,buy
62.92636196838598,43.80819784584045,2015-04-01,130.71640256195067,41.837267862360996,0.4813960661024401,BA,sell
46.96677630213727,23.51914887886047,2015-04-01,80.79998303375244,33.295751102185534,0.5812721059918777,MA,sell
-30.243240936366558,,2015-04-01,66.82380540542601,,0.45258184194806184,PEP,buy
-9.85481569349673,,2015-04-01,0.5052399285435676,,19.50521947444804,NVDA,buy
-25.038829313167938,,2015-04-01,272.9856034698486,,0.09172216041764081,BLK,buy
-20.852536421538645,,2015-04-01,152.97501908264158,,0.1363133441432911,GS,buy
-54.31477163051285,,2015-04-01,28.457631474685666,,1.9086188419731371,KO,buy
19.801561678792453,26.485812255859372,2015-04-01,76.72581058502197,12.96604647213136,0.25808214377676464,HON,sell
-85.42110530776348,,2015-04-01,37.9091319656372,,2.253312088105673,C,buy
-21.490363245549506,,2015-04-01,18.525959588623046,,1.1600135012033022,AMZN,buy
23.2350745040447,3.8965853266000745,2015-07-01,10.230672257995606,14.385465398038779,2.271119034810809,AVGO,sell
-13.91279857426756,,2015-07-01,28.237575504684447,,0.49270513936154003,AAPL,buy
-31.26688563680783,,2015-07-01,85.68518181152344,,0.36490423403178074,HD,buy
-34.10469179260809,,2015-07-01,111.81690268783568,,0.30500479777927403,AMGN,buy
344.05202367238536,1.618989479255676,2015-07-01,9.357016667175293,284.52272855033556,36.769414430919056,NFLX,sell
-1.4335942879435941,,2015-07-01,62.709549724960326,,0.022860860813564088,V,buy
86.57203443081619,6.6996866717815395,2015-07-01,21.854190557098388,60.032250048970845,3.961347102041124,AMZN,sell
-85.2976678542957,,2015-07-01,113.81618786621092,,0.7494335336073785,COST,buy
32.08185816863205,128.84681302795408,2015-07-01,167.35518142089842,7.382024282718746,0.19169922255317662,GS,sell
29.493737651557222,23.51914887886047,2015-07-01,88.19013101348877,21.62814544924005,0.3344335393610667,MA,sell
-21.398044307347565,,2015-07-01,19.658981000137327,,1.0884615182851078,CSCO,buy
-44.26575318809322,,2015-07-01,0.4928415362536907,,89.81741580585322,NVDA,buy
11.989088721126178,28.172075203514098,2015-07-01,50.80837284851074,5.341414526161884,0.2359667914749526,JPM,sell
-77.15497988853306,,2015-07-01,38.25781795272827,,2.0167114597039095,TXN,buy
22.0042101440551,35.842279381561276,2015-07-01,40.87222541885376,2.7079511449059943,0.538365844251409,C,sell
-88.8137173233887,,2015-07-01,38.19163243408203,,2.325475808782967,MSFT,buy
-51.5361356241134,,2015-07-01,263.1670287322998,,0.1958305182543869,BLK,buy
-58.649484911825745,,2015-07-01,124.72784289855956,,0.47021966827025974,BA,buy
-28.02896720669156,,2015-07-01,76.90873314666747,,0.36444453132831356,HON,buy
-51.69416519155934,,2015-07-01,91.10895870971679,,0.5673883877463979,MMM,buy
-37.156195414985405,,2015-07-01,23.506146924972533,,1.5807012324725704,INTC,buy
103.99937303486034,1.618989479255676,2015-10-01,10.590580973052978,88.10091654592537,9.819987524714627,NFLX,sell
13.860782203138273,6.6996866717815395,2015-10-01,26.017774098587036,10.291572268616033,0.5327428146088415,AMZN,sell
71.03201202210086,6.595113227844238,2015-10-01,26.017774098587036,53.02646856891246,2.7301340903701075,AMZN,sell
58.068082446526,5.5518834587574,2015-10-01,26.017774098587036,45.677044489357456,2.2318620427133133,AMZN,sell
-47.1795036080693,,2015-10-01,9.26382534122467,,5.092874905371673,AVGO,buy
38.53433580475117,19.542056940650937,2015-10-01,64.70276136245727,26.89588068151201,0.5955593701617516,V,sell
49.38619559764564,19.169319629287717,2015-10-01,89.80723097763061,38.844730746985704,0.5499133539697585,HD,sell
-8.946682137521725,,2015-10-01,84.93425217056274,,0.10533656220996956,MA,buy
142.47777478892112,0.4231132321089506,2015-10-01,0.585557006084919,39.52583130916196,243.3200752588359,NVDA,sell
57.659609669821776,42.0060033542633,2015-10-01,120.70784949188231,37.594222311902435,0.4776790400337587,COST,sell
-70.28314349644461,,2015-10-01,24.551970118141174,,2.8626274453027776,AAPL,buy
-7.145002897380744,,2015-10-01,31.81967869606018,,0.22454667017946406,GOOGL,buy
-44.02250299435221,,2015-10-01,101.63897623825072,,0.4331261945334788,AMGN,buy
-33.06614163031866,,2015-10-01,71.17565785980224,,0.46457093091363433,HON,buy
-48.457237646155406,,2015-10-01,45.90896010589599,,1.055507193680306,JPM,buy
-27.378727907594023,,2015-10-01,116.4971098297119,,0.23501637034270217,BA,buy
-119.84940945214328,,2015-10-01,75.4066829963684,,1.5893738418107484,MCD,buy
-17.841655887811054,,2015-10-01,18.64369293003082,,0.9569807845886658,CSCO,buy
-89.00477912771692,,2015-10-01,140.99648616638183,,0.6312552996724152,GS,buy
-42.751011852115596,,2015-10-01,82.99017376174926,,0.5151334177808389,MMM,buy
74.58137458152174,5.5518834587574,2016-01-04,31.82720600566864,61.57152697514398,2.343321451723984,AMZN,sell
152.96345153212837,0.4231132321089506,2016-01-04,0.7871928626775742,70.74616598388704,194.31508945830035,NVDA,sell
48.450938846223096,15.547468098258971,2016-01-04,37.58774104270935,28.41011156728608,1.2890090625869313,GOOGL,sell
39.0970363546173,3.8965853266000745,2016-01-04,10.809461844062804,25.003370974168384,3.6169271808930716,AVGO,sell
10.897342854587684,19.169319629287717,2016-01-04,101.02653718414307,8.829622292130223,0.10786614248417603,HD,sell
59.28043896280963,66.81352905197143,2016-01-04,90.33541781158446,15.43567212820733,0.6562258790505933,MCD,sell
-52.031596251405276,,2016-01-04,129.79264982147217,,0.40088245615582974,GE,buy
112.028408075138,23.000332363319394,2016-01-04,47.64758112373352,57.950308849692014,2.351187729429901,MSFT,sell
-15.92931573593659,,2016-01-04,70.20540518341063,,0.22689585929062694,V,buy
-1.04893671987724,,2016-01-04,133.7476563796997,,0.007842654953888584,COST,buy
-16.677604053212445,,2016-01-04,126.09330763778685,,0.13226399057688454,BA,buy
-39.77279690056215,,2016-01-04,88.90510080413817,,0.4473623733713925,MA,buy
-13.121800770441094,,2016-01-04,40.58648469047546,,0.32330468801404777,TXN,buy
-37.47781207631348,,2016-01-04,48.21779943656921,,0.7772609392018346,JPM,buy
-42.886704427649136,,2016-01-04,70.95767853775024,,0.6043983584501422,PEP,buy
-92.44484311136328,,2016-01-04,23.70525699920654,,3.899761268753913,AAPL,buy
-12.196314292932469,,2016-01-04,77.53054414749145,,0.15730979869985973,HON,buy
-38.90962179871658,,2016-01-04,30.3959819234848,,1.2800909638867068,KO,buy
-72.58980818460705,,2016-01-04,255.64649399261472,,0.28394603442793187,BLK,buy
69.48849221010151,0.4231132321089506,2016-04-01,0.8823202685773373,36.16555769245637,78.75654077645243,NVDA,sell
-60.64617625704497,,2016-04-01,29.945946736526487,,2.025188142843785,AMZN,buy
-7.556193625181672,,2016-04-01,38.14743876991272,,0.19807866186658174,GOOGL,buy
-1.9081524781550168,,2016-04-01,48.7321782623291,,0.03915590367997268,MSFT,buy
46.26189959754183,66.81352905197143,2016-04-01,98.32736286621093,14.826898366344302,0.4704885623800168,MCD,sell
17.26305027976049,49.50797423553466,2016-04-01,135.83886718139647,10.971341093642,0.1270847632784493,GE,sell
2.153059782954652,19.542056940650937,2016-04-01,71.9993088317871,1.5686761609753603,0.029903895160783733,V,sell
7.539802144070445,19.169319629287717,2016-04-01,104.5116752243042,6.156866917636872,0.07214315652187597,HD,sell
-87.98894745877732,,2016-04-01,82.11415662078856,,1.071544190182932,JNJ,buy
63.92895537033681,17.115169335746764,2016-04-01,33.78627337989807,31.544356917649658,1.892157641995901,KO,sell
63.68385500989835,3.8965853266000745,2016-04-01,12.028262169456482,43.05331241971223,5.294518369545649,AVGO,sell
24.567754557015803,36.866944815063476,2016-04-01,74.98459864654541,12.488766767097776,0.32763734154023716,PEP,sell
61.859342496340545,26.485812255859372,2016-04-01,85.95476601791381,42.79821293329198,0.7196732114127151,HON,sell
-7.74587731643262,,2016-04-01,90.07923144683838,,0.08598960262004418,MA,buy
-160.50579378078672,,2016-04-01,62.649899539566036,,2.5619481429402864,PG,buy
-21.111216322396743,,2016-04-01,133.02588379211426,,0.1587000643828702,COST,buy
-3.4117505396386263,,2016-04-01,25.889527991867062,,0.13178110240983898,INTC,buy
-59.58201103939441,,2016-04-01,45.375666223907466,,1.3130828921692377,JPM,buy
-7.097888414534021,,2016-04-01,20.950459430122375,,0.3387939266061508,CSCO,buy
46.38248912020831,42.404628143692015,2016-04-01,99.97219913864136,26.708697601491465,0.4639538743754663,MMM,sell
84.82219470937277,0.4231132321089506,2016-07-01,1.1417972613215446,53.38982560689466,74.28831508248447,NVDA,sell
102.4186312617614,0.39405128486752505,2016-07-01,1.1417972613215446,67.07243223833865,89.69948933247531,NVDA,sell
17.76919930396247,0.4164771263182163,2016-07-01,1.1417972613215446,11.287781530614112,15.562481979853374,NVDA,sell
74.899119790501,5.5518834587574,2016-07-01,36.2586015964508,63.43063601199049,2.065692456209689,AMZN,sell
70.17293430993344,9.012804794311522,2016-07-01,36.2586015964508,52.730039908805075,1.935345855059186,AMZN,sell
-67.85149897676632,,2016-07-01,35.202385510635374,,1.9274687778266326,GOOGL,buy
-44.27175524085854,,2016-07-01,94.01938844528198,,0.47087899605541583,MCD,buy
-64.70151095497484,,2016-07-01,45.178621345520014,,1.4321267233930488,MSFT,buy
-35.926625970838465,,2016-07-01,101.11992877197265,,0.35528729506775747,HD,buy
85.8055591660676,16.864242314338682,2016-07-01,46.97292477722168,54.99960555434792,1.8267025009197813,TXN,sell
76.19735202889112,39.8064743434906,2016-07-01,91.73640634231568,43.13362019638678,0.830611913710241,JNJ,sell
-39.29273780164922,,2016-07-01,69.33280076904296,,0.5667265329802369,V,buy
-67.76784787262086,,2016-07-01,16.11565462837219,,4.2050943281766,T,buy
-32.483403742576336,,2016-07-01,32.848150045013426,,0.9888959864729898,KO,buy
-15.696504770197683,,2016-07-01,135.171045854187,,0.11612327677874124,GE,buy
14.11300462329501,26.485812255859372,2016-07-01,88.89768896484375,9.908234002469413,0.1587555850734912,HON,sell
-25.47772650598408,,2016-07-01,11.808982627677917,,2.157487000300037,AVGO,buy
-18.857627142612323,,2016-07-01,131.61510690002441,,0.14327859154448497,COST,buy
29.211168490176405,42.404628143692015,2016-07-01,105.44962446212769,17.464434030125865,0.27701538662821523,MMM,sell
7.663159451600235,36.866944815063476,2016-07-01,76.89360076446533,3.989026964599613,0.09965926130931813,PEP,sell
-1.4809401975440288,,2016-07-01,21.22312063369751,,0.06977956838225907,CSCO,buy
-155.3311890630265,,2016-07-01,9.673766716766357,,16.056950059981283,NFLX,buy
2.1563201308127216,13.528882309532165,2016-07-01,26.31770438117981,1.0478419425592627,0.0819342029069503,INTC,sell
-0.7653636664504128,,2016-07-01,265.44050015258784,,0.0028833718517349283,BLK,buy
158.5919999507857,0.4164771263182163,2016-10-03,1.678098113822937,119.23200076331796,94.50698898021608,NVDA,sell
159.10496416552093,0.36956630167663096,2016-10-03,1.678098113822937,124.06539603735564,94.81267087718612,NVDA,sell
62.574276878222996,16.864242314338682,2016-10-03,52.96527108078003,42.65050897548858,1.181420874496947,TXN,sell
46.56515285565313,3.8965853266000745,2016-10-03,13.04365845336914,32.654554690507155,3.5699457343292735,AVGO,sell
29.308214487485905,9.012804794311522,2016-10-03,41.80771589927673,22.990021532819057,0.7010240539831294,AMZN,sell
52.26069613380171,8.957765988922118,2016-10-03,41.80771589927673,41.06326340361849,1.2500251451121684,AMZN,sell
-68.56059640390771,,2016-10-03,15.339561854839324,,4.469527686169094,T,buy
-42.98800031300227,,2016-10-03,90.5869107925415,,0.47454979904824945,JNJ,buy
63.90611866711781,23.000332363319394,2016-10-03,50.95137722854614,35.057792098823775,1.254256943447519,MSFT,sell
-164.24818932919686,,2016-10-03,70.94002703018188,,2.3153104982510992,CAT,buy
-30.08701171597436,,2016-10-03,105.95264738235473,,0.28396658752091763,MMM,buy
-87.50253300872127,,2016-10-03,43.99029009552002,,1.9891328931616332,MRK,buy
14.07290097439897,53.629528722763055,2016-10-03,67.4730986000061,2.8873609194909005,0.20857054539359332,PG,sell
13.322865159659127,155.88467770996093,2016-10-03,281.37681183471676,5.9419067642435195,0.04734883828126213,BLK,sell
51.58681356322753,15.84146170606613,2016-10-03,23.584803154563904,16.936936426487335,2.187290401584079,CSCO,sell
-70.98411016291197,,2016-10-03,128.2228261276245,,0.5535996382754744,GE,buy
-27.672539296393385,,2016-10-03,89.60959598617553,,0.30881223145635595,HON,buy
13.412307235349544,114.18168554000853,2016-10-03,124.1024518913269,1.0721816071008554,0.10807447420212402,AMGN,sell
85.7429889540225,13.528882309532165,2016-10-03,30.492752593803406,47.70093936017186,2.8119137060603308,INTC,sell
62.07361106000441,15.547468098258971,2016-10-03,39.614027794647214,37.711344927865234,1.5669603550990594,GOOGL,sell
-245.0499721244924,,2016-10-03,51.271185769653314,,4.7794871221709485,QCOM,buy
-62.797809934581124,,2016-10-03,90.2172063796997,,0.6960735369069422,MCD,buy
-8.664789682156119,,2016-10-03,79.46940039749146,,0.10903303207041226,PEP,buy
-35.255185520371676,,2016-10-03,100.76030220947266,,0.3498916214748835,HD,buy
52.78594962217651,19.542056940650937,2016-10-03,77.15940578155518,39.416924514553216,0.6841155538654355,V,sell
122.15341370167154,0.36956630167663096,2017-01-03,2.504588447856903,104.1289812335228,48.771850643244136,NVDA,sell
264.28193974414364,0.36398536995947356,2017-01-03,2.504588447856903,225.87452806192087,105.5191083270712,NVDA,sell
60.787920344116834,39.07927727661132,2017-01-03,76.08856165924072,29.567091057908335,0.7989100992124527,CAT,sell
52.94561341162348,16.864242314338682,2017-01-03,56.35513513069153,37.101668543347515,0.9394993604192212,TXN,sell
23.31681634280765,11.985509155464172,2017-01-03,18.076456574249267,7.856711393306277,1.2898997238221739,BAC,sell
-10.776623057357948,,2017-01-03,50.35557107505798,,0.2140105419774656,QCOM,buy
319.49023586679135,28.172075203514098,2017-01-03,67.51317825164794,186.17251650126877,4.732264783564576,JPM,sell
130.36019628023394,128.84681302795408,2017-01-03,196.9084999923706,45.05917658297609,0.6620343778216018,GS,sell
-776.1955049511895,,2017-01-03,78.55779012145996,,9.88056695269936,UPS,buy
-251.43825290299552,,2017-01-03,64.47113124313354,,3.9000130454477606,SLB,buy
59.377778634905106,10.782268222141266,2017-01-03,16.425088393592834,20.399167358376552,3.615066002205957,T,sell
21.59482797470284,42.404628143692015,2017-01-03,108.31385954818725,13.140502241005937,0.1993727124560234,MMM,sell
-20.648560119151355,,2017-01-03,42.64746998062134,,0.48416846599655017,MRK,buy
45.645832464610095,3.8965853266000745,2017-01-03,13.756127248477934,32.716111927042014,3.318218248501637,AVGO,sell
65.17687908668626,155.88467770996093,2017-01-03,303.8076324645996,31.734411864428246,0.21453338271309175,BLK,sell
-20.610413816418916,,2017-01-03,22.89805745182037,,0.9000944232839458,CSCO,buy
-11.090049675005892,,2017-01-03,88.93275381469726,,0.124701521085397,JNJ,buy
8.615494683288969,26.485812255859372,2017-01-03,90.11420588607788,6.083281560738443,0.09560639855363817,HON,sell
-44.72624235717601,,2017-01-03,45.030209729766845,,0.9932497011580672,C,buy
53.52361053491422,43.80819784584045,2017-01-03,145.4318025741577,37.40077578876851,0.3680323669757293,BA,sell
78.80308965779197,23.000332363319394,2017-01-03,55.905224458694455,46.38219749725991,1.4095836376797948,MSFT,sell
-238.78942821091863,,2017-01-03,33.486135232162475,,7.13099396378141,ORCL,buy
42.655522488404955,43.80819784584045,2017-04-03,165.07302760620118,31.335311091739797,0.2584039507057696,BA,sell
-7.959920399449505,,2017-04-03,44.60670333862304,,0.17844673117901877,AMZN,buy
118.13529191930239,3.8965853266000745,2017-04-03,16.953519197273256,90.98315673781116,6.968186990834496,AVGO,sell
14.769735692355878,16.864242314338682,2017-04-03,61.93868728523254,10.748333035118545,0.23845735742412622,TXN,sell
296.174306617827,1.618989479255676,2017-04-03,14.68171598882675,263.5144263419094,20.173003403908986,NFLX,sell
-69.99496496590127,,2017-04-03,75.42147147827149,,0.9280509063797098,CAT,buy
167.583259699068,6.405440163373947,2017-04-03,33.15083516693115,135.20264132308432,5.055174593798373,AAPL,sell
-13.360651649826016,,2017-04-03,45.326154966735835,,0.2947669322410249,MRK,buy
22.447612528169827,15.84146170606613,2017-04-03,25.35804183769226,8.424329636939502,0.8852265751373452,CSCO,sell
-409.75877068168404,,2017-04-03,111.95765666427612,,3.659944151121479,IBM,buy
-64.58408033770864,,2017-04-03,123.38146499710082,,0.5234504253878507,AMGN,buy
-20.34672095370943,,2017-04-03,58.995995481872555,,0.3448830854962228,MSFT,buy
29.972337671380185,23.51914887886047,2017-04-03,106.17157662734985,23.332859438756106,0.28230095684252365,MA,sell
-65.9771470304875,,2017-04-03,302.71886557312007,,0.2179485804612038,BLK,buy
2.7114250115594904,39.8064743434906,2017-04-03,96.22570090484619,1.589767604629594,0.028177763176188364,JNJ,sell
-1.4650217719347256,,2017-04-03,116.94061922683714,,0.012527911872032504,MMM,buy
98.97863992229952,0.36398536995947356,2017-07-03,3.4288079557657243,88.4715548551342,28.866778542047427,NVDA,sell
-107.84293464035323,,2017-07-03,19.95497586288452,,5.404312958400361,BAC,buy
-13.86061872182526,,2017-07-03,187.25778929748535,,0.07401891677683814,BA,buy
16.41132131661576,39.07927727661132,2017-07-03,88.04018874435424,9.12666432809111,0.18640715735253544,CAT,sell
95.4257958641179,66.81352905197143,2017-07-03,122.42714989929199,43.34801581680498,0.7794496232462711,MCD,sell
-80.41543358711495,,2017-07-03,87.55388248062133,,0.9184679343593203,V,buy
-16.88496401054677,,2017-07-03,341.82981173095703,,0.049395820467046825,BLK,buy
-13.317485626278017,,2017-07-03,122.84928578643797,,0.10840507163736568,HD,buy
232.62003006089697,0.36398536995947356,2017-10-02,4.4089360808372495,213.41578528408888,52.76103481561992,NVDA,sell
243.0834956119212,43.80819784584045,2017-10-02,242.4823346282959,199.16668870246286,1.0024791949671172,BA,sell
4.01872463660511,1.618989479255676,2017-10-02,17.68860951347351,3.6509018915932194,0.2271927950890671,NFLX,sell
-0.6590510445013414,,2017-10-02,20.82096287059784,,0.03165324527003577,BAC,buy
-76.93372535099223,,2017-10-02,18.814758713531493,,4.0890094059862605,AVGO,buy
-101.4448664168419,,2017-10-02,35.819646209335325,,2.832101295026284,AAPL,buy
-50.91062047415853,,2017-10-02,55.407093558883666,,0.9188466169959533,C,buy
-8.409623575767526,,2017-10-02,126.93288418807983,,0.06625252100398793,MCD,buy
-225.44751385864316,,2017-10-02,198.2847899078369,,1.136988439523937,GS,buy
125.3389992357971,39.07927727661132,2017-10-02,103.39000915832519,77.96345933031216,1.2122931437587994,CAT,sell
-41.21623607125418,,2017-10-02,67.89488239364624,,0.6070595399560084,MSFT,buy
57.20393721850253,23.51914887886047,2017-10-02,134.66140828857422,47.21304277444745,0.42479829927158264,MA,sell
-15.441886835324887,,2017-10-02,42.73294084014892,,0.36135792509783826,ORCL,buy
83.9481566681277,19.542056940650937,2017-10-02,98.91386608886718,67.36282113794687,0.848699580630143,V,sell
-38.22274893673773,,2017-10-02,112.51080085754394,,0.33972515212236054,HON,buy
-59.21624448516586,,2017-10-02,70.04951152725219,,0.8453484284773101,TXN,buy
26.182920332978174,19.169319629287717,2017-10-02,131.4235640625,22.363903764135568,0.19922546249412765,HD,sell
-59.792626594083195,,2017-10-02,131.98847598571777,,0.453013993437982,MMM,buy
-63.941141179260185,,2017-10-02,47.951079965591425,,1.3334661330911182,GOOGL,buy
11.098009852133824,155.88467770996093,2017-10-02,360.3360585296631,6.296909190487338,0.030799054353368938,BLK,sell
-13.568176943310519,,2018-01-02,4.920469392681121,,2.757496462327822,NVDA,buy
38.034867547905996,43.80819784584045,2018-01-02,282.688362588501,32.14060650609408,0.13454698735961745,BA,sell
-10.281165161666166,,2018-01-02,21.029784327888486,,0.48888590588310876,AVGO,buy
-16.631804975311336,,2018-01-02,59.49211583862304,,0.2795631780928147,AMZN,buy
139.33633441825853,39.07927727661132,2018-01-02,130.9590609512329,97.75720879009401,1.0639686433773772,CAT,sell
8.012767614943165,1.618989479255676,2018-01-02,20.09292545070648,7.3671380623855285,0.3987855145633574,NFLX,sell
-3.9926655600568113,,2018-01-02,40.260538761901856,,0.099170693757209,AAPL,buy
-55.47056074239452,,2018-01-02,144.66810662689207,,0.38343323926576645,MA,buy
-40.2425420733859,,2018-01-02,107.76357601089477,,0.3734336179537827,V,buy
-17.88231712460068,,2018-01-02,140.9173445022583,,0.1268993337034825,MCD,buy
-14.910290351695776,,2018-01-02,146.91986486053466,,0.10148587031338163,MMM,buy
29.963240235511048,23.000332363319394,2018-01-02,78.49703842391968,21.18374360817414,0.38171172871129144,MSFT,sell
-45.247608163697485,,2018-01-02,121.84574566497801,,0.37135156354255017,HON,buy
24.354762092654635,19.169319629287717,2018-01-02,151.4252086212158,21.27162802732738,0.16083690631443748,HD,sell
57.428024266049015,16.864242314338682,2018-01-02,82.90059287567138,45.74559735857403,0.692733577336119,TXN,sell
8.933438199286341,155.88467770996093,2018-01-02,409.6448104614258,5.533941613527109,0.021807766072329038,BLK,sell
-18.76445971516283,,2018-01-02,53.19190188903808,,0.3527691067393448,GOOGL,buy
44.283512336382564,11.985509155464172,2018-01-02,24.368660731887818,22.50306045257047,1.8172320926293253,BAC,sell
-116.72091460977039,,2018-01-02,56.067574493026726,,2.0817899769194987,C,buy
142.23995903508265,0.36398536995947356,2018-04-02,5.451833756875992,132.74347282122716,26.090296472390776,NVDA,sell
121.91339660959196,43.80819784584045,2018-04-02,308.5837363128662,104.60591870247214,0.39507395323642935,BA,sell
464.54935597614207,1.618989479255676,2018-04-02,28.009379029083252,437.6976175231247,16.585492862722234,NFLX,sell
192.4928390297187,8.957765988922118,2018-04-02,68.55148291168213,167.33939619620668,2.8080040117836056,AMZN,sell
-72.04683573949802,,2018-04-02,120.71883585891723,,0.5968151964594686,CAT,buy
167.0005589044471,23.51914887886047,2018-04-02,163.44777752838135,142.97018622443568,1.0217364924123782,MA,sell
57.479742730730024,23.000332363319394,2018-04-02,81.22394905014038,41.20310015886042,0.7076698855807564,MSFT,sell
46.58143637127733,155.88467770996093,2018-04-02,419.935453527832,29.289892789991306,0.11092522905592217,BLK,sell
-1116.545037256452,,2018-04-02,188.15427516326903,,5.934199668264678,UNH,buy
-60.5405930258322,,2018-04-02,41.37570252799988,,1.4631919055601053,INTC,buy
58.549662993014245,19.542056940650937,2018-04-02,111.45278929824829,48.28360455455226,0.5253315180505265,V,sell
-28.75156311329826,,2018-04-02,79.58585301208495,,0.3612647477552624,TXN,buy
-0.07413521185432619,,2018-04-02,24.011033866310118,,0.0030875476777509903,BAC,buy
-14.137266747649406,,2018-04-02,39.11520634002685,,0.3614263625443961,AAPL,buy
70.04950074880064,1.618989479255676,2018-07-02,39.79012819290161,67.1993112699024,1.7604743671395653,NFLX,sell
71.8761414537756,5.213503886890411,2018-07-02,39.79012819290161,62.45856579211202,1.8063812487690853,NFLX,sell
188.92363047305597,6.272958899593353,2018-07-02,39.79012819290161,159.13960556682656,4.748002558754237,NFLX,sell
84.75645387240513,5.905845047807693,2018-07-02,39.79012819290161,72.17648728005365,2.130087479525269,NFLX,sell
-0.39292237509554945,,2018-07-02,323.69493381347655,,0.0012138663106848746,BA,buy
54.282390931153444,0.36398536995947356,2018-07-02,5.9781450735569,50.97735301349633,9.080139451827705,NVDA,sell
-17.603704801225376,,2018-07-02,42.70335242424011,,0.4122323846226372,INTC,buy
224.4081499621737,8.957765988922118,2018-07-02,85.62902068862915,200.93251428162887,2.620702048878778,AMZN,sell
117.86466652152752,23.51914887886047,2018-07-02,188.54742874145506,103.16238891434654,0.6251194583149102,MA,sell
60.23203634621819,16.864242314338682,2018-07-02,87.57093584747314,48.632666690081436,0.687808526462792,TXN,sell
96.82996480449759,23.000332363319394,2018-07-02,92.16467232513428,72.66537638850205,1.0506190969019595,MSFT,sell
-107.08055968001737,,2018-07-02,114.91834586105345,,0.9317969109082664,CAT,buy
-55.38507980056982,,2018-07-02,33.762543181991575,,1.640429736054699,CSCO,buy
81.53550385716905,19.542056940650937,2018-07-02,124.93646240158081,68.78204959383382,0.6526157559599461,V,sell
88.6038152336818,6.405440163373947,2018-07-02,44.03368043632507,75.71489858846313,2.0121828190538693,AAPL,sell
106.57805329692947,188.15427516326903,2018-07-02,214.84233338928223,13.23929621844951,0.4960756644912063,UNH,sell
-89.5162193765079,,2018-07-02,406.9330303283691,,0.21997776711385164,BLK,buy
14.108277167856967,19.169319629287717,2018-07-02,158.01992380371092,12.396808968535629,0.08928163505117226,HD,sell
-110.69150942922738,,2018-07-02,186.70274405517577,,0.5928756429874165,COST,buy
-88.26620935924139,,2018-07-02,23.261911748886106,,3.7944520773735633,BAC,buy
37.50555684808425,15.547468098258971,2018-07-02,56.52762172737121,27.189954832925036,0.663490797984938,GOOGL,sell
-203.75440889823162,,2018-07-02,84.1593189224243,,2.421055820164689,JPM,buy
-463.4062529635261,,2018-07-02,88.8096666152954,,5.217970865389051,AXP,buy
-90.34281824774962,,2018-07-02,115.93388778610229,,0.7792615254517461,HON,buy
124.55878197921702,8.957765988922118,2018-10-01,100.1478497177124,113.41757002129658,1.2437489404945978,AMZN,sell
-122.85867259209544,,2018-10-01,38.16970165748596,,3.218748569076123,NFLX,buy
154.48711855636452,0.36398536995947356,2018-10-01,7.144906465673446,146.6170293855875,21.621993135749648,NVDA,sell
113.90103145646057,23.000332363319394,2018-10-01,106.95091504669189,89.40604159237411,1.0649841696701188,MSFT,sell
82.39116722667579,23.51914887886047,2018-10-01,213.71154895477295,73.3239448992696,0.3855251044205943,MA,sell
77.22994923064414,6.405440163373947,2018-10-01,53.64992256202697,68.0092123685291,1.43951650892609,AAPL,sell
46.98603940534531,10.273966645526885,2018-10-01,53.64992256202697,37.988207188573305,0.8757895102462214,AAPL,sell
57.391382195236496,17.734457056617735,2018-10-01,53.64992256202697,38.420152520400904,1.0697383976441692,AAPL,sell
102.24128014477161,15.84146170606613,2018-10-01,38.78788149604797,60.484647358379235,2.635907819693344,CSCO,sell
79.48974481723873,42.0060033542633,2018-10-01,210.8616013458252,63.65449332473851,0.37697591363195126,COST,sell
89.73455441112239,19.542056940650937,2018-10-01,142.39613301086425,77.41962889476514,0.6301755006526477,V,sell
93.67081612225009,43.80819784584045,2018-10-01,369.5036784484863,82.56524428519742,0.2535044211618289,BA,sell
32.81454157786471,188.15427516326903,2018-10-01,234.3993583694458,6.474041636449758,0.13999416127302045,UNH,sell
-322.6978635838044,,2018-10-01,59.74456598968506,,5.401292288900692,QCOM,buy
-154.45693910941804,,2018-10-01,39.753661063385,,3.885351310490499,INTC,buy
-5.60145117474038,,2018-10-01,59.89881436042785,,0.09351522621190611,GOOGL,buy
-93.84336301164277,,2018-10-01,86.17946219711303,,1.0889295502564238,TXN,buy
14.644672825632972,19.169319629287717,2018-10-01,169.9469175704956,12.992813419919104,0.08617204145263901,HD,sell
-11.03412625640665,,2018-10-01,24.506705682373045,,0.4502492664423343,BAC,buy
26.936875423346983,28.172075203514098,2018-10-01,91.26905945892334,18.622253965943244,0.2951369892824438,JPM,sell
36.06565646108307,32.3151691871643,2018-10-01,97.00520705337524,24.051169550656,0.37179093325617707,AXP,sell
122.38003825333648,26.485812255859372,2018-10-01,135.1854705093384,98.40309232245812,0.9052750846096487,HON,sell
71.53890518935917,39.07927727661132,2018-10-01,129.00753186035155,49.86816494927411,0.5545327792705841,CAT,sell
-139.0436130102511,,2018-10-01,162.57015566253662,,0.8552837539190037,AMGN,buy
-254.17243327380018,,2018-10-01,53.497898254776,,4.751073248959067,MRK,buy
-202.349588543255,,2019-01-02,26.78473694820404,,7.554660287855576,NFLX,buy
248.0390391498955,20.209598096084594,2019-01-02,56.851053156280514,159.8653112230171,4.362962959860205,MRK,sell
17.39314355950779,23.000332363319394,2019-01-02,93.95034774627685,13.135063708734053,0.18513123130187736,MSFT,sell
-19.315662219245205,,2019-01-02,181.67524044799802,,0.10631972838794201,MA,buy
53.75345054327857,188.15427516326903,2019-01-02,212.76947510375976,6.2187112694094395,0.25263704070833004,UNH,sell
25.291929081440042,15.84146170606613,2019-01-02,34.319671254730224,13.617542020959378,0.7369513796829885,CSCO,sell
12.73513459367129,42.0060033542633,2019-01-02,184.43913102722166,9.834708293247026,0.06904789955766866,COST,sell
23.142769688481717,19.542056940650937,2019-01-02,125.74623604431152,19.54618232933953,0.18404343872628104,V,sell
86.30345320676835,114.18168554000853,2019-01-02,151.61712130737305,21.308987739411805,0.5692197059447235,AMGN,sell
-16.7883927425939,,2019-01-02,314.86539320068357,,0.05331926945649945,BA,buy
31.679187333278136,32.3151691871643,2019-01-02,86.32951114196777,19.820921430402077,0.3669566399047728,AXP,sell
107.31706427745199,66.81352905197143,2019-01-02,146.6495469680786,58.423413119875775,0.731792675096445,MCD,sell
-230.5886700740925,,2019-01-02,37.14609363479614,,6.207615593207127,KO,buy
-207.8414190905448,,2019-01-02,37.46312982749939,,5.547892555895881,AAPL,buy
-175.88136058099852,,2019-01-02,103.35390570755004,,1.7017388881139333,JNJ,buy
193.11633508599215,13.528882309532165,2019-01-02,40.489684699630736,128.5900689812232,4.769519360760874,INTC,sell
20.69874350470042,28.172075203514098,2019-01-02,80.41765960006714,13.447518319428026,0.2573905235198257,JPM,sell
-211.78704421867016,,2019-01-02,74.84230047302246,,2.8297773168398344,PG,buy
10.256163738110818,15.547468098258971,2019-01-02,52.20036499557495,7.201446045192086,0.19647685871507292,GOOGL,sell
-52.81166166453775,,2019-01-02,111.27434023742676,,0.4746077267396345,HON,buy
29.255542361434674,20.209598096084594,2019-04-01,63.07485811386108,19.88187477203992,0.46382256316174875,MRK,sell
142.79703072497142,43.80819784584045,2019-04-01,382.1018786773682,126.42526988607705,0.3737145475946315,BA,sell
193.0583136799011,23.51914887886047,2019-04-01,228.9641703048706,173.22740644365763,0.8431813301742359,MA,sell
66.73463299396863,53.629528722763055,2019-04-01,85.52878725128174,24.889693623576036,0.7802593154735575,PG,sell
110.52923070181512,19.542056940650937,2019-04-01,149.03227730255125,96.03593730875872,0.7416462574575649,V,sell
107.15924610028826,23.000332363319394,2019-04-01,111.05341085586548,84.96543631890061,0.9649343075051391,MSFT,sell
207.83081974279193,15.84146170606613,2019-04-01,44.27253061065674,133.465430484847,4.694351483327349,CSCO,sell
15.22731877678729,13.795329793071746,2019-04-01,44.27253061065674,10.482483062800569,0.3439450730905804,CSCO,sell
-5.781866634012722,,2019-04-01,158.14014642486572,,0.036561662327533995,MCD,buy
310.0014395332826,5.905845047807693,2019-04-01,36.670311946105954,260.0749357944643,8.453744271084716,NFLX,sell
-1163.4239975699709,,2019-04-01,94.80766721038817,,12.271412553461639,LOW,buy
208.86420810923426,3.8965853266000745,2019-04-01,25.403204827308652,176.82662804392362,8.221962918816587,AVGO,sell
96.60372140088833,32.3151691871643,2019-04-01,101.19640873031616,65.75514050412198,0.9546161036043568,AXP,sell
121.91434779439835,42.0060033542633,2019-04-01,220.5501271270752,98.69452666306137,0.5527738722370108,COST,sell
-11.15441410075765,,2019-04-01,48.94742053184509,,0.22788563686416552,ORCL,buy
-75.20440881248771,,2019-04-01,215.6815263656616,,0.3486826622554027,UNH,buy
-37.79810359934893,,2019-04-01,90.7729998260498,,0.41640249492450643,AMZN,buy
-80.81467624387821,,2019-04-01,152.89986275024413,,0.5285464276438612,AMGN,buy
160.1093675235077,26.485812255859372,2019-04-01,136.82787470855712,129.11694980405886,1.1701516804564864,HON,sell
13.846008367892198,39.8064743434906,2019-04-01,113.02673711700439,8.96963317636827,0.12250206208783077,JNJ,sell
58.609038781625195,15.547468098258971,2019-04-01,59.342350019073486,43.25369541497287,0.9876426997378331,GOOGL,sell
-334.64828159521153,,2019-04-01,83.87936845550537,,3.9896375921419693,UPS,buy
-32.497471363928476,,2019-07-01,91.95408571243286,,0.3534097600138999,PG,buy
-89.99166828615844,,2019-07-01,64.69191251296996,,1.3910806589326938,MRK,buy
18.547718274979644,23.51914887886047,2019-07-01,255.87148471069335,16.842852459370544,0.07248841462717515,MA,sell
49.543395631257944,23.000332363319394,2019-07-01,127.06694328689575,40.57556704854366,0.3898999562726342,MSFT,sell
88.6352938202369,30.90500498256683,2019-07-01,65.73994528656006,46.966956780934304,1.3482714875084874,QCOM,sell
7.220203620572464,19.542056940650937,2019-07-01,165.09312461242675,6.365548827360678,0.04373412664835463,V,sell
-1.421637943740767,,2019-07-01,150.7668704559326,,0.009429378877744199,HON,buy
24.117360763014474,32.3151691871643,2019-07-01,113.57390022125244,17.255250789803796,0.2123494985734542,AXP,sell
-39.49781746730031,,2019-07-01,52.256425431060784,,0.7558461402877192,ORCL,buy
-22.5192207713097,,2019-07-01,239.01304781188963,,0.09421753740002092,COST,buy
-79.94002906375145,,2019-07-01,41.520644156646725,,1.9253080169507548,KO,buy
-48.88970153783905,,2019-07-01,96.17677371826171,,0.5083316859957847,AMZN,buy
4.019454795604128,19.169319629287717,2019-07-01,175.6837132095337,3.5808813370586967,0.022878926692596835,HD,sell
102.14740508074304,16.864242314338682,2019-07-01,95.76394245300293,84.15902086287355,1.0666583106775587,TXN,sell
192.10156616324568,53.629528722763055,2019-10-01,103.59516482620239,92.65371570108029,1.8543487670059413,PG,sell
51.71154555739391,66.81352905197143,2019-10-01,177.17011401672363,32.21033977787316,0.291875104581762,MCD,sell
49.64865994556513,23.51914887886047,2019-10-01,260.1866382568359,45.16074991021963,0.19081940670817943,MA,sell
130.07991552964438,42.0060033542633,2019-10-01,257.7042767852783,108.87678519660261,0.5047642870049387,COST,sell
-171.4879876550043,,2019-10-01,110.33013727722167,,1.5543168157591793,PEP,buy
19.241659490109313,20.209598096084594,2019-10-01,64.15597946090698,13.180397418134023,0.2999199708553135,MRK,sell
45.48224866564336,23.000332363319394,2019-10-01,128.7961930847168,37.360061115792014,0.3531334861405959,MSFT,sell
113.6217304365417,17.115169335746764,2019-10-01,44.23441415290832,69.65923666597311,2.5686274501969706,KO,sell
32.490984738139595,19.542056940650937,2019-10-01,165.6639832763672,28.65828277569003,0.1961258210478789,V,sell
160.92891644840338,16.864242314338682,2019-10-01,105.70588416366577,135.2544304550995,1.52242155412309,TXN,sell
-188.01953395094316,,2019-10-01,23.29651427707672,,8.070715288765342,AVGO,buy
-52.480583305909754,,2019-10-01,106.5814518005371,,0.49239884069251616,AXP,buy
-425.84330496180837,,2019-10-01,17.53791797943115,,24.28129185352826,T,buy
163.24434778995789,19.169319629287717,2019-10-01,194.24055379943846,147.13399895059334,0.8404236118401647,HD,sell
4.114807659640342,30.90500498256683,2019-10-01,64.50962882766723,2.1435027004503056,0.0637859453606957,QCOM,sell
-57.389746579956274,,2019-10-01,140.70908419799804,,0.40786099139982035,HON,buy
-54.64507685868277,,2019-10-01,86.43152297668456,,0.632235496688212,UPS,buy
-62.963745937023226,,2019-10-01,156.45880979003906,,0.40243017329300823,AMGN,buy
-71.99397327490489,,2019-10-01,44.561074344253534,,1.6156247203269913,INTC,buy
26.1265560817118,28.172075203514098,2019-10-01,95.72278018569946,18.437275627101954,0.27293979584616146,JPM,sell
19.81411540403104,17.734457056617735,2020-01-02,72.22097057647704,14.948595376498927,0.2743540448968247,AAPL,sell
357.75611293076236,16.57871085605621,2020-01-02,72.22097057647704,275.6312798535741,4.953632027859875,AAPL,sell
303.5435476539855,16.86710724868774,2020-01-02,72.22097057647704,232.651374202712,4.202983499543997,AAPL,sell
-357.1135245804696,,2020-01-02,5.961308535337448,,59.905224241216814,NVDA,buy
12.013678926462402,23.51914887886047,2020-01-02,291.7024035644531,11.045049598072701,0.04118471010064173,MA,sell
60.937574466454215,23.000332363319394,2020-01-02,151.43816951293945,51.682414617053,0.40239243951801384,MSFT,sell
19.5065853406532,21.77143203964233,2020-01-02,151.43816951293945,16.702230940204455,0.12880890863506167,MSFT,sell
91.06346047935475,30.90500498256683,2020-01-02,76.39751119766235,54.22565443404015,1.1919689405031448,QCOM,sell
-103.6276914969847,,2020-01-02,265.51229720153805,,0.39029337845819523,COST,buy
-90.26563899162534,,2020-01-02,64.38436247863768,,1.4019807841007186,C,buy
-136.2735085239232,,2020-01-02,104.032076322937,,1.309918184280992,PG,buy
-16.45768939903147,,2020-01-02,182.22025364837646,,0.09031756387953038,V,buy
-67.32718874371605,,2020-01-02,18.551908144569396,,3.6291247357983707,T,buy
149.30641400148897,28.172075203514098,2020-01-02,117.81667862319946,113.60457982341451,1.2672773986355512,JPM,sell
143.94206571295902,11.985509155464172,2020-01-02,30.253789964675903,86.91717896411042,4.757819297384714,BAC,sell
-6.209129205482493,,2020-01-02,155.70532251281736,,0.03987743710541025,HON,buy
-120.72463080422663,,2020-01-02,107.46478301773071,,1.12338784310678,TXN,buy
-194.1247881915055,,2020-01-02,186.08242182769774,,1.043219377116956,HD,buy
-87.84933566722363,,2020-01-02,106.37875721817016,,0.8258165254464771,LOW,buy
91.77407025414523,3.8965853266000745,2020-01-02,27.564221954727174,78.80053172648371,3.32946347641807,AVGO,sell
46.96496018094836,13.528882309532165,2020-01-02,53.62889542121887,35.11717898073147,0.8757398378629695,INTC,sell
70.25595256065544,12.661204207992553,2020-01-02,53.62889542121887,53.66927936496726,1.310039149768837,INTC,sell
174.67213355508292,114.18168554000853,2020-01-02,195.46802648620604,72.63826650933208,0.8936097462845636,AMGN,sell
-191.22652002170557,,2020-01-02,49.01346480789184,,3.90150993754915,ORCL,buy
-31.646434342855652,,2020-01-02,115.77758185424804,,0.27333818720359204,AXP,buy
-70.95639571817443,,2020-04-01,58.14707783317566,,1.2202916872581078,AAPL,buy
143.04074152177824,0.36398536995947356,2020-04-01,6.034986207818985,134.4135905343201,23.70191688863403,NVDA,sell
77.96812009931834,0.4453001003861427,2020-04-01,6.034986207818985,72.21513069527252,12.919353485564244,NVDA,sell
131.7238389776895,21.77143203964233,2020-04-01,143.8063847671509,111.78163256629071,0.915980463530703,MSFT,sell
-147.6591673110658,,2020-04-01,57.29796168136596,,2.577040491112033,QCOM,buy
182.24441754422364,42.0060033542633,2020-04-01,261.4065783782959,152.95915753986398,0.6971684441716217,COST,sell
-167.55365387836542,,2020-04-01,13.629520524692534,,12.293437144381514,T,buy
-209.31583282019724,,2020-04-01,34.69690115127563,,6.032695309232299,KO,buy
-50.54327849521118,,2020-04-01,152.33678576660154,,0.3317864312343417,HD,buy
50.42541076457469,53.629528722763055,2020-04-01,92.58076269378662,21.21533583896191,0.544664024116523,PG,sell
-98.44989992282598,,2020-04-01,96.17886563568115,,1.0236126125228733,PEP,buy
2.7810889468891555,12.661204207992553,2020-04-01,45.95609707717895,2.0148808196406773,0.06051621272839114,INTC,sell
80.65493449387431,8.957765988922118,2020-04-01,95.31823263473511,73.07518811086504,0.8461648130106294,AMZN,sell
237.77799630066332,0.4453001003861427,2020-07-01,9.468819606399537,226.59576134175248,25.111682995836162,NVDA,sell
169.9284472189003,0.5052399285435676,2020-07-01,9.468819606399537,160.86135753938296,17.946106725283215,NVDA,sell
278.8692074411472,16.86710724868774,2020-07-01,87.99776850814818,225.4165243787257,3.169048626674268,AAPL,sell
43.35695279631169,28.237575504684447,2020-07-01,87.99776850814818,29.444154222044126,0.49270513936154003,AAPL,sell
21.840470624004677,24.551970118141174,2020-07-01,87.99776850814818,15.74683221455966,0.2481934598373634,AAPL,sell
67.8807835282979,21.77143203964233,2020-07-01,194.06445340118407,60.26546892800442,0.3497847356309496,MSFT,sell
78.7310781339862,25.312242766189573,2020-07-01,194.06445340118407,68.46201479938615,0.405695513805548,MSFT,sell
-102.73161487397586,,2020-07-01,52.46246402740478,,1.9581927150869625,INTC,buy
124.186035048069,94.80766721038817,2020-07-01,120.84662252197265,26.758502219220702,1.0276334783414338,LOW,sell
-61.37616965438891,,2020-07-01,71.47037390441893,,0.8587637968211901,GOOGL,buy
190.15451089779015,8.957765988922118,2020-07-01,143.83424306030273,178.31199291237405,1.322039222732709,AMZN,sell
146.18569007440206,13.089655998802185,2020-07-01,143.83424306030273,132.88204030152295,1.0163483115290806,AMZN,sell
-19.126516168229376,,2020-07-01,267.2302347564697,,0.07157317429167254,UNH,buy
40.35670282458569,114.18168554000853,2020-07-01,210.5861290283203,18.47493704727412,0.19163989105454515,AMGN,sell
203.70088591603283,19.169319629287717,2020-07-01,212.5896694152832,185.33307245814714,0.9581880741256219,HD,sell
-1460.613291743238,,2020-07-01,235.46112472839354,,6.203203579478643,META,buy
78.96768753550033,5.905845047807693,2020-07-01,48.53000437660217,69.35773731276325,1.6271930849767884,NFLX,sell
-73.55422251271591,,2020-07-01,290.809533895874,,0.2529291991474132,MA,buy
-43.54028590959725,,2020-07-01,185.33375970306395,,0.23492905976415823,V,buy
174.47861423481586,30.90500498256683,2020-07-01,78.55500410614013,105.83547044486014,2.221101204438458,QCOM,sell
-98.38157855225437,,2020-07-01,105.07098817214965,,0.9363343798676826,TXN,buy
-71.96053149146526,,2020-07-01,27.51142439651489,,2.6156599692664813,AVGO,buy
21.096584007918526,0.5052399285435676,2020-10-01,13.531147134304046,20.308857993939124,1.5591127491648251,NVDA,sell
446.6170588715271,0.4928415362536907,2020-10-01,13.531147134304046,430.3500391409291,33.00659245211128,NVDA,sell
258.1327906144971,24.551970118141174,2020-10-01,113.10637036056518,202.09997352845636,2.2822126622188534,AAPL,sell
-32.33722498101968,,2020-10-01,52.78792515029907,,0.612587535671242,NFLX,buy
15.522952170580595,13.089655998802185,2020-10-01,160.95025943756102,14.26051180727329,0.09644564864216676,AMZN,sell
-99.22985588505165,,2020-10-01,202.19111739501952,,0.49077257776456573,MSFT,buy
20.508807943984614,235.46112472839354,2020-10-01,263.91571552734376,2.2111973766104853,0.0777096881214705,META,sell
262.85709447237855,30.90500498256683,2020-10-01,105.1367637840271,185.59011837389912,2.500144431041667,QCOM,sell
49.40361527344986,36.660990200805664,2020-10-01,105.1367637840271,32.176668292802134,0.46989857301424287,QCOM,sell
23.251814024993518,32.33838641662597,2020-10-01,105.1367637840271,16.099928045581244,0.22115778713483714,QCOM,sell
188.02579724486637,94.80766721038817,2020-10-01,149.5195000946045,68.80196890889613,1.257533613514612,LOW,sell
-76.68156248079093,,2020-10-01,282.1566610534668,,0.2717694567071032,UNH,buy
258.843155214192,78.55779012145996,2020-10-01,129.32011807250976,101.60430819820314,2.0015691222077194,UPS,sell
-200.21219120565024,,2020-10-01,493.4309144226074,,0.40575526452356625,BLK,buy
-111.77314635931393,,2020-10-01,73.74533409805298,,1.5156639769330837,GOOGL,buy
118.20691832962964,3.8965853266000745,2020-10-01,32.67627211647034,104.11096081574657,3.6175154224538346,AVGO,sell
-146.92575216738933,,2020-10-01,212.51839453277586,,0.6913554588552548,AMGN,buy
48.55167418095539,23.51914887886047,2020-10-01,331.5361337219238,45.10742199474397,0.1464445930399796,MA,sell
23.778965357597247,19.169319629287717,2020-10-01,239.0907894744873,21.872465369055526,0.09945579840136265,HD,sell
-83.81449810958327,,2020-10-01,194.7806908050537,,0.4303018834319108,V,buy
-349.33784827417554,,2020-10-01,131.88117741851806,,2.6488832986800688,CAT,buy
-123.39978970269505,,2020-10-01,328.6551906738281,,0.3754688597788265,COST,buy
-333.9145281018763,,2020-10-01,125.00928977355956,,2.671117712185433,JNJ,buy
88.64472741851442,16.864242314338682,2020-10-01,122.6698616569519,76.45814676307265,0.7226284127262712,TXN,sell
-82.11247687140566,,2020-10-01,119.61131064529418,,0.6864942489837702,PG,buy
-56.843454683861125,,2020-10-01,54.95054021682739,,1.03444760432863,ORCL,buy
92.6207433248532,32.33838641662597,2021-01-04,131.19304316711424,69.79022338623932,0.7059882223089566,QCOM,sell
136.3664115599105,42.681696498107904,2021-01-04,131.19304316711424,92.00163694817908,1.0394332524645105,QCOM,sell
54.66425083817625,56.81566782989501,2021-01-04,131.19304316711424,30.990846800770708,0.4166703471352875,QCOM,sell
-134.56533906144946,,2021-01-04,159.44302924041747,,0.8439712899492395,AMZN,buy
41.708578834683664,24.551970118141174,2021-01-04,125.54455694503784,33.551890833724784,0.33222132324656073,AAPL,sell
19.071060956735735,23.70525699920654,2021-01-04,125.54455694503784,15.470073289664892,0.1519067128102165,AAPL,sell
-131.43201648774664,,2021-01-04,52.322599497604365,,2.5119550203877843,NFLX,buy
-144.693318841139,,2021-01-04,127.29890865859984,,1.1366422569198047,UPS,buy
276.40379758491366,155.88467770996093,2021-01-04,619.8671196350098,206.89355008266818,0.44590814519677346,BLK,sell
23.683158672179243,138.5381167312622,2021-01-04,619.8671196350098,18.39005617204453,0.03820683162888905,BLK,sell
-103.13650246035017,,2021-01-04,266.5750828674316,,0.3868947590710876,META,buy
-72.96824389286816,,2021-01-04,207.7106796798706,,0.3512975067306545,MSFT,buy
29.10963027068949,42.0060033542633,2021-01-04,357.8572346191406,25.692683207726454,0.08134425534716438,COST,sell
141.84100563848133,15.547468098258971,2021-01-04,85.43312824630738,116.02820262568078,1.6602576605827615,GOOGL,sell
147.2176628319082,3.8965853266000745,2021-01-04,38.01679992713928,132.1283816218488,3.87243700453633,AVGO,sell
89.11393316638424,16.864242314338682,2021-01-04,138.30976207580565,78.24818558684606,0.6443068936633853,TXN,sell
-177.57675713746534,,2021-01-04,144.1412182876587,,1.2319637592009265,LOW,buy
-188.65871081215727,,2021-01-04,228.8516123901367,,0.8243713419442278,HD,buy
77.61085485345241,188.15427516326903,2021-01-04,315.68051069641115,31.35264870845382,0.24585253832185572,UNH,sell
218.11365168627634,39.07927727661132,2021-01-04,164.5087103805542,166.30044463879244,1.3258486506989149,CAT,sell
10.135966201911831,40.55153669052124,2021-01-04,164.5087103805542,7.637441933015145,0.06161355333990848,CAT,sell
48.152544270690896,75.00557691802977,2021-01-04,164.5087103805542,26.198026757671336,0.2927051349396681,CAT,sell
9.377242314768012,65.53106151809692,2021-01-04,164.5087103805542,5.641873886083269,0.05700149428608281,CAT,sell
-96.07931471311485,,2021-01-04,183.27477853088376,,0.5242364251277731,HON,buy
-124.77470632159641,,2021-01-04,119.04881390151976,,1.0480970135898477,PG,buy
-76.94927227700109,,2021-01-04,340.2473754547119,,0.22615684301507066,MA,buy
0.24326376924475912,19.892128632164,2021-01-04,58.85324027366638,0.16104171712221843,0.00413339636209642,ORCL,sell
-248.83992328837243,,2021-01-04,120.0839083831787,,2.0722170575456538,PEP,buy
275.05021853715533,3.8965853266000745,2021-04-01,42.88493754272461,250.05877149208797,6.413678888144197,AVGO,sell
-39.523042101501815,,2021-04-01,13.755228346920012,,2.873310504536377,NVDA,buy
-64.3970408419361,,2021-04-01,122.48272688446043,,0.5257642647251206,QCOM,buy
-30.393325918303585,,2021-04-01,119.67173957366943,,0.25397245854852457,AAPL,buy
394.7680239021264,94.80766721038817,2021-04-01,172.31136542358396,177.56218061134604,2.291015586416421,LOW,sell
128.0901547489089,65.53106151809692,2021-04-01,211.3174435317993,88.36847503130346,0.6061504086369176,CAT,sell
246.9952703088783,80.79188157806396,2021-04-01,211.3174435317993,152.56287374179647,1.1688352186207958,CAT,sell
134.3159133972588,72.69365697174072,2021-04-01,211.3174435317993,88.11094909729519,0.6356120495894926,CAT,sell
36.931786872770246,68.94755203552245,2021-04-01,211.3174435317993,24.881876299287597,0.1747692299107939,CAT,sell
-366.65484697809296,,2021-04-01,60.82551469039917,,6.027977713700572,C,buy
-98.56884431726118,,2021-04-01,134.1617949508667,,0.7347012937130089,JPM,buy
-89.85863226865031,,2021-04-01,34.64040411148071,,2.5940411081656194,BAC,buy
-48.86082794850068,,2021-04-01,135.7859932281494,,0.3598370257998855,AXP,buy
143.70096611510027,78.55779012145996,2021-04-01,133.76745746612548,59.309511346067254,1.0742595309587184,UPS,sell
215.477279866783,15.547468098258971,2021-04-01,105.41138983154296,183.69583632465498,2.0441555719086466,GOOGL,sell
242.97953698902083,14.109932413959502,2021-04-01,105.41138983154296,210.45530170126688,2.3050596086184267,GOOGL,sell
281.6790918312845,16.864242314338682,2021-04-01,164.74447662506103,252.8447141523486,1.7097938431790514,TXN,sell
102.71802580779459,16.051347254562376,2021-04-01,164.74447662506103,92.71002593234869,0.6234990569156906,TXN,sell
-913.2353118488508,,2021-04-01,253.13707871856687,,3.607671055034055,BA,buy
200.73541886563478,138.5381167312622,2021-04-01,672.6706464111328,159.39348274983007,0.2984156064139394,BLK,sell
134.83680216511104,26.485812255859372,2021-04-01,191.65188251953126,116.20269233860498,0.7035506272753143,HON,sell
244.63510973526607,235.46112472839354,2021-04-01,295.6195814941406,49.78313885030818,0.8275335094475631,META,sell
113.5777992935943,23.51914887886047,2021-04-01,351.6328044891357,105.98108722118039,0.32300114734347396,MA,sell
39.113949200234224,13.089655998802185,2021-04-01,157.93936804962158,35.872273954168705,0.24765167597698223,AMZN,sell
102.84798062600467,25.312242766189573,2021-04-01,231.44851403045652,91.6000663132983,0.4443665627184403,MSFT,sell
151.03827779829567,24.113283964920043,2021-04-01,231.44851403045652,135.30247194367902,0.652578299891009,MSFT,sell
-1372.4814747631476,,2021-07-01,65.64386472930907,,20.90799316010341,GE,buy
-93.0860365558326,,2021-07-01,330.8202488555908,,0.2813795010367288,GS,buy
303.51987979981345,78.55779012145996,2021-07-01,164.96566567840577,158.98161532551268,1.839897281362255,UPS,sell
6.250958702321946,11.985509155464172,2021-07-01,36.540844073867795,4.200625037186722,0.1710677150666129,BAC,sell
-41.5292861637119,,2021-07-01,137.91069420013426,,0.3011317316947526,JPM,buy
176.67258677176943,32.3151691871643,2021-07-01,156.98599535064696,140.30498264560833,1.125403488235687,AXP,sell
690.8879089072473,0.4928415362536907,2021-07-01,20.1057357673645,673.9525297525265,34.36272698006367,NVDA,sell
14.689360649471539,138.5381167312622,2021-07-01,774.8752371643067,12.063084492020165,0.018957065531256312,BLK,sell
152.2204999618226,133.28073125,2021-07-01,774.8752371643067,126.03814366353974,0.19644517292729713,BLK,sell
-126.2016735306215,,2021-07-01,59.46484838218689,,2.12229034402829,C,buy
90.9640182657898,14.109932413959502,2021-07-01,121.20543337326049,80.37459076149752,0.7504945589828456,GOOGL,sell
72.40640433519745,14.68048189458847,2021-07-01,121.20543337326049,63.636492968091844,0.5973857963299132,GOOGL,sell
-51.63300648232336,,2021-07-01,196.13100059509276,,0.2632577528573279,HON,buy
-90.01498486259828,,2021-07-01,164.83215971069333,,0.5461008641795928,TXN,buy
-97.86763782381452,,2021-07-01,42.70737592964172,,2.291586305490803,AVGO,buy
-43.01695325605278,,2021-07-01,125.79700356826781,,0.34195530923523343,QCOM,buy
411.6894423485554,19.892128632164,2021-07-01,74.03029581298829,301.06744288513386,5.561094114611471,ORCL,sell
-43.89053366000385,,2021-07-01,177.13232874755857,,0.24778386853680878,LOW,buy
-176.57249827179092,,2021-07-01,239.89780672454833,,0.7360321491998141,BA,buy
225.16074183918226,235.46112472839354,2021-07-01,350.7822650299072,74.02253787777849,0.6418817719304748,META,sell
109.72680598855806,23.70525699920654,2021-07-01,133.59533682403563,90.25679904447684,0.821337096017686,AAPL,sell
253.89169738288828,188.15427516326903,2021-07-01,368.354062600708,124.20449384352497,0.6892599353739293,UNH,sell
-699.7847096883498,,2021-07-01,138.76153961944578,,5.043073978621979,MMM,buy
-317.84364643879144,,2021-07-01,205.7482779067993,,1.5448180158415203,MCD,buy
21.108532266568726,128.84681302795408,2021-10-01,336.39799292907713,13.023563962912629,0.06274868670521183,GS,sell
-43.08271979844985,,2021-10-01,64.46437450256347,,0.6683182785979973,GE,buy
192.44752118228556,14.68048189458847,2021-10-01,135.16128701019286,171.54492094171582,1.4238361104668424,GOOGL,sell
63.74491410386303,11.985509155464172,2021-10-01,38.08970494308472,43.68660037452982,1.673547069978973,BAC,sell
6.238914485713828,35.842279381561276,2021-10-01,59.96830009689331,2.509995779108547,0.10403687407569251,C,sell
112.78904408380743,28.172075203514098,2021-10-01,147.3733594024658,91.2281497339408,0.7653285813739839,JPM,sell
-79.08386044263776,,2021-10-01,746.2486321716308,,0.1059752166144663,BLK,buy
35.469222446317595,0.4928415362536907,2021-10-01,20.63658720817566,34.622148949918845,1.7187542731031442,NVDA,sell
62.938377798711116,32.3151691871643,2021-10-01,163.56860353546142,50.50405799056972,0.38478275438150433,AXP,sell
-523.639896547988,,2021-10-01,47.97960333595275,,10.91380211881841,CSCO,buy
222.97464871466076,19.892128632164,2021-10-01,83.8318329460144,170.065864091045,2.6597849632877626,ORCL,sell
-363.61849501891464,,2021-10-01,178.4412582733154,,2.0377489967144617,CAT,buy
117.85304910038965,24.113283964920043,2021-10-01,277.2629943054199,107.60348786266118,0.42505870426605963,MSFT,sell
115.13884389038961,23.423151628303525,2021-10-01,277.2629943054199,105.41192520977631,0.4152694238148422,MSFT,sell
-68.13753258291403,,2021-10-01,339.99374955444335,,0.20040819183354763,META,buy
-44.25596995129474,,2021-10-01,192.47701637268065,,0.22992859503601615,HON,buy
68.92439903206387,3.8965853266000745,2021-10-01,44.58020693206787,62.89998101349523,1.546076247180551,AVGO,sell
-59.74143624558197,,2021-10-01,358.77342666015625,,0.16651577794297268,UNH,buy
26.126164133432503,16.051347254562376,2021-10-01,168.0781704574585,23.631133804425204,0.15544055520312305,TXN,sell
276.5865612287585,42.0060033542633,2021-10-01,424.5726471130371,249.22187794612077,0.6514469622795103,COST,sell
60.84816727129248,23.70525699920654,2021-10-01,139.03929255065918,50.47396716831693,0.4376328889124803,AAPL,sell
-112.70962992810557,,2021-10-01,226.1582,,0.4983663202488593,BA,buy
544.9560039682484,0.4928415362536907,2022-01-03,29.971583701515197,535.9949508300118,18.18242270396604,NVDA,sell
-150.3915391029462,,2022-01-03,143.7253542663574,,1.0463814117600627,GOOGL,buy
285.6595609834852,94.80766721038817,2022-01-03,232.6028720397949,169.22627554858138,1.2280998874967164,LOW,sell
381.2943442154492,19.169319629287717,2022-01-03,361.2383805633545,361.0607434953183,1.0555200242588212,HD,sell
318.46229604378806,18.938727724838255,2022-01-03,361.2383805633545,301.76619994792384,0.8815848846048508,HD,sell
-2043.4126292319427,,2022-01-03,54.07896267433166,,37.78572162224257,XOM,buy
24.54409125125259,23.423151628303525,2022-01-03,321.63120679321287,22.756640410617496,0.07631128675592969,MSFT,sell
-123.21444070625678,,2022-01-03,41.084620617294306,,2.9990404889948152,BAC,buy
-178.9903710007438,,2022-01-03,352.3086383605957,,0.508049907131551,GS,buy
213.37127326346217,42.0060033542633,2022-01-03,537.5478303771972,196.69764179494862,0.3969344888132831,COST,sell
-315.13654304794414,,2022-01-03,158.79568005065917,,1.9845410337825875,AXP,buy
397.9626738007771,3.8965853266000745,2022-01-03,61.065146055221554,372.5685559538414,6.517018291267121,AVGO,sell
-308.22224332273385,,2022-01-03,143.64540332031248,,2.1457160215244357,JPM,buy
12.3745349045115,13.795329793071746,2022-01-03,55.25200695190429,9.284859081654714,0.2239653469109868,CSCO,sell
245.42537440305134,188.15427516326903,2022-01-03,460.0554211669922,145.05087319547118,0.5334691498265514,UNH,sell
234.1833904127002,23.70525699920654,2022-01-03,177.6619417373657,202.9365324734513,1.318140442024939,AAPL,sell
-225.86735373495478,,2022-01-03,169.49406639251708,,1.3325974091145323,UPS,buy
-279.24223176525027,,2022-01-03,166.56258769226073,,1.676500321195629,TXN,buy
40.60752304502536,56.81566782989501,2022-01-03,167.54026295471192,26.83684189631178,0.2423747123758666,QCOM,sell
278.1279965163688,51.271185769653314,2022-01-03,167.54026295471192,193.01441291773935,1.6600666109229518,QCOM,sell
27.58827472784942,66.81352905197143,2022-01-03,240.20623431243897,19.914577164174304,0.11485245088170792,MCD,sell
-183.83741215358754,,2022-04-01,26.62126772613525,,6.905659566809675,NVDA,buy
705.449152145428,54.07896267433166,2022-04-01,71.42772588272095,171.34341244777988,9.87640504338222,XOM,sell
82.09826285333669,42.0060033542633,2022-04-01,546.7794008605957,75.79111247538071,0.1501487852763277,COST,sell
95.10268584707117,188.15427516326903,2022-04-01,470.88810397338864,57.10219959429676,0.2019645114085229,UNH,sell
-36.833172847896705,,2022-04-01,170.6013472946167,,0.21590200448000196,AAPL,buy
-4.165794714110045,,2022-04-01,165.24002252960204,,0.025210567333127543,UPS,buy
282.756176135858,32.3151691871643,2022-04-01,176.89011301116943,231.10086587004955,1.5984849086393194,AXP,sell
-51.7663487367203,,2022-04-01,58.191424192047116,,0.8895872451218523,AVGO,buy
-101.62641502827513,,2022-04-01,55.18980136299133,,1.8413984562086654,KO,buy
-21.105186740020486,,2022-04-01,138.92661786193847,,0.15191607673767926,GOOGL,buy
-376.5386434360536,,2022-04-01,132.99030592651366,,2.8313239887132617,QCOM,buy
-103.595779205094,,2022-04-01,298.32593060913086,,0.34725703861400525,MSFT,buy
-372.2826702010987,,2022-04-01,185.12091855773923,,2.0110243245416033,LOW,buy
119.82031930644749,36.866944815063476,2022-04-01,146.18071339416502,89.60149633708025,0.8196725581941937,PEP,sell
17.21525245902139,53.629528722763055,2022-04-01,137.88453809051512,10.519462713439948,0.12485266801793493,PG,sell
-184.91561768041282,,2022-04-01,49.04657283668518,,3.770204664373658,CSCO,buy
-177.6649126587781,,2022-04-01,36.56510556259155,,4.858865027878949,BAC,buy
-89.3963731913237,,2022-04-01,224.47248102722168,,0.39825092493401293,MCD,buy
38.032874086850946,39.8064743434906,2022-04-01,156.8742114715576,28.382118794787335,0.2424418502575012,JNJ,sell
347.7804104801713,54.07896267433166,2022-07-01,76.0052002532959,100.32887065733723,4.575744940098229,XOM,sell
-241.91132066084697,,2022-07-01,44.71707106933594,,5.409820341000241,AVGO,buy
245.90849622528754,188.15427516326903,2022-07-01,477.00180234375,148.90941857732716,0.5155294907000672,UNH,sell
-185.9374538686052,,2022-07-01,81.49565909500122,,2.281562673808846,MRK,buy
282.65460805573656,17.115169335746764,2022-07-01,56.84402377853393,197.55012109593198,4.972459535182935,KO,sell
-88.41927946236335,,2022-07-01,462.86006080017086,,0.19102810320144759,COST,buy
229.51669520831155,36.866944815063476,2022-07-01,146.87663703918457,171.9065843904615,1.5626494440166123,PEP,sell
115.1350359880689,53.629528722763055,2022-07-01,130.6295188430786,67.86671735531095,0.8813860527678834,PG,sell
247.81168095161283,39.8064743434906,2022-07-01,159.06072915344237,185.7944289729577,1.557968973677685,JNJ,sell
260.911112557111,66.81352905197143,2022-07-01,228.75572866973877,184.7058419822946,1.1405664639498312,MCD,sell
-182.51852586681852,,2022-07-01,136.17388358001708,,1.340334292218147,AAPL,buy
-133.4555766122723,,2022-07-01,215.61948650817868,,0.6189402394630514,AMGN,buy
-302.77355627915694,,2022-07-01,16.856722100257873,,17.96159149319577,T,buy
-115.44974814543833,,2022-07-01,166.2087024505615,,0.6946071201041875,CAT,buy
-89.4475920298861,,2022-07-01,112.35303669128417,,0.7961297234507683,QCOM,buy
-97.31875031903547,,2022-07-01,250.8558198684692,,0.38794695044373473,MSFT,buy
-268.62765528780494,,2022-07-01,133.75061865692138,,2.008421777673055,AXP,buy
-19.559620389667206,,2022-07-01,162.8749648269653,,0.12008979041344325,LOW,buy
161.49210633863527,54.07896267433166,2022-10-03,80.57430341262817,53.10363481611871,2.0042631397211075,XOM,sell
53.944896029058874,188.15427516326903,2022-10-03,476.7506660064697,32.65501950696138,0.11315117078059167,UNH,sell
-146.8871484855388,,2022-10-03,50.45412405319213,,2.911301132305468,KO,buy
28.572538620634045,42.0060033542633,2022-10-03,455.356472744751,25.93676154272491,0.0627476281349586,COST,sell
-41.457636147227234,,2022-10-03,203.9139411804199,,0.20330947412048772,AMGN,buy
23.160485714158202,36.866944815063476,2022-10-03,144.2497844970703,17.24119542411775,0.1605581997568155,PEP,sell
-120.0103453621175,,2022-10-03,132.5196397766113,,0.9056042226225429,UPS,buy
102.33753936813176,23.70525699920654,2022-10-03,139.62234970092774,84.96254405696303,0.7329595841019696,AAPL,sell
-25.06412515277156,,2022-10-03,77.82369507141112,,0.32206290294713824,MRK,buy
-59.70511828602456,,2022-10-03,214.2864312194824,,0.2786229531484974,MCD,buy
-9.081302378519728,,2022-10-03,43.104679909896845,,0.2106801952248034,AVGO,buy
-26.305218694611547,,2022-10-03,107.21221071090697,,0.24535655519260224,QCOM,buy
231.48773357163898,94.80766721038817,2022-10-03,178.84411229553223,108.77297530506108,1.2943547908869117,LOW,sell
-3.4898815019284806,,2022-10-03,160.73890336914062,,0.02171149254336946,CAT,buy
-70.4452320385207,,2022-10-03,233.1428374130249,,0.3021548198528752,MSFT,buy
128.42927588291616,54.07896267433166,2023-01-03,94.11505780792235,54.6331992663747,1.3645985974425585,XOM,sell
317.13713506885404,20.209598096084594,2023-01-03,99.30839563293456,252.59864363279172,3.19345744181652,MRK,sell
85.8151253324646,114.18168554000853,2023-01-03,232.79990809020995,43.72526483522176,0.36862181792275983,AMGN,sell
119.90367584888605,68.94755203552245,2023-01-03,225.42871350860594,83.23104084524493,0.5318917629555147,CAT,sell
414.7402955497196,70.94002703018188,2023-01-03,225.42871350860594,284.22591999001725,1.8397846888918457,CAT,sell
-270.92610658894216,,2023-01-03,15.288029301548002,,17.7214539065221,T,buy
44.28149226438725,17.115169335746764,2023-01-03,56.38370627288818,30.839927517357253,0.7853597287498602,KO,sell
-1.4850357293626573,,2023-01-03,157.80802017822265,,0.009410394526751631,PEP,buy
-144.82376487656217,,2023-01-03,481.7978990783691,,0.3005902789397701,UNH,buy
-95.51361023203903,,2023-01-03,160.19312669525146,,0.5962403768654969,JNJ,buy
-65.5961021515591,,2023-01-03,196.07227421264648,,0.33455062636963184,HON,buy
62.187854486994446,66.81352905197143,2023-01-03,241.6998474746704,44.997152606712916,0.25729372664793093,MCD,sell
-44.829295063235925,,2023-01-03,316.68322362976073,,0.14155879351426126,GS,buy
-259.85310256738893,,2023-01-03,339.330688079834,,0.7657813209816542,MA,buy
-205.34097885962734,,2023-01-03,201.68603385925292,,1.0181219538628294,V,buy
-183.74215963138994,,2023-01-03,79.95378616638183,,2.2981045481576956,ORCL,buy
-13.548197897901096,,2023-01-03,140.6873404724121,,0.09630004982969886,AXP,buy
-14.168390533947779,,2023-01-03,137.551189793396,,0.10300449276541279,PG,buy
-14.673646935609266,,2023-01-03,143.75697733917235,,0.10207258949935394,UPS,buy
143.78493230653632,54.07896267433166,2023-04-03,103.40515052947998,68.58809784015564,1.3905006817387147,XOM,sell
-67.36426213107411,,2023-04-03,98.09361902694701,,0.6867343951553941,MRK,buy
180.7743221192408,49.50797423553466,2023-04-03,75.9897539199829,62.99830600857263,2.3789302214295347,GE,sell
-104.08256794171608,,2023-04-03,218.26594527740477,,0.47686123370932876,CAT,buy
51.556935433853546,10.782268222141266,2023-04-03,16.024261380958556,16.865744785902777,3.2174297590476186,T,sell
96.49304486888414,66.81352905197143,2023-04-03,259.47470409851076,71.64653476664031,0.37187842724063813,MCD,sell
-136.10537560919946,,2023-04-03,300.8023943664551,,0.4524743757304934,GS,buy
195.1397383924177,19.892128632164,2023-04-03,89.90529918365478,151.96380980316582,2.1705031868454654,ORCL,sell
-214.07039189754036,,2023-04-03,120.15759884643553,,1.781580141020692,JPM,buy
3.5888102025722497,36.866944815063476,2023-04-03,161.38463228759764,2.7689770758704095,0.02223762047043465,PEP,sell
529.393216640776,3.8965853266000745,2023-04-03,61.48730898284912,495.84440999940136,8.609796483180645,AVGO,sell
4.886517458915037,9.26382534122467,2023-04-03,61.48730898284912,4.150303026781398,0.07947196811423396,AVGO,sell
-685.5631006914623,,2023-04-03,41.69621634254455,,16.441853981651352,C,buy
68.10670372137687,23.51914887886047,2023-04-03,358.65657093200684,63.640560245156635,0.189893924275232,MA,sell
158.16352488776445,19.542056940650937,2023-04-03,222.82564801483153,144.29240799961778,0.709808436761449,V,sell
-93.77537300573195,,2023-04-03,190.3942148269653,,0.4925326806329551,LOW,buy
-150.00820556553862,,2023-04-03,219.71288027496337,,0.6827465252733855,AMGN,buy
121.1349265283642,16.051347254562376,2023-04-03,166.43145104370117,109.45216609955484,0.7278367506184686,TXN,sell
-43.88033740006968,,2023-04-03,56.39869677200317,,0.7780381447014619,KO,buy
0.9250165323310898,32.3151691871643,2023-04-03,156.94195881500244,0.7345507960238292,0.0058940039955883705,AXP,sell
17.813512535050233,33.21879353027344,2023-04-03,156.94195881500244,14.043052427257788,0.11350382440458873,AXP,sell
95.34924798175702,33.432619556427,2023-04-03,156.94195881500244,75.03743871905289,0.6075446534610371,AXP,sell
53.92018857286084,34.89301077461242,2023-04-03,156.94195881500244,41.93207694836061,0.3435677047743493,AXP,sell
10.33154398663759,35.36854406814575,2023-04-03,156.94195881500244,8.003220372338165,0.06583034941481802,AXP,sell
107.6165743973187,0.4928415362536907,2023-07-03,42.253623942947385,106.36134672917956,2.546919396609084,NVDA,sell
116.51421854320758,4.920469392681121,2023-07-03,42.253623942947385,102.94604159989706,2.757496462327822,NVDA,sell
671.7658783718983,5.961308535337448,2023-07-03,42.253623942947385,576.9904889308875,15.89842043558074,NVDA,sell
-810.1242288291892,,2023-07-03,44.174901807785034,,18.339015949695202,NFLX,buy
-127.03059629715254,,2023-07-03,85.0154704826355,,1.494205649583492,GE,buy
361.43872953327497,9.26382534122467,2023-07-03,84.32616898040772,321.7321318965633,4.286198862149796,AVGO,sell
120.38391070905814,19.892128632164,2023-07-03,112.61193521347046,99.11891572848099,1.0690155575504043,ORCL,sell
12.728547076386599,20.42159560317993,2023-07-03,112.61193521347046,10.4202904913518,0.11303017794923775,ORCL,sell
-612.0638224419962,,2023-07-03,211.06764216766356,,2.89984677971528,BA,buy
59.92369711025684,23.70525699920654,2023-07-03,189.50289043121336,52.427734187955814,0.3162152143109829,AAPL,sell
39.437135486165474,23.423151628303525,2023-07-03,329.3264389160156,36.63219213779989,0.11975089402470562,MSFT,sell
56.531159198459726,27.496065218162535,2023-07-03,329.3264389160156,51.81126957983249,0.17165691094991686,MSFT,sell
62.39293224789005,35.04867538871765,2023-07-03,329.3264389160156,55.752743758607465,0.18945618958883959,MSFT,sell
-92.38577673434105,,2023-07-03,136.40565886840818,,0.6772869798859773,JPM,buy
-195.14402474878074,,2023-07-03,236.1193305114746,,0.8264635696114571,CAT,buy
222.45031312869256,5.961308535337448,2023-10-02,44.61740850334167,192.72884353138855,4.985729126603843,NVDA,sell
109.34962063464776,49.50797423553466,2023-10-02,85.42090688781738,45.97311951466583,1.280127133024422,GE,sell
-0.4819573907564604,,2023-10-02,80.884918460083,,0.005958556921761726,AVGO,buy
-100.09312374651846,,2023-10-02,103.08053638229369,,0.9710186545334238,ORCL,buy
-219.6045064457419,,2023-10-02,38.05962404670715,,5.770012498710997,NFLX,buy
123.79064705255327,70.94002703018188,2023-10-02,260.32371874694826,90.0568332830587,0.4755258093592536,CAT,sell
207.99875196215658,75.42147147827149,2023-10-02,260.32371874694826,147.7369670808519,0.7990003867620876,CAT,sell
-133.66486885491543,,2023-10-02,50.285461302566524,,2.658121560238989,CSCO,buy
-96.55736404456323,,2023-10-02,389.1234837432861,,0.2481406753344766,MA,buy
66.59399983748996,28.172075203514098,2023-10-02,134.4935418685913,52.644696804355235,0.4951464502478231,JPM,sell
-8.98074679645752,,2023-10-02,314.6554685241699,,0.028541524603338253,MSFT,buy
-123.02458629058806,,2023-10-02,171.5513679229736,,0.7171297307627764,AAPL,buy
-49.27173682463306,,2024-01-02,48.062409672927856,,1.025161600509314,NVDA,buy
50.75511571580518,49.50797423553466,2024-01-02,98.95685050506592,25.362402140598725,0.5129014864231847,GE,sell
38.5254908515606,69.39129047470092,2024-01-02,98.95685050506592,11.510347253955718,0.38931605699787664,GE,sell
41.70540155645659,81.56668503570556,2024-01-02,98.95685050506592,7.329091723627265,0.42145037300193344,GE,sell
76.70605040475678,9.26382534122467,2024-01-02,105.48077634658813,69.96935886553274,0.7272040751076432,AVGO,sell
227.5734037493195,11.808982627677917,2024-01-02,105.48077634658813,202.09567724333544,2.157487000300037,AVGO,sell
147.75382153041178,18.814758713531493,2024-01-02,105.48077634658813,121.39875857597788,1.400765396766925,AVGO,sell
150.96923917635104,5.905845047807693,2024-01-02,46.81720347518921,131.9249377790356,3.224653075580587,NFLX,sell
139.7527902110899,9.673766716766357,2024-01-02,46.81720347518921,110.87588620643845,2.985073431076504,NFLX,sell
59.40273050501157,35.04867538871765,2024-01-02,362.8637373779297,53.66507528016557,0.16370533725485625,MSFT,sell
39.57016308565906,39.634910393524166,2024-01-02,362.8637373779297,35.24799003113927,0.10904964869621558,MSFT,sell
24.09547389573746,38.19163243408203,2024-01-02,362.8637373779297,21.559410388811248,0.0664036425073844,MSFT,sell
-426.63755352380014,,2024-01-02,136.963422076416,,3.1149744001414206,GOOGL,buy
-62.06127214608917,,2024-01-02,183.5323897628784,,0.33814888056692105,AAPL,buy
-260.70355707887546,,2024-01-02,100.8885199508667,,2.5840755440345404,ORCL,buy
24.999785298906044,42.0060033542633,2024-01-02,640.2379818786621,23.35954980078664,0.039047644792251646,COST,sell
-207.50113075359135,,2024-01-02,253.74927758789062,,0.8177407743819867,V,buy
20.96882084720735,43.80819784584045,2024-01-02,251.58376251068114,17.3175269675817,0.08334727423562205,BA,sell
160.6428945827891,49.164395886230466,2024-01-02,251.58376251068114,129.25012588118054,0.6385264811196585,BA,sell
63.11017986082354,53.09382989921569,2024-01-02,251.58376251068114,49.7915096851312,0.25085156224318794,BA,sell
76.60000888144862,53.07164717636108,2024-01-02,251.58376251068114,60.44122103086238,0.30447119526720856,BA,sell
99.77876434397511,28.172075203514098,2024-01-02,162.16467974395752,82.44468853134786,0.6152928276460461,JPM,sell
134.15480669551158,28.238499307632445,2024-01-02,162.16467974395752,110.79379847862873,0.8272751311033275,JPM,sell
-267.3218654614884,,2024-01-02,132.52919846496582,,2.017079017739288,QCOM,buy
-67.53785994487792,,2024-01-02,415.322199420166,,0.16261557903518753,MA,buy
-158.33595484763345,,2024-01-02,182.73967521667478,,0.8664563656463447,AXP,buy
-132.15043734248013,,2024-01-02,49.04988249435424,,2.6942049730229414,C,buy
5.20634641775844,114.18168554000853,2024-01-02,273.77017121887206,3.034928666736977,0.019017215771093277,AMGN,sell
1760.455944165471,5.961308535337448,2024-04-01,90.04300484619141,1643.9047355072776,19.551279382253245,NVDA,sell
-173.38449943768185,,2024-04-01,487.5460300628662,,0.35562693314377913,META,buy
261.6818448545041,18.814758713531493,2024-04-01,131.78152864379882,224.32091254996783,1.9857247639145363,AVGO,sell
409.6733901809025,9.673766716766357,2024-04-01,61.38799805603027,345.11541578565266,6.673509532058432,NFLX,sell
-802.8143901718779,,2024-04-01,181.0966802215576,,4.433070717749754,AMZN,buy
3.396890136611992,81.56668503570556,2024-04-01,137.77748112487794,1.3858716043251857,0.024654900850837436,GE,sell
55.23257503630454,129.79264982147217,2024-04-01,137.77748112487794,3.200978784899263,0.40088245615582974,GE,sell
15.999172574541998,135.171045854187,2024-04-01,137.77748112487794,0.30266780434431517,0.11612327677874124,GE,sell
76.27356371323843,128.2228261276245,2024-04-01,137.77748112487794,5.289453550326456,0.5535996382754744,GE,sell
452.64237992235854,65.64386472930907,2024-04-01,137.77748112487794,236.9816281377867,3.285314669906726,GE,sell
-71.3459590324426,,2024-04-01,711.7373696044922,,0.10024197418787928,COST,buy
45.41387907524652,75.42147147827149,2024-04-01,351.9077583709717,35.680698990649915,0.12905051961762215,CAT,sell
171.96555997592117,120.71883585891723,2024-04-01,351.9077583709717,112.97429958365689,0.48866657777587186,CAT,sell
-1406.3435660428943,,2024-04-01,176.74654558258055,,7.956837636670043,IBM,buy
16.7340612294582,38.19163243408203,2024-04-01,416.17267793884275,15.198397911120882,0.04020941814906287,MSFT,sell
55.7313581793763,28.238499307632445,2024-04-01,188.6330773635864,47.388336152924786,0.2954484916341329,JPM,sell
-779.0353845652646,,2024-04-01,345.3384916748047,,2.255860274327195,HD,buy
-34.87009987222735,,2024-04-01,154.1321700744629,,0.2262350543392806,GOOGL,buy
163.29906804215938,35.36854406814575,2024-04-01,221.28075546569823,137.19806223087204,0.7379722999340226,AXP,sell
10.528206940408714,47.65679910087585,2024-04-01,221.28075546569823,8.260767813153555,0.047578502334066464,AXP,sell
-10.014705509048065,,2024-04-01,471.694731954956,,0.021231327870764538,MA,buy
217.2931603835209,51.271185769653314,2024-04-01,162.88603723297118,148.8963954934518,1.3340195640755432,QCOM,sell
-330.536343591256,,2024-04-01,237.50161457214352,,1.391722511809924,LOW,buy
162.51907806047066,35.842279381561276,2024-04-01,59.163226683425904,64.06173340200232,2.7469610291894213,C,sell
-216.98652828452515,,2024-04-01,392.9855603057861,,0.5521488578758103,GS,buy
11.358191809476759,20.42159560317993,2024-04-01,121.95622733459473,9.45626023135317,0.09313334839650977,ORCL,sell
83.44344310666374,26.756982777404783,2024-04-01,121.95622733459473,65.13609776736575,0.6842081370533979,ORCL,sell
74.03176935002672,26.705742252731323,2024-04-01,121.95622733459473,57.820433578289204,0.6070355812738928,ORCL,sell
994.2278576824415,5.961308535337448,2024-07-01,123.86999448623656,946.3801199098274,8.026381706127484,NVDA,sell
346.08650520497025,65.64386472930907,2024-07-01,156.7782703765869,201.17831303175734,2.2074902623536943,GE,sell
340.1496885327852,51.271185769653314,2024-07-01,190.51725556182862,248.61006489699136,1.7854009471724535,QCOM,sell
40.772701118846264,50.35557107505798,2024-07-01,190.51725556182862,29.996078061488316,0.2140105419774656,QCOM,sell
51.64785019567586,59.74456598968506,2024-07-01,190.51725556182862,35.45153041801913,0.27109276817665773,QCOM,sell
46.88593949853351,235.46112472839354,2024-07-01,500.568850982666,24.83139889617708,0.09366531578321702,META,sell
112.85685220211934,18.814758713531493,2024-07-01,160.6459224517822,99.6391221100973,0.7025192453047993,AVGO,sell
78.53752732426719,21.029784327888486,2024-07-01,160.6459224517822,68.25636216260102,0.48888590588310876,AVGO,sell
375.82957266656837,23.29651427707672,2024-07-01,160.6459224517822,321.32760416498803,2.3394902710921492,AVGO,sell
318.55633812175336,42.0060033542633,2024-07-01,834.6980169433593,302.52505694456056,0.38164262003197,COST,sell
127.01398487685334,42.652818112564084,2024-07-01,834.6980169433593,120.52360837572886,0.15216758911441408,COST,sell
233.29143816007306,9.673766716766357,2024-07-01,67.31384736099243,199.76480080005695,3.465727295439997,NFLX,sell
268.84790329606875,14.68048189458847,2024-07-01,181.34614382629394,247.08390714230137,1.48251238004592,GOOGL,sell
187.099158226296,12.924927045440672,2024-07-01,181.34614382629394,173.76420155550736,1.0317239411802035,GOOGL,sell
-2759.6641362106707,,2024-07-01,57.6072218963623,,47.90482938363903,WFC,buy
319.2499598042474,128.84681302795408,2024-07-01,442.69282763671873,226.33149058107927,0.7211545791435983,GS,sell
75.77553461968223,28.238499307632445,2024-07-01,195.94210540924072,64.85502635309881,0.3867241012921596,JPM,sell
-281.0015796085922,,2024-07-01,319.9834447662353,,0.8781753687722142,CAT,buy
-217.76647510407332,,2024-07-01,291.00305916137694,,0.7483305355333396,AMGN,buy
5.401484560909974,13.089655998802185,2024-07-01,197.0619569503784,5.042696005882297,0.027410082821161197,AMZN,sell
209.223363688953,17.161504543113708,2024-07-01,197.0619569503784,191.00276057488955,1.0617136200552242,AMZN,sell
38.271476251787156,47.65679910087585,2024-07-01,228.0125968826294,30.272374097074973,0.167848078461593,AXP,sell
9.784311086783344,48.83899965858459,2024-07-01,228.0125968826294,7.688567376303717,0.0429112742916562,AXP,sell
5.025741652658663,63.50101980934143,2024-07-01,228.0125968826294,3.6260833679613977,0.022041508764735873,AXP,sell
-7.477344270221502,,2024-07-01,59.73254509925842,,0.1251804063897879,C,buy
-682.1437705594986,,2024-07-01,38.05292838401794,,17.926183332739143,BAC,buy
-216.7131996341618,,2024-07-01,164.6501628952026,,1.316203979537491,IBM,buy
181.92511399150166,38.19163243408203,2024-07-01,448.50415602722165,166.43358065625605,0.4056263727920948,MSFT,sell
-315.4630560111309,,2024-07-01,258.99244719238277,,1.2180395970265536,V,buy
301.4598493800944,65.64386472930907,2024-10-01,184.31505717315673,194.09483060447786,1.635568216745769,GE,sell
-116.54981892273477,,2024-10-01,164.73467941284179,,0.7075002017677718,AVGO,buy
-49.600852002685855,,2024-10-01,70.66242806167602,,0.7019409516949082,NFLX,buy
50.980351729687044,63.50101980934143,2024-10-01,262.72020287475584,38.65810056799263,0.19404808298656206,AXP,sell
0.37922113719544814,76.67538510284423,2024-10-01,262.72020287475584,0.2685447353982819,0.0014434410945405318,AXP,sell
155.3814483483245,72.76562961959839,2024-10-01,262.72020287475584,112.34543971041649,0.5914331926060443,AXP,sell
30.167797146121078,88.8096666152954,2024-10-01,262.72020287475584,19.96990609035747,0.11482861544722045,AXP,sell
212.4377128408701,235.46112472839354,2024-10-01,572.3194326782226,125.03753045293051,0.3711873137816548,META,sell
-75.27445288274116,,2024-10-01,868.4445220581053,,0.08667733052694038,COST,buy
-7.7851332289874335,,2024-10-01,471.4322192230224,,0.01651379119106089,GS,buy
-643.531658804359,,2024-10-01,158.93440318756103,,4.04903938919327,QCOM,buy
544.0469093485677,71.47644351882934,2024-10-01,207.77227369079588,356.88748958153457,2.618476949230539,IBM,sell
-400.39908510350864,,2024-10-01,53.065520301437374,,7.54537188798021,WFC,buy
232.69668614389602,26.705742252731323,2024-10-01,163.45024772186278,194.67693511972925,1.4236545333346164,ORCL,sell
148.01903004855532,34.053842682647705,2024-10-01,163.45024772186278,117.18018560771338,0.9055907354783201,ORCL,sell
123.80225300544018,31.9079343252182,2024-10-01,163.45024772186278,99.63420056581545,0.7574308068110724,ORCL,sell
210.5310713753005,33.486135232162475,2024-10-01,163.45024772186278,167.39946389898842,1.2880437583279374,ORCL,sell
-13.355976475585488,,2024-10-01,224.49045319366454,,0.05949463010822775,AAPL,buy
-396.0098711468185,,2024-10-01,414.4376390106201,,0.9555354868158359,MSFT,buy
41.37348320388755,120.71883585891723,2024-10-01,382.5613651611328,28.31790785665381,0.10814861868359671,CAT,sell
319.6102858734508,114.91834586105345,2024-10-01,382.5613651611328,223.60193605672194,0.8354484142402425,CAT,sell
-628.2395612514559,,2024-10-01,67.8609001876831,,9.257754605581887,KO,buy
-80.42926710669558,,2024-10-01,301.80104825744627,,0.2664976399886019,AMGN,buy
131.00103368100284,18.938727724838255,2024-10-01,388.30111893310544,124.61168070830566,0.3373697043184958,HD,sell
