cash_change,cost_basis,date,price,realized_pnl,shares,ticker,type
-333.5666666666666,,2010-01-05,6.4165153009891505,,51.98564189744003,AAPL,buy
-333.5666666666666,,2010-01-05,23.007766686630248,,14.498002835733784,MSFT,buy
-333.5666666666666,,2010-01-05,15.479001702499389,,21.549624005326244,GOOGL,buy
-333.56666666666666,,2010-01-05,6.7392140812873835,,49.496374895237906,AMZN,buy
-333.5666666666666,,2010-01-05,39.34489734573364,,8.478015935218519,JNJ,buy
-333.56666666666666,,2010-01-05,28.71777743873596,,11.61533713318411,JPM,buy
-333.5666666666666,,2010-01-05,19.318124433898923,,17.267031683538224,V,buy
-333.56666666666666,,2010-01-05,23.449552542304993,,14.224862758676693,MA,buy
-333.56666666666666,,2010-01-05,12.75904620141983,,26.143542503165108,WMT,buy
-333.5666666666666,,2010-01-05,37.619164726257324,,8.86693442275832,PG,buy
-333.5666666666666,,2010-01-05,0.42929170114099974,,777.0163405910041,NVDA,buy
-333.56666666666666,,2010-01-05,19.309733860015868,,17.274534651012146,HD,buy
-333.5666666666666,,2010-01-05,24.099161613655088,,13.841422038418996,UNH,buy
-333.56666666666666,,2010-01-05,40.852856781005855,,8.165075663001254,CVX,buy
-333.5666666666666,,2010-01-05,41.8787552242279,,7.96505686190238,COST,buy
-333.5666666666666,,2010-01-05,17.945292175292966,,18.58797635660234,ABT,buy
-333.5666666666666,,2010-01-05,45.04221153335571,,7.405645844446293,TMO,buy
-333.56666666666666,,2010-01-05,22.980060232925414,,14.515482696113144,LLY,buy
-333.5666666666666,,2010-01-05,19.868105938148496,,16.789052147451535,ORCL,buy
-333.5666666666666,,2010-01-05,15.770885260391234,,21.150789011471872,CSCO,buy
-333.5666666666666,,2010-01-05,1.332020304918289,,250.42160801529883,AVGO,buy
-333.5666666666666,,2010-01-05,16.766983423805236,,19.894256362959073,TXN,buy
-333.5666666666666,,2010-01-05,156.5576185317993,,2.130631966651396,BLK,buy
-333.5666666666666,,2010-01-05,38.21645295791625,,8.728352341699225,AMGN,buy
-333.5666666666666,,2010-01-05,26.538337324714657,,12.569237574504044,HON,buy
-333.5666666666666,,2010-01-05,16.86139074077606,,19.782867961181825,LOW,buy
-333.5666666666666,,2010-01-05,39.50146285858154,,8.444413004674345,MCD,buy
-333.5666666666666,,2010-01-05,12.98540846261978,,25.68780702023217,NKE,buy
-333.5666666666666,,2010-01-05,31.648973653793334,,10.539572951576156,QCOM,buy
25.767978825123457,6.4165153009891505,2010-04-01,7.05283553109169,2.3248360383560396,3.6535629835018852,AAPL,sell
-25.71340077020573,,2010-04-01,21.771437765693662,,1.1810612163944274,MSFT,buy
-37.29204953955035,,2010-04-01,14.109931459617613,,2.6429646129947244,GOOGL,buy
-14.92157043331311,,2010-04-01,6.595113227844238,,2.2625192195813995,AMZN,buy
4.430986678077526,39.34489734573364,2010-04-01,40.729952947998044,0.1506793521187184,0.10878938857932852,JNJ,sell
4.045987175103787,28.71777743873596,2010-04-01,29.695581512260436,0.1332246260141723,0.1362487942333548,JPM,sell
13.474562932266176,19.318124433898923,2010-04-01,20.52192715473175,0.7904089804818906,0.6565934490786525,V,sell
-10.382813127569221,,2010-04-01,23.267215981101987,,0.4462421776632972,MA,buy
5.329812635536969,12.75904620141983,2010-04-01,13.242582410144806,0.1946113918859007,0.40247532320085355,WMT,sell
6.79522997831274,37.619164726257324,2010-04-01,39.210105416107176,0.27571483816884257,0.17330302752823812,PG,sell
-35.17145668918514,,2010-04-01,0.3940513146907091,,89.25603183633893,NVDA,buy
35.36871652274075,19.309733860015868,2010-04-01,21.78043736515045,4.012114652236846,1.6238754038673289,HD,sell
8.520398998553807,24.099161613655088,2010-04-01,25.242970085334775,0.3860759856582341,0.33753551859192044,UNH,sell
-16.989188805730354,,2010-04-01,39.72609585227966,,0.4276581536958517,CVX,buy
-1.6235848371821278,,2010-04-01,42.65282574729919,,0.03806511781426192,COST,buy
-11.94623092421111,,2010-04-01,17.72164597110748,,0.6741039147090326,ABT,buy
20.946917030353525,45.04221153335571,2010-04-01,48.85801023788452,1.6359491203004062,0.42873045644644936,TMO,sell
6.139643571204136,22.980060232925414,2010-04-01,23.90673836288452,0.23798618351100043,0.25681644555645455,LLY,sell
1.5013309001342297,19.868105938148496,2010-04-01,20.393023462486266,0.03864433838169945,0.07361982900161834,ORCL,sell
9.1612862172403,15.770885260391234,2010-04-01,16.54971308555603,0.43112920347318173,0.5535616339618556,CSCO,sell
18.519262310801174,1.332020304918289,2010-04-01,1.4351695471286774,1.3310259247601444,12.903884664952926,AVGO,sell
-22.02622592577963,,2010-04-01,16.051343437194824,,1.372235664383055,TXN,buy
-46.18212472878827,,2010-04-01,138.53807092285155,,0.33335331162872883,BLK,buy
13.062360967756554,38.21645295791625,2010-04-01,40.55067331924438,0.7519093135128081,0.32212439149703265,AMGN,sell
33.03174817758899,26.538337324714657,2010-04-01,29.748021661376953,3.563984386761174,1.1103847023372122,HON,sell
17.155124553481134,16.86139074077606,2010-04-01,18.098150819778443,1.1723171836358262,0.9478937778954339,LOW,sell
23.523480472509664,39.50146285858154,2010-04-01,43.1529916557312,1.9905147490081063,0.5451181846249931,MCD,sell
36.37431952508627,12.98540846261978,2010-04-01,14.68605407552719,4.212147565622367,2.4767932446674266,NKE,sell
-46.73668427545811,,2010-04-01,27.95360725841522,,1.6719375014252726,QCOM,buy
63.429306629972544,6.4165153009891505,2010-07-01,7.426744868230819,8.628027773155587,8.540660512158205,AAPL,sell
-23.593494582464412,,2010-07-01,17.369738125801085,,1.3583103217554289,MSFT,buy
-32.18216726596108,,2010-07-01,10.902205138969421,,2.9518952226396316,GOOGL,buy
-8.575383145951989,,2010-07-01,5.5518834587574,,1.544589905327605,AMZN,buy
13.42853782333595,39.34489734573364,2010-07-01,36.91491065711975,-0.8839563086403128,0.3637700209561796,JNJ,sell
-22.960749537348505,,2010-07-01,23.78010985088348,,0.9655443007339795,JPM,buy
-26.80252484313696,,2010-07-01,16.202595174407957,,1.654211844129243,V,buy
-23.094500855235914,,2010-07-01,18.597115319824216,,1.241832427130113,MA,buy
3.159735982402308,12.75904620141983,2010-07-01,11.603265952777862,-0.3147355627498669,0.2723143634957239,WMT,sell
27.271273544865196,37.619164726257324,2010-07-01,37.12970694122314,-0.35950020196661825,0.7344866359445286,PG,sell
-90.16967481487583,,2010-07-01,0.23752928404510018,,379.6149816952891,NVDA,buy
0.4681870492910237,19.309733860015868,2010-07-01,18.912232052993772,-0.009840467142960274,0.024755779644577203,HD,sell
-6.554342964824915,,2010-07-01,21.4294149936676,,0.3058572978665879,UNH,buy
7.220646083680498,40.852856781005855,2010-07-01,35.232251453018186,-1.1519105414982276,0.20494421406219665,CVX,sell
16.725684354533673,41.8787552242279,2010-07-01,39.01557386741638,-1.227424407149602,0.4286925116460232,COST,sell
6.039432252589983,17.945292175292966,2010-07-01,15.655637419223785,-0.8832738272362128,0.3857672537289396,ABT,sell
21.58746566931955,45.04221153335571,2010-07-01,45.45105687103271,0.1941854667143872,0.47496069740630986,TMO,sell
21.18458553744047,22.980060232925414,2010-07-01,22.211425135231018,-0.7331009097816974,0.9537697562610781,LLY,sell
-6.4484929077579975,,2010-07-01,17.318501418495178,,0.3723470496628174,ORCL,buy
-14.973686107176658,,2010-07-01,13.64072163543701,,1.097719498085553,CSCO,buy
60.489049589552046,1.332020304918289,2010-07-01,1.4988766184806823,6.733696223533109,40.35625670835137,AVGO,sell
26.607596855767483,16.766983423805236,2010-07-01,15.147223569202422,-2.8452684425979946,1.7565989393506065,TXN,sell
-67.59305200607291,,2010-07-01,92.67168973464965,,0.7293818878194047,BLK,buy
-3.8735300943376463,,2010-07-01,34.74343104438781,,0.11148956731961412,AMGN,buy
-1.7397336789803417,,2010-07-01,25.674035684776303,,0.06776237675839702,HON,buy
-11.05278024201408,,2010-07-01,15.125157497501371,,0.7307547206592702,LOW,buy
43.79643800258078,39.50146285858154,2010-07-01,42.955372365188595,3.521537010239726,1.0195799871141098,MCD,sell
19.1626878263802,12.98540846261978,2010-07-01,13.557503488826752,0.8086207319263394,1.4134377942202185,NKE,sell
-36.4539014146314,,2010-07-01,21.24887259521484,,1.7155687320013708,QCOM,buy
-0.22800718873211456,,2010-10-01,8.455984476089476,,0.026964002757672745,AAPL,buy
-23.518169275567033,,2010-10-01,18.38226051311493,,1.2793948414988385,MSFT,buy
17.203487725653467,15.479001702499389,2010-10-01,13.02054803981781,-3.24824863597847,1.3212568067829338,GOOGL,sell
73.14460126808514,6.7392140812873835,2010-10-01,7.680120294857025,8.961084876274896,9.523887447058122,AMZN,sell
-24.42485494255484,,2010-10-01,39.00823988380432,,0.6261460403061072,JNJ,buy
-18.377015677083385,,2010-10-01,25.579429864692685,,0.7184294479701911,JPM,buy
-38.40532139181545,,2010-10-01,16.33200202579498,,2.351537878280787,V,buy
-8.532818451389652,,2010-10-01,20.622893029022215,,0.41375467735693405,MA,buy
-8.13032522653661,,2010-10-01,12.901036050605773,,0.63020715504123,WMT,buy
-35.347261978835874,,2010-10-01,37.86290746192932,,0.933559104365588,PG,buy
-13.114180578868478,,2010-10-01,0.25972608344256876,,50.49235103785145,NVDA,buy
3.4317056001890704,19.309733860015868,2010-10-01,21.737256629562378,0.3832380334282761,0.1578720653977097,HD,sell
41.10702271486596,24.099161613655088,2010-10-01,27.32415574378967,4.851747596735272,1.5044205976687461,UNH,sell
26.014088377210538,40.852856781005855,2010-10-01,43.18737995109558,1.4062092244106879,0.6023539378093394,CVX,sell
15.198552967122557,41.8787552242279,2010-10-01,46.39704186172485,1.480081833348299,0.3275759047832869,COST,sell
1.3218162806733096,17.945292175292966,2010-10-01,17.882432025146485,-0.004646435661119552,0.07391703090578261,ABT,sell
-42.858120464434926,,2010-10-01,45.19340982742309,,0.948326772157583,TMO,buy
-5.919096085617101,,2010-10-01,24.861864016151426,,0.23807933635916356,LLY,buy
38.11759750928777,19.868105938148496,2010-10-01,21.907478882217408,3.5483771305355205,1.7399353761435474,ORCL,sell
-31.72100883563152,,2010-10-01,14.057771903705596,,2.2564748562515753,CSCO,buy
-23.90566634488343,,2010-10-01,1.5865065443992614,,15.068117070979639,AVGO,buy
12.96454127244199,16.766983423805236,2010-10-01,17.898463504600524,0.8195742725427824,0.7243382242900154,TXN,sell
27.17412217215339,156.5576185317993,2010-10-01,113.80047185668946,-10.209869155422297,0.2387874296898711,BLK,sell
-20.91481529834524,,2010-10-01,37.074346211624146,,0.5641317362405083,AMGN,buy
4.653758042994041,26.538337324714657,2010-10-01,29.573844430732727,0.4776692337813575,0.15736060470237412,HON,sell
-10.851290630242563,,2010-10-01,16.65423938179016,,0.6515632675550123,LOW,buy
-1.8592029628792228,,2010-10-01,48.671264528274534,,0.03819919167703478,MCD,buy
13.475610567491806,12.98540846261978,2010-10-01,16.043443500709532,2.568581319416868,0.8399450259475678,NKE,sell
75.07533703848235,31.648973653793334,2010-10-01,29.53296234741211,-5.379083213361767,2.5420862341992922,QCOM,sell
22.076615266289565,6.4165153009891505,2011-01-03,9.850416848945617,7.6960117017449505,2.2411858914024165,AAPL,sell
18.101389709606583,23.007766686630248,2011-01-03,21.19655681705475,-1.5467330839645008,0.8539778354493031,MSFT,sell
16.444083140367493,15.479001702499389,2011-01-03,14.970829644870758,-0.5581803923685627,1.0984082733184728,GOOGL,sell
32.820556019893395,6.7392140812873835,2011-01-03,9.20455274219513,8.79062654043037,3.5656872136153623,AMZN,sell
-25.18387022912176,,2011-01-03,40.02567904052734,,0.6291928290241433,JNJ,buy
7.893648269081427,28.71777743873596,2011-01-03,28.72011811695099,0.0006433291975085353,0.27484734696903956,JPM,sell
-46.17527441348537,,2011-01-03,15.739784212589262,,2.933666293630168,V,buy
-39.630562689782316,,2011-01-03,20.275942035484313,,1.9545608593882378,MA,buy
-24.489931961022396,,2011-01-03,13.26411828508377,,1.8463294306235696,WMT,buy
-5.377906882796068,,2011-01-03,41.07768827781677,,0.13092038788609983,PG,buy
98.50090568135732,0.42929170114099974,2011-01-03,0.3615082475334406,-18.46909888255655,272.4720842565167,NVDA,sell
5.850898296379837,19.309733860015868,2011-01-03,24.308325874900817,1.2031372976773351,0.24069523859810893,HD,sell
-16.64720162421613,,2011-01-03,28.769859692955016,,0.5786333962654879,UNH,buy
10.297274825977722,40.852856781005855,2011-01-03,48.866671163177486,1.688685706092782,0.21072183925916832,CVX,sell
5.643983611526396,41.8787552242279,2011-01-03,51.85630287666321,1.085945435938724,0.10883891250308064,COST,sell
-61.908586680933574,,2011-01-03,16.421366600227355,,3.770002106893859,ABT,buy
26.83115641494114,45.04221153335571,2011-01-03,53.284189069747924,4.150232785900158,0.503548179739016,TMO,sell
-43.67717925380562,,2011-01-03,24.14480015144348,,1.8089683484580181,LLY,buy
20.863016397754897,19.868105938148496,2011-01-03,25.476807444190978,4.592978604050234,0.8189023072634605,ORCL,sell
-55.78792817364081,,2011-01-03,13.146680789661406,,4.24349910568397,CSCO,buy
43.99450963478401,1.332020304918289,2011-01-03,1.951403532242775,13.964031996412618,22.54505995703539,AVGO,sell
35.48941089052478,16.766983423805236,2011-01-03,21.593211566162108,7.932122235301183,1.6435448141553373,TXN,sell
5.376060855134354,156.5576185317993,2011-01-03,127.10000880889892,-1.2459944259738078,0.04229787948494579,BLK,sell
-33.72345804337364,,2011-01-03,37.101052515029906,,0.9089623004552774,AMGN,buy
45.29397195527471,26.538337324714657,2011-01-03,36.541095667648314,12.398770414028618,1.2395351351047683,HON,sell
10.296117945607135,16.86139074077606,2011-01-03,18.817909163475036,1.0704985483701783,0.5471446299460077,LOW,sell
-23.721142773497395,,2011-01-03,50.15218173179626,,0.4729832672156373,MCD,buy
-8.181080079803383,,2011-01-03,17.296255709075925,,0.4729971744989001,NKE,buy
12.570667041004654,31.648973653793334,2011-01-03,33.61633321723938,0.7356847001187443,0.3739452176348035,QCOM,sell
3.783962048062251,6.4165153009891505,2011-04-01,10.298447238636017,1.4263396009942566,0.3674303475446479,AAPL,sell
-44.19405385630843,,2011-04-01,19.44394868583679,,2.2728950055551174,MSFT,buy
-20.767419193427433,,2011-04-01,14.68048189458847,,1.4146278945436208,GOOGL,buy
-21.29955828613098,,2011-04-01,9.012804794311522,,2.3632552542993395,AMZN,buy
-29.54426337734209,,2011-04-01,38.24675903892517,,0.7724644942405128,JNJ,buy
10.92771494309219,28.71777743873596,2011-04-01,30.580692244148253,0.6656946086858788,0.35734033931763776,JPM,sell
7.154383018040956,19.318124433898923,2011-04-01,16.575779726028443,-1.183641718934929,0.4316166802582835,V,sell
42.03152237376944,23.449552542304993,2011-04-01,23.26067793674469,-0.3412921683122576,1.8069775304086306,MA,sell
-27.096559223276085,,2011-04-01,12.762190757942198,,2.123190268599714,WMT,buy
-25.83078604643175,,2011-04-01,39.663540650177,,0.6512476098453526,PG,buy
42.634760806112325,0.42929170114099974,2011-04-01,0.41589452576637265,-1.3733899635303786,102.5133974234185,NVDA,sell
13.222666510322007,19.309733860015868,2011-04-01,26.033803672027588,3.4151802724042746,0.5079037499437433,HD,sell
72.7943585062347,24.099161613655088,2011-04-01,35.39263486404419,23.228028761559614,2.0567657306630025,UNH,sell
56.174261671810115,40.852856781005855,2011-04-01,58.00576568412781,16.61131409597705,0.9684254833857171,CVX,sell
-2.921999845104201,,2011-04-01,53.3506433013916,,0.05476972093095611,COST,buy
2.493327040415728,17.945292175292966,2011-04-01,17.087069750404357,-0.12523090324572994,0.14591893618019114,ABT,sell
-16.221210993010764,,2011-04-01,52.90522140312194,,0.3066088859057974,TMO,buy
-8.007336389893275,,2011-04-01,24.474576808357238,,0.3271695544561588,LLY,buy
15.682907573354083,19.868105938148496,2011-04-01,27.454561374664305,4.333621571898153,0.5712314015632618,ORCL,sell
-74.40171214799088,,2011-04-01,10.971407332324981,,6.781419183005049,CSCO,buy
37.56243083234335,1.332020304918289,2011-04-01,2.218237081861496,15.00671711720576,16.933460872821485,AVGO,sell
5.383921218192961,16.766983423805236,2011-04-01,22.668679677200316,1.4016814448148724,0.23750484346064482,TXN,sell
13.513042745702329,156.5576185317993,2011-04-01,136.22165568237304,-2.0173057938751118,0.09919893190265272,BLK,sell
-29.55145445590589,,2011-04-01,35.45139621353149,,0.8335766038073942,AMGN,buy
23.7925131630696,26.538337324714657,2011-04-01,40.17834120826721,8.077236694803329,0.5921726096092286,HON,sell
11.963771485053892,16.86139074077606,2011-04-01,20.08966044960022,1.9224954640416687,0.5955188498614952,LOW,sell
-13.01497593641118,,2011-04-01,50.159633233261104,,0.2594711144694113,MCD,buy
-53.0710724243869,,2011-04-01,15.42972044172287,,3.4395355784204362,NKE,buy
19.908306500974362,31.648973653793334,2011-04-01,36.609696905136104,2.697634979337579,0.54379872503619,QCOM,sell
-21.695321086044487,,2011-07-01,10.273965691184996,,2.11167933962043,AAPL,buy
-9.546371438151523,,2011-07-01,19.986171390533446,,0.4776488328661692,MSFT,buy
-66.13679091100627,,2011-07-01,12.924925136756896,,5.116996053069691,GOOGL,buy
42.24032030565906,6.7392140812873835,2011-07-01,10.467167552661895,15.044179614322399,4.035506271695915,AMZN,sell
33.848579410865156,39.34489734573364,2011-07-01,43.58210390853882,3.290878823159563,0.7766623539308615,JNJ,sell
-55.74563623734081,,2011-07-01,27.790682011222838,,2.0059110537419986,JPM,buy
51.619938564528844,19.318124433898923,2011-07-01,19.683245005416868,0.9575403580667228,2.6225319326321923,V,sell
72.12353610682584,23.449552542304993,2011-07-01,28.865945302963254,13.533227294031626,2.4985683077360346,MA,sell
-7.482783247913049,,2011-07-01,13.186712568855285,,0.5674487260445851,WMT,buy
-3.4156135021857836,,2011-07-01,41.4032944606781,,0.08249617685446964,PG,buy
-63.470981448239606,,2011-07-01,0.3695662420302629,,171.74453245391965,NVDA,buy
-25.906688729925218,,2011-07-01,25.68580653762817,,1.008599387057341,HD,buy
44.43986908127657,24.099161613655088,2011-07-01,41.36454870300293,18.549012764461263,1.0743467649158802,UNH,sell
-32.381377227218415,,2011-07-01,56.25031569519042,,0.5756656976413579,CVX,buy
18.63613350548234,41.8787552242279,2011-07-01,58.677989957427975,5.3354380663855885,0.3176000663792884,COST,sell
12.646255475355575,17.945292175292966,2011-07-01,18.552544435501098,0.41393067389097027,0.6816453408491192,ABT,sell
41.59432372396896,45.04221153335571,2011-07-01,61.35327811431885,11.058052715417233,0.6779478619947046,TMO,sell
14.419373137492343,22.980060232925414,2011-07-01,26.649552765655518,1.9854660421493833,0.5410737382458155,LLY,sell
-30.52099503114473,,2011-07-01,26.756980868721005,,1.1406740985050323,ORCL,buy
-46.821238743260395,,2011-07-01,10.211644302845,,4.585083200578758,CSCO,buy
67.82486157404209,1.332020304918289,2011-07-01,2.7278955586910247,34.70625756185339,24.86343780939609,AVGO,sell
-26.841385666194007,,2011-07-01,22.310371808242795,,1.203090020054134,TXN,buy
-29.057346825937188,,2011-07-01,133.28076178894042,,0.21801606200264345,BLK,buy
17.32131383406768,38.21645295791625,2011-07-01,38.86993918876648,0.2912080730517346,0.445622354847254,AMGN,sell
-12.012201093758206,,2011-07-01,41.09809210739135,,0.29228123442737264,HON,buy
-60.75602205556144,,2011-07-01,17.994120123672484,,3.376437505028811,LOW,buy
31.714349104699323,39.50146285858154,2011-07-01,56.87782883377075,9.688839184047236,0.5575871961882832,MCD,sell
58.08293654890879,12.98540846261978,2011-07-01,18.55656993598938,17.437997403489362,3.130047026431342,NKE,sell
5.331223463339959,31.648973653793334,2011-07-01,39.05068263587952,1.0104859103757704,0.13652062149719413,QCOM,sell
79.26340631669532,6.4165153009891505,2011-10-03,11.196303482723236,33.838158579851026,7.079426387379094,AAPL,sell
21.729720172044722,23.007766686630248,2011-10-03,18.934092121696473,-4.675154625795479,1.1476504937432281,MSFT,sell
22.678704532384405,15.479001702499389,2011-10-03,12.274913656997681,-5.919761890810015,1.8475652999364058,GOOGL,sell
47.22565282139377,6.7392140812873835,2011-10-03,10.591580677127837,17.176900496898323,4.458791776318712,AMZN,sell
14.455260136841515,39.34489734573364,2011-10-03,40.55990223655701,0.4330190852520506,0.3563928742365867,JNJ,sell
-83.13673858014837,,2011-10-03,19.14869248371124,,4.341640488031667,JPM,buy
26.093230937762918,19.318124433898923,2011-10-03,18.88613491630554,-0.5968400784601613,1.3816077801729065,V,sell
38.01445600114116,23.449552542304993,2011-10-03,28.549960668754576,6.791226179270197,1.3315064228002473,MA,sell
33.57864233295042,12.75904620141983,2011-10-03,12.879324829387665,0.3135873256037769,2.6071741164825397,WMT,sell
36.68589162927508,37.619164726257324,2011-10-03,40.756618076705934,2.8240879405116317,0.9001210934683161,PG,sell
-66.0736214266525,,2011-10-03,0.27025256394147873,,244.48841655008414,NVDA,buy
-11.469541032977004,,2011-10-03,22.25501807003021,,0.5153687584923823,HD,buy
-34.01289504134923,,2011-10-03,33.57833611068725,,1.0129416457453253,UNH,buy
-9.866162389786403,,2011-10-03,48.96035377311706,,0.20151329860699807,CVX,buy
44.1581954166599,41.8787552242279,2011-10-03,58.92927496376037,12.776674803430275,0.7493422487179044,COST,sell
23.48139502337263,17.945292175292966,2011-10-03,17.68111125640869,-0.3508453978937993,1.3280497296153584,ABT,sell
-56.37844813562945,,2011-10-03,46.40310688362121,,1.2149714086392178,TMO,buy
33.687406312820855,22.980060232925414,2011-10-03,26.071990652275083,3.9950580573913257,1.2920918376396102,LLY,sell
-19.367253804665197,,2011-10-03,22.660035041427612,,0.8546877252951077,ORCL,buy
26.855366231824558,15.770885260391234,2011-10-03,9.803661385059357,-16.346136026642736,2.739320053704809,CSCO,sell
-27.249239355088232,,2011-10-03,2.2601480917692185,,12.056395531921908,AVGO,buy
-41.22790253702653,,2011-10-03,17.687012903976438,,2.3309703430904136,TXN,buy
-67.49074050518257,,2011-10-03,96.99664501724243,,0.69580489606816,BLK,buy
14.147351329317301,38.21645295791625,2011-10-03,36.14483546333313,-0.8108461455180418,0.3914072687830874,AMGN,sell
-75.38096534236031,,2011-10-03,29.10693897399902,,2.5897936368265135,HON,buy
-37.6129509000319,,2011-10-03,14.426228991699217,,2.607261462553673,LOW,buy
46.91393076292035,39.50146285858154,2011-10-03,57.50993152313232,14.690472231481124,0.8157535493508643,MCD,sell
5.208659043787998,12.98540846261978,2011-10-03,16.844439951324464,1.1932946017788995,0.3092212658206215,NKE,sell
-27.41812586570821,,2011-10-03,32.33838259925842,,0.847850871377128,QCOM,buy
-18.519705270583277,,2012-01-03,12.308346792507171,,1.5046460408360716,AAPL,buy
-17.88707667409498,,2012-01-03,20.847852407646176,,0.8579817395260676,MSFT,buy
69.97359753311423,15.479001702499389,2012-01-03,16.483395252227783,4.263747179395693,4.245096138409778,GOOGL,sell
-110.05931493578522,,2012-01-03,8.957765988922118,,12.286469089714252,AMZN,buy
-28.18063821510031,,2012-01-03,43.50293441467285,,0.6477870652696804,JNJ,buy
29.845221139631537,28.71777743873596,2012-01-03,23.552269410324097,-6.545684694780025,1.2671908859257925,JPM,sell
27.468467628978566,19.318124433898923,2012-01-03,23.13753040523529,4.534331341682076,1.1871823460797408,V,sell
13.17255908549506,23.449552542304993,2012-01-03,33.84611839141846,4.0462358593064,0.38918965339419564,MA,sell
6.976444219051205,12.75904620141983,2012-01-03,15.04743995103836,1.0609679385587079,0.46362997571356246,WMT,sell
-27.780986500416674,,2012-01-03,43.75904542121887,,0.6348627177078594,PG,buy
14.370181993059271,0.42929170114099974,2012-01-03,0.32083284755051134,-4.857898674506851,44.79024545888137,NVDA,sell
70.53883985062916,19.309733860015868,2012-01-03,29.87818904056549,24.950861862383896,2.3608806997927108,HD,sell
19.755879932017578,24.099161613655088,2012-01-03,40.36309490776062,7.960447882278572,0.48945404154870964,UNH,sell
32.006651350274154,40.852856781005855,2012-01-03,60.5123830833435,10.398460149946853,0.5289272991643958,CVX,sell
-39.64452698969482,,2012-01-03,61.33379336280822,,0.6463733093302295,COST,buy
-2.751787158549921,,2012-01-03,20.209542744255064,,0.13616276198689192,ABT,buy
-70.06575125277234,,2012-01-03,44.323966193389886,,1.5807644773274232,TMO,buy
6.006629394129571,22.980060232925414,2012-01-03,30.390925729179383,1.46472413912025,0.1976454895667228,LLY,sell
-80.11121346989155,,2012-01-03,21.01503974571228,,3.8120895529705923,ORCL,buy
31.194654915419562,15.770885260391234,2012-01-03,12.111725547122955,-9.424439489790466,2.5755747844558456,CSCO,sell
-85.8180980618985,,2012-01-03,2.0603931210041044,,41.65132235545235,AVGO,buy
-6.5419590260106,,2012-01-03,20.00256316680908,,0.327056036341677,TXN,buy
50.504926870200904,156.5576185317993,2012-01-03,124.84611736221314,-12.828489033964857,0.4045374252502554,BLK,sell
16.69489803984685,38.21645295791625,2012-01-03,43.20255944252014,1.9267964780427675,0.3864330783933987,AMGN,sell
62.56543592332991,26.538337324714657,2012-01-03,38.435147015762325,19.36584460343139,1.6278183064493472,HON,sell
73.8633181764095,16.86139074077606,2012-01-03,19.500418285560606,9.99605897485116,3.7877812206265737,LOW,sell
3.1272774845082525,39.50146285858154,2012-01-03,66.57798129730224,1.2718286860360977,0.04697164773656137,MCD,sell
7.597884381394129,12.98540846261978,2012-01-03,19.709042897987366,2.591977567205956,0.38550245289536633,NKE,sell
5.558541342028017,31.648973653793334,2012-01-03,37.60255076751709,0.8800787139199304,0.1478235180478702,QCOM,sell
154.21178388368654,6.4165153009891505,2012-04-02,18.490044347190857,100.69637568333579,8.34026035784579,AAPL,sell
33.84166293794892,23.007766686630248,2012-04-02,25.276834226989745,3.0379207378072017,1.3388410365809946,MSFT,sell
-66.5999474770055,,2012-04-02,16.047816189575194,,4.150094111887288,GOOGL,buy
-10.929909883570698,,2012-04-02,9.9094319026947,,1.1029804726342078,AMZN,buy
-49.290062951066695,,2012-04-02,44.10703664741516,,1.117510191062797,JNJ,buy
81.17039187170066,28.71777743873596,2012-04-02,31.283208789825437,6.65651242770231,2.594695205886314,JPM,sell
10.334233783658535,19.318124433898923,2012-04-02,26.78094761753082,2.879754688563538,0.38588006411295694,V,sell
16.927596968699433,23.449552542304993,2012-04-02,39.7138076007843,6.932469366665099,0.42623958747196866,MA,sell
-45.139035117903646,,2012-04-02,15.42835955018997,,2.925718380561584,WMT,buy
-47.16737552651037,,2012-04-02,44.59033064918518,,1.0577938050650513,PG,buy
-16.894133474925017,,2012-04-02,0.3508018227040767,,48.15862513113643,NVDA,buy
25.316580554625393,19.309733860015868,2012-04-02,35.66226715621948,11.608634545079195,0.7098982362429584,HD,sell
7.880062449659747,24.099161613655088,2012-04-02,46.48016692199707,3.794386535054282,0.16953601872566537,UNH,sell
-59.72418362683918,,2012-04-02,59.91642005958557,,0.9967915901424815,CVX,buy
-18.22800167287404,,2012-04-02,66.77219459609985,,0.2729879073637447,COST,buy
-18.088113124337113,,2012-04-02,22.008307331085202,,0.8218766146903498,ABT,buy
30.03320656768972,45.04221153335571,2012-04-02,53.333882653427125,4.669179499993707,0.5631168231806924,TMO,sell
-63.097303065605644,,2012-04-02,29.844471563529964,,2.1142040639349347,LLY,buy
4.94200823943456,19.868105938148496,2012-04-02,24.01738816394806,0.8537892133675706,0.20576792970573266,ORCL,sell
2.0157760442584447,15.770885260391234,2012-04-02,13.776033653354645,-0.29189636019331333,0.14632484900815967,CSCO,sell
86.5185223019018,1.332020304918289,2012-04-02,2.759409347462654,44.75435687873645,31.35400058764668,AVGO,sell
-3.756259077474673,,2012-04-02,22.473077556800842,,0.1671448455593456,TXN,buy
5.868845429033479,156.5576185317993,2012-04-02,143.1613288101196,-0.5491759147008599,0.04099462807318277,BLK,sell
-26.771134481788003,,2012-04-02,46.20935257606506,,0.579344504723803,AMGN,buy
-10.774949587073785,,2012-04-02,42.592393001556395,,0.2529782627306254,HON,buy
42.969118939396346,16.86139074077606,2012-04-02,24.105383088684082,12.912799089239819,1.7825528340002847,LOW,sell
-54.17170307806598,,2012-04-02,66.81352141723632,,0.8107895217762158,MCD,buy
-1.1051540584584316,,2012-04-02,22.300297775268554,,0.0495578162047714,NKE,buy
44.72005482537048,31.648973653793334,2012-04-02,46.64101158828735,14.374575840953046,0.9588139987212614,QCOM,sell
-0.8636624213493065,,2012-07-02,17.734462782669066,,0.048699666402825414,AAPL,buy
-3.2915717200421537,,2012-07-02,24.113276330184934,,0.1365045411071648,MSFT,buy
-29.329698605598516,,2012-07-02,14.39942343673706,,2.0368661797089764,GOOGL,buy
93.13549634720961,6.7392140812873835,2012-07-02,11.457973403549193,38.35617138766814,8.128444103244313,AMZN,sell
36.36155735388886,39.34489734573364,2012-07-02,45.67648108634948,5.040367380537042,0.7960673959350952,JNJ,sell
-79.03517264291489,,2012-07-02,24.799150393295285,,3.1870113043986734,JPM,buy
50.074237298674326,19.318124433898923,2012-07-02,28.554487450790404,16.197238149750824,1.7536381062685908,V,sell
27.827535897212854,23.449552542304993,2012-07-02,40.46308437538147,11.70065691065712,0.6877265123699683,MA,sell
83.73785598901485,12.75904620141983,2012-07-02,17.531128960990905,22.79396722126654,4.7765238722128345,WMT,sell
-21.759454442936697,,2012-07-02,40.727685298919674,,0.5342669067302452,PG,buy
-38.69951081558803,,2012-07-02,0.30778110436201095,,125.73712377765014,NVDA,buy
50.283176416337696,19.309733860015868,2012-07-02,38.03982457008362,24.7584857741176,1.3218561595545015,HD,sell
-2.1115305779620535,,2012-07-02,44.457322111511225,,0.047495676250264296,UNH,buy
12.513300870549022,40.852856781005855,2012-07-02,59.010924769592286,3.8504288630662113,0.21205058079342276,CVX,sell
33.6568466609464,41.8787552242279,2012-07-02,68.76421688919068,13.159167683456111,0.4894529187350791,COST,sell
49.2092277832902,17.945292175292966,2012-07-02,23.392486393547056,11.458902510672424,2.1036339171224157,ABT,sell
-21.617340760596118,,2012-07-02,48.798207268905635,,0.44299456825273076,TMO,buy
54.01737404844628,22.980060232925414,2012-07-02,32.02653117828369,15.258180854914777,1.6866445431678212,LLY,sell
24.223779718305966,19.868105938148496,2012-07-02,24.286275204849243,4.406800061846397,0.9974267158707484,ORCL,sell
-69.03350321848261,,2012-07-02,11.21398290786743,,6.156020014088888,CSCO,buy
-18.00716716803972,,2012-07-02,2.545947004365921,,7.072875883574994,AVGO,buy
-49.30682015589276,,2012-07-02,19.21035060443878,,2.5666798681175464,TXN,buy
-61.05949394585783,,2012-07-02,118.96643510971069,,0.513249757291196,BLK,buy
64.69363636850923,38.21645295791625,2012-07-02,50.63664103317261,15.868096986187204,1.2776052093607024,AMGN,sell
-24.108508635736214,,2012-07-02,38.69013482818603,,0.6231177209073202,HON,buy
-20.478334769440888,,2012-07-02,22.113834639739988,,0.9260417789613022,LOW,buy
-26.87684285183448,,2012-07-02,60.29897373161315,,0.4457263729140992,MCD,buy
-66.7677088660362,,2012-07-02,18.234927303695677,,3.6615286561907148,NKE,buy
-66.4635032898784,,2012-07-02,38.221934697723384,,1.738883806262093,QCOM,buy
16.121654932096984,6.4165153009891505,2012-10-01,19.79291702156067,10.895298178497514,0.8145163704033855,AAPL,sell
-49.879800341763485,,2012-10-01,23.423153536987304,,2.1295083201755354,MSFT,buy
103.89988970544947,15.479001702499389,2012-10-01,18.870654274749754,18.674091689949634,5.505897580057663,GOOGL,sell
7.696321364254312,6.7392140812873835,2012-10-01,12.591679756736754,3.577160274222157,0.611222768760193,AMZN,sell
-25.287800161048672,,2012-10-01,46.92311250915527,,0.538919922588569,JNJ,buy
25.612489021731975,28.71777743873596,2012-10-01,28.19898162689209,-0.4712103511816146,0.9082770917268341,JPM,sell
-0.08804887546818131,,2012-10-01,30.930008740043636,,0.00284671356572197,V,buy
-19.20573178414283,,2012-10-01,42.1133439125061,,0.4560486059725939,MA,buy
-3.7581486032609566,,2012-10-01,18.846862774658202,,0.1994044657827203,WMT,buy
28.383529251091183,37.619164726257324,2012-10-01,46.561233487701415,5.451046959972768,0.609595732866234,PG,sell
-48.03572607626409,,2012-10-01,0.30022966540753837,,159.99660130540178,NVDA,buy
30.032345097302834,19.309733860015868,2012-10-01,43.688440401077266,16.758431318344257,0.6874208559883108,HD,sell
-33.519985145226904,,2012-10-01,44.796075308227536,,0.7482795069565036,UNH,buy
15.593097243146433,40.852856781005855,2012-10-01,65.88345285415649,5.924166110215236,0.23667698894993006,CVX,sell
-6.35719603804749,,2012-10-01,73.52860687255858,,0.08645881254170806,COST,buy
-2.1005394754263156,,2012-10-01,25.23413751735687,,0.0832419762308696,ABT,buy
33.107871779497465,45.04221153335571,2012-10-01,56.29840454521179,6.619523199143696,0.5880783309393678,TMO,sell
16.788338164888,22.980060232925414,2012-10-01,35.84131806335449,6.024308182567118,0.46840738767509293,LLY,sell
-7.638698940738824,,2012-10-01,25.899932227134702,,0.294931232782762,ORCL,buy
14.823318791045489,15.770885260391234,2012-10-01,12.483347668075561,-3.903777982012569,1.1874474047497756,CSCO,sell
-45.12550163204321,,2012-10-01,2.4998947593688965,,18.05096053060859,AVGO,buy
-44.86763893708889,,2012-10-01,18.8738382024765,,2.377239777927187,TXN,buy
-5.647219749645608,,2012-10-01,127.21826295166015,,0.044390008310295936,BLK,buy
30.34903640090763,38.21645295791625,2012-10-01,58.19135802955627,10.4176829971208,0.5215385484815958,AMGN,sell
12.375711817786799,26.538337324714657,2012-10-01,42.859884901428224,4.712816417828798,0.2887481346776646,HON,sell
-7.318201642220078,,2012-10-01,23.565854370880125,,0.3105425980762675,LOW,buy
-13.209723034942497,,2012-10-01,63.47132832450866,,0.20812110575983844,MCD,buy
-1.1407046436746007,,2012-10-01,19.68178404521942,,0.05795738033980058,NKE,buy
15.691385863980218,31.648973653793334,2012-10-01,42.62195723762512,4.039732819707998,0.3681526349552158,QCOM,sell
-99.50329311040468,,2013-01-02,16.57870513000488,,6.001873628255755,AAPL,buy
-46.830762852771215,,2013-01-02,22.11813108692169,,2.117301984906941,MSFT,buy
-44.322406505795826,,2013-01-02,17.941293482780456,,2.4704131030650167,GOOGL,buy
-9.34860051673633,,2013-01-02,12.87450630044937,,0.7261327384965455,AMZN,buy
-3.113236546598052,,2013-01-02,48.50902258987426,,0.06417850495400224,JNJ,buy
31.939250167999397,28.71777743873596,2013-01-02,31.17850956287384,2.5207728018807813,1.0243995179946452,JPM,sell
48.21812894113941,19.318124433898923,2013-01-02,35.18120078773499,21.741380166280887,1.3705651842886901,V,sell
37.73244070715713,23.449552542304993,2013-01-02,46.99747041893005,18.905707203740786,0.8028610980721833,MA,sell
-48.810113303877564,,2013-01-02,17.72042632217407,,2.754454797896148,WMT,buy
-16.03454877945292,,2013-01-02,46.96876059036254,,0.34138752178917464,PG,buy
-31.455195292119765,,2013-01-02,0.2929541803747415,,107.37240633290457,NVDA,buy
6.14104199332869,19.309733860015868,2013-01-02,45.99362267074585,3.5628174563477812,0.13351942370990244,HD,sell
-34.34787538325915,,2013-01-02,43.44520818252563,,0.7906021589067773,UNH,buy
-44.229933233364484,,2013-01-02,62.65125088768005,,0.7059704731619654,CVX,buy
21.312512420089927,41.8787552242279,2013-01-02,79.58408366088867,10.097437121146708,0.2677986783249713,COST,sell
-32.30129916715305,,2013-01-02,24.578920733070373,,1.3141870433591656,ABT,buy
29.15368492942326,45.04221153335571,2013-01-02,61.925390935134885,7.948385717935501,0.4707872568775695,TMO,sell
5.499688756064941,22.980060232925414,2013-01-02,37.6853213092804,2.146044034835197,0.14593715974794108,LLY,sell
30.95853819250979,19.868105938148496,2013-01-02,28.54446944389343,9.410142707072328,1.0845722059525897,ORCL,sell
21.449928688998895,15.770885260391234,2013-01-02,13.53386510953903,-3.545470737536238,1.5849078231081535,CSCO,sell
-47.62508792621032,,2013-01-02,2.356547120261192,,20.20969049026769,AVGO,buy
67.60392909140452,16.766983423805236,2013-01-02,22.217124115562438,16.584096255988563,3.0428748896464946,TXN,sell
74.06348560373233,156.5576185317993,2013-01-02,151.4361415145874,-2.5047814579822756,0.489074040470042,BLK,sell
5.89858194889841,38.21645295791625,2013-01-02,61.232844746017456,2.217177295831864,0.0963303595213425,AMGN,sell
15.706739843193873,26.538337324714657,2013-01-02,45.96198284683227,6.637706385275008,0.34173329500462124,HON,sell
77.88946073823392,16.86139074077606,2013-01-02,28.23657393093109,31.377988230691237,2.758460035865461,LOW,sell
-25.251638342959566,,2013-01-02,62.73943589553833,,0.4024843064417052,MCD,buy
24.1898661405759,12.98540846261978,2013-01-02,21.418639790725706,9.524355372357732,1.1293838626974875,NKE,sell
4.797496711849898,31.648973653793334,2013-01-02,44.75345212211609,1.4047786121781205,0.10719836089424462,QCOM,sell
-146.55792937832445,,2013-04-01,13.027003453826904,,11.250317841534812,AAPL,buy
-15.159271195350504,,2013-04-01,23.100612700271604,,0.656228100615369,MSFT,buy
16.996381020529846,15.479001702499389,2013-04-01,19.846906759643556,3.740561665945707,0.8563743069066092,GOOGL,sell
-29.2355016636402,,2013-04-01,13.089655998802185,,2.2334812821907235,AMZN,buy
46.43894350217401,39.34489734573364,2013-04-01,56.47275903511047,14.08466338277367,0.8223246799984008,JNJ,sell
-1.6658229114584104,,2013-04-01,33.43837232933044,,0.04981770329763435,JPM,buy
2.5608294701801047,19.318124433898923,2013-04-01,37.97135294151306,1.257994081745735,0.06744109102787377,V,sell
-10.570175548968077,,2013-04-01,49.57899635887146,,0.21319865921563164,MA,buy
11.245540434202553,12.75904620141983,2013-04-01,19.401980312919616,3.8502968742252506,0.5796078674873328,WMT,sell
27.68645237034417,37.619164726257324,2013-04-01,52.94585261535644,8.014633692263882,0.5229201344906471,PG,sell
-47.06524148232054,,2013-04-01,0.2875679940491915,,163.6664804716395,NVDA,buy
14.856587041415844,19.309733860015868,2013-04-01,50.75606040229797,9.204518311808291,0.2927056773843546,HD,sell
5.662443769309806,24.099161613655088,2013-04-01,47.090411448669435,2.76461078533644,0.12024621563313609,UNH,sell
8.977910793327457,40.852856781005855,2013-04-01,68.31679165878296,3.609196968703638,0.13141587266229937,CVX,sell
-14.477970935428013,,2013-04-01,83.34251678695678,,0.17371650741526246,COST,buy
16.249574148182784,17.945292175292966,2013-04-01,27.15340933742523,5.5104676076529415,0.5984358702900039,ABT,sell
45.650782042150595,45.04221153335571,2013-04-01,72.09648502349853,17.130498692199783,0.633190120534608,TMO,sell
40.40903667494729,22.980060232925414,2013-04-01,43.4856558139801,19.054820454382746,0.9292497932607073,LLY,sell
-71.11415777425744,,2013-04-01,26.705746070098876,,2.6628785276244535,ORCL,buy
-25.48654866167746,,2013-04-01,13.879326194381713,,1.8362958190286136,CSCO,buy
8.90899167524571,1.332020304918289,2013-04-01,2.5693295315265656,4.290293426475517,3.4674383203591788,AVGO,sell
8.236745362052906,16.766983423805236,2013-04-01,24.2276957862854,2.5364355112984143,0.3399722959504672,TXN,sell
62.38068279587206,156.5576185317993,2013-04-01,181.30325089874268,8.514185132442456,0.3440681978212927,BLK,sell
40.38436422068123,38.21645295791625,2013-04-01,70.65451720275878,18.540790496356653,0.5715751210186513,AMGN,sell
40.798916198908785,26.538337324714657,2013-04-01,53.071542768859864,20.397485524752657,0.7687531597978694,HON,sell
-16.768158022586203,,2013-04-01,29.442600102996824,,0.5695202857059982,LOW,buy
17.09431992018859,39.50146285858154,2013-04-01,69.41532634506225,7.366631829184275,0.2462614644381711,MCD,sell
27.365155985668416,12.98540846261978,2013-04-01,24.164566713523865,12.659834250338637,1.1324496859425714,NKE,sell
-26.006428648808598,,2013-04-01,45.84995123825073,,0.5672073349363238,QCOM,buy
-49.87376604575001,,2013-07-01,12.51124464969635,,3.9863153061242755,AAPL,buy
85.88989647399715,23.007766686630248,2013-07-01,27.89879593849182,15.057638939682207,3.0786237751391745,MSFT,sell
30.7394024801942,15.479001702499389,2013-07-01,21.99437403717041,9.105903726348608,1.3976029701161181,GOOGL,sell
14.456169907737689,6.7392140812873835,2013-07-01,14.095126042556762,7.544332190957907,1.0256148021728109,AMZN,sell
7.366942551198096,39.34489734573364,2013-07-01,60.161238218307496,2.549029771926172,0.12245330663683518,JNJ,sell
28.607483110321187,28.71777743873596,2013-07-01,36.873988547515864,6.327730758986583,0.7758174322112605,JPM,sell
31.072034562031696,19.318124433898923,2013-07-01,42.10309080963135,16.815280044939932,0.7379988966255127,V,sell
19.080436304256622,23.449552542304993,2013-07-01,53.80746601295471,10.76509037179724,0.3546057400224498,MA,sell
-31.107624031482597,,2013-07-01,19.32803813743591,,1.6094558490771576,WMT,buy
-21.99346925946212,,2013-07-01,53.62954017486572,,0.4100999036678239,PG,buy
49.13257572322739,0.42929170114099974,2013-07-01,0.32792947183549404,-15.18676372377476,149.82665464077218,NVDA,sell
31.07258140138034,19.309733860015868,2013-07-01,56.278978455734254,20.411348847625643,0.5521170116088765,HD,sell
35.99329988826715,24.099161613655088,2013-07-01,52.639651548385615,19.515068640501497,0.6837678219655885,UNH,sell
-26.303606627921578,,2013-07-01,68.6586536590576,,0.3831069388359838,CVX,buy
-2.849195812072988,,2013-07-01,87.22423752288817,,0.032665184505916045,COST,buy
-30.543780423432185,,2013-07-01,27.07801957130432,,1.1279916665619325,ABT,buy
50.95191618544443,45.04221153335571,2013-07-01,82.57142434616088,23.157954714785813,0.6170647604653245,TMO,sell
-86.20004409395399,,2013-07-01,38.92388369560241,,2.214579736391844,LLY,buy
-66.99593490121691,,2013-07-01,24.810549052810668,,2.7003003745951872,ORCL,buy
73.26704528917585,15.770885260391234,2013-07-01,16.44114655723572,2.9869002517877448,4.456322132651458,CSCO,sell
10.182654148865206,1.332020304918289,2013-07-01,2.750418443584442,5.251221945926485,3.702219992240458,AVGO,sell
-23.5310591349456,,2013-07-01,24.47219095363617,,0.9615428050363946,TXN,buy
-17.972221540600387,,2013-07-01,184.9822106903076,,0.09715648587792591,BLK,buy
-51.68110504114438,,2013-07-01,67.71794740753174,,0.7631818006845892,AMGN,buy
18.727539324016604,26.538337324714657,2013-07-01,57.644210173416134,10.105723631730259,0.32488153220725735,HON,sell
25.704245928311586,16.86139074077606,2013-07-01,32.31104181175232,12.290585767820502,0.7955251358983517,LOW,sell
-19.715724327123116,,2013-07-01,70.6018082649231,,0.27925239893492115,MCD,buy
11.796081815186707,12.98540846261978,2013-07-01,25.939250154876706,5.89086328673658,0.454758011305465,NKE,sell
-67.14710707259538,,2013-07-01,42.583467996215816,,1.576835101325294,QCOM,buy
76.91641777768072,6.4165153009891505,2013-10-01,14.996087182617186,44.005474705820816,5.129099133728623,AAPL,sell
-47.019442094679704,,2013-10-01,27.496067126846313,,1.7100424536268086,MSFT,buy
-38.510942246442475,,2013-10-01,22.003358114051817,,1.7502302169889496,GOOGL,buy
41.05075877756916,6.7392140812873835,2013-10-01,16.036267359924317,23.799247226153405,2.5598699408166325,AMZN,sell
-28.009457406408075,,2013-10-01,61.28801167373657,,0.45701364168109926,JNJ,buy
-39.594192728469174,,2013-10-01,36.81936514587402,,1.075363265270914,JPM,buy
-12.045159529023394,,2013-10-01,44.06426686134338,,0.273354361413201,V,buy
55.75044312526456,23.449552542304993,2013-10-01,62.59756565208435,34.86587785975975,0.8906167922747041,MA,sell
-42.19878672463226,,2013-10-01,19.184703620529174,,2.1996058713920483,WMT,buy
-47.42930359010996,,2013-10-01,52.74313979415893,,0.8992506660622155,PG,buy
24.244503990843757,0.42929170114099974,2013-10-01,0.36347611711621286,-4.390016604690651,66.70177997717565,NVDA,sell
-39.50002978148585,,2013-10-01,56.204854664993285,,0.7027867969221546,HD,buy
25.198422651870484,24.099161613655088,2013-10-01,58.43324638938903,14.806036511796513,0.4312343436124113,UNH,sell
-22.313456030615384,,2013-10-01,70.52804145431519,,0.3163770830793453,CVX,buy
-12.632975342874673,,2013-10-01,91.07013608169555,,0.13871699205041388,COST,buy
-56.18503640341553,,2013-10-01,26.217426503944395,,2.1430416290081915,ABT,buy
6.278924186102185,45.04221153335571,2013-10-01,88.93394134140014,3.098848872599101,0.07060211311223252,TMO,sell
-26.801086932610055,,2013-10-01,39.67936363868713,,0.6754414505397754,LLY,buy
29.08330813682769,19.868105938148496,2013-10-01,27.670621345710753,8.200862460056552,1.0510536707313918,ORCL,sell
-59.877215764461084,,2013-10-01,15.835013217926024,,3.7813177002389295,CSCO,buy
54.556888614267784,1.332020304918289,2013-10-01,3.194005439329147,31.804615711866738,17.081025580760013,AVGO,sell
54.558122812803646,16.766983423805236,2013-10-01,28.379355307388305,22.324298931749674,1.9224581468416915,TXN,sell
-2.664188261653255,,2013-10-01,196.3510641998291,,0.013568494128159525,BLK,buy
65.54154113119914,38.21645295791625,2013-10-01,79.82537734451293,34.16348434332254,0.82106146330299,AMGN,sell
-14.228961875912647,,2013-10-01,60.10968192672729,,0.23671663898101336,HON,buy
64.39316059152611,16.86139074077606,2013-10-01,38.07662587852478,35.87807511018276,1.6911467102405169,LOW,sell
-54.69505706535644,,2013-10-01,68.54120852890014,,0.7979879292950383,MCD,buy
57.11532966616863,12.98540846261978,2013-10-01,30.23850564250946,32.58812934877772,1.8888277860489104,NKE,sell
26.8592509853497,31.648973653793334,2013-10-01,47.32734417343139,8.89780096861358,0.5675207737608048,QCOM,sell
27.635019611183335,6.4165153009891505,2014-01-02,17.098149406814574,17.264275856445707,1.616257932578904,AAPL,sell
12.25343487091349,23.007766686630248,2014-01-02,30.615314979171753,3.0448354881667896,0.4002387327796484,MSFT,sell
97.75928096968939,15.479001702499389,2014-01-02,27.573971213722228,42.88085722592759,3.5453464505337315,GOOGL,sell
88.62246623116133,6.7392140812873835,2014-01-02,19.88457149219513,58.58682917567425,4.456845663782417,AMZN,sell
-28.75367008464249,,2014-01-02,64.22765190582275,,0.44768365698319634,JNJ,buy
25.034915066325258,28.71777743873596,2014-01-02,41.76531091117859,7.820937643737498,0.5994188602969217,JPM,sell
31.279482573255336,19.318124433898923,2014-01-02,50.43307116851806,19.29804018678972,0.6202176835263007,V,sell
83.61086834705452,23.449552542304993,2014-01-02,77.10605265197754,58.18306620989355,1.084361933614172,MA,sell
-10.046240880148867,,2014-01-02,20.69136896820068,,0.48552809123399854,WMT,buy
-17.852319938899182,,2014-01-02,56.212508486938475,,0.3175862529431033,PG,buy
-42.525419953565006,,2014-01-02,0.373252238458395,,113.9321230308044,NVDA,buy
-8.65055506336611,,2014-01-02,60.747075421905514,,0.1424028235645185,HD,buy
-38.93036577032726,,2014-01-02,60.34864150085449,,0.6450910045717606,UNH,buy
-38.62310834330106,,2014-01-02,72.77340177993774,,0.53073111052435,CVX,buy
-41.561380300707754,,2014-01-02,93.53220836334228,,0.4443536726862609,COST,buy
25.40907063234527,17.945292175292966,2014-01-02,29.7552435464859,10.084941435159035,0.8539358984795165,ABT,sell
53.4842392895126,45.04221153335571,2014-01-02,105.16209089126586,30.576284537360348,0.5085885877337066,TMO,sell
-51.32441663238539,,2014-01-02,40.119044216156006,,1.279303075014857,LLY,buy
23.64517152580902,19.868105938148496,2014-01-02,31.368661092567443,8.668925921504993,0.7537832569912126,ORCL,sell
-86.33256423647329,,2014-01-02,15.104591429805755,,5.715650412503976,CSCO,buy
75.353121952875,1.332020304918289,2014-01-02,3.891131778860092,49.55808488280755,19.365348241932253,AVGO,sell
-12.397017466431642,,2014-01-02,30.541830176925657,,0.40590290086144165,TXN,buy
42.495497859526864,156.5576185317993,2014-01-02,228.32936107635499,13.357791206960655,0.1861149072515298,BLK,sell
-49.01014530510324,,2014-01-02,81.12529046020506,,0.604129057992643,AMGN,buy
-2.509003829409381,,2014-01-02,65.5707392364502,,0.03826407721837377,HON,buy
-39.85200074670035,,2014-01-02,39.267320802307125,,1.0148897335608105,LOW,buy
-51.21847331220951,,2014-01-02,69.31256872100829,,0.7389492880918933,MCD,buy
-6.8549709562247605,,2014-01-02,32.81688198738098,,0.2088855046881264,NKE,buy
-2.0691624082719273,,2014-01-02,51.73349951934814,,0.03999656755286907,QCOM,buy
-36.34232856679451,,2014-04-01,16.867112974739072,,2.1546264983949754,AAPL,buy
55.972799561319796,23.007766686630248,2014-04-01,34.380926716232295,18.515719834136313,1.628018931057298,MSFT,sell
-13.258960394167117,,2014-04-01,28.152639076614378,,0.4709668730552856,GOOGL,buy
-118.93202944737222,,2014-04-01,17.161504543113708,,6.930163328546584,AMZN,buy
29.64563440156477,39.34489734573364,2014-04-01,69.50301058959961,12.863563633924443,0.4265374139922642,JNJ,sell
1.950691772036545,28.71777743873596,2014-04-01,43.53035183029175,0.6637843659278655,0.044812221588319545,JPM,sell
-44.320949816826385,,2014-04-01,49.150229635238645,,0.9017445115871876,V,buy
-94.6773880990158,,2014-04-01,69.34187083435059,,1.3653711236777664,MA,buy
-40.32938441542871,,2014-04-01,20.26010186882019,,1.9905815220749048,WMT,buy
-22.971257703708027,,2014-04-01,56.49710087280273,,0.4065917958414431,PG,buy
61.95243162023547,0.42929170114099974,2014-04-01,0.44027767982482907,1.5458609972281394,140.7121788342397,NVDA,sell
32.98046089243041,0.3940513146907091,2014-04-01,0.44027767982482907,3.4627393060480003,74.90831900802277,NVDA,sell
-44.20045213663283,,2014-04-01,59.129981265640254,,0.7475133796857332,HD,buy
41.56012785456729,24.099161613655088,2014-04-01,66.37848267745971,26.47143951081446,0.6261084342122203,UNH,sell
-48.401626199586524,,2014-04-01,70.37988178482055,,0.6877196291344969,CVX,buy
-58.48489211220964,,2014-04-01,89.0484124168396,,0.656776359340796,COST,buy
-18.38726321887549,,2014-04-01,30.151634135055538,,0.6098264238851883,ABT,buy
49.32295312442174,45.04221153335571,2014-04-01,117.0516505531311,30.343170459404337,0.42137768148799815,TMO,sell
87.41519732044861,22.980060232925414,2014-04-01,46.873160219192506,44.55897661112995,1.864930738863558,LLY,sell
40.54951911208026,19.868105938148496,2014-04-01,34.503876022338865,17.200196243594693,1.1752163462976526,ORCL,sell
13.133934397815437,15.770885260391234,2014-04-01,15.972998195171355,0.16618908948193223,0.822258553925451,CSCO,sell
134.79667962832363,1.332020304918289,2014-04-01,4.828119909381866,97.60789441369124,27.919082822775493,AVGO,sell
47.64400766724051,16.766983423805236,2014-04-01,33.87078220596313,24.05889286408636,1.4066403125125504,TXN,sell
-13.310707686875059,,2014-04-01,233.10342691040037,,0.05710215359464188,BLK,buy
36.72787597607793,38.21645295791625,2014-04-01,88.64601131973266,20.89400907572344,0.41432068323532434,AMGN,sell
-1.2159598563242846,,2014-04-01,68.0316663078308,,0.017873439271975045,HON,buy
-23.98693098044986,,2014-04-01,39.406601274871825,,0.6087033695987749,LOW,buy
-10.211786331562253,,2014-04-01,70.98336942138671,,0.14386167372445868,MCD,buy
-57.379424704969644,,2014-04-01,31.297831190681457,,1.833335490736932,NKE,buy
38.96144300712194,31.648973653793334,2014-04-01,56.70190378875732,17.214559730679536,0.6871275989651533,QCOM,sell
128.5063073403152,6.4165153009891505,2014-07-01,20.470821215057374,88.226404611438,6.277535521916043,AAPL,sell
-8.756543008149597,,2014-07-01,35.04866775398254,,0.24983953939745973,MSFT,buy
7.484655098661237,15.479001702499389,2014-07-01,29.275225485420226,3.5272137094396023,0.25566515627313535,GOOGL,sell
-42.8115288604743,,2014-07-01,16.63113285598755,,2.5741799570232686,AMZN,buy
40.28834415755967,39.34489734573364,2014-07-01,75.65412781677246,19.335875193171603,0.5325333239599885,JNJ,sell
-48.059354009690196,,2014-07-01,41.9156768032074,,1.1465723012257953,JPM,buy
-21.435250726771844,,2014-07-01,49.13990747337341,,0.43620860984295895,V,buy
-13.513455797568637,,2014-07-01,70.1160787826538,,0.19272977086265364,MA,buy
-30.577532721947293,,2014-07-01,19.989879963111875,,1.5296506421435865,WMT,buy
-24.986910056044575,,2014-07-01,56.19710540885925,,0.444629841239216,PG,buy
-14.330264594174977,,2014-07-01,0.44530001091659066,,32.18114584070645,NVDA,buy
4.308872867587054,19.309733860015868,2014-07-01,61.21814556999206,2.949746622663131,0.07038555035386729,HD,sell
-17.58857088295187,,2014-07-01,66.82467576522826,,0.26320473210741646,UNH,buy
52.692918697879264,40.852856781005855,2014-07-01,77.75503499679566,25.007814305265207,0.6776785413324138,CVX,sell
3.1956148214225637,41.8787552242279,2014-07-01,92.05079183120728,1.7417612669341873,0.034715777646783685,COST,sell
32.15208681293916,17.945292175292966,2014-07-01,32.42191842842102,14.356144442120094,0.9916774938510322,ABT,sell
-37.124309513990426,,2014-07-01,114.55035162887572,,0.3240872593238917,TMO,buy
28.39476364510262,22.980060232925414,2014-07-01,50.21986831169128,15.40163162782426,0.5654089626215182,LLY,sell
-31.334304405076875,,2014-07-01,34.05382359580993,,0.9201405626865444,ORCL,buy
38.34975063999912,15.770885260391234,2014-07-01,17.342105791282652,3.474544342269077,2.2113664339007997,CSCO,sell
77.99654142082461,1.332020304918289,2014-07-01,5.517205731010437,59.16581769015244,14.13696447504779,AVGO,sell
-2.5933538404093817,,2014-07-01,34.82878738288879,,0.07446006695264629,TXN,buy
-4.796069399022652,,2014-07-01,238.62392063293456,,0.020098862621573677,BLK,buy
-49.45905125525332,,2014-07-01,85.1794416885376,,0.5806454031021069,AMGN,buy
-7.881438943891057,,2014-07-01,69.34142801971436,,0.11366133015966007,HON,buy
-36.98640777175485,,2014-07-01,38.5183647403717,,0.9602278814549159,LOW,buy
6.545499896785041,39.50146285858154,2014-07-01,73.71810605163574,3.0381278967149656,0.08879093953119543,MCD,sell
14.791081338460216,12.98540846261978,2014-07-01,32.87419255714416,8.948558135802912,0.44992987471097123,NKE,sell
-20.86813430478915,,2014-07-01,56.81565637779235,,0.36729548922268407,QCOM,buy
30.983327374246084,6.4165153009891505,2014-10-01,21.81773995513916,21.871247269653146,1.4200979312226139,AAPL,sell
57.71673233797655,23.007766686630248,2014-10-01,38.60801481513977,23.321461876514874,1.494941726849511,MSFT,sell
-30.586842716199246,,2014-10-01,28.728416442108152,,1.064689478371914,GOOGL,buy
-48.433249552083375,,2014-10-01,15.884111245059966,,3.049163330881754,AMZN,buy
-22.056420594179226,,2014-10-01,75.14150574188231,,0.2935317888085045,JNJ,buy
11.214736204255106,28.71777743873596,2014-10-01,43.45657004814148,3.8036060117169033,0.2580676797968948,JPM,sell
-29.058777963911773,,2014-10-01,48.259221691894524,,0.6021393827988817,V,buy
-36.19574384741791,,2014-10-01,68.16221264343261,,0.5310236044824954,MA,buy
-3.4068561358380136,,2014-10-01,20.34609189033508,,0.16744523489822427,WMT,buy
24.72575999349808,37.619164726257324,2014-10-01,59.32093786354065,9.045589185730115,0.41681336951172554,PG,sell
-31.47556094490459,,2014-10-01,0.43581984700560567,,72.22149509978544,NVDA,buy
68.44213608354744,19.309733860015868,2014-10-01,68.44572203521729,49.13341388314039,0.9999476088269184,HD,sell
13.154034201961911,24.099161613655088,2014-10-01,69.46183307418823,8.59035970511908,0.18937067479795466,UNH,sell
-81.5668667178669,,2014-10-01,70.77187198944091,,1.1525322762415637,CVX,buy
44.03716322089483,41.8787552242279,2014-10-01,99.78405273513793,25.55503577922396,0.4413246607429846,COST,sell
-12.346702756026877,,2014-10-01,32.641477765655516,,0.37825195429778447,ABT,buy
-11.639433112387588,,2014-10-01,115.27762122573851,,0.10096871351634729,TMO,buy
19.418702818805695,22.980060232925414,2014-10-01,52.713841217422484,10.953317824741832,0.36837958248407077,LLY,sell
-61.42220126189743,,2014-10-01,31.907922873115538,,1.924982754475991,ORCL,buy
-6.658549162668896,,2014-10-01,17.597182610702514,,0.3783872287953187,CSCO,buy
98.28232512617735,1.332020304918289,2014-10-01,6.3982933449268335,77.82154822440398,15.360709462329481,AVGO,sell
-35.60156199336075,,2014-10-01,33.88707716369629,,1.0505940604255244,TXN,buy
-10.093651075873618,,2014-10-01,240.65286675720213,,0.041942783445240384,BLK,buy
98.07404758288291,38.21645295791625,2014-10-01,98.61952423782348,60.06897450216934,0.9944688776471367,AMGN,sell
-35.12676966857442,,2014-10-01,67.51242797317505,,0.5203007908785544,HON,buy
54.1755295566315,16.86139074077606,2014-10-01,42.24002263069153,32.54971793173202,1.2825639330332095,LOW,sell
-58.81091579520201,,2014-10-01,69.43812193984985,,0.8469542976140172,MCD,buy
75.38800621697987,12.98540846261978,2014-10-01,37.074005603027345,48.98287307889604,2.033446480647452,NKE,sell
-65.17687381720019,,2014-10-01,52.938188189315795,,1.2311882224627109,QCOM,buy
7.581339596904846,6.4165153009891505,2015-01-02,24.154836514663696,5.567424847533497,0.3138642479448137,AAPL,sell
-52.556648265764835,,2015-01-02,39.63490657615662,,1.3260192291554844,MSFT,buy
-134.4317952731273,,2015-01-02,26.246281985282895,,5.121936712731632,GOOGL,buy
-91.69022206905045,,2015-01-02,15.436797841167449,,5.939717745381586,AMZN,buy
-64.68513816712783,,2015-01-02,75.79039714813231,,0.8534740626929391,JNJ,buy
-27.48573876921397,,2015-01-02,46.09903065376282,,0.5962324669178365,JPM,buy
122.82631008935923,19.318124433898923,2015-01-02,60.93214062194824,83.88505646125012,2.0157885286097468,V,sell
53.88729187683589,23.449552542304993,2015-01-02,79.65885275802611,38.02423537429205,0.6764758719351054,MA,sell
27.857548357430723,12.75904620141983,2015-01-02,23.056155065345763,12.44145900760767,1.2082477879974718,WMT,sell
-0.4603979850525674,,2015-01-02,65.11557159881592,,0.007070474446406294,PG,buy
6.909093106494949,0.3940513146907091,2015-01-02,0.4815466541022062,1.2553580036922138,14.347712828316162,NVDA,sell
0.19604658167001707,0.23752928404510018,2015-01-02,0.4815466541022062,0.0993440009608075,0.407118562656251,NVDA,sell
32.97627407858739,19.309733860015868,2015-01-02,78.14929007492066,24.82824003321082,0.42196511378380386,HD,sell
69.64179160861407,24.099161613655088,2015-01-02,82.78461576690674,49.368595006892505,0.8412407421772858,UNH,sell
-96.13673249434736,,2015-01-02,68.35007293548584,,1.406534453666037,CVX,buy
30.21808183551852,41.8787552242279,2015-01-02,113.55492395095825,19.073733281492753,0.26610983288200707,COST,sell
-0.47445912971889775,,2015-01-02,35.77923555641174,,0.013260739709512137,ABT,buy
-17.616686288548788,,2015-01-02,123.66640094604492,,0.14245329494334413,TMO,buy
-9.117115523311698,,2015-01-02,57.240418682861325,,0.15927758274838588,LLY,buy
51.77783908258928,19.868105938148496,2015-01-02,37.19798796844482,24.122375754466198,1.3919526810566367,ORCL,sell
10.177562591033459,15.770885260391234,2015-01-02,19.517172144126892,1.9535652481633132,0.5214670709401972,CSCO,sell
3.251289126098431,1.332020304918289,2015-01-02,7.5136352581501,2.6748992716101507,0.4327185196502228,AVGO,sell
53.5788520437591,1.5865065443992614,2015-01-02,7.5136352581501,42.26565989530873,7.130882748885327,AVGO,sell
38.15687265782428,16.766983423805236,2015-01-02,38.876335770034785,21.70018663827624,0.9814935461905065,TXN,sell
9.378642504396487,156.5576185317993,2015-01-02,266.64799348754883,3.872139656408671,0.03517237231651782,BLK,sell
43.53644257345024,38.21645295791625,2015-01-02,114.02187438354491,28.944431886390383,0.38182535420355457,AMGN,sell
1.9225410120021493,26.538337324714657,2015-01-02,74.11916940994263,1.2341760140766982,0.02593851263185165,HON,sell
143.61358305099216,16.86139074077606,2015-01-02,54.60510978584289,99.2674632647174,2.6300392694792443,LOW,sell
-71.84506097514905,,2015-01-02,69.36032398910523,,1.0358236069721087,MCD,buy
-7.396414518026427,,2015-01-02,40.344623917007446,,0.1833308579909314,NKE,buy
-62.73609147649867,,2015-01-02,53.535930687713616,,1.1718502073392827,QCOM,buy
87.88895114808956,6.4165153009891505,2015-04-01,27.5595331615448,67.42631135938299,3.1890580523593712,AAPL,sell
-124.42787489695158,,2015-04-01,34.76089550094604,,3.579535944163613,MSFT,buy
4.858164508766185,15.479001702499389,2015-04-01,27.196479524230956,2.0931177814787745,0.17863210951394493,GOOGL,sell
135.44460935707465,6.7392140812873835,2015-04-01,18.50004138793945,86.10470792265231,7.3213138563773015,AMZN,sell
-61.45450926847713,,2015-04-01,72.39972730484008,,0.8488223858872015,JNJ,buy
-53.029005578163776,,2015-04-01,44.519216909027094,,1.1911486602858723,JPM,buy
-37.064927408985056,,2015-04-01,60.136598185348504,,0.6163455953186165,V,buy
-13.913734874097075,,2015-04-01,80.91316697998046,,0.17195884666755923,MA,buy
-69.53418661721655,,2015-04-01,21.82377960090637,,3.186166094452709,WMT,buy
-92.50215038251028,,2015-04-01,59.690817454528805,,1.5496881149764192,PG,buy
12.960349727860546,0.23752928404510018,2015-04-01,0.504533146995306,6.858743500070987,25.68780625226418,NVDA,sell
54.49819860598412,19.309733860015868,2015-04-01,85.91824679946899,42.249977184660324,0.6343029639929867,HD,sell
110.6808572049869,24.099161613655088,2015-04-01,96.800737550354,83.12615118910173,1.1433885733299576,UNH,sell
-73.78042845214125,,2015-04-01,64.2456088027954,,1.148412005536649,CVX,buy
53.944718195511506,41.8787552242279,2015-04-01,124.76542437515258,35.83763716513837,0.4323691316378415,COST,sell
-3.3419228148770768,,2015-04-01,36.76169617424011,,0.09090774264161539,ABT,buy
-2.685350601299301,,2015-04-01,58.858871821975704,,0.045623548637177436,LLY,buy
-48.56692083763497,,2015-04-01,36.180036245346066,,1.3423679431466091,ORCL,buy
-29.859504405456242,,2015-04-01,19.43730837497711,,1.5361954355725658,CSCO,buy
75.0762027690413,1.5865065443992614,2015-04-01,9.4587358420372,62.48372857260824,7.937234322094312,AVGO,sell
107.59901442242297,2.2601480917692185,2015-04-01,9.4587358420372,81.88842146535077,11.37562315084682,AVGO,sell
25.88493840225705,16.766983423805236,2015-04-01,41.357195302963255,15.390698405141809,0.6258871814840496,TXN,sell
-7.466156800649283,,2015-04-01,272.9855423919677,,0.02735000811848476,BLK,buy
-35.30220303243805,,2015-04-01,112.78323111038208,,0.31300932492249167,AMGN,buy
2.8594551309689296,26.538337324714657,2015-04-01,76.72581058502197,1.8704113626212608,0.037268490344592564,HON,sell
57.0935500521188,16.86139074077606,2015-04-01,60.209811066055295,41.104849221440354,0.9482433019011189,LOW,sell
7.918577674757017,39.50146285858154,2015-04-01,72.13510085678101,3.5823336243987907,0.10977426496538456,MCD,sell
15.265101915456482,12.98540846261978,2015-04-01,42.32684535713196,10.581937320429041,0.36064823132122115,NKE,sell
-73.616953774427,,2015-04-01,50.33193775253296,,1.462629039564888,QCOM,buy
7.790954718231322,6.4165153009891505,2015-07-01,28.19806674041748,6.018110479686734,0.27629393142276015,AAPL,sell
70.41751649483453,23.007766686630248,2015-07-01,38.13819773826599,27.936489958556663,1.8463776651978776,MSFT,sell
-20.791344067055856,,2015-07-01,26.92777943649292,,0.7721150611802443,GOOGL,buy
83.24678710560491,6.7392140812873835,2015-07-01,21.854190557098388,57.57583313372224,3.8091910513961267,AMZN,sell
49.445526163829435,6.595113227844238,2015-07-01,21.854190557098388,34.52395573051632,2.2625192195813995,AMZN,sell
6.225714092063687,5.5518834587574,2015-07-01,21.854190557098388,4.644120896178678,0.2848750712499637,AMZN,sell
-11.118650482669162,,2015-07-01,72.42749483642578,,0.15351422146769167,JNJ,buy
107.04545554533856,28.71777743873596,2015-07-01,50.808384284591675,46.54151290941023,2.1068462824117304,JPM,sell
24.05681780834632,19.318124433898923,2015-07-01,62.62183682785034,16.635563123932698,0.3841602071571195,V,sell
64.42008927248297,23.449552542304993,2015-07-01,88.19013101348877,47.29093603487165,0.730468234168173,MA,sell
-97.61569158545248,,2015-07-01,19.558828544998168,,4.990876184679067,WMT,buy
-31.19529871756108,,2015-07-01,58.27050477828979,,0.535353157420797,PG,buy
-31.813922645737627,,2015-07-01,0.4928416555464267,,64.55201642901852,NVDA,buy
-14.84837920700627,,2015-07-01,85.68515890731811,,0.17328997689164716,HD,buy
34.13475745070253,24.099161613655088,2015-07-01,102.1188887626648,26.079254238566605,0.3342648736614766,UNH,sell
-72.78961367253133,,2015-07-01,59.49876187553405,,1.2233803087331552,CVX,buy
-85.36865975341613,,2015-07-01,113.81620313568115,,0.7500571746506735,COST,buy
58.74865462418967,17.945292175292966,2015-07-01,39.816793321609495,32.27083749760837,1.4754742841710815,ABT,sell
-18.004704247764703,,2015-07-01,126.56656959762573,,0.1422548174056102,TMO,buy
149.7924547524235,22.980060232925414,2015-07-01,70.20381362915039,100.76036582870807,2.1336797391620035,LLY,sell
-60.921549897723516,,2015-07-01,34.02394505996704,,1.7905492672983563,ORCL,buy
-1.9670378385443743,,2015-07-01,19.65898481750488,,0.10005795603407108,CSCO,buy
6.964760410635847,2.2601480917692185,2015-07-01,10.230674164009093,5.426114012619801,0.6807723810750872,AVGO,sell
49.28657109700606,2.0603931210041044,2015-07-01,10.230674164009093,39.360567158438954,4.817529158576207,AVGO,sell
-74.74105732285587,,2015-07-01,38.25781031799316,,1.953615659171799,TXN,buy
-41.3029925794951,,2015-07-01,263.1670592712402,,0.15694590612469117,BLK,buy
-18.55144368016372,,2015-07-01,111.81694086151123,,0.1659090611604217,AMGN,buy
-10.621990231086695,,2015-07-01,76.90872551193236,,0.1381116402642597,HON,buy
-88.86057383337786,,2015-07-01,54.67233810424804,,1.625329680686793,LOW,buy
-8.83092237950663,,2015-07-01,72.46288183364868,,0.1218682193702918,MCD,buy
73.3628744296508,12.98540846261978,2015-07-01,46.65464720878601,52.943753346221044,1.5724665991223077,NKE,sell
-84.3164623259771,,2015-07-01,45.914426576232906,,1.8363827801700694,QCOM,buy
-87.91207339469362,,2015-10-01,24.551968209457396,,3.580652786965974,AAPL,buy
30.5196428982485,23.007766686630248,2015-10-01,38.52787075996399,12.29416587832845,0.7921445513662491,MSFT,sell
41.237140561980674,15.479001702499389,2015-10-01,31.775166119384764,21.1488185507954,1.2977789134774511,GOOGL,sell
83.98063962556283,14.109931459617613,2015-10-01,31.775166119384764,46.68859008601248,2.6429646129947244,GOOGL,sell
49.4274858986827,10.902205138969421,2015-10-01,31.775166119384764,32.468688932953704,1.5555382374076387,GOOGL,sell
32.774975981671126,5.5518834587574,2015-10-01,26.017774098587036,25.781186031604147,1.2597148340776414,AMZN,sell
61.48664134365907,9.012804794311522,2015-10-01,26.017774098587036,40.18708305752809,2.3632552542993395,AMZN,sell
87.8223221289606,8.957765988922118,2015-10-01,26.017774098587036,57.58561520491636,3.3754740815329782,AMZN,sell
-17.254203213445823,,2015-10-01,69.05345344619751,,0.24986734699502477,JNJ,buy
-60.27755442976166,,2015-10-01,45.90896010589599,,1.3129801740384082,JPM,buy
49.86498109092106,19.318124433898923,2015-10-01,64.70278423461914,34.9769369208988,0.770677516907238,V,sell
-10.251417491989393,,2015-10-01,84.93424453582763,,0.12069828310140629,MA,buy
-62.021922547287424,,2015-10-01,17.60752767677307,,3.522466281799659,WMT,buy
-53.86488640374766,,2015-10-01,53.02174273033142,,1.0159018476194657,PG,buy
181.47212272126225,0.23752928404510018,2015-10-01,0.5855570656478405,107.85855725871228,309.9136418420426,NVDA,sell
63.60496286843739,19.309733860015868,2015-10-01,89.80720810546875,49.929057213700446,0.7082389510844198,HD,sell
-20.78759065888626,,2015-10-01,97.0688390724182,,0.21415307793449223,UNH,buy
-124.89161476979237,,2015-10-01,49.11919443702698,,2.542623432676793,CVX,buy
74.08038815556114,41.8787552242279,2015-10-01,120.70787998809814,48.37871530049621,0.6137162558307336,COST,sell
-123.60561501064215,,2015-10-01,32.97771149978637,,3.748156236112468,ABT,buy
-33.183250116074944,,2015-10-01,118.27549921722411,,0.2805589520711367,TMO,buy
30.281116090044563,22.980060232925414,2015-10-01,70.90119346847534,20.466586353266145,0.42708894743088344,LLY,sell
-58.88854058528889,,2015-10-01,30.75616582164764,,1.9146905673086323,ORCL,buy
-21.514141140692203,,2015-10-01,18.643685295295715,,1.1539639722475243,CSCO,buy
-58.6598872759188,,2015-10-01,9.263823432540892,,6.3321465162931645,AVGO,buy
-28.940674916163363,,2015-10-01,35.944447406768795,,0.805150085871496,TXN,buy
-97.72478198249799,,2015-10-01,225.75048987579345,,0.43288846033630124,BLK,buy
-54.66274855387138,,2015-10-01,101.63896096878051,,0.5378129413450186,AMGN,buy
-40.790134858115714,,2015-10-01,71.17564259033203,,0.573091206115171,HON,buy
57.44321506599777,16.86139074077606,2015-10-01,56.90227155075073,40.42153090053594,1.0095065363913385,LOW,sell
56.08105968844646,39.50146285858154,2015-10-01,75.30118748703002,26.66208277344594,0.744756644084875,MCD,sell
134.96192838041875,12.98540846261978,2015-10-01,52.92786366004944,101.8501485780269,2.5499220835223237,NKE,sell
-102.12721360083252,,2015-10-01,39.14628352928161,,2.6088610308163958,QCOM,buy
-103.51156664485369,,2016-01-04,23.705260816574096,,4.366607372338258,AAPL,buy
91.34938954871632,23.007766686630248,2016-01-04,47.64758874778747,47.239173335507424,1.9171880875704996,MSFT,sell
27.30678261005338,21.771437765693662,2016-01-04,47.64758874778747,14.829594701909567,0.5730989401078848,MSFT,sell
52.48591540997946,10.902205138969421,2016-01-04,37.587748666763304,37.26254510974738,1.3963569852319928,GOOGL,sell
22.14406321224814,14.68048189458847,2016-01-04,37.587748666763304,13.495353710061702,0.5891298095176651,GOOGL,sell
107.67140059330826,8.957765988922118,2016-01-04,31.82720600566864,77.36728875758627,3.382998827296724,AMZN,sell
-4.396008379000195,,2016-01-04,75.02031959152221,,0.05859756933769411,JNJ,buy
-34.00699370197046,,2016-01-04,48.2177918018341,,0.7052789526681913,JPM,buy
-6.759455461417486,,2016-01-04,70.20540518341063,,0.0962811259867884,V,buy
-36.90904521583181,,2016-01-04,88.90507026519775,,0.4151511843557927,MA,buy
-104.51600259428578,,2016-01-04,16.978736619377134,,6.155699622256108,WMT,buy
5.932932585595677,37.619164726257324,2016-01-04,58.19033640632629,2.09738218271059,0.10195735154661634,PG,sell
34.3266612824518,0.23752928404510018,2016-01-04,0.7871929222404956,23.96886073862472,43.60641503832608,NVDA,sell
39.747221364279206,0.25972608344256876,2016-01-04,0.7871929222404956,26.633040785410728,50.49235103785145,NVDA,sell
132.7103244319893,0.3695662420302629,2016-01-04,0.7871929222404956,70.40633961038361,168.58678563098783,NVDA,sell
27.144303685324633,19.309733860015868,2016-01-04,101.02654480819702,21.956070424707978,0.268684866307753,HD,sell
-72.75654437806718,,2016-01-04,97.36266185302733,,0.7472735748319614,UNH,buy
46.042774580110745,40.852856781005855,2016-01-04,56.310461986541746,12.639055104838867,0.817659329293285,CVX,sell
12.039857581288521,41.8787552242279,2016-01-04,133.56055588989258,8.264684250945233,0.090145309002863,COST,sell
-26.57680636773376,,2016-01-04,34.93508579978943,,0.7607482781076769,ABT,buy
37.54146949528902,45.04221153335571,2016-01-04,134.36510705566405,24.95672299872045,0.2793989475239025,TMO,sell
-92.41423471109049,,2016-01-04,69.51303396072387,,1.3294518947814336,LLY,buy
-79.76099935221971,,2016-01-04,30.586493377304073,,2.607719635210106,ORCL,buy
-47.01366035535485,,2016-01-04,19.28552602367401,,2.4377691486165887,CSCO,buy
62.80232538655355,2.0603931210041044,2016-01-04,10.80946279706955,50.83156591045858,5.80993954700314,AVGO,sell
30.59719012984952,16.766983423805236,2016-01-04,40.52969192276001,17.939245907132417,0.7549327092878109,TXN,sell
33.2865763518447,156.5576185317993,2016-01-04,255.28883925933837,12.87335680867547,0.1303879027709085,BLK,sell
35.276853202080275,38.21645295791625,2016-01-04,115.18466459655761,23.57255032788578,0.30626345378215003,AMGN,sell
-2.0385435583927793,,2016-01-04,77.53055178222655,,0.026293422548040013,HON,buy
-7.3305158117255385,,2016-01-04,61.70181049919128,,0.11880552211383844,LOW,buy
88.32370438981951,39.50146285858154,2016-01-04,90.33542543563843,49.701917735672964,0.9777305410793442,MCD,sell
-78.49388120028382,,2016-01-04,52.79153638000488,,1.486864876128399,NKE,buy
-114.78391485981507,,2016-01-04,37.25803412094116,,3.0807829121424284,QCOM,buy
7.228280309871553,6.4165153009891505,2016-04-01,24.848808401870727,5.361777479714204,0.29089041989342945,AAPL,sell
-18.16134046630319,,2016-04-01,48.732174444961544,,0.37267658735020603,MSFT,buy
-25.19813088402323,,2016-04-01,38.14743113517761,,0.6605459433095824,GOOGL,buy
-91.34020868402631,,2016-04-01,29.945946736526487,,3.0501693430388137,AMZN,buy
47.31640440320015,39.34489734573364,2016-04-01,81.99926196899413,24.613040625157044,0.5770345155190739,JNJ,sell
-90.01449188179086,,2016-04-01,45.375654771804804,,1.983761828550481,JPM,buy
-13.097583884031268,,2016-04-01,72.1001861076355,,0.1816581147859786,V,buy
-25.433387943043442,,2016-04-01,90.07926962051391,,0.2823445177807198,MA,buy
80.7608823454256,12.75904620141983,2016-04-01,19.192629509353637,27.07194781925609,4.207911287302572,WMT,sell
29.951692485934306,37.619164726257324,2016-04-01,62.5622548461914,11.941509569274931,0.47875020744649,PG,sell
2.786143460654552,0.3695662420302629,2016-04-01,0.8823200898885727,1.6191468340206399,3.157746822931813,NVDA,sell
68.0244349316415,0.27025256394147873,2016-04-01,0.8823200898885727,47.18871084281555,77.09723003160025,NVDA,sell
-6.377314282700475,,2016-04-01,104.65808642807006,,0.0609347495292063,HD,buy
70.21753476815758,24.099161613655088,2016-04-01,108.91112793502808,54.68024532331992,0.6447232353524655,UNH,sell
29.24908968845965,40.852856781005855,2016-04-01,60.496879569625854,9.497511086091958,0.4834809645809397,CVX,sell
-42.085874407214966,,2016-04-01,133.02582271423339,,0.31637372014322374,COST,buy
-47.132836838905796,,2016-04-01,34.54955458106994,,1.3642096811497062,ABT,buy
-10.965277205743428,,2016-04-01,138.50536371765136,,0.07916861059689051,TMO,buy
-133.8018844089574,,2016-04-01,62.01509803695678,,2.1575695055617032,LLY,buy
98.05893314993766,19.868105938148496,2016-04-01,35.165834506988524,42.65728267530988,2.7884716664537095,ORCL,sell
39.96202242732622,15.770885260391234,2016-04-01,20.921149304008484,9.837651088233965,1.9101255789838234,CSCO,sell
63.5787941933128,2.0603931210041044,2016-04-01,12.028259310436248,52.687998873995205,5.285785129203944,AVGO,sell
29.214669448579308,16.766983423805236,2016-04-01,43.5413228439331,17.96462359829501,0.6709642137721588,TXN,sell
-5.418672670617496,,2016-04-01,264.73935661926265,,0.020467952856780602,BLK,buy
-54.82440622748399,,2016-04-01,113.08193248672484,,0.4848202097529599,AMGN,buy
61.306205801190096,26.538337324714657,2016-04-01,85.95478889007568,42.37806007877985,0.7132378148190472,HON,sell
-19.09102024281585,,2016-04-01,62.95393377838134,,0.3032538095240014,LOW,buy
41.87394923552476,39.50146285858154,2016-04-01,98.32737811431885,25.05175502888054,0.4258625627832835,MCD,sell
-33.926301644578984,,2016-04-01,52.98786359329223,,0.6402655125894476,NKE,buy
-15.153800424563018,,2016-04-01,38.178004431915284,,0.3969248956316598,QCOM,buy
-135.46766337614744,,2016-07-01,21.825783718872067,,6.206772005122218,AAPL,buy
-88.88279065922279,,2016-07-01,45.178632797622676,,1.9673634449579858,MSFT,buy
-92.87501037857032,,2016-07-01,35.20238169326782,,2.638316099968087,GOOGL,buy
176.9747254335256,8.957765988922118,2016-07-01,36.2586015964508,133.2527365374496,4.88090322410142,AMZN,sell
89.68956954792387,39.34489734573364,2016-07-01,91.73642921447754,51.22255118822958,0.9776876025796888,JNJ,sell
15.272187709210629,28.71777743873596,2016-07-01,47.07105778770447,5.954715184718671,0.3244496390561231,JPM,sell
-56.682474918978656,,2016-07-01,69.33279313430785,,0.8175420656885457,V,buy
-87.42322338471533,,2016-07-01,83.65172355880736,,1.0450857396053124,MA,buy
36.875052417219784,12.75904620141983,2016-07-01,20.382959711265563,13.792511700081079,1.8091117747163636,WMT,sell
0.8057426890805564,37.619164726257324,2016-07-01,64.0186397529602,0.3322654789357188,0.012586063874362452,PG,sell
191.126818276785,0.27025256394147873,2016-07-01,1.1417973804473878,145.88892093895845,167.3911865184839,NVDA,sell
54.987392020679316,0.3508018227040767,2016-07-01,1.1417973804473878,38.093258545754296,48.15862513113643,NVDA,sell
6.82088430479442,0.30778110436201095,2016-07-01,1.1417973804473878,4.982257469591352,5.973813236567253,NVDA,sell
-52.41617181459583,,2016-07-01,101.11994404144286,,0.5183564163476362,HD,buy
62.12724767235221,24.099161613655088,2016-07-01,118.61978884277343,49.505284702479614,0.5237511234714791,UNH,sell
87.6932526574613,40.852856781005855,2016-07-01,67.55098593521117,34.6589432113807,1.2981787229807242,CVX,sell
-30.78444852883394,,2016-07-01,131.61507636108396,,0.23389758513969383,COST,buy
-74.12004011726069,,2016-07-01,32.5772696434021,,2.275207251209043,ABT,buy
22.904470057663925,45.04221153335571,2016-07-01,144.8142694519043,15.78039320183068,0.15816445536999346,TMO,sell
55.943182940509956,22.980060232925414,2016-07-01,67.03747540512084,36.7661822282146,0.8345061117298069,LLY,sell
-20.82530965443131,,2016-07-01,35.217807675552365,,0.5913289619355808,ORCL,buy
-8.76317610431835,,2016-07-01,21.223116816329956,,0.41290712293378107,CSCO,buy
-39.174012164763944,,2016-07-01,11.808984536361693,,3.3173057381979874,AVGO,buy
52.508955392812815,16.766983423805236,2016-07-01,46.97290952911377,33.76588000109284,1.117856141320516,TXN,sell
-18.427953098557126,,2016-07-01,265.440439074707,,0.06942406048902994,BLK,buy
-14.02827646444457,,2016-07-01,113.91502714691161,,0.12314684739839343,AMGN,buy
11.008570926040196,26.538337324714657,2016-07-01,88.89767371673584,7.722217566230048,0.12383418447054062,HON,sell
20.381441092439534,16.86139074077606,2016-07-01,65.65111743392944,15.14680906251883,0.3104507872687954,LOW,sell
-62.99230637604079,,2016-07-01,94.01939608001709,,0.6699926717507303,MCD,buy
-108.96151284372306,,2016-07-01,47.982855733108515,,2.270842599485775,NKE,buy
27.23539376228235,31.648973653793334,2016-07-01,40.09435462989807,5.736799568914414,0.6792825078165272,QCOM,sell
62.62575565572442,6.4165153009891505,2016-10-03,25.713696330642698,46.99832060189683,2.4355018761380514,AAPL,sell
0.6933441787694092,8.455984476089476,2016-10-03,25.713696330642698,0.4653369900372947,0.026964002757672745,AAPL,sell
40.225013626340186,10.273965691184996,2016-10-03,25.713696330642698,24.153018195952423,1.5643419409291432,AAPL,sell
30.976517597369824,21.771437765693662,2016-10-03,50.95138104057312,17.740304735307905,0.6079622762865426,MSFT,sell
24.564794283235987,17.369738125801085,2016-10-03,50.95138104057312,16.190457119063502,0.4821222463759085,MSFT,sell
32.7013103782882,14.68048189458847,2016-10-03,39.61403541870117,20.582600687047204,0.8254980850259557,GOOGL,sell
20.501261990108652,12.924925136756896,2016-10-03,39.61403541870117,13.812287397378764,0.5175252097752789,GOOGL,sell
27.053478497612048,8.957765988922118,2016-10-03,41.80771589927673,21.256971217669076,0.6470929567831298,AMZN,sell
46.113094242340935,9.9094319026947,2016-10-03,41.80771589927673,35.183184358770234,1.1029804726342078,AMZN,sell
4.922048027097864,12.87450630044937,2016-10-03,41.80771589927673,3.406324506380911,0.11773061314701039,AMZN,sell
-80.94871905243562,,2016-10-03,90.58693369674683,,0.8936025953083195,JNJ,buy
13.985262143883464,28.71777743873596,2016-10-03,51.10505528411865,6.126437934857837,0.2736571179921903,JPM,sell
41.34678988734927,19.318124433898923,2016-10-03,77.159436277771,30.994946088093855,0.535861741375383,V,sell
74.36021202153852,23.449552542304993,2016-10-03,95.9918787940979,56.19499095532453,0.7746510741918158,MA,sell
-71.7073243971568,,2016-10-03,20.32543802318573,,3.527959609793328,WMT,buy
-16.250516910242634,,2016-10-03,67.56764237747191,,0.240507383985042,PG,buy
200.97455699037118,0.30778110436201095,2016-10-03,1.6780978755712508,164.11367300998623,119.76331054108289,NVDA,sell
178.53870446920942,0.30022966540753837,2016-10-03,1.6780978755712508,146.5962198946199,106.39349889435505,NVDA,sell
-71.07789718675254,,2016-10-03,100.76027930526733,,0.7054158412107228,HD,buy
-79.39773312502045,,2016-10-03,117.32670778121947,,0.6767234385633181,UNH,buy
-73.36632239061622,,2016-10-03,67.24262406921386,,1.0910686994472307,CVX,buy
-96.35025944977767,,2016-10-03,127.65753507080078,,0.7547557564568388,COST,buy
11.181085908710381,17.945292175292966,2016-10-03,35.2238306854248,5.484719285193635,0.3174295836408554,ABT,sell
-3.4708954274490402,,2016-10-03,154.7865279510498,,0.022423756598162647,TMO,buy
-36.70418285994749,,2016-10-03,69.3133856376648,,0.5295396051178098,LLY,buy
-111.3129653323048,,2016-10-03,33.60603492965698,,3.312290949089988,ORCL,buy
39.81588014744672,15.770885260391234,2016-10-03,23.58480696659088,13.191465614973772,1.6882003827229966,CSCO,sell
33.40496136240772,2.0603931210041044,2016-10-03,13.043657500362396,28.12827017386643,2.561011845142332,AVGO,sell
53.841791138309866,16.766983423805236,2016-10-03,52.965274892807,36.79733283329641,1.0165488850435835,TXN,sell
-9.042267993145172,,2016-10-03,281.77095423583984,,0.03209084491220082,BLK,buy
18.988707306284063,38.21645295791625,2016-10-03,124.10246713943481,13.141272873841157,0.15300829825525852,AMGN,sell
-61.3976384582528,,2016-10-03,89.60961889038086,,0.6851679453447996,HON,buy
-152.70382251507715,,2016-10-03,59.879639723205564,,2.550179380185863,LOW,buy
-106.23695954600005,,2016-10-03,90.21717584075927,,1.1775691109364477,MCD,buy
-115.57017031342495,,2016-10-03,45.572585129165645,,2.535958185954698,NKE,buy
175.4760640890663,31.648973653793334,2016-10-03,51.199463944244386,67.00544933274666,3.427302760047599,QCOM,sell
20.58313082045455,27.95360725841522,2016-10-03,51.199463944244386,9.34526403868233,0.4020184829057847,QCOM,sell
2.866381241731894,10.273965691184996,2017-01-03,26.679519109725952,1.762571895907736,0.10743751526941736,AAPL,sell
48.98348768207101,17.369738125801085,2017-01-03,55.90522064666748,33.76433026377908,0.8761880753795204,MSFT,sell
14.712112235246535,18.38226051311493,2017-01-03,55.90522064666748,9.87460552874884,0.26316168803321816,MSFT,sell
-25.743464443178233,,2017-01-03,40.04770906867981,,0.6428199026073997,GOOGL,buy
-136.83127661299272,,2017-01-03,37.709876831436155,,3.62852621409057,AMZN,buy
-54.11868173245255,,2017-01-03,88.93276144943236,,0.6085348172082199,JNJ,buy
45.184437831370644,28.71777743873596,2017-01-03,67.51314775543213,25.96452774754111,0.6692687177770509,JPM,sell
65.18693503986854,23.78010985088348,2017-01-03,67.51314775543213,42.22618550252004,0.9655443007339795,JPM,sell
48.50343347266505,25.579429864692685,2017-01-03,67.51314775543213,30.126417795581666,0.7184294479701911,JPM,sell
133.02317092816293,27.790682011222838,2017-01-03,67.51314775543213,78.26636034689845,1.9703298594525958,JPM,sell
-74.81345775754006,,2017-01-03,74.29031675949096,,1.0070418463787512,V,buy
1.6806875709261255,23.449552542304993,2017-01-03,99.48575400009155,1.2845366657262227,0.016893751148778335,MA,sell
-76.00388000488535,,2017-01-03,19.518572495460507,,3.893926157897141,WMT,buy
-79.34723346048276,,2017-01-03,64.66411444244385,,1.2270675032766132,PG,buy
134.2536855259391,0.30022966540753837,2017-01-03,2.504587971353531,118.16044402426452,53.603102411046734,NVDA,sell
268.92363735667647,0.2929541803747415,2017-01-03,2.504587971353531,237.4684420645567,107.37240633290457,NVDA,sell
63.51277408337506,0.2875679940491915,2017-01-03,2.504587971353531,56.22046043795526,25.358571872822438,NVDA,sell
16.326835181387146,19.309733860015868,2017-01-03,105.72712477798461,13.34494342190768,0.15442428057768254,HD,sell
138.32545791922078,24.099161613655088,2017-01-03,137.13054965057373,114.01630453091741,1.0087136547741684,UNH,sell
129.56061313443038,40.852856781005855,2017-01-03,78.01536594314575,61.71601471650534,1.6607063437842307,CVX,sell
26.76251712518304,41.8787552242279,2017-01-03,135.2551391143799,18.476097021604218,0.19786691507929355,COST,sell
-113.49716620627198,,2017-01-03,32.57752158966064,,3.483910397968806,ABT,buy
-133.65059712798669,,2017-01-03,139.9018331161499,,0.9553169829949741,TMO,buy
-109.9845802285008,,2017-01-03,64.25477811965942,,1.7116949656830247,LLY,buy
-39.11814249756121,,2017-01-03,33.48614668426514,,1.1681888294403997,ORCL,buy
-66.59014955808169,,2017-01-03,22.89805936050415,,2.908113238318357,CSCO,buy
20.260321506377366,2.0603931210041044,2017-01-03,13.75612820148468,17.225730199168844,1.4728215097755992,AVGO,sell
29.822858707694117,16.766983423805236,2017-01-03,56.35514275474548,20.949855230823566,0.5291949811480663,TXN,sell
36.45639204360863,156.5576185317993,2017-01-03,303.80769345703123,17.6697515419709,0.1199982516201974,BLK,sell
9.389662342164616,138.53807092285155,2017-01-03,303.80769345703123,5.1079218348775255,0.030906598300127097,BLK,sell
-130.60007171244504,,2017-01-03,112.69692042999267,,1.158861051518917,AMGN,buy
-28.28886225192562,,2017-01-03,90.2404617828369,,0.31348312822248836,HON,buy
-48.06623365006165,,2017-01-03,59.1411928741455,,0.812736965795537,LOW,buy
17.132875947054437,39.50146285858154,2017-01-03,94.73554143905639,9.989055870630152,0.18084950681446266,MCD,sell
-45.215234912984734,,2017-01-03,45.13784040794372,,1.0017146257849632,NKE,buy
-53.707622653317074,,2017-01-03,50.355593979263304,,1.0665671558840941,QCOM,buy
14.5830468483604,10.273965691184996,2017-04-03,33.15083135490417,10.063530538527834,0.4398998834218695,AAPL,sell
49.88026714858086,12.308346792507171,2017-04-03,33.15083135490417,31.360561877997586,1.5046460408360716,AAPL,sell
1.614434427960158,17.734462782669066,2017-04-03,33.15083135490417,0.7507720066108514,0.048699666402825414,AAPL,sell
104.12717317502864,16.57870513000488,2017-04-03,33.15083135490417,52.053254376175516,3.1410124247042326,AAPL,sell
-28.949206978669842,,2017-04-03,58.995991664505,,0.4906978620394504,MSFT,buy
-22.070721442641787,,2017-04-03,42.46341942138672,,0.5197584590073276,GOOGL,buy
27.100845355124637,12.87450630044937,2017-04-03,44.54429763793945,19.26796835910526,0.6084021253495351,AMZN,sell
80.16177185211198,13.089655998802185,2017-04-03,44.54429763793945,56.605669871846295,1.7995967183875017,AMZN,sell
2.43443807555252,39.34489734573364,2017-04-03,96.22570090484619,1.4390416764982277,0.025299250124037442,JNJ,sell
-76.41680919481216,,2017-04-03,68.20782255096435,,1.120352568617978,JPM,buy
47.420641331843086,19.318124433898923,2017-04-03,83.54612152404785,36.45570563796827,0.5675983572522103,V,sell
-14.799614318678543,,2017-04-03,106.32031332092285,,0.13919837006129399,MA,buy
-28.893824689638056,,2017-04-03,20.56988124580383,,1.4046665775249565,WMT,buy
-8.122929656313548,,2017-04-03,69.41847776641845,,0.11701394092284545,PG,buy
-18.410562060669974,,2017-04-03,2.6680772374391553,,6.900310756498413,NVDA,buy
18.022433253604284,19.309733860015868,2017-04-03,116.1198310546875,15.025456884657437,0.15520547257011152,HD,sell
-54.666016559184165,,2017-04-03,141.36896962280272,,0.38669035153218356,UNH,buy
-166.63119344345444,,2017-04-03,72.14639915924072,,2.3096259187609345,CVX,buy
-36.72666198448926,,2017-04-03,141.7356659500122,,0.25912082000194747,COST,buy
68.50582888874243,17.945292175292966,2017-04-03,37.28657566337586,35.535326952126546,1.8372786363439424,ABT,sell
-4.501823055296799,,2017-04-03,150.66752728271484,,0.029879185890198556,TMO,buy
61.65231470664293,22.980060232925414,2017-04-03,73.12589241256714,42.277865264512826,0.8430982880702267,LLY,sell
80.15811346343683,19.868105938148496,2017-04-03,38.69590109710693,39.00156083278214,2.0714884830380598,ORCL,sell
19.117726949961956,15.770885260391234,2017-04-03,25.35802468357086,7.227862422671725,0.7539123093585474,CSCO,sell
10.176744175730542,13.64072163543701,2017-04-03,25.35802468357086,4.702416573780786,0.4013224335381267,CSCO,sell
159.52543793303172,2.0603931210041044,2017-04-03,16.953517291259764,140.13800880575343,9.409577681869806,AVGO,sell
18.845591006816242,16.766983423805236,2017-04-03,61.938683473205565,13.744034204114836,0.30426205321217026,TXN,sell
-91.05234937586525,,2017-04-03,302.7188044952392,,0.30078194028180105,BLK,buy
14.341330230419993,38.21645295791625,2017-04-03,123.20887464752197,9.892991799663854,0.11639851651472277,AMGN,sell
-5.626860678361249,,2017-04-03,97.08852141952514,,0.05795598280920622,HON,buy
47.76542850249282,16.86139074077606,2017-04-03,68.62445273208618,36.02921026224793,0.6960409387739936,LOW,sell
37.43179567933821,15.125157497501371,2017-04-03,68.62445273208618,29.18164893828353,0.5454585674507904,LOW,sell
10.840933130466416,39.50146285858154,2017-04-03,103.40287856140137,6.699532781043865,0.10484169571767765,MCD,sell
-9.518646104034843,,2017-04-03,48.39691795692443,,0.19667876604264123,NKE,buy
-221.02193279085486,,2017-04-03,43.909617667007446,,5.033565413094568,QCOM,buy
-61.731303472240924,,2017-07-03,33.287918421936034,,1.8544657160527436,AAPL,buy
-12.388371496759603,,2017-07-03,61.70571948356628,,0.20076536827447455,MSFT,buy
18.72646339427468,12.924925136756896,2017-07-03,45.507776020431514,13.40785284871536,0.41150029801208277,GOOGL,sell
14.75502412764632,13.089655998802185,2017-07-03,47.649620558166504,10.701724482811786,0.30965669725815914,AMZN,sell
18.40285820673845,39.34489734573364,2017-07-03,103.24164506835938,11.389616926702711,0.17825033875189966,JNJ,sell
2.5973109505554555,27.790682011222838,2017-07-03,72.99673331451416,1.6084852944791224,0.03558119428940287,JPM,sell
14.435228672207597,19.14869248371124,2017-07-03,72.99673331451416,10.648542032612534,0.1977517077375488,JPM,sell
-11.733194170166612,,2017-07-03,87.55386721115111,,0.1340111470104457,V,buy
24.43852204865176,23.449552542304993,2017-07-03,114.47450684280395,19.43240826278431,0.21348440559093795,MA,sell
-0.6988729301730875,,2017-07-03,21.725188449096677,,0.032168785638411634,WMT,buy
-81.00178648569494,,2017-07-03,68.43682643051147,,1.1835993968531184,PG,buy
262.50318745111036,0.2875679940491915,2017-07-03,3.4288067645072937,240.48750671102584,76.55817474707737,NVDA,sell
-0.3476271636284422,,2017-07-03,122.84927815170288,,0.002829704568545921,HD,buy
85.61250222249589,24.099161613655088,2017-07-03,159.78271181488037,72.70003188215215,0.5358057905644014,UNH,sell
-69.28567446687278,,2017-07-03,71.86621965026855,,0.964092376140643,CVX,buy
-71.57396528491178,,2017-07-03,140.90128101959226,,0.5079724241468,COST,buy
51.632425459684086,17.945292175292966,2017-07-03,41.09148177452087,29.083738467150585,1.2565238153981397,ABT,sell
82.67390901724515,45.04221153335571,2017-07-03,169.90480229644774,60.756837528312815,0.4865895954665058,TMO,sell
-81.29632489582636,,2017-07-03,72.17393001403808,,1.1263945981604984,LLY,buy
62.12646608448892,19.868105938148496,2017-07-03,43.00064399757385,33.421425997204224,1.4447798988311469,ORCL,sell
-132.0977478247316,,2017-07-03,23.898476875305175,,5.527454678972916,CSCO,buy
-2.5284408827270846,,2017-07-03,17.90360270423889,,0.141225256418835,AVGO,buy
-114.2563517074843,,2017-07-03,59.34249793472289,,1.9253714569475484,TXN,buy
82.60430509310645,138.53807092285155,2017-07-03,341.35158475341797,49.07921955472135,0.2419918605410234,BLK,sell
5.943931605649911,38.21645295791625,2017-07-03,130.84636218566894,4.207880417080673,0.045426800610746554,AMGN,sell
27.502490250739818,26.538337324714657,2017-07-03,104.79512992630005,20.537754732427945,0.2624405377433252,HON,sell
-112.88862993121268,,2017-07-03,65.83032023010253,,1.7148424849920687,LOW,buy
145.08918419022902,39.50146285858154,2017-07-03,122.42714227523803,98.2757495713976,1.185106353818524,MCD,sell
2.7793996000364136,12.98540846261978,2017-07-03,51.190959312057494,2.074360281134377,0.05429473558198694,NKE,sell
-85.2447230076685,,2017-07-03,43.12557617988586,,1.9766628195782197,QCOM,buy
12.691986229524417,16.57870513000488,2017-10-02,35.76954140739441,6.809419975267949,0.35482664105111184,AAPL,sell
41.915718877397126,18.38226051311493,2017-10-02,67.79985792846679,30.551304739365506,0.618227237608977,MSFT,sell
-16.066187137257163,,2017-10-02,47.951076148223876,,0.3350537345104456,GOOGL,buy
-72.0932267103603,,2017-10-02,47.99307100868225,,1.502159065780937,AMZN,buy
-86.76962644865286,,2017-10-02,102.72872015380858,,0.844648179386823,JNJ,buy
-25.86566590760339,,2017-10-02,76.32244656829833,,0.3388998528035536,JPM,buy
79.31882283059863,19.318124433898923,2017-10-02,98.91387371292114,63.82766034879075,0.8018978516684783,V,sell
133.57430538972596,23.449552542304993,2017-10-02,134.6613625442505,110.3140499359094,0.9919274754540872,MA,sell
-21.69656046564106,,2017-10-02,22.758242547798154,,0.9533495576414879,WMT,buy
-13.746489345790087,,2017-10-02,72.14181831817626,,0.19054814067982306,PG,buy
265.5690045952646,0.2875679940491915,2017-10-02,4.408934174823761,248.24755163069327,60.23428657922301,NVDA,sell
6.952096488917078,19.309733860015868,2017-10-02,131.42353356628416,5.9306421928154345,0.052898414007493955,HD,sell
-4.469342992101111,,2017-10-02,169.89869208374023,,0.02630592935876308,UNH,buy
10.558510232640366,40.852856781005855,2017-10-02,80.0763459526062,5.171834539294709,0.13185554494319085,CVX,sell
34.24530226480186,39.72609585227966,2017-10-02,80.0763459526062,17.256113459071504,0.4276581536958517,CVX,sell
15.797470471410087,56.25031569519042,2017-10-02,80.0763459526062,4.700401909762702,0.1972801116669327,CVX,sell
-21.328561127523937,,2017-10-02,147.64423325805663,,0.144459154664343,COST,buy
51.35395379528285,17.945292175292966,2017-10-02,45.534742299270626,31.115303949501087,1.1277971764453234,ABT,sell
40.442025507292016,45.04221153335571,2017-10-02,186.7386371887207,30.687224384394874,0.2165702080519134,TMO,sell
-17.780854327027317,,2017-10-02,75.84000765686035,,0.23445216946017666,LLY,buy
-88.28529920265417,,2017-10-02,42.73293702278137,,2.065977799644063,ORCL,buy
18.070545533350064,13.64072163543701,2017-10-02,25.948623929214477,8.571187028123163,0.6963970645474262,CSCO,sell
8.183045623060618,14.057771903705596,2017-10-02,25.948623929214477,3.7498475790946317,0.31535566762165246,CSCO,sell
-17.66368161377358,,2017-10-02,18.81475489616394,,0.9388207133846294,AVGO,buy
138.49618058176964,16.766983423805236,2017-10-02,69.95148793945312,105.29941475907793,1.9798889868024787,TXN,sell
-11.962025044217011,,2017-10-02,360.8409434661865,,0.03315040951093717,BLK,buy
30.0598462313214,38.21645295791625,2017-10-02,142.68333112335205,22.00858551027508,0.21067524843062557,AMGN,sell
7.953439643818572,26.538337324714657,2017-10-02,112.35341879196167,6.074804650519047,0.07078947600647112,HON,sell
-33.113847809285794,,2017-10-02,68.33793370666504,,0.48456027294334447,LOW,buy
-36.41993649563059,,2017-10-02,126.93289945755004,,0.2869227493523887,MCD,buy
-214.95924734829217,,2017-10-02,45.4924547668457,,4.7251626330120935,NKE,buy
-133.90519819782622,,2017-10-02,41.16720936431884,,3.2527149706165623,QCOM,buy
17.94625374053054,16.57870513000488,2018-01-02,40.20421343536377,10.545893839675017,0.4463774367674844,AAPL,sell
31.24228870436485,18.38226051311493,2018-01-02,78.49704604797363,23.926040273327132,0.39800591585664336,MSFT,sell
30.110546827298215,19.44394868583679,2018-01-02,78.49704604797363,22.65207600720312,0.38358827934615647,MSFT,sell
-0.9138381704895049,,2018-01-02,53.19190188903808,,0.017180024365284652,GOOGL,buy
7.3802390545069,13.089655998802185,2018-01-02,59.40888513793945,5.754139015966923,0.12422786654506268,AMZN,sell
159.05941959217688,17.161504543113708,2018-01-02,59.40888513793945,113.11176469816265,2.6773675220947553,AMZN,sell
-54.61680418979051,,2018-01-02,109.66700708999633,,0.49802402417137337,JNJ,buy
14.42993728061369,19.14869248371124,2018-01-02,85.45614526519775,11.196531061690289,0.16885780695856312,JPM,sell
-28.373766542822736,,2018-01-02,107.76356837615965,,0.2632964643837816,V,buy
-47.84144476689384,,2018-01-02,144.66816770477294,,0.33069779984028536,MA,buy
196.9414817052655,12.75904620141983,2018-01-02,28.711337112808227,109.42255306113076,6.8593629384613095,WMT,sell
-147.65866927701657,,2018-01-02,71.79536167373656,,2.0566602888363406,PG,buy
5.722208567341242,0.2875679940491915,2018-01-02,4.913586030721664,5.387315878182457,1.1645687144915655,NVDA,sell
54.1814925775399,19.309733860015868,2018-01-02,151.425178125,47.27227038103657,0.35781032750586306,HD,sell
17.87028304893439,24.099161613655088,2018-01-02,190.68536595153807,15.611804339102608,0.09371606971389745,UNH,sell
-17.235555989370308,,2018-01-02,87.93512297821044,,0.19600309188901832,CVX,buy
36.69683812095121,41.8787552242279,2018-01-02,167.8693628677368,27.54199369361351,0.218603546794089,COST,sell
-12.160217630244313,,2018-01-02,50.183510867309565,,0.24231500387442395,ABT,buy
-130.7970464971865,,2018-01-02,188.55383139038085,,0.6936854347254551,TMO,buy
-158.3904511239269,,2018-01-02,74.8429646949768,,2.1163038071707696,LLY,buy
-193.82542036334,,2018-01-02,40.9937825389862,,4.728166281777163,ORCL,buy
58.49679877049233,14.057771903705596,2018-01-02,30.13560378627777,31.2089879788268,1.9411191886299228,CSCO,sell
7.454672178739044,13.146680789661406,2018-01-02,30.13560378627777,4.202565593435514,0.24737092482392953,CSCO,sell
9.918158793774605,2.0603931210041044,2018-01-02,21.000361318588258,8.945065719722043,0.47228514992242765,AVGO,sell
69.5780887490147,16.766983423805236,2018-01-02,82.90061574783324,55.505640068254806,0.8392951984899248,TXN,sell
26.88825625037308,16.051343437194824,2018-01-02,82.90061574783324,21.682111137834283,0.3243432634102703,TXN,sell
24.765011180708214,138.53807092285155,2018-01-02,409.6447189727783,16.389712497592136,0.06045485278757834,BLK,sell
9.699786718948435,92.67168973464965,2018-01-02,409.6447189727783,7.505456891959018,0.023678534763664327,BLK,sell
-203.05067252633773,,2018-01-02,136.0432532623291,,1.4925449638785082,AMGN,buy
-34.772879299942616,,2018-01-02,121.84573803024291,,0.28538445301477644,HON,buy
14.413621059931776,15.125157497501371,2018-01-02,77.78694166259766,11.610987558972376,0.1852961532084798,LOW,sell
23.933692969555256,16.65423938179016,2018-01-02,77.78694166259766,18.80947232935879,0.30768265801435035,LOW,sell
0.2137008838281854,39.50146285858154,2018-01-02,140.7202287185669,0.15371307964213857,0.0015186223457295256,MCD,sell
151.6553759433467,12.98540846261978,2018-01-02,55.79052056694031,116.35713921487519,2.718300069657584,NKE,sell
66.16300118378166,27.95360725841522,2018-01-02,52.10017349052429,30.66418369009577,1.269919018519488,QCOM,sell
89.38142857219019,21.24887259521484,2018-01-02,52.10017349052429,52.927527157558785,1.7155687320013708,QCOM,sell
44.173177492840566,32.33838259925842,2018-01-02,52.10017349052429,16.755051627132357,0.847850871377128,QCOM,sell
2.361797713712929,38.221934697723384,2018-01-02,52.10017349052429,0.6291263628356376,0.04533185890719693,QCOM,sell
-1.7720676091719225,,2018-04-02,39.11521779212951,,0.04530378991085371,AAPL,buy
88.31085307534758,19.44394868583679,2018-04-02,81.22397192230224,67.17039841693594,1.087251103157385,MSFT,sell
-41.74477226147033,,2018-04-02,50.18935907440185,,0.8317454741668833,GOOGL,buy
258.17828591939474,17.161504543113708,2018-04-02,68.55148291168213,193.5447048713042,3.7661954921094427,AMZN,sell
-103.40188364801179,,2018-04-02,98.74019710845947,,1.0472116389886459,JNJ,buy
44.88555521032006,19.14869248371124,2018-04-02,85.82177202072143,34.8706175849872,0.5230089539456557,JPM,sell
89.65691449098296,19.318124433898923,2018-04-02,111.45279692230224,74.1166725381167,0.8044384435994552,V,sell
89.61979251427766,23.449552542304993,2018-04-02,163.44779277648925,76.76220662893118,0.5483083680232408,MA,sell
72.9372989828399,23.267215981101987,2018-04-02,163.44779277648925,62.554485855270684,0.4462421776632972,MA,sell
63.54736705186869,18.597115319824216,2018-04-02,163.44779277648925,56.316937730924124,0.3887930572349063,MA,sell
-142.5976262718124,,2018-04-02,25.097477667617795,,5.681751296298593,WMT,buy
-160.53692905611868,,2018-04-02,61.76859534454345,,2.5990056623539566,PG,buy
1.912932235984484,0.2875679940491915,2018-04-02,5.45183566288948,1.8120307928983328,0.3508785580251015,NVDA,sell
193.039728364781,0.373252238458395,2018-04-02,5.45183566288948,179.82353565853074,35.408207492165985,NVDA,sell
-68.54743096148354,,2018-04-02,140.23089019927977,,0.4888183399825241,HD,buy
17.894971547756285,24.099161613655088,2018-04-02,187.8910586883545,15.59973826517397,0.09524120877639941,UNH,sell
-120.3108118196242,,2018-04-02,78.13207729187012,,1.5398388983079414,CVX,buy
0.3220614110995589,41.8787552242279,2018-04-02,163.34015638275145,0.23948814007242197,0.0019717221914792304,COST,sell
31.472098892784317,17.945292175292966,2018-04-02,49.85620475006103,20.144000156988803,0.6312574142087257,ABT,sell
60.882560072379114,45.04221153335571,2018-04-02,198.35990639190672,47.057764531014485,0.3069297681159986,TMO,sell
54.14635469090112,45.19340982742309,2018-04-02,198.35990639190672,41.80989798088349,0.2729702573257029,TMO,sell
-103.05488363088752,,2018-04-02,67.40408344726562,,1.5289115786510727,LLY,buy
-5.39093670659527,,2018-04-02,39.72368709335327,,0.13571088438810364,ORCL,buy
128.03649159728292,13.146680789661406,2018-04-02,32.04013630256653,75.50067000894563,3.9961281808600404,CSCO,sell
0.8467824561534356,10.971407332324981,2018-04-02,32.04013630256653,0.5568212911760642,0.02642880317851848,CSCO,sell
-153.60675611140698,,2018-04-02,18.19490029621124,,8.442297215741974,AVGO,buy
-20.16006540403642,,2018-04-02,79.58584537734984,,0.2533121977714643,TXN,buy
74.59880587767321,92.67168973464965,2018-04-02,419.93536203918455,58.13627850369604,0.1776435437954671,BLK,sell
-39.35414560887155,,2018-04-02,128.59178233642578,,0.3060393509898791,AMGN,buy
-59.49691890602991,,2018-04-02,113.4527363014221,,0.5244203079241565,HON,buy
-65.63599593481159,,2018-04-02,72.19530727233887,,0.9091449072613003,LOW,buy
-80.68163035751097,,2018-04-02,129.11957157440185,,0.6248598053240926,MCD,buy
57.28717163469649,12.98540846261978,2018-04-02,56.51455028686523,44.12423714138899,1.0136711934167302,NKE,sell
-200.44205558435365,,2018-04-02,43.428427034759515,,4.615457415114818,QCOM,buy
62.27589951952263,16.57870513000488,2018-07-02,44.033695684432985,38.82899689660751,1.4142782828364489,AAPL,sell
72.50717602996828,19.44394868583679,2018-07-02,92.16467232513428,57.210362462312766,0.786713327360193,MSFT,sell
63.031008832971395,12.924925136756896,2018-07-02,56.527625539398194,48.619098502638934,1.115047876706594,GOOGL,sell
41.66710838391762,17.161504543113708,2018-07-02,85.62902068862915,33.3163148786502,0.48660031434238604,AMZN,sell
189.5240944742594,16.63113285598755,2018-07-02,85.62902068862915,152.71413951665585,2.213316150880921,AMZN,sell
-137.6280887782876,,2018-07-02,97.09271288909912,,1.4174914335279585,JNJ,buy
-143.26393234504226,,2018-07-02,84.15929601821898,,1.7022948042962263,JPM,buy
21.406088982854445,19.318124433898923,2018-07-02,124.9364471534729,18.0962022361478,0.17133582289689286,V,sell
32.07776334067202,16.202595174407957,2018-07-02,124.9364471534729,27.917704163777735,0.2567526456172349,V,sell
98.67060540708866,18.597115319824216,2018-07-02,188.54741349334716,88.93836568322077,0.5233198566819386,MA,sell
-131.02738774042356,,2018-07-02,24.798010909080503,,5.283786196434171,WMT,buy
-88.38543790498429,,2018-07-02,62.92815127792358,,1.4045452807699377,PG,buy
19.586044896730076,0.373252238458395,2018-07-02,5.978146026563644,18.363168261103066,3.27627408392172,NVDA,sell
63.820340389446564,19.309733860015868,2018-07-02,158.01993905181885,56.02161704370654,0.40387523734279007,HD,sell
84.63230329512575,24.099161613655088,2018-07-02,214.84233338928223,75.13898080756215,0.39392750004151544,UNH,sell
32.96669026314886,56.25031569519042,2018-07-02,87.12459323272705,11.68238159757783,0.3783855859744252,CVX,sell
14.519374104089826,48.96035377311706,2018-07-02,87.12459323272705,6.360097069629671,0.16665069603602856,CVX,sell
81.84516215295862,41.8787552242279,2018-07-02,186.44155830230713,63.46099103091012,0.4389856151076046,COST,sell
-40.887361757915436,,2018-07-02,52.57083527488708,,0.7777575064980411,ABT,buy
-96.73850003847039,,2018-07-02,201.17200241394042,,0.48087456941158724,TMO,buy
77.38932823474912,22.980060232925414,2018-07-02,76.8701339263916,54.254056662006434,1.0067541746298332,LLY,sell
5.293242626025676,24.861864016151426,2018-07-02,76.8701339263916,3.5812659238806988,0.06885954733855826,LLY,sell
-110.56547542541817,,2018-07-02,39.83497862701416,,2.775587667830152,ORCL,buy
-41.846895518619824,,2018-07-02,33.76252791252136,,1.2394479355054528,CSCO,buy
-7.004577004469469,,2018-07-02,19.60266910266876,,0.3573277173523195,AVGO,buy
26.98713447757967,16.051343437194824,2018-07-02,87.570958719635,22.040520095153525,0.3081744778423747,TXN,sell
-159.3394062482354,,2018-07-02,406.93299978942866,,0.39156177142351956,BLK,buy
58.33863871376996,38.21645295791625,2018-07-02,144.3967762573242,42.89857211518774,0.40401621300607715,AMGN,sell
-84.08436569655227,,2018-07-02,115.9339030555725,,0.7252784861064043,HON,buy
27.940535636136538,16.65423938179016,2018-07-02,81.25068660736083,22.21346564609044,0.3438806095406619,LOW,sell
33.898712112952616,17.994120123672484,2018-07-02,81.25068660736083,26.391360196704312,0.41721139264663876,LOW,sell
-113.16659311514638,,2018-07-02,129.239482723999,,0.8756348348810903,MCD,buy
122.90149409872693,12.98540846261978,2018-07-02,69.24957941207886,99.85548984732992,1.774761596274617,NKE,sell
32.75485539715051,17.296255709075925,2018-07-02,69.24957941207886,24.573775317347124,0.4729971744989001,NKE,sell
42.55713667695036,15.42972044172287,2018-07-02,69.24957941207886,33.07484483777422,0.6145472223550765,NKE,sell
-38.13958062981828,,2018-07-02,45.814930708312986,,0.8324705514156321,QCOM,buy
34.62452986496969,16.57870513000488,2018-10-01,53.64993018608093,23.924984331445252,0.6453788428964771,AAPL,sell
104.92804374838364,13.027003453826904,2018-10-01,53.64993018608093,79.44994930217455,1.955790872130649,AAPL,sell
1.6408730309922803,19.44394868583679,2018-10-01,106.95094554290772,1.3425582208460964,0.015342295691382901,MSFT,sell
50.920811789902224,19.986171390533446,2018-10-01,106.95094554290772,41.40512152076117,0.47611371298698124,MSFT,sell
-101.11178197096712,,2018-10-01,59.89881436042785,,1.688043128242061,GOOGL,buy
36.13973422610554,16.63113285598755,2018-10-01,100.1478497177124,30.138160323234818,0.3608638061423477,AMZN,sell
30.114949545646482,15.884111245059966,2018-10-01,100.1478497177124,25.338519396913945,0.3007049041045988,AMZN,sell
46.82540442028221,39.34489734573364,2018-10-01,112.14147771606444,30.396686272362285,0.41755651320059606,JNJ,sell
-59.255952836668285,,2018-10-01,91.39694091796875,,0.6483362817345508,JPM,buy
21.511176681717156,16.202595174407957,2018-10-01,142.39611776275635,19.06351944937801,0.15106575249162724,V,sell
12.07633836161719,18.597115319824216,2018-10-01,213.71156420288085,11.02545907022326,0.05650765042434891,MA,sell
7.383201991185842,12.75904620141983,2018-10-01,27.990890698242186,4.0177279755314945,0.2637715987955147,WMT,sell
-67.33291022197993,,2018-10-01,68.00181449356079,,0.9901634349529864,PG,buy
104.70761744400227,0.373252238458395,2018-10-01,7.144906942176819,99.23765780549198,14.6548609088114,NVDA,sell
-75.07289117916939,,2018-10-01,170.1849641113281,,0.4411252872495819,HD,buy
-51.694554051585264,,2018-10-01,234.72770153503416,,0.220232012299876,UNH,buy
-172.41135140423674,,2018-10-01,88.18233570098876,,1.9551687992122844,CVX,buy
8.347833725545502,41.8787552242279,2018-10-01,210.86157084960936,6.689888734260134,0.039589165972302,COST,sell
142.79566591258535,17.945292175292966,2018-10-01,64.07524835357665,102.80346905013138,2.2285620357586104,ABT,sell
126.55510542050901,45.19340982742309,2018-10-01,243.02234636993407,103.02041064673907,0.5207550141412263,TMO,sell
16.39168398493781,24.861864016151426,2018-10-01,96.86623579788208,12.184564601465688,0.1692197890206053,LLY,sell
175.22795459263972,24.14480015144348,2018-10-01,96.86623579788208,131.55077533883411,1.8089683484580181,LLY,sell
10.597250611020346,24.474576808357238,2018-10-01,96.86623579788208,7.919710579651656,0.10940087145671917,LLY,sell
28.572207741270017,19.868105938148496,2018-10-01,46.02108451309204,16.23708664848379,0.6208503785507666,ORCL,sell
17.135815040733,17.318501418495178,2018-10-01,46.02108451309204,10.687322132975002,0.3723470496628174,ORCL,sell
1.567679210938998,26.756980868721005,2018-10-01,46.02108451309204,0.656219537635264,0.03406436913699906,ORCL,sell
37.58038470914714,10.971407332324981,2018-10-01,38.78786624794006,26.950521604176075,0.9688696065136853,CSCO,sell
-130.56943837260766,,2018-10-01,20.358532691192625,,6.4134994576054964,AVGO,buy
-214.4888588383757,,2018-10-01,86.17945456237793,,2.4888630350186958,TXN,buy
-257.53974429013255,,2018-10-01,388.2524520843506,,0.6633306316741052,BLK,buy
-1.707597630308082,,2018-10-01,162.57020147094724,,0.01050375539217896,AMGN,buy
63.45491984913228,26.538337324714657,2018-10-01,135.18545526123046,50.99804669946622,0.4693916200268209,HON,sell
124.13764324562385,17.994120123672484,2018-10-01,98.1601444908142,101.38148619208172,1.2646440557882492,LOW,sell
-84.65238369575059,,2018-10-01,138.1705500442505,,0.6126658949294175,MCD,buy
-67.31399597552702,,2018-10-01,74.9386279258728,,0.8982549832926239,NKE,buy
101.03899825021534,38.221934697723384,2018-10-01,59.660997354125975,36.30816631121424,1.6935519473548961,QCOM,sell
33.84015530887686,45.84995123825073,2018-10-01,59.660997354125975,7.833726660068262,0.5672073349363238,QCOM,sell
94.07555480806133,42.583467996215816,2018-10-01,59.660997354125975,26.92844773546595,1.576835101325294,QCOM,sell
2.3862351109458424,51.73349951934814,2018-10-01,59.660997354125975,0.3170727026739151,0.03999656755286907,QCOM,sell
21.91321521069696,56.81565637779235,2018-10-01,59.660997354125975,1.0450809059078097,0.36729548922268407,QCOM,sell
14.882314836362807,52.938188189315795,2018-10-01,59.660997354125975,1.6769911166859028,0.24944797265166052,QCOM,sell
-316.99117772905333,,2019-01-02,37.463118375396725,,8.461419963833869,AAPL,buy
-10.558497267121876,,2019-01-02,94.08197800369263,,0.11222656550341092,MSFT,buy
-20.280633071383903,,2019-01-02,52.27349669876098,,0.387971617591532,GOOGL,buy
-197.58719585558546,,2019-01-02,77.01036674041748,,2.565722047806915,AMZN,buy
60.2514163963502,39.34489734573364,2019-01-02,103.20929620742797,37.28269283984909,0.5837789676935508,JNJ,sell
-6.055207449261344,,2019-01-02,80.5303308227539,,0.07519163757800484,JPM,buy
-2.7255348858370247,,2019-01-02,125.92240409240722,,0.021644558849407858,V,buy
-60.528870587205205,,2019-01-02,181.67519463958737,,0.3331708035721892,MA,buy
74.9512335626678,12.75904620141983,2019-01-02,27.8276196767807,40.5858705532895,2.693411597299029,WMT,sell
17.537165028073318,12.901036050605773,2019-01-02,27.8276196767807,9.406839801536707,0.63020715504123,WMT,sell
51.37895319343975,13.26411828508377,2019-01-02,27.8276196767807,26.889021232417353,1.8463294306235696,WMT,sell
41.091984871876626,12.762190757942198,2019-01-02,27.8276196767807,22.246544419240916,1.4766618686456923,WMT,sell
364.75461789364954,37.619164726257324,2019-01-02,74.73759454650879,181.15539800351416,4.8804703992267875,PG,sell
-699.4606937032308,,2019-01-02,3.371640266036987,,207.45412870673013,NVDA,buy
-83.27742286623692,,2019-01-02,142.1826186126709,,0.5857074773189996,HD,buy
38.920186840218946,24.099161613655088,2019-01-02,212.7695208480835,34.51192446806379,0.18292181457704082,UNH,sell
2.758545201790364,48.96035377311706,2019-01-02,79.12619822845458,1.0516598464641163,0.034862602570969514,CVX,sell
20.681321701286066,59.91642005958557,2019-01-02,79.12619822845458,5.020885762433293,0.2613713556864514,CVX,sell
-16.903410373231218,,2019-01-02,184.69752668762206,,0.0915194192168034,COST,buy
96.02421121966601,17.945292175292966,2019-01-02,60.32837654113769,67.46082819768264,1.5916922802354456,ABT,sell
-1.8948813284120731,,2019-01-02,215.02674094390866,,0.008812305483932192,TMO,buy
22.63502816775374,24.474576808357238,2019-01-02,103.94069457550049,17.305231809229156,0.21776868299943963,LLY,sell
219.75183887974293,29.844471563529964,2019-01-02,103.94069457550049,156.6545358141373,2.1142040639349347,LLY,sell
75.80894604099964,38.92388369560241,2019-01-02,103.94069457550049,47.41988619454382,0.7293480801779086,LLY,sell
-13.867292204044434,,2019-01-02,40.39342132644653,,0.34330571040203495,ORCL,buy
0.20232906815837032,10.971407332324981,2019-01-02,34.319671254730224,0.13764795261215806,0.005895425590082937,CSCO,sell
239.98443589637472,2.0603931210041044,2019-01-02,20.87363238773346,216.2960681181094,11.49701362171173,AVGO,sell
-0.8239903779068503,,2019-01-02,76.19965712356567,,0.010813570677498774,TXN,buy
-94.49652633188305,,2019-01-02,321.7944039337158,,0.2936549709277969,BLK,buy
83.19888047692456,38.21645295791625,2019-01-02,151.61713655548095,62.227859824953654,0.5487432513704,AMGN,sell
-106.09503678669851,,2019-01-02,111.27431733322143,,0.9534548432140628,HON,buy
-121.5189128245689,,2019-01-02,79.90173254241942,,1.5208545416716106,LOW,buy
204.41626840329474,39.50146285858154,2019-01-02,146.64956221618652,149.35479046912243,1.393909844080886,MCD,sell
5.6018947364493465,48.671264528274534,2019-01-02,146.64956221618652,3.7426917735701237,0.03819919167703478,MCD,sell
69.36278907275478,50.15218173179626,2019-01-02,146.64956221618652,45.64164629925739,0.4729832672156373,MCD,sell
21.616716003245468,50.159633233261104,2019-01-02,146.64956221618652,14.22299092118941,0.14740389044856972,MCD,sell
-8.82636542348918,,2019-01-02,65.90607207183838,,0.13392340259435187,NKE,buy
-144.59101125775584,,2019-01-02,47.74888164100646,,3.0281549282105473,QCOM,buy
95.30038695856499,13.027003453826904,2019-04-01,45.49840224609375,68.01418769061479,2.0945875515166463,AAPL,sell
0.17048036887948936,19.986171390533446,2019-04-01,111.05345660018921,0.1397991998690235,0.0015351198791879739,MSFT,sell
44.1008989858287,20.847852407646176,2019-04-01,111.05345660018921,35.821921804496164,0.3971141496711734,MSFT,sell
-23.354248245358747,,2019-04-01,59.425491322708126,,0.3930005074511591,GOOGL,buy
39.290537700663556,15.884111245059966,2019-04-01,90.64600652160644,32.40556509498343,0.43345028874822233,AMZN,sell
-85.76199066336932,,2019-04-01,113.18503958435058,,0.7577148974662471,JNJ,buy
-134.99424461925662,,2019-04-01,85.54148082733154,,1.578114422542523,JPM,buy
48.96254870120775,16.202595174407957,2019-04-01,149.03227730255125,43.63940414707617,0.3285365397846576,V,sell
62.55573997880496,18.597115319824216,2019-04-01,228.96421604919433,57.474787459775435,0.2732118627889193,MA,sell
94.73501533771774,20.622893029022215,2019-04-01,228.96421604919433,86.2021968863281,0.41375467735693405,MA,sell
6.571132230093693,20.275942035484313,2019-04-01,228.96421604919433,5.989225159618297,0.028699385185507964,MA,sell
-147.85277843049516,,2019-04-01,29.361244365692137,,5.035644150125236,WMT,buy
-12.025909149983423,,2019-04-01,85.64861143035888,,0.140409855444787,PG,buy
273.2748011286753,0.373252238458395,2019-04-01,4.510022459220886,250.65841015549785,60.5927805459053,NVDA,sell
6.340440298844561,0.44530001091659066,2019-04-01,4.510022459220886,5.714412787935176,1.4058555929985062,NVDA,sell
-13.823619491248825,,2019-04-01,162.54126582489013,,0.08504683054542816,HD,buy
-209.76682935453178,,2019-04-01,215.68148055725095,,0.972576916722578,UNH,buy
-18.466354481195758,,2019-04-01,90.3369419303894,,0.2044164224136047,CVX,buy
64.81323880309537,41.8787552242279,2019-04-01,220.5501423751831,52.506297017009814,0.29387076383219934,COST,sell
-1.3783857851224113,,2019-04-01,69.56556093826293,,0.019814197808965872,ABT,buy
41.81660377948501,45.19340982742309,2019-04-01,270.47993449401855,34.82963479883765,0.15460150069065381,TMO,sell
82.93155137508408,52.90522140312194,2019-04-01,270.47993449401855,66.71034038207333,0.3066088859057974,TMO,sell
35.514872942794874,46.40310688362121,2019-04-01,270.47993449401855,29.421997890138492,0.13130317045229933,TMO,sell
-34.40641482864489,,2019-04-01,117.55865103378295,,0.2926744610122949,LLY,buy
54.08990020947305,26.756980868721005,2019-04-01,48.87893064193725,24.480364851632057,1.1066097293680333,ORCL,sell
34.60472446647515,22.660035041427612,2019-04-01,48.87893064193725,18.562142136809932,0.7079681165689191,ORCL,sell
205.62716941109161,10.971407332324981,2019-04-01,44.27252679862976,154.66962085138516,4.644577219329975,CSCO,sell
8.265152769287939,2.0603931210041044,2019-04-01,25.403201015281677,7.594785916715125,0.3253587122471657,AVGO,sell
88.25015859726963,2.545947004365921,2019-04-01,25.403201015281677,79.40559500150954,3.473977887439517,AVGO,sell
9.895570413247864,16.051343437194824,2019-04-01,88.19517813720702,8.09459668016147,0.11220080986574033,TXN,sell
-27.108906889606025,,2019-04-01,365.01463937683104,,0.07426799904762049,BLK,buy
-217.57689899977882,,2019-04-01,152.89987801971435,,1.4230024367431167,AMGN,buy
117.98929337551851,26.538337324714657,2019-04-01,136.82787470855712,95.10477751956621,0.8623191263244809,HON,sell
51.01077078116112,17.994120123672484,2019-04-01,94.67502169876099,41.315563739562435,0.5387986172685366,LOW,sell
-113.11471565659129,,2019-04-01,158.14017696380614,,0.7152813271638117,MCD,buy
2.0351498966266894,15.42972044172287,2019-04-01,75.9350208366394,1.6216148291970465,0.02680120284690446,NKE,sell
-199.9100309176173,,2019-04-01,48.64911997909545,,4.109221934610918,QCOM,buy
11.346171203416537,13.027003453826904,2019-07-01,48.135936087799074,8.275562766821018,0.23571103266219495,AAPL,sell
58.561025361822054,20.847852407646176,2019-07-01,127.06692041473389,48.95292586905961,0.4608675898548942,MSFT,sell
17.345211661113883,24.113276330184934,2019-07-01,127.06692041473389,14.05363994107173,0.1365045411071648,MSFT,sell
83.95524035464616,23.423153536987304,2019-07-01,127.06692041473389,68.47917090523244,0.6607167316294795,MSFT,sell
-231.01318795604863,,2019-07-01,54.519712114715574,,4.237241522295111,GOOGL,buy
14.034511779046223,15.884111245059966,2019-07-01,96.04222042236327,11.71338940819601,0.14612856426399645,AMZN,sell
-72.07401434055446,,2019-07-01,114.27111882705688,,0.6307281759412415,JNJ,buy
74.61757300725684,19.14869248371124,2019-07-01,93.51162918548583,59.337880290507485,0.7979496631295824,JPM,sell
97.11762728469073,16.202595174407957,2019-07-01,165.09313986053465,87.58629484700027,0.5882596173695198,V,sell
113.90970263852458,20.275942035484313,2019-07-01,255.8713932220459,104.88318936209247,0.4451834228286451,MA,sell
21.55068218732662,12.762190757942198,2019-07-01,33.33292425956726,13.299563416686244,0.6465283999540219,WMT,sell
18.914725406432083,13.186712568855285,2019-07-01,33.33292425956726,11.431942158519036,0.5674487260445851,WMT,sell
97.52274918408304,15.42835955018997,2019-07-01,33.33292425956726,52.383714066179394,2.925718380561584,WMT,sell
6.646733954954887,18.846862774658202,2019-07-01,33.33292425956726,2.8885853516939304,0.1994044657827203,WMT,sell
2.5910519391500255,17.72042632217407,2019-07-01,33.33292425956726,1.2135986852112917,0.07773251212444521,WMT,sell
3.2993251464419466,37.619164726257324,2019-07-01,91.82543242034912,1.9476532523058148,0.035930406854373764,PG,sell
35.002926293720954,37.86290746192932,2019-07-01,91.82543242034912,20.569968841486933,0.38118988793309594,PG,sell
-239.2688615298781,,2019-07-01,4.121884212350845,,58.04841892766689,NVDA,buy
53.37342351129844,19.309733860015868,2019-07-01,175.6837132095337,47.50704816908397,0.3038040495401031,HD,sell
-101.4473382201246,,2019-07-01,214.07803348999022,,0.47388018549258604,UNH,buy
-73.04888073687682,,2019-07-01,91.15272101135253,,0.8013900180530982,CVX,buy
53.07542051990435,41.8787552242279,2019-07-01,238.67877035064697,43.76276761361284,0.22237176956262328,COST,sell
23.408649131390995,17.945292175292966,2019-07-01,73.98180682983399,17.730563314185332,0.31641088714193444,ABT,sell
57.55027292885107,46.40310688362121,2019-07-01,293.41537600708006,48.4488021666828,0.1961392538864848,TMO,sell
-298.1605033665154,,2019-07-01,103.27717661972045,,2.8869931685330616,LLY,buy
7.6563159419102815,22.660035041427612,2019-07-01,52.1833176109314,4.3316444669103,0.1467196087261886,ORCL,sell
20.282850023119426,21.01503974571228,2019-07-01,52.1833176109314,12.114628474421153,0.38868456341439206,ORCL,sell
-85.2805227843473,,2019-07-01,44.42050741882324,,1.9198457590831026,CSCO,buy
-103.06601369908307,,2019-07-01,25.22579656925201,,4.08573871656094,AVGO,buy
59.31241711179197,16.051343437194824,2019-07-01,95.76395007705688,49.370847487883836,0.6193605951306935,TXN,sell
61.42295353914394,92.67168973464965,2019-07-01,396.231781842041,47.057198055060766,0.15501773546179187,BLK,sell
-122.94261271386948,,2019-07-01,149.85766512145995,,0.8203958910892162,AMGN,buy
84.30884490274316,26.538337324714657,2019-07-01,150.55595973358155,69.44781535967293,0.559983444374657,HON,sell
-188.31070552814174,,2019-07-01,89.32819491958618,,2.108076914547084,LOW,buy
19.493509578657836,50.159633233261104,2019-07-01,173.94478848724364,13.872258724302714,0.11206722402084157,MCD,sell
66.7968794063296,66.81352141723632,2019-07-01,173.94478848724364,41.139687997305884,0.38401196142319716,MCD,sell
-80.17088311882455,,2019-07-01,76.41410156326293,,1.0491634590828944,NKE,buy
64.53955030819225,52.938188189315795,2019-07-01,65.73994528656006,12.568000210668963,0.9817402498110503,QCOM,sell
77.03736851452851,53.535930687713616,2019-07-01,65.73994528656006,14.301277038029838,1.1718502073392827,QCOM,sell
96.15315303552963,50.33193775253296,2019-07-01,65.73994528656006,22.536199261102624,1.462629039564888,QCOM,sell
120.7237034935614,45.914426576232906,2019-07-01,65.73994528656006,36.4072411675843,1.8363827801700694,QCOM,sell
161.3965680271666,39.14628352928161,2019-07-01,65.73994528656006,65.28946320522017,2.4550760929848643,QCOM,sell
202.28888815548254,13.027003453826904,2019-10-01,53.84235368385315,153.34567032838828,3.75705878950361,AAPL,sell
12.25549752533818,23.423153536987304,2019-10-01,128.79616258850098,10.026685777853762,0.09515421328579521,MSFT,sell
162.11515771636147,12.924925136756896,2019-10-01,59.68979721794128,127.01156590205211,2.715960939261386,GOOGL,sell
-188.39136719537873,,2019-10-01,86.84324897155761,,2.1693265674235604,AMZN,buy
-121.6594838556383,,2019-10-01,107.38664913864135,,1.1329107000868426,JNJ,buy
30.430961412976806,19.14869248371124,2019-10-01,95.7227725616455,24.343453639364125,0.3179072293730236,JPM,sell
-6.135828416471862,,2019-10-01,165.8960753173828,,0.036985976942089493,V,buy
18.151960692439744,20.275942035484313,2019-10-01,260.1866687530518,16.737406654778347,0.06976514507616116,MA,sell
95.52237084223046,17.72042632217407,2019-10-01,35.68632104644775,48.089710792291626,2.676722285771703,WMT,sell
19.942897734119203,19.32803813743591,2019-10-01,35.68632104644775,9.141641771803949,0.5588387132470842,WMT,sell
57.222788443829685,37.86290746192932,2019-10-01,103.59518007431029,36.30848391722783,0.552369216432492,PG,sell
13.562721158459064,41.07768827781677,2019-10-01,103.59518007431029,8.184814275662998,0.13092038788609983,PG,sell
67.46611341489347,39.663540650177,2019-10-01,103.59518007431029,41.635327368461716,0.6512476098453526,PG,sell
8.54620629668093,41.4032944606781,2019-10-01,103.59518007431029,5.130592794495147,0.08249617685446964,PG,sell
65.76871756341171,43.75904542121887,2019-10-01,103.59518007431029,37.98773106299504,0.6348627177078594,PG,sell
7.156307717603172,44.59033064918518,2019-10-01,103.59518007431029,4.076028045070679,0.06907954320335996,PG,sell
74.81893059799795,0.44530001091659066,2019-10-01,4.314338725376129,67.09657203210868,17.34192314523824,NVDA,sell
178.88933203735164,19.309733860015868,2019-10-01,194.24055379943846,161.10568529381945,0.9209679880858577,HD,sell
-194.80788804465163,,2019-10-01,192.54524036560056,,1.01175125219795,UNH,buy
-123.34736618485344,,2019-10-01,85.5762188720703,,1.4413743422018683,CVX,buy
131.96114737319013,41.8787552242279,2019-10-01,257.70433777770995,110.51653903789304,0.5120641294250037,COST,sell
-62.705325269402344,,2019-10-01,72.03054205398558,,0.8705380173649928,ABT,buy
-84.03527031536484,,2019-10-01,282.2205179779053,,0.29776456693323716,TMO,buy
-31.03231913057719,,2019-10-01,102.21639125442505,,0.30359435262525736,LLY,buy
-137.20588944913553,,2019-10-01,48.66015217132568,,2.8196765387426765,ORCL,buy
-234.32174076181823,,2019-10-01,38.984618013381954,,6.010620411398783,CSCO,buy
-151.09806940326138,,2019-10-01,23.296516185760495,,6.4858654486552325,AVGO,buy
0.8621921476061327,16.051343437194824,2019-10-01,105.70590703582764,0.731269073785973,0.00815651813397622,TXN,sell
127.17372181557428,22.310371808242795,2019-10-01,105.70590703582764,100.33233614938027,1.203090020054134,TXN,sell
47.577349020702606,17.687012903976438,2019-10-01,105.70590703582764,39.61657171257221,0.4500916775121837,TXN,sell
-149.5670202153531,,2019-10-01,366.77545360412597,,0.407789067522458,BLK,buy
49.91988105228954,38.21645295791625,2019-10-01,156.23992067871094,37.709424354588805,0.3195078494371737,AMGN,sell
17.419121154520315,34.74343104438781,2019-10-01,156.23992067871094,13.54559106018267,0.11148956731961412,AMGN,sell
0.041013928108497966,37.074346211624146,2019-10-01,156.23992067871094,0.03128168705520161,0.0002625060735459428,AMGN,sell
-133.3812002454223,,2019-10-01,140.70913000640869,,0.9479214336649466,HON,buy
111.07980655931199,17.994120123672484,2019-10-01,96.10780253448486,90.28250051513966,1.1557834393253863,LOW,sell
16.699594909022593,14.426228991699217,2019-10-01,96.10780253448486,14.192907898467633,0.17375899217995894,LOW,sell
21.18906695834209,66.81352141723632,2019-10-01,177.17009876861573,13.198349625834588,0.11959730849399719,MCD,sell
138.32555339326544,15.42972044172287,2019-10-01,82.6579802307129,112.50439719216516,1.6734688291097193,NKE,sell
-46.344921299532274,,2019-10-01,64.5999826675415,,0.7174138348928452,QCOM,buy
231.62492545802363,13.027003453826904,2020-01-02,72.22097820053101,189.84511605754824,3.2071695957217123,AAPL,sell
168.2823061109621,12.51124464969635,2020-01-02,72.22097820053101,139.1298194730304,2.330102835822913,AAPL,sell
98.07400332044347,23.423153536987304,2020-01-02,151.43820000915528,82.90476307839839,0.6476173337672684,MSFT,sell
23.492297157074475,12.924925136756896,2020-01-02,67.74148817138672,19.01001915814077,0.3467933432114556,GOOGL,sell
-51.969615529406234,,2020-01-02,94.966927784729,,0.5472390940897967,AMZN,buy
15.872280909491193,39.34489734573364,2020-01-02,121.25360214614868,10.72197401573089,0.13090152068521732,JNJ,sell
198.37946062430515,19.14869248371124,2020-01-02,117.81665575103759,166.1369286803795,1.6837980959458534,JPM,sell
-43.10376743269574,,2020-01-02,182.22023837890623,,0.23654764046058574,V,buy
-1.607358689228955,,2020-01-02,292.11104245910644,,0.005502560518416466,MA,buy
-197.61243543370006,,2020-01-02,36.22863515167236,,5.454592330248964,WMT,buy
-217.63088660462557,,2020-01-02,104.032076322937,,2.0919594638201247,PG,buy
79.96839896377197,0.44530001091659066,2020-01-02,5.952967588376999,73.98652044639564,13.433367102469703,NVDA,sell
390.0778627513037,0.43581984700560567,2020-01-02,5.952967588376999,361.5200599511551,65.52662297589521,NVDA,sell
-301.89795230441615,,2020-01-02,186.0824676361084,,1.622387945192072,HD,buy
93.81530218202155,24.099161613655088,2020-01-02,259.9184545349121,85.11691970985758,0.360941289643673,UNH,sell
79.49795616970779,21.4294149936676,2020-01-02,259.9184545349121,72.94361320488288,0.3058572978665879,UNH,sell
150.397498099613,28.769859692955016,2020-01-02,259.9184545349121,133.75029647539685,0.5786333962654879,UNH,sell
95.26486876787104,33.57833611068725,2020-01-02,259.9184545349121,82.95779427117184,0.36651829489496723,UNH,sell
-118.63161814855864,,2020-01-02,90.45695233154296,,1.3114704297548059,CVX,buy
-170.0793470158504,,2020-01-02,265.5121445068359,,0.6405708760770885,COST,buy
-100.98587749844107,,2020-01-02,76.83485181503295,,1.314323840196213,ABT,buy
26.001870302557634,46.40310688362121,2020-01-02,320.22969220275877,22.234051152109586,0.08119756204897488,TMO,sell
139.21812462160548,38.92388369560241,2020-01-02,122.32101544418335,94.91739615386338,1.1381374174835273,LLY,sell
-209.50869480081369,,2020-01-02,49.01346862525939,,4.27451271410002,ORCL,buy
-169.0165288837582,,2020-01-02,40.132256125259396,,4.211488343845652,CSCO,buy
99.20082315790116,2.545947004365921,2020-01-02,27.564221954727174,90.03821958562152,3.5988979961354772,AVGO,sell
15.375523036336084,2.4998947593688965,2020-01-02,27.564221954727174,13.981063598147571,0.5578072568705039,AVGO,sell
-194.9822269061312,,2020-01-02,107.4647753829956,,1.8143826775911513,TXN,buy
108.68138096901774,92.67168973464965,2020-01-02,432.7811305480957,85.40937000047394,0.2511231966869216,BLK,sell
110.2184400087879,37.074346211624146,2020-01-02,195.4680874786377,89.31335695149595,0.5638692301669623,AMGN,sell
125.11039410022872,37.101052515029906,2020-01-02,195.4680874786377,101.36366714565125,0.640055344655182,AMGN,sell
-28.17552619487169,,2020-01-02,155.7053530517578,,0.1809541267698478,HON,buy
-30.467388103989073,,2020-01-02,106.37878012237547,,0.2864047516707764,LOW,buy
-283.4162052920814,,2020-01-02,171.52486012268065,,1.6523331083865749,MCD,buy
-21.214105469530708,,2020-01-02,91.91107924957275,,0.23081118884401874,NKE,buy
11.748787682480897,39.14628352928161,2020-01-02,76.3975188217163,5.72867890359482,0.15378493783153147,QCOM,sell
101.79362282784584,37.25803412094116,2020-01-02,76.3975188217163,52.150253107100085,1.3324205340410948,QCOM,sell
-56.163592162590085,,2020-04-01,58.14707783317566,,0.9658884720522636,AAPL,buy
104.4063174356041,23.423153536987304,2020-04-01,143.8063847671509,87.40063853278384,0.7260200414929923,MSFT,sell
137.37508163034155,22.11813108692169,2020-04-01,143.8063847671509,116.24611667863707,0.9552780417418685,MSFT,sell
-53.64889343836188,,2020-04-01,54.62378882369995,,0.9821525491670933,GOOGL,buy
206.73376776885135,15.884111245059966,2020-04-01,95.31823263473511,172.28304334203085,2.1688795737649365,AMZN,sell
148.58795764024282,15.436797841167449,2020-04-01,95.31823263473511,124.52412220894549,1.5588618623431714,AMZN,sell
115.89503797142277,39.34489734573364,2020-04-01,107.68149764099121,73.54905958367681,1.0762762453194643,JNJ,sell
-470.48493562868464,,2020-04-01,70.99608125534057,,6.626914152297569,JPM,buy
-59.68866211705929,,2020-04-01,146.19167909545897,,0.40829042040131647,V,buy
-157.52224597642353,,2020-04-01,220.40475523986814,,0.714695315012559,MA,buy
36.63664781102116,19.32803813743591,2020-04-01,34.87154983634949,16.330279741853822,1.0506171358300733,WMT,sell
76.70366576457475,19.184703620529174,2020-04-01,34.87154983634949,34.504879039942495,2.1996058713920483,WMT,sell
16.931117030414022,20.69136896820068,2020-04-01,34.87154983634949,6.884876150265155,0.48552809123399854,WMT,sell
69.41466275035145,20.26010186882019,2020-04-01,34.87154983634949,29.08527833492274,1.9905815220749048,WMT,sell
53.34128859971407,19.989879963111875,2020-04-01,34.87154983634949,22.763755877766776,1.5296506421435865,WMT,sell
5.839074853612674,20.34609189033508,2020-04-01,34.87154983634949,2.4322187177746604,0.16744523489822427,WMT,sell
12.138612373908574,21.82377960090637,2020-04-01,34.87154983634949,4.541863667521063,0.34809500669957316,WMT,sell
91.53592798739052,44.59033064918518,2020-04-01,92.58077031784057,47.44883213341265,0.9887142618616913,PG,sell
30.70818122434295,40.727685298919674,2020-04-01,92.58077031784057,17.199186465350053,0.3316907076806359,PG,sell
40.40345455053107,0.43581984700560567,2020-04-01,6.0349852548122405,37.48569640577514,6.694872123890235,NVDA,sell
332.65932805847575,0.4928416555464267,2020-04-01,6.0349852548122405,305.49300253306205,55.121812898087256,NVDA,sell
-26.149063564833487,,2020-04-01,152.33680103607176,,0.17165296492369997,HD,buy
-33.907112796499156,,2020-04-01,212.09520116577147,,0.1598674209040576,UNH,buy
-533.0715360382118,,2020-04-01,51.669379196548455,,10.316971953745117,CVX,buy
316.06583937335074,41.8787552242279,2020-04-01,261.4065173858643,265.4303615198347,1.2090970130893997,COST,sell
43.60131962069341,17.945292175292966,2020-04-01,67.85471299667358,32.070235260200505,0.6425687722359221,ABT,sell
45.74112766251554,17.72164597110748,2020-04-01,67.85471299667358,33.79489673830443,0.6741039147090326,ABT,sell
18.96893439876498,16.421366600227355,2020-04-01,67.85471299667358,14.378305214421463,0.27955220147633497,ABT,sell
25.47152947227206,46.40310688362121,2020-04-01,270.2314208312988,21.097655771889062,0.09425820799785356,TMO,sell
44.03595412209956,38.92388369560241,2020-04-01,126.87031131134033,30.525698342343496,0.3470942387304081,LLY,sell
85.6934671025646,39.67936363868713,2020-04-01,126.87031131134033,58.89238016995454,0.6754414505397754,LLY,sell
162.3055793886899,40.119044216156006,2020-04-01,126.87031131134033,110.9811627563045,1.279303075014857,LLY,sell
20.207596508205487,57.240418682861325,2020-04-01,126.87031131134033,11.090480984893789,0.15927758274838588,LLY,sell
5.788273818726778,58.858871821975704,2020-04-01,126.87031131134033,3.102923217427477,0.045623548637177436,LLY,sell
102.93044122138348,69.51303396072387,2020-04-01,126.87031131134033,46.5342112266773,0.8113043954687846,LLY,sell
151.957150482513,21.01503974571228,2020-04-01,44.387722441864014,80.0141585613197,3.4234049895562,ORCL,sell
2.4453362632017113,25.899932227134702,2020-04-01,44.387722441864014,1.01849929105407,0.05509037474054779,ORCL,sell
-81.53655531729459,,2020-04-01,31.76931043987274,,2.566519517998742,CSCO,buy
-258.0474440889887,,2020-04-01,19.47252549934387,,13.251873471557843,AVGO,buy
-160.26926021097813,,2020-04-01,80.94063675689696,,1.9800840051745894,TXN,buy
-42.37040617921397,,2020-04-01,351.3618701293945,,0.12058908430675874,BLK,buy
-3.4896626098028,,2020-04-01,162.40962772216795,,0.02148679643409146,AMGN,buy
-225.49177400456767,,2020-04-01,112.31733666992187,,2.0076310629341467,HON,buy
-329.40423032658265,,2020-04-01,71.33992682037353,,4.617389518158436,LOW,buy
-79.38089336244103,,2020-04-01,135.9622029144287,,0.5838453015681235,MCD,buy
-110.66745396269854,,2020-04-01,71.45125652770996,,1.54885245327743,NKE,buy
-168.94434447076642,,2020-04-01,57.297954046630856,,2.9485231590167125,QCOM,buy
145.74300156188752,12.51124464969635,2020-07-01,87.99776850814818,125.02172215406924,1.6562124703013623,AAPL,sell
189.60232382728296,16.867112974739072,2020-07-01,87.99776850814818,153.25999526048844,2.1546264983949754,AAPL,sell
74.15147515995993,24.551968209457396,2020-07-01,87.99776850814818,53.462715755303776,0.8426517673921907,AAPL,sell
127.15243784761084,22.11813108692169,2020-07-01,194.064468649292,112.66047902635147,0.6552072037328855,MSFT,sell
0.7257216347842259,12.924925136756896,2020-07-01,71.3703853729248,0.5942960056426839,0.010168386102893834,GOOGL,sell
56.566970946433,16.047816189575194,2020-07-01,71.3703853729248,43.847740870735905,0.7925832353413682,GOOGL,sell
398.448623159844,15.436797841167449,2020-07-01,143.83424306030273,355.6857127781256,2.7701930686477336,AMZN,sell
-302.0690433536217,,2020-07-01,118.33275209579467,,2.55270867958083,JNJ,buy
-268.6671654734337,,2020-07-01,79.30175688400269,,3.3879093733878065,JPM,buy
-11.891413835518778,,2020-07-01,185.33375970306395,,0.06416215725926477,V,buy
76.04011741467804,20.275942035484313,2020-07-01,290.40256335754395,70.7309872360536,0.26184382305557463,MA,sell
-377.249770017737,,2020-07-01,36.77946983757019,,10.257074712707706,WMT,buy
-289.54477799562744,,2020-07-01,102.42006308288573,,2.8270318263845127,PG,buy
89.29290507306767,0.4928416555464267,2020-07-01,9.46882055940628,84.64530795274375,9.430203530931266,NVDA,sell
65.33780435742447,2.6680772374391553,2020-07-01,9.46882055940628,46.9272422967545,6.900310756498413,NVDA,sell
345.86662831255705,3.371640266036987,2020-07-01,9.46882055940628,222.71107336451973,36.52689647487034,NVDA,sell
208.78442147243305,19.309733860015868,2020-07-01,212.58963891906737,189.82031939648533,0.9821006448574714,HD,sell
-25.161431890874617,,2020-07-01,267.23017367858887,,0.09415640286615812,UNH,buy
37.488142041231164,59.91642005958557,2020-07-01,66.90942179489136,3.918052724343454,0.5602819608298191,CVX,sell
-357.06352201263195,,2020-07-01,278.81124228515625,,1.2806640043856001,COST,buy
-124.1209674302028,,2020-07-01,81.66565410690308,,1.5198674251445325,ABT,buy
56.86462394004918,46.40310688362121,2020-07-01,353.5057905761719,49.400261847744346,0.16085910176285,TMO,sell
-122.72272654725546,,2020-07-01,152.7974046051025,,0.8031728474997752,LLY,buy
-221.63146639589695,,2020-07-01,50.87750828857421,,4.356177687374476,ORCL,buy
-105.0284439117358,,2020-07-01,38.5381654258728,,2.72530990386025,CSCO,buy
234.90012389637155,2.4998947593688965,2020-07-01,27.47294487476349,213.52543722260816,8.550234602339614,AVGO,sell
39.79566642374028,17.687012903976438,2020-07-01,104.92398406219482,33.087319692054876,0.3792809316137955,TXN,sell
57.23523254244814,92.67168973464965,2020-07-01,469.45340950012206,45.93680418996879,0.1219188771115598,BLK,sell
50.33029338211392,133.28076178894042,2020-07-01,469.45340950012206,36.041208017558134,0.10721041186111746,BLK,sell
40.35396859755475,37.101052515029906,2020-07-01,210.5861137802124,33.24440813674326,0.19162692104034917,AMGN,sell
-264.8853814626287,,2020-07-01,125.70647851409912,,2.1071736683238598,HON,buy
294.0806101030025,14.426228991699217,2020-07-01,120.84664539413451,258.97434621352556,2.433502470373714,LOW,sell
111.90904248228999,22.113834639739988,2020-07-01,120.84664539413451,91.4307077128491,0.9260417789613022,LOW,sell
37.52803122949594,23.565854370880125,2020-07-01,120.84664539413451,30.20982958727586,0.3105425980762675,LOW,sell
68.82461601147894,29.442600102996824,2020-07-01,120.84664539413451,52.05645798889273,0.5695202857059982,LOW,sell
122.64601974577091,39.267320802307125,2020-07-01,120.84664539413451,82.79401899907057,1.0148897335608105,LOW,sell
73.55976025611795,39.406601274871825,2020-07-01,120.84664539413451,49.5728292756681,0.6087033695987749,LOW,sell
8.53705554208424,38.5183647403717,2020-07-01,120.84664539413451,5.815975299382087,0.07064371140995362,LOW,sell
-169.4116628151946,,2020-07-01,159.791249508667,,1.0602061335405342,MCD,buy
-72.09394358376521,,2020-07-01,88.0564618232727,,0.8187240560318685,NKE,buy
137.34257380194387,37.25803412094116,2020-07-01,78.55498123397827,72.20202866287455,1.7483623781013335,QCOM,sell
29.656544535057478,38.178004431915284,2020-07-01,78.55498123397827,15.243356842702937,0.3775259578603247,QCOM,sell
309.6853364928499,24.551968209457396,2020-10-01,113.10636273651123,242.46202250281243,2.738001019573783,AAPL,sell
47.91534577781411,23.705260816574096,2020-10-01,113.10636273651123,37.87306573893209,0.4236308605328958,AAPL,sell
-173.6471141379927,,2020-10-01,202.1911021255493,,0.8588266858062212,MSFT,buy
-192.2916046505904,,2020-10-01,73.74534936752319,,2.607508219837303,GOOGL,buy
-3.037123814672965,,2020-10-01,161.17574764251708,,0.018843553444586547,AMZN,buy
-138.90096372539404,,2020-10-01,125.00929740829467,,1.111125065135976,JNJ,buy
-153.03195367346336,,2020-10-01,83.25997003097534,,1.8380015464397914,JPM,buy
-150.7325617369426,,2020-10-01,194.78066026611327,,0.7738579463228472,V,buy
46.06389026109736,20.275942035484313,2020-10-01,331.53604223327636,43.24673420599267,0.13894082209223502,MA,sell
125.11905194917856,21.82377960090637,2020-10-01,44.08594713821411,63.18161403834952,2.8380710877531357,WMT,sell
48.19829067106683,19.558828544998168,2020-10-01,44.08594713821411,26.81501176720411,1.093280144803515,WMT,sell
24.19650738096038,40.727685298919674,2020-10-01,119.4439795715332,15.946047697016581,0.20257619904960933,PG,sell
40.776684178562526,46.96876059036254,2020-10-01,119.4439795715332,24.742135399109607,0.34138752178917464,PG,sell
37.9119576472693,53.62954017486572,2020-10-01,119.4439795715332,20.889744698190665,0.3174036714388304,PG,sell
669.1379385677437,3.371640266036987,2020-10-01,13.531149040317535,502.40469141440036,49.451671589306585,NVDA,sell
9.239686377958607,19.309733860015868,2020-10-01,239.09077422637938,8.49345982243512,0.038645097904154824,HD,sell
-140.12849302065027,,2020-10-01,282.1566915924072,,0.49663359826700315,UNH,buy
-662.4509236475919,,2020-10-01,54.626617493057246,,12.126888942588948,CVX,buy
86.30027987140336,41.8787552242279,2020-10-01,328.1953342712402,75.28809316697594,0.2629540120155385,COST,sell
12.49279406512583,42.65282574729919,2020-10-01,328.1953342712402,10.869209227943703,0.03806511781426192,COST,sell
17.975166868877682,53.3506433013916,2020-10-01,328.1953342712402,15.053167023773481,0.05476972093095611,COST,sell
9.798106057101828,61.33379336280822,2020-10-01,328.1953342712402,7.967016612800045,0.02985449527751083,COST,sell
151.1486678769133,16.421366600227355,2020-10-01,97.05521322326659,125.5748980204396,1.5573472341893648,ABT,sell
212.96519970845424,46.40310688362121,2020-10-01,430.7900631134033,190.02537873593172,0.4943595916983634,TMO,sell
-504.7996495907613,,2020-10-01,135.66812818756102,,3.720841853827867,LLY,buy
-87.58790610751696,,2020-10-01,54.95054021682739,,1.593940764948023,ORCL,buy
-572.2125175277755,,2020-10-01,33.02128675041198,,17.328595395230515,CSCO,buy
149.60289831797056,2.4998947593688965,2020-10-01,32.67626449241638,138.15754165615598,4.578335395488395,AVGO,sell
105.66171639885465,17.687012903976438,2020-10-01,122.66989215316772,90.42700714298138,0.8613500390700892,TXN,sell
-153.70144255893942,,2020-10-01,493.4309449615478,,0.3114953452522462,BLK,buy
-244.54479230694898,,2020-10-01,212.51845561065673,,1.1506990844831186,AMGN,buy
47.3175111225205,26.538337324714657,2020-10-01,143.38372246398924,38.55969642810313,0.330006156273452,HON,sell
133.0101803971964,38.5183647403717,2020-10-01,149.5195000946045,98.7448528681437,0.8895841700449623,LOW,sell
120.37780658102614,54.67233810424804,2020-10-01,149.5195000946045,76.36123257240874,0.8050977063517486,LOW,sell
58.62885456784088,66.81352141723632,2020-10-01,190.86140535736084,38.10506023130611,0.3071802518590214,MCD,sell
85.07196193922407,60.29897373161315,2020-10-01,190.86140535736084,58.195119087389585,0.4457263729140992,MCD,sell
20.466696347552354,63.47132832450866,2020-10-01,190.86140535736084,13.660457018227316,0.1072332895654382,MCD,sell
128.87534578635754,15.42972044172287,2020-10-01,114.58455243759155,111.52125646967669,1.124718324108736,NKE,sell
5.678560189608153,22.300297775268554,2020-10-01,114.58455243759155,4.573406131149722,0.0495578162047714,NKE,sell
261.53791336547124,18.234927303695677,2020-10-01,114.58455243759155,219.91690306412954,2.282488414028739,NKE,sell
2.039541538125895,38.178004431915284,2020-10-01,105.1367637840271,1.2989288059174162,0.019398937771335056,QCOM,sell
112.1354191279876,50.355593979263304,2020-10-01,105.1367637840271,58.42779647467053,1.0665671558840941,QCOM,sell
358.44988418689354,43.909617667007446,2020-10-01,105.1367637840271,208.7458529713084,3.409367677734732,QCOM,sell
57.488264573012884,23.705260816574096,2021-01-04,125.54455694503784,46.63335904180697,0.4579112465877806,AAPL,sell
-143.53213187129694,,2021-01-04,207.7106796798706,,0.6910195089270932,MSFT,buy
179.29238215692547,16.047816189575194,2021-01-04,85.43312824630738,145.61398067371894,2.0986283171092346,GOOGL,sell
-236.08969218227415,,2021-01-04,159.44302924041747,,1.480715044784331,AMZN,buy
-40.39959763470955,,2021-01-04,133.72186624450683,,0.30211661539960843,JNJ,buy
71.05857892585705,19.14869248371124,2021-01-04,108.92423368377685,58.56660326384769,0.6523670309414396,JPM,sell
347.1427640731596,24.799150393295285,2021-01-04,108.92423368377685,268.1075914302447,3.1870113043986734,JPM,sell
5.426355155580585,33.43837232933044,2021-01-04,108.92423368377685,3.7605322441221745,0.04981770329763435,JPM,sell
117.13311960131834,36.81936514587402,2021-01-04,108.92423368377685,77.53892687284917,1.075363265270914,JPM,sell
2.8189218998836716,41.9156768032074,2021-01-04,108.92423368377685,1.7341585254445673,0.025879657855270466,JPM,sell
-33.63427821638296,,2021-01-04,208.8976824859619,,0.16100838370307535,V,buy
-149.51318025717225,,2021-01-04,340.24743653259276,,0.43942485439666257,MA,buy
-142.17644332990042,,2021-01-04,45.377494742965695,,3.133192877553917,WMT,buy
-221.3780361360669,,2021-01-04,119.04882153625488,,1.8595567203380412,PG,buy
-298.76265405970713,,2021-01-04,13.055329275417327,,22.884344604181337,NVDA,buy
-317.3713183657676,,2021-01-04,228.85164292907714,,1.386799388039016,HD,buy
82.7782769165514,33.57833611068725,2021-01-04,315.6804497039795,73.97330718347494,0.2622217403522278,UNH,sell
11.661649246929622,59.91642005958557,2021-01-04,66.58538425369262,1.1679908758309256,0.17513827362621104,CVX,sell
47.00731522725066,62.65125088768005,2021-01-04,66.58538425369262,2.7773819938861735,0.7059704731619654,CVX,sell
25.5093227326499,68.6586536590576,2021-01-04,66.58538425369262,-0.7942838952716791,0.3831069388359838,CVX,sell
21.066089645900643,70.52804145431519,2021-01-04,66.58538425369262,-1.2473663847147414,0.3163770830793453,CVX,sell
35.33893492965285,72.77340177993774,2021-01-04,66.58538425369262,-3.2841734136482117,0.53073111052435,CVX,sell
45.792075764727464,70.37988178482055,2021-01-04,66.58538425369262,-2.6095504348590595,0.6877196291344969,CVX,sell
76.74180447832754,70.77187198944091,2021-01-04,66.58538425369262,-4.825062239539363,1.1525322762415637,CVX,sell
63.1752282518208,68.35007293548584,2021-01-04,66.58538425369262,-1.674310533989427,0.9487852170548567,CVX,sell
9.900859705811296,61.33379336280822,2021-01-04,357.8572956115722,8.20393388997012,0.027667061220285838,COST,sell
-191.27219192415077,,2021-01-04,97.93697716674804,,1.9530130238601267,ABT,buy
-22.08181009331506,,2021-01-04,464.7082163970947,,0.047517580525079595,TMO,buy
80.93022344942203,69.51303396072387,2021-01-04,156.19147743988037,44.91221873303772,0.5181474993126489,LLY,sell
80.81792924353657,62.01509803695678,2021-01-04,156.19147743988037,48.72954716705036,0.5174285471154736,LLY,sell
-33.52198547393218,,2021-01-04,58.93570016136169,,0.5687891275093264,ORCL,buy
42.77239814000399,10.971407332324981,2021-01-04,37.66342502632141,30.312739937214218,1.1356481283927877,CSCO,sell
92.95710967056733,10.211644302845,2021-01-04,37.66342502632141,67.7537475569784,2.46810027515032,CSCO,sell
165.92752244143,2.4998947593688965,2021-01-04,38.01680755119324,155.01652358315326,4.364583275910078,AVGO,sell
21.44577210290587,2.356547120261192,2021-01-04,38.01680755119324,20.116413439035252,0.5641129143741779,AVGO,sell
88.55252587555178,17.687012903976438,2021-01-04,138.30979257202148,77.22845663421433,0.6402476948943452,TXN,sell
11.511314310109974,20.00256316680908,2021-01-04,138.30979257202148,9.846531308566046,0.08322848365285296,TXN,sell
68.68479270912441,133.28076178894042,2021-01-04,619.867241619873,53.91653124774301,0.11080565014152599,BLK,sell
348.3930004148129,96.99664501724243,2021-01-04,619.867241619873,293.87656541266966,0.5620445428030236,BLK,sell
-468.9241568452774,,2021-01-04,189.89247530517576,,2.469419370576272,AMGN,buy
461.83416409661805,26.538337324714657,2021-01-04,183.01837332458496,394.86651154767435,2.5234306026616817,HON,sell
-300.71875742754776,,2021-01-04,144.14127936553953,,2.0862778431772533,LOW,buy
-299.8956182246359,,2021-01-04,184.06078977966308,,1.62932919381492,MCD,buy
53.94806790126619,18.234927303695677,2021-01-04,127.0183094467163,46.203207332427475,0.4247267038607312,NKE,sell
213.08344360699212,43.909617667007446,2021-01-04,131.19304316711424,141.7655420317224,1.6241977353598358,QCOM,sell
179.2974584248774,43.12557617988586,2021-01-04,131.19304316711424,120.35907255092123,1.3666689490271793,QCOM,sell
-321.5210383892432,,2021-04-01,119.67177011260985,,2.6866907549432533,AAPL,buy
111.57885692440236,22.11813108692169,2021-04-01,231.44854452667235,100.91594353676425,0.482089257258405,MSFT,sell
132.70055062712242,16.047816189575194,2021-04-01,105.41138220748901,112.49823470902052,1.2588825594366853,GOOGL,sell
214.70887937481092,14.39942343673706,2021-04-01,105.41138220748901,185.3791807692124,2.0368661797089764,GOOGL,sell
75.55507837757145,17.941293482780456,2021-04-01,105.41138220748901,62.69540604523974,0.7167639470740532,GOOGL,sell
-215.6380430940464,,2021-04-01,158.16063805389402,,1.3634115652755945,AMZN,buy
-70.35772236905814,,2021-04-01,139.9981376647949,,0.5025618450548208,JNJ,buy
150.14380516397466,41.9156768032074,2021-04-01,133.97411507263183,103.16921452872357,1.1206926433705249,JPM,sell
79.87971713288938,46.09903065376282,2021-04-01,133.97411507263183,52.393978363675416,0.5962324669178365,JPM,sell
159.5830876817507,44.519216909027094,2021-04-01,133.97411507263183,106.55408210358692,1.1911486602858723,JPM,sell
23.141996591652678,45.90896010589599,2021-04-01,133.97411507263183,15.211919966619643,0.1727348344798294,JPM,sell
-201.220465412378,,2021-04-01,208.35728066558838,,0.965747224045101,V,buy
-102.13488205308158,,2021-04-01,352.125435256958,,0.290052554648744,MA,buy
-380.92252508846775,,2021-04-01,42.174238559722895,,9.032113870865594,WMT,buy
-246.72946607545515,,2021-04-01,116.69060455627441,,2.1143901603189406,PG,buy
-52.71891617578287,,2021-04-01,13.7552293012619,,3.8326453904295477,NVDA,buy
263.40510004247875,19.309733860015868,2021-04-01,268.15432357177735,244.43735672421872,0.9822892151577509,HD,sell
-51.68094380107673,,2021-04-01,333.19431554565426,,0.15510751951587665,UNH,buy
38.587626960898575,68.35007293548584,2021-04-01,84.29861564941406,7.300433252361444,0.45774923661118017,CVX,sell
96.80954226190674,64.2456088027954,2021-04-01,84.29861564941406,23.02911380976549,1.148412005536649,CVX,sell
103.12926643895776,59.49876187553405,2021-04-01,84.29861564941406,30.339652766426426,1.2233803087331552,CVX,sell
214.3396354924148,49.11919443702698,2021-04-01,84.29861564941406,89.44802072262243,2.542623432676793,CVX,sell
55.0051410983616,67.24262406921386,2021-04-01,84.29861564941406,11.129094068911918,0.6525034921939898,CVX,sell
-364.75302232124903,,2021-04-01,335.25444192810056,,1.0879886340162939,COST,buy
55.214166560282,16.421366600227355,2021-04-01,107.04054342498779,46.743618470736855,0.5158247967880989,ABT,sell
-279.8309041823258,,2021-04-01,449.68171399230954,,0.6222865984430745,TMO,buy
132.96583220185568,62.01509803695678,2021-04-01,175.55128339233397,85.99443466934576,0.7574187418766662,LLY,sell
15.960886379118339,25.899932227134702,2021-04-01,66.54782053985595,9.749024410527156,0.23984085804221422,ORCL,sell
134.92906488973057,26.705746070098876,2021-04-01,66.54782053985595,80.78181686283315,2.0275504711521037,ORCL,sell
94.27918113474286,10.211644302845,2021-04-01,44.534691329956054,72.6613045050714,2.116982925428438,CSCO,sell
193.02939813321493,11.21398290786743,2021-04-01,44.534691329956054,144.42395579739298,4.334360301345001,CSCO,sell
143.79277564487126,2.356547120261192,2021-04-01,42.88494135475158,135.8912969286659,3.35298990980057,AVGO,sell
40.169249990307485,20.00256316680908,2021-04-01,164.74450712127685,35.292073965840814,0.24382755268882406,TXN,sell
27.536195199536333,22.473077556800842,2021-04-01,164.74450712127685,23.77993612206166,0.1671448455593456,TXN,sell
242.5295061468758,19.21035060443878,2021-04-01,164.74450712127685,214.24888589182177,1.472155341533405,TXN,sell
30.674822639908673,96.99664501724243,2021-04-01,672.6707074035644,26.251625896208267,0.04560154367106328,BLK,sell
16.229500725247025,37.101052515029906,2021-04-01,210.00897289581297,13.362330097262344,0.07728003475974621,AMGN,sell
73.29219010369452,35.45139621353149,2021-04-01,210.00897289581297,60.91981174816308,0.34899551715847554,AMGN,sell
-69.72974834821426,,2021-04-01,191.92038310546874,,0.3633264337008679,HON,buy
141.3352539407966,54.67233810424804,2021-04-01,172.31131967926024,96.49125411603616,0.8202319743350444,LOW,sell
20.471536300619036,61.70181049919128,2021-04-01,172.31131967926024,13.141020488893497,0.11880552211383844,LOW,sell
52.25406411684369,62.95393377838134,2021-04-01,172.31131967926024,33.16304387402784,0.3032538095240014,LOW,sell
111.95806538558068,59.879639723205564,2021-04-01,172.31131967926024,73.05169155085825,0.6497429512697082,LOW,sell
11.4442374269034,63.47132832450866,2021-04-01,198.12110577392576,7.77788926924935,0.057763847936334045,MCD,sell
-332.0847178106152,,2021-04-01,120.5681032836914,,2.754333101095856,NKE,buy
-373.2806090094192,,2021-04-01,122.48271161499022,,3.0476187544147635,QCOM,buy
108.27388537621889,23.705260816574096,2021-07-01,133.5952910797119,89.06167608558098,0.8104618396438497,AAPL,sell
6.428693697512662,22.11813108692169,2021-07-01,259.9817341827393,5.881768005343428,0.024727482173782178,MSFT,sell
117.05616996353373,23.100612700271604,2021-07-01,259.9817341827393,106.65517292808782,0.4502476696353437,MSFT,sell
198.7034487908949,17.941293482780456,2021-07-01,121.20543337326049,169.29060159765538,1.6393939055436064,GOOGL,sell
17.981932136329963,15.436797841167449,2021-07-01,171.52834458618165,16.363637201741756,0.10483358992189906,AMZN,sell
-153.50574740061091,,2021-07-01,143.57945447845458,,1.0691344939163692,JNJ,buy
-146.80517062966587,,2021-07-01,137.91070946960448,,1.064494347061725,JPM,buy
17.630435652686725,16.202595174407957,2021-07-01,225.9417818435669,16.366132922584725,0.0780308781706136,V,sell
-164.77754459053455,,2021-07-01,359.7341206481933,,0.45805369891971104,MA,buy
-137.23586068951755,,2021-07-01,43.49497902069091,,3.15521156187323,WMT,buy
-187.51467014954105,,2021-07-01,118.27678948745726,,1.585388569998564,PG,buy
1087.9429944517146,3.371640266036987,2021-07-01,20.1057357673645,905.4999120552784,54.111075915841724,NVDA,sell
-83.41586451344197,,2021-07-01,282.0337723571777,,0.29576551707361176,HD,buy
77.5664291858371,33.57833611068725,2021-07-01,368.354062600708,70.49564622305716,0.21057573965165766,UNH,sell
-178.85993252470269,,2021-07-01,85.82173668365478,,2.0840866129753763,CVX,buy
96.96967652429372,61.33379336280822,2021-07-01,372.9245914581299,81.02136354459807,0.260024891748607,COST,sell
-258.27241318038546,,2021-07-01,105.97400937118529,,2.43712977090221,ABT,buy
28.52490925505862,46.40310688362121,2021-07-01,501.7175214477539,25.886682849912198,0.05685452079239184,TMO,sell
77.96001383587141,44.323966193389886,2021-07-01,501.7175214477539,71.07267809418512,0.1553862691717649,TMO,sell
194.20679377264378,62.01509803695678,2021-07-01,220.00895652923583,139.4646889726825,0.8827222165695634,LLY,sell
116.50345596287293,69.3133856376648,2021-07-01,220.00895652923583,79.79927310292544,0.5295396051178098,LLY,sell
180.95587774914665,64.25477811965942,2021-07-01,220.00895652923583,128.1067576149191,0.8224932321112135,LLY,sell
47.03352880271436,26.705746070098876,2021-07-01,74.03030343704224,30.066619055354344,0.6353280564723498,ORCL,sell
45.73328419949825,24.810549052810668,2021-07-01,74.03030343704224,30.406210848478683,0.6177643758868463,ORCL,sell
-125.48589020052032,,2021-07-01,46.17841281204223,,2.7174145354730896,CSCO,buy
-241.77487778740496,,2021-07-01,42.707383564376826,,5.66119620563866,AVGO,buy
-228.5383817476187,,2021-07-01,164.83215971069333,,1.3864914598506743,TXN,buy
68.31208386935049,96.99664501724243,2021-07-01,774.8752981567383,59.760975110011515,0.08815880959407307,BLK,sell
136.35754673185448,118.96643510971069,2021-07-01,774.8752981567383,115.42260239489718,0.17597353671773996,BLK,sell
-232.15642005643227,,2021-07-01,209.8524977279663,,1.1062838068164371,AMGN,buy
-163.83752795575288,,2021-07-01,196.13097005615234,,0.8353475634615286,HON,buy
-150.78551372267108,,2021-07-01,177.13228293914793,,0.8512593595063187,LOW,buy
-120.98512203520757,,2021-07-01,205.7482779067993,,0.588024955863844,MCD,buy
137.25678104653855,18.234927303695677,2021-07-01,143.8277626144409,119.85494305068275,0.9543135383012444,NKE,sell
8.335880341267702,19.68178404521942,2021-07-01,143.8277626144409,7.1951756975931005,0.05795738033980058,NKE,sell
30.043534781881522,32.81688198738098,2021-07-01,143.8277626144409,23.18856382565676,0.2088855046881264,NKE,sell
149.85737878284067,31.297831190681457,2021-07-01,143.8277626144409,117.24746496254156,1.0419224776830003,NKE,sell
-149.3127464584418,,2021-07-01,125.7969959335327,,1.1869341183420161,QCOM,buy
74.6140757698257,23.705260816574096,2021-10-01,139.03929255065918,61.89287952188813,0.5366402144389504,AAPL,sell
57.110738498595325,23.100612700271604,2021-10-01,277.26293331298825,52.35246433869074,0.20598043098002528,MSFT,sell
96.17533648010883,27.496067126846313,2021-10-01,277.26293331298825,86.63766234456571,0.34687412172596943,MSFT,sell
15.442883213783919,17.941293482780456,2021-10-01,135.16125651397704,13.392996233559302,0.11425525044735707,GOOGL,sell
236.5633153169571,22.003358114051817,2021-10-01,135.16125651397704,198.05237307051462,1.7502302169889496,GOOGL,sell
50.14928329360658,28.152639076614378,2021-10-01,135.16125651397704,39.70372582448232,0.37103297636494403,GOOGL,sell
-183.67172007798894,,2021-10-01,164.27790848083495,,1.1180548971952398,AMZN,buy
-133.8214608524189,,2021-10-01,139.65480362701416,,0.9582302747696758,JNJ,buy
164.42155007655975,45.90896010589599,2021-10-01,147.3733594024658,113.20182886222429,1.1156802745300567,JPM,sell
-107.09465917425008,,2021-10-01,222.04797927703856,,0.48230413770455094,V,buy
-133.5953536463592,,2021-10-01,349.9275782531738,,0.3817800080612752,MA,buy
-88.91533777924452,,2021-10-01,42.94375114593505,,2.070507009904304,WMT,buy
11.3708905192729,53.62954017486572,2021-10-01,122.66831397399902,6.399634208889411,0.09269623222899348,PG,sell
56.61276670809805,52.74313979415893,2021-10-01,122.66831397399902,32.27123162143968,0.46151092221009726,PG,sell
30.73125069624051,3.371640266036987,2021-10-01,20.63658720817566,25.71032736100646,1.489163415744713,NVDA,sell
45.07068168654386,19.309733860015868,2021-10-01,290.39567121276855,42.07372630968841,0.15520438544526804,HD,sell
-133.93611249677153,,2021-10-01,358.7734877380371,,0.3733166386992526,UNH,buy
-63.74860181660403,,2021-10-01,85.43923645477294,,0.7461279438089221,CVX,buy
139.61089085223085,61.33379336280822,2021-10-01,424.5726471130371,119.44269210237464,0.32882686108382586,COST,sell
115.90319845927363,66.77219459609985,2021-10-01,424.5726471130371,97.67519678639958,0.2729879073637447,COST,sell
36.70804690708284,73.52860687255858,2021-10-01,424.5726471130371,30.350850869035348,0.08645881254170806,COST,sell
73.75527740052952,83.34251678695678,2021-10-01,424.5726471130371,59.27730646510151,0.17371650741526246,COST,sell
7.606714927427369,87.22423752288817,2021-10-01,424.5726471130371,6.043990823295013,0.017916168126116183,COST,sell
-37.12420375174933,,2021-10-01,106.42285544815063,,0.34883675687349225,ABT,buy
330.8993291229848,44.323966193389886,2021-10-01,564.2010960571289,304.90368540665736,0.5864918225707934,TMO,sell
-60.68107435448547,,2021-10-01,219.55589485168454,,0.2763809844207419,LLY,buy
174.5827940704121,24.810549052810668,2021-10-01,83.83182532196045,122.91393252021474,2.082535998708341,ORCL,sell
77.1370629227888,34.05382359580993,2021-10-01,83.83182532196045,45.80275851771192,0.9201405626865444,ORCL,sell
103.2189779722583,31.907922873115538,2021-10-01,83.83182532196045,63.93195093292377,1.2312624421076421,ORCL,sell
69.27768522594963,11.21398290786743,2021-10-01,47.91249031448364,53.063149664946366,1.4459211944783306,CSCO,sell
88.57561521541307,2.356547120261192,2021-10-01,44.58019168395996,83.89343232035056,1.986882780660693,AVGO,sell
14.576252783750613,19.21035060443878,2021-10-01,168.07815520935057,12.91027229910047,0.08672306502647587,TXN,sell
-167.38179954668553,,2021-10-01,746.2484489379882,,0.224297685020173,BLK,buy
-438.7446115119556,,2021-10-01,183.22518329162597,,2.394565002637428,AMGN,buy
-107.16107952762609,,2021-10-01,192.47700110321043,,0.5567474498948783,HON,buy
86.30768924773201,59.879639723205564,2021-10-01,184.76874937591552,58.33719448088141,0.46711194149037283,LOW,sell
9.317715127268723,63.47132832450866,2021-10-01,216.0681287841797,6.580579579305314,0.04312396825806619,MCD,sell
86.9640309578576,62.73943589553833,2021-10-01,216.0681287841797,61.712392614898036,0.4024843064417052,MCD,sell
11.607606234687493,70.6018082649231,2021-10-01,216.0681287841797,7.8147377796886985,0.053721973249843735,MCD,sell
-257.47408780033004,,2021-10-01,134.27782765502928,,1.9174728419184888,NKE,buy
-300.0626831240117,,2021-10-01,115.53084248504638,,2.5972517526032064,QCOM,buy
379.8345650536839,23.705260816574096,2022-01-03,177.66188074493408,329.15358951749363,2.1379632111347817,AAPL,sell
40.09877962837713,21.825783718872067,2022-01-03,177.66188074493408,35.17263966019699,0.22570277574594755,AAPL,sell
53.85194014109311,27.496067126846313,2022-01-03,321.6310848083496,49.24816696440305,0.16743387901446738,MSFT,sell
-251.61337670121262,,2022-01-03,143.72530845794677,,1.7506546300078618,GOOGL,buy
-325.8722199822789,,2022-01-03,170.52377838592528,,1.9110075032748384,AMZN,buy
-207.67966490222858,,2022-01-03,150.2667189590454,,1.3820735978059844,JNJ,buy
-527.2249328053733,,2022-01-03,143.64538805084229,,3.6703227298795404,JPM,buy
-560.9437028356795,,2022-01-03,213.72315573272704,,2.6246276446393644,V,buy
-347.0938005688824,,2022-01-03,360.84644047546385,,0.9618878327067311,MA,buy
-258.3699062280246,,2022-01-03,45.507651707077024,,5.677504695058673,WMT,buy
63.056551928479216,52.74313979415893,2022-01-03,144.05032399749754,39.968783425027624,0.4377397438521182,PG,sell
35.20514368561212,56.212508486938475,2022-01-03,144.05032399749754,21.467101428617692,0.24439475530942723,PG,sell
962.6213181362207,3.371640266036987,2022-01-03,29.971587513542175,854.3316656209108,32.117795485516936,NVDA,sell
314.76700847499256,19.309733860015868,2022-01-03,361.23835006713864,297.9413664565418,0.8713554593981812,HD,sell
79.87752843269178,33.57833611068725,2022-01-03,460.055451663208,74.04746058389814,0.17362587084647263,UNH,sell
21.85064478936484,44.457322111511225,2022-01-03,460.055451663208,19.739114211402786,0.047495676250264296,UNH,sell
337.83741155084994,44.796075308227536,2022-01-03,460.055451663208,304.94183325685003,0.7343406329160729,UNH,sell
42.328156434609035,67.24262406921386,2022-01-03,98.65645515518189,13.47797824608335,0.4290459896215495,CVX,sell
7.928302654737534,87.22423752288817,2022-01-03,537.5478913696289,6.641830946796903,0.014749016379799862,COST,sell
74.56702657383757,91.07013608169555,2022-01-03,537.5478913696289,61.93405123096289,0.13871699205041388,COST,sell
238.86137977484984,93.53220836334228,2022-01-03,537.5478913696289,197.29999947414208,0.4443536726862609,COST,sell
62.23532931268999,89.0484124168396,2022-01-03,537.5478913696289,51.925629729618834,0.11577634348842736,COST,sell
149.61605360952493,16.421366600227355,2022-01-03,126.55391307220458,130.20219270267563,1.1822317459608094,ABT,sell
-50.37098335222305,,2022-01-03,636.473417980957,,0.0791407495257408,TMO,buy
138.9244181285639,64.25477811965942,2022-01-03,260.3332640625,104.63545511648181,0.5336406725773291,LLY,sell
-497.4531083797271,,2022-01-03,82.51405641098022,,6.028707471391876,ORCL,buy
20.760308655632134,11.21398290786743,2022-01-03,55.252010763931274,16.546783333974744,0.3757385182655568,CSCO,sell
11.840534898512315,13.879326194381713,2022-01-03,55.252010763931274,8.866188012304624,0.2143005247193983,CSCO,sell
705.9359323642426,2.356547120261192,2022-01-03,61.06515367927551,678.6933694905092,11.560372648400055,AVGO,sell
-476.61889306822803,,2022-01-03,166.5625418838501,,2.8615010774786995,TXN,buy
-170.43335056717197,,2022-01-03,811.8819456970214,,0.2099238090839064,BLK,buy
-230.6995046552518,,2022-01-03,195.79299560241697,,1.1782827263326467,AMGN,buy
-559.0856871704879,,2022-01-03,185.37570493774413,,3.0159598711074302,HON,buy
333.3954579066632,59.879639723205564,2022-01-03,232.60291778411863,247.56850399315906,1.4333244874257822,LOW,sell
27.798360451404186,59.1411928741455,2022-01-03,232.60291778411863,20.730400114950648,0.1195099387240024,LOW,sell
-96.4538419850835,,2022-01-03,240.54280441589353,,0.40098410850119137,MCD,buy
-65.18643153129865,,2022-01-03,150.62741438446045,,0.43276605256541956,NKE,buy
102.19854277413616,43.12557617988586,2022-01-03,167.54027820281982,75.89220564042384,0.6099938705510404,QCOM,sell
544.9607710915758,41.16720936431884,2022-01-03,167.54027820281982,411.05557289374957,3.2527149706165623,QCOM,sell
315.01951261728453,43.428427034759515,2022-01-03,167.54027820281982,233.36271900934014,1.8802613675735351,QCOM,sell
22.02255640901592,21.825783718872067,2022-04-01,170.362657232666,19.201166082476227,0.12926868344709774,AAPL,sell
-94.17062059482635,,2022-04-01,298.32593060913086,,0.3156635442401736,MSFT,buy
13.864053479854254,28.152639076614378,2022-04-01,138.73224140167235,11.0506505548114,0.09993389669034158,GOOGL,sell
35.50028664586854,28.728416442108152,2022-04-01,138.73224140167235,28.148952822724326,0.25589067319315006,GOOGL,sell
25.286201369447568,15.436797841167449,2022-04-01,163.44550556030273,22.898017140256883,0.1547072296834635,AMZN,sell
32.26906343792642,39.34489734573364,2022-04-01,156.87422671966553,24.175809275297144,0.20570022311945024,JNJ,sell
98.2261758866011,39.00823988380432,2022-04-01,156.87422671966553,73.80132094404625,0.6261460403061072,JNJ,sell
98.70413851072121,40.02567904052734,2022-04-01,156.87422671966553,73.52026828159944,0.6291928290241433,JNJ,sell
100.16769344888245,38.24675903892517,2022-04-01,156.87422671966553,75.74628456015216,0.638522308880491,JNJ,sell
-394.5156280240557,,2022-04-01,120.92246951370238,,3.262550207671296,JPM,buy
54.975025570940524,16.202595174407957,2022-04-01,218.53086594085693,50.89899685896103,0.25156641069558994,V,sell
197.9925860334859,16.33200202579498,2022-04-01,218.53086594085693,183.1955215443605,0.9060165719888307,V,sell
105.7006310637716,20.275942035484313,2022-04-01,354.0251716278076,99.64688110382156,0.2985681232149684,MA,sell
185.62522004178513,19.558828544998168,2022-04-01,47.62556666793823,109.39280736019536,3.897596039875552,WMT,sell
152.8766020721633,17.60752767677307,2022-04-01,47.62556666793823,96.35698056540741,3.2099691986464194,WMT,sell
10.091975843372452,56.212508486938475,2022-04-01,137.88453809051512,5.9776981614677,0.07319149763367605,PG,sell
5.827399580753958,56.49710087280273,2022-04-01,137.88453809051512,3.4396686103397194,0.04226289373307779,PG,sell
-233.8613441940593,,2022-04-01,26.621271543502807,,8.784754845834385,NVDA,buy
-745.2171031605358,,2022-04-01,268.85783812561033,,2.7717886462077796,HD,buy
6.563649968422301,44.796075308227536,2022-04-01,470.88810397338864,5.93924311719527,0.013938874040430704,UNH,sell
245.05007749367329,43.44520818252563,2022-04-01,470.88810397338864,222.44119962646275,0.5203998050193297,UNH,sell
1.306754326475064,67.24262406921386,2022-04-01,137.2753914276123,0.6666571538342076,0.00951921763169139,CVX,sell
317.05480204926596,72.14639915924072,2022-04-01,137.2753914276123,150.42360860581152,2.3096259187609345,CVX,sell
132.3461583070836,71.86621965026855,2022-04-01,137.2753914276123,63.060483840210836,0.964092376140643,CVX,sell
26.906401160087253,87.93512297821044,2022-04-01,137.2753914276123,9.670845170716944,0.19600309188901832,CVX,sell
211.38198750068597,78.13207729187012,2022-04-01,137.2753914276123,91.07117568106176,1.5398388983079414,CVX,sell
268.3965622189211,88.18233570098876,2022-04-01,137.2753914276123,95.98521081468434,1.9551687992122844,CVX,sell
28.061344401059724,90.3369419303894,2022-04-01,137.2753914276123,9.594989919863966,0.2044164224136047,CVX,sell
110.01112841442034,91.15272101135253,2022-04-01,137.2753914276123,36.962247677543516,0.8013900180530982,CVX,sell
197.86522701947868,85.5762188720703,2022-04-01,137.2753914276123,74.51786083462524,1.4413743422018683,CVX,sell
180.0326165903299,90.45695233154296,2022-04-01,137.2753914276123,61.40099844177125,1.3114704297548059,CVX,sell
85.15743716816412,51.669379196548455,2022-04-01,137.2753914276123,53.1048466296164,0.6203401518841716,CVX,sell
228.97466638024602,89.0484124168396,2022-04-01,546.7794008605957,191.68388605321812,0.4187697378867137,COST,sell
-344.5569627777384,,2022-04-01,108.4637193939209,,3.176702446708184,ABT,buy
-119.99015045282103,,2022-04-01,584.9094553894042,,0.2051431197550695,TMO,buy
100.11370336068487,64.25477811965942,2022-04-01,281.5654309295654,77.26720627849373,0.35556106099448215,LLY,sell
317.1537804277954,72.17393001403808,2022-04-01,281.5654309295654,235.85745553196907,1.1263945981604984,LLY,sell
40.42074437738002,75.84000765686035,2022-04-01,281.5654309295654,29.53336536584453,0.14355719821120871,LLY,sell
-57.83312738384848,,2022-04-01,77.2709478843689,,0.7484459420685781,ORCL,buy
-235.7376370657929,,2022-04-01,49.04658810615539,,4.806402364942642,CSCO,buy
-3.94468358791772,,2022-04-01,58.19142037467956,,0.06778806158225592,AVGO,buy
31.650169344528155,19.21035060443878,2022-04-01,159.94667471923827,27.8488346130277,0.19787950828040124,TXN,sell
-365.7203286550816,,2022-04-01,690.0242440368652,,0.5300108392068941,BLK,buy
102.48299309364887,35.45139621353149,2022-04-01,211.48781064147948,85.30391699327443,0.48458108664891864,AMGN,sell
122.52430091120938,46.20935257606506,2022-04-01,211.48781064147948,95.75316642942138,0.579344504723803,AMGN,sell
161.40364814820575,67.71794740753174,2022-04-01,211.48781064147948,109.72254310706137,0.7631818006845892,AMGN,sell
71.68896623494624,81.12529046020506,2022-04-01,211.48781064147948,44.18956477553567,0.33897445917805413,AMGN,sell
1.5075230003130642,26.538337324714657,2022-04-01,176.4418033905029,1.2807788096604118,0.008544023986065241,HON,sell
-561.9191747942835,,2022-04-01,185.12090328826903,,3.035417204718728,LOW,buy
-69.45376267993663,,2022-04-01,224.47245048828123,,0.3094088496332539,MCD,buy
-498.13353478303515,,2022-04-01,122.41251022567748,,4.06930250727385,NKE,buy
-569.3286710893825,,2022-04-01,132.990260118103,,4.280980205496146,QCOM,buy
-246.2520765466531,,2022-07-01,136.17385304107665,,1.8083653436197586,AAPL,buy
-101.60857073236302,,2022-07-01,250.8558198684692,,0.4050476914812631,MSFT,buy
-321.9532267139381,,2022-07-01,107.78794608535766,,2.986913086357376,GOOGL,buy
-681.2533390722186,,2022-07-01,109.63668955688476,,6.213735035466861,AMZN,buy
21.304943710135497,38.24675903892517,2022-07-01,159.0607444015503,16.182089221523693,0.13394218536002178,JNJ,sell
103.03749281549102,43.50293441467285,2022-07-01,159.0607444015503,74.8568546003907,0.6477870652696804,JNJ,sell
177.75200286676719,44.10703664741516,2022-07-01,159.0607444015503,128.4619399157005,1.117510191062797,JNJ,sell
85.72100405976364,46.92311250915527,2022-07-01,159.0607444015503,60.43320389871497,0.538919922588569,JNJ,sell
10.20828077256218,48.50902258987426,2022-07-01,159.0607444015503,7.095044225964128,0.06417850495400224,JNJ,sell
72.69293004745901,61.28801167373657,2022-07-01,159.0607444015503,44.68347264105094,0.45701364168109926,JNJ,sell
13.511616387769623,64.22765190582275,2022-07-01,159.0607444015503,8.055717150633779,0.08494626652607273,JNJ,sell
-73.65286728643414,,2022-07-01,102.67854467468261,,0.7173150683016516,JPM,buy
36.3711215285527,16.33200202579498,2022-07-01,192.658181401062,33.2878720856018,0.188785761726038,V,sell
15.946012238400064,20.275942035484313,2022-07-01,309.97421127319336,14.902956370897694,0.051443028672943925,MA,sell
-189.25417645751307,,2022-07-01,38.870039726257325,,4.86889588460258,WMT,buy
47.592120293695686,56.49710087280273,2022-07-01,130.62954933929444,27.0085935604019,0.3643289021083653,PG,sell
58.08179578388082,56.19710540885925,2022-07-01,130.62954933929444,33.09488572783624,0.444629841239216,PG,sell
0.9236128905490516,65.11557159881592,2022-07-01,130.62954933929444,0.4632149054964842,0.007070474446406294,PG,sell
152.3871608046236,59.690817454528805,2022-07-01,130.62954933929444,82.7542619390181,1.1665596457721552,PG,sell
-1108.424146563999,,2022-07-01,14.476729901409149,,76.56592021214034,NVDA,buy
44.689851133494926,19.309733860015868,2022-07-01,249.76342814025878,41.234785121400826,0.1789287225365861,HD,sell
156.41369504207103,25.68580653762817,2022-07-01,249.76342814025878,140.3280257325112,0.6262473902073218,HD,sell
128.88703452228418,43.44520818252563,2022-07-01,477.00189383239746,117.14803700623555,0.2702023538874476,UNH,sell
307.7096308749736,60.34864150085449,2022-07-01,477.00189383239746,268.7792651046463,0.6450910045717606,UNH,sell
44.40124224592765,66.82467576522826,2022-07-01,477.00189383239746,38.180934412726444,0.09308399572419468,UNH,sell
96.91760730489702,51.669379196548455,2022-07-01,123.47872041320801,56.36266321492531,0.7848931943947335,CVX,sell
-86.49980410905331,,2022-07-01,462.8600913391113,,0.18688110236248434,COST,buy
23.75778997177145,16.421366600227355,2022-07-01,101.07713803024292,19.898011328049535,0.23504612847925088,ABT,sell
13.762942287928189,20.209542744255064,2022-07-01,101.07713803024292,11.011155129378267,0.13616276198689192,ABT,sell
83.07293602688526,22.008307331085202,2022-07-01,101.07713803024292,64.98482290254815,0.8218766146903498,ABT,sell
8.413860721397807,25.23413751735687,2022-07-01,101.07713803024292,6.313321245971491,0.0832419762308696,ABT,sell
81.98744579756372,24.578920733070373,2022-07-01,101.07713803024292,62.050564217455346,0.8111373886845961,ABT,sell
187.09909017104025,44.323966193389886,2022-07-01,540.9519399719238,171.7687564856012,0.3458700789218927,TMO,sell
28.490345653736473,75.84000765686035,2022-07-01,313.44248490600586,21.596870338244642,0.09089497124896795,LLY,sell
663.3395241356467,74.8429646949768,2022-07-01,313.44248490600586,504.94907301171975,2.1163038071707696,LLY,sell
128.38200685974053,67.40408344726562,2022-07-01,313.44248490600586,100.77416197522734,0.4095871269596376,LLY,sell
-11.237393573555373,,2022-07-01,67.03592125091552,,0.16763241802098605,ORCL,buy
-339.78072072893184,,2022-07-01,37.79541258621216,,8.989998983445005,CSCO,buy
-347.0816610204421,,2022-07-01,44.7170825214386,,7.761724187932913,AVGO,buy
-167.8180160608541,,2022-07-01,131.555021534729,,1.27564888138118,TXN,buy
-216.78226370342517,,2022-07-01,556.7769223876953,,0.38935209953345584,BLK,buy
57.09251293372101,81.12529046020506,2022-07-01,215.31783038635254,35.58176908802834,0.2651545988145889,AMGN,sell
125.02330841975476,85.1794416885376,2022-07-01,215.31783038635254,75.56425716450144,0.5806454031021069,AMGN,sell
67.39648873300777,112.78323111038208,2022-07-01,215.31783038635254,32.09428570056972,0.31300932492249167,AMGN,sell
35.72317909049867,111.81694086151123,2022-07-01,215.31783038635254,17.171735410334946,0.1659090611604217,AMGN,sell
115.80071568411208,101.63896096878051,2022-07-01,215.31783038635254,61.137967130240696,0.5378129413450186,AMGN,sell
97.31108508767417,113.08193248672484,2022-07-01,215.31783038635254,46.20465542344614,0.4519416014598763,AMGN,sell
20.70022643736129,26.538337324714657,2022-07-01,158.42078131256102,17.232565267272662,0.1306661049507145,HON,sell
46.30342152098418,41.09809210739135,2022-07-01,158.42078131256102,34.29122042722597,0.29228123442737264,HON,sell
24.390072109287985,29.10693897399902,2022-07-01,158.42078131256102,19.908839694104888,0.15395752948072428,HON,sell
30.360622527064034,59.1411928741455,2022-07-01,162.64711463012694,19.320995806753125,0.1866656079089175,LOW,sell
51.591387181523054,70.6018082649231,2022-07-01,228.7557744140625,35.66853130939873,0.22553042568507742,MCD,sell
182.54434673896063,68.54120852890014,2022-07-01,228.7557744140625,127.84928967360419,0.7979879292950383,MCD,sell
169.03891665018122,69.31256872100829,2022-07-01,228.7557744140625,117.82044333797171,0.7389492880918933,MCD,sell
32.90918858134173,70.98336942138671,2022-07-01,228.7557744140625,22.69740224977948,0.14386167372445868,MCD,sell
70.38442206127823,69.43812193984985,2022-07-01,228.7557744140625,49.019444087386915,0.30768369559877407,MCD,sell
-376.8430520810053,,2022-07-01,92.9926845375061,,4.0523945937813615,NKE,buy
-88.24496147306975,,2022-07-01,112.35302905654906,,0.7854257443175356,QCOM,buy
178.65641228248495,21.825783718872067,2022-10-03,139.62236494903564,150.72882191477797,1.2795687306091494,AAPL,sell
-108.4761502252569,,2022-10-03,233.1428526824951,,0.4652776140342798,MSFT,buy
-174.14870323968046,,2022-10-03,97.7786174911499,,1.7810509875069869,GOOGL,buy
156.45841543562395,15.436797841167449,2022-10-03,115.79888125534058,135.6014183433681,1.3511219947853181,AMZN,sell
113.34157259291752,29.945946736526487,2022-10-03,115.79888125534058,84.0310934319185,0.9787795129297958,AMZN,sell
-150.3595717746505,,2022-10-03,145.77616627197264,,1.0314413914146066,JNJ,buy
-38.966677477252794,,2022-10-03,97.84659717254638,,0.39824254090857636,JPM,buy
-155.0652273508107,,2022-10-03,176.25998391418455,,0.8797528736091742,V,buy
-153.39806260304377,,2022-10-03,283.7659410583496,,0.5405795425304447,MA,buy
13.166116768129479,17.60752767677307,2022-10-03,42.131966913986204,7.66381572759796,0.31249708315323943,WMT,sell
259.3517328173317,16.978736619377134,2022-10-03,42.131966913986204,154.8357302230459,6.155699622256108,WMT,sell
79.07564044587234,20.32543802318573,2022-10-03,42.131966913986204,40.92771746122876,1.8768561317658836,WMT,sell
-238.74367355545405,,2022-10-03,115.80216570129393,,2.061651197191612,PG,buy
-308.00348723671425,,2022-10-03,12.475844291687011,,24.68798744482129,NVDA,buy
97.71188101468925,25.68580653762817,2022-10-03,255.55478150939942,87.89086159432384,0.3823519968500193,HD,sell
70.41256293637105,56.204854664993285,2022-10-03,255.55478150939942,54.92653742335255,0.2755282547267903,HD,sell
81.10517437221205,66.82467576522826,2022-10-03,476.7506660064697,69.73691132246138,0.17012073638322178,UNH,sell
17.127030570655304,97.0688390724182,2022-10-03,476.7506660064697,13.639880802879697,0.035924502663249314,UNH,sell
232.52749544192994,51.669379196548455,2022-10-03,129.04007132263183,139.42036048403423,1.8019789748918704,CVX,sell
55.65834078192924,89.0484124168396,2022-10-03,455.35641175231933,44.77392857981865,0.122230277965655,COST,sell
0.4081050161489162,113.81620313568115,2022-10-03,455.35641175231933,0.3060992856488254,0.0008962320626570985,COST,sell
-174.75071357037177,,2022-10-03,91.7987952003479,,1.9036275278883998,ABT,buy
-34.97577413389497,,2022-10-03,516.9499907714843,,0.06765794517511825,TMO,buy
80.6300900957254,67.40408344726562,2022-10-03,311.40542917785643,63.17760914341424,0.2589231996005896,LLY,sell
-212.74643074981628,,2022-10-03,59.934205175018306,,3.549666340423798,ORCL,buy
34.86365149379077,13.879326194381713,2022-10-03,36.91117105865479,21.754232921276902,0.9445284582921971,CSCO,sell
-6.497739599757639,,2022-10-03,43.104679909896845,,0.15074325139033817,AVGO,buy
115.24861615014889,19.21035060443878,2022-10-03,142.2959529418945,99.68973146546075,0.8099219532772644,TXN,sell
229.6366501525977,18.8738382024765,2022-10-03,142.2959529418945,199.1781241669104,1.6137960736407457,TXN,sell
-90.07877178690663,,2022-10-03,520.9334290832519,,0.17291800978376237,BLK,buy
-60.302503632246754,,2022-10-03,203.9139411804199,,0.2957252617607544,AMGN,buy
10.661038739647857,25.674035684776303,2022-10-03,157.32976394348145,8.921305060667516,0.06776237675839702,HON,sell
68.82592958373435,29.10693897399902,2022-10-03,157.32976394348145,56.09272461342643,0.43746286690202574,HON,sell
90.59552733330327,59.1411928741455,2022-10-03,178.84411229553223,60.63688074000606,0.5065614191626171,LOW,sell
302.69134200702337,65.83032023010253,2022-10-03,178.84411229553223,191.2743782644623,1.6924870386945639,LOW,sell
-90.62813122373576,,2022-10-03,214.2864312194824,,0.42292986405149513,MCD,buy
-353.2232742342342,,2022-10-03,78.71502749099731,,4.48736773006441,NKE,buy
-35.1212554676389,,2022-10-03,107.21219544143676,,0.3275863843943334,QCOM,buy
-634.247568369848,,2023-01-03,122.96275321960448,,5.158046251917586,AAPL,buy
-296.23879951527846,,2023-01-03,232.67331647338867,,1.2731962736653557,MSFT,buy
-565.7013934731008,,2023-01-03,88.34175660476684,,6.403556089607754,GOOGL,buy
-1030.1927316369738,,2023-01-03,85.88007369461059,,11.995713176729886,AMZN,buy
-8.488421669281616,,2023-01-03,160.19314196472166,,0.052988670833055806,JNJ,buy
3.0374347657404823,45.90896010589599,2023-01-03,123.64855383911133,1.9096781753473218,0.02456506502852207,JPM,sell
87.2067225505849,48.2177918018341,2023-01-03,123.64855383911133,53.19972884861444,0.7052789526681913,JPM,sell
245.28928126149808,45.375654771804804,2023-01-03,123.64855383911133,155.27478937970722,1.983761828550481,JPM,sell
130.30092458319717,68.20782255096435,2023-01-03,123.64855383911133,58.42347785008319,1.0538006352483649,JPM,sell
120.67246404597577,16.33200202579498,2023-01-03,201.4038709259033,110.88703679377754,0.5991566273836479,V,sell
223.68467546685432,20.275942035484313,2023-01-03,338.856048916626,210.30017922282246,0.6601171092622016,MA,sell
43.802861054643934,42.1133439125061,2023-01-03,338.856048916626,38.35900087317845,0.12926687068059817,MA,sell
-40.66717780504728,,2023-01-03,45.88747977867126,,0.8862368995028049,WMT,buy
52.626037020959124,59.690817454528805,2023-01-03,137.3587223373413,29.75678550405434,0.383128469204264,PG,sell
73.53542570258223,58.27050477828979,2023-01-03,137.3587223373413,42.34012698502115,0.535353157420797,PG,sell
118.54432080263156,53.02174273033142,2023-01-03,137.3587223373413,72.785111829338,0.8630272529144296,PG,sell
121.07446329841778,3.371640266036987,2023-01-03,14.25731063632965,92.44216748481873,8.49209688886927,NVDA,sell
52.38551841047812,22.25501807003021,2023-01-03,286.29081957092285,48.31329331929151,0.1829800846879781,HD,sell
-264.33915682210016,,2023-01-03,481.79796015625,,0.548651465307934,UNH,buy
152.92121857774745,51.669379196548455,2023-01-03,149.11591317443848,99.9332828056024,1.025519110082218,CVX,sell
-431.5503735955202,,2023-01-03,433.4378072662353,,0.9956454336952758,COST,buy
12.54553470571567,24.578920733070373,2023-01-03,101.41315296020507,9.504945846332028,0.12370717544536447,ABT,sell
-123.96008263845893,,2023-01-03,547.141398059082,,0.2265595019462836,TMO,buy
103.61325589821466,67.40408344726562,2023-01-03,354.4610235443115,83.91022486543011,0.2923121274722096,LLY,sell
55.38797861880807,31.907922873115538,2023-01-03,79.84194441375732,33.252804396245175,0.6937203123683489,ORCL,sell
107.17726669952131,36.180036245346066,2023-01-03,79.84194441375732,58.610345861886344,1.3423679431466091,ORCL,sell
142.96093506972926,34.02394505996704,2023-01-03,79.84194441375732,82.03938517200575,1.7905492672983563,ORCL,sell
152.87261784460128,30.75616582164764,2023-01-03,79.84194441375732,93.98407725931239,1.9146905673086323,ORCL,sell
202.65444374502124,30.586493377304073,2023-01-03,79.84194441375732,125.01995166193151,2.538195246032892,ORCL,sell
29.303149803276487,13.879326194381713,2023-01-03,43.25399893455505,19.900366600320588,0.6774668360170182,CSCO,sell
163.5571117773488,15.835013217926024,2023-01-03,43.25399893455505,103.67989601288772,3.7813177002389295,CSCO,sell
6.3670952999923855,15.104591429805755,2023-01-03,43.25399893455505,4.143662196233958,0.1472024658257851,CSCO,sell
144.38260005729566,2.356547120261192,2023-01-03,52.5920317073822,137.91309527995722,2.745332237032194,AVGO,sell
197.13275484109334,9.263823432540892,2023-01-03,52.5920317073822,162.40880571170612,3.7483388346341897,AVGO,sell
-207.16125602906573,,2023-01-03,146.65971889648435,,1.4125300224752557,TXN,buy
219.63708252816375,118.96643510971069,2023-01-03,651.2083246032714,179.5125329192632,0.3372762205734561,BLK,sell
28.90714294087311,127.21826295166015,2023-01-03,651.2083246032714,23.259923191227504,0.044390008310295936,BLK,sell
63.269112392905534,184.9822106903076,2023-01-03,651.2083246032714,45.29689085230515,0.09715648587792591,BLK,sell
8.835916328588091,196.3510641998291,2023-01-03,651.2083246032714,6.171728066934836,0.013568494128159525,BLK,sell
37.18539777360541,233.10342691040037,2023-01-03,651.2083246032714,23.87469008673035,0.05710215359464188,BLK,sell
13.08854665422631,238.62392063293456,2023-01-03,651.2083246032714,8.292477255203657,0.020098862621573677,BLK,sell
27.31348973657282,240.65286675720213,2023-01-03,651.2083246032714,17.219838660699203,0.041942783445240384,BLK,sell
17.81055296472433,272.9855423919677,2023-01-03,651.2083246032714,10.344396164075047,0.02735000811848476,BLK,sell
10.95452653290009,263.1670592712402,2023-01-03,651.2083246032714,6.527570634987711,0.01682184658737862,BLK,sell
7.654135986090752,113.08193248672484,2023-01-03,232.79987759399413,3.9361594228347965,0.032878608293083644,AMGN,sell
28.668571000432266,113.91502714691161,2023-01-03,232.79987759399413,14.640294535987696,0.12314684739839343,AMGN,sell
81.5131304414199,112.69692042999267,2023-01-03,232.79987759399413,42.053149318159626,0.35014249699726996,AMGN,sell
391.2774748224248,29.10693897399902,2023-01-03,195.79799554138182,333.1109468655555,1.9983732404437635,HON,sell
14.8689716592583,42.592393001556395,2023-01-03,195.79799554138182,11.634489698965275,0.0759403671020511,HON,sell
-199.28965787369742,,2023-01-03,184.8230875411987,,1.0782725282049732,LOW,buy
78.6890446347054,69.43812193984985,2023-01-03,241.69987797088623,56.08241560970802,0.3255650987303511,MCD,sell
86.76799073497207,31.297831190681457,2023-01-03,109.63680063858033,61.99847985030154,0.7914130130539316,NKE,sell
20.099808728451627,40.344623917007446,2023-01-03,109.63680063858033,12.7033942104252,0.1833308579909314,NKE,sell
163.0151080005967,52.79153638000488,2023-01-03,109.63680063858033,84.52122680031289,1.486864876128399,NKE,sell
70.1966623595277,52.98786359329223,2023-01-03,109.63680063858033,36.27036071494872,0.6402655125894476,NKE,sell
248.9679173614174,47.982855733108515,2023-01-03,109.63680063858033,140.00640451769434,2.270842599485775,NKE,sell
245.01188910506218,45.572585129165645,2023-01-03,109.63680063858033,143.1681185019188,2.234759566842417,NKE,sell
-517.6161015519903,,2023-01-03,98.67281293640136,,5.2457823603915585,QCOM,buy
747.0605928256944,21.825783718872067,2023-04-03,163.39079534912108,647.2680501119737,4.572231815320023,AAPL,sell
34.7643413967647,33.287918421936034,2023-04-03,163.39079534912108,27.681735807293457,0.21276805295232748,AAPL,sell
333.9173492687042,27.496067126846313,2023-04-03,279.25711136169434,301.03935448625765,1.1957344528863718,MSFT,sell
43.93604823782454,35.04866775398254,2023-04-03,279.25711136169434,38.421775209640195,0.1573318868178024,MSFT,sell
83.55211038984045,28.728416442108152,2023-04-03,103.30394883728027,60.31660149678542,0.808798805178764,GOOGL,sell
197.3895841942829,26.246281985282895,2023-04-03,103.30394883728027,147.2391035395563,1.9107651393384977,GOOGL,sell
211.98254835905965,29.945946736526487,2023-04-03,102.3383166595459,149.95281883603235,2.071389830109018,AMZN,sell
138.9470956359434,37.709876831436155,2023-04-03,102.3383166595459,87.74752509826973,1.3577230911290616,AMZN,sell
-612.3550089950364,,2023-04-03,142.0226556427002,,4.311671305003589,JNJ,buy
-348.94186226505934,,2023-04-03,120.15760648117065,,2.904034729750883,JPM,buy
78.11770419512634,16.33200202579498,2023-04-03,222.82566326293946,72.39206880608337,0.3505776805562366,V,sell
-72.36532319367898,,2023-04-03,359.1590418609619,,0.2014854556319179,MA,buy
-131.25894845759237,,2023-04-03,47.70872675170898,,2.7512565812268406,WMT,buy
-279.2171130498715,,2023-04-03,136.53312840576172,,2.045050284206983,PG,buy
703.8198946424721,3.371640266036987,2023-04-03,27.85703327693939,618.6339571012011,25.265428936580562,NVDA,sell
1617.0567377417349,4.121884212350845,2023-04-03,27.85703327693939,1377.7878762118567,58.04841892766689,NVDA,sell
416.4027592947799,13.055329275417327,2023-04-03,27.85703327693939,221.25365351092918,14.9478501588856,NVDA,sell
-415.3346859329646,,2023-04-03,272.1499969818115,,1.5261241614517544,HD,buy
-393.4214865773832,,2023-04-03,460.7198613159179,,0.853927776097354,UNH,buy
-301.78784744724203,,2023-04-03,147.14696769104003,,2.0509280767572236,CVX,buy
53.22125583903045,113.81620313568115,2023-04-03,475.43393089599607,40.4803871881637,0.1119424853390889,COST,sell
-471.8724271125169,,2023-04-03,94.57662485656738,,4.989313456978902,ABT,buy
-157.93597356177742,,2023-04-03,564.2116274353027,,0.27992328743683625,TMO,buy
-368.8646114484429,,2023-04-03,342.20287542724606,,1.0779120747828586,LLY,buy
6.250612069653697,30.586493377304073,2023-04-03,89.90531443176269,4.124104800523719,0.06952438917721437,ORCL,sell
53.16361625542623,35.217807675552365,2023-04-03,89.90531443176269,32.33830660099491,0.5913289619355808,ORCL,sell
80.44759311146383,33.60603492965698,2023-04-03,89.90531443176269,50.37679428051557,0.8948035343619516,ORCL,sell
57.76030445364133,15.104591429805755,2023-04-03,47.57395563468933,39.42157713962997,1.2141160784941007,CSCO,sell
158.87138127442444,9.263823432540892,2023-04-03,61.48730898284912,134.93544312789288,2.583807681658975,AVGO,sell
116.20908659979303,11.808984536361693,2023-04-03,61.48730898284912,93.89047598984656,1.8899686540552239,AVGO,sell
127.06103185349872,18.8738382024765,2023-04-03,166.43143579559325,112.65191890209711,0.7634437042864413,TXN,sell
45.31339209075034,24.47219095363617,2023-04-03,166.43143579559325,38.65048025140424,0.27226462281081965,TXN,sell
-436.01133389252254,,2023-04-03,614.751619354248,,0.7092479631863693,BLK,buy
-436.7405742913749,,2023-04-03,219.71289554443356,,1.987778519823161,AMGN,buy
-549.1417823767025,,2023-04-03,177.7768378158569,,3.0889388579715273,HON,buy
-161.25389394322872,,2023-04-03,190.3941995574951,,0.8469475137268212,LOW,buy
-24.897741828200434,,2023-04-03,259.838223147583,,0.0958201665890357,MCD,buy
-169.5233754235979,,2023-04-03,112.81084594726562,,1.502722313622602,NKE,buy
280.06977682704786,43.428427034759515,2023-04-03,115.35736466674804,174.63229650048115,2.427844790283931,QCOM,sell
236.96723596793802,33.287918421936034,2023-07-03,189.50287518310546,195.341767161987,1.2504677606551908,AAPL,sell
30.46521579653851,35.04866775398254,2023-07-03,329.3264389160156,27.222945816573255,0.09250765257965732,MSFT,sell
272.60527934940984,39.63490657615662,2023-07-03,329.3264389160156,239.7968452171708,0.8277661527774551,MSFT,sell
199.96070792685498,26.246281985282895,2023-07-03,118.68668991622924,155.74155302474,1.68477786403842,GOOGL,sell
295.4969926542133,37.709876831436155,2023-07-03,130.12884721984864,209.8652865788942,2.2708031229615084,AMZN,sell
195.4742275709181,47.99307100868225,2023-07-03,130.12884721984864,123.38100086055779,1.502159065780937,AMZN,sell
125.1588264849326,77.01036674041748,2023-07-03,130.12884721984864,51.08972240595044,0.961806925665611,AMZN,sell
-138.22718490783706,,2023-07-03,149.02413528137205,,0.9275489815582603,JNJ,buy
9.065356881702876,68.20782255096435,2023-07-03,136.21477878570556,4.525994420004697,0.06655193336961318,JPM,sell
46.16316848014423,76.32244656829833,2023-07-03,136.21477878570556,20.29750257254084,0.3388998528035536,JPM,sell
98.29576111489855,84.15929601821898,2023-07-03,136.21477878570556,37.56445038084621,0.7216233215746612,JPM,sell
-165.7582847105778,,2023-07-03,232.33024201660155,,0.7134597858281975,V,buy
-45.11919705976507,,2023-07-03,386.70635714721675,,0.11667560210960914,MA,buy
-74.67886572068251,,2023-07-03,50.95293183670044,,1.4656441352584295,WMT,buy
-216.0870346396674,,2023-07-03,140.13550181884764,,1.5419863762931527,PG,buy
335.3456214626859,13.055329275417327,2023-07-03,42.25362013092041,231.7320731868295,7.936494445295736,NVDA,sell
161.94314242373326,13.7552293012619,2023-07-03,42.25362013092041,109.22422624795038,3.8326453904295477,NVDA,sell
371.1876941991484,26.621271543502807,2023-07-03,42.25362013092041,137.32635000508907,8.784754845834385,NVDA,sell
579.8270574015417,14.476729901409149,2023-07-03,42.25362013092041,381.16952998678636,13.722541538570681,NVDA,sell
-140.0042814615486,,2023-07-03,285.4242055236816,,0.49051299347466326,HD,buy
-404.39694019708423,,2023-07-03,447.3433473236084,,0.9039967680676009,UNH,buy
-529.6827924549452,,2023-07-03,137.4492660797119,,3.8536603909384475,CVX,buy
2.8455903796039252,113.81620313568115,2023-07-03,518.6111441711425,2.2210872305179863,0.005486944142227834,COST,sell
-99.506714453672,,2023-07-03,100.31681571655272,,0.9919245715975507,ABT,buy
-607.4335618479589,,2023-07-03,514.1172597351074,,1.1815078181987735,TMO,buy
256.05391811705385,67.40408344726562,2023-07-03,450.728428024292,217.76239135577524,0.5680891246186359,LLY,sell
131.9166997349286,117.55865103378295,2023-07-03,450.728428024292,97.51028490628372,0.2926744610122949,LLY,sell
389.09182072584684,103.27717661972045,2023-07-03,450.728428024292,299.9376822426488,0.8632511209274707,LLY,sell
272.2379361267338,33.60603492965698,2023-07-03,112.61193521347046,190.99576962537728,2.4174874147280363,ORCL,sell
131.55200477804217,33.48614668426514,2023-07-03,112.61193521347046,92.43386228048097,1.1681888294403997,ORCL,sell
147.8896506479639,42.73293702278137,2023-07-03,112.61193521347046,91.76985201844332,1.3132679974606596,ORCL,sell
-312.2857281270953,,2023-07-03,47.548843946456905,,6.567682875292391,CSCO,buy
120.36185726733015,11.808984536361693,2023-07-03,84.32616135635375,103.50645571251266,1.4273370841427635,AVGO,sell
11.908983760367112,17.90360270423889,2023-07-03,84.32616135635375,9.380542877640028,0.141225256418835,AVGO,sell
79.1671469615594,18.81475489616394,2023-07-03,84.32616135635375,61.50346534778582,0.9388207133846294,AVGO,sell
711.9065172329537,18.19490029621124,2023-07-03,84.32616135635375,558.2997611215467,8.442297215741974,AVGO,sell
30.13207475054926,19.60266910266876,2023-07-03,84.32616135635375,23.127497746079793,0.3573277173523195,AVGO,sell
1.5823736229619905,20.358532691192625,2023-07-03,84.32616135635375,1.2003473974752625,0.018764919421329296,AVGO,sell
-361.3897530077091,,2023-07-03,163.9351088745117,,2.204468313644419,TXN,buy
-141.1970179269831,,2023-07-03,644.5205509399414,,0.2190729492194894,BLK,buy
-546.3246329353452,,2023-07-03,204.15667994842528,,2.676006648782492,AMGN,buy
-22.467477255795362,,2023-07-03,192.59733979797363,,0.11665517955420768,HON,buy
4.7030195988167,65.83032023010253,2023-07-03,210.37466826782227,3.231353410165095,0.022355446297504855,LOW,sell
51.32834517938024,68.33793370666504,2023-07-03,210.37466826782227,34.65488787093765,0.24398538855465013,LOW,sell
-133.94042711794222,,2023-07-03,272.9756172363281,,0.49066809876276807,MCD,buy
-646.4815345437873,,2023-07-03,101.49839022598266,,6.369377219721599,NKE,buy
-409.6912116858474,,2023-07-03,111.98501955490111,,3.658446578964025,QCOM,buy
-301.3646383462532,,2023-10-02,171.55138319244384,,1.7567018856862653,AAPL,buy
-115.7690918667473,,2023-10-02,314.6554990631103,,0.36792330727240063,MSFT,buy
202.7238603722116,26.246281985282895,2023-10-02,132.81230073852538,162.6617006559258,1.5263937093547142,GOOGL,sell
102.54637771021552,26.92777943649292,2023-10-02,132.81230073852538,81.75503364315966,0.7721150611802443,GOOGL,sell
87.72862647444519,38.14743113517761,2023-10-02,132.81230073852538,62.530495590421964,0.6605459433095824,GOOGL,sell
101.2831059026523,35.20238169326782,2023-10-02,132.81230073852538,74.43765157922907,0.7626033532997347,GOOGL,sell
32.51397867295544,77.01036674041748,2023-10-02,129.36938470916746,13.159218445692979,0.25132668556822324,AMZN,sell
-106.20624230468256,,2023-10-02,142.57093650970458,,0.7449361342832539,JNJ,buy
7.363784589314731,84.15929601821898,2023-10-02,134.4935266204834,2.7558979300905513,0.05475196297063434,JPM,sell
-43.332487896420574,,2023-10-02,226.2136587158203,,0.1915555768931565,V,buy
77.21715108991431,42.1133439125061,2023-10-02,388.5790919403076,68.84852676801422,0.19871669035084416,MA,sell
85.32209242835724,20.32543802318573,2023-10-02,51.675799587249756,51.76269101584402,1.6511034780274443,WMT,sell
26.50311566128549,19.518572495460507,2023-10-02,51.675799587249756,16.492569360652872,0.5128728703372545,WMT,sell
-101.14212348312378,,2023-10-02,134.2588171646118,,0.7533369175978635,PG,buy
261.0040173946788,14.476729901409149,2023-10-02,44.61739706726074,176.31766383377084,5.849826178815746,NVDA,sell
-44.687987146740404,,2023-10-02,277.8053506652832,,0.16086078630135248,HD,buy
86.06435853793047,97.0688390724182,2023-10-02,482.88754150085447,68.76391764681982,0.17822857527124292,UNH,sell
267.4983369870696,97.36266185302733,2023-10-02,482.88754150085447,213.56372925341134,0.5539557640183936,UNH,sell
311.24929897879974,51.669379196548455,2023-10-02,146.80015252990722,201.69860862567407,2.120224629299276,CVX,sell
268.40335098239024,113.81620313568115,2023-10-02,548.6611393615723,212.72481258024283,0.48919694092916277,COST,sell
-326.86509704993495,,2023-10-02,89.99611972045898,,3.631991002114596,ABT,buy
-109.78050523974169,,2023-10-02,491.35826707458494,,0.22342252607928081,TMO,buy
679.5006870541902,103.27717661972045,2023-10-02,526.9444181213379,546.3236193089588,1.2895111205025112,LLY,sell
-264.0463774242292,,2023-10-02,103.08053638229369,,2.561554166200331,ORCL,buy
218.6532410662479,15.104591429805755,2023-10-02,50.21510708999634,152.8828372475444,4.35433186818409,CSCO,sell
19.000755215443874,17.597182610702514,2023-10-02,50.21510708999634,12.342206052774978,0.3783872287953187,CSCO,sell
29.308867400047458,19.43730837497711,2023-10-02,50.21510708999634,17.96396490377206,0.5836663326739426,CSCO,sell
-101.93745290548492,,2023-10-02,80.88493372955321,,1.2602773867173198,AVGO,buy
-330.82589748536856,,2023-10-02,146.8939831085205,,2.252140560726474,TXN,buy
-190.79472626788856,,2023-10-02,601.8906942932128,,0.31699231783593973,BLK,buy
196.71757038697857,112.69692042999267,2023-10-02,243.24602086486814,105.57747979779381,0.8087185545216471,AMGN,sell
363.05562342534546,136.0432532623291,2023-10-02,243.24602086486814,160.00495089900772,1.4925449638785082,AMGN,sell
74.44285435635484,128.59178233642578,2023-10-02,243.24602086486814,35.088708747483295,0.3060393509898791,AMGN,sell
2.5549967032854344,162.57020147094724,2023-10-02,243.24602086486814,0.8473990729773524,0.01050375539217896,AMGN,sell
131.6473077049942,152.89987801971435,2023-10-02,243.24602086486814,48.89628379040481,0.541210529310689,AMGN,sell
-384.83973327873576,,2023-10-02,169.76797014923093,,2.2668571282347934,HON,buy
-240.65478310892905,,2023-10-02,193.8992300979614,,1.2411332576583511,LOW,buy
-394.33094125937447,,2023-10-02,239.91913817443844,,1.6435993570995056,MCD,buy
-428.9532859814552,,2023-10-02,88.25844637527464,,4.860195296861981,NKE,buy
-198.82404699891313,,2023-10-02,104.33533563613891,,1.905625220704671,QCOM,buy
-114.42740671859944,,2024-01-02,183.532359223938,,0.6234726519206362,AAPL,buy
180.7979886494161,39.63490657615662,2024-01-02,362.8637678741455,161.0497745158903,0.4982530763780293,MSFT,sell
14.660310654557229,34.76089550094604,2024-01-02,362.8637678741455,13.255911616152217,0.04040169328683696,MSFT,sell
-260.5039376871309,,2024-01-02,136.963422076416,,1.9019964143549792,GOOGL,buy
202.65161888667626,77.01036674041748,2024-01-02,149.82504168090819,98.48828733733541,1.3525884365730807,AMZN,sell
4.807438232550761,86.84324897155761,2024-01-02,149.82504168090819,2.0208976739040105,0.032087014150741666,AMZN,sell
-225.79373188827955,,2024-01-02,148.17735154113768,,1.5238073129252392,JNJ,buy
150.15145650760937,84.15929601821898,2024-01-02,162.16469499206542,72.22672155584364,0.9259195197509307,JPM,sell
105.13725537977324,91.39694091796875,2024-01-02,162.16469499206542,45.88130254310495,0.6483362817345508,JPM,sell
12.19342897379108,80.5303308227539,2024-01-02,162.16469499206542,6.138221524529737,0.07519163757800484,JPM,sell
113.54331160437111,85.54148082733154,2024-01-02,162.16469499206542,53.64949184815183,0.7001728188119287,JPM,sell
74.82335790886509,16.33200202579498,2024-01-02,253.39429234771728,70.00077401550939,0.29528430658647054,V,sell
-123.59312263803248,,2024-01-02,415.322199420166,,0.29758371406725104,MA,buy
-374.28457342238,,2024-01-02,51.67760944099426,,7.242683581363025,WMT,buy
-256.4752879435965,,2024-01-02,138.4096546783447,,1.8530158791280051,PG,buy
-93.01765436594494,,2024-01-02,48.06241730766296,,1.9353511449602934,NVDA,buy
106.83904027267374,22.25501807003021,2024-01-02,321.42804100341795,99.44172433088335,0.3323886738044042,HD,sell
102.54736194923726,56.204854664993285,2024-01-02,321.42804100341795,84.61594701529857,0.31903676365356937,HD,sell
-180.57896522197328,,2024-01-02,508.5705636016845,,0.35507160293178863,UNH,buy
-708.8181395222546,,2024-01-02,133.3300058303833,,5.316268720665793,CVX,buy
91.25605553241483,113.81620313568115,2024-01-02,640.2380428710937,75.0333117115989,0.14253457217753684,COST,sell
148.24307100304677,133.02582271423339,2024-01-02,640.2380428710937,117.44178279244399,0.23154367762693884,COST,sell
39.33659872129261,24.578920733070373,2024-01-02,103.69679346542358,30.012769993631586,0.37934247922920505,ABT,sell
116.96911887819167,27.07801957130432,2024-01-02,103.69679346542358,86.42533845475948,1.1279916665619325,ABT,sell
35.60010005897051,26.217426503944395,2024-01-02,103.69679346542358,26.5994070226874,0.3433095553802339,ABT,sell
-10.622090145149016,,2024-01-02,539.6501959716796,,0.019683287849128206,TMO,buy
3.609207135188908,103.27717661972045,2024-01-02,580.7893906677245,2.9674104206698693,0.0062143131282743624,LLY,sell
-446.91415303556886,,2024-01-02,100.88851231613158,,4.429782368434324,ORCL,buy
-605.1738501042412,,2024-01-02,47.03552634887695,,12.86631397755562,CSCO,buy
674.5215636180067,20.358532691192625,2024-01-02,105.48077634658813,544.3341514708857,6.394734538184167,AVGO,sell
71.55738297217408,25.22579656925201,2024-01-02,105.48077634658813,54.444388089078416,0.6783926460405567,AVGO,sell
-121.48312392387247,,2024-01-02,156.86891722106932,,0.774424443515926,TXN,buy
105.51774943347831,263.1670592712402,2024-01-02,753.03091975708,68.6417127518956,0.14012405953731255,BLK,sell
325.9783954392712,225.75048987579345,2024-01-02,753.03091975708,228.25361345677322,0.43288846033630124,BLK,sell
15.413001365286052,264.73935661926265,2024-01-02,753.03091975708,9.994328694668557,0.020467952856780602,BLK,sell
52.27846412332537,265.440439074707,2024-01-02,753.03091975708,33.850511024768245,0.06942406048902994,BLK,sell
24.165398460016398,281.77095423583984,2024-01-02,753.03091975708,15.123130466871226,0.03209084491220082,BLK,sell
29.391483961912545,302.7188044952392,2024-01-02,753.03091975708,17.576092782276312,0.03903091253064872,BLK,sell
88.5353987427162,152.89987801971435,2024-01-02,273.7701102264404,39.08861415037583,0.3233932245908324,AMGN,sell
34.55284551490051,42.592393001556395,2024-01-02,195.1720302154541,27.01237788811975,0.1770378956285743,HON,sell
121.6151506527084,38.69013482818603,2024-01-02,195.1720302154541,97.50664201697218,0.6231177209073202,HON,sell
26.262258394454445,60.10968192672729,2024-01-02,195.1720302154541,18.17392731020269,0.13455953891273786,HON,sell
-117.52148904038474,,2024-01-02,207.27656864166258,,0.5669791323280471,LOW,buy
59.35853890621523,69.43812193984985,2024-01-02,277.7585883087158,44.51923010990191,0.21370550328489202,MCD,sell
152.5512021830814,69.36032398910523,2024-01-02,277.7585883087158,114.45696764374924,0.5492222692805733,MCD,sell
30.012827754437364,45.572585129165645,2024-01-02,99.64463928451538,16.286428044155805,0.30119861911228085,NKE,sell
77.12695618964258,45.13784040794372,2024-01-02,99.64463928451538,42.18935929897322,0.7740201253518713,NKE,sell
40.67603881291867,43.428427034759515,2024-01-02,132.34381787109373,27.328257163076156,0.307351257257352,QCOM,sell
110.17233103959938,45.814930708312986,2024-01-02,132.34381787109373,72.0327504097811,0.8324705514156321,QCOM,sell
400.7575843045516,47.74888164100646,2024-01-02,132.34381787109373,256.16657304679575,3.0281549282105473,QCOM,sell
64.41274637897054,48.64911997909545,2024-01-02,132.34381787109373,40.734848331433376,0.4867076333078906,QCOM,sell
-743.4763054472521,,2024-04-01,168.31413335113524,,4.417194745590493,AAPL,buy
179.92015128403926,34.76089550094604,2024-04-01,416.17270843505855,164.8922903730809,0.4323208793786506,MSFT,sell
93.40016287358053,35.20238169326782,2024-04-01,153.9165512283325,72.03853439730568,0.606823386622164,GOOGL,sell
386.5055011935217,86.84324897155761,2024-04-01,180.84332221984863,200.9006745567897,2.137239553272819,AMZN,sell
34.681836065483225,94.966927784729,2024-04-01,180.84332221984863,16.469234236212806,0.1917783617319362,AMZN,sell
-435.1628086487931,,2024-04-01,147.2584653625488,,2.9550953663507684,JNJ,buy
165.6087996833277,85.54148082733154,2024-04-01,188.6330468673706,90.50837482029037,0.8779416037305943,JPM,sell
79.7556614788688,70.99608125534057,2024-04-01,188.6330468673706,49.737912643435735,0.42280853118460016,JPM,sell
-100.85475883217832,,2024-04-01,273.28396891784666,,0.3690474755308344,V,buy
60.32309164899607,42.1133439125061,2024-04-01,471.0347907714844,54.9298443682188,0.12806504494115156,MA,sell
74.73041621871083,69.34187083435059,2024-04-01,471.0347907714844,63.72921849327774,0.15865158515428046,MA,sell
127.55285942032282,19.518572495460507,2024-04-01,58.51335232429504,85.00445577049231,2.179893209901806,WMT,sell
-62.933498354837255,,2024-04-01,150.371024710083,,0.41852144371679145,PG,buy
3106.240937909663,14.476729901409149,2024-04-01,90.04299722213744,2606.832739003525,34.49730721697901,NVDA,sell
-117.32856264291397,,2024-04-01,345.33846113586424,,0.3397494801390053,HD,buy
-765.7436634049164,,2024-04-01,463.5827953643798,,1.6517948272930099,UNH,buy
-105.47224441890609,,2024-04-01,143.4411130783081,,0.7352999579787571,CVX,buy
32.27134817193109,133.02582271423339,2024-04-01,710.7416952941894,26.23128795161197,0.04540517094409857,COST,sell
-308.481297910253,,2024-04-01,106.47142763290404,,2.8973153151833912,ABT,buy
-161.49771100827607,,2024-04-01,573.0515512878418,,0.281820563342575,TMO,buy
543.9760436371022,103.27717661972045,2024-04-01,747.2027879516602,468.7885432135354,0.7280166139748054,LLY,sell
196.25994005585963,102.21639125442505,2024-04-01,747.2027879516602,169.41182981885984,0.26265953931177854,LLY,sell
91.79764775205699,42.73293702278137,2024-04-01,121.95622733459473,59.63214717892338,0.7527098021834036,ORCL,sell
343.37678020647974,40.9937825389862,2024-04-01,121.95622733459473,227.95575280701433,2.8155739785587457,ORCL,sell
-416.6553667216614,,2024-04-01,46.96045399856567,,8.8724731395141,CSCO,buy
449.0252218360367,25.22579656925201,2024-04-01,131.78151339569092,363.0722030200493,3.407346070520383,AVGO,sell
141.96696429836854,23.296516185760495,2024-04-01,131.78151339569092,116.8698501706113,1.0772904380912252,AVGO,sell
-284.958403997202,,2024-04-01,161.7591330215454,,1.7616217314866986,TXN,buy
-251.55349777650912,,2024-04-01,783.8617349182128,,0.3209156494962162,BLK,buy
-574.2616106069728,,2024-04-01,262.9646166351318,,2.183798025586732,AMGN,buy
-523.3007098969401,,2024-04-01,189.94709420013427,,2.7549813915319703,HON,buy
57.056984061671415,68.33793370666504,2024-04-01,237.16932965240477,40.616593560828214,0.24057488438869434,LOW,sell
118.48111812333539,72.19530727233887,2024-04-01,237.16932965240477,82.41498452410107,0.4995634060145182,LOW,sell
-616.2371821584247,,2024-04-01,263.89049623107906,,2.3352003613605277,MCD,buy
-925.4400401623598,,2024-04-01,86.99227136611938,,10.638186882918752,NKE,buy
516.4983212612603,48.64911997909545,2024-04-01,162.88603723297118,362.2359349518571,3.1709183306026887,QCOM,sell
83.93957333331765,33.287918421936034,2024-07-01,214.55306153411865,70.916344256499,0.39122990244522526,AAPL,sell
9.72006682447218,39.11521779212951,2024-07-01,214.55306153411865,7.947999215300258,0.04530378991085371,AAPL,sell
911.7124533297491,37.463118375396725,2024-07-01,214.55306153411865,752.5183065802548,4.249356531250275,AAPL,sell
126.03213230508254,34.76089550094604,2024-07-01,448.50412553100585,116.26412899935707,0.2810055139534491,MSFT,sell
230.108211734752,35.20238169326782,2024-07-01,181.34615907440184,185.44028415587974,1.2688893600461881,GOOGL,sell
116.572920314433,40.04770906867981,2024-07-01,181.34615907440184,90.82945587125477,0.6428199026073997,GOOGL,sell
94.25620018740881,42.46341942138672,2024-07-01,181.34615907440184,72.18547874476702,0.5197584590073276,GOOGL,sell
60.76070783700367,47.951076148223876,2024-07-01,181.34615907440184,44.694520699746505,0.3350537345104456,GOOGL,sell
3.11553143144901,53.19190188903808,2024-07-01,181.34615907440184,2.2016932609595052,0.017180024365284652,GOOGL,sell
65.82097162515737,50.18935907440185,2024-07-01,181.34615907440184,47.60436093771684,0.36295762734160064,GOOGL,sell
70.04778753745468,94.966927784729,2024-07-01,197.0619569503784,36.290773837318866,0.35546073235786046,AMZN,sell
3.713347517689269,161.17574764251708,2024-07-01,197.0619569503784,0.6762237030163041,0.018843553444586547,AMZN,sell
105.32713333472795,159.44302924041747,2024-07-01,197.0619569503784,20.106842924605075,0.5344874016512993,AMZN,sell
-502.97312355479795,,2024-07-01,137.7794683731079,,3.6505665865449757,JNJ,buy
-46.2596869275683,,2024-07-01,196.21660124511718,,0.23575827240927438,JPM,buy
-449.4962106292063,,2024-07-01,258.9923861145019,,1.735557625352282,V,buy
-589.9006082534684,,2024-07-01,432.07406034240717,,1.3652766097228515,MA,buy
79.31957185043903,19.518572495460507,2024-07-01,66.03580432434082,55.87464179601682,1.2011600776580806,WMT,sell
92.75828725437954,20.56988124580383,2024-07-01,66.03580432434082,63.86446256474149,1.4046665775249565,WMT,sell
2.1242916337698157,21.725188449096677,2024-07-01,66.03580432434082,1.425418703596728,0.032168785638411634,WMT,sell
62.95520484111017,22.758242547798154,2024-07-01,66.03580432434082,41.2586443754691,0.9533495576414879,WMT,sell
113.87560694244436,25.097477667617795,2024-07-01,66.03580432434082,70.59619918226716,1.724452486156359,WMT,sell
-129.8692051015588,,2024-07-01,153.35889356384277,,0.8468319122783363,PG,buy
1443.9984710289823,14.476729901409149,2024-07-01,123.87000211029053,1275.237871311533,11.657370198018441,NVDA,sell
-572.9282205237454,,2024-07-01,317.65463678588867,,1.8036198883189005,HD,buy
-154.12523887377287,,2024-07-01,470.25534007568353,,0.3277479822961027,UNH,buy
-245.14465556873918,,2024-07-01,142.55794219055176,,1.7196141568953323,CVX,buy
32.90786211955055,133.02582271423339,2024-07-01,834.6980169433593,27.663336143257474,0.039424871572186326,COST,sell
195.233850483943,131.61507636108396,2024-07-01,834.6980169433593,164.44940195510907,0.23389758513969383,COST,sell
325.6561589558442,127.65753507080078,2024-07-01,834.6980169433593,275.8507662400868,0.3901484756707436,COST,sell
-548.9261475855443,,2024-07-01,98.5132087989807,,5.572107073536152,ABT,buy
-489.09423965743326,,2024-07-01,537.960048852539,,0.9091646130612565,TMO,buy
36.835379440906244,102.21639125442505,2024-07-01,899.8545848693848,32.651170547328846,0.04093481331347881,LLY,sell
649.1777032854925,152.7974046051025,2024-07-01,899.8545848693848,538.9458170925444,0.7214251215708609,LLY,sell
266.8458489543101,40.9937825389862,2024-07-01,139.52050758819578,188.44145599043554,1.9125923032184176,ORCL,sell
18.934451475071175,39.72368709335327,2024-07-01,139.52050758819578,13.543514768475905,0.13571088438810364,ORCL,sell
133.63739680098297,39.83497862701416,2024-07-01,139.52050758819578,95.48212531179466,0.9578333616404464,ORCL,sell
-406.5584739108076,,2024-07-01,44.95988236732482,,9.042694342240523,CSCO,buy
751.1809545070278,23.296516185760495,2024-07-01,160.64587670745848,642.2463237291965,4.676005197910889,AVGO,sell
126.0214645283981,24.47219095363617,2024-07-01,182.8310655670166,109.1533172327986,0.6892781822255749,TXN,sell
74.21165988124048,30.541830176925657,2024-07-01,182.8310655670166,61.81464241480884,0.40590290086144165,TXN,sell
13.613613383143718,34.82878738288879,2024-07-01,182.8310655670166,11.020259542734337,0.07446006695264629,TXN,sell
151.7429938139463,33.88707716369629,2024-07-01,182.8310655670166,123.61797838248154,0.829962858572987,TXN,sell
-428.6311494540969,,2024-07-01,746.5618395446777,,0.5741401806922193,BLK,buy
162.26837302904326,152.89987801971435,2024-07-01,290.5959093658447,76.88928253619419,0.5583986828415952,AMGN,sell
91.74749364113896,149.85766512145995,2024-07-01,290.5959093658447,44.434146361712045,0.3157219034547172,AMGN,sell
2.618709374556767,60.10968192672729,2024-07-01,199.12446177062986,1.8281998301067963,0.013151118407407125,HON,sell
-834.3916862591176,,2024-07-01,204.44189838256835,,4.081314509698672,LOW,buy
-670.027609313554,,2024-07-01,236.95056993103026,,2.8277104777953497,MCD,buy
-956.2010044253664,,2024-07-01,72.49065699996947,,13.19067924057812,NKE,buy
86.03683184659263,48.64911997909545,2024-07-01,190.51727080993652,64.06708528591577,0.45159597070033897,QCOM,sell
136.67972586507526,64.5999826675415,2024-07-01,190.51727080993652,90.33480456554298,0.7174138348928452,QCOM,sell
309.98948151535814,57.297954046630856,2024-07-01,190.51727080993652,216.7603323085895,1.6270938597719535,QCOM,sell
-110.10110871381038,,2024-10-01,224.4904379241943,,0.4904489907538476,AAPL,buy
-677.4995349872675,,2024-10-01,414.4376390106201,,1.634744220154932,MSFT,buy
-719.2156374631827,,2024-10-01,165.94162414703368,,4.33414847636972,GOOGL,buy
-602.9546607189908,,2024-10-01,185.25959588623044,,3.2546473926741726,AMZN,buy
55.62642325113815,64.22765190582275,2024-10-01,153.35177655944824,32.3286524036315,0.3627373904571236,JNJ,sell
45.01362129045693,75.14150574188231,2024-10-01,153.35177655944824,22.957200696277706,0.2935317888085045,JNJ,sell
112.99077758471691,75.79039714813231,2024-10-01,153.35177655944824,57.14782552147677,0.7368077509093283,JNJ,sell
-256.61772655404394,,2024-10-01,198.83082616271972,,1.2906335074221964,JPM,buy
-55.20634734744285,,2024-10-01,273.668423638916,,0.20172713612105753,V,buy
104.49717112359973,49.57899635887146,2024-10-01,490.13990757751463,93.92699557463165,0.21319865921563164,MA,sell
208.41663822057507,69.34187083435059,2024-10-01,490.13990757751463,178.93118032621837,0.4252186671570186,MA,sell
315.62371832990385,25.097477667617795,2024-10-01,79.75736315917969,216.30549981826866,3.957298810142234,WMT,sell
330.5286782215462,24.798010909080503,2024-10-01,79.75736315917969,227.7613167687436,4.144177604792141,WMT,sell
5.900639806326114,53.02174273033142,2024-10-01,163.83651279144286,3.991039800656825,0.03601541381582862,PG,sell
-591.0659575474782,,2024-10-01,116.76857810592651,,5.061857968427887,NVDA,buy
42.022634400355,56.204854664993285,2024-10-01,388.30108843688964,35.94004506582633,0.10822177854179493,HD,sell
55.29517138658889,60.747075421905514,2024-10-01,388.30108843688964,46.64461632322278,0.1424028235645185,HD,sell
290.2602589531081,59.129981265640254,2024-10-01,388.30108843688964,246.0598068164753,0.7475133796857332,HD,sell
67.28868664223005,85.68515890731811,2024-10-01,388.30108843688964,52.44030743522378,0.17328997689164716,HD,sell
23.661029565820055,104.65808642807006,2024-10-01,388.30108843688964,17.28371528311958,0.0609347495292063,HD,sell
201.27836066603265,101.11994404144286,2024-10-01,388.30108843688964,148.86218885143683,0.5183564163476362,HD,sell
42.09253879519599,100.76027930526733,2024-10-01,388.30108843688964,31.169942665617853,0.10840180480729522,HD,sell
107.4308050916584,97.36266185302733,2024-10-01,555.7211963012695,88.60886844724949,0.1933178108135678,UNH,sell
376.0695588435158,117.32670778121947,2024-10-01,555.7211963012695,296.6718257184953,0.6767234385633181,UNH,sell
49.468933944018865,141.36896962280272,2024-10-01,555.7211963012695,36.88461600446493,0.08901754022209474,UNH,sell
-471.26736500364945,,2024-10-01,137.87229148254394,,3.41814413857999,CVX,buy
-137.41958991430636,,2024-10-01,868.4445220581053,,0.15823646349756348,COST,buy
174.84925088663286,26.217426503944395,2024-10-01,108.82535732803345,132.72582030995085,1.606695858205022,ABT,sell
295.3329035650789,44.323966193389886,2024-10-01,608.2204928283692,273.8105678533354,0.48556881434841337,TMO,sell
-464.1533124659444,,2024-10-01,872.876577404785,,0.5317513660934212,LLY,buy
297.11239164419015,39.83497862701416,2024-10-01,163.45024772186278,224.7021877079603,1.8177543061897055,ORCL,sell
56.1134034095427,40.39342132644653,2024-10-01,163.45024772186278,42.246111205498266,0.34330571040203495,ORCL,sell
124.59196758928975,48.66015217132568,2024-10-01,163.45024772186278,87.50016634261115,0.7622623356393028,ORCL,sell
47.87005807874442,19.43730837497711,2024-10-01,50.255743297576906,29.35545616956358,0.9525291028986231,CSCO,sell
5.028486953328512,19.65898481750488,2024-10-01,50.255743297576906,3.061449114784138,0.10005795603407108,CSCO,sell
57.99331716392374,18.643685295295715,2024-10-01,50.255743297576906,36.47917602323154,1.1539639722475243,CSCO,sell
122.51190055162789,19.28552602367401,2024-10-01,50.255743297576906,75.49824019627303,2.4377691486165887,CSCO,sell
2.3808089991233996,21.223116816329956,2024-10-01,50.255743297576906,1.3753878434442288,0.04737386899296325,CSCO,sell
-206.92147544937794,,2024-10-01,164.73466414337156,,1.2560894607420963,AVGO,buy
-120.0332526040906,,2024-10-01,190.90786453552244,,0.6287496478792569,TXN,buy
234.37329180536878,302.7188044952392,2024-10-01,895.4054309509277,155.13633360913974,0.26175102775115233,BLK,sell
29.68305671434043,360.8409434661865,2024-10-01,895.4054309509277,17.72103167012342,0.03315040951093717,BLK,sell
350.60653668538515,406.93299978942866,2024-10-01,895.4054309509277,191.26713043714975,0.39156177142351956,BLK,sell
0.22544697171983924,388.2524520843506,2024-10-01,895.4054309509277,0.12769199217692884,0.00025178200167985665,BLK,sell
-146.0991772351464,,2024-10-01,301.80104825744627,,0.4840910198248185,AMGN,buy
-401.1903675675838,,2024-10-01,195.85640971221923,,2.0483902883600855,HON,buy
107.26864866399846,72.19530727233887,2024-10-01,261.8981773773193,77.69878632842119,0.40958150124678205,LOW,sell
398.3090325198131,79.90173254241942,2024-10-01,261.8981773773193,276.79011969524424,1.5208545416716106,LOW,sell
488.815369236723,89.32819491958618,2024-10-01,261.8981773773193,322.0902892070178,1.8664328791127165,LOW,sell
140.35704571455796,69.36032398910523,2024-10-01,288.44360843811035,106.60621927874107,0.48660133769153546,MCD,sell
35.152108949094185,72.46288183364868,2024-10-01,288.44360843811035,26.321186569587553,0.1218682193702918,MCD,sell
193.25510386687105,94.01939608001709,2024-10-01,288.44360843811035,130.26279749083028,0.6699926717507303,MCD,sell
329.5062785034428,90.21717584075927,2024-10-01,288.44360843811035,226.44583618909118,1.142359438254438,MCD,sell
19.206689442254227,45.13784040794372,2024-10-01,84.35289128952026,8.929051419938851,0.22769450043309192,NKE,sell
16.590422570951905,48.39691795692443,2024-10-01,84.35289128952026,7.071776466917061,0.19667876604264123,NKE,sell
398.58112990777244,45.4924547668457,2024-10-01,84.35289128952026,183.62188255948027,4.7251626330120935,NKE,sell
14.456256677246415,74.9386279258728,2024-10-01,84.35289128952026,1.613400626007861,0.17137831858814323,NKE,sell
-1094.2973406748276,,2024-10-01,158.93440318756103,,6.88521376572843,QCOM,buy
