cash_change,cost_basis,date,price,realized_pnl,shares,ticker,type
-762.8275005145483,,2010-01-04,6.405441117715835,,119.09054919024388,AAPL,buy
-762.8275005145483,,2010-01-04,23.000320911216733,,33.16595031256867,MSFT,buy
-762.8275005145484,,2010-01-04,15.54746905260086,,49.064416718484395,GOOGL,buy
-762.8275005145483,,2010-01-04,6.6996866717815395,,113.86017554037373,AMZN,buy
-762.8275005145483,,2010-01-04,0.4231132917553186,,1802.8918386134806,NVDA,buy
-762.8275005145483,,2010-01-04,39.8064743434906,,19.163402765391872,JNJ,buy
-762.8275005145483,,2010-01-04,28.17208665561676,,27.077422763871166,JPM,buy
-762.8275005145484,,2010-01-04,19.542060758018494,,39.035161642384374,V,buy
-762.8275005145483,,2010-01-04,23.51915078754425,,32.4343131010726,MA,buy
-762.8275005145483,,2010-01-04,12.88737464647293,,59.1918463954427,WMT,buy
-762.8275005145483,,2010-01-04,37.606857533264154,,20.284265970370146,PG,buy
-762.8275005145484,,2010-01-04,19.169317720603942,,39.794191511293654,HD,buy
-762.8275005145483,,2010-01-04,24.13743644943237,,31.603501146969872,UNH,buy
64.07942790315008,6.405441117715835,2010-04-01,7.052836484098434,5.881991564454964,9.085625059878495,AAPL,sell
-54.86313886200467,,2010-04-01,21.77144158306122,,2.519958940371211,MSFT,buy
-84.6380379864167,,2010-04-01,14.109933368301391,,5.998471840877713,GOOGL,buy
4.677823672233744,39.8064743434906,2010-04-01,40.729956760025026,0.10606168659614568,0.11484970877319611,JNJ,sell
28.23333053901643,28.17208665561676,2010-04-01,29.69559104232788,1.448484486008219,0.9507583297053372,JPM,sell
25.229852557980642,19.542060758018494,2010-04-01,20.52192334270477,1.2046526110577638,1.229409745697616,V,sell
-22.277210983226265,,2010-04-01,23.26722552452087,,0.9574502537807419,MA,buy
8.005823101788579,12.88737464647293,2010-04-01,13.24257669210434,0.2147380233345375,0.6045517642017444,WMT,sell
19.501464649447787,37.606857533264154,2010-04-01,39.210105416107176,0.7973883665898391,0.49735812853583283,PG,sell
90.88830506794365,19.169317720603942,2010-04-01,21.78044117717743,10.896041239963054,4.172932234411334,HD,sell
21.919612181081593,24.13743644943237,2010-04-01,25.242973897361754,0.9599880033472381,0.8683450797123591,UNH,sell
210.10463184832014,6.405441117715835,2010-07-01,7.426742485713959,28.89290268811618,28.290281001728047,AAPL,sell
12.113960815584637,23.000320911216733,2010-07-01,17.345433690834046,-3.94934386912826,0.6983948070428525,MSFT,sell
-7.416870870512229,,2010-07-01,10.902206093311309,,0.6803091784389039,GOOGL,buy
24.380438632451547,6.6996866717815395,2010-07-01,5.544116258955001,-5.08165994713546,4.397533798659367,AMZN,sell
-179.48422240109693,,2010-07-01,0.23752928404510018,,755.629871586772,NVDA,buy
96.30187717688241,39.8064743434906,2010-07-01,36.9149030330658,-7.54339636041567,2.608753356080115,JNJ,sell
13.552034370425993,28.17208665561676,2010-07-01,23.746837173271178,-2.5254366568849456,0.5706879729516068,JPM,sell
4.82020507961141,19.542060758018494,2010-07-01,16.179914066505432,-1.0016268624305624,0.2979128974232239,V,sell
13.248401721423154,23.51915078754425,2010-07-01,18.571107100868225,-3.5298741286765214,0.7133878260173176,MA,sell
72.93007006120378,12.88737464647293,2010-07-01,11.60326118774414,-8.07104856094621,6.285307973437298,WMT,sell
127.80825132721364,37.606857533264154,2010-07-01,37.12969550514221,-1.6424924466608104,3.4422111355454845,PG,sell
66.80411331965257,19.169317720603942,2010-07-01,18.91223777103424,-0.9080891585219177,3.5323219879335994,HD,sell
50.841356464209696,24.13743644943237,2010-07-01,21.399434798812866,-6.505018437517947,2.375827069368679,UNH,sell
11.378755876942934,6.405441117715835,2010-10-01,8.44415628490448,2.7472303220549534,1.3475302319172613,AAPL,sell
-36.433607187348805,,2010-10-01,18.38226051311493,,1.9819981966502453,MSFT,buy
47.1744163243481,15.54746905260086,2010-10-01,13.02054613380432,-9.15523147538017,3.6230750876011655,GOOGL,sell
162.0537949027376,6.6996866717815395,2010-10-01,7.680120294857025,20.687565190354917,21.10042404039642,AMZN,sell
-15.068236638577863,,2010-10-01,0.25972614308893677,,58.01586416896862,NVDA,buy
-679.5832124381999,,2010-10-01,1.3742943103790282,,494.4961259795741,TSLA,buy
-38.29568759141318,,2010-10-01,39.00823224906921,,0.9817334799201767,JNJ,buy
-25.87595370311113,,2010-10-01,25.57942795600891,,1.0115923525581643,JPM,buy
-67.00482355662058,,2010-10-01,16.33200966053009,,4.102668621275221,V,buy
-5.660756662853049,,2010-10-01,20.622887302970884,,0.2744890460627971,MA,buy
-4.833347133596014,,2010-10-01,12.90103700494766,,0.3746479551792916,WMT,buy
18.893186839187273,19.169317720603942,2010-10-01,21.737262347602844,2.231958047648426,0.8691612833789435,HD,sell
96.2623689677458,24.13743644943237,2010-10-01,27.32415955581665,11.226750262461508,3.5229763891220536,UNH,sell
30.121405895980267,6.405441117715835,2011-01-03,9.850418754959106,10.53433080311827,3.0578807505839194,AAPL,sell
22.09778310523093,23.000320911216733,2011-01-03,21.19654919300079,-1.8804644018964822,1.0425179544096608,MSFT,sell
18.753167002124684,15.54746905260086,2011-01-03,14.970829644870758,-0.7223257073714571,1.2526471442783276,GOOGL,sell
51.80638298532207,6.6996866717815395,2011-01-03,9.20455274219513,14.098246227207525,5.628343324910659,AMZN,sell
184.37183662476286,0.4231132917553186,2011-01-03,0.36150833687782286,-31.418967468482492,510.00715008980296,NVDA,sell
115.42336213275338,1.3742943103790282,2011-01-03,1.773424757695198,25.977407814388982,65.08500664147795,TSLA,sell
-65.28643473934032,,2011-01-03,40.02568285789489,,1.6311135770282768,JNJ,buy
1.4954041479794102,28.17208665561676,2011-01-03,28.72011811695099,0.028534998260286715,0.052068175412440354,JPM,sell
-107.65438868858936,,2011-01-03,15.739793756008147,,6.839631468963553,V,buy
-94.44482469486188,,2011-01-03,20.275942035484313,,4.657974683966685,MA,buy
-63.88588326585512,,2011-01-03,13.264122102451324,,4.816442639204027,WMT,buy
-91.19308999714326,,2011-01-03,41.07767300834656,,2.220015967764624,PG,buy
-2.631622083346912,,2011-01-03,24.342377552604674,,0.10810867088310872,HD,buy
-48.05714871290021,,2011-01-03,28.769846332168576,,1.6703999096152913,UNH,buy
6.407802777386482,6.405441117715835,2011-04-01,10.298446285629272,2.422269207943087,0.6222106325230925,AAPL,sell
-92.30123954823871,,2011-04-01,19.44394105110168,,4.747043786321754,MSFT,buy
86.33723721973085,0.4231132917553186,2011-04-01,0.4158944959849119,-1.49857930048924,207.59408468551374,NVDA,sell
-27.122799759623796,,2011-04-01,1.778577154278755,,15.24971784011393,TSLA,buy
-62.1613986273983,,2011-04-01,38.24677049102783,,1.6252718289503818,JNJ,buy
21.105445552871032,28.17208665561676,2011-04-01,30.580701774215697,1.6623194463860749,0.6901556971680165,JPM,sell
13.341846073427288,19.542060758018494,2011-04-01,16.57578353805542,-2.3875561592006616,0.8048998735291448,V,sell
85.09623200800245,23.51915078754425,2011-04-01,23.260672218704222,-0.9456112040227538,3.6583737223026347,MA,sell
-57.126151858267995,,2011-04-01,12.762187894916533,,4.476203635978642,WMT,buy
-54.521370601454514,,2011-04-01,39.663540650177,,1.3745966625198704,PG,buy
25.82676755248465,19.169317720603942,2011-04-01,26.033801766014097,6.809894129254221,0.9920474844438694,HD,sell
148.38694458520698,24.13743644943237,2011-04-01,35.39264630012512,47.18850877233547,4.192592532553363,UNH,sell
-44.8452191274744,,2011-07-01,10.27396950855255,,4.364935976317923,AAPL,buy
-19.80680286271992,,2011-07-01,19.986177116584777,,0.9910250843461199,MSFT,buy
34.42898549450827,6.6996866717815395,2011-07-01,10.467167552661895,12.392134161039621,3.2892361110387185,AMZN,sell
-130.94268624628182,,2011-07-01,0.3695661823838949,,354.3145787897397,NVDA,buy
28.108114648066117,1.3742943103790282,2011-07-01,1.933312724339962,8.127476466777228,14.538834971803283,TSLA,sell
69.62677773740982,39.8064743434906,2011-07-01,43.58210009651184,6.031940969872878,1.5976003355327641,JNJ,sell
-115.02153864649195,,2011-07-01,27.790676285171507,,4.1388535300907705,JPM,buy
106.25275857040558,19.542060758018494,2011-07-01,19.683248817443847,0.7621516615616457,5.398131149784653,V,sell
148.50954376722672,23.51915078754425,2011-07-01,28.86594149093628,27.508177698930282,5.144801662327826,MA,sell
-15.554540388554026,,2011-07-01,13.186707797145843,,1.179562073250814,WMT,buy
-7.172472402372571,,2011-07-01,41.403283008575436,,0.17323438822199222,PG,buy
-53.52506829368035,,2011-07-01,25.68580081157684,,2.0838387981875215,HD,buy
91.45464749182362,24.13743644943237,2011-07-01,41.364541078948974,38.088148450388545,2.2109431195494693,UNH,sell
148.2363420015413,6.405441117715835,2011-10-03,11.19630443572998,63.429862716615304,13.239756283196897,AAPL,sell
29.644102511190965,23.000320911216733,2011-10-03,18.934092121696473,-6.366278472489775,1.5656468934796166,MSFT,sell
-135.04095904689714,,2011-10-03,12.292113436985016,,10.985983796779841,GOOGL,buy
82.19824638531786,6.6996866717815395,2011-10-03,10.591580677127837,30.20388288669931,7.760715694006109,AMZN,sell
-151.36310191942002,,2011-10-03,0.2702524744719267,,560.080355286972,NVDA,buy
-79.38040623426022,,2011-10-03,1.5831074171781538,,50.142147887699025,TSLA,buy
14.649866466203392,39.8064743434906,2011-10-03,40.55990604858398,0.272132629148615,0.36119083827894727,JNJ,sell
-186.5344589790787,,2011-10-03,19.14869439239502,,9.741366965110771,JPM,buy
38.6386946413212,19.542060758018494,2011-10-03,18.88613872833252,-1.341935023252347,2.0458758244403015,V,sell
63.21162140054184,23.51915078754425,2011-10-03,28.549960668754576,11.138566992745503,2.2140703496562573,MA,sell
54.06859247632212,12.88737464647293,2011-10-03,12.879327688407898,-0.033781863993091577,4.198091219077128,WMT,sell
60.47321397496046,37.606857533264154,2011-10-03,40.756618076705934,4.6735021771177685,1.4837642775253563,PG,sell
-38.809201353483026,,2011-10-03,22.25501997871399,,1.7438403286360753,HD,buy
-85.27685841130868,,2011-10-03,33.57835138015747,,2.5396380377894765,UNH,buy
-47.08084462070044,,2012-01-03,12.308346792507171,,3.8251152176961227,AAPL,buy
-45.75029010214182,,2012-01-03,20.8478504989624,,2.194484755366929,MSFT,buy
139.05141599012381,15.54746905260086,2012-01-03,16.483391440200805,7.895300777437853,8.435849897430444,GOOGL,sell
22.10580179293299,0.4231132917553186,2012-01-03,0.32083287733197213,-7.047253346801018,68.90129832317552,NVDA,sell
17.92177513776069,1.3742943103790282,2012-01-03,1.8706895790338516,4.75561765243525,9.58030415020363,TSLA,sell
-67.40017607846592,,2012-01-03,43.50292296257019,,1.5493252289382227,JNJ,buy
54.65258158232909,28.17208665561676,2012-01-03,23.55226369228363,-10.720211640726589,2.3204810499907396,JPM,sell
49.65409756681456,19.542060758018494,2012-01-03,23.137536123275755,7.716036990039129,2.1460408447234727,V,sell
19.58644788382426,23.51915078754425,2012-01-03,33.846114579391475,5.97612283184537,0.5786911770295262,MA,sell
6.554194201804114,12.88737464647293,2012-01-03,15.047434232997894,0.9408547529323696,0.43556888837774466,WMT,sell
-66.55947008729858,,2012-01-03,43.75903778648376,,1.5210451018613895,PG,buy
140.24134951504445,19.169317720603942,2012-01-03,29.878210006713868,50.2650428415167,4.693766777980713,HD,sell
33.432853739788385,24.13743644943237,2012-01-03,40.36311777992248,13.439765325079225,0.828302063336114,UNH,sell
305.6152984248646,6.405441117715835,2012-04-02,18.490048159217835,199.7420858795689,16.528637231942866,AAPL,sell
50.09372215077469,23.000320911216733,2012-04-02,25.276832320976258,4.511598945051574,1.9818037922894263,MSFT,sell
-163.1535995478927,,2012-04-02,16.047818098258972,,10.166715409466988,GOOGL,buy
-310.04272928857193,,2012-04-02,9.9094319026947,,31.287639123314534,AMZN,buy
-57.63823165374046,,2012-04-02,0.3508019718199968,,164.3041837955111,NVDA,buy
128.07556918762396,1.3742943103790282,2012-04-02,2.4369599920034406,55.84889061650581,52.55546648606742,TSLA,sell
-126.408449823937,,2012-04-02,44.10702901268005,,2.8659479600767632,JNJ,buy
150.56355325100355,28.17208665561676,2012-04-02,31.283216413879394,14.973612202520627,4.8129179320641455,JPM,sell
0.19210018626848643,19.542060758018494,2012-04-02,26.7809514295578,0.0519246767627953,0.007173015744932343,V,sell
14.188495984767355,23.51915078754425,2012-04-02,39.71379997673034,5.7858405675134925,0.3572686570683459,MA,sell
-117.59667752894822,,2012-04-02,15.428354778480529,,7.622113907632723,WMT,buy
-121.90241627797894,,2012-04-02,44.59032683181762,,2.7338309660245628,PG,buy
31.995948892760126,19.169317720603942,2012-04-02,35.66226715621948,14.797364534374527,0.8971933487178774,HD,sell
-5.024772023344989,,2012-04-02,46.54530000762939,,0.10795444486385009,UNH,buy
48.45658032884671,6.405441117715835,2012-07-02,17.709653808403015,30.93022010632103,2.7361675644870402,AAPL,sell
43.19846357311487,23.000320911216733,2012-07-02,24.07955851192474,1.9361404054743332,1.7939890198452773,MSFT,sell
-13.220780636614062,,2012-07-02,14.399424391078949,,0.9181464673549655,GOOGL,buy
252.3463652110872,6.6996866717815395,2012-07-02,11.457973403549193,104.7948288151702,22.0236473173276,AMZN,sell
-33.544959720000534,,2012-07-02,0.3077811341851949,,108.98965529127008,NVDA,buy
-80.79823555765272,,2012-07-02,2.0280857850551604,,39.83965380214681,TSLA,buy
129.1988733274664,39.8064743434906,2012-07-02,45.67647727432251,16.603683347506077,2.828564745733946,JNJ,sell
-121.03659023754439,,2012-07-02,24.799144667243954,,4.8806760015967825,JPM,buy
158.94268590728632,19.542060758018494,2012-07-02,28.55448935680389,50.1658282219384,5.566294109525508,V,sell
110.6881424972963,23.51915078754425,2012-07-02,40.46309199943542,46.35071831272286,2.735533470819302,MA,sell
231.96242865038894,12.88737464647293,2012-07-02,17.531128960990905,61.443648680479896,13.231459831625003,WMT,sell
3.1953853727269985,37.606857533264154,2012-07-02,40.67070642471313,0.24071816775803523,0.07856724541143834,PG,sell
159.3957572204778,19.169317720603942,2012-07-02,38.03981694602966,79.07181881113426,4.190234601986287,HD,sell
45.75349354894257,24.13743644943237,2012-07-02,44.39512921028137,20.877520384270348,1.0305971479940332,UNH,sell
42.16649477610177,6.405441117715835,2012-10-01,19.792920833587647,28.520454270020736,2.130382631781522,AAPL,sell
-93.61609894724906,,2012-10-01,23.423153536987304,,3.996733351870006,MSFT,buy
222.7651078131318,15.54746905260086,2012-10-01,18.87065046272278,39.22964216685463,11.804845214699071,GOOGL,sell
24.831733082273754,6.6996866717815395,2012-10-01,12.591679756736754,11.619450497058045,1.9720747002788386,AMZN,sell
-995.8316708398576,,2012-10-01,21.796630482864376,,45.68741354874736,META,buy
-89.82118974551294,,2012-10-01,0.3002297548770904,,299.1748428875226,NVDA,buy
-104.91860866044486,,2012-10-01,1.9453608057260512,,53.93272463988342,TSLA,buy
-43.018650380707264,,2012-10-01,46.92311250915527,,0.9167902144665661,JNJ,buy
61.69424841297794,28.17208665561676,2012-10-01,28.199000687026977,0.058882970997643724,2.1878168342809587,JPM,sell
8.816117561437325,19.542060758018494,2012-10-01,30.886740830039976,3.2381543187801336,0.2854337273702541,V,sell
-30.505556096479822,,2012-10-01,42.11333627777099,,0.724368069422745,MA,buy
1.2745822874230766,12.88737464647293,2012-10-01,18.82047656364441,0.4018084551435137,0.06772316753578878,WMT,sell
67.39473176937986,37.606857533264154,2012-10-01,46.56124111175537,12.960957762790272,1.4474427691396876,PG,sell
70.78730779014762,19.169317720603942,2012-10-01,43.68844802513122,39.72773815666105,1.6202751754749478,HD,sell
-59.95601123099744,,2012-10-01,44.79607912559509,,1.338420960077741,UNH,buy
-93.43953842434777,,2013-01-02,22.11813108692169,,4.224567530463638,MSFT,buy
-17.013440539131,,2013-01-02,12.87450630044937,,1.3214829479354222,AMZN,buy
233.88252588813373,21.796630482864376,2013-01-02,27.714955219459533,49.94389229426625,8.438856351603178,META,sell
-62.08905850308284,,2013-01-02,0.2929541803747415,,211.9411930686897,NVDA,buy
173.53372202817235,1.3742943103790282,2013-01-02,2.355682811808586,72.29496201908857,73.66599660967984,TSLA,sell
-4.299862638919447,,2013-01-02,48.50900732040405,,0.08864049949566422,JNJ,buy
67.16938159633114,28.17208665561676,2013-01-02,31.17852481098175,6.476912969030309,2.154347648053978,JPM,sell
100.3620675539003,19.542060758018494,2013-01-02,35.18120078773499,44.61406640487681,2.852718648218765,V,sell
78.98236964300679,23.51915078754425,2013-01-02,46.99748185501098,39.456884704852115,1.6805659904645616,MA,sell
-97.47448411500069,,2013-01-02,17.72042632217407,,5.500685048024387,WMT,buy
-30.646410813081076,,2013-01-02,46.96875295562744,,0.6524850860322715,PG,buy
14.566966071670645,19.169317720603942,2013-01-02,45.993626482772825,8.495716157126441,0.3167170581151453,HD,sell
-67.98685381697777,,2013-01-02,43.44521581726074,,1.5648870085706115,UNH,buy
-441.0696201811652,,2013-04-01,13.02700536251068,,33.85809769070045,AAPL,buy
188.5039298500444,1.3742943103790282,2013-04-01,2.9266170015335082,99.98538501098292,64.41018068003802,TSLA,sell
109.46440481105552,39.8064743434906,2013-04-01,56.47274759902954,32.3052048979344,1.9383580481736047,JNJ,sell
11.57660273085441,28.17208665561676,2013-04-01,33.39158373069763,1.8095590966989281,0.3466922331153697,JPM,sell
20.173975546140703,19.542060758018494,2013-04-01,37.97136056556702,9.791385879049225,0.5312945136981675,V,sell
-6.526630104340782,,2013-04-01,49.57900017623901,,0.13164101900281366,MA,buy
37.84718637870442,12.88737464647293,2013-04-01,19.40198603096008,12.707962517861588,1.9506861987381612,WMT,sell
71.30384078325594,37.606857533264154,2013-04-01,52.94585642738342,20.65750955262942,1.346731275960206,PG,sell
45.19554717712676,19.169317720603942,2013-04-01,50.75607946243286,28.126305175562592,0.8904459851076219,HD,sell
26.484965805347432,24.13743644943237,2013-04-01,47.090400012588496,12.909392465111058,0.5624281339353097,UNH,sell
-239.7990748500369,,2013-07-01,12.511241786670684,,19.16668856208308,AAPL,buy
13.783522525676966,23.000320911216733,2013-07-01,27.89879784450531,2.420113853213568,0.49405435325564184,MSFT,sell
-131.32223816272213,,2013-07-01,22.025187730407712,,5.962366349387352,GOOGL,buy
-133.16563247011734,,2013-07-01,0.3283888648688793,,405.51202161890706,NVDA,buy
1628.083511631039,1.3742943103790282,2013-07-01,7.80653139796257,1341.468907424054,208.55402081082428,TSLA,sell
-124.86663608408392,,2013-07-01,60.24550768165588,,2.0726298256775166,JNJ,buy
-82.16568095955225,,2013-07-01,36.925655928039546,,2.2251651025421495,JPM,buy
-77.21223417829114,,2013-07-01,42.16206497459412,,1.8313200319960004,V,buy
-101.31849716355534,,2013-07-01,53.88286068572997,,1.8803474031286527,MA,buy
-202.1256465594724,,2013-07-01,19.32804004611969,,10.457638026264917,WMT,buy
-183.82882064245106,,2013-07-01,53.62953635749817,,3.4277533077488407,PG,buy
-77.21093488181542,,2013-07-01,56.35782803497314,,1.3700126064812466,HD,buy
-67.31775883780148,,2013-07-01,52.71341013565063,,1.2770518671542703,UNH,buy
79.9813316854667,6.405441117715835,2013-10-01,14.996086229610443,45.81803715758072,5.3334803802034685,AAPL,sell
-199.11008586360242,,2013-10-01,27.49607285289764,,7.241400869456143,MSFT,buy
-179.95891972216916,,2013-10-01,22.003358114051817,,8.178702486655595,GOOGL,buy
-181.202406068105,,2013-10-01,16.05873386077881,,11.283729317581276,AMZN,buy
390.33500289329567,21.796630482864376,2013-10-01,49.906717919540405,219.85719595136175,7.821291785258122,META,sell
-38.62886614740179,,2013-10-01,0.3639854594290256,,106.12749808192302,NVDA,buy
78.51293099245056,1.3742943103790282,2013-10-01,12.857660127067566,70.12105616547808,6.106315629479695,TSLA,sell
196.0756890218638,1.778577154278755,2013-10-01,12.857660127067566,168.95288926224,15.24971784011393,TSLA,sell
381.7858328411297,1.5831074171781538,2013-10-01,12.857660127067566,334.778214209809,29.69325904309801,TSLA,sell
-156.32158084932198,,2013-10-01,61.28800022163391,,2.5506066486754513,JNJ,buy
-182.39741880268397,,2013-10-01,36.81936514587402,,4.953844752076705,JPM,buy
-120.38808577369417,,2013-10-01,44.06426686134338,,2.7321023211964075,V,buy
32.3394459406521,23.51915078754425,2013-10-01,62.597569464111324,20.18887345077451,0.516624626443253,MA,sell
-188.25969796723493,,2013-10-01,19.184705529212952,,9.813009518471262,WMT,buy
-200.03270948012457,,2013-10-01,52.74313979415893,,3.792582509512968,PG,buy
-182.1852931864528,,2013-10-01,56.204854664993285,,3.24145119264805,HD,buy
-36.47982978458389,,2013-10-01,58.515102604293816,,0.6234258876939407,UNH,buy
64.8614349938,6.405441117715835,2014-01-02,17.098147500801087,40.56253930092604,3.793477333773211,AAPL,sell
27.894696878781645,23.000320911216733,2014-01-02,30.615309261131287,6.938286657322855,0.9111355577321021,MSFT,sell
233.38936957710862,15.54746905260086,2014-01-02,27.573971213722228,101.79374366667264,8.464118852092007,GOOGL,sell
211.43109502979297,6.6996866717815395,2014-01-02,19.88457149219513,140.19385011720948,10.632921866723734,AMZN,sell
-16.065542582035107,,2014-01-02,54.22890505447387,,0.29625423131625084,META,buy
-103.75571428455754,,2014-01-02,0.373252298104763,,277.97742923858914,NVDA,buy
-468.099640954501,,2014-01-02,10.013671804141998,,46.74605380624507,TSLA,buy
-70.6573271155335,,2014-01-02,64.22767481002808,,1.100107194048718,JNJ,buy
58.6125978365563,28.17208665561676,2014-01-02,41.76530709915161,19.0764540835077,1.403380027768236,JPM,sell
73.61977872738373,19.542060758018494,2014-01-02,50.43305973243713,45.09320912175082,1.4597523750880725,V,sell
199.38656022679126,23.51915078754425,2014-01-02,77.10604502792359,138.5689865425823,2.585874559570321,MA,sell
-25.699379891308503,,2014-01-02,20.691367059516907,,1.2420339273565872,WMT,buy
-44.45837554948473,,2014-01-02,56.212539025878904,,0.79089783738495,PG,buy
-22.345558735014233,,2014-01-02,60.747048700332634,,0.3678459976754702,HD,buy
-95.11507297564849,,2014-01-02,60.348652952957146,,1.5760927265401001,UNH,buy
-110.81085677457243,,2014-04-01,16.867105340003967,,6.569642777516819,AAPL,buy
111.29620543833603,23.000320911216733,2014-04-01,34.380938152313234,36.8407490473009,3.237148589293156,MSFT,sell
-55.280954978857906,,2014-04-01,28.152640985298156,,1.9636152433346012,GOOGL,buy
146.03541429432383,21.796630482864376,2014-04-01,61.98251034736633,94.68092824742823,2.3560745357989354,META,sell
205.01667604228894,0.4231132917553186,2014-04-01,0.44027756069898605,7.9925975785363335,465.6532477303722,NVDA,sell
295.5793237440108,1.5831074171781538,2014-04-01,14.454542053127287,263.20653614107135,20.448888844601015,TSLA,sell
334.82663862160354,2.0280857850551604,2014-04-01,14.454542053127287,287.8478312854445,23.164112525388703,TSLA,sell
47.96213217696699,39.8064743434906,2014-04-01,69.50301058959961,20.49276980308396,0.6900727287940533,JNJ,sell
-18.68650805376863,,2014-04-01,43.591325560379026,,0.4286749212956522,JPM,buy
-130.00366092778054,,2014-04-01,49.15021818313598,,2.6450271378934858,V,buy
-251.14105255924292,,2014-04-01,69.34185556488036,,3.62178154180285,MA,buy
-120.40126473334199,,2014-04-01,20.260103777503964,,5.94277630833416,WMT,buy
-78.64558716564048,,2014-04-01,56.49710850753784,,1.3920285346133703,PG,buy
-129.71400390047728,,2014-04-01,59.12994690933227,,2.1937108128876908,HD,buy
76.62325975077816,24.13743644943237,2014-04-01,66.37845980529785,48.76047010173083,1.1543392235302008,UNH,sell
305.4650018493258,6.405441117715835,2014-07-01,20.470815497016908,209.88316813322666,14.92197523317229,AAPL,sell
-29.355259142589667,,2014-07-01,35.04866775398254,,0.8375570606176339,MSFT,buy
10.271280596297714,15.54746905260086,2014-07-01,29.275221673393247,4.8164143963722434,0.3508523594078454,GOOGL,sell
-412.34386111984696,,2014-07-01,16.63113285598755,,24.793492102457392,AMZN,buy
87.52384733104213,21.796630482864376,2014-07-01,67.36713949813843,59.205516273419036,1.2992068237283654,META,sell
-42.94904365708899,,2014-07-01,0.4453001302093267,,96.44965438680538,NVDA,buy
118.02295670385466,2.0280857850551604,2014-07-01,15.970145845985412,103.03494825924557,7.390224099520253,TSLA,sell
90.28594770551403,39.8064743434906,2014-07-01,75.65414306488037,42.7807468623147,1.193403877803302,JNJ,sell
-125.22084591661033,,2014-07-01,41.91567298583984,,2.9874468664480958,JPM,buy
-60.27974587916713,,2014-07-01,49.13991129074096,,1.2266962698104251,V,buy
-40.95743649769968,,2014-07-01,70.11607114791869,,0.5841376424428404,MA,buy
-82.58005903756205,,2014-07-01,19.989879963111875,,4.131093292703625,WMT,buy
-68.9432769243516,,2014-07-01,56.19711686096191,,1.226811636883884,PG,buy
2.5263629112881194,19.169317720603942,2014-07-01,61.21814556999206,1.7352795997451005,0.04126820385958396,HD,sell
-50.89637365796715,,2014-07-01,66.82469866943359,,0.7616401520901697,UNH,buy
66.06967245925117,6.405441117715835,2014-10-01,21.81774376716614,46.67236900198931,3.028254120331198,AAPL,sell
131.57469183563842,23.000320911216733,2014-10-01,38.6080262512207,53.19046891985421,3.4079621418481167,MSFT,sell
-84.8111383294966,,2014-10-01,28.728416442108152,,2.952168926554066,GOOGL,buy
-128.5407026023153,,2014-10-01,15.884111245059966,,8.092407602741517,AMZN,buy
169.58610096855617,21.796630482864376,2014-10-01,75.77070722579955,120.80200335117588,2.238148582448666,META,sell
-86.98946449652344,,2014-10-01,0.43581984700560567,,199.59959394736916,NVDA,buy
-45.734525267595956,,2014-10-01,16.02721194820404,,2.8535546553822684,TSLA,buy
-63.910191616868545,,2014-10-01,75.14147520294189,,0.8505315000039602,JNJ,buy
17.630169185480874,28.17208665561676,2014-10-01,43.45658148422241,6.20086119385069,0.4056961818748164,JPM,sell
-81.06725507313094,,2014-10-01,48.259221691894524,,1.6798293099440258,V,buy
-98.55475791251406,,2014-10-01,68.16221264343261,,1.4458855440633904,MA,buy
-18.211297415136297,,2014-10-01,20.346097616386412,,0.8950756925725756,WMT,buy
50.73494840131127,37.606857533264154,2014-10-01,59.320922615432735,18.57122112999525,0.8552622947255415,PG,sell
157.85496732972084,19.169317720603942,2014-10-01,68.44572965927124,113.6451672796297,2.3062792684881366,HD,sell
22.37998752999232,24.13743644943237,2014-10-01,69.4618025779724,14.603115829349406,0.32219128642494255,UNH,sell
58.97877887527385,6.405441117715835,2015-01-02,24.154832702636718,43.33863348775848,2.4416968480529277,AAPL,sell
-89.1303673152237,,2015-01-02,39.634898941421504,,2.2487850277341224,MSFT,buy
-185.54506260436528,,2015-01-02,15.436797841167449,,12.019660068977942,AMZN,buy
57.805338042579976,0.4231132917553186,2015-01-02,0.4815464456319809,7.014376792464127,120.04104394689557,NVDA,sell
-119.01091837478023,,2015-01-02,75.79037424392699,,1.5702642922932455,JNJ,buy
342.9148594760351,19.542060758018494,2015-01-02,60.93213680992126,232.9357356581269,5.627816082435501,V,sell
173.06684896464176,23.51915078754425,2015-01-02,79.65888325424194,121.96915400784229,2.1725994878973616,MA,sell
108.9351880346497,12.88737464647293,2015-01-02,23.05616268939972,48.04523859688153,4.724775302038168,WMT,sell
39.16749480610633,37.606857533264154,2015-01-02,65.02443544692993,16.51498906754787,0.6023504016128385,PG,sell
121.54695637090431,19.169317720603942,2015-01-02,78.14932057113647,91.73259320538757,1.5553168662581598,HD,sell
211.88164318287102,24.13743644943237,2015-01-02,82.78459289474488,150.1034847321757,2.5594332927657746,UNH,sell
239.46627549612094,6.405441117715835,2015-04-01,27.559527443504333,183.8090393365564,8.689055934903635,AAPL,sell
-272.9469991865241,,2015-04-01,34.760891683578485,,7.852128813929937,MSFT,buy
-262.6856941452763,,2015-04-01,27.234575540733335,,9.645301567207866,GOOGL,buy
354.2476026866063,6.6996866717815395,2015-04-01,18.50004138793945,225.95881173410325,19.148476225439552,AMZN,sell
-47.72694038176981,,2015-04-01,80.95183691329956,,0.5895720492777201,META,buy
58.617005696656726,0.4231132917553186,2015-04-01,0.5045328491806984,9.45938538823161,116.18075174261458,NVDA,sell
-564.9313619406174,,2015-04-01,12.514753764820098,,45.1412287094838,TSLA,buy
-120.95270234236762,,2015-04-01,72.3997349395752,,1.6706235519137564,JNJ,buy
-127.04102132406229,,2015-04-01,44.51922072639465,,2.853621857058741,JPM,buy
-62.086192701817296,,2015-04-01,60.136598185348504,,1.0324194346753686,V,buy
-6.2089199069864796,,2015-04-01,80.91316697998046,,0.0767355937077916,MA,buy
-140.45596742187598,,2015-04-01,21.823771966171265,,6.435916194487135,WMT,buy
158.87301445002493,19.169317720603942,2015-04-01,85.91824679946899,123.42667557941553,1.8491184395420746,HD,sell
294.4792293830182,24.13743644943237,2015-04-01,96.80079091873169,221.0503491285391,3.0421159433526306,UNH,sell
-80.50233059020891,,2015-07-01,28.237571687316894,,2.850894244081445,AAPL,buy
68.70151570246897,23.000320911216733,2015-07-01,38.138186302185055,27.269107361822478,1.801383924188677,MSFT,sell
-148.57283245590213,,2015-07-01,26.92777943649292,,5.517455785996006,GOOGL,buy
231.7778099703845,6.6996866717815395,2015-07-01,21.854190557098388,160.72330441840802,10.605646059725672,AMZN,sell
0.528882319355333,21.796630482864376,2015-07-01,86.02523514862061,0.3948768445200421,0.00614799039423275,META,sell
-174.81349627528047,,2015-07-01,0.4928415362536907,,354.70528235934853,NVDA,buy
166.49290840276697,2.0280857850551604,2015-07-01,17.930772339248655,147.66148862588236,9.285317177237857,TSLA,sell
565.6535276806238,1.9453608057260512,2015-07-01,17.930772339248655,504.28415766403526,31.546523316369658,TSLA,sell
-125.54571714066887,,2015-07-01,72.42751010589599,,1.7333982206085636,JNJ,buy
155.90028213556522,28.17208665561676,2015-07-01,50.80838809661865,69.45714897404422,3.0683965379712674,JPM,sell
-41.72551559456046,,2015-07-01,62.70955735969543,,0.6653772941694882,V,buy
54.42432669186868,23.51915078754425,2015-07-01,88.19013863754272,39.91007412631342,0.6171248569587817,MA,sell
-331.46449165709873,,2015-07-01,19.558830453681946,,16.94705071665983,WMT,buy
-364.57037841704584,,2015-07-01,58.27048950881957,,6.256518204843054,PG,buy
-134.42476105003593,,2015-07-01,85.68517417678832,,1.5688217050558428,HD,buy
-17.700141632012475,,2015-07-01,102.26197825775145,,0.1730862431332909,UNH,buy
-279.795500820814,,2015-10-01,24.55197202682495,,11.39605000018392,AAPL,buy
16.17255761319337,23.000320911216733,2015-10-01,38.52787075996399,6.517884055548356,0.4197625587448499,MSFT,sell
376.24790940764694,15.54746905260086,2015-10-01,31.775168025398255,192.15123608886452,11.84094161538053,GOOGL,sell
189.95983792222975,6.6996866717815395,2015-10-01,26.017774098587036,141.04437768804854,7.301156401867061,AMZN,sell
204.87231098846289,9.9094319026947,2015-10-01,26.017774098587036,126.84226096208043,7.874321231791654,AMZN,sell
92.3398445835719,21.796630482864376,2015-10-01,90.02409719238281,69.98252544343015,1.0257236391523072,META,sell
184.1660296834178,0.4231132917553186,2015-10-01,0.585557006084919,51.090864944362465,314.514262095106,NVDA,sell
209.13793929352912,0.23752928404510018,2015-10-01,0.585557006084919,124.30181835083921,357.16068140289553,NVDA,sell
-234.00768362393438,,2015-10-01,16.00319402589798,,14.622561174053104,TSLA,buy
-103.2680979808222,,2015-10-01,69.0534610809326,,1.4954804055337512,JNJ,buy
-210.7549903872109,,2015-10-01,45.9089677406311,,4.590715077235011,JPM,buy
64.50292105953324,19.542060758018494,2015-10-01,64.70276136245727,45.02121771531607,0.9969114099813368,V,sell
-85.7730457200469,,2015-10-01,84.93422926635742,,1.0098760707071222,MA,buy
-215.11235927665044,,2015-10-01,17.607537220191954,,12.217061170256343,WMT,buy
-194.73372905195504,,2015-10-01,53.02173891296386,,3.6727148721322393,PG,buy
98.8299561439325,19.169317720603942,2015-10-01,89.8072004814148,77.73473416305742,1.1004680650788679,HD,sell
-112.0970716152389,,2015-10-01,97.06878562927245,,1.1548209951174506,UNH,buy
-276.53931189969796,,2016-01-04,23.705255090522765,,11.66573870830257,AAPL,buy
294.83097541159714,23.000320911216733,2016-01-04,47.64758874778747,152.51092885208112,6.1877417758162565,MSFT,sell
123.74210919071083,15.54746905260086,2016-01-04,37.58774485473633,72.55849547349388,3.292086547595005,GOOGL,sell
57.86506447751297,14.109933368301391,2016-01-04,37.58774485473633,36.14329831980505,1.5394662462763193,GOOGL,sell
266.5811295295826,9.9094319026947,2016-01-04,31.82720600566864,183.58083257777554,8.375888523865484,AMZN,sell
57.35582943171024,21.796630482864376,2016-01-04,101.17939184188842,44.999915866675195,0.5668726445928769,META,sell
313.6721499776386,0.23752928404510018,2016-01-04,0.7871929818034171,219.02404851923154,398.46919018387644,NVDA,sell
45.669681107072435,0.25972614308893677,2016-01-04,0.7871929818034171,30.60144446849457,58.01586416896862,NVDA,sell
162.1309916172833,0.3695661823838949,2016-01-04,0.7871929818034171,86.01480028533646,205.96092110202744,NVDA,sell
-348.5892856335232,,2016-01-04,14.904425853443145,,23.388306873491132,TSLA,buy
-21.641887666219912,,2016-01-04,75.02027378311156,,0.288480520996071,JNJ,buy
-97.79148155276864,,2016-01-04,48.217803253936765,,2.028119801264161,JPM,buy
-27.717819921099252,,2016-01-04,70.20539754867553,,0.39481038337375196,V,buy
-105.25471946076725,,2016-01-04,88.90506263046264,,1.1839001778589662,MA,buy
-279.1229703519921,,2016-01-04,16.97873471069336,,16.439562494382926,WMT,buy
4.937920648613593,37.606857533264154,2016-01-04,58.190344030380245,1.746675065909633,0.08485807621339347,PG,sell
59.48717390581531,19.169317720603942,2016-01-04,101.0265295600891,48.19975720579749,0.588827253245725,HD,sell
-197.44328634734686,,2016-01-04,97.36268475723266,,2.0279153850333778,UNH,buy
-4.1337874480101835,,2016-04-01,24.883619193840026,,0.16612484766820046,AAPL,buy
-69.74815084328334,,2016-04-01,48.732185897064205,,1.4312543047137396,MSFT,buy
-87.92549094182327,,2016-04-01,38.14744640464782,,2.304885365304834,GOOGL,buy
193.71944969619702,21.796630482864376,2016-04-01,114.87848258972167,156.9638174212489,1.6862988205376013,META,sell
130.8954214226981,0.3695661823838949,2016-04-01,0.8823201494514942,76.06892650836312,148.35365768771226,NVDA,sell
29.226678842382558,0.2702524744719267,2016-04-01,0.8823201494514942,20.274619567004514,33.12480040329092,NVDA,sell
27.647879652109488,1.9453608057260512,2016-04-01,15.82824504776001,24.249833862803477,1.746743215605079,TSLA,sell
99.43247053680403,39.8064743434906,2016-04-01,81.999284841156,51.16307288290401,1.212601679751458,JNJ,sell
-255.36581477029796,,2016-04-01,45.375650954437255,,5.627816007019199,JPM,buy
-56.667123199159015,,2016-04-01,72.1001937423706,,0.785949666122157,V,buy
-88.53459608832705,,2016-04-01,90.07925435104369,,0.9828522308066958,MA,buy
185.8285980095988,12.88737464647293,2016-04-01,19.19264285144806,61.04939062712903,9.68228291684062,WMT,sell
54.57223200030154,37.606857533264154,2016-04-01,62.56225865821838,21.768266828273923,0.8722867935192866,PG,sell
-39.30697120727767,,2016-04-01,104.65808642807006,,0.37557509934306665,HD,buy
158.58988060323813,24.13743644943237,2016-04-01,108.91114318313598,123.44239199275722,1.456140078674654,UNH,sell
-345.950049808035,,2016-07-01,21.825781810188293,,15.85052268993843,AAPL,buy
-224.46932230083837,,2016-07-01,45.17860989341735,,4.968486698249301,MSFT,buy
155.47278115835059,9.9094319026947,2016-07-01,36.2586015964508,112.98225836438718,4.28788685478618,AMZN,sell
-86.3507733059104,,2016-07-01,113.18587177047729,,0.7629112357858219,META,buy
601.6762838563125,0.2702524744719267,2016-07-01,1.1417970230698584,459.26524121227044,526.9555548836811,NVDA,sell
65.22517754045184,0.3508019718199968,2016-07-01,1.1417970230698584,45.18560795742627,57.12501979124636,NVDA,sell
-262.9954479095623,,2016-07-01,14.443436730289458,,18.208647486095344,TSLA,buy
241.19646677834595,39.8064743434906,2016-07-01,91.73644446258545,136.53597963172848,2.6292327786555703,JNJ,sell
47.13397905706332,28.17208665561676,2016-07-01,47.07105778770447,18.92423394344348,1.0013367294536408,JPM,sell
-140.4973148376952,,2016-07-01,69.33278549957275,,2.0264195910398115,V,buy
-220.66064730359383,,2016-07-01,83.65173882827759,,2.637848900625624,MA,buy
103.46764016463673,12.88737464647293,2016-07-01,20.382963523292542,38.04897613845837,5.076182373892763,WMT,sell
9.40823794633915,37.606857533264154,2016-07-01,64.01863212890625,3.881499052971436,0.14696093361374807,PG,sell
-129.37147342086095,,2016-07-01,101.11993640670775,,1.2793864199095673,HD,buy
169.32035836744166,24.13743644943237,2016-07-01,118.61978884277343,134.86607860889,1.427420837781714,UNH,sell
98.8469886178825,6.405441117715835,2016-10-03,25.71369442462921,74.2235893194558,3.8441379517680048,AAPL,sell
96.29906078946155,10.27396950855255,2016-10-03,25.71369442462921,57.822535482949,3.745049591054638,AAPL,sell
70.336349757692,23.000320911216733,2016-10-03,50.951388664627075,38.585328665824804,1.3804599168172018,MSFT,sell
-200.3419406018257,,2016-10-03,39.66953009986877,,5.050272592023681,GOOGL,buy
128.95949592437486,9.9094319026947,2016-10-03,41.80771589927673,98.39300082698219,3.0845860184054175,AMZN,sell
66.19081455234397,21.796630482864376,2016-10-03,127.4590865020752,54.87160016166376,0.5193102851185607,META,sell
179.85714018886762,0.3508019718199968,2016-10-03,1.678097994697094,142.2584781181527,107.17916400426475,NVDA,sell
182.89532198700783,0.3077811341851949,2016-10-03,1.678097994697094,149.3503622670073,108.98965529127008,NVDA,sell
502.0447039133698,0.3002297548770904,2016-10-03,1.678097994697094,412.2235141678569,299.1748428875226,NVDA,sell
47.89424058868676,0.2929541803747415,2016-10-03,1.678097994697094,39.533097174733726,28.54078888124286,NVDA,sell
-282.2291480739431,,2016-10-03,14.256639575099944,,19.796330445701443,TSLA,buy
-284.65655386596575,,2016-10-03,90.58690315780639,,3.1423588172572963,JNJ,buy
-37.76729753248381,,2016-10-03,51.176660114288325,,0.7379789429036876,JPM,buy
33.428360582222446,19.542060758018494,2016-10-03,77.15945152587891,24.96200888297998,0.4332374054137844,V,sell
119.26478688696183,23.51915078754425,2016-10-03,95.9918787940979,90.04349711040156,1.242446635957446,MA,sell
-260.62734829198166,,2016-10-03,20.32543802318573,,12.822717424080977,WMT,buy
-116.43371499205516,,2016-10-03,67.56765001220703,,1.7232168792465004,PG,buy
-258.9895728868908,,2016-10-03,100.76030220947266,,2.57035327611932,HD,buy
-280.6223055978934,,2016-10-03,117.3267230506897,,2.391802125732717,UNH,buy
-59.31672854358593,,2017-01-03,26.716896600723263,,2.220195310483035,AAPL,buy
103.34765746944123,23.000320911216733,2017-01-03,55.90523589477539,60.82875473743795,1.848622151670405,MSFT,sell
-135.7948721250959,,2017-01-03,40.0477014339447,,3.390828119038943,GOOGL,buy
459.3424462692551,0.2929541803747415,2017-01-03,2.504587971353531,405.6145311801253,183.40040418744684,NVDA,sell
721.1077515293482,0.3283888648688793,2017-01-03,2.504587971353531,626.5597625262313,287.91472281153165,NVDA,sell
-119.79854332152523,,2017-01-03,14.476125802993772,,8.275594240604761,TSLA,buy
-211.63400662803275,,2017-01-03,88.93274617996215,,2.37970843945126,JNJ,buy
480.200133233727,28.17208665561676,2017-01-03,67.51317825164794,279.8208870504967,7.112687414060613,JPM,sell
68.29581481626323,25.57942795600891,2017-01-03,67.51317825164794,42.4198611131521,1.0115923525581643,JPM,sell
164.7801391158866,27.790676285171507,2017-01-03,67.51317825164794,96.95113709014724,2.4407107380086117,JPM,sell
-266.94664352911667,,2017-01-03,74.29032439422606,,3.5932895125420146,V,buy
-62.490223218346785,,2017-01-03,99.62513925476074,,0.6272535595513418,MA,buy
-270.12681353983095,,2017-01-03,19.518582038879394,,13.839469127509403,WMT,buy
-279.0652598612793,,2017-01-03,64.66409153823852,,4.315614017344643,PG,buy
-23.29056438398378,,2017-01-03,105.8752540725708,,0.21998119001461447,HD,buy
302.814472677472,24.13743644943237,2017-01-03,137.13058014678955,249.51370575592279,2.2082198759264955,UNH,sell
20.54974192799346,10.27396950855255,2017-04-03,33.15081991882324,14.181048107031605,0.6198863852632854,AAPL,sell
126.80570575059451,12.308346792507171,2017-04-03,33.15081991882324,79.72486112989407,3.8251152176961227,AAPL,sell
233.2119638131202,13.02700536251068,2017-04-03,33.15081991882324,141.56857427903094,7.034877700889112,AAPL,sell
-164.46935069718606,,2017-04-03,58.995991664505,,2.787805511135076,MSFT,buy
-145.64728725891482,,2017-04-03,42.46341942138672,,3.4299472167698184,GOOGL,buy
-303.20233619960345,,2017-04-03,44.60670333862304,,6.797237040762738,AMZN,buy
-195.53083852697208,,2017-04-03,141.02885744323729,,1.3864597790255182,META,buy
-135.63253387444163,,2017-04-03,2.6680777146101,,50.83530106028502,NVDA,buy
410.46519884892507,1.9453608057260512,2017-04-03,19.88740192222595,370.3140059943748,20.63945810790868,TSLA,sell
354.5016570728959,10.013671804141998,2017-04-03,19.88740192222595,176.00356758715048,17.825438358376445,TSLA,sell
-78.58792405704538,,2017-04-03,96.36051125335693,,0.8155615099469244,JNJ,buy
-294.3495229443613,,2017-04-03,68.20780728149414,,4.315481389536224,JPM,buy
44.610082060493625,19.542060758018494,2017-04-03,83.54610627593993,34.175449342039634,0.5339576438565956,V,sell
-125.75384797544783,,2017-04-03,106.32029041671753,,1.1827831496938295,MA,buy
-164.31847439523204,,2017-04-03,20.56988124580383,,7.9883044744729546,WMT,buy
-107.48301814021482,,2017-04-03,69.41848540115356,,1.5483342443888688,PG,buy
-35.87703713516998,,2017-04-03,116.28253559951781,,0.3085333231701455,HD,buy
-234.83420847727137,,2017-04-03,141.36898489227295,,1.6611437696622176,UNH,buy
-245.80834346370483,,2017-07-03,33.28791078720093,,7.384312732483565,AAPL,buy
-107.11631290458328,,2017-07-03,61.70570039672851,,1.735922487159101,MSFT,buy
-19.58374665789428,,2017-07-03,45.57153153572082,,0.4297364165288968,GOOGL,buy
-30.762333641740344,,2017-07-03,47.716376756286614,,0.6446913142391395,AMZN,buy
403.21855372728794,0.3283888648688793,2017-07-03,3.4288079557657243,364.6009102602875,117.59729880737541,NVDA,sell
262.43503085552214,0.3639854594290256,2017-07-03,3.4288079557657243,234.57621329894494,76.53827051299959,NVDA,sell
326.7937267204355,10.013671804141998,2017-07-03,23.4915438205719,187.4923188595687,13.911121772859275,TSLA,sell
-20.494612591988616,,2017-07-03,103.38628461914061,,0.1982333794805342,JNJ,buy
-24.350939082808072,,2017-07-03,73.09900032806397,,0.3331227372949357,JPM,buy
-105.2733772152062,,2017-07-03,87.553859576416,,1.2023841978470955,V,buy
-3.5052455915694627,,2017-07-03,114.63487578124999,,0.030577479738873592,MA,buy
-74.25835389465182,,2017-07-03,21.725188449096677,,3.418076398676277,WMT,buy
-299.97395942152593,,2017-07-03,68.43684169998168,,4.3832233044384665,PG,buy
-73.27068408990174,,2017-07-03,122.84931632537841,,0.596427284103374,HD,buy
168.44732863324415,24.13743644943237,2017-07-03,159.78272706298827,143.0009818052872,1.0542273982270949,UNH,sell
-12.058650361301062,,2017-10-02,35.819646209335325,,0.3366490637799302,AAPL,buy
71.85276909406977,23.000320911216733,2017-10-02,67.7998731765747,47.47755023165224,1.0597773377383746,MSFT,sell
-94.66584984855001,,2017-10-02,47.951076148223876,,1.9742174201872729,GOOGL,buy
-255.50268440270176,,2017-10-02,47.99307100868225,,5.323741094969307,AMZN,buy
83.24176831652451,21.796630482864376,2017-10-02,167.744755329895,72.42539399133489,0.49624066131198674,META,sell
130.45695663526394,0.3639854594290256,2017-10-02,4.408934174823761,119.68690804443935,29.589227568923434,NVDA,sell
583.4337681568838,0.373252298104763,2017-10-02,4.408934174823761,534.0413331325657,132.32988859041097,NVDA,sell
-384.572269572188,,2017-10-02,22.784605288124084,,16.8786013498613,TSLA,buy
-297.6337165231949,,2017-10-02,102.7287354232788,,2.8972781111033683,JNJ,buy
-122.79685375945436,,2017-10-02,76.32245420303344,,1.6089217130359756,JPM,buy
179.22357163911138,19.542060758018494,2017-10-02,98.91385846481323,143.81500522992104,1.8119156852309715,V,sell
334.9757911887025,23.51915078754425,2017-10-02,134.6613777923584,276.4709231092144,2.4875416892378723,MA,sell
-110.8292681983221,,2017-10-02,22.75824063911438,,4.869852197970033,WMT,buy
-88.00905409687863,,2017-10-02,72.14178777923584,,1.219945565615852,PG,buy
-28.559159600711688,,2017-10-02,131.6077012069702,,0.21700219165593282,HD,buy
-61.37513798044777,,2017-10-02,169.89869208374023,,0.36124550005480316,UNH,buy
59.496963475994015,13.02700536251068,2018-01-02,40.2042248714447,40.21870939366317,1.47986843836037,AAPL,sell
185.73829151396478,23.000320911216733,2018-01-02,78.49702317581176,131.31533205021395,2.3661826143134377,MSFT,sell
4.64505520555495,14.109933368301391,2018-01-02,53.117485317993165,3.4111598309887112,0.08744870314825448,GOOGL,sell
455.36651996702165,9.9094319026947,2018-01-02,59.40888513793945,379.41115554799535,7.664956494465798,AMZN,sell
36.01323551061985,12.87450630044937,2018-01-02,59.40888513793945,28.208803119665145,0.6061927509159943,AMZN,sell
-140.41615284688262,,2018-01-02,179.82465700531006,,0.7808503860665574,META,buy
23.941105464803332,0.373252298104763,2018-01-02,4.91358507771492,22.122459304704257,4.872431246461133,NVDA,sell
-634.1883347174024,,2018-01-02,21.383625669860837,,29.65766163832822,TSLA,buy
-151.54003452710313,,2018-01-02,109.66703762893675,,1.3818193488534405,JNJ,buy
49.27005843603221,27.790676285171507,2018-01-02,85.45619863357544,33.247250653317636,0.5765533597778614,JPM,sell
-75.21349750874178,,2018-01-02,107.76356837615965,,0.6979492108706111,V,buy
-131.83482448841238,,2018-01-02,144.66818297424317,,0.9112910785081496,MA,buy
371.38741832376536,12.88737464647293,2018-01-02,28.711340924835206,204.68643380845572,12.935216759678283,WMT,sell
10.75664516794502,12.90103700494766,2018-01-02,28.711340924835206,5.923298034349006,0.3746479551792916,WMT,sell
138.28652665909988,13.264122102451324,2018-01-02,28.711340924835206,74.40064339324476,4.816442639204027,WMT,sell
59.66305835547199,12.762187894916533,2018-01-02,28.711340924835206,33.142835454309335,2.0780310648557574,WMT,sell
-422.14729956653116,,2018-01-02,71.79533876953124,,5.879870571008205,PG,buy
164.8815706318571,19.169317720603942,2018-01-02,151.425178125,144.00877224488627,1.0888649607250187,HD,sell
59.273582031305345,24.13743644943237,2018-01-02,190.68535070343017,51.770581333385906,0.31084496954090923,UNH,sell
-0.8895234253262095,,2018-04-02,39.11522160949707,,0.02274110662612827,AAPL,buy
241.18375303016694,23.000320911216733,2018-04-02,81.22396429824829,172.88736087309124,2.969366924083616,MSFT,sell
19.462349812709554,21.77144158306122,2018-04-02,81.22396429824829,14.24562078849414,0.23961339465339648,MSFT,sell
-116.94251775810505,,2018-04-02,50.18935907440185,,2.3300261233610655,GOOGL,buy
49.03420371787105,12.87450630044937,2018-04-02,68.55148291168213,39.825195569694756,0.7152901970194279,AMZN,sell
704.7913924198209,16.05873386077881,2018-04-02,68.55148291168213,539.6883644835883,10.281198341512678,AMZN,sell
-477.6743790409312,,2018-04-02,154.0235736022949,,3.1013069484696985,META,buy
570.2603520712647,0.373252298104763,2018-04-02,5.451833756875992,531.2182615709486,104.59973240233853,NVDA,sell
-762.9444172731046,,2018-04-02,16.84378313293457,,45.29531229723108,TSLA,buy
-295.9541807137681,,2018-04-02,98.74019710845947,,2.9973019031821693,JNJ,buy
96.25676690689474,27.790676285171507,2018-04-02,85.82174914855956,65.08703806885673,1.1215894323042974,JPM,sell
38.30703982855005,19.14869439239502,2018-04-02,85.82174914855956,29.759908057972282,0.44635585045277537,JPM,sell
264.55331049607594,19.542060758018494,2018-04-02,111.45279692230224,218.1667054918661,2.3736803184984723,V,sell
660.7043617877097,23.51915078754425,2018-04-02,163.44779277648925,565.6329922273828,4.042296017366269,MA,sell
-409.7515955021238,,2018-04-02,25.097477667617795,,16.32640542323537,WMT,buy
-461.8336010987005,,2018-04-02,61.76859534454345,,7.476835089459392,PG,buy
-194.75934284250332,,2018-04-02,140.23089019927977,,1.3888476537924994,HD,buy
56.204742345321264,24.13743644943237,2018-04-02,187.89102819213866,48.98439547953263,0.2991347851258013,UNH,sell
21.817880456382603,13.02700536251068,2018-07-02,44.033703308486935,15.363241751281162,0.4954813885067324,AAPL,sell
51.49095276307725,21.77144158306122,2018-07-02,92.16466470108031,39.32758978906362,0.558684317141271,MSFT,sell
24.007551383588513,14.109933368301391,2018-07-02,56.527625539398194,18.01499558231202,0.4247047554979275,GOOGL,sell
85.8457456907696,16.05873386077881,2018-07-02,85.62902068862915,69.74636755889718,1.0025309760685985,AMZN,sell
425.8701228620418,16.63113285598755,2018-07-02,85.62902068862915,343.1563123366473,4.97343213127035,AMZN,sell
596.0802739843575,21.796630482864376,2018-07-02,195.3508447769165,529.5715190055981,3.051331949268299,META,sell
-102.13584797810863,,2018-07-02,5.986520816516876,,17.060969318993216,NVDA,buy
335.0473624223059,10.013671804141998,2018-07-02,22.322362744331357,184.74721881441712,15.009493675009352,TSLA,sell
63.69808212821845,16.02721194820404,2018-07-02,22.322362744331357,17.963556860622496,2.8535546553822684,TSLA,sell
426.67996420300295,12.514753764820098,2018-07-02,22.322362744331357,187.46717344505115,19.114462437958366,TSLA,sell
-558.1785162641883,,2018-07-02,97.09271288909912,,5.748922855845514,JNJ,buy
-574.5221622242833,,2018-07-02,84.1593112876892,,6.826602468981044,JPM,buy
-3.686569064372309,,2018-07-02,125.11148833770751,,0.02946627135008839,V,buy
127.3712794747956,23.51915078754425,2018-07-02,188.54739824523926,111.48315608592887,0.6755398412293481,MA,sell
-539.0347657828397,,2018-07-02,24.798010909080503,,21.73701623727638,WMT,buy
-415.3617671011148,,2018-07-02,62.92815509529113,,6.600571182678706,PG,buy
26.296818277746922,19.169317720603942,2018-07-02,158.01993905181885,23.106764746326366,0.16641455778010084,HD,sell
86.65832518408047,24.13743644943237,2018-07-02,214.84236388549803,76.92230394918202,0.4033577159403521,UNH,sell
555.3720578339344,13.02700536251068,2018-10-01,53.64993018608093,420.5194168240067,10.351775965181432,AAPL,sell
184.13325692271118,21.77144158306122,2018-10-01,106.95092267074584,146.65021005893556,1.7216612285765436,MSFT,sell
109.74041032360145,18.38226051311493,2018-10-01,106.95092267074584,90.87870477670435,1.0260819409800064,MSFT,sell
-167.88487805324903,,2018-10-01,59.89881436042785,,2.802808032944341,GOOGL,buy
335.0361453401675,16.63113285598755,2018-10-01,100.1478497177124,279.39809958665194,3.345415266374033,AMZN,sell
-1230.2098218950425,,2018-10-01,161.0116008377075,,7.64050425866543,META,buy
258.4697022587231,0.373252298104763,2018-10-01,7.144906942176819,244.96715965889888,36.1753769993785,NVDA,sell
192.15817921414188,0.4453001302093267,2018-10-01,7.144906942176819,180.18208730457044,26.89442714499478,NVDA,sell
-759.3325052164142,,2018-10-01,20.727832463073728,,36.63347369143165,TSLA,buy
276.6322476834913,39.8064743434906,2018-10-01,112.14150821228027,178.43707762076897,2.4668140467652293,JNJ,sell
-42.065610148300486,,2018-10-01,91.39693328323364,,0.4602518775760416,JPM,buy
200.534769099091,19.542060758018494,2018-10-01,142.39611776275635,173.01391597893223,1.408288177021781,V,sell
172.17466383350097,23.51915078754425,2018-10-01,213.71159469909668,153.22668917542796,0.8056402558594016,MA,sell
67.12699088477237,12.762187894916533,2018-10-01,27.990892604255674,36.521061927667034,2.3981725711228847,WMT,sell
33.016995312416704,13.186707797145843,2018-10-01,27.990892604255674,17.46245492386268,1.179562073250814,WMT,sell
57.92209535538395,15.428354778480529,2018-10-01,27.990892604255674,25.9959024579136,2.0693193380541786,WMT,sell
-66.34267073229093,,2018-10-01,68.00183739776611,,0.9756011494840919,PG,buy
-89.6107618113232,,2018-10-01,170.1849641113281,,0.5265492300054397,HD,buy
-19.33445195926005,,2018-10-01,234.72773207397458,,0.08236969610888067,UNH,buy
86.68477740774759,18.38226051311493,2019-01-02,93.95032487411498,69.72408926786417,0.9226660740545327,MSFT,sell
58.2814564363445,14.109933368301391,2019-01-02,52.20036118354797,42.52778254828793,1.116495271582778,GOOGL,sell
-460.3682867310738,,2019-01-02,77.01036674041748,,5.9780040820070255,AMZN,buy
-126.91677157842179,,2019-01-02,134.48691251068115,,0.9437109471030638,META,buy
537.7180687640173,12.514753764820098,2019-01-02,20.66019509124756,211.99949758135165,26.02676627152543,TSLA,sell
140.53850879446696,16.00319402589798,2019-01-02,20.66019509124756,31.678693366053437,6.8023805280524385,TSLA,sell
157.08049615746802,39.8064743434906,2019-01-02,103.20930383148193,96.49660974385066,1.5219606210496863,JNJ,sell
101.32402901061958,39.00823224906921,2019-01-02,103.20930383148193,63.028341419206406,0.9817334799201767,JNJ,sell
35.39954906818036,40.02568285789489,2019-01-02,103.20930383148193,21.671221565565414,0.34298796478639204,JNJ,sell
99.84210690293683,19.14869439239502,2019-01-02,80.41766722412109,76.06815201751438,1.2415444310847832,JPM,sell
109.57026686216044,19.542060758018494,2019-01-02,125.74625891647338,92.5420957599494,0.8713600532238672,V,sell
-59.38789097654433,,2019-01-02,181.6752099090576,,0.32689044920477883,MA,buy
154.52103425812223,15.428354778480529,2019-01-02,27.82761586475372,68.85054962664435,5.552794569578545,WMT,sell
153.070950509417,17.72042632217407,2019-01-02,27.82761586475372,55.59646639441631,5.500685048024387,WMT,sell
291.0111338475414,19.32804004611969,2019-01-02,27.82761586475372,88.88548728806899,10.457638026264917,WMT,sell
60.048893379736036,19.184705529212952,2019-01-02,27.82761586475372,18.650437168311818,2.1578885403472015,WMT,sell
704.5118900650042,37.606857533264154,2019-01-02,74.73759454650879,350.0118765051899,9.426472638567333,PG,sell
165.91865328556779,41.07767300834656,2019-01-02,74.73759454650879,74.72556328842452,2.220015967764624,PG,sell
102.73404802839426,39.663540650177,2019-01-02,74.73759454650879,48.21267742693974,1.3745966625198704,PG,sell
12.947121468447753,41.403283008575436,2019-01-02,74.73759454650879,5.774649066075182,0.17323438822199222,PG,sell
113.6792521098697,43.75903778648376,2019-01-02,74.73759454650879,47.119782022571115,1.5210451018613895,PG,sell
84.87297800170015,44.59032683181762,2019-01-02,74.73759454650879,34.2356267295717,1.1356129203340117,PG,sell
-125.94171887320039,,2019-01-02,142.18260334320067,,0.885774461234206,HD,buy
231.39730967474347,24.13743644943237,2019-01-02,212.7695208480835,205.14666139306757,1.0875491412135112,UNH,sell
-623.4817819764045,,2019-04-01,45.562144628906246,,13.684206199127104,AAPL,buy
3.6925476010082434,18.38226051311493,2019-04-01,111.05345660018921,3.081334100439946,0.033250181615706254,MSFT,sell
211.78838012134278,19.44394105110168,2019-04-01,111.05345660018921,174.70713200483266,1.907084989563323,MSFT,sell
23.04405373246776,14.109933368301391,2019-04-01,59.34235764312744,17.564829859091144,0.38832386591462864,GOOGL,sell
201.29893000201338,16.63113285598755,2019-04-01,90.64600652160644,164.36592680530188,2.220714819400584,AMZN,sell
476.4104511760898,21.796630482864376,2019-04-01,166.98260915222167,414.2234808371982,2.8530543006535076,META,sell
-1696.7155604740508,,2019-04-01,4.516342345094681,,375.6835578057759,NVDA,buy
-847.6240290178179,,2019-04-01,19.292162517166137,,43.93618539464424,TSLA,buy
-154.59711387442508,,2019-04-01,113.18507012329101,,1.3658790307416382,JNJ,buy
-294.76175880498295,,2019-04-01,85.54147319259643,,3.445834491783039,JPM,buy
228.83353518016867,19.542060758018494,2019-04-01,149.03226205444335,198.82742250149656,1.5354630737375032,V,sell
47.15112187409761,23.51915078754425,2019-04-01,228.96421604919433,42.307769649484,0.2059322748667718,MA,sell
219.22184676300972,23.26722552452087,2019-04-01,228.96421604919433,196.94463577978345,0.9574502537807419,MA,sell
62.84816924585954,20.622887302970884,2019-04-01,228.96421604919433,57.18741258300649,0.2744890460627971,MA,sell
226.7296955404538,20.275942035484313,2019-04-01,228.96421604919433,206.6516316236297,0.9902407435218592,MA,sell
-331.3693341248656,,2019-04-01,29.361240548324584,,11.285944596907513,WMT,buy
55.25071148150401,44.59032683181762,2019-04-01,85.52880249938964,26.44582692032588,0.645989536471042,PG,sell
50.13856361611829,19.169317720603942,2019-04-01,162.31383673553466,44.21718269541413,0.3088988876395753,HD,sell
-507.636925358953,,2019-04-01,215.6815110961914,,2.3536413611853497,UNH,buy
77.23557162496722,13.02700536251068,2019-07-01,48.135943711853024,56.333349124501915,1.604530121759069,AAPL,sell
360.864818408827,19.44394105110168,2019-07-01,127.06692041473389,305.6448269770984,2.839958796758431,MSFT,sell
125.92650552161335,19.986177116584777,2019-07-01,127.06692041473389,106.11970265889343,0.9910250843461199,MSFT,sell
5.551775811990232,20.8478504989624,2019-07-01,127.06692041473389,4.640896790492303,0.043691747575763884,MSFT,sell
-600.1102254915089,,2019-07-01,54.51970066261291,,11.007217908352104,GOOGL,buy
84.74882262384682,16.63113285598755,2019-07-01,96.04222042236327,70.07330885243127,0.8824121542707815,AMZN,sell
491.6050681807143,21.796630482864376,2019-07-01,191.0352337875366,435.51419006261995,2.573373814002615,META,sell
-623.1844435529451,,2019-07-01,4.121885166692733,,151.189181248581,NVDA,buy
-155.8673663180393,,2019-07-01,114.27110355758666,,1.3640138360919067,JNJ,buy
254.082664247969,19.14869439239502,2019-07-01,93.5116368095398,202.053297058093,2.717123482347688,JPM,sell
134.97931193420158,19.542060758018494,2019-07-01,165.09310936431885,119.00181944496148,0.8175950677404487,V,sell
181.99088469087638,16.33200966053009,2019-07-01,165.09310936431885,163.98724481550917,1.1023530018401217,V,sell
363.90732099010376,20.275942035484313,2019-07-01,255.87148471069335,335.070329814528,1.4222269488198869,MA,sell
255.16753858010605,19.184705529212952,2019-07-01,33.33292044754028,108.30629682429534,7.65512097812406,WMT,sell
41.400618093723146,20.691367059516907,2019-07-01,33.33292044754028,15.701238202414643,1.2420339273565872,WMT,sell
160.45802399687412,20.260103777503964,2019-07-01,33.33292044754028,62.92992941463709,4.813800346399432,WMT,sell
87.43879462206581,44.59032683181762,2019-07-01,91.82543242034912,44.978614177393446,0.9522285092195091,PG,sell
59.914725172742024,46.96875295562744,2019-07-01,91.82543242034912,29.26831435966095,0.6524850860322715,PG,sell
5.224029773680895,53.62953635749817,2019-07-01,91.82543242034912,2.1729981880328793,0.05689088127314079,PG,sell
194.7050978065769,19.169317720603942,2019-07-01,175.6837437057495,173.46030985438694,1.1082704278700142,HD,sell
-237.96645471666756,,2019-07-01,214.07801822052,,1.1115875263360309,UNH,buy
483.57149172567813,13.02700536251068,2019-10-01,53.842361307907105,366.5727520187965,8.981245992542725,AAPL,sell
-42.86441864057974,,2019-10-01,128.97661879425047,,0.3323425520168044,MSFT,buy
145.76446378656314,14.109933368301391,2019-10-01,59.68980102996826,111.30754089513027,2.4420329984578046,GOOGL,sell
226.53074673231367,12.292113436985016,2019-10-01,59.68980102996826,179.8805386942521,3.795133219133703,GOOGL,sell
-598.6876561428753,,2019-10-01,86.84324897155761,,6.893888278396332,AMZN,buy
-558.6132154173988,,2019-10-01,174.26401984558103,,3.2055568092162545,META,buy
130.4863171244513,0.4453001302093267,2019-10-01,4.314336342859268,117.01829576764976,30.24481791745825,NVDA,sell
-1055.0416776023255,,2019-10-01,16.324086714172363,,64.63097728379205,TSLA,buy
-413.84426891098724,,2019-10-01,107.38667204284667,,3.853776833179687,JNJ,buy
7.540274547264346,19.14869439239502,2019-10-01,95.72279543380736,6.0318938915806815,0.07877198438566779,JPM,sell
-93.85408755494586,,2019-10-01,165.8960753173828,,0.5657402525972337,V,buy
-26.51125486052807,,2019-10-01,260.5511852508545,,0.10175065922269155,MA,buy
40.2890029350117,20.260103777503964,2019-10-01,35.68632485847473,17.415832783906747,1.128975961934728,WMT,sell
147.42353726408757,19.989879963111875,2019-10-01,35.68632485847473,64.84347822652552,4.131093292703625,WMT,sell
31.941961938069188,20.346097616386412,2019-10-01,35.68632485847473,13.73066452293289,0.8950756925725756,WMT,sell
23.424088696315657,21.823771966171265,2019-10-01,35.68632485847473,9.09921853243372,0.6563883725547868,WMT,sell
349.2050486772027,53.62953635749817,2019-10-01,103.59516482620239,168.42725962039964,3.3708624264757,PG,sell
182.65633687956904,52.74313979415893,2019-10-01,103.59516482620239,89.6609859238515,1.7631743449224153,PG,sell
418.7566756288764,19.169317720603942,2019-10-01,194.2405842956543,377.4301949046655,2.1558660212403673,HD,sell
-616.4609196257899,,2019-10-01,192.54522509613037,,3.201642208047563,UNH,buy
282.40699706277957,13.02700536251068,2020-01-02,72.22097820053101,231.46726242041055,3.910318083461007,AAPL,sell
458.89435912272916,12.511241786670684,2020-01-02,72.22097820053101,379.3975366678716,6.354031343199878,AAPL,sell
-107.61001084745592,,2020-01-02,151.6503009246826,,0.7095931243875384,MSFT,buy
-317.6250517056318,,2020-01-02,67.83640032272338,,4.682221494574733,GOOGL,buy
-529.917686715974,,2020-01-02,94.966927784729,,5.580023478459694,AMZN,buy
-18.15445855937203,,2020-01-02,207.93532412567137,,0.0873081985261912,META,buy
234.0135925937025,0.4453001302093267,2020-01-02,5.952967588376999,216.50866220298647,39.31040932435235,NVDA,sell
704.5244363937941,0.43581984700560567,2020-01-02,5.952967588376999,652.9458367252267,118.34844150157278,NVDA,sell
224.1570419259711,16.00319402589798,2020-01-02,28.663921215248106,99.00917373045026,7.820180646000665,TSLA,sell
670.4005855797956,14.904425853443145,2020-01-02,28.663921215248106,321.81129994627236,23.388306873491132,TSLA,sell
521.9312369776625,14.443436730289458,2020-01-02,28.663921215248106,258.9357890681002,18.208647486095344,TSLA,sell
567.4404562466036,14.256639575099944,2020-01-02,28.663921215248106,285.2113081726605,19.796330445701443,TSLA,sell
237.21098132205583,14.476125802993772,2020-01-02,28.663921215248106,117.4124380005306,8.275594240604761,TSLA,sell
483.8068993160046,22.784605288124084,2020-01-02,28.663921215248106,99.23462974381658,16.8786013498613,TSLA,sell
174.5905789782585,21.383625669860837,2020-01-02,28.663921215248106,44.34393343663805,6.09095237414283,TSLA,sell
-339.0856301999356,,2020-01-02,121.4234455619812,,2.7925877793251033,JNJ,buy
174.6035432100294,19.14869439239502,2020-01-02,117.81667862319946,146.22530400120627,1.4819934261467793,JPM,sell
-504.9882334630856,,2020-01-02,182.22019257049558,,2.7713077587036388,V,buy
-388.2990194690883,,2020-01-02,292.111011920166,,1.3292857976035855,MA,buy
-939.4681439582932,,2020-01-02,36.22863133430481,,25.931648791510185,WMT,buy
-995.7587838293824,,2020-01-02,104.0320686882019,,9.571652245172643,PG,buy
-1232.7207384147398,,2020-01-02,186.08243709716797,,6.624594763723142,HD,buy
178.43797603467644,24.13743644943237,2020-01-02,259.91851552734374,161.86726233248453,0.6865150628944114,UNH,sell
434.16786484421567,28.769846332168576,2020-01-02,259.91851552734374,386.1107161313155,1.6703999096152913,UNH,sell
182.3192163048322,33.57835138015747,2020-01-02,259.91851552734374,158.765762654107,0.7014475899684491,UNH,sell
-390.2000609353308,,2020-04-01,58.147070198440545,,6.710571308299478,AAPL,buy
309.2977668329141,20.8478504989624,2020-04-01,143.8063847671509,264.4583557522702,2.1507930077911652,MSFT,sell
194.45633533689127,23.423153536987304,2020-04-01,143.8063847671509,162.7833285631592,1.3522093309817365,MSFT,sell
-382.65751062188616,,2020-04-01,54.62378882369995,,7.00532714522835,GOOGL,buy
844.2987931017619,16.63113285598755,2020-04-01,95.31823263473511,696.9854721337397,8.85768409426099,AMZN,sell
-655.6639761790934,,2020-04-01,158.19658238677977,,4.14461530259889,META,buy
490.3495069468826,0.43581984700560567,2020-04-01,6.0349852548122405,454.9386421189265,81.25115244579638,NVDA,sell
407.1609041649923,0.4928415362536907,2020-04-01,6.0349852548122405,373.9104823265781,67.46676039354463,NVDA,sell
756.0560264295419,21.383625669860837,2020-04-01,32.08152729148865,252.11433725375997,23.56670926418539,TSLA,sell
788.4985294525982,16.84378313293457,2020-04-01,32.08152729148865,374.5126830162609,24.5779610892088,TSLA,sell
126.17679581821109,40.02568285789489,2020-04-01,107.68151288909911,79.27633651052679,1.171759129611786,JNJ,sell
-1632.8963281909919,,2020-04-01,70.99604308166504,,22.9998216423514,JPM,buy
-400.77211702939536,,2020-04-01,146.19164855651854,,2.741415949451138,V,buy
-694.2085595948217,,2020-04-01,220.40477050933836,,3.149698429805124,MA,buy
201.54102637793434,21.823771966171265,2020-04-01,34.871538400268555,75.4099291199403,5.779527821932348,WMT,sell
389.86139156195793,19.558830453681946,2020-04-01,34.871538400268555,171.1950175559829,11.17993095363282,WMT,sell
145.21813400507506,52.74313979415893,2020-04-01,92.58077031784057,62.48755921960455,1.568556121390266,PG,sell
-300.1750516664248,,2020-04-01,152.33678576660154,,1.9704699042707219,HD,buy
-323.44564330241786,,2020-04-01,212.09520116577147,,1.5250021760257368,UNH,buy
749.0510562573774,12.511241786670684,2020-07-01,87.9977837562561,642.553386937031,8.512158196303716,AAPL,sell
-134.74588687952888,,2020-07-01,194.3363950302124,,0.6933641372661086,MSFT,buy
-353.6826677177696,,2020-07-01,71.47037390441893,,4.948661219973019,GOOGL,buy
649.2438444608623,16.63113285598755,2020-07-01,143.83424306030273,574.1736775560747,4.513833636880655,AMZN,sell
65.22905388038149,15.884111245059966,2020-07-01,143.83424306030273,58.02558462159308,0.453501561884913,AMZN,sell
604.9190493921969,21.796630482864376,2020-07-01,235.13167924804688,548.8432495092817,2.572682044915144,META,sell
1033.8400017355543,0.4928415362536907,2020-07-01,9.46882246541977,980.0297949694398,109.18358703113802,NVDA,sell
1545.302024318145,16.84378313293457,2020-07-01,74.58974889221192,1196.3434534813778,20.71735120802228,TSLA,sell
2732.481603693338,20.727832463073728,2020-07-01,74.58974889221192,1973.1490984769239,36.63347369143165,TSLA,sell
780.264675875598,19.292162517166137,2020-07-01,74.58974889221192,578.4541971307403,10.460749465762945,TSLA,sell
-1478.5723564577227,,2020-07-01,118.33272919158935,,12.495041452680482,JNJ,buy
-1374.033571916286,,2020-07-01,79.3017721534729,,17.32664396524602,JPM,buy
-570.4456905198695,,2020-07-01,185.33379024200437,,3.077936785164731,V,buy
-294.93090153254457,,2020-07-01,290.80938120117185,,1.0141725838222584,MA,buy
-1713.8501463480463,,2020-07-01,36.779466020202634,,46.59801600726459,WMT,buy
-1439.37565924908,,2020-07-01,102.42005544815062,,14.053650458896236,PG,buy
120.91374691335334,19.169317720603942,2020-07-01,212.5896846633911,110.01089414775109,0.5687658227858279,HD,sell
-611.9764858842755,,2020-07-01,267.23020421752926,,2.2900722905787916,UNH,buy
486.41380239588744,12.511241786670684,2020-10-01,113.10636273651123,432.6092193210545,4.300499022579487,AAPL,sell
213.34106677919863,16.867105340003967,2020-10-01,113.10636273651123,181.52635574391954,1.8861986330175853,AAPL,sell
-1093.9914748680494,,2020-10-01,202.19105631713865,,5.410681831307677,MSFT,buy
-518.1559283231746,,2020-10-01,161.17574764251708,,3.2148504716257236,AMZN,buy
1751.2329793927538,0.4928415362536907,2020-10-01,13.531146181297302,1687.4482607637437,129.42236791538778,NVDA,sell
4997.283450957758,19.292162517166137,2020-10-01,149.28210230255127,4351.469900684798,33.475435928881296,TSLA,sell
942.2873785314114,16.324086714172363,2020-10-01,149.28210230255127,839.24769299937,6.3121255930712294,TSLA,sell
-976.7125025378729,,2020-10-01,125.00931267776488,,7.813117931905872,JNJ,buy
-1024.4111547840748,,2020-10-01,83.25996239624023,,12.3037667241408,JPM,buy
-1016.6476637918976,,2020-10-01,194.78070607452392,,5.219447471367744,V,buy
-352.2130680178623,,2020-10-01,332.00057890319823,,1.0608808851521836,MA,buy
77.77748590101339,19.558830453681946,2020-10-01,44.08595476226807,43.27133381573423,1.7642236925666168,WMT,sell
-160.16829653180932,,2020-10-01,119.61129537582397,,1.339073337752538,PG,buy
-476.6786260633649,,2020-10-01,239.425720513916,,1.990924889106303,HD,buy
-980.8605846848443,,2020-10-01,282.15663051452634,,3.476298192589688,UNH,buy
129.91907136763817,16.867105340003967,2021-01-04,125.54452644882201,112.4642390111933,1.0348445690350303,AAPL,sell
-590.6256275076029,,2021-01-04,207.7106949493408,,2.8435012826453274,MSFT,buy
-774.8977303819935,,2021-01-04,85.55282604370116,,9.057535165304401,GOOGL,buy
-922.3481653406384,,2021-01-04,159.44302924041747,,5.784813357690716,AMZN,buy
4643.093820893795,16.324086714172363,2021-01-04,243.08638842315673,4331.294107853639,19.100591567518173,TSLA,sell
-221.0117634823657,,2021-01-04,133.7218357055664,,1.652772431041086,JNJ,buy
411.2518887795219,19.14869439239502,2021-01-04,108.9242260597229,338.95450351082616,3.7755777906930774,JPM,sell
531.6238561221924,24.799144667243954,2021-01-04,108.9242260597229,410.587265884648,4.8806760015967825,JPM,sell
242.37438664950758,36.925655928039546,2021-01-04,108.9242260597229,160.20870568995534,2.2251651025421495,JPM,sell
539.5937056399749,36.81936514587402,2021-01-04,108.9242260597229,357.1962868372909,4.953844752076705,JPM,sell
46.69308403334154,43.591325560379026,2021-01-04,108.9242260597229,28.00657597957291,0.4286749212956522,JPM,sell
100.5027397035239,41.91567298583984,2021-01-04,108.9242260597229,61.82778075284832,0.9226849098603509,JPM,sell
-196.76425986455018,,2021-01-04,208.8976824859619,,0.9419169112982999,V,buy
-612.0656196093631,,2021-01-04,340.24743653259276,,1.7988838530183386,MA,buy
-585.7704175290728,,2021-01-04,45.37749856033325,,12.908830061450857,WMT,buy
-869.6203965554945,,2021-01-04,119.04882917098998,,7.304737078148477,PG,buy
-1213.654209572896,,2021-01-04,228.85167346801757,,5.303235021973769,HD,buy
220.56211542347006,33.57835138015747,2021-01-04,315.6804802001953,197.10132935223947,0.6986878481798939,UNH,sell
-956.1344330215849,,2021-04-01,119.67175484313964,,7.989641618231829,AAPL,buy
608.2689912245813,23.423153536987304,2021-04-01,231.44855977478028,546.7106994507811,2.6280958145364153,MSFT,sell
71.7123463878278,10.902206093311309,2021-04-01,105.41140507965088,64.29547551731557,0.6803091784389039,GOOGL,sell
757.9976631074986,12.292113436985016,2021-04-01,105.41140507965088,669.6069120986631,7.190850577646138,GOOGL,sell
903.5265059159942,16.047818098258972,2021-04-01,105.41140507965088,765.9737524645134,8.5714302473558,GOOGL,sell
-573.6041638611264,,2021-04-01,158.16063805389402,,3.6267188278898317,AMZN,buy
-830.4857488065561,,2021-04-01,296.0336777404785,,2.8053759124480813,META,buy
-1193.4644733880464,,2021-04-01,13.75523025560379,,86.76441260602212,NVDA,buy
-1386.6513322387107,,2021-04-01,220.73773657684325,,6.281895219832471,TSLA,buy
-48.73693689669357,,2021-04-01,139.9981376647949,,0.34812560873764653,JNJ,buy
276.62465596947897,41.91567298583984,2021-04-01,133.97411507263183,190.0787690035442,2.064761956587745,JPM,sell
382.3114630513651,44.51922072639465,2021-04-01,133.97411507263183,255.2704417273028,2.853621857058741,JPM,sell
615.0369900231492,45.9089677406311,2021-04-01,133.97411507263183,404.2819996359383,4.590715077235011,JPM,sell
271.7155556356479,48.217803253936765,2021-04-01,133.97411507263183,173.92407408287926,2.028119801264161,JPM,sell
150.63942593377138,45.375650954437255,2021-04-01,133.97411507263183,99.61940607813034,1.1243920204444322,JPM,sell
-521.5174139856161,,2021-04-01,208.35726539611815,,2.5029960582086446,V,buy
-163.54291118435276,,2021-04-01,352.125435256958,,0.4644450380728955,MA,buy
-1170.7443810859072,,2021-04-01,42.17421947288513,,27.75971661641796,WMT,buy
-685.9292073058427,,2021-04-01,116.69062746047973,,5.878185954036027,PG,buy
1156.7814613109465,19.169317720603942,2021-04-01,268.15432357177735,1074.087618937607,4.3138646653269745,HD,sell
18.710417343326885,33.57835138015747,2021-04-01,332.72823079833984,16.822194734394124,0.05623333282671439,UNH,sell
180.63906274540372,16.867105340003967,2021-07-01,133.59533682403563,157.83244260222116,1.3521359879748758,AAPL,sell
4.271034077865063,23.423153536987304,2021-07-01,259.9817646789551,3.886233678148273,0.016428206351854158,MSFT,sell
230.21558588662126,22.11813108692169,2021-07-01,259.9817646789551,210.62983335055137,0.8855066668653038,MSFT,sell
193.35725375269908,16.047818098258972,2021-07-01,121.2054486213684,167.75640765628714,1.595285162111189,GOOGL,sell
111.28435447588318,14.399424391078949,2021-07-01,121.2054486213684,98.06357383926911,0.9181464673549655,GOOGL,sell
196.14379903116367,22.025187730407712,2021-07-01,121.2054486213684,160.50097896857523,1.6182754262466688,GOOGL,sell
-139.22646473106815,,2021-07-01,171.76865248413085,,0.8105464106375919,AMZN,buy
869.5537714303839,21.796630482864376,2021-07-01,350.78229552612305,815.5221327685127,2.4788986859390327,META,sell
977.7936348725797,0.4928415362536907,2021-07-01,20.10573767337799,953.825485830838,48.6325670192781,NVDA,sell
1022.0812276652847,2.6680777146101,2021-07-01,20.10573767337799,886.4486937908431,50.83530106028502,NVDA,sell
343.02337358122793,5.986520816516876,2021-07-01,20.10573767337799,240.8875256031193,17.060969318993216,NVDA,sell
1306.1113702636367,4.516342345094681,2021-07-01,20.10573767337799,1012.7201908521017,64.9621213347998,NVDA,sell
-757.9523829254855,,2021-07-01,226.13150896606444,,3.3518211875516712,TSLA,buy
-746.441649750217,,2021-07-01,143.5794697479248,,5.198804892236382,JNJ,buy
-722.7203314833341,,2021-07-01,137.91070946960448,,5.240494623389793,JPM,buy
-140.47109479206156,,2021-07-01,226.25833718566892,,0.6208438395655236,V,buy
-786.3488973644439,,2021-07-01,359.7341206481933,,2.185916909820918,MA,buy
-688.8378081427554,,2021-07-01,43.494975203323364,,15.83718130479869,WMT,buy
-866.8490258762473,,2021-07-01,118.27678185272215,,7.328987247519507,PG,buy
-498.300890806745,,2021-07-01,282.0337418182373,,1.7668130330585967,HD,buy
71.91649253605628,33.57835138015747,2021-07-01,368.354062600708,65.36074223604716,0.19523740834647185,UNH,sell
200.31839011300647,16.867105340003967,2021-10-01,139.03927730255126,176.01740514583207,1.440732388712803,AAPL,sell
484.06110109635324,22.11813108692169,2021-10-01,277.26290281677245,445.4460293382532,1.7458559950814703,MSFT,sell
587.15272134349,22.025187730407712,2021-10-01,135.16124126586914,491.4733032433563,4.3440909231406835,GOOGL,sell
433.8238559779884,22.003358114051817,2021-10-01,135.16124126586914,363.20019514073795,3.2096764717085904,GOOGL,sell
-731.3121179613562,,2021-10-01,164.27790848083495,,4.451676581009508,AMZN,buy
-604.294995157001,,2021-10-01,339.99378009338375,,1.7773707359911803,META,buy
42.053727097631544,4.516342345094681,2021-10-01,20.63658720817566,32.850217498677885,2.0378237289628487,NVDA,sell
1334.1139731559572,16.324086714172363,2021-10-01,258.2257925720215,1249.7761850230668,5.166462884546519,TSLA,sell
-551.5221990448102,,2021-10-01,139.65480362701416,,3.949181730388588,JNJ,buy
524.2264504802868,45.375650954437255,2021-10-01,147.37337465057374,362.8193001420593,3.557131345626317,JPM,sell
-455.126815282468,,2021-10-01,222.048009815979,,2.049677525412868,V,buy
-550.7055730140348,,2021-10-01,349.9275782531738,,1.5737701377043152,MA,buy
-389.56163918529427,,2021-10-01,42.943747328567504,,9.071440277549925,WMT,buy
56.5319466444126,52.74313979415893,2021-10-01,122.66832159805297,32.2251629054761,0.46085204320028694,PG,sell
97.01811026754164,56.212539025878904,2021-10-01,122.66832159805297,52.559734718056916,0.79089783738495,PG,sell
22.861559113052852,56.49710850753784,2021-10-01,122.66832159805297,12.332255630008062,0.1863688914564534,PG,sell
93.77533417729184,19.169317720603942,2021-10-01,290.3957322052002,87.58512896473698,0.3229225631698611,HD,sell
-551.935476101601,,2021-10-01,358.77345719909664,,1.538395511224543,UNH,buy
152.0308794281627,16.867105340003967,2022-01-03,177.66195698547364,137.5971711556712,0.8557311987765246,AAPL,sell
506.4954505621321,28.237571687316894,2022-01-03,177.66195698547364,425.9931199719232,2.850894244081445,AAPL,sell
741.514243824749,24.55197202682495,2022-01-03,177.66195698547364,639.0407752173642,4.1737367774541525,AAPL,sell
71.62214717369778,22.11813108692169,2022-01-03,321.63120679321287,66.69679165328914,0.22268407312772354,MSFT,sell
-1037.0103661428632,,2022-01-03,143.7253389968872,,7.215222961939389,GOOGL,buy
-1306.4808765792645,,2022-01-03,170.52377838592528,,7.6615759335479225,AMZN,buy
3369.3105545282706,4.516342345094681,2022-01-03,29.971587513542175,2861.5977106785767,112.41681986334231,NVDA,sell
4444.497813880519,16.324086714172363,2022-01-03,399.64671759338376,4262.956556262703,11.121066727745593,TSLA,sell
-877.5911467675405,,2022-01-03,150.2667036895752,,5.840223583931746,JNJ,buy
-2037.1378744858735,,2022-01-03,143.6454185897827,,14.181711428635651,JPM,buy
-2159.4974797678724,,2022-01-03,213.72315573272704,,10.104181142021162,V,buy
-1383.4906105247387,,2022-01-03,360.846379397583,,3.834015496662083,MA,buy
-1061.52893687268,,2022-01-03,45.50765934181213,,23.32637960786866,WMT,buy
173.6756806114895,56.49710850753784,2022-01-03,144.05033924560547,105.55939692889382,1.2056596431569169,PG,sell
59.09244205375342,56.19711686096191,2022-01-03,144.05033924560547,36.039217124984575,0.41022077673139634,PG,sell
52.00011420430628,19.169317720603942,2022-01-03,361.2384110595703,49.240699147180315,0.14394957073302805,HD,sell
39.053004491576225,24.342377552604674,2022-01-03,361.2384110595703,36.42138240822931,0.10810867088310872,HD,sell
752.7626163615448,25.68580081157684,2022-01-03,361.2384110595703,699.2375480678645,2.0838387981875215,HD,sell
174.5943914341693,56.35782803497314,2022-01-03,361.2384110595703,147.35542573432554,0.4833217788829707,HD,sell
408.54384357556705,33.57835138015747,2022-01-03,460.0553906707764,378.7251977951561,0.8880318584679472,UNH,sell
49.66502430648534,46.54530000762939,2022-01-03,460.0553906707764,44.640252283140356,0.10795444486385009,UNH,sell
615.7477776705207,44.79607912559509,2022-01-03,460.0553906707764,555.7917664395233,1.338420960077741,UNH,sell
397.3159208999894,43.44521581726074,2022-01-03,460.0553906707764,359.79549122745385,0.8636262696991537,UNH,sell
341.3241531311793,24.55197202682495,2022-04-01,170.362657232666,292.1339068889436,2.003515081741355,AAPL,sell
-83.99376253440404,,2022-04-01,298.32596114807126,,0.2815502955598106,MSFT,buy
441.4961397154465,22.003358114051817,2022-04-01,138.73224140167235,371.47350063759677,3.1823614702308447,GOOGL,sell
353.2861916784039,15.884111245059966,2022-04-01,163.44550556030273,318.95280850750385,2.1614922384516717,AMZN,sell
-4750.154484671887,,2022-04-01,222.8728360580444,,21.313294920493448,META,buy
18.254900204315444,40.02568285789489,2022-04-01,156.8742114715576,13.597252275274377,0.11636648263009874,JNJ,sell
254.9632365935274,38.24677049102783,2022-04-01,156.8742114715576,192.80183796612909,1.6252718289503818,JNJ,sell
243.04917360267413,43.50292296257019,2022-04-01,156.8742114715576,175.6489975242082,1.5493252289382227,JNJ,sell
143.82074197928273,46.92311250915527,2022-04-01,156.8742114715576,100.80209159857546,0.9167902144665661,JNJ,sell
13.905408462827323,48.50900732040405,2022-04-01,156.8742114715576,9.605545823907875,0.08864049949566422,JNJ,sell
325.14216957559233,60.24550768165588,2022-04-01,156.8742114715576,200.2755334915084,2.0726298256775166,JNJ,sell
400.1244067850736,61.28800022163391,2022-04-01,156.8742114715576,243.8028259357516,2.5506066486754513,JNJ,sell
68.05628151372903,64.22767481002808,2022-04-01,156.8742114715576,40.192576722224636,0.433827082701022,JNJ,sell
-1184.33473566282,,2022-04-01,120.92248478317259,,9.794164731120631,JPM,buy
655.6615246618945,16.33200966053009,2022-04-01,218.53085069274903,606.6603409806412,3.0003156194350993,V,sell
400.1999244827583,42.16206497459412,2022-04-01,218.53085069274903,322.98769030446715,1.8313200319960004,V,sell
131.55697197357904,44.06426686134338,2022-04-01,218.53085069274903,105.03000105785924,0.6020064057616565,V,sell
647.8956011389425,20.275942035484313,2022-04-01,354.02520212402345,610.7889387462003,1.8300832744443127,MA,sell
190.6401784093917,19.558830453681946,2022-04-01,47.625562855911255,112.34821284354713,4.002896070460395,WMT,sell
581.8444146785562,17.607537220191954,2022-04-01,47.625562855911255,366.73205540190577,12.217061170256343,WMT,sell
728.2943405315108,16.97873471069336,2022-04-01,47.625562855911255,468.65402013057104,15.292088887955586,WMT,sell
112.59526601252776,56.19711686096191,2022-04-01,137.88455333862305,66.705214016945,0.8165908601524876,PG,sell
206.3746998285031,58.27048950881957,2022-04-01,137.88455333862305,119.16003734408628,1.496720951198057,PG,sell
-2469.1657472663337,,2022-04-01,268.8578075866699,,9.183909403376227,HD,buy
330.2153183323595,43.44521581726074,2022-04-01,470.88807347717284,299.7488941879173,0.7012607388714578,UNH,sell
601.3484934547008,52.71341013565063,2022-04-01,470.88807347717284,534.0307346168993,1.2770518671542703,UNH,sell
250.89635521929776,58.515102604293816,2022-04-01,470.88807347717284,219.7186151243105,0.5328152683218477,UNH,sell
-309.94106469033227,,2022-07-01,136.17386831054685,,2.2760685918351555,AAPL,buy
208.541739840225,22.11813108692169,2022-07-01,250.50489788360593,190.1287124788838,0.8324856783324108,MSFT,sell
-581.4512361974143,,2022-07-01,107.78793845062255,,5.394399823907719,GOOGL,buy
-1870.110040419084,,2022-07-01,109.63668955688476,,17.05733772131802,AMZN,buy
455.85985964619823,44.10702901268005,2022-07-01,159.0607596496582,329.4514098222612,2.8659479600767632,JNJ,sell
105.97902065042337,64.22767481002808,2022-07-01,159.0607596496582,63.18539832639425,0.6662801113476959,JNJ,sell
135.28618649659316,75.14147520294189,2022-07-01,159.0607596496582,71.37599487972462,0.8505315000039602,JNJ,sell
249.76743118289653,75.79037424392699,2022-07-01,159.0607596496582,130.7565128081163,1.5702642922932455,JNJ,sell
265.73065125601227,72.3997349395752,2022-07-01,159.0607596496582,144.77794891364465,1.6706235519137564,JNJ,sell
275.71563774536395,72.42751010589599,2022-07-01,159.0607596496582,150.16992060469508,1.7333982206085636,JNJ,sell
237.87224934537736,69.0534610809326,2022-07-01,159.0607596496582,134.60415136455515,1.4954804055337512,JNJ,sell
45.885930813764226,75.02027378311156,2022-07-01,159.0607596496582,24.244043147544314,0.288480520996071,JNJ,sell
499.825980564747,90.58690315780639,2022-07-01,159.0607596496582,215.16942669878125,3.1423588172572963,JNJ,sell
37.26325456406191,88.93274617996215,2022-07-01,159.0607596496582,16.428929572252684,0.23427056834216486,JNJ,sell
97.02803126049288,45.375650954437255,2022-07-01,102.53491051483154,54.08938668406341,0.9462926409484496,JPM,sell
75.66860487245958,51.176660114288325,2022-07-01,102.53491051483154,37.90130733997577,0.7379789429036876,JPM,sell
135.97029878570234,68.20780728149414,2022-07-01,102.53491051483154,45.5207544401123,1.3260878475729925,JPM,sell
702.907987948108,15.739793756008147,2022-07-01,192.658181401062,645.4817905279091,3.6484720391128604,V,sell
128.77066441494551,20.275942035484313,2022-07-01,309.97427226562496,120.3475572052257,0.41542371718062654,MA,sell
224.53546517177108,42.11333627777099,2022-07-01,309.97427226562496,194.02990907529124,0.724368069422745,MA,sell
40.80532906570247,49.57900017623901,2022-07-01,309.97427226562496,34.27869896136169,0.13164101900281366,MA,sell
235.5406200935936,69.34185556488036,2022-07-01,309.97427226562496,182.84971920425687,0.7598715156971245,MA,sell
-105.51661111510263,,2022-07-01,38.87002827415466,,2.7146008325716195,WMT,buy
621.7702427679594,58.27048950881957,2022-07-01,130.62956458740234,344.4145268353304,4.759797253644997,PG,sell
479.7651446003115,53.02173891296386,2022-07-01,130.62956458740234,285.03141554835645,3.6727148721322393,PG,sell
225.10307062563263,67.56765001220703,2022-07-01,130.62956458740234,108.66935563357747,1.7232168792465004,PG,sell
174.69076776996997,64.66409153823852,2022-07-01,130.62956458740234,88.21555189030308,1.337298859731611,PG,sell
435.5475651996471,22.25501997871399,2022-07-01,249.76344338836668,396.7383638461641,1.7438403286360753,HD,sell
221.46295432182598,56.35782803497314,2022-07-01,249.76344338836668,171.49098513985433,0.8866908275982759,HD,sell
636.7251146255238,56.204854664993285,2022-07-01,249.76344338836668,493.44136563655695,2.5493126855856794,HD,sell
43.22142322540987,58.515102604293816,2022-07-01,477.00174135131834,37.91933353581324,0.09061061937209303,UNH,sell
751.798975090775,60.348652952957146,2022-07-01,477.00174135131834,656.6839021151266,1.5760927265401001,UNH,sell
363.3036788300939,66.82469866943359,2022-07-01,477.00174135131834,312.4073051721267,0.7616401520901697,UNH,sell
82.56243937853743,102.26197825775145,2022-07-01,477.00174135131834,64.86229774652496,0.1730862431332909,UNH,sell
550.8516256200862,97.06878562927245,2022-07-01,477.00174135131834,438.7545540048473,1.1548209951174506,UNH,sell
505.85658650979633,97.36268475723266,2022-07-01,477.00174135131834,402.60422683245787,1.0604921170240047,UNH,sell
626.2460245280253,24.55197202682495,2022-10-03,139.62236494903564,516.1234458012236,4.485284465397896,AAPL,sell
-347.7817462748269,,2022-10-03,233.14280687408444,,1.491711243155173,MSFT,buy
-570.5624469305126,,2022-10-03,97.7786174911499,,5.835247639721999,GOOGL,buy
634.2783904910523,15.884111245059966,2022-10-03,115.79888125534058,547.2745403184255,5.477413802404932,AMZN,sell
301.1597219685618,15.436797841167449,2022-10-03,115.79888125534058,261.013032332763,2.6007135708374776,AMZN,sell
-2159.898764186731,,2022-10-03,137.391135206604,,15.720801498137057,META,buy
-4235.807317275494,,2022-10-03,12.475843337345122,,339.5207203825694,NVDA,buy
-1753.9255665902504,,2022-10-03,242.5696738922119,,7.230605287327151,TSLA,buy
-489.86098171715633,,2022-10-03,145.77619681091306,,3.360363299589693,JNJ,buy
-111.97823412393787,,2022-10-03,97.84661244201659,,1.1444262742391373,JPM,buy
-505.8260474690533,,2022-10-03,176.25996864471435,,2.8697727076568498,V,buy
-500.172434220156,,2022-10-03,283.76591051940915,,1.7626234007623864,MA,buy
48.34532439486946,16.97873471069336,2022-10-03,42.13197072601318,28.862674443817088,1.14747360642734,WMT,sell
540.2463551393189,20.32543802318573,2022-10-03,42.13197072601318,279.61900684733723,12.822717424080977,WMT,sell
583.0841081437893,19.518582038879394,2022-10-03,42.13197072601318,312.95729460395836,13.839469127509403,WMT,sell
41.23871541943595,20.56988124580383,2022-10-03,42.13197072601318,21.1049437422532,0.9787986345954209,WMT,sell
-789.6928919842567,,2022-10-03,115.80216570129393,,6.819327490137198,PG,buy
176.8792943927634,56.204854664993285,2022-10-03,255.5547662612915,137.97775019527742,0.6921385070623707,HD,sell
94.00479795610636,60.747048700332634,2022-10-03,255.5547662612915,71.65923922109212,0.3678459976754702,HD,sell
319.63372240209753,59.12994690933227,2022-10-03,255.5547662612915,245.67726558241105,1.2507445158557076,HD,sell
353.42136827073506,97.36268475723266,2022-10-03,476.75057451782226,281.2451505488892,0.7413129362836735,UNH,sell
-1240.1128126980493,,2023-01-03,122.96275321960448,,10.08527200495648,AAPL,buy
-95.86307740780056,,2023-01-03,232.67330120391844,,0.4120072088708824,MSFT,buy
1315.5819014793194,4.516342345094681,2023-01-03,14.257309683322905,898.8400068257108,92.27420394874252,NVDA,sell
343.2035791174953,88.93274617996215,2023-01-03,159.96901319732666,152.40389748127174,2.1454378711090953,JNJ,sell
130.4645699479312,96.36051125335693,2023-01-03,159.96901319732666,51.876645890885825,0.8155615099469244,JNJ,sell
31.71119809827224,103.38628461914061,2023-01-03,159.96901319732666,11.216585506283625,0.1982333794805342,JNJ,sell
371.6350199086181,102.7287354232788,2023-01-03,159.96901319732666,132.97882724257877,2.3231687967606263,JNJ,sell
369.6342339023276,68.20780728149414,2023-01-03,123.64856908721923,165.73425530355635,2.9893935419632314,JPM,sell
41.19014979693644,73.09900032806397,2023-01-03,123.64856908721923,16.839210714128367,0.3331227372949357,JPM,sell
198.94086759025595,76.32245420303344,2023-01-03,123.64856908721923,76.14401383080158,1.6089217130359756,JPM,sell
844.099627016784,84.1593112876892,2023-01-03,123.64856908721923,269.5774647925007,6.826602468981044,JPM,sell
56.909486081983545,91.39693328323364,2023-01-03,123.64856908721923,14.843875933683059,0.4602518775760416,JPM,sell
426.07250422035804,85.54147319259643,2023-01-03,123.64856908721923,131.3107454153751,3.445834491783039,JPM,sell
545.8373536520907,70.99604308166504,2023-01-03,123.64856908721923,232.43063522795126,4.4144251541404245,JPM,sell
642.7117159361981,15.739793756008147,2023-01-03,201.40382518157958,592.4835246678076,3.1911594298506927,V,sell
429.0094653722173,44.06426686134338,2023-01-03,201.40382518157958,335.1483505142429,2.130095915434751,V,sell
242.49819092970273,49.15021818313598,2023-01-03,201.40382518157958,183.31937949220895,1.2040396487557956,V,sell
637.1669769278528,53.88286068572997,2023-01-03,338.8559879241943,535.8484797642975,1.8803474031286527,MA,sell
969.7753492462124,69.34185556488036,2023-01-03,338.8559879241943,771.3251975763062,2.8619100261057255,MA,sell
197.93853791367846,70.11607114791869,2023-01-03,338.8559879241943,156.98110141597877,0.5841376424428404,MA,sell
6.346811003667127,68.16221264343261,2023-01-03,338.8559879241943,5.0701250466333185,0.018730113174470375,MA,sell
321.198564500468,20.56988124580383,2023-01-03,45.82328224525452,177.0138617824187,7.009505839877534,WMT,sell
156.62747955238615,21.725188449096677,2023-01-03,45.82328224525452,82.36912565773433,3.418076398676277,WMT,sell
223.1526117602539,22.75824063911438,2023-01-03,45.82328224525452,112.32334356193181,4.869852197970033,WMT,sell
67.25684917567533,25.097477667617795,2023-01-03,45.82328224525452,30.42017603762971,1.4677440349144888,WMT,sell
409.0976101813343,64.66409153823852,2023-01-03,137.3587375854492,216.50756619972188,2.9783151576130322,PG,sell
212.67723716957542,69.41848540115356,2023-01-03,137.3587375854492,105.1942190293606,1.5483342443888688,PG,sell
602.0740196527888,68.43684169998168,2023-01-03,137.3587375854492,302.1000602312629,4.3832233044384665,PG,sell
167.5701828159602,72.14178777923584,2023-01-03,137.3587375854492,79.56112871908158,1.219945565615852,PG,sell
342.68851213572356,71.79533876953124,2023-01-03,137.3587375854492,163.57039956639835,2.494843197889331,PG,sell
269.96259400504476,59.12994690933227,2023-01-03,286.29081957092285,214.20504692425396,0.9429662970319832,HD,sell
449.13925170108985,85.68517417678832,2023-01-03,286.29081957092285,314.7144906510539,1.5688217050558428,HD,sell
107.52370300135732,104.65808642807006,2023-01-03,286.29081957092285,68.21673179407965,0.37557509934306665,HD,sell
256.4267681734994,101.11993640670775,2023-01-03,286.29081957092285,165.85502532284107,0.8956863114151474,HD,sell
12.109236876254842,97.36268475723266,2023-01-03,481.12391484374996,9.658750055169788,0.025168644714298694,UNH,sell
119.84939403888718,24.55197202682495,2023-04-03,163.390810597229,101.8401867944953,0.7335136755905154,AAPL,sell
1344.399600924042,23.705255090522765,2023-04-03,163.390810597229,1149.3498587322256,8.228122475247957,AAPL,sell
150.25013260041334,22.11813108692169,2023-04-03,279.25711136169434,138.34980135198535,0.5380351170567295,MSFT,sell
63.060817303598085,35.04866775398254,2023-04-03,279.25711136169434,55.14625561816351,0.22581633461760475,MSFT,sell
-1267.3595314622319,,2023-04-03,103.44866803970336,,12.251095692946208,GOOGL,buy
-2949.2099875385725,,2023-04-03,102.48169066467284,,28.77792089894956,AMZN,buy
1202.9579267603917,21.796630482864376,2023-04-03,210.90092621612547,1078.6321123295963,5.7039006340239276,META,sell
62.480291780043586,54.22890505447387,2023-04-03,210.90092621612547,46.41474919800848,0.29625423131625084,META,sell
124.34129126381033,80.95183691329956,2023-04-03,210.90092621612547,76.61435088204053,0.5895720492777201,META,sell
160.89868624791873,113.18587177047729,2023-04-03,210.90092621612547,74.54791294200834,0.7629112357858219,META,sell
292.4056515578864,141.02885744323729,2023-04-03,210.90092621612547,96.87481303091434,1.3864597790255182,META,sell
164.68206965765611,179.82465700531006,2023-04-03,210.90092621612547,24.26591681077349,0.7808503860665574,META,sell
654.0685079127651,154.0235736022949,2023-04-03,210.90092621612547,176.39412887183386,3.1013069484696985,META,sell
691.881130633538,161.0116008377075,2023-04-03,210.90092621612547,163.66681488156064,3.2805978762014405,META,sell
2896.924812164817,4.516342345094681,2023-04-03,27.857031370925903,2427.258679204557,103.99258892992839,NVDA,sell
4211.681764986323,4.121885166692733,2023-04-03,27.857031370925903,3588.497321433378,151.189181248581,NVDA,sell
410.89828031958984,13.75523025560379,2023-04-03,27.857031370925903,208.005144214408,14.750253709677054,NVDA,sell
-3723.892975235851,,2023-04-03,194.90634327545163,,19.106063520842184,TSLA,buy
-2854.3099090936075,,2023-04-03,142.02260983428954,,20.097573987860002,JNJ,buy
-2038.6249907070824,,2023-04-03,120.15759884643553,,16.966259398313184,JPM,buy
-715.8499252322599,,2023-04-03,223.13783771362304,,3.2081063999149606,V,buy
-1182.1749109185637,,2023-04-03,359.1590418609619,,3.2915081430031456,MA,buy
-1364.5466689123505,,2023-04-03,47.70872675170898,,28.601615717264366,WMT,buy
-1822.7158333684963,,2023-04-03,136.5331131362915,,13.349991013161812,PG,buy
-2244.216172886501,,2023-04-03,272.14996644287106,,8.246248207264067,HD,buy
-2176.3575255113146,,2023-04-03,460.7199223937988,,4.723819005272102,UNH,buy
-35.94533212995682,,2023-07-03,189.7683650512695,,0.1894168826308089,AAPL,buy
187.4399605167712,27.49607285289764,2023-07-03,329.3264389160156,171.79025189672407,0.5691615927762541,MSFT,sell
-161.14701863329125,,2023-07-03,118.85296767654418,,1.3558518712957124,GOOGL,buy
1225.6766498284487,15.436797841167449,2023-07-03,130.12884721984864,1080.2782768598822,9.418946498140464,AMZN,sell
19.45348711027253,44.60670333862304,2023-07-03,130.12884721984864,12.785050810643998,0.149494040144738,AMZN,sell
1234.3255314326186,161.0116008377075,2023-07-03,283.10826498413087,532.3300252895534,4.35990638246399,META,sell
267.1723688808793,134.48691251068115,2023-07-03,283.10826498413087,140.2555973024575,0.9437109471030638,META,sell
555.524439981576,174.26401984558103,2023-07-03,283.10826498413087,213.57779268365613,1.9622332114278436,META,sell
3042.858914053907,13.75523025560379,2023-07-03,42.25362013092041,2052.2875767710425,72.01415889634507,NVDA,sell
1013.8196042537633,12.475843337345122,2023-07-03,42.25362013092041,714.4782811716393,23.993674414464408,NVDA,sell
3138.0134951722566,16.324086714172363,2023-07-03,279.6241333190918,2954.820421679635,11.22225559691347,TSLA,sell
-1304.6795750089282,,2023-07-03,149.02412001190186,,8.754821534290755,JNJ,buy
-318.2536936582723,,2023-07-03,136.40562832946776,,2.3331419499023696,JPM,buy
-1397.6961009124752,,2023-07-03,232.33027255554197,,6.01598786735093,V,buy
-990.1123687045275,,2023-07-03,386.70632660827636,,2.5603728218997723,MA,buy
-1089.9804781794983,,2023-07-03,50.95293183670044,,21.391908942017068,WMT,buy
-1567.7362910243755,,2023-07-03,140.13548654937742,,11.18728974100344,PG,buy
-1310.6874771453822,,2023-07-03,285.4241444458008,,4.592069390942044,HD,buy
-2203.9539354445283,,2023-07-03,447.3433473236084,,4.926761398443659,UNH,buy
-1237.5316018338062,,2023-10-02,171.55138319244384,,7.213766387680835,AAPL,buy
-568.5095458280955,,2023-10-02,314.6554990631103,,1.8067681878144128,MSFT,buy
237.29094710194187,22.003358114051817,2023-10-02,132.81225499420165,197.97832729487286,1.7866645447161602,GOOGL,sell
392.08421225945716,28.728416442108152,2023-10-02,132.81225499420165,307.27307392996056,2.952168926554066,GOOGL,sell
1001.3917733494535,27.234575540733335,2023-10-02,132.81225499420165,796.0456635469712,7.5399049085731775,GOOGL,sell
-33.82473504183297,,2023-10-02,129.55062871856688,,0.26109278956347737,AMZN,buy
377.59306822169845,174.26401984558103,2023-10-02,303.6965347503662,160.9265001022196,1.243323597788411,META,sell
26.5151973477013,207.93532412567137,2023-10-02,303.6965347503662,8.360738788329268,0.0873081985261912,META,sell
609.4685933101146,158.19658238677977,2023-10-02,303.6965347503662,291.9942809575201,2.006834203133362,META,sell
789.8677567373735,12.475843337345122,2023-10-02,44.61739706726074,569.0062310096313,17.703133948998584,NVDA,sell
-1302.3454483494713,,2023-10-02,251.77612610778806,,5.172632800744275,TSLA,buy
-534.0367349699977,,2023-10-02,142.57093650970458,,3.7457615699511564,JNJ,buy
-124.6129123129112,,2023-10-02,134.68194945373534,,0.9252384066189734,JPM,buy
-307.3985234857853,,2023-10-02,226.21362817687987,,1.3588859608645052,V,buy
127.36551315991287,68.16221264343261,2023-10-02,388.5790614440918,105.02381734341046,0.32777245558877866,MA,sell
252.11924807493432,25.097477667617795,2023-10-02,51.67580339927673,129.67205263905615,4.8788646037472745,WMT,sell
-515.7818628795047,,2023-10-02,134.2588171646118,,3.841698249487152,PG,buy
-312.2770611290897,,2023-10-02,277.80538120422364,,1.1240857170420497,HD,buy
97.03223109800852,97.36268475723266,2023-10-02,482.88751100463867,77.46800897093098,0.20094168701140092,UNH,sell
1026.4837698916408,117.3267230506897,2023-10-02,482.88751100463867,777.0799765826282,2.1257202692114774,UNH,sell
-192.45980173640265,,2024-01-02,183.5324050323486,,1.048642073330214,AAPL,buy
937.1148749889604,27.49607285289764,2024-01-02,362.8637678741455,866.1048123828546,2.582552897135727,MSFT,sell
-725.0784746348778,,2024-01-02,136.96340680694578,,5.293957645613318,GOOGL,buy
980.8715505165832,44.60670333862304,2024-01-02,149.82504168090819,688.8412879095292,6.546779760659817,AMZN,sell
589.190123613817,158.19658238677977,2024-01-02,342.7647184020996,317.2605493966498,1.718934569346878,META,sell
-114.40112276470437,,2024-01-02,48.062413490295405,,2.380261715067718,NVDA,buy
-1289.9787951106118,,2024-01-02,248.59389216766357,,5.189100922240634,TSLA,buy
-598.5227247263114,,2024-01-02,148.17735154113768,,4.039232166733299,JNJ,buy
1613.722288827043,70.99604308166504,2024-01-02,162.16469499206542,907.2312912334327,9.951132019864133,JPM,sell
365.1379831196262,49.15021818313598,2024-01-02,253.39427709960935,294.3131336293394,1.4409874891376901,V,sell
132.12378554189976,49.13991129074096,2024-01-02,253.39427709960935,106.50145825321512,0.5214158230178256,V,sell
-225.88085694837636,,2024-01-02,415.32222995910644,,0.5438689303257789,MA,buy
-1139.9439962650376,,2024-01-02,51.67761325836181,,22.05875860725024,WMT,buy
-710.3895409584873,,2024-01-02,138.40968521728516,,5.132513233039063,PG,buy
123.33199760896294,101.11993640670775,2024-01-02,321.4281019958496,84.53226703876034,0.3837001084944198,HD,sell
826.183775001847,100.76030220947266,2024-01-02,321.4281019958496,567.1942021149562,2.57035327611932,HD,sell
38.38441431644055,105.8752540725708,2024-01-02,321.4281019958496,25.74096592799677,0.11941835227878173,HD,sell
-433.6607554845196,,2024-01-02,508.57059414062496,,0.852705131757201,UNH,buy
242.117077529806,27.49607285289764,2024-04-01,416.17267793884275,226.12066749236354,0.5817707176956617,MSFT,sell
-68.6044359040621,,2024-04-01,154.1321700744629,,0.44510134302863946,GOOGL,buy
18.258527736117628,44.60670333862304,2024-04-01,180.84332221984863,13.754890443196736,0.10096323995818324,AMZN,sell
116.58811907328639,47.716376756286614,2024-04-01,180.84332221984863,85.82578543154605,0.6446913142391395,AMZN,sell
962.7630262525842,47.99307100868225,2024-04-01,180.84332221984863,707.2603418498824,5.323741094969307,AMZN,sell
10.714109551831347,77.01036674041748,2024-04-01,180.84332221984863,6.151610390925185,0.059245259489351554,AMZN,sell
203.92131151934169,158.19658238677977,2024-04-01,486.86403457031247,137.66122191000989,0.4188465301186497,META,sell
1365.8366352208445,296.0336777404785,2024-04-01,486.86403457031247,535.3508864142884,2.8053759124480813,META,sell
865.3378874518718,339.99378009338375,2024-04-01,486.86403457031247,261.04289229487074,1.7773707359911803,META,sell
1747.5808951219096,222.8728360580444,2024-04-01,486.86403457031247,947.5868871841014,3.5894639386625826,META,sell
10748.294877701806,12.475843337345122,2024-04-01,90.04299722213744,9259.072537545973,119.36847072277703,NVDA,sell
-6128.809019871291,,2024-04-01,175.3426552215576,,34.953326172271744,TSLA,buy
-1966.7418007591368,,2024-04-01,147.25843482360838,,13.35571577353089,JNJ,buy
477.07998627694167,70.99604308166504,2024-04-01,188.6330621154785,297.52084177032975,2.5291429875897364,JPM,sell
-766.4922502980617,,2024-04-01,273.2839994567871,,2.8047461681680446,V,buy
81.03536629147207,68.16221264343261,2024-04-01,471.0347907714844,69.30895037270093,0.1720369023246633,MA,sell
54.107348972377785,25.097477667617795,2024-04-01,58.51335613632202,30.899690547785983,0.9247008297784305,WMT,sell
-630.3506152196525,,2024-04-01,150.37103997955322,,4.191968182871946,PG,buy
-825.6412899844523,,2024-04-01,345.3384916748047,,2.3908174440106578,HD,buy
-3153.6002892721503,,2024-04-01,463.5828564422607,,6.802668056955923,UNH,buy
-588.4859347372562,,2024-07-01,214.85366149902342,,2.739008172499453,AAPL,buy
93.06043021290681,27.49607285289764,2024-07-01,448.50409503479,87.35525071246636,0.20749070352565724,MSFT,sell
356.09405233725977,28.152640985298156,2024-07-01,181.34614382629394,300.8130973584019,1.9636152433346012,GOOGL,sell
381.80556526816497,27.234575540733335,2024-07-01,181.34614382629394,324.46598092537096,2.105396658634689,GOOGL,sell
991.9824784093496,26.92777943649292,2024-07-01,181.34614382629394,844.6846929705862,5.470105167273587,GOOGL,sell
288.3886141950258,77.01036674041748,2024-07-01,197.0619569503784,175.68845995616346,1.463441339251716,AMZN,sell
-714.5745562337777,,2024-07-01,501.27004665832516,,1.4255281379715967,META,buy
4945.204491057306,12.475843337345122,2024-07-01,123.86999448623656,4447.137168478862,39.92253742779312,NVDA,sell
2047.1300764066434,16.324086714172363,2024-07-01,209.71309860992432,1887.7812846336963,9.761574694074767,TSLA,sell
-2223.165742322942,,2024-07-01,137.77945310363768,,16.13568418398843,JNJ,buy
-541.7598900332559,,2024-07-01,196.21660124511718,,2.761029834353721,JPM,buy
-2026.2915589149843,,2024-07-01,258.9923861145019,,7.823749529143107,V,buy
-2543.1942101377426,,2024-07-01,432.07406034240717,,5.886014559916717,MA,buy
597.9605446089844,25.097477667617795,2024-07-01,66.03580432434082,370.7004761053762,9.055095954795178,WMT,sell
323.44810740495006,24.798010909080503,2024-07-01,66.03580432434082,201.98567080685598,4.8980717462954715,WMT,sell
-849.5719784537338,,2024-07-01,153.35889356384277,,5.5397633532095085,PG,buy
-2480.7095736014967,,2024-07-01,317.65466732482906,,7.809454192797233,HD,buy
-938.8720227607866,,2024-07-01,470.25534007568353,,1.9965153880223525,UNH,buy
-529.588932787615,,2024-10-01,224.49045319366454,,2.359071066290497,AAPL,buy
1190.2053457776376,222.8728360580444,2024-10-01,572.319371685791,726.715109332277,2.0796174385498034,META,sell
-2338.7248205719916,,2024-10-01,116.76857810592651,,20.028717130137693,NVDA,buy
501.9875359337182,16.324086714172363,2024-10-01,257.8393750213623,470.2061679198654,1.9469002199222984,TSLA,sell
1619.7199374312875,220.73773657684325,2024-10-01,257.8393750213623,233.0686051925768,6.281895219832471,TSLA,sell
572.2053586091278,226.13150896606444,2024-10-01,257.8393750213623,70.36710690676586,2.219231870856497,TSLA,sell
88.04069204786698,102.7287354232788,2024-10-01,153.35179180755614,29.06316819071143,0.574109314342742,JNJ,sell
211.9044731010256,109.66703762893675,2024-10-01,153.35179180755614,60.364438573922456,1.3818193488534405,JNJ,sell
388.34092382633844,98.74019710845947,2024-10-01,153.35179180755614,138.29585482568703,2.5323533507432003,JNJ,sell
-1080.7087414549956,,2024-10-01,198.8308108932495,,5.43531828190963,JPM,buy
-323.10363863101793,,2024-10-01,273.668423638916,,1.1806390899423889,V,buy
454.52934678111797,68.16221264343261,2024-10-01,490.13993807373043,391.31938656091125,0.9273460729754781,MA,sell
37.61117914798791,80.91316697998046,2024-10-01,490.13993807373043,31.40225924100143,0.0767355937077916,MA,sell
494.9805947585311,84.93422926635742,2024-10-01,490.13993807373043,409.2075490384842,1.0098760707071222,MA,sell
74.61252416924604,88.90506263046264,2024-10-01,490.13993807373043,61.07877468465318,0.15222698330292417,MA,sell
1343.0299393654536,24.798010909080503,2024-10-01,79.75737078323364,925.4576101807081,16.838944490980907,WMT,sell
900.1372678545848,29.361240548324584,2024-10-01,79.75737078323364,568.7679337297193,11.285944596907513,WMT,sell
72.0356271345484,36.22863133430481,2024-10-01,79.75737078323364,39.31448609435739,0.903184576261026,WMT,sell
-93.223657873544,,2024-10-01,164.06601404266357,,0.5682082204380379,PG,buy
39.048659349126176,105.8752540725708,2024-10-01,388.30108843688964,28.401543353586174,0.10056283773583274,HD,sell
119.80382520601812,116.28253559951781,2024-10-01,388.30108843688964,83.92678807084815,0.3085333231701455,HD,sell
231.59336359079813,122.84931632537841,2024-10-01,388.30108843688964,158.3226795008964,0.596427284103374,HD,sell
84.26218721318925,131.6077012069702,2024-10-01,388.30108843688964,55.70302761247756,0.21700219165593282,HD,sell
539.291055640648,140.23089019927977,2024-10-01,388.30108843688964,344.53171279814467,1.3888476537924994,HD,sell
204.4596391267184,170.1849641113281,2024-10-01,388.30108843688964,114.8488773153952,0.5265492300054397,HD,sell
343.9471874068417,142.18260334320067,2024-10-01,388.30108843688964,218.0054685336413,0.885774461234206,HD,sell
1037.7105534765128,186.08243709716797,2024-10-01,388.30108843688964,540.416792159269,2.6724379209283917,HD,sell
147.86729516208706,117.3267230506897,2024-10-01,555.7210743164062,116.64878287320624,0.2660818565212395,UNH,sell
923.1326002706924,141.36898489227295,2024-10-01,555.7210743164062,688.2983917934209,1.6611437696622176,UNH,sell
200.7517373824226,169.89869208374023,2024-10-01,555.7210743164062,139.37659940197483,0.36124550005480316,UNH,sell
45.774576012743076,234.72773207397458,2024-10-01,555.7210743164062,26.440124053483025,0.08236969610888067,UNH,sell
571.9347502998413,215.6815110961914,2024-10-01,555.7210743164062,349.96053176794044,1.0291759242770837,UNH,sell
