cash_change,cost_basis,date,price,realized_pnl,shares,ticker,type
-220.63622252795713,,2010-01-04,6.405439686203002,,34.4451330957337,AAPL,buy
-220.6362225279571,,2010-01-04,23.00032281990051,,9.592744599960858,MSFT,buy
-220.63622252795716,,2010-01-04,13.528888035583496,,16.308526018372152,INTC,buy
-220.63622252795713,,2010-01-04,15.841460751724242,,13.927770045066222,CSCO,buy
-220.6362225279571,,2010-01-04,19.892128632164,,11.091634616277606,ORCL,buy
-220.63622252795713,,2010-01-04,71.47648169250488,,3.0868366391779656,IBM,buy
-220.63622252795713,,2010-01-04,30.90501070861816,,7.1391731460047865,QCOM,buy
-220.63622252795713,,2010-01-04,16.86423849697113,,13.083082439066791,TXN,buy
-220.6362225279571,,2010-01-04,39.80646670875549,,5.542723099295519,JNJ,buy
-220.6362225279571,,2010-01-04,8.902025742244719,,24.78494546257309,PFE,buy
-220.6362225279571,,2010-01-04,20.209601913452147,,10.91739577418864,MRK,buy
-220.6362225279571,,2010-01-04,18.09145154418945,,12.195606416049037,ABT,buy
-220.63622252795713,,2010-01-04,23.3914693862915,,9.43233701501712,LLY,buy
-220.63622252795713,,2010-01-04,38.55038863677978,,5.723320317384678,AMGN,buy
-220.63622252795713,,2010-01-04,14.392222927188872,,15.33023936914882,BMY,buy
-220.6362225279571,,2010-01-04,24.137440266799924,,9.140829354280509,UNH,buy
-220.6362225279571,,2010-01-04,28.172094290351865,,7.831729521206334,JPM,buy
-220.6362225279571,,2010-01-04,11.985505338096617,,18.408587398201075,BAC,buy
-220.63622252795713,,2010-01-04,17.74646649494171,,12.43268470322502,WFC,buy
-220.63622252795716,,2010-01-04,24.87015342979431,,8.871526392098415,C,buy
-220.63622252795713,,2010-01-04,13.849085008621214,,15.93146568098965,USB,buy
-220.63622252795713,,2010-01-04,32.315150100326534,,6.827640343398178,AXP,buy
-220.63622252795713,,2010-01-04,128.84690464477538,,1.7123905547924525,GS,buy
-220.63622252795713,,2010-01-04,155.88467770996093,,1.4153810738119685,BLK,buy
-220.63622252795713,,2010-01-04,12.88737369213104,,17.120340249206585,WMT,buy
-220.63622252795713,,2010-01-04,37.60686135063171,,5.866914031214438,PG,buy
-220.63622252795713,,2010-01-04,17.115163609695433,,12.891271597483922,KO,buy
-220.6362225279571,,2010-01-04,36.866937180328364,,5.984663750307016,PEP,buy
-220.63622252795716,,2010-01-04,39.805810121536254,,5.542814525173693,MCD,buy
-220.63622252795713,,2010-01-04,19.169321537971495,,11.509860799763336,HD,buy
-220.6362225279571,,2010-01-04,17.037955442237852,,12.949688903457869,LOW,buy
-220.63622252795713,,2010-01-04,42.00601480636596,,5.25249118596511,COST,buy
-220.63622252795713,,2010-01-04,53.495573477935785,,4.1243827887733255,GE,buy
-220.6362225279571,,2010-01-04,43.80819021110534,,5.036414913849283,BA,buy
-220.63622252795713,,2010-01-04,39.07928109397888,,5.645861857012297,CAT,buy
-220.63622252795713,,2010-01-04,42.404643413162226,,5.2031146772825485,MMM,buy
-220.63622252795713,,2010-01-04,26.48581989059448,,8.330352748729082,HON,buy
-220.63622252795713,,2010-01-04,32.45813341941833,,6.797563485149759,UPS,buy
-220.63622252795713,,2010-01-04,37.16279843521118,,5.937018519006569,XOM,buy
-220.63622252795713,,2010-01-04,40.565523525238035,,5.439008383330422,CVX,buy
-220.6362225279571,,2010-01-04,22.489099048423764,,9.810807540705872,COP,buy
-220.63622252795713,,2010-01-04,45.088665079116815,,4.89338555800683,SLB,buy
-220.6362225279571,,2010-01-04,6.590213636589049,,33.47937330938388,T,buy
-220.63622252795713,,2010-01-04,13.10234397420883,,16.8394466640676,VZ,buy
13.430182035721106,6.405439686203002,2010-04-01,7.05283553109169,1.2327870127830298,1.9042244748960258,AAPL,sell
-20.979404114105307,,2010-04-01,21.77143394832611,,0.963620685890481,MSFT,buy
8.645498847340798,13.528888035583496,2010-04-01,14.602863257789611,0.6358377382396299,0.5920413479684559,INTC,sell
0.9948685393607763,15.841460751724242,2010-04-01,16.549709273529054,0.042575622371771815,0.06011395867551883,CSCO,sell
-3.3182905026159073,,2010-04-01,20.421599420547484,,0.162489256315407,ORCL,buy
-15.23189159059964,,2010-04-01,69.51949294662475,,0.21910245522495808,IBM,buy
-30.261512776376797,,2010-04-01,27.953614893150327,,1.0825616970130039,QCOM,buy
-19.82628496605752,,2010-04-01,16.05133389377594,,1.235179898272838,TXN,buy
-3.756143806876991,,2010-04-01,40.78700337333679,,0.09209168353202557,JNJ,buy
-28.87342803027905,,2010-04-01,8.107896861362457,,3.5611489050721765,PFE,buy
-2.6639244920683716,,2010-04-01,20.807460841560363,,0.12802737019922716,MRK,buy
-13.700990247127105,,2010-04-01,17.72164597110748,,0.773121766988492,ABT,buy
-4.014772246937976,,2010-04-01,23.940242693710324,,0.16769973046232955,LLY,buy
2.5787286868025188,38.55038863677978,2010-04-01,40.550658071136475,0.12720267480397274,0.06359277036339961,AMGN,sell
4.947903235902563,14.392222927188872,2010-04-01,15.293536788654327,0.2916012060086173,0.32352903741489136,BMY,sell
1.2360576778332055,24.137440266799924,2010-04-01,25.242975803375245,0.05413409650056633,0.04896640108762185,UNH,sell
3.0620709165251796,28.172094290351865,2010-04-01,29.695579606246948,0.15709476425151703,0.10311537801676796,JPM,sell
23.975873364356783,11.985505338096617,2010-04-01,13.769744761848449,3.106716879320299,1.741199548650041,BAC,sell
23.924045414117643,17.74646649494171,2010-04-01,20.384150969696044,3.0957425333019266,1.1736591555706273,WFC,sell
41.36765783339832,24.87015342979431,2010-04-01,30.532889425849913,7.672189874285884,1.3548556527498317,C,sell
23.663697664334368,13.849085008621214,2010-04-01,15.891153975963592,3.0408680657176355,1.4891113445963242,USB,sell
-3.0213910706820615,,2010-04-01,33.218770626068114,,0.09095433135358277,AXP,buy
-12.350377945871424,,2010-04-01,127.0018869239807,,0.0972456255966021,GS,buy
-33.74306758080994,,2010-04-01,138.53805565338135,,0.24356533244002088,BLK,buy
-2.792131408009978,,2010-04-01,13.261131194972991,,0.21055001771405557,WMT,buy
0.5367081906082855,37.60686135063171,2010-04-01,39.21011685218811,0.021945365849505016,0.01368800283435867,PG,sell
-14.170767610842299,,2010-04-01,16.728872734832763,,0.8470844291460242,KO,buy
12.097813595184785,36.866937180328364,2010-04-01,40.370436871719356,1.049894167157932,0.2996701183498871,PEP,sell
9.683331289675728,39.805810121536254,2010-04-01,43.152987843704224,0.751091231192774,0.2243953842720643,MCD,sell
21.18419150964382,19.169321537971495,2010-04-01,21.780443083190917,2.5396406610099866,0.9726244516114892,HD,sell
4.859746308940001,17.037955442237852,2010-04-01,18.098150819778443,0.2846854700275516,0.26852170463896563,LOW,sell
-5.793638311809775,,2010-04-01,42.65282192993164,,0.13583247367143336,COST,buy
33.52439004568746,53.495573477935785,2010-04-01,63.77440699653625,5.403290133469429,0.5256715291372016,GE,sell
58.701830874038805,43.80819021110534,2010-04-01,57.22473472480774,13.762855009198425,1.0258121974061458,BA,sell
12.93577981797281,39.07928109397888,2010-04-01,42.94144321861267,1.16344666412893,0.3012423162425497,CAT,sell
-5.521802885015743,,2010-04-01,43.109833356094356,,0.1280868529322472,MMM,buy
18.305821603287225,26.48581989059448,2010-04-01,29.74801975536346,2.007436099942815,0.6153626948559072,HON,sell
15.447474482138155,32.45813341941833,2010-04-01,36.035434101104734,1.5334978576986824,0.4286745773284464,UPS,sell
-12.697278055173292,,2010-04-01,36.572217318344116,,0.347183709006468,XOM,buy
-13.756703465860483,,2010-04-01,39.726084400177,,0.34628893518131854,CVX,buy
-9.304352591879013,,2010-04-01,22.47754387683868,,0.41393991455918844,COP,buy
-16.85110835169346,,2010-04-01,43.52326189689636,,0.38717475706698146,SLB,buy
-24.239527337478055,,2010-04-01,6.140726719045639,,3.9473385555977387,T,buy
-19.453135043706002,,2010-04-01,12.492932737541198,,1.5571311758726942,VZ,buy
39.10407869230825,6.405439686203002,2010-07-01,7.426740103197098,5.377461890369915,5.265308621137091,AAPL,sell
-19.491226300489725,,2010-07-01,17.369743851852416,,1.1221366570935967,MSFT,buy
-3.863070470846159,,2010-07-01,12.661197527599334,,0.30511098673133397,INTC,buy
-13.687856787765655,,2010-07-01,13.640714000701903,,1.0034560351504567,CSCO,buy
-7.9480485514553925,,2010-07-01,17.3184995098114,,0.45893401717352056,ORCL,buy
17.896704278977065,71.47648169250488,2010-07-01,66.68770668182373,-1.2851437617073564,0.2683658678557461,IBM,sell
-28.150022516774353,,2010-07-01,21.24886877784729,,1.3247774651477808,QCOM,buy
14.313087453433374,16.86423849697113,2010-07-01,15.14722071018219,-1.6224643590814303,0.9449315968448193,TXN,sell
5.43995636115525,39.80646670875549,2010-07-01,36.91492209320068,-0.42611160021515637,0.14736469841168187,JNJ,sell
-9.356790220925637,,2010-07-01,6.826188983631133,,1.3707194810109655,PFE,buy
9.359647865701104,20.209601913452147,2010-07-01,19.186991521453855,-0.49884178883429975,0.4878121645717961,MRK,sell
0.4648644284236424,18.09145154418945,2010-07-01,15.655633607196807,-0.07232700645878798,0.029693108569553317,ABT,sell
10.661668515545477,23.3914693862915,2010-07-01,22.21142132320404,-0.5664329669847152,0.4800083866946121,LLY,sell
-6.21412553605681,,2010-07-01,34.743450131225586,,0.1788574684605626,AMGN,buy
10.98917140168212,14.392222927188872,2010-07-01,14.23083134393692,-0.12462798049392809,0.7722086739763157,BMY,sell
-8.01936980024824,,2010-07-01,21.429405450248716,,0.3742226922191705,UNH,buy
-19.06524974773337,,2010-07-01,23.78011557693481,,0.8017307437405998,JPM,buy
-24.123832836830378,,2010-07-01,10.723261263179777,,2.249673139986232,BAC,buy
-18.094917831977344,,2010-07-01,16.409738898658752,,1.102693829787647,WFC,buy
4.974628832374984,24.87015342979431,2010-07-01,27.61108320236206,0.4938273581734771,0.18016782593844116,C,sell
-6.852250066735502,,2010-07-01,13.571217870044707,,0.5049104754157874,USB,buy
15.698569569638254,32.315150100326534,2010-07-01,31.54793309726715,-0.3817749156625556,0.4976100818154121,AXP,sell
-25.347446507806726,,2010-07-01,98.08885495223998,,0.25841311451895876,GS,buy
-49.11511935078689,,2010-07-01,92.6717508125305,,0.5299901957193394,BLK,buy
-1.4759613243840313,,2010-07-01,11.619519995594024,,0.12702429402795445,WMT,buy
14.759707799986119,37.60686135063171,2010-07-01,37.12969550514221,-0.1896818262509843,0.3975176095355266,PG,sell
6.821948679986683,17.115163609695433,2010-07-01,15.241324408149719,-0.838722050995564,0.4475955302374448,KO,sell
10.808676099844835,36.866937180328364,2010-07-01,37.53345777854919,0.19194088918077234,0.2879744297372495,PEP,sell
25.88584168712231,39.805810121536254,2010-07-01,42.955364741134645,1.8979904549569682,0.6026218574355084,MCD,sell
-3.2907170401454144,,2010-07-01,18.938729633522033,,0.17375595427059487,HD,buy
-11.04799669887534,,2010-07-01,15.12515272579193,,0.7304386870775801,LOW,buy
7.659788488428138,42.00601480636596,2010-07-01,39.015581491470336,-0.5871009941465886,0.19632639565048482,COST,sell
-24.687641786309776,,2010-07-01,49.50798568763732,,0.49865979080773926,GE,buy
-5.673788868491308,,2010-07-01,49.16438061676025,,0.11540446146812844,BA,buy
13.8605297476061,39.07928109397888,2010-07-01,40.494804251861574,0.48450415308172445,0.34227921343684287,CAT,sell
13.782234338668594,42.404643413162226,2010-07-01,40.58203867721557,-0.6189823477667513,0.3396141442841438,MMM,sell
-4.77773099886189,,2010-07-01,25.67402614135742,,0.18609200491408728,HON,buy
6.373682105015923,32.45813341941833,2010-07-01,32.80673873977661,0.06772692371847899,0.19427966173571942,UPS,sell
-9.110912050543975,,2010-07-01,30.829955536460876,,0.2955214138978892,XOM,buy
1.260301607157296,40.565523525238035,2010-07-01,35.23225907707214,-0.19077748437063646,0.0357712403397219,CVX,sell
15.26178761718419,22.489099048423764,2010-07-01,21.304250391197204,-0.8487934676438726,0.7163728991605485,COP,sell
-5.472363667380467,,2010-07-01,37.37865148353576,,0.14640345358073947,SLB,buy
15.998232065348938,6.590213636589049,2010-07-01,5.839867130470275,-2.0555634685039887,2.739485626629424,T,sell
7.015639571504148,13.10234397420883,2010-07-01,11.392577127742767,-1.0528880174884359,0.6158079504610008,VZ,sell
1.4082177301277072,6.405439686203002,2010-10-01,8.444149613857268,0.339992491606111,0.1667684485145493,AAPL,sell
-14.55441970701921,,2010-10-01,18.38226433048248,,0.7917642486994527,MSFT,buy
-24.088367030007642,,2010-10-01,12.804177983665465,,1.8812896119327327,INTC,buy
-20.17692790235265,,2010-10-01,14.057778584098815,,1.4352856521140112,CSCO,buy
27.692471915442017,19.892128632164,2010-10-01,21.907473164176942,2.5475266560621996,1.2640650844536783,ORCL,sell
-3.6360337791726067,,2010-10-01,74.26839743499755,,0.04895802124120152,IBM,buy
53.025831854215696,30.90501070861816,2010-10-01,29.532969971466063,-2.4634705380344,1.7954791511130708,QCOM,sell
10.450915269885453,16.86423849697113,2010-10-01,17.89845397453308,0.6038788792698533,0.5839004466394471,TXN,sell
-15.175981110603907,,2010-10-01,39.008236066436766,,0.3890455616797688,JNJ,buy
18.37609259425243,8.902025742244719,2010-10-01,8.321454760551452,-1.2820626229571097,2.2082788554431403,PFE,sell
-11.398078723676266,,2010-10-01,20.632854449653625,,0.5524237449301452,MRK,buy
2.4703610531150497,18.09145154418945,2010-10-01,17.882430119132994,-0.028875179955190067,0.13814459425578463,ABT,sell
-2.4908245267329487,,2010-10-01,24.861864016151426,,0.10018655580751279,LLY,buy
-12.770029444336569,,2010-10-01,37.07434239425659,,0.34444385576788683,AMGN,buy
-3.143069152641018,,2010-10-01,15.883145451068877,,0.1978870723260613,BMY,buy
29.74178702670844,24.137440266799924,2010-10-01,27.324157649803162,3.468676726811182,1.088479557463053,UNH,sell
-11.030321804223501,,2010-10-01,25.579435590744016,,0.4312183419799478,JPM,buy
-36.642143021929684,,2010-10-01,10.180735077762604,,3.5991647697390476,BAC,buy
-22.9511279170461,,2010-10-01,16.68704774723053,,1.3753857641388478,WFC,buy
-9.74306785044674,,2010-10-01,29.917341292762753,,0.32566623334285616,C,buy
-31.559290422324906,,2010-10-01,13.224656247997283,,2.3863977883813945,USB,buy
-14.561418844224258,,2010-10-01,33.43261573905944,,0.43554530575398864,AXP,buy
-0.18985043657615633,,2010-10-01,110.75262061386107,,0.0017141845991894833,GS,buy
20.19085518508029,155.88467770996093,2010-10-01,113.80041086425781,-7.466733476607722,0.1774233944477066,BLK,sell
-4.006510965454665,,2010-10-01,12.90103795928955,,0.3105572573383313,WMT,buy
-22.66270475141762,,2010-10-01,37.86291509666442,,0.5985462211126507,PG,buy
12.276173786393715,17.115163609695433,2010-10-01,18.146982885360718,0.6980109489405155,0.6764856650797295,KO,sell
-6.6449626878643615,,2010-10-01,41.242537478256224,,0.1611191525586344,PEP,buy
0.2916610256163124,39.805810121536254,2010-10-01,48.60316861038208,0.052791755618646186,0.006000864428291841,MCD,sell
3.9166406211377245,19.169321537971495,2010-10-01,21.73726425361633,0.4626943223168496,0.18018093608472974,HD,sell
-5.871736882398635,,2010-10-01,16.654231747055054,,0.3525672616773168,LOW,buy
11.982304720086397,42.00601480636596,2010-10-01,46.397045673751826,1.1340090543327062,0.2582557692216412,COST,sell
7.529674869827767,53.495573477935785,2010-10-01,57.70546563491821,0.5493261137456988,0.1304846046553947,GE,sell
-10.16619038883661,,2010-10-01,53.09383371658325,,0.19147591494530403,BA,buy
37.06277545807846,39.07928109397888,2010-10-01,53.16987400474548,9.822037213710988,0.6970634433846987,CAT,sell
-1.534621495759461,,2010-10-01,45.616171831893915,,0.033642049170958366,MMM,buy
4.754342165958622,26.48581989059448,2010-10-01,29.573844430732727,0.4964361436025344,0.16076172230817498,HON,sell
4.8197083340085545,32.45813341941833,2010-10-01,37.853526999664304,0.6869696291232881,0.12732521157278942,UPS,sell
-3.5263241536416947,,2010-10-01,34.303174044418334,,0.10279877159692408,XOM,buy
19.39593780167813,40.565523525238035,2010-10-01,43.18737995109558,1.1775051929162714,0.449111240914398,CVX,sell
13.36954924086216,22.489099048423764,2010-10-01,25.480756704139708,1.5696988438886699,0.5246920017367493,COP,sell
0.8062946563062858,45.088665079116815,2010-10-01,42.32888479156494,-0.05256921152989902,0.019048332132458157,SLB,sell
16.44872005437874,6.590213636589049,2010-10-01,7.073490046262741,1.1238127599837053,2.3254037182210183,T,sell
28.21001780029717,13.10234397420883,2010-10-01,14.460625095176697,2.6497564488475476,1.9508159304749935,VZ,sell
15.680417809487851,6.405439686203002,2011-01-03,9.850418754959106,5.483899972865707,1.591852915044214,AAPL,sell
12.973733390653816,23.00032281990051,2011-01-03,21.19655300502777,-1.104029918011534,0.6120680748221883,MSFT,sell
-2.3831943520423446,,2011-01-03,13.92635139093399,,0.1711284086651581,INTC,buy
-37.33009028492276,,2011-01-03,13.14667888097763,,2.839507271980068,CSCO,buy
14.854052759350276,19.892128632164,2011-01-03,25.476807444190978,3.256103179316886,0.5830421567494,ORCL,sell
-1.3561448832494636,,2011-01-03,81.11012024154662,,0.016719798703427546,IBM,buy
9.208418005153055,30.90501070861816,2011-01-03,33.616337029266354,0.742705134326977,0.2739268706503095,QCOM,sell
24.811827334426184,16.86423849697113,2011-01-03,21.593202036094663,5.43385027414633,1.1490573418871062,TXN,sell
-16.494292041488094,,2011-01-03,40.02568667526245,,0.41209266877318207,JNJ,buy
-13.362862142901816,,2011-01-03,8.66430013217926,,1.542289849040671,PFE,buy
-23.572058915871253,,2011-01-03,20.53395981712341,,1.1479548575046081,MRK,buy
-41.49687683717508,,2011-01-03,16.421372326278686,,2.527004199933323,ABT,buy
-29.08480145599038,,2011-01-03,24.144802060127258,,1.2045988773716658,LLY,buy
-22.30816306357979,,2011-01-03,37.101056332397455,,0.6012810757654847,AMGN,buy
-28.35545978084244,,2011-01-03,15.475581341171264,,1.83227105694605,BMY,buy
-10.682529797718022,,2011-01-03,28.769857784271238,,0.3713097881060179,UNH,buy
6.024263681201715,28.172094290351865,2011-01-03,28.720121928977964,0.11495295903806202,0.20975759420865714,JPM,sell
-6.910158325166688,,2011-01-03,10.871933414268494,,0.6355960859820655,BAC,buy
32.017790316597505,17.74646649494171,2011-01-03,20.62812450828552,4.472744092577393,1.5521425762064407,WFC,sell
22.892499006386835,24.87015342979431,2011-01-03,35.79213910331726,6.985655298699992,0.639595720733694,C,sell
33.22691753039114,13.849085008621214,2011-01-03,16.417755959701537,5.198580004706617,2.023840384273514,USB,sell
-12.46004154141211,,2011-01-03,34.89301840934753,,0.35709268241678327,AXP,buy
17.437212438440508,128.84690464477538,2011-01-03,129.86514644165038,0.13672104496325588,0.13427168810282142,GS,sell
4.310360124585772,155.88467770996093,2011-01-03,127.0999783126831,-0.9761797140120629,0.03391314602730855,BLK,sell
-16.02198749211442,,2011-01-03,13.264116376399993,,1.2079197013546512,WMT,buy
-3.0102806659680157,,2011-01-03,41.07768827781677,,0.07328262110586348,PG,buy
2.922220124252341,17.115163609695433,2011-01-03,20.157729909324644,0.4410738962245744,0.1449677189543337,KO,sell
-25.066851972545273,,2011-01-03,40.77592155532837,,0.6147464242722842,PEP,buy
-15.49842767721124,,2011-01-03,50.15219700126647,,0.309027891177327,MCD,buy
4.63348956457292,19.169321537971495,2011-01-03,24.308327780914304,0.9795627249047643,0.1906132583999014,HD,sell
7.6600613087434954,17.037955442237852,2011-01-03,18.817911069488524,0.7245527508996625,0.4070622547028382,LOW,sell
4.492668340322463,42.00601480636596,2011-01-03,51.85630287666321,0.8533982351525502,0.08663688097873035,COST,sell
6.439198160397702,53.495573477935785,2011-01-03,64.98601021499634,1.138540415924358,0.09908591309259629,GE,sell
-22.56915908950748,,2011-01-03,53.07163954162597,,0.4252583731053887,BA,buy
25.69500783257913,39.07928109397888,2011-01-03,64.35078166351317,10.09080835211351,0.39929597074573175,CAT,sell
-23.22099929969955,,2011-01-03,45.467389931488036,,0.5107176667649016,MMM,buy
31.486860986183878,26.48581989059448,2011-01-03,36.541095667648314,8.664465714150605,0.861683548642489,HON,sell
1.711566681248896,32.45813341941833,2011-01-03,41.847627821731564,0.38403003011861925,0.04089996901473292,UPS,sell
23.235632863903298,37.16279843521118,2011-01-03,41.09055545196533,2.221043717128783,0.5654738079913679,XOM,sell
7.660885801272018,40.565523525238035,2011-01-03,48.86670547142029,1.3013851924696755,0.15677107198790985,CVX,sell
21.065883651440153,22.489099048423764,2011-01-03,30.323734941673276,5.44271767630363,0.6946995049244329,COP,sell
56.215237444210246,45.088665079116815,2011-01-03,56.87370040855407,11.648592487804414,0.9884223646498516,SLB,sell
-11.072942910666445,,2011-01-03,7.435678953504562,,1.4891636634537022,T,buy
5.93620708306505,13.10234397420883,2011-01-03,16.25330892791748,1.1508290748456007,0.36523068068119535,VZ,sell
0.8300542271350109,6.405439686203002,2011-04-01,10.298446285629272,0.31377612646554853,0.08059994722633945,AAPL,sell
-31.75202335322799,,2011-04-01,19.443944868469238,,1.6330031569220207,MSFT,buy
-22.243136575527526,,2011-04-01,13.283105871295929,,1.6745433478471128,INTC,buy
-52.264723861380986,,2011-04-01,10.971403514957426,,4.7637226896383815,CSCO,buy
8.910055143863175,19.892128632164,2011-04-01,27.454549938583373,2.4542959550259242,0.3245383793868495,ORCL,sell
19.121771752053455,71.47648169250488,2011-04-01,90.57499608306884,4.031989497904473,0.21111534726997228,IBM,sell
11.779415243950815,30.90501070861816,2011-04-01,36.609696905136104,1.835521001972344,0.3217566994469774,QCOM,sell
1.9167283293017383,16.86423849697113,2011-04-01,22.668681583213804,0.4907890411879723,0.08455402764671938,TXN,sell
-21.804051802316597,,2011-04-01,38.24675903892517,,0.5700888742004464,JNJ,buy
30.829681192365456,8.902025742244719,2011-04-01,10.078366532135009,3.5984215706243354,3.0589958297373485,PFE,sell
-28.660820079159517,,2011-04-01,19.061963801574706,,1.5035607232027086,MRK,buy
-0.04632204702886217,,2011-04-01,17.111016039848327,,0.0027071476597875233,ABT,buy
-7.17920821884052,,2011-04-01,24.47458253440857,,0.29333322473416423,LLY,buy
-21.808939707270106,,2011-04-01,35.45139239616394,,0.6151786497849931,AMGN,buy
-5.435337027800077,,2011-04-01,15.79417215681076,,0.3441356073516175,BMY,buy
47.69203877983681,24.137440266799924,2011-04-01,35.392638676071165,15.166525556983657,1.3475129451730092,UNH,sell
5.681045023507859,28.172094290351865,2011-04-01,30.580686526107787,0.4474497628730125,0.18577231804975192,JPM,sell
-24.99213156272915,,2011-04-01,10.2510309469223,,2.438011522171106,BAC,buy
-5.837791873869549,,2011-04-01,21.04925481109619,,0.27733959830217536,WFC,buy
-33.73280927683359,,2011-04-01,32.550654956817624,,1.0363173743073446,C,buy
-11.88123507333685,,2011-04-01,16.35818725852966,,0.7263173410086505,USB,buy
1.8296354573466487,32.315150100326534,2011-04-01,36.56759306716919,0.21276818570443612,0.05003434199198953,AXP,sell
-28.769046016091163,,2011-04-01,120.66862220611571,,0.23841364465859538,GS,buy
7.436775025869375,155.88467770996093,2011-04-01,136.22165568237304,-1.0734671401208562,0.05459319216622682,BLK,sell
-20.1418271950768,,2011-04-01,12.762191712284087,,1.5782420174498348,WMT,buy
-19.28228036326965,,2011-04-01,39.66355210227966,,0.48614607974461777,PG,buy
-1.0174164977682978,,2011-04-01,20.955836192321776,,0.048550508241760326,KO,buy
-10.73556533838235,,2011-04-01,40.75673164863586,,0.26340594311962384,PEP,buy
-10.579825430931898,,2011-04-01,50.159625598526,,0.21092313398852003,MCD,buy
7.239468426088712,19.169321537971495,2011-04-01,26.03379986000061,1.9088713265501394,0.27807959133970783,HD,sell
6.384490043711618,17.037955442237852,2011-04-01,20.089649013519285,0.9698281542496678,0.317799979452861,LOW,sell
-3.7260614878546585,,2011-04-01,53.35063566665649,,0.06984099516893671,COST,buy
19.658629741711646,53.495573477935785,2011-04-01,72.80980675964355,5.21483818908567,0.2699997516352135,GE,sell
19.83257903946907,43.80819021110534,2011-04-01,59.41453074989319,5.209398750539435,0.3338001460106579,BA,sell
41.462277631381305,39.07928109397888,2011-04-01,77.68022015533447,20.60347986905194,0.533755923302877,CAT,sell
9.381274695079354,42.404643413162226,2011-04-01,49.01355618667603,1.2649566974494704,0.19140163303697566,MMM,sell
14.417036280716772,26.48581989059448,2011-04-01,40.17834120826721,4.913233614800326,0.3588260701452324,HON,sell
-3.533737523744293,,2011-04-01,43.08556253318786,,0.08201674333536513,UPS,buy
25.056639072195637,37.16279843521118,2011-04-01,46.919983346557615,5.21062121609252,0.534029155277481,XOM,sell
36.40587420526491,40.565523525238035,2011-04-01,58.00577712020874,10.945938663499415,0.6276249713855035,CVX,sell
34.14293834819482,22.489099048423764,2011-04-01,35.72188725814819,12.647883600166818,0.95579883843922,COP,sell
20.377133553291017,45.088665079116815,2011-04-01,63.88341571998596,5.995032350625799,0.31897376374814,SLB,sell
2.4671177810588514,6.590213636589049,2011-04-01,7.811361712646484,0.3856838593032452,0.3158370936868309,T,sell
6.956610799710529,13.10234397420883,2011-04-01,17.388723069190977,1.7148281092956408,0.40006449996527493,VZ,sell
-5.406668330510521,,2011-07-01,10.27397046289444,,0.5262491604426245,AAPL,buy
2.8941603454987326,23.00032281990051,2011-07-01,19.95821222934723,-0.441139503710398,0.14501100159878355,MSFT,sell
35.266608511669176,13.528888035583496,2011-07-01,15.273658020973205,4.028643297706161,2.308982462697699,INTC,sell
-22.58265781737407,,2011-07-01,10.211644302845,,2.2114614598436866,CSCO,buy
-11.439776847254572,,2011-07-01,26.756992320823667,,0.4275434514495693,ORCL,buy
13.210972080939394,71.47648169250488,2011-07-01,96.66803326721191,3.442760479144672,0.1366632963807315,IBM,sell
13.055242517002867,30.90501070861816,2011-07-01,39.05069025993347,2.723225154289338,0.33431528175566516,QCOM,sell
-8.924588743871627,,2011-07-01,22.310377534294126,,0.40001962002450675,TXN,buy
32.549484024413374,39.80646670875549,2011-07-01,43.58210390853882,2.8198510786499718,0.7468543531703187,JNJ,sell
2.9268634050456765,8.902025742244719,2011-07-01,10.360677626037598,0.4120652117044088,0.2824972951276976,PFE,sell
18.685382209813685,20.209601913452147,2011-07-01,20.71361683731079,0.4546628223220317,0.9020820630492832,MRK,sell
18.05566138960579,18.09145154418945,2011-07-01,18.552550153541564,0.4487491093557594,0.9732172256739098,ABT,sell
19.267787853621726,23.3914693862915,2011-07-01,26.649558483695984,2.3556176202841606,0.7230058939028812,LLY,sell
21.251630294967235,38.55038863677978,2011-07-01,38.86994681282043,0.17471421423993405,0.546736798928622,AMGN,sell
25.588874757214104,14.392222927188872,2011-07-01,17.57833519706726,4.638040344681983,1.4557052457096908,BMY,sell
39.78959410028962,24.137440266799924,2011-07-01,41.36454870300293,16.57118652785956,0.9619250142429578,UNH,sell
-28.683298263422422,,2011-07-01,27.790689645957944,,1.0321189804512212,JPM,buy
-48.96585204492757,,2011-07-01,8.510153876018524,,5.753815119948953,BAC,buy
-31.19702062018368,,2011-07-01,18.900380359077452,,1.6506027935676126,WFC,buy
-13.904422504487869,,2011-07-01,31.373405524826047,,0.44319136771700407,C,buy
-9.202737911723245,,2011-07-01,16.05975882396698,,0.5730308912229383,USB,buy
38.201634394032176,32.315150100326534,2011-07-01,42.51608581237793,9.165764183196767,0.8985219044531689,AXP,sell
-42.445281630173966,,2011-07-01,103.1755964691162,,0.4113887690766025,GS,buy
-10.439568646930825,,2011-07-01,133.28070071105955,,0.07832768428763637,BLK,buy
4.3026467426258295,12.88737369213104,2011-07-01,13.168259320163726,0.09177763006646344,0.32674377364648777,WMT,sell
7.0790642865121125,37.60686135063171,2011-07-01,41.34536658325195,0.640098784077562,0.17121783821308956,PG,sell
0.9004510324795826,17.115163609695433,2011-07-01,21.350821924781798,0.17863494513170708,0.04217406878535357,KO,sell
17.60739134839438,36.866937180328364,2011-07-01,44.12067470397949,2.894774301942821,0.39907348349789107,PEP,sell
31.090602006476978,39.805810121536254,2011-07-01,56.877832645797724,9.331921296171949,0.5466207230520066,MCD,sell
-8.285699703607845,,2011-07-01,25.68580081157684,,0.3225789907968686,HD,buy
-32.10844430915168,,2011-07-01,17.994112488937375,,1.7843861056716008,LOW,buy
22.150462132848183,42.00601480636596,2011-07-01,58.67800520553589,6.293538621881808,0.3774917374109785,COST,sell
-17.083177658227857,,2011-07-01,69.39130574417113,,0.2461861392435729,GE,buy
-2.1053545856669955,,2011-07-01,60.0221000629425,,0.035076323278579125,BA,buy
-13.803642290698384,,2011-07-01,75.00556164855956,,0.18403491670891947,CAT,buy
7.149055224240593,42.404643413162226,2011-07-01,51.17650410575867,1.2253771062814893,0.13969409105136865,MMM,sell
1.21091282358801,26.48581989059448,2011-07-01,41.04061027450562,0.42944250104053205,0.02950523433956409,HON,sell
-4.421234903460094,,2011-07-01,43.084883041763305,,0.10261684821505668,UPS,buy
-11.247329106008413,,2011-07-01,45.762323566055294,,0.24577705478117906,XOM,buy
-12.711685386204303,,2011-07-01,56.25033859939575,,0.2259841576552013,CVX,buy
-14.642408796128533,,2011-07-01,34.37754399909973,,0.4259294612934532,COP,buy
-20.77281803919442,,2011-07-01,59.984220324707024,,0.34630471025124354,SLB,buy
9.778209828574916,6.590213636589049,2011-07-01,8.234473834991455,1.9525134884067095,1.187472329685903,T,sell
-5.666128550376531,,2011-07-01,17.33017301979065,,0.3269516434663373,VZ,buy
62.31978343616156,6.405439686203002,2011-10-03,11.196305388736725,26.66644957308749,5.56610250188907,AAPL,sell
24.332193113062182,23.00032281990051,2011-10-03,18.934086403656003,-5.225520134117627,1.2850999300586192,MSFT,sell
17.799087774156515,13.528888035583496,2011-10-03,14.115299289321898,0.7394519353152482,1.2609784184754318,INTC,sell
27.71666149921245,15.841460751724242,2011-10-03,9.80366424407959,-17.069899359780166,2.8271736780408894,CSCO,sell
-2.788814731215391,,2011-10-03,22.660031224060056,,0.123071972127482,ORCL,buy
37.244424041524006,71.47648169250488,2011-10-03,96.39368930969238,9.627466829738928,0.3863782401964677,IBM,sell
-8.10444554766681,,2011-10-03,32.33838259925842,,0.2506138185109066,QCOM,buy
-17.222592020169287,,2011-10-03,17.687012903976438,,0.9737422657896779,TXN,buy
19.52932654401254,39.80646670875549,2011-10-03,40.55992129669189,0.3627832651907674,0.4814932060927193,JNJ,sell
-3.4266338311331004,,2011-10-03,8.761761343193054,,0.39108961051481117,PFE,buy
10.685801103598221,20.209601913452147,2011-10-03,18.58953443927765,-0.9312615579473409,0.5748288715084922,MRK,sell
25.488787841961376,18.09145154418945,2011-10-03,17.68111125640869,-0.5915395467274216,1.441582911409073,ABT,sell
32.227423058821344,23.3914693862915,2011-10-03,26.07198302822113,3.31336696023088,1.236094048693472,LLY,sell
19.325833422881175,38.55038863677978,2011-10-03,36.14483165130615,-1.2861975410205453,0.5346776438003635,AMGN,sell
59.382722436151504,14.392222927188872,2011-10-03,18.98942369327545,14.376123335035984,3.127147163353891,BMY,sell
-12.458708769622328,,2011-10-03,33.57833611068725,,0.3710341313087575,UNH,buy
-44.89352260347574,,2011-10-03,19.14870011844635,,2.3444684143457266,JPM,buy
-95.51274672922018,,2011-10-03,4.248800708580017,,22.479930992372033,BAC,buy
-12.067757746989143,,2011-10-03,15.3489239487648,,0.7862282585588218,WFC,buy
-84.89004733916191,,2011-10-03,16.912988189315794,,5.019222291705278,C,buy
4.35437239366641,13.849085008621214,2011-10-03,14.011542586040497,0.0504870028344504,0.3107703785595035,USB,sell
-7.099459632711505,,2011-10-03,35.36853261604309,,0.20072813621595387,AXP,buy
-52.31862902477829,,2011-10-03,68.21932809677124,,0.7669179759519573,GS,buy
-34.562925373877036,,2011-10-03,96.99664501724243,,0.35633114287337486,BLK,buy
32.15583621708,12.88737369213104,2011-10-03,12.879324829387665,-0.02009561180716446,2.4967020121821726,WMT,sell
34.20737930222843,37.60686135063171,2011-10-03,40.756618076705934,2.6436178496406413,0.8393085814394237,PG,sell
29.300960870903566,17.115163609695433,2011-10-03,20.653512607955932,5.01982532044909,1.4186914074662802,KO,sell
2.271565228852669,36.866937180328364,2011-10-03,38.202582873916626,0.0794188792322057,0.05946103791855428,PEP,sell
40.96049897938929,39.805810121536254,2011-10-03,57.50991627502441,12.609460576555907,0.7122336743372681,MCD,sell
2.4225542741424517,19.169321537971495,2011-10-03,22.223880933380126,0.33296776297314734,0.10900680585017852,HD,sell
-14.835572490294492,,2011-10-03,14.426231854724882,,1.0283747439866318,LOW,buy
39.14089489500552,42.00601480636596,2011-10-03,58.92925209159851,11.240438803379316,0.6642014535356,COST,sell
-22.644964902833113,,2011-10-03,53.600780127716064,,0.42247453952864733,GE,buy
-18.06285351733689,,2011-10-03,47.394683375167844,,0.38111560687840385,BA,buy
-54.70348934323197,,2011-10-03,48.9227946937561,,1.1181595345413422,CAT,buy
-31.65062045735512,,2011-10-03,37.85603620033264,,0.8360785659085197,MMM,buy
-39.77282372093002,,2011-10-03,29.10692561321258,,1.366438498158522,HON,buy
-2.4796635339181354,,2011-10-03,36.53777321090698,,0.06786575414995255,UPS,buy
4.253505341432469,37.16279843521118,2011-10-03,39.90862123947144,0.29265285549370645,0.10658111478994314,XOM,sell
3.4795142265872627,40.565523525238035,2011-10-03,48.891838165283204,0.5925637352217796,0.07116758864382344,CVX,sell
-12.388180438308872,,2011-10-03,27.876570872497556,,0.4443939857226411,COP,buy
-52.35934457067058,,2011-10-03,39.652191616439815,,1.320465337128109,SLB,buy
12.743972707838386,6.590213636589049,2011-10-03,7.453694469451904,1.4763385074133506,1.7097524938898516,T,sell
31.059533001047825,13.10234397420883,2011-10-03,16.85497829990387,6.9151717436773374,1.8427512897613738,VZ,sell
-16.976172105317428,,2012-01-03,12.308345838165282,,1.3792407467686125,AAPL,buy
-16.575828651757927,,2012-01-03,20.847852407646176,,0.795085667705445,MSFT,buy
6.545099680913943,13.528888035583496,2012-01-03,16.94793457775116,1.3203969091047112,0.38618863265534387,INTC,sell
14.48086672486406,15.841460751724242,2012-01-03,12.111727453136444,-4.459295424630048,1.1956070495224118,CSCO,sell
-55.939373950781686,,2012-01-03,21.01503211097717,,2.6618743028977736,ORCL,buy
-21.180827844269256,,2012-01-03,104.19291728744506,,0.20328471834449235,IBM,buy
-1.7391148101058875,,2012-01-03,37.65523121490478,,0.046185211297215645,QCOM,buy
-9.398903103768331,,2012-01-03,20.00256316680908,,0.46988493551487664,TXN,buy
-23.087863839534247,,2012-01-03,43.50292296257019,,0.5307198290882429,JNJ,buy
24.77460982759895,8.902025742244719,2012-01-03,11.203776961612702,5.0898003927983915,2.2112730298437526,PFE,sell
12.724946978856693,20.209601913452147,2012-01-03,22.823106796073912,1.4571509197891466,0.55754666060826,MRK,sell
-7.001213633896118,,2012-01-03,20.209542744255064,,0.3464310757791065,ABT,buy
-1.4550757588511702,,2012-01-03,30.433514281272885,,0.04781162455978816,LLY,buy
5.3082607844915035,38.55038863677978,2012-01-03,43.202555630493165,0.5716077499407088,0.1228691383420113,AMGN,sell
-11.18560127951752,,2012-01-03,21.356999531173706,,0.5237440429396685,BMY,buy
7.2448365604029075,24.137440266799924,2012-01-03,40.363121591949465,2.9123716066929832,0.1794914831822103,UNH,sell
13.62701731302284,28.172094290351865,2012-01-03,23.552259880256653,-2.672973371121792,0.5785864024218785,JPM,sell
-27.699467205956225,,2012-01-03,4.465035493659973,,6.203638749409151,BAC,buy
13.802700467477106,17.74646649494171,2012-01-03,18.890453942871094,0.8358780646603652,0.7306706609179177,WFC,sell
12.393262093470607,24.87015342979431,2012-01-03,20.711163797950743,-2.4886794896848876,0.5983855960183586,C,sell
11.701689931108428,13.849085008621214,2012-01-03,17.139742433166504,2.2466062720415643,0.6827226241431088,USB,sell
-12.454243054956573,,2012-01-03,39.526374999237056,,0.3150869022316609,AXP,buy
-24.996792980688863,,2012-01-03,72.49745954895019,,0.34479543333254403,GS,buy
26.69689866034499,155.88467770996093,2012-01-03,124.84619360275268,-6.637216889587233,0.21383830687935657,BLK,sell
-0.8409674071442367,,2012-01-03,15.068516352081298,,0.055809569269776205,WMT,buy
-22.83488315313407,,2012-01-03,43.759041603851315,,0.5218323417559567,PG,buy
-21.0574513645349,,2012-01-03,22.335749667739865,,0.9427689546032454,KO,buy
-14.108051896408377,,2012-01-03,42.47674203414917,,0.3321359224082254,PEP,buy
-3.279264362934601,,2012-01-03,66.67124812850952,,0.049185585315783875,MCD,buy
39.3705358248358,19.169321537971495,2012-01-03,29.878208100700377,14.111107354263893,1.317700703206258,HD,sell
41.47346159541174,17.037955442237852,2012-01-03,19.500425909614563,5.237176604857147,2.1267977318876667,LOW,sell
-30.339669770990888,,2012-01-03,61.33380863227844,,0.4946646955008087,COST,buy
20.538952559883025,53.495573477935785,2012-01-03,67.54722727661132,4.272658736635204,0.3040680334038637,GE,sell
25.18180844334503,43.80819021110534,2012-01-03,60.68858259429931,7.0042632282867,0.41493485869795954,BA,sell
38.242466711197395,39.07928109397888,2012-01-03,65.43938983154297,15.404721582748127,0.5843952214353294,CAT,sell
3.054406862678273,42.404643413162226,2012-01-03,44.8114940448761,0.1640539161579011,0.06816123692772802,MMM,sell
34.326390710083736,26.48581989059448,2012-01-03,38.43514320373535,10.671929556597107,0.8930990715483453,HON,sell
6.532916932402025,32.45813341941833,2012-01-03,43.806792402648924,1.6924280999656203,0.14913022785039587,UPS,sell
10.024839854281144,37.16279843521118,2012-01-03,48.52552905693054,2.347414999977299,0.20658898623279143,XOM,sell
14.994742880465246,40.565523525238035,2012-01-03,60.51239451942444,4.942759317376293,0.24779622422067504,CVX,sell
12.795068239782289,22.489099048423764,2012-01-03,34.1858347995758,4.377852200951622,0.374279824225356,COP,sell
10.663318145201687,45.088665079116815,2012-01-03,48.25698700447082,0.700102239564556,0.2209694141122771,SLB,sell
-16.246073946466897,,2012-01-03,8.217840864276885,,1.9769272993699474,T,buy
-14.52268719438645,,2012-01-03,18.71013421230316,,0.7761936408150838,VZ,buy
101.86612935041147,6.405439686203002,2012-04-02,18.490040535163878,66.5770045710411,5.509243160212932,AAPL,sell
24.194687864096988,23.00032281990051,2012-04-02,25.27682850894928,2.1790449125322446,0.9571884326995708,MSFT,sell
11.23485479866953,13.528888035583496,2012-04-02,19.756552190208435,3.541453075338043,0.568664749319856,INTC,sell
3.6581831764129036,15.841460751724242,2012-04-02,13.776025076293944,-0.5484704040517614,0.265547075891142,CSCO,sell
5.546673490894603,19.892128632164,2012-04-02,24.017382445907593,0.95270315253702,0.23094412987705581,ORCL,sell
1.3391090614626981,71.47648169250488,2012-04-02,117.44295512237548,0.5241193141749944,0.011402208502564903,IBM,sell
31.214224378555517,30.90501070861816,2012-04-02,46.6410039642334,10.531223227460465,0.6692442641777632,QCOM,sell
-0.06290889150901655,,2012-04-02,22.473069922065733,,0.0027993011959281944,TXN,buy
-29.444358203863473,,2012-04-02,44.10704428215026,,0.6675658884669211,JNJ,buy
-22.740140035793157,,2012-04-02,11.655915732192993,,1.9509526800186237,PFE,buy
-28.692985175302194,,2012-04-02,23.236539615440368,,1.2348217785507138,MRK,buy
-9.310668950062272,,2012-04-02,22.008313057136533,,0.42305236779804645,ABT,buy
-38.35412999167304,,2012-04-02,29.84445629405975,,1.285134150669954,LLY,buy
-14.91365030837646,,2012-04-02,46.20934875869751,,0.322740975776453,AMGN,buy
-39.19633256990061,,2012-04-02,20.87651320323944,,1.8775325260646714,BMY,buy
7.442375407727736,24.137440266799924,2012-04-02,46.48018217010498,3.577504758346561,0.16011932527481587,UNH,sell
54.73487620774506,28.172094290351865,2012-04-02,31.283216413879394,5.443394376254268,1.7496562848141437,JPM,sell
124.18437582200953,11.985505338096617,2012-04-02,7.450740148544312,-75.58269022091109,16.667387849551034,BAC,sell
16.761729985197167,10.723261263179777,2012-04-02,7.450740148544312,-7.36210285163321,2.249673139986232,BAC,sell
5.532430641933979,10.180735077762604,2012-04-02,7.450740148544312,-2.0271150647607143,0.7425343699598592,BAC,sell
26.42107486709266,17.74646649494171,2012-04-02,23.092819140815735,6.1168964543116715,1.1441251371684782,WFC,sell
47.67224562766725,24.87015342979431,2012-04-02,26.96301955604553,3.700313602825034,1.7680603438563463,C,sell
8.864565583087273,13.849085008621214,2012-04-02,19.828357436370847,2.6731237191492374,0.4470650487078238,USB,sell
21.28686892200372,32.315150100326534,2012-04-02,47.49464260139465,6.803375064523321,0.44819515962372236,AXP,sell
50.84937346996464,128.84690464477538,2012-04-02,95.10882274475097,-18.03786733118067,0.5346441266172755,GS,sell
6.14457479867981,155.88467770996093,2012-04-02,143.16135930633544,-0.5460927585299649,0.04292062347306791,BLK,sell
-26.76590045702792,,2012-04-02,15.428356687164305,,1.734851027867144,WMT,buy
-28.07474305592336,,2012-04-02,44.59033064918518,,0.6296150453963136,PG,buy
-15.806482723966996,,2012-04-02,23.78243653640747,,0.6646283991873396,KO,buy
-29.585025726925256,,2012-04-02,43.04431969413757,,0.6873154445731569,PEP,buy
-32.59439903279989,,2012-04-02,66.81352905197143,,0.487841302432118,MCD,buy
18.6936665314997,19.169321537971495,2012-04-02,35.66227859230042,8.645376892954236,0.5241859822029351,HD,sell
30.084293942122752,17.037955442237852,2012-04-02,24.10538118267059,8.820375491185136,1.2480322843328615,LOW,sell
-9.401016913480222,,2012-04-02,66.77220986557006,,0.14079235856364392,COST,buy
-6.3482281332131345,,2012-04-02,74.41002940597534,,0.08531414627694467,GE,buy
-28.138081895953846,,2012-04-02,61.91375838050842,,0.45447219861897814,BA,buy
6.037340234159288,39.07928109397888,2012-04-02,75.01324984130859,2.8920970061985987,0.08048365118070944,CAT,sell
-12.805798787443344,,2012-04-02,48.28317567329406,,0.2652227946664736,MMM,buy
-4.59179194903547,,2012-04-02,42.59238536682128,,0.10780781375565773,HON,buy
-7.456219094512091,,2012-04-02,48.07621709136963,,0.1550916346088842,UPS,buy
-28.346387156964663,,2012-04-02,49.467391801071166,,0.5730317715346143,XOM,buy
-36.17738542337219,,2012-04-02,59.91641624221801,,0.6037975515278076,CVX,buy
-20.890815695097892,,2012-04-02,35.80164350395202,,0.5835155498599338,COP,buy
-33.178257216711295,,2012-04-02,48.322452568054196,,0.6866012682196789,SLB,buy
-18.305560608784134,,2012-04-02,8.673486627197265,,2.110519263543196,T,buy
-37.94917815356497,,2012-04-02,18.376257702636718,,2.0651200460755312,VZ,buy
-4.471918137254588,,2012-07-02,17.734457056617735,,0.2521598559785545,AAPL,buy
-6.026226941116036,,2012-07-02,24.113282056236265,,0.24991317760319198,MSFT,buy
-7.855954051812773,,2012-07-02,18.726926812171936,,0.4195004407614089,INTC,buy
-48.11763665762941,,2012-07-02,11.21398386220932,,4.2908601660988595,CSCO,buy
11.59604507125392,19.892128632164,2012-07-02,24.28628092288971,2.098089377084671,0.4774730683578934,ORCL,sell
-10.192640376561604,,2012-07-02,110.40992025909424,,0.09231634578344927,IBM,buy
-46.47227098022065,,2012-07-02,38.2219423324585,,1.215853202226091,QCOM,buy
-35.48771128903827,,2012-07-02,19.210346787071227,,1.847322782997436,TXN,buy
19.367118148120195,39.80646670875549,2012-07-02,45.676484898376465,2.4889247949560342,0.42400631728140237,JNJ,sell
16.72207591993897,8.902025742244719,2012-07-02,11.96830089111328,4.284190905400337,1.3971971520498343,PFE,sell
37.886730675197,20.209601913452147,2012-07-02,25.49212607460022,7.850956393082118,1.486213059056949,MRK,sell
27.59274040044409,18.09145154418945,2012-07-02,23.39248067550659,6.252860596729246,1.17955597711941,ABT,sell
30.671611410526655,23.3914693862915,2012-07-02,32.02654261436462,8.269753427399586,0.957693491297114,LLY,sell
37.506863803024586,38.55038863677978,2012-07-02,50.63664103317261,8.952359660339873,0.7407059994057157,AMGN,sell
30.64066791805972,14.392222927188872,2012-07-02,22.400760891151428,10.954402551561614,1.367840497336104,BMY,sell
-5.2709051135758616,,2012-07-02,44.45732592887878,,0.11856100211713283,UNH,buy
-54.52142730914651,,2012-07-02,24.79915421066284,,2.198519628774438,JPM,buy
-42.139627857062074,,2012-07-02,6.213153633642196,,6.782325102809267,BAC,buy
1.7610477783081773,17.74646649494171,2012-07-02,22.59624163455963,0.3779693044995538,0.07793542867831427,WFC,sell
-68.56129083627378,,2012-07-02,20.11577101898193,,3.408335219742609,C,buy
17.08116413797841,13.849085008621214,2012-07-02,20.41196542453766,5.491957059041114,0.8368211381273838,USB,sell
14.680009997471446,32.315150100326534,2012-07-02,48.5133839389801,4.901538820542925,0.30259711455988914,AXP,sell
-57.60631990612217,,2012-07-02,74.42014542999267,,0.7740688972492356,GS,buy
-43.01240190648162,,2012-07-02,118.96647328338622,,0.36155061774440567,BLK,buy
49.69993889243551,12.88737369213104,2012-07-02,17.531125148963927,13.164823231547835,2.834954315260976,WMT,sell
-17.850497768538307,,2012-07-02,40.72768148155212,,0.43828907316081356,PG,buy
29.806091707282395,17.115163609695433,2012-07-02,25.45295368537903,9.763775894294351,1.1710268315305168,KO,sell
28.83891480511068,36.866937180328364,2012-07-02,45.92959967765808,5.690390369221912,0.6278938855881,PEP,sell
-21.126838810879413,,2012-07-02,60.29899281845092,,0.35036802147738033,MCD,buy
28.280494039476274,19.169321537971495,2012-07-02,38.03983600616455,14.029173833796259,0.7434441629793902,HD,sell
-17.030114560738053,,2012-07-02,22.113842274475097,,0.7701110620832754,LOW,buy
17.635479988943235,42.00601480636596,2012-07-02,68.76423976135254,6.862493388584298,0.25646295298468313,COST,sell
18.783697229616205,53.495573477935785,2012-07-02,76.91359103393555,5.719105629792468,0.24421818013059005,GE,sell
1.9849382922649896,43.80819021110534,2012-07-02,60.54366076469421,0.5486763753846737,0.03278523741700301,BA,sell
-56.95750447933162,,2012-07-02,58.85770752487182,,0.9677153065341999,CAT,buy
10.481191229314106,42.404643413162226,2012-07-02,48.57672839126587,1.3317241626077205,0.21576568814787933,MMM,sell
-19.354384265090577,,2012-07-02,38.69013864555359,,0.500240757532536,HON,buy
3.030155337811552,32.45813341941833,2012-07-02,47.17917068481445,0.9454814275109862,0.06422654942484751,UPS,sell
4.2834294289147055,37.16279843521118,2012-07-02,48.750225175094606,1.0181270860748088,0.08786481320917083,XOM,sell
4.098330761873199,40.565523525238035,2012-07-02,59.01094001770019,1.281040732514111,0.06945035548737089,CVX,sell
-2.8478876278182996,,2012-07-02,34.48363627815246,,0.0825866392061041,COP,buy
-11.741273248905454,,2012-07-02,45.11666165275573,,0.26024250950287886,SLB,buy
60.163216717759454,6.590213636589049,2012-07-02,10.15693240814209,21.126976709250187,5.923364880279294,T,sell
62.90816471310471,13.10234397420883,2012-07-02,21.686665313529968,24.90119587114767,2.90077629749085,VZ,sell
16.264117391271398,6.405439686203002,2012-10-01,19.792926551628113,11.00068033827305,0.8217136232404982,AAPL,sell
-26.558728912655248,,2012-10-01,23.423147810935973,,1.1338667683365475,MSFT,buy
-58.9327421203176,,2012-10-01,16.121432214164734,,3.655552517755691,INTC,buy
15.421242661891503,15.841460751724242,2012-10-01,12.483345762062072,-4.148431608735736,1.235345311731887,CSCO,sell
0.851934277417988,19.892128632164,2012-10-01,25.863707216262817,0.19670004936067564,0.032939372159390246,ORCL,sell
5.063229183452593,71.47648169250488,2012-10-01,119.00388868103028,2.0221368960734636,0.042546754056278946,IBM,sell
15.984602228593069,30.90501070861816,2012-10-01,42.6219610496521,4.394232126377821,0.3750320687959885,QCOM,sell
-23.305915462077035,,2012-10-01,18.873842019844055,,1.2348262445755918,TXN,buy
-10.599988037200246,,2012-10-01,46.92312014389038,,0.2259011763219334,JNJ,buy
10.739739530861812,8.902025742244719,2012-10-01,13.150184594249724,3.469466092225738,0.8166987660050076,PFE,sell
8.417932756748177,20.209601913452147,2012-10-01,27.807179588127134,2.299977880780565,0.30272515520928245,MRK,sell
4.440816908609087,18.09145154418945,2012-10-01,25.19883253097534,1.2525412684594666,0.176231057655162,ABT,sell
16.696544877278853,23.3914693862915,2012-10-01,35.84133712348938,5.799721552633667,0.4658460374888307,LLY,sell
25.496416933067977,38.55038863677978,2012-10-01,58.19134659347534,8.605644693654806,0.4381479107398203,AMGN,sell
-32.940801672001626,,2012-10-01,21.30142820301056,,1.5464128206833596,BMY,buy
-15.942104751300256,,2012-10-01,44.7960867603302,,0.35588163842512266,UNH,buy
22.422973746997258,28.172094290351865,2012-10-01,28.199002593040465,0.021396649146435465,0.7951690373804663,JPM,sell
15.328320718954313,10.180735077762604,2012-10-01,6.91447801194191,-7.240783146461887,2.216844235021206,BAC,sell
-6.157152993945886,,2012-10-01,23.556125809669492,,0.261382242720849,WFC,buy
38.337402905906124,24.87015342979431,2012-10-01,23.966333686637878,-1.4457823253549762,1.5996356976069581,C,sell
-1.5046072211588404,,2012-10-01,21.60369309196472,,0.06964583392079682,USB,buy
-23.749620396791148,,2012-10-01,47.65677619667053,,0.4983471877909018,AXP,buy
42.821801032476436,128.84690464477538,2012-10-01,89.80485989685059,-18.616483272920384,0.47683166681247924,GS,sell
2.142247491605438,155.88467770996093,2012-10-01,127.04025147399902,-0.4863962329564049,0.01686274599388593,BLK,sell
3.366531102468505,12.88737369213104,2012-10-01,18.82048799972534,1.0612909639382675,0.1788758666894097,WMT,sell
24.22100296627527,37.60686135063171,2012-10-01,46.56122967567444,4.658033803503489,0.5201968061193485,PG,sell
-24.25545656115841,,2012-10-01,24.959516095542906,,0.9717919397279413,KO,buy
-16.44234785774433,,2012-10-01,46.26587633743286,,0.35538822906594625,PEP,buy
-2.7622556233585325,,2012-10-01,63.471324507141105,,0.04351974131322489,MCD,buy
25.290782358968013,19.169321537971495,2012-10-01,43.68842896499633,14.193859203998352,0.5788897188139055,HD,sell
1.0594252604961059,17.037955442237852,2012-10-01,23.53288144111633,0.29239465152119315,0.04501893502276744,LOW,sell
1.6822360304814459,42.00601480636596,2012-10-01,73.4257388305664,0.7198482802230967,0.022910713017996187,COST,sell
17.461146055275517,53.495573477935785,2012-10-01,86.27606652374267,6.634342522781337,0.20238690472137266,GE,sell
-29.183580546848383,,2012-10-01,58.350028179168696,,0.5001468115360241,BA,buy
-9.996103966417827,,2012-10-01,60.50083231048583,,0.16522258594920736,CAT,buy
-3.0664589388710572,,2012-10-01,51.15347342376709,,0.05994625063811032,MMM,buy
13.832895587370414,26.48581989059448,2012-10-01,42.85987727737427,5.284677431694508,0.32274697143551556,HON,sell
-41.032631463122094,,2012-10-01,43.55881685829162,,0.9420051879878217,UPS,buy
6.040709973853633,37.16279843521118,2012-10-01,52.781298846817016,1.7875049169752302,0.11444792200709397,XOM,sell
15.920733266770608,40.565523525238035,2012-10-01,65.88344523010254,6.118075290755444,0.24164998067672894,CVX,sell
-5.793632786876019,,2012-10-01,35.940992689132685,,0.16119846318623843,COP,buy
17.480873444128218,45.088665079116815,2012-10-01,50.54082192306518,1.8857719395952923,0.34587631896327586,SLB,sell
-0.5731910920527966,,2012-10-01,10.782271085166931,,0.05316051576938463,T,buy
-9.07225399416631,,2012-10-01,22.39180771026611,,0.40515951688915663,VZ,buy
-61.891092421909214,,2013-01-02,16.578716582107543,,3.73316547848491,AAPL,buy
-28.336702164212557,,2013-01-02,22.11813108692169,,1.2811526458927567,MSFT,buy
-26.855165231271343,,2013-01-02,15.299997703170774,,1.755239821095259,INTC,buy
15.158539997235113,15.841460751724242,2013-01-02,13.53386510953903,-2.584611310693152,1.1200451515178003,CSCO,sell
21.215656517008462,19.892128632164,2013-01-02,28.544465631866455,6.430844151104468,0.7432493846836543,ORCL,sell
-30.604844409196385,,2013-01-02,111.66226876296996,,0.27408402809871735,IBM,buy
4.550181474480925,30.90501070861816,2013-01-02,44.75344449806213,1.4080008273336846,0.10167220703376145,QCOM,sell
44.560145679679636,16.86423849697113,2013-01-02,22.217118397521972,10.736095649604088,2.0056672014067196,TXN,sell
-0.487100739913035,,2013-01-02,48.50902640724182,,0.010041445396651305,JNJ,buy
2.6956089423224667,8.902025742244719,2013-01-02,13.72931630973816,0.9477884642875114,0.19633963421838274,PFE,sell
-34.96975876246984,,2013-01-02,25.70102447338104,,1.3606367636702021,MRK,buy
-19.080891902759728,,2013-01-02,24.578924550437925,,0.7763110978921883,ABT,buy
4.99728293627162,23.3914693862915,2013-01-02,37.68530606117248,1.8954429079940929,0.13260560835461455,LLY,sell
5.251681566086378,38.55038863677978,2013-01-02,61.23282949790954,1.9453773003958008,0.08576578298191606,AMGN,sell
-15.68552702273727,,2013-01-02,20.980797958755492,,0.7476134632044129,BMY,buy
-20.38475815555378,,2013-01-02,43.44521199989318,,0.469206092390662,UNH,buy
21.84026047754397,28.172094290351865,2013-01-02,31.178503844833372,2.1059627523767084,0.7004909724416795,JPM,sell
5.945526952703059,10.180735077762604,2013-01-02,9.292990815067292,-0.5679664971157363,0.6397861647579823,BAC,sell
5.9065885891240555,10.871933414268494,2013-01-02,9.292990815067292,-1.0035697360426328,0.6355960859820655,BAC,sell
22.65641868256431,10.2510309469223,2013-01-02,9.292990815067292,-2.335712880164838,2.438011522171106,BAC,sell
53.47015106128093,8.510153876018524,2013-01-02,9.292990815067292,4.504299016353357,5.753815119948953,BAC,sell
7.908201513444261,4.248800708580017,2013-01-02,9.292990815067292,4.292533225099758,0.850985616021724,BAC,sell
-5.836919190663072,,2013-01-02,23.947224658966064,,0.24374094592534234,WFC,buy
69.75451137400388,24.87015342979431,2013-01-02,30.19468448638916,12.300511446506512,2.310158644162918,C,sell
-19.39429807702415,,2013-01-02,21.020985295677182,,0.922616033655304,USB,buy
-3.284572307779669,,2013-01-02,48.83897293701172,,0.06725309952803116,AXP,buy
29.84507480226661,128.84690464477538,2013-01-02,101.60742147903441,-8.001033790867012,0.2937292804780487,GS,sell
48.67549401729966,155.88467770996093,2013-01-02,151.43618725891113,-1.4298594956427593,0.3214257760866559,BLK,sell
-29.597512774901432,,2013-01-02,17.720430139541623,,1.670247987313644,WMT,buy
-8.718432968190578,,2013-01-02,46.96875677299499,,0.18562196590230595,PG,buy
-15.234239310694672,,2013-01-02,24.620028055572508,,0.6187742465730679,KO,buy
-14.450294600204193,,2013-01-02,45.753165701293945,,0.31583157971068054,PEP,buy
-14.59000821141763,,2013-01-02,62.739443530273434,,0.2325492129106559,MCD,buy
5.406294685973045,19.169321537971495,2013-01-02,45.9936302947998,3.1530478667898842,0.11754442194105952,HD,sell
51.11251714706442,17.037955442237852,2013-01-02,28.236564400863646,20.271201704819408,1.8101535449369717,LOW,sell
15.070852482299602,42.00601480636596,2013-01-02,79.5840607887268,7.116163487519016,0.18937023736836522,COST,sell
-28.396593053812975,,2013-01-02,81.566715574646,,0.34813946906843096,GE,buy
22.44606200287574,43.80819021110534,2013-01-02,64.5386383529663,7.20989683412223,0.34779261812306395,BA,sell
22.22481779771796,39.07928109397888,2013-01-02,66.87453412399292,9.237364302054983,0.33233603925390565,CAT,sell
-3.9375442211739964,,2013-01-02,52.31505256195068,,0.0752659899655308,MMM,buy
11.499921616228749,26.48581989059448,2013-01-02,45.96198284683227,4.8730349194904035,0.25020508045860623,HON,sell
10.256655586749636,32.45813341941833,2013-01-02,46.47209686088562,3.092961285020256,0.2207056767301241,UPS,sell
-19.592791071143253,,2013-01-02,51.39588008079529,,0.38121326145875933,XOM,buy
-26.679950002120897,,2013-01-02,62.651243252944944,,0.42584869217047494,CVX,buy
2.491927179269966,22.489099048423764,2013-01-02,37.44780153236389,0.9954121673639009,0.06654401800106591,COP,sell
-14.866126431897603,,2013-01-02,49.98311434020996,,0.29742297230043224,SLB,buy
-29.216615233379915,,2013-01-02,10.151044547271727,,2.878188062058342,T,buy
-18.149082979590947,,2013-01-02,21.87746133213043,,0.8295790221754942,VZ,buy
-93.83502357559546,,2013-04-01,13.027007271194456,,7.203114393210257,AAPL,buy
-10.516133053263877,,2013-04-01,23.100606974220273,,0.4552318934736057,MSFT,buy
-20.601297620644672,,2013-04-01,15.500602276802061,,1.329064332647011,INTC,buy
-17.064723285531013,,2013-04-01,13.879316650962828,,1.2295074544860398,CSCO,buy
-45.99663495976712,,2013-04-01,26.705740344047545,,1.72235011526349,ORCL,buy
2.935969658023885,71.47648169250488,2013-04-01,121.11704009170532,1.2033250908135134,0.024240764600925502,IBM,sell
-17.39395500218985,,2013-04-01,45.8499703250885,,0.3793667668454761,QCOM,buy
4.3206208822973595,16.86423849697113,2013-04-01,24.227701504325864,1.3131551926178573,0.17833391589069691,TXN,sell
28.54403552262811,39.80646670875549,2013-04-01,56.472743787002564,8.423936452348126,0.5054480021421881,JNJ,sell
14.715518652367269,8.902025742244719,2013-04-01,15.415438740348815,6.217679047518528,0.9545961616940843,PFE,sell
1.9580051180556606,20.209601913452147,2013-04-01,27.79917814350128,0.5345636128377331,0.07043392102990609,MRK,sell
9.401315281607749,18.09145154418945,2013-04-01,27.15341314945221,3.137519311181629,0.34622959662061525,ABT,sell
24.72086425690217,23.3914693862915,2013-04-01,43.48566343803406,11.423209495534747,0.5684830885040713,LLY,sell
24.705096806719236,38.55038863677978,2013-04-01,70.65451720275878,11.225547007019996,0.3496605423800787,AMGN,sell
58.112099576984264,14.392222927188872,2013-04-01,26.351042463111877,26.37285081482402,2.205305526653598,BMY,sell
2.6879593365456453,24.137440266799924,2013-04-01,47.09039620056152,1.3101739883585768,0.05708083926704344,UNH,sell
-1.9600133112566804,,2013-04-01,33.43836087722778,,0.05861571141160482,JPM,buy
-21.319117674319514,,2013-04-01,9.407287739944458,,2.2662342498354775,BAC,buy
-5.123654448083352,,2013-04-01,25.411830250930784,,0.2016247707264487,WFC,buy
-4.908075253492979,,2013-04-01,32.10650805931091,,0.15286854753641244,C,buy
-12.9245027389354,,2013-04-01,21.79756382923126,,0.5929333589840535,USB,buy
21.805156310065154,32.315150100326534,2013-04-01,55.83514796676636,9.185204097522533,0.39052742052450196,AXP,sell
11.55604189704343,128.84690464477538,2013-04-01,113.08803451080323,-1.6103398056745934,0.10218624761702344,GS,sell
38.65261597848899,155.88467770996093,2013-04-01,181.30326614685058,5.419069156595128,0.2131931586228648,BLK,sell
6.228364116654228,12.88737369213104,2013-04-01,19.401987936973573,2.0913006300297123,0.32101680182910997,WMT,sell
16.653490736885203,37.60686135063171,2013-04-01,52.94586786346435,4.8247014013109375,0.3145380632881656,PG,sell
2.097506553014265,17.115163609695433,2013-04-01,26.6405945022583,0.7499702649556665,0.07873347394092356,KO,sell
23.165346288171268,36.866937180328364,2013-04-01,52.50049350357055,6.8981588890951,0.44124054351214426,PEP,sell
9.93684569499348,39.805810121536254,2013-04-01,69.41531109695434,4.23861879531932,0.14315063259047278,MCD,sell
8.518032716140336,19.169321537971495,2013-04-01,50.756068026351926,5.30098075849304,0.16782294309555024,HD,sell
-11.536119152158822,,2013-04-01,29.442600102996824,,0.3918172685769221,LOW,buy
-10.08416163307724,,2013-04-01,83.34246334381103,,0.12099668318510393,COST,buy
4.285179685602196,53.495573477935785,2013-04-01,88.81484599456786,1.7041005634100475,0.04824846159012974,GE,sell
11.63722163221146,43.80819021110534,2013-04-01,71.8471403388977,4.541523509948088,0.16197195291725652,BA,sell
-51.904313297484556,,2013-04-01,61.338561254882805,,0.8461938499307848,CAT,buy
14.316331261398293,42.404643413162226,2013-04-01,58.59295125961304,3.955376418306969,0.24433538426773627,MMM,sell
24.967841903120753,26.48581989059448,2013-04-01,53.07153895683288,12.507420051763201,0.47045633863056047,HON,sell
12.261213043021568,32.45813341941833,2013-04-01,51.82484984207153,4.581960907278217,0.23658945622391148,UPS,sell
-15.238597142292944,,2013-04-01,52.925380921173094,,0.28792607397553294,XOM,buy
4.790457884031439,40.565523525238035,2013-04-01,68.31679165878296,1.9459532275198628,0.07012123619560473,CVX,sell
-14.168175921126272,,2013-04-01,38.74085619087219,,0.3657166442404147,COP,buy
-11.718086424398749,,2013-04-01,52.01683599128723,,0.22527487881734132,SLB,buy
1.7515441911967615,6.590213636589049,2013-04-01,10.97323891210556,0.6996168152987425,0.1596196168903674,T,sell
15.34715291257045,13.10234397420883,2013-04-01,24.572804306602478,7.163973085950106,0.6245584639457213,VZ,sell
-27.37506737760473,,2013-07-01,12.511238923645019,,2.1880380947620246,AAPL,buy
58.930722029509,23.00032281990051,2013-07-01,27.89879593849182,10.347061513233598,2.1123034183780884,MSFT,sell
29.790622421567186,13.528888035583496,2013-07-01,17.418327270698548,6.652120716543109,1.7103032890926073,INTC,sell
50.90585126295102,15.841460751724242,2013-07-01,16.44114274520874,1.8567640241605545,3.0962477518654197,CSCO,sell
-38.260085590651265,,2013-07-01,24.81055287017822,,1.5420891985296752,ORCL,buy
-46.64337587502506,,2013-07-01,109.74892779769897,,0.4250007431599072,IBM,buy
-38.35635920656985,,2013-07-01,42.58347944831848,,0.9007333290630024,QCOM,buy
-10.627600103111396,,2013-07-01,24.47218904495239,,0.43427255663928577,TXN,buy
9.009802083729204,39.80646670875549,2013-07-01,60.16122297019958,3.0483476951424526,0.1497609529678634,JNJ,sell
-23.60445743817426,,2013-07-01,14.993615783309936,,1.5743005409308566,PFE,buy
5.093686416449559,20.209601913452147,2013-07-01,29.300647893333434,1.5804066035541684,0.173842108713524,MRK,sell
-15.085960674719061,,2013-07-01,27.07801193656921,,0.5571295525704851,ABT,buy
-50.469326680921036,,2013-07-01,38.92387224349975,,1.296616286406329,LLY,buy
-28.523792203706094,,2013-07-01,67.71795504226684,,0.4212146126666507,AMGN,buy
20.56867496238464,14.392222927188872,2013-07-01,28.951271808815,10.343598933586698,0.7104584247011196,BMY,sell
27.208990778223438,24.137440266799924,2013-07-01,52.63964011230468,14.73254929366702,0.5168916565571893,UNH,sell
22.513521685792547,28.172094290351865,2013-07-01,36.87398473548889,5.312965242279123,0.6105529914190342,JPM,sell
8.89917168694692,4.248800708580017,2013-07-01,10.004698157787322,5.119866567197292,0.8894992679034601,BAC,sell
30.996715887106657,17.74646649494171,2013-07-01,28.64410439300537,11.792687986758313,1.082132485687902,WFC,sell
14.864159812516595,24.87015342979431,2013-07-01,35.33474923439026,4.402109192316418,0.4206669110318675,C,sell
6.887071668700934,29.917341292762753,2013-07-01,35.33474923439026,1.0559032556049797,0.1949093121622596,C,sell
12.412477168287706,13.849085008621214,2013-07-01,23.402546332740783,5.067060604334933,0.5303900264443584,USB,sell
30.70248100749123,32.315150100326534,2013-07-01,62.97789158363342,14.948455947888517,0.4875120496328291,AXP,sell
1.0647224890946023,128.84690464477538,2013-07-01,117.8809951423645,-0.09904607987481295,0.009032181038247433,GS,sell
-7.093645158982962,,2013-07-01,184.98213434295653,,0.038347731169710464,BLK,buy
-15.444378822969231,,2013-07-01,19.32804004611969,,0.7990659573405559,WMT,buy
-9.65007137226974,,2013-07-01,53.62954017486572,,0.17993947628125273,PG,buy
-11.154040403626466,,2013-07-01,26.868951893806454,,0.4151274842319985,KO,buy
1.7760118501520454,36.866937180328364,2013-07-01,54.83338158531189,0.581919576101722,0.032389245361219565,PEP,sell
-8.201935103348363,,2013-07-01,70.60178536071777,,0.11617178037981812,MCD,buy
24.08050211927372,19.169321537971495,2013-07-01,56.2789708316803,15.878381840622207,0.4278774427360075,HD,sell
20.66783731844598,17.037955442237852,2013-07-01,32.31105324783325,9.769471096270376,0.6396522316966546,LOW,sell
2.517639898691874,42.00601480636596,2013-07-01,87.10220138626099,1.303479783581053,0.028904434774584153,COST,sell
-6.927971737549378,,2013-07-01,90.65947894973755,,0.07641751108442074,GE,buy
61.65207400346492,43.80819021110534,2013-07-01,87.45628532409668,30.76960769650906,0.7049473205384134,BA,sell
-23.315529738242414,,2013-07-01,59.62772782096862,,0.3910182492320846,CAT,buy
0.4269886593150036,42.404643413162226,2013-07-01,60.96841968269348,0.13001029028477268,0.007003439838809022,MMM,sell
16.23240085722115,26.48581989059448,2013-07-01,57.64422542152405,8.774091853111297,0.2815963045477936,HON,sell
-0.5339056205193144,,2013-07-01,53.85765460777282,,0.009913272763315994,UPS,buy
-13.047322163973991,,2013-07-01,53.01555859489441,,0.24610364409572583,XOM,buy
-12.39020957309578,,2013-07-01,68.6586383895874,,0.18046104414116737,CVX,buy
-5.693682274401655,,2013-07-01,39.62797805404663,,0.14367834429090287,COP,buy
-17.982235638477196,,2013-07-01,51.365596903991694,,0.35008326043768356,SLB,buy
-26.56682491435539,,2013-07-01,10.579147048950194,,2.5112445068992315,T,buy
-1.8751634939013386,,2013-07-01,25.44153318786621,,0.07370481488103309,VZ,buy
56.454583440526434,6.405439686203002,2013-10-01,14.996093853664398,32.340541959674844,3.764619239611612,AAPL,sell
-21.390963541315763,,2013-10-01,27.496069035530088,,0.7779644251574513,MSFT,buy
-28.316087450226842,,2013-10-01,16.831901576423643,,1.6822868956107158,INTC,buy
-29.46821042658638,,2013-10-01,15.835011309242248,,1.8609529132061304,CSCO,buy
26.40551054577104,19.892128632164,2013-10-01,27.670632781791685,7.422865063226006,0.9542792444973234,ORCL,sell
-23.169463878649985,,2013-10-01,107.47204365081787,,0.21558596162857713,IBM,buy
25.008079886775487,30.90501070861816,2013-10-01,47.32733654937744,8.677666365693,0.5284066611414762,QCOM,sell
42.408732145012564,16.86423849697113,2013-10-01,28.379355307388305,17.207632067116695,1.4943514990268945,TXN,sell
-9.448971760258337,,2013-10-01,61.28798495216369,,0.1541733141925521,JNJ,buy
1.7750811475647665,8.902025742244719,2013-10-01,15.697878490161894,0.7684598974322665,0.11307777345054859,PFE,sell
6.56093038160384,20.209601913452147,2013-10-01,31.109332709312437,2.2987434541935983,0.2108991035876464,MRK,sell
-27.148695968258487,,2013-10-01,26.217428412628173,,1.0355209344323697,ABT,buy
-8.68969761500043,,2013-10-01,39.67936363868713,,0.21899790768136285,LLY,buy
49.308522544755604,38.55038863677978,2013-10-01,79.82539259262084,25.49576515680805,0.6177047295764098,AMGN,sell
6.762859708315844,14.392222927188872,2013-10-01,30.754625505065917,3.5980484661385503,0.21989731941954105,BMY,sell
23.96497966672588,24.137440266799924,2013-10-01,58.43324257736206,14.065592953164098,0.4101257881589868,UNH,sell
-16.726367780474327,,2013-10-01,36.81936896324157,,0.4542817612429211,JPM,buy
11.618579611039655,4.248800708580017,2013-10-01,10.762795962810516,7.031943438185198,1.0795131349870601,BAC,sell
-12.073556822032758,,2013-10-01,28.9718003452301,,0.4167347792737548,WFC,buy
-13.00309912686553,,2013-10-01,35.647773052597046,,0.36476609934875626,C,buy
-9.420776167949516,,2013-10-01,23.842686048507687,,0.39512226721364563,USB,buy
-13.202117088689954,,2013-10-01,63.50099308776855,,0.20790410427821993,AXP,buy
2.7720056518480245,128.84690464477538,2013-10-01,123.91723312454224,-0.11027584276439173,0.022369815577321983,GS,sell
6.464080099209029,155.88467770996093,2013-10-01,196.07634975128173,1.325005222331968,0.03296715849417109,BLK,sell
-18.36268502887702,,2013-10-01,19.184703620529174,,0.957152395579751,WMT,buy
-21.6485147387848,,2013-10-01,52.74313215942382,,0.41045182287144044,PG,buy
-35.59841946893885,,2013-10-01,25.385391163253782,,1.4023191228374206,KO,buy
-22.943668147635417,,2013-10-01,53.80540248069763,,0.4264194131038481,PEP,buy
-26.212778362470655,,2013-10-01,68.54119325942993,,0.38243831360295566,MCD,buy
-16.66724029471857,,2013-10-01,56.204854664993285,,0.29654449591699805,HD,buy
48.586925764257415,17.037955442237852,2013-10-01,38.07662587852478,26.845979523702322,1.276030232281176,LOW,sell
0.21022231838427724,42.00601480636596,2013-10-01,90.94269658126831,0.11312159286546312,0.0023115909939663837,COST,sell
36.8114394935455,43.80819021110534,2013-10-01,100.20196525268554,20.71751818959567,0.3673724302783463,BA,sell
-8.609570999228824,,2013-10-01,60.79831976394653,,0.14160869959327904,CAT,buy
20.47610671229775,42.404643413162226,2013-10-01,67.08797713851928,7.533668429622056,0.3052127607010702,MMM,sell
-0.7919457806089607,,2013-10-01,60.109704830932614,,0.01317500697826457,HON,buy
6.693476597475311,32.45813341941833,2013-10-01,57.12200440979004,2.8900779127580694,0.11717860160257487,UPS,sell
-30.48597333237217,,2013-10-01,50.83997593078613,,0.5996457074227566,XOM,buy
-5.870510865569154,,2013-10-01,70.5280567237854,,0.0832365322152615,CVX,buy
40.52504051269171,22.489099048423764,2013-10-01,45.747865103530884,20.603419078143745,0.8858345721921772,COP,sell
66.52730204259957,45.088665079116815,2013-10-01,63.002155135345454,18.91579996029754,1.0559527987523785,SLB,sell
-22.471802743717845,,2013-10-01,10.38013718061447,,2.1648849483112116,T,buy
-36.406541796466605,,2013-10-01,23.979769626045226,,1.5182189972719442,VZ,buy
22.78290270701042,6.405439686203002,2014-01-02,17.09815703086853,14.247801005527606,1.3324771006535272,AAPL,sell
13.32502726950155,23.00032281990051,2014-01-02,30.615322603225707,3.3143560525266356,0.4352404657691764,MSFT,sell
22.803627909977138,13.528888035583496,2014-01-02,19.165375422477723,6.706488041933618,1.189834657933826,INTC,sell
-47.28632042083998,,2014-01-02,15.1045876124382,,3.1305932763037525,CSCO,buy
20.329520454162743,19.892128632164,2014-01-02,31.368668716621396,7.437757671442695,0.64808362247744,ORCL,sell
-29.634215637427033,,2014-01-02,107.5564303779602,,0.27552249115455485,IBM,buy
4.520036665294793,30.90501070861816,2014-01-02,51.66112709541321,1.8160348481008932,0.08749396150313782,QCOM,sell
-1.8242256370996954,,2014-01-02,30.54182826824188,,0.05972876348717371,TXN,buy
-11.881442365031644,,2014-01-02,64.22766717529296,,0.18498947396928322,JNJ,buy
-6.409878118045098,,2014-01-02,16.702462277412412,,0.3837684535120012,PFE,buy
-20.674027357780528,,2014-01-02,31.91921082897186,,0.6476985746469488,MRK,buy
21.41429886716539,18.09145154418945,2014-01-02,29.755253076553345,8.394219713028031,0.7196812882777834,ABT,sell
-25.7602230381277,,2014-01-02,40.11904039878845,,0.64209469573718,LLY,buy
-24.33720642299852,,2014-01-02,81.12529809494018,,0.29999527884035526,AMGN,buy
16.066668919612006,14.392222927188872,2014-01-02,34.515914403533934,9.36729314515135,0.4654858258069794,BMY,sell
-18.138988768445312,,2014-01-02,60.34867585716247,,0.3005697889938457,UNH,buy
21.184124157002056,28.172094290351865,2014-01-02,41.76531472320556,6.8947276286912285,0.5072181138199774,JPM,sell
29.864084867783024,4.248800708580017,2014-01-02,12.474289338970184,19.69223928208448,2.394051000122822,BAC,sell
4.971065571257143,17.74646649494171,2014-01-02,31.615247775650023,2.180676287247828,0.1572363312327365,WFC,sell
-1.4340300037233733,,2014-01-02,38.34738484764099,,0.03739577051788423,C,buy
4.9925959641357505,13.849085008621214,2014-01-02,26.019506664848326,2.335247890183778,0.19187896328874743,USB,sell
38.36310465547597,32.315150100326534,2014-01-02,74.93021626968384,21.818250697036,0.5119844378588478,AXP,sell
13.762888730162185,128.84690464477538,2014-01-02,138.3125524795532,0.9418860079833049,0.09950570995497143,GS,sell
31.920639777300305,155.88467770996093,2014-01-02,228.32945256500244,10.127837367967537,0.13980079844589,BLK,sell
-0.3787737381659213,,2014-01-02,20.691367059516907,,0.01830588269380229,WMT,buy
-5.178568994643641,,2014-01-02,56.21250466957092,,0.0921248577177689,PG,buy
-0.2357371179986737,,2014-01-02,27.38867312545776,,0.008607102539025746,KO,buy
-16.540380613690314,,2014-01-02,55.71998409042358,,0.29684826519060437,PEP,buy
-25.694874976582117,,2014-01-02,69.31258399047852,,0.37071010049361064,MCD,buy
0.47870668160565855,19.169321537971495,2014-01-02,60.662077570724485,0.32743454142259987,0.007891366414998657,HD,sell
-18.705824187838637,,2014-01-02,39.26733225440979,,0.4763711490927154,LOW,buy
-19.756884403560747,,2014-01-02,93.53220836334228,,0.2112308128854572,COST,buy
25.35234865468832,53.495573477935785,2014-01-02,108.36000794677734,12.836306472767639,0.23396407157094812,GE,sell
32.07708887878713,43.80819021110534,2014-01-02,116.72616444168091,20.038320897830054,0.27480633011644606,BA,sell
0.3455611539671219,39.07928109397888,2014-01-02,65.59830561218261,0.13969788745413872,0.005267836581177576,CAT,sell
30.385059264056594,42.404643413162226,2014-01-02,77.84928355178833,13.834263362088102,0.39030621577709557,MMM,sell
4.249661621184997,26.48581989059448,2014-01-02,65.47899679183959,2.5307016827409647,0.06490114127274804,HON,sell
19.87649118909461,32.45813341941833,2014-01-02,64.687193044281,9.903051740517954,0.3072708870747931,UPS,sell
33.154512541179585,37.16279843521118,2014-01-02,59.286660116958615,12.37219044115124,0.5592238199246431,XOM,sell
-17.950390198175672,,2014-01-02,72.77340177993774,,0.24666141418614096,CVX,buy
-27.581903308630118,,2014-01-02,46.09779764404296,,0.5983345131064937,COP,buy
-29.56826156183693,,2014-01-02,63.151016830444334,,0.4682151301098676,SLB,buy
-13.210676293655723,,2014-01-02,10.841352482795715,,1.2185450398942308,T,buy
-9.386856488385199,,2014-01-02,25.288937737274168,,0.37118429353992255,VZ,buy
-18.609807570989446,,2014-04-01,16.867111066055298,,1.1033192049373106,AAPL,buy
37.35028371222336,23.00032281990051,2014-04-01,34.38094196434021,12.363516808424382,1.0863659218808763,MSFT,sell
-5.506604374185794,,2014-04-01,19.52548574810028,,0.28202137684188244,INTC,buy
11.379902603179334,15.841460751724242,2014-04-01,15.972997242164611,0.09371268443120151,0.7124462886113392,CSCO,sell
27.999723612055057,19.892128632164,2014-04-01,34.503856962203976,11.857351344335648,0.8114954697014412,ORCL,sell
9.400494898464402,71.47648169250488,2014-04-01,113.2160728729248,3.465698853518189,0.08303145180645544,IBM,sell
27.037240125581164,30.90501070861816,2014-04-01,56.70189616470337,12.300763003450733,0.47683132230790726,QCOM,sell
32.300925268495206,16.86423849697113,2014-04-01,33.87077458190918,16.218313809952065,0.9536518035742692,TXN,sell
21.389668669642017,39.80646670875549,2014-04-01,69.50301058959961,9.1391614385664,0.30775168569234257,JNJ,sell
10.847901618459414,8.902025742244719,2014-04-01,17.640863875579832,5.373776307025946,0.6149302945121704,PFE,sell
47.455189857362754,20.209601913452147,2014-04-01,36.58908527526855,21.24380773262736,1.296976666684774,MRK,sell
-7.724796937030228,,2014-04-01,30.151630317687985,,0.2561983168286126,ABT,buy
56.41188299731559,23.3914693862915,2014-04-01,46.87317927932739,28.26024373488703,1.203500250348819,LLY,sell
25.683188677712078,38.55038863677978,2014-04-01,88.64600369567871,14.514079370127943,0.2897275410844502,AMGN,sell
-15.668805628744956,,2014-04-01,34.29975368309021,,0.4568197711714088,BMY,buy
28.612284252907518,24.137440266799924,2014-04-01,66.3784521812439,18.207894283621656,0.4310477769921892,UNH,sell
4.600082442743365,28.172094290351865,2014-04-01,43.53034801826477,1.6229880196530129,0.10567529671054388,JPM,sell
18.960579782436913,4.248800708580017,2014-04-01,13.443077875041961,12.967925007724137,1.410434422732802,BAC,sell
33.281079882832714,17.74646649494171,2014-04-01,35.18670535469055,16.49571839182183,0.9458424580349689,WFC,sell
-47.22079441421634,,2014-04-01,35.07530534477234,,1.346268947627399,C,buy
21.336539201655746,13.849085008621214,2014-04-01,28.19265938014984,10.855387309984188,0.7568118677260571,USB,sell
-3.680918770621174,,2014-04-01,76.67536983337402,,0.048006534283699054,AXP,buy
-36.46541643927742,,2014-04-01,130.3552534515381,,0.27973875600521225,GS,buy
-4.647253001611513,,2014-04-01,233.10339637145995,,0.01993644483071333,BLK,buy
-21.026523466167088,,2014-04-01,20.26010759487152,,1.0378288154545423,WMT,buy
-10.50339320047945,,2014-04-01,56.49712377700805,,0.18591022866820506,PG,buy
-31.99819124393082,,2014-04-01,26.07805823192596,,1.2270158674911293,KO,buy
-5.7997392465400175,,2014-04-01,56.64731428604126,,0.10238330483337954,PEP,buy
-2.768363564508111,,2014-04-01,70.98338469085692,,0.039000162877055544,MCD,buy
-23.373626057641232,,2014-04-01,59.12994309196472,,0.39529255120858586,HD,buy
-11.11940148371729,,2014-04-01,39.406605092239374,,0.28217100807567697,LOW,buy
-32.03325761443746,,2014-04-01,89.04838951263427,,0.3597286575283043,COST,buy
-33.298575857942005,,2014-04-01,102.97188646697997,,0.3233754085744547,GE,buy
-35.555498594866364,,2014-04-01,110.27259427871704,,0.32243277513721,BA,buy
35.266958758629656,39.07928109397888,2014-04-01,73.32985110397338,16.47232909677329,0.4809359111969984,CAT,sell
-14.627176842235997,,2014-04-01,77.56164805831908,,0.18858775191622712,MMM,buy
2.6814593247239844,26.48581989059448,2014-04-01,67.9364809753418,1.636061510486709,0.039470094509270304,HON,sell
-33.357925376172005,,2014-04-01,61.46120563964843,,0.5427476573068217,UPS,buy
-17.967311167393433,,2014-04-01,58.5794290649414,,0.306717075502303,XOM,buy
-25.9202119338781,,2014-04-01,70.37990468902588,,0.36828995504337136,CVX,buy
-5.098412742241914,,2014-04-01,46.944577566909786,,0.10860493387069425,COP,buy
31.191061141917363,45.088665079116815,2014-04-01,69.86169945602417,11.060384100838078,0.4464686857718254,SLB,sell
-3.6998846388840483,,2014-04-01,11.077825041961669,,0.33399016728186837,T,buy
-18.62093913082352,,2014-04-01,24.911615767478942,,0.7474801837274789,VZ,buy
72.85890964687464,6.405439686203002,2014-07-01,20.470830745124815,50.06094130078229,3.5591574447571546,AAPL,sell
-9.68652283169826,,2014-07-01,35.04867538871765,,0.27637343563678307,MSFT,buy
67.37479755754967,13.528888035583496,2014-07-01,23.44147475223541,28.490465312656617,2.874170600172018,INTC,sell
18.645728220658132,15.841460751724242,2014-07-01,17.342105791282652,1.6134499408572331,1.075170942045041,CSCO,sell
-23.262605269093317,,2014-07-01,34.05382741317749,,0.6831127963046999,ORCL,buy
-32.43360921327368,,2014-07-01,109.25651028747558,,0.2968574515874103,IBM,buy
-16.969308833594454,,2014-07-01,56.81565637779235,,0.29867311081927905,QCOM,buy
-5.980141328332175,,2014-07-01,34.82879883499145,,0.17170104994617574,TXN,buy
19.811415620681892,39.80646670875549,2014-07-01,75.65412781677246,9.38736502204218,0.261868270673391,JNJ,sell
-38.21820005580276,,2014-07-01,16.77988040008545,,2.2776205279513277,PFE,buy
1.9493875594707264,20.209601913452147,2014-07-01,38.26442538757324,0.9198060055103272,0.050945167468889,MRK,sell
14.919139569239057,18.09145154418945,2014-07-01,32.421929864501955,6.594252934609541,0.4601558152642138,ABT,sell
12.659321047725973,23.3914693862915,2014-07-01,50.21986068763733,6.762846691077391,0.2520779801932491,LLY,sell
-34.16161246157342,,2014-07-01,85.1794416885376,,0.4010546651208031,AMGN,buy
-41.857534446694594,,2014-07-01,32.281984811019896,,1.2966220847859997,BMY,buy
-14.997394228729313,,2014-07-01,66.82462995681762,,0.2244291399506544,UNH,buy
-33.320019563391405,,2014-07-01,41.915669168472284,,0.7949299205857301,JPM,buy
-59.001801324938036,,2014-07-01,12.118853621482849,,4.868595922335981,BAC,buy
10.7695149368379,17.74646649494171,2014-07-01,37.53997634468079,5.678386635675588,0.2868812392942246,WFC,sell
-20.11441758021492,,2014-07-01,34.833078104019165,,0.5774516257262388,C,buy
-11.41415052763831,,2014-07-01,28.623734680366514,,0.39876524342812125,USB,buy
3.080854396207872,32.315150100326534,2014-07-01,80.28116616210937,1.8407344900062954,0.03837580522917161,AXP,sell
-13.539898446472641,,2014-07-01,131.5015631195068,,0.10296378328345623,GS,buy
-7.30494192258386,,2014-07-01,238.6238748245239,,0.030612787291111054,BLK,buy
-22.807934577190196,,2014-07-01,19.989879963111875,,1.1409740638402326,WMT,buy
-19.446121897510615,,2014-07-01,56.19712067832946,,0.34603413240367953,PG,buy
28.507370958292945,17.115163609695433,2014-07-01,28.887816807746887,11.61761008503025,0.9868302318591304,KO,sell
17.700901221539965,36.866937180328364,2014-07-01,61.28892728691101,7.0533333449672995,0.2888107526939896,PEP,sell
-0.479766323782615,,2014-07-01,73.82135315551757,,0.006499018282310587,MCD,buy
-1.8258891371461026,,2014-07-01,61.30393009643554,,0.02978421015216881,HD,buy
-26.66159976297374,,2014-07-01,38.51836855773926,,0.692178842491936,LOW,buy
-2.496483152198128,,2014-07-01,92.17976848220825,,0.027082766569108685,COST,buy
-5.117878723715302,,2014-07-01,105.9483032180786,,0.048305433577175094,GE,buy
-15.069787419530392,,2014-07-01,110.83944282150267,,0.13596051221404082,BA,buy
24.711329474223916,39.07928109397888,2014-07-01,80.67886731262207,12.741639976884638,0.3062924691105309,CAT,sell
10.113219096258636,42.404643413162226,2014-07-01,82.5116136428833,4.9157998409267085,0.12256721993135944,MMM,sell
-9.159973423205207,,2014-07-01,69.34145855865478,,0.1320995204543749,HON,buy
9.39363750397722,32.45813341941833,2014-07-01,65.2780343536377,4.722848280362164,0.14390196636571595,UPS,sell
1.2786947378800206,37.16279843521118,2014-07-01,61.08213625946045,0.5007279260751947,0.020934021240653244,XOM,sell
27.270561659567072,40.565523525238035,2014-07-01,77.75506549301147,13.043262080647029,0.350723923729678,CVX,sell
81.31454437859566,22.489099048423764,2014-07-01,57.92234709777832,49.7431227385042,1.403854443973569,COP,sell
69.65213871218641,45.088665079116815,2014-07-01,84.37096792144776,32.42935898347816,0.8255462800549465,SLB,sell
-5.175115457730731,,2014-07-01,11.396517017841338,,0.45409623393086207,T,buy
1.8043709550587574,13.10234397420883,2014-07-01,26.007193817710874,0.8953344370876525,0.06937968654772675,VZ,sell
26.332515808326175,6.405439686203002,2014-10-01,21.817741861152648,18.601590084223332,1.2069313119526939,AAPL,sell
42.572583449660385,23.00032281990051,2014-10-01,38.60801481513977,17.210410146842307,1.1026877101426606,MSFT,sell
43.16459815387725,13.528888035583496,2014-10-01,25.890105503082275,20.608915039521595,1.6672237256328835,INTC,sell
3.4717757867650283,15.841460751724242,2014-10-01,17.572567600250242,0.342011194819936,0.19756792893006647,CSCO,sell
-29.791251719494355,,2014-10-01,31.90792669048309,,0.9336630364134546,ORCL,buy
2.187892730019727,71.47648169250488,2014-10-01,110.2318199295044,0.7692200204297943,0.01984810494300948,IBM,sell
-32.07208299989085,,2014-10-01,52.9381958240509,,0.6058401216861995,QCOM,buy
-14.10564507108032,,2014-10-01,33.88709625053406,,0.41625416845381125,TXN,buy
-5.877436015002416,,2014-10-01,75.1414904724121,,0.07821825170157215,JNJ,buy
-12.069667805234316,,2014-10-01,16.40454346141815,,0.7357515211332135,PFE,buy
2.3607049012540466,20.209601913452147,2014-10-01,38.67527803115845,1.127128603469107,0.06103911908150117,MRK,sell
19.307355580300946,23.3914693862915,2014-10-01,52.71382596931457,10.73982308418214,0.36626739238278816,LLY,sell
67.08881463175186,38.55038863677978,2014-10-01,98.61950136566162,40.86377960905971,0.6802793940622331,AMGN,sell
22.729703146103326,14.392222927188872,2014-10-01,34.0911326133728,13.133924723088336,0.6667335874076308,BMY,sell
15.50197151536565,24.137440266799924,2014-10-01,69.46181782608032,10.115157245594517,0.22317255724835405,UNH,sell
14.32383809681651,28.172094290351865,2014-10-01,43.456577672195436,5.037959201630553,0.3296126585223771,JPM,sell
33.18195504620611,4.248800708580017,2014-10-01,13.08855078907013,22.41044058410676,2.5351893865832267,BAC,sell
-11.42710354076138,,2014-10-01,36.80709230918884,,0.31045928444362936,WFC,buy
4.8981104063650855,29.917341292762753,2014-10-01,37.45966456031799,0.9862109690142993,0.13075692118059656,C,sell
26.27364926625808,32.550654956817624,2014-10-01,37.45966456031799,3.4431060203270114,0.7013850650998741,C,sell
-20.798632611755536,,2014-10-01,27.410395855522154,,0.7587862912080272,USB,buy
-43.68531987599036,,2014-10-01,72.76566779327392,,0.6003562009504213,AXP,buy
5.682027345195785,128.84690464477538,2014-10-01,142.69337962646483,0.5513643988703798,0.03981983859426341,GS,sell
13.87630697026901,127.0018869239807,2014-10-01,142.69337962646483,1.5259290243975858,0.0972456255966021,GS,sell
15.843805223441992,98.08885495223998,2014-10-01,142.69337962646483,4.952615201017782,0.11103391947767349,GS,sell
1.387957488090276,155.88467770996093,2014-10-01,240.31620366668702,0.4876382320231001,0.005775546829190681,BLK,sell
5.4441704155168456,12.88737369213104,2014-10-01,20.317623474884034,1.9909585438065216,0.26795311086686624,WMT,sell
22.531103742021955,37.60686135063171,2014-10-01,59.320922615432735,8.247372856783128,0.37981714964359536,PG,sell
5.524352977686532,17.115163609695433,2014-10-01,29.407901178359985,2.309223666779143,0.18785267755699842,KO,sell
18.108632245538857,36.866937180328364,2014-10-01,64.16384748458862,7.703866421944792,0.28222485021473087,PEP,sell
-28.20487281099376,,2014-10-01,69.43810667037964,,0.40618723872874796,MCD,buy
49.08794570940414,19.169321537971495,2014-10-01,68.44571441116332,35.34007817617281,0.7171807049090866,HD,sell
40.42143241766069,17.037955442237852,2014-10-01,42.24002263069153,24.117024381119432,0.9569462774930084,LOW,sell
34.26251535998278,42.00601480636596,2014-10-01,99.78404511108398,19.83904990603609,0.3433666707121388,COST,sell
-19.28646568876718,,2014-10-01,101.82469880447387,,0.18940852185383328,GE,buy
-11.588209700235659,,2014-10-01,108.4825542854309,,0.10682095177945072,BA,buy
-46.019314503987815,,2014-10-01,72.6936340675354,,0.633058383918927,CAT,buy
-16.040464345616584,,2014-10-01,80.02645357513427,,0.2004395250447617,MMM,buy
-13.817216819761521,,2014-10-01,67.51247378158568,,0.2046616876232763,HON,buy
-24.586220644425513,,2014-10-01,62.03063854026794,,0.3963560785927598,UPS,buy
-36.096914848733206,,2014-10-01,56.42857149047851,,0.6396921611744864,XOM,buy
-42.02875424570905,,2014-10-01,70.77189489364623,,0.5938622147798718,CVX,buy
-55.344512824141525,,2014-10-01,50.94884343605041,,1.0862761368392677,COP,buy
-71.27587105493551,,2014-10-01,71.12592519531249,,1.002108174469594,SLB,buy
-1.3181800825988934,,2014-10-01,11.422633537960051,,0.11540071544957442,T,buy
2.9090462549412295,13.10234397420883,2014-10-01,26.319192977714536,1.460851217145136,0.1105294625638571,VZ,sell
18.852252408425503,6.405439686203002,2015-01-02,24.154838420677184,13.852965572050987,0.7804752025286774,AAPL,sell
-17.04398414620662,,2015-01-02,39.63490275878906,,0.4300246237497607,MSFT,buy
5.555945855001221,13.528888035583496,2015-01-02,27.8769396818161,2.8596036358764385,0.19930257475949986,INTC,sell
20.402790636988556,15.841460751724242,2015-01-02,19.51717595615387,3.8425050799179274,1.0453761693200008,CSCO,sell
45.2479207526918,19.892128632164,2015-01-02,37.198003216552735,21.050991290897926,1.2164072487782605,ORCL,sell
-84.27681104097199,,2015-01-02,96.23140788269042,,0.8757724000433256,IBM,buy
-23.123388181189167,,2015-01-02,53.53594213981628,,0.43192269075604095,QCOM,buy
37.112528319718585,16.86423849697113,2015-01-02,38.876328145980835,21.013412002478773,0.9546304934036165,TXN,sell
-24.28731564460106,,2015-01-02,75.79040478286743,,0.3204537000980796,JNJ,buy
8.774555608190463,8.902025742244719,2015-01-02,17.7591968170166,4.3761967913083755,0.49408516041574657,PFE,sell
-36.19267079429141,,2015-01-02,38.01195276069641,,0.9521392132138473,MRK,buy
14.064415093037022,18.09145154418945,2015-01-02,35.72917966575623,6.942905824328192,0.3936394628874371,ABT,sell
8.887336087173463,23.3914693862915,2015-01-02,57.16035721321106,5.250412524338307,0.15548076534972033,LLY,sell
40.32597450806652,38.55038863677978,2015-01-02,114.02189725570679,26.691909237634164,0.3536686853897111,AMGN,sell
52.96100990916879,14.392222927188872,2015-01-02,40.39960269012451,34.09382780076308,1.3109289790643128,BMY,sell
55.91674364651606,24.137440266799924,2015-01-02,82.78460814285278,39.613144584324075,0.6754485513783717,UNH,sell
-2.070861607408849,,2015-01-02,46.099034471130366,,0.04492201693954634,JPM,buy
1.4329120077627113,4.248800708580017,2015-01-02,13.969687482833862,0.9970999996990928,0.10257294656902616,BAC,sell
4.429025248711495,17.74646649494171,2015-01-02,39.48162847366333,2.4382373501338024,0.11217939634039986,WFC,sell
-0.8791859360950215,,2015-01-02,39.83945639915466,,0.02206822119474694,C,buy
12.399111763513087,13.849085008621214,2015-01-02,29.900558014869688,6.656197107576141,0.4146782731394829,USB,sell
8.742924408169571,32.315150100326534,2015-01-02,78.76925527038574,5.156132663141757,0.1109941230008884,AXP,sell
6.678896559752136,98.08885495223998,2015-01-02,154.0099153930664,2.4251099498541873,0.043366665988395336,GS,sell
19.9254083787711,155.88467770996093,2015-01-02,266.6478715026855,8.276840378359346,0.07472554821638777,BLK,sell
30.961846327183085,12.88737369213104,2015-01-02,23.056151253318784,13.65553707232393,1.3428887582755742,WMT,sell
14.049933943870974,37.60686135063171,2015-01-02,65.02446594314576,5.924162972146663,0.2160715007818066,PG,sell
-31.238549104028216,,2015-01-02,29.236380181694027,,1.0684821072202304,KO,buy
-16.670257815950336,,2015-01-02,65.92525052642821,,0.2528660518213357,PEP,buy
-28.563577389599317,,2015-01-02,69.360308719635,,0.41181445003449557,MCD,buy
34.01900093552907,19.169321537971495,2015-01-02,78.1492976989746,25.67444523848835,0.4353078266495469,HD,sell
100.0950760245563,17.037955442237852,2015-01-02,54.605125033950806,68.86329248347923,1.8330710892488948,LOW,sell
32.37179065932101,42.00601480636596,2015-01-02,113.55495444717407,20.39688455008028,0.2850759864852961,COST,sell
-25.70455077328687,,2015-01-02,102.37480437316894,,0.2510827828260416,GE,buy
-6.843624866981882,,2015-01-02,113.73676371688842,,0.06017073673748019,BA,buy
-50.65950481014232,,2015-01-02,68.94756730499267,,0.7347540571815641,CAT,buy
52.97884699827079,42.404643413162226,2015-01-02,94.70570851593017,29.257477393351277,0.5594050013295595,MMM,sell
15.472271035077743,26.48581989059448,2015-01-02,74.11916178588866,9.943393292000637,0.20874859701966386,HON,sell
35.846462324299154,32.45813341941833,2015-01-02,70.98429565658569,19.45538249496358,0.5049914490624863,UPS,sell
-25.05016799231153,,2015-01-02,56.81767194786072,,0.4408869130593569,XOM,buy
-43.07159339060446,,2015-01-02,68.35005003128052,,0.6301618414455099,CVX,buy
-59.62078113014105,,2015-01-02,47.281677843475336,,1.2609700807893063,COP,buy
-84.73751908864976,,2015-01-02,61.93067695350646,,1.3682640535685602,SLB,buy
-34.289645074728355,,2015-01-02,11.260610143852233,,3.0450965477611263,T,buy
-45.3131445249021,,2015-01-02,25.319362156677244,,1.7896637460494667,VZ,buy
68.33068020585867,6.405439686203002,2015-04-01,27.559527443504333,52.44912883771232,2.479385045550334,AAPL,sell
-54.663357178002215,,2015-04-01,34.76088404884338,,1.5725537101183438,MSFT,buy
-65.66511355336795,,2015-04-01,23.824555461311338,,2.756194702562297,INTC,buy
0.1305470884247055,15.841460751724242,2015-04-01,19.410124708557127,0.024001839046677298,0.006725721260675499,CSCO,sell
-10.708808235029762,,2015-04-01,36.18004006271362,,0.29598663286351723,ORCL,buy
-2.3856971688205215,,2015-04-01,95.18434977111815,,0.02506396455464799,IBM,buy
-25.22296917339211,,2015-04-01,50.33194156990051,,0.5011324496266987,QCOM,buy
32.40541606028668,16.86423849697113,2015-04-01,41.357214363098144,19.191453914860542,0.7835492926525802,TXN,sell
-18.175959150569007,,2015-04-01,72.39971967010497,,0.25105013159428236,JNJ,buy
51.782604264497756,8.902025742244719,2015-04-01,19.631390002441407,28.30132881198508,2.6377451753573204,PFE,sell
3.744604178603026,20.209601913452147,2015-04-01,38.04513091163635,1.7554676462887073,0.09842531984711123,MRK,sell
15.47336601932601,18.09145154418945,2015-04-01,36.710258176803585,7.847823038507929,0.4214997874654909,ABT,sell
15.853384317610464,23.3914693862915,2015-04-01,58.77654991493225,9.54416823617646,0.2697229480218759,LLY,sell
-3.0233027686622704,,2015-04-01,112.78317003250122,,0.026806329063024492,AMGN,buy
37.250451749604906,14.392222927188872,2015-04-01,43.3979791934967,24.89695475085191,0.8583453064373785,BMY,sell
81.53695410543904,24.137440266799924,2015-04-01,96.80077567062378,61.20557405582544,0.8423171564541825,UNH,sell
-13.29408392931574,,2015-04-01,44.519216909027094,,0.29861450520303556,JPM,buy
-60.93215311712864,,2015-04-01,12.080924257469176,,5.043666512473713,BAC,buy
-0.7596214689921557,,2015-04-01,39.24460364799499,,0.019356074425049385,WFC,buy
-19.908616541397606,,2015-04-01,37.909124330902095,,0.5251668798154974,C,buy
-8.674084081926868,,2015-04-01,29.212930092811582,,0.2969261917366275,USB,buy
-65.4641129400816,,2015-04-01,67.35280856628417,,0.9719581756662183,AXP,buy
-1.0932466141929664,,2015-04-01,152.97500381317138,,0.007146570269271901,GS,buy
13.087404146640804,155.88467770996093,2015-04-01,272.60362997131347,5.603550106715533,0.04800891370381977,BLK,sell
-22.85735550473117,,2015-04-01,21.82377387485504,,1.0473603527878836,WMT,buy
-36.165047273970956,,2015-04-01,59.69082890663147,,0.6058727602952274,PG,buy
-9.733893640475836,,2015-04-01,28.457627657318113,,0.34204866820557633,KO,buy
9.03315464659073,36.866937180328364,2015-04-01,66.73035563964844,4.042551169300372,0.13536799796738386,PEP,sell
21.995411729675865,39.805810121536254,2015-04-01,72.13511610488891,9.857839488391994,0.3049196135997505,MCD,sell
48.98375735638662,19.169321537971495,2015-04-01,85.91823155136107,38.054931448916264,0.5701206422888792,HD,sell
50.48765727787273,17.037955442237852,2015-04-01,60.20982631416321,36.200845510720626,0.8385285321109865,LOW,sell
48.663131237416955,42.00601480636596,2015-04-01,124.76543962326049,32.27923344123615,0.3900369476063186,COST,sell
2.8400650693108536,53.495573477935785,2015-04-01,102.26560605697631,1.3544149523713354,0.027771458839529473,GE,sell
72.96298984382625,43.80819021110534,2015-04-01,130.71640256195067,48.510232004698736,0.5581777681591777,BA,sell
-56.12639547579621,,2015-04-01,60.25259653320312,,0.9315182864337954,CAT,buy
1.1831126622291037,42.404643413162226,2015-04-01,94.40028891448975,0.6516580328384352,0.012532934759350134,MMM,sell
19.06389817419079,26.48581989059448,2015-04-01,76.72580296096801,12.483022458740605,0.24846788744444925,HON,sell
-52.86567967843626,,2015-04-01,62.61636396560669,,0.844278976458515,UPS,buy
-36.16859668161331,,2015-04-01,52.08379643554687,,0.6944308817113889,XOM,buy
-25.317376398615536,,2015-04-01,64.24562407226561,,0.3940716082100426,CVX,buy
-32.60009841077292,,2015-04-01,43.704086780548096,,0.745927916866636,COP,buy
-2.199938261635313,,2015-04-01,61.28149924468994,,0.035898897526172036,SLB,buy
-2.2599931321611666,,2015-04-01,11.141122722053527,,0.20285147094624278,T,buy
27.863338557554993,13.10234397420883,2015-04-01,26.650845042800903,14.164896895963567,1.0454954997789692,VZ,sell
5.4030811569805515,6.405439686203002,2015-07-01,28.1980800825119,4.175724174894278,0.19161166792811102,AAPL,sell
40.37469160213512,23.00032281990051,2015-07-01,38.13819773826599,16.025587667648686,1.0586418340797774,MSFT,sell
-11.530246786486947,,2015-07-01,23.506143107604977,,0.49052057301380714,INTC,buy
-0.04503090295706426,,2015-07-01,19.65898481750488,,0.002290601644748591,CSCO,buy
-32.96583067077892,,2015-07-01,34.02396414680481,,0.9689003470771276,ORCL,buy
13.741644086993807,71.47648169250488,2015-07-01,98.96521409225464,3.8169005190839034,0.13885327499199818,IBM,sell
-46.03022401406543,,2015-07-01,45.914422758865356,,1.0025221106624436,QCOM,buy
-40.683323610715405,,2015-07-01,38.257806500625605,,1.0633992727745678,TXN,buy
-5.154976385722885,,2015-07-01,72.4275253753662,,0.07117427192226256,JNJ,buy
-10.212270564690431,,2015-07-01,19.452031961631775,,0.5249976241471153,PFE,buy
4.2683934263625325,20.209601913452147,2015-07-01,38.83340472221374,2.0470447557053255,0.1099155084880028,MRK,sell
33.858580221133565,18.09145154418945,2015-07-01,39.81679713363647,18.4743477483459,0.8503592116536787,ABT,sell
84.698659865414,23.3914693862915,2015-07-01,70.20381362915039,56.477598830645746,1.2064680746950902,LLY,sell
-9.305855900592649,,2015-07-01,111.81687214889526,,0.08322407631114004,AMGN,buy
27.372850579453694,14.392222927188872,2015-07-01,46.46258966560364,18.893853379179788,0.5891374281214006,BMY,sell
20.11355150623639,24.137440266799924,2015-07-01,102.11891925888061,15.359391830846322,0.19696204828849329,UNH,sell
60.82816483264977,28.172094290351865,2015-07-01,50.80838047256469,27.10032743189246,1.197207316330335,JPM,sell
50.613631207298724,4.248800708580017,2015-07-01,13.521451243686675,34.70947800201415,3.743209977622101,BAC,sell
23.48033465173551,17.74646649494171,2015-07-01,41.62769292526245,13.470340272869366,0.5640556322420185,WFC,sell
13.689428841984963,32.550654956817624,2015-07-01,40.87222541885376,2.787162811082439,0.3349323092074705,C,sell
17.87735224253232,31.373405524826047,2015-07-01,40.87222541885376,4.154746833422346,0.43739610601887513,C,sell
4.407085168122738,13.849085008621214,2015-07-01,29.785227044677733,2.3579452692723923,0.1479621142894807,USB,sell
-6.723417573434706,,2015-07-01,67.15085455322266,,0.10012408059685729,AXP,buy
17.407024567732996,98.08885495223998,2015-07-01,167.35507468414306,7.204554692248429,0.10401252905288993,GS,sell
0.28687749161976384,110.75262061386107,2015-07-01,167.35507468414306,0.09702705504360751,0.0017141845991894833,GS,sell
21.217515836441457,120.66862220611571,2015-07-01,167.35507468414306,5.918975248700203,0.12678143089766625,GS,sell
-22.01063254259308,,2015-07-01,263.16708981018064,,0.08363748126131232,BLK,buy
-53.45656949842626,,2015-07-01,19.558828544998168,,2.7331171381476658,WMT,buy
-16.366725456948956,,2015-07-01,58.270470421981805,,0.2808751214538816,PG,buy
-15.068701684593242,,2015-07-01,27.860133287811276,,0.5408696910716415,KO,buy
-4.7143890980029175,,2015-07-01,66.91300201568603,,0.07045550126263578,PEP,buy
-3.8779589331299738,,2015-07-01,72.46285892944336,,0.0535165047366668,MCD,buy
-7.237802270760669,,2015-07-01,85.68517417678832,,0.0844697153305356,HD,buy
-48.56783314741392,,2015-07-01,54.672330469512936,,0.8883439343142125,LOW,buy
-46.617972143142254,,2015-07-01,113.81614969253539,,0.4095901352231359,COST,buy
32.8282775120469,53.495573477935785,2015-07-01,110.69209931488037,16.9629398531767,0.29657290552112414,GE,sell
-27.195369133634127,,2015-07-01,124.72783526382446,,0.21803769043301724,BA,buy
23.779112214255946,39.07928109397888,2015-07-01,63.95019862060547,9.247951554392833,0.37183797278456066,CAT,sell
-22.126124482166475,,2015-07-01,91.10895107498168,,0.24285346523149975,MMM,buy
-4.877784940664494,,2015-07-01,76.90873314666747,,0.06342303066366206,HON,buy
-13.067123470280311,,2015-07-01,51.215074283981316,,0.25514213643086237,XOM,buy
-39.593437776508694,,2015-07-01,59.49876569290161,,0.665449733543503,CVX,buy
-22.32547441479778,,2015-07-01,42.10251022338867,,0.5302646872203738,COP,buy
-2.6542310536632368,,2015-07-01,61.63553336372375,,0.04306332579293315,SLB,buy
41.98239757231066,6.590213636589049,2015-07-01,12.26220531206131,19.419329842103554,3.4237232621619924,T,sell
-18.50276458354634,,2015-07-01,25.930188682365415,,0.7135607384195275,VZ,buy
-27.198964057464853,,2015-10-01,24.551966300773618,,1.1078120474859006,AAPL,buy
30.750556497829216,23.00032281990051,2015-10-01,38.527878384017946,12.393129200844946,0.7981378105311165,MSFT,sell
8.006428156624933,21.77143394832611,2015-10-01,38.527878384017946,3.482134863426478,0.2078086957403329,MSFT,sell
35.045727734480394,13.528888035583496,2015-10-01,23.527100502204895,14.893234799752022,1.4895897491148986,INTC,sell
9.78216924076383,15.841460751724242,2015-10-01,18.61760048789978,1.4586556819139282,0.5254258864949648,CSCO,sell
-11.028240774742095,,2015-10-01,30.756152460861205,,0.3585702336719816,ORCL,buy
-22.176110067516298,,2015-10-01,87.22997120895386,,0.25422580977809606,IBM,buy
-35.11877950806513,,2015-10-01,39.14629498138427,,0.8971163049981001,QCOM,buy
5.650283409808689,16.86423849697113,2015-10-01,35.89416419334412,2.9955976373464828,0.15741509899418205,TXN,sell
12.152148328059567,39.80646670875549,2015-10-01,68.95683861236571,5.13712128222838,0.1762283273508478,JNJ,sell
11.711155307456231,8.902025742244719,2015-10-01,18.501611943054197,6.076348657134096,0.6329802691517799,PFE,sell
-29.535104126520512,,2015-10-01,33.61841083526611,,0.8785395678351886,MRK,buy
-47.08608796245955,,2015-10-01,32.97770386505127,,1.4278158405188393,ABT,buy
38.62399203850196,23.3914693862915,2015-10-01,70.90119346847534,25.88130206182767,0.5447579955854378,LLY,sell
-8.672993781082697,,2015-10-01,101.63898387298583,,0.08533137041118977,AMGN,buy
-16.1667967357678,,2015-10-01,41.54920951805114,,0.3890999834483999,BMY,buy
10.186219806737144,24.137440266799924,2015-10-01,96.93301488647461,7.649733425728902,0.10508514378374567,UNH,sell
-11.801662855418071,,2015-10-01,45.90896392326355,,0.2570666346368533,JPM,buy
-10.103577863572507,,2015-10-01,12.266609604358672,,0.8236650704186772,BAC,buy
-8.294604253184392,,2015-10-01,37.925264160919184,,0.21870920181306808,WFC,buy
-14.39657040603775,,2015-10-01,36.70450055618286,,0.392229023359171,C,buy
4.620024411214611,13.849085008621214,2015-10-01,27.91866994113922,2.328256538758238,0.16548153694122902,USB,sell
7.028085447413116,32.315150100326534,2015-10-01,63.19940465927124,3.434481403585177,0.11120493120629593,AXP,sell
-40.40572589658951,,2015-10-01,140.99648616638183,,0.2865725735101585,GS,buy
-32.666091978097874,,2015-10-01,225.75048987579345,,0.14469998269359485,BLK,buy
-12.773586330538004,,2015-10-01,17.607529585456845,,0.725461585541705,WMT,buy
-8.228712319799731,,2015-10-01,53.02172364349365,,0.1551951116325032,PG,buy
41.61720927830256,17.115163609695433,2015-10-01,28.2753193731308,16.426146486843983,1.4718563822076636,KO,sell
34.25873340888851,36.866937180328364,2015-10-01,66.8603838798523,15.368405546985429,0.5123921135489029,PEP,sell
52.99884495298088,39.805810121536254,2015-10-01,75.30116461486816,24.98251918100808,0.7038250367580146,MCD,sell
57.190896535173906,19.169321537971495,2015-10-01,89.80722335357666,44.98351895696547,0.6368184473314553,HD,sell
53.757886236903474,17.037955442237852,2015-10-01,56.90227536277771,37.66143904680746,0.9447405379516489,LOW,sell
63.02768323084301,42.00601480636596,2015-10-01,120.70787998809814,41.094220433991765,0.5221505276793659,COST,sell
12.106594205682198,53.495573477935785,2015-10-01,105.52467564926147,5.96917472618289,0.1147276135291957,GE,sell
3.0640332657916396,43.80819021110534,2015-10-01,116.33414321136475,1.910203887626404,0.026338211476098383,BA,sell
-71.94026084280816,,2015-10-01,49.57231214828491,,1.4512185880621091,CAT,buy
-7.776287724520281,,2015-10-01,82.99014322280883,,0.09370134117786488,MMM,buy
-0.9440952134455184,,2015-10-01,71.17563495559692,,0.013264303353731854,HON,buy
45.333265658050884,32.45813341941833,2015-10-01,64.7822192527771,22.619730956106057,0.6997794484496227,UPS,sell
-9.353384092122793,,2015-10-01,46.479038141632074,,0.20123876194728751,XOM,buy
-47.80232042414618,,2015-10-01,49.11921734123229,,0.9731897821592392,CVX,buy
-53.66900773726758,,2015-10-01,34.23110596237182,,1.5678432299634917,COP,buy
-56.12689928806905,,2015-10-01,49.78927605056762,,1.127288921234057,SLB,buy
1.5257543086466572,6.590213636589049,2015-10-01,11.412757045555114,0.6447185684839591,0.1336884945991983,T,sell
-1.2481590872395056,,2015-10-01,23.98043384799957,,0.05204906196238923,VZ,buy
-40.84978746147467,,2016-01-04,23.705258907890318,,1.7232373466242876,AAPL,buy
36.012610233793964,21.77143394832611,2016-01-04,47.64757731170654,19.55749941288711,0.7558119901501481,MSFT,sell
40.99905670805981,17.369743851852416,2016-01-04,47.64757731170654,26.05300586212092,0.8604646662273581,MSFT,sell
35.42988298256252,13.528888035583496,2016-01-04,26.843973765563963,17.57384854552234,1.319844941437573,INTC,sell
-10.872250073514211,,2016-01-04,19.285522206306457,,0.5637519148928689,CSCO,buy
-28.247743563063295,,2016-01-04,30.586485742568968,,0.9235367475953371,ORCL,buy
-45.13007270062701,,2016-01-04,83.3634206916809,,0.5413654133452646,IBM,buy
-46.83101592910798,,2016-01-04,37.258030303573605,,1.2569375124646935,QCOM,buy
30.28808131713031,16.86423849697113,2016-01-04,40.52969192276001,17.685334967091997,0.7473059843349468,TXN,sell
11.72399554714278,39.80646670875549,2016-01-04,74.91533411636352,5.494418599437505,0.15649660627465511,JNJ,sell
-20.821759728642007,,2016-01-04,18.741608407783506,,1.1109910780119918,PFE,buy
5.542753099114956,20.209601913452147,2016-01-04,35.994546299743654,2.4307029372696265,0.1539886918689799,MRK,sell
-34.961536414283124,,2016-01-04,69.51304159545897,,0.5029493115514461,LLY,buy
32.77122994221697,38.55038863677978,2016-01-04,115.18471034088134,21.803249498988365,0.28451024311501705,AMGN,sell
27.33748775539431,14.392222927188872,2016-01-04,46.567595760726924,18.888539261971182,0.5870495847769224,BMY,sell
-24.53108011867901,,2016-01-04,97.36268475723266,,0.25195566638127964,UNH,buy
-3.9708837053957904,,2016-01-04,48.21779943656921,,0.0823530677840143,JPM,buy
0.06360932818592947,4.248800708580017,2016-01-04,12.979103682518005,0.042786368043257764,0.004900903000844892,BAC,sell
-10.34129918877015,,2016-01-04,39.27719251480102,,0.263290182588106,WFC,buy
-14.628471000128291,,2016-01-04,37.65117335319519,,0.3885262980492712,C,buy
-19.532077239178122,,2016-01-04,28.363708963394163,,0.6886291656844303,USB,buy
-61.431348600998746,,2016-01-04,58.11101516189575,,1.0571377634662316,AXP,buy
-21.581203570381767,,2016-01-04,142.37947262268065,,0.1515752458753239,GS,buy
10.194390905283496,155.88467770996093,2016-01-04,255.2888850036621,3.9694847927565906,0.03993276442543614,BLK,sell
21.52080898979757,138.53805565338135,2016-01-04,255.2888850036621,9.842074784461538,0.08429982758351917,BLK,sell
-41.38273459516536,,2016-01-04,16.978738528060912,,2.437326808865791,WMT,buy
17.201354177007914,37.60686135063171,2016-01-04,58.190313534164424,6.084573697761176,0.2956051124713177,PG,sell
6.1148879025528275,17.115163609695433,2016-01-04,30.353461128044128,2.6669349173677492,0.20145603418198554,KO,sell
0.16341581934111482,36.866937180328364,2016-01-04,70.85837678146362,0.07839212814788386,0.0023062314826249874,PEP,sell
60.91776574593633,39.805810121536254,2016-01-04,90.33542543563843,34.07468613882661,0.6743507926393573,MCD,sell
28.455961717637777,19.169321537971495,2016-01-04,101.02654480819702,23.05657405300741,0.2816681672293413,HD,sell
10.169418163308109,17.037955442237852,2016-01-04,61.61551126213074,7.357364996974679,0.16504639748981997,LOW,sell
20.44151706506038,42.00601480636596,2016-01-04,133.56051014556886,14.012471027697691,0.1530506063714565,COST,sell
73.34083669362198,53.495573477935785,2016-01-04,129.61105197143553,43.07019187899916,0.5658532631135906,GE,sell
9.970611567884417,43.80819021110534,2016-01-04,125.91690049209595,6.501701148553167,0.07918406130486266,BA,sell
3.6010193728813595,39.07928109397888,2016-01-04,52.854787102890015,0.9385311478554836,0.06813043000005692,CAT,sell
-4.268643624261386,,2016-01-04,87.10704433898925,,0.049004574275868684,MMM,buy
12.973251737197563,26.48581989059448,2016-01-04,77.42207731246948,8.535148022671994,0.16756527579127756,HON,sell
-39.415988349579514,,2016-01-04,62.84957076683044,,0.6271480913658323,UPS,buy
-1.9111034547896375,,2016-01-04,49.036624776840206,,0.03897298118471326,XOM,buy
38.48347316674069,40.565523525238035,2016-01-04,56.31048485870361,10.760354816837246,0.6834157664119722,CVX,sell
-31.683097466176076,,2016-01-04,33.77193772354126,,0.9381486406120807,COP,buy
-13.114859972734722,,2016-01-04,51.24667063522338,,0.2559163319328004,SLB,buy
7.224238864601017,6.590213636589049,2016-01-04,12.280702219963073,3.3474835596740506,0.5882594281015585,T,sell
9.638068928836375,13.10234397420883,2016-01-04,25.901122261047362,4.762554536834035,0.37211008973657655,VZ,sell
5.5825914142701825,6.405439686203002,2016-04-01,24.84880268383026,4.143530021582171,0.224662390590872,AAPL,sell
4.09277128824179,10.27397046289444,2016-04-01,24.84880268383026,2.400576623500824,0.16470698167300668,AAPL,sell
-3.388409465014438,,2016-04-01,48.73218971443176,,0.0695312376659114,MSFT,buy
-30.227131933176345,,2016-04-01,25.889527991867062,,1.1675427973299435,INTC,buy
11.819968760621112,15.841460751724242,2016-04-01,20.921145491981505,2.869905711743028,0.5649771311590648,CSCO,sell
14.709214457619353,13.640714000701903,2016-04-01,20.921145491981505,5.1187172418585565,0.7030788282246299,CSCO,sell
56.441702184142535,19.892128632164,2016-04-01,35.16582307090759,24.514521131067923,1.605015815223057,ORCL,sell
48.16441085334585,71.47648169250488,2016-04-01,94.34712638626098,11.675513284857963,0.5105021498604927,IBM,sell
-1.8402129334863997,,2016-04-01,38.17799679718017,,0.04820087715084931,QCOM,buy
20.995516937837845,16.86423849697113,2016-04-01,43.54131140785217,12.863621191972888,0.48219762471489425,TXN,sell
30.31591086327137,39.80646670875549,2016-04-01,81.99925434494018,15.599078299794833,0.3697095919402349,JNJ,sell
-36.413504075691144,,2016-04-01,17.798375058937072,,2.045889242984959,PFE,buy
1.6172272714961609,20.209601913452147,2016-04-01,37.15353210983276,0.737539190591841,0.04352822409227031,MRK,sell
-18.333246503070967,,2016-04-01,34.5495660331726,,0.5306360862960879,ABT,buy
-62.929006156892825,,2016-04-01,62.01509421958923,,1.0147369273368758,LLY,buy
-22.265694830700742,,2016-04-01,113.08193248672484,,0.19689878251165016,AMGN,buy
-25.13776036628605,,2016-04-01,45.42685330543518,,0.5533678548515795,BMY,buy
42.106783234380764,24.137440266799924,2016-04-01,108.91112031097411,32.774862285950775,0.3866160141788386,UNH,sell
-40.38392149254362,,2016-04-01,45.375666223907466,,0.8899907120540789,JPM,buy
-92.27441774789777,,2016-04-01,10.767731686496735,,8.56953167430931,BAC,buy
-48.80070830462441,,2016-04-01,36.24471390380859,,1.3464227758601908,WFC,buy
-90.80285819251212,,2016-04-01,31.312713198089597,,2.899871934382615,C,buy
-19.033977491709173,,2016-04-01,28.00585175075531,,0.6796428711080296,USB,buy
-55.64742155740563,,2016-04-01,52.76110050849914,,1.054705474698003,AXP,buy
-56.47302014234054,,2016-04-01,129.0164263031006,,0.4377196126148113,GS,buy
3.1674503484502345,138.53805565338135,2016-04-01,264.3688587982178,1.5076012472826543,0.011981177975533885,BLK,sell
47.53542532857549,12.88737369213104,2016-04-01,19.192631415367124,15.61657185998638,2.4767539322677194,WMT,sell
21.375526030389217,37.60686135063171,2016-04-01,62.56228153038025,8.526467075732828,0.34166794284842794,PG,sell
38.846325725437424,17.115163609695433,2016-04-01,33.786284815979,19.16789040626494,1.149766123651018,KO,sell
13.59781564600144,36.866937180328364,2016-04-01,74.98459102249146,6.912311219359244,0.18134146576758425,PEP,sell
27.513420674469614,39.805810121536254,2016-04-01,98.32734761810302,16.37517657766402,0.27981453116512345,MCD,sell
2.6747279746200756,19.169321537971495,2016-04-01,104.51163710403442,2.1841345632752613,0.025592633019015487,HD,sell
-3.8675405683311053,,2016-04-01,62.95392996101379,,0.06143445803504566,LOW,buy
-15.706676999783774,,2016-04-01,133.02580744476316,,0.1180724049076396,COST,buy
8.911996434126326,53.495573477935785,2016-04-01,135.83885193328857,5.40230569917339,0.0656071242305778,GE,sell
-53.77835822509725,,2016-04-01,114.99608273391723,,0.46765382738759786,BA,buy
52.87204633154001,39.07928109397888,2016-04-01,60.44324435005188,18.687885920859586,0.874738722252169,CAT,sell
55.50879107982096,42.404643413162226,2016-04-01,99.9721762664795,31.96393510148048,0.5552423999639684,MMM,sell
37.51878268146989,26.48581989059448,2016-04-01,85.95478889007568,25.957871027244405,0.4364943846171414,HON,sell
39.93083655832173,32.45813341941833,2016-04-01,70.00757048034667,21.417404201419064,0.5703788359507715,UPS,sell
23.94932339682751,37.16279843521118,2016-04-01,52.920960079193115,7.131339053306164,0.4525489212778595,XOM,sell
21.01329266023678,40.565523525238035,2016-04-01,60.49689481773376,6.923061743100945,0.34734497900340244,CVX,sell
-79.96950543266044,,2016-04-01,28.880416383361815,,2.7689872739761245,COP,buy
9.867669956766226,45.088665079116815,2016-04-01,53.74019898490906,1.5885776907172158,0.18361803906861596,SLB,sell
59.55997254398452,6.590213636589049,2016-04-01,14.222332429790496,31.961620080216512,4.187778118533394,T,sell
75.13196010389038,13.10234397420883,2016-04-01,30.87260774002075,43.24593372648127,2.4336123704411072,VZ,sell
-72.79990251434246,,2016-07-01,21.825774175453184,,3.3355015006165694,AAPL,buy
-49.11268235340927,,2016-07-01,45.178617528152465,,1.0870780258560444,MSFT,buy
-6.027455436247469,,2016-07-01,26.35457115936279,,0.2287062612326416,INTC,buy
-8.373139755169424,,2016-07-01,21.22311872501373,,0.39452918600981945,CSCO,buy
-14.506506878360048,,2016-07-01,35.21780385818481,,0.4119083329776867,ORCL,buy
-10.501503185412234,,2016-07-01,95.28475417251586,,0.11021178861834446,IBM,buy
9.936771963572905,30.90501070861816,2016-07-01,40.094350817871096,2.2774374768193093,0.24783471389051215,QCOM,sell
22.788172905466045,16.86423849697113,2016-07-01,46.972932401275635,14.606755158219794,0.4851341345009832,TXN,sell
41.69326143158496,39.80646670875549,2016-07-01,91.73640634231568,23.60162813866114,0.4544898050181514,JNJ,sell
77.6462425482342,8.902025742244719,2016-07-01,21.233819380760192,45.0939806325443,3.6567252059508846,PFE,sell
27.02626056295071,20.209601913452147,2016-07-01,40.41432092628479,13.511497610909315,0.6687297953674953,MRK,sell
-41.60605093449941,,2016-07-01,32.57726582603454,,1.2771498736781464,ABT,buy
24.534111821109203,23.3914693862915,2016-07-01,67.03748302917481,15.973394746848358,0.36597602882005464,LLY,sell
-11.050558396531004,,2016-07-01,113.91500424270629,,0.09700704898352797,AMGN,buy
34.75417232345132,14.392222927188872,2016-07-01,51.83578654747009,25.1046651191768,0.6704667689690442,BMY,sell
10.257632041597489,15.883145451068877,2016-07-01,51.83578654747009,7.1145628889564705,0.1978870723260613,BMY,sell
8.012189433246716,15.475581341171264,2016-07-01,51.83578654747009,5.620149154634717,0.15456868636321985,BMY,sell
27.678557056087847,24.137440266799924,2016-07-01,118.6197964668274,22.046364643758356,0.2333384298448724,UNH,sell
3.8535191050363022,28.172094290351865,2016-07-01,47.071053975677486,1.5471823140043668,0.08186600425449342,JPM,sell
-29.071526387725413,,2016-07-01,10.437743165683745,,2.785231052944866,BAC,buy
-24.913386367496813,,2016-07-01,35.45186193237304,,0.7027384461504695,WFC,buy
-17.394121390619915,,2016-07-01,31.124398639297482,,0.5588580711936455,C,buy
-18.901957954929507,,2016-07-01,27.74834931373596,,0.6811921581790337,USB,buy
-13.062446042288801,,2016-07-01,52.925880996322626,,0.2468063978603663,AXP,buy
-47.060476116536385,,2016-07-01,120.16698957061767,,0.39162565597002574,GS,buy
-13.287330668057873,,2016-07-01,265.44046961364745,,0.05005766711985471,BLK,buy
14.838231893799179,12.88737369213104,2016-07-01,20.382959711265563,5.45657966788629,0.7279723898781079,WMT,sell
-3.5073687789740235,,2016-07-01,64.10832099609374,,0.054710039577978264,PG,buy
-28.351284703279802,,2016-07-01,32.848153862380975,,0.8631013122399196,KO,buy
-2.4737071915221778,,2016-07-01,77.00133484878539,,0.032125510504201316,PEP,buy
-35.94738298888862,,2016-07-01,94.01941898422241,,0.38233998228515986,MCD,buy
-30.569759768128034,,2016-07-01,101.11994404144286,,0.3023118738633732,HD,buy
4.745734602714772,17.037955442237852,2016-07-01,65.65113268203736,3.5141090176186003,0.07228717021074704,LOW,sell
1.706040293255592,15.12515272579193,2016-07-01,65.65113268203736,1.3129911722781884,0.02598645634216723,LOW,sell
-19.570621254404333,,2016-07-01,131.61506109161377,,0.14869590981522807,COST,buy
-17.533858824411386,,2016-07-01,135.17098477630614,,0.12971614324944136,GE,buy
-0.39901532670924755,,2016-07-01,118.4270029006958,,0.0033692934629430127,BA,buy
-12.040246451104833,,2016-07-01,60.84747218856811,,0.19787586925208256,CAT,buy
11.415098253702585,42.404643413162226,2016-07-01,105.44957871780394,6.82472267458477,0.1082517198504016,MMM,sell
1.6857242960135617,26.48581989059448,2016-07-01,88.89767371673584,1.183486293344556,0.01896252427690026,HON,sell
4.6091872372429235,32.45813341941833,2016-07-01,72.83678066253663,2.555202795032943,0.0632810400915158,UPS,sell
52.06432090537672,37.16279843521118,2016-07-01,60.36450312080383,20.011446062680562,0.8624989557386655,XOM,sell
40.678185841700056,40.565523525238035,2016-07-01,67.55099355926514,16.250241591290727,0.6021848635877056,CVX,sell
32.84045741110393,22.489099048423764,2016-07-01,31.725361986923218,9.560902718606481,1.0351483908880326,COP,sell
29.133323202266414,45.088665079116815,2016-07-01,59.637160749435424,7.107079229525159,0.4885095607530614,SLB,sell
8.291714432423102,43.52326189689636,2016-07-01,59.637160749435424,2.2404126219149205,0.13903603605913784,SLB,sell
47.748755594470644,6.590213636589049,2016-07-01,16.09311040019989,28.19538819540467,2.967030885084686,T,sell
10.138741351552575,13.10234397420883,2016-07-01,32.48085998954773,6.048908856467014,0.31214510190971545,VZ,sell
9.296583728288079,10.27397046289444,2016-10-03,25.71369061260223,5.582110062518524,0.3615421787696178,AAPL,sell
35.465369842702565,12.308345838165282,2016-10-03,25.71369061260223,18.489197737385137,1.3792407467686125,AAPL,sell
6.4839605215508875,17.734457056617735,2016-10-03,25.71369061260223,2.0120423842963,0.2521598559785545,AAPL,sell
21.366199277976467,16.578716582107543,2016-10-03,25.71369061260223,7.590496380905828,0.8309269797119256,AAPL,sell
13.332553304273846,17.369743851852416,2016-10-03,50.95139628868103,8.787377849723017,0.2616719908662386,MSFT,sell
34.67410955001112,18.38226433048248,2016-10-03,50.95139628868103,22.164370983454724,0.6805330584770264,MSFT,sell
22.607353274664845,13.528888035583496,2016-10-03,30.492752593803406,12.577023926963502,0.7414008691120593,INTC,sell
9.3036738320498,12.661197527599334,2016-10-03,30.492752593803406,5.440603361203641,0.30511098673133397,INTC,sell
30.384102052580644,12.804177983665465,2016-10-03,30.492752593803406,17.625547397394897,0.9964368404955071,INTC,sell
7.084337869986342,13.640714000701903,2016-10-03,23.58480506057739,2.9869782979814836,0.3003772069258268,CSCO,sell
32.86120764273313,14.057778584098815,2016-10-03,23.58480506057739,13.274207459305337,1.3933211471678213,CSCO,sell
-37.49393598396357,,2016-10-03,33.60602729492187,,1.1156908150708187,ORCL,buy
6.095096490725838,71.47648169250488,2016-10-03,99.28678906402588,1.7072413003189872,0.06138879651748397,IBM,sell
98.67056537361165,30.90501070861816,2016-10-03,51.19945632019043,39.111048561040654,1.9271799441882171,QCOM,sell
21.363545859802866,27.953614893150327,2016-10-03,51.19945632019043,9.699587360275107,0.4172611858649402,QCOM,sell
47.135087219745195,16.86423849697113,2016-10-03,52.96529395294189,32.127196332637844,0.8899240181999808,TXN,sell
-21.92952268622201,,2016-10-03,90.5869107925415,,0.24208268605653327,JNJ,buy
-37.248378950978655,,2016-10-03,20.301106122398377,,1.834795539041206,PFE,buy
27.31960545427201,20.209601913452147,2016-10-03,43.92872770957947,14.751102348205187,0.6219075051498582,MRK,sell
25.267951888054096,18.09145154418945,2016-10-03,35.22383830947876,12.28998159454903,0.7173537326071155,ABT,sell
0.7487186642447701,23.3914693862915,2016-10-03,69.21643002548218,0.4956916053921404,0.010817065600885911,LLY,sell
29.270011312494546,38.55038863677978,2016-10-03,124.10247476348877,20.177764653835855,0.23585356672601865,AMGN,sell
-141.7563136514972,,2016-10-03,38.45640504760742,,3.686156141636454,BMY,buy
-21.134409037537544,,2016-10-03,117.3267383201599,,0.18013292911856293,UNH,buy
26.705246181459376,28.172094290351865,2016-10-03,51.10505909614563,11.983754282668585,0.522555822334887,JPM,sell
81.83306784028828,4.248800708580017,2016-10-03,12.494038497734069,54.004404058905564,6.549769144310673,BAC,sell
-44.7214307544546,,2016-10-03,33.30497823753357,,1.342785166694842,WFC,buy
0.20160866630216454,31.373405524826047,2016-10-03,34.788535324859616,0.019791570924273277,0.0057952616981289395,C,sell
42.89384834279987,16.912988189315794,2016-10-03,34.788535324859616,22.040336010601546,1.2329880502944963,C,sell
19.970984307545134,13.849085008621214,2016-10-03,29.701808458328244,10.659098138422621,0.6723827720983557,USB,sell
9.973202772847104,32.315150100326534,2016-10-03,55.56887788238525,4.173453761040838,0.1794746115614565,AXP,sell
14.61105729349799,120.66862220611571,2016-10-03,130.8856718078613,1.1405518651480797,0.11163221376092913,GS,sell
14.545483478359932,103.1755964691162,2016-10-03,130.8856718078613,3.079454285993263,0.11113121304608908,GS,sell
14.908056641724382,138.53805565338135,2016-10-03,281.37681183471676,7.567959327919544,0.05298253450423451,BLK,sell
-17.19258091956018,,2016-10-03,20.325434205818176,,0.8458653697365435,WMT,buy
11.218369808224976,37.60686135063171,2016-10-03,67.47311384811401,4.965691461295208,0.16626429652377084,PG,sell
-44.875798541741396,,2016-10-03,30.848567111968993,,1.4547125764013185,KO,buy
0.5285299513190387,36.866937180328364,2016-10-03,79.35821343841552,0.28299417538675664,0.006660053552354661,PEP,sell
-34.892053590001865,,2016-10-03,90.21718347549438,,0.38675618375383625,MCD,buy
-16.869778685680593,,2016-10-03,100.76029457473754,,0.1674248646937775,HD,buy
-58.71039937020063,,2016-10-03,59.87964735794067,,0.980473365503463,LOW,buy
-29.824201577691053,,2016-10-03,127.65751216659545,,0.23362668652644514,COST,buy
-40.24815881370242,,2016-10-03,128.2228261276245,,0.3138923078613325,GE,buy
-0.8640475594842539,,2016-10-03,121.88514089813232,,0.007089031141264357,BA,buy
18.971636157612565,39.07928109397888,2016-10-03,70.84077284088134,8.505941438537125,0.2678067361041587,CAT,sell
13.037175729367082,75.00556164855956,2016-10-03,70.84077284088134,-0.7664665613313026,0.18403491670891947,CAT,sell
33.812061113095396,48.9227946937561,2016-10-03,70.84077284088134,10.461376787216711,0.47729661545395885,CAT,sell
-13.487630574472485,,2016-10-03,105.95267028656005,,0.12729863757084914,MMM,buy
-11.907990108444142,,2016-10-03,89.60959598617553,,0.13288744333007863,HON,buy
-7.947236726001544,,2016-10-03,74.01132826919554,,0.1073786528610281,UPS,buy
-46.6215195145252,,2016-10-03,56.55334596633911,,0.8243812760835514,XOM,buy
-18.043148027815388,,2016-10-03,67.24259353027344,,0.2683291509226535,CVX,buy
-13.11178693556678,,2016-10-03,31.90115849781036,,0.4110128770548176,COP,buy
-15.851844770597067,,2016-10-03,59.63272093772888,,0.2658246097331407,SLB,buy
-38.66269037261673,,2016-10-03,15.339559946155546,,2.520456291336213,T,buy
-48.38035466295262,,2016-10-03,30.31307442626953,,1.596022692473115,VZ,buy
-20.82798891043335,,2017-01-03,26.71689850940704,,0.7795810918359329,AAPL,buy
6.218404656192484,18.38226433048248,2017-01-03,55.905224458694455,4.173723515729664,0.11123119022242633,MSFT,sell
2.997147733381722,19.443944868469238,2017-01-03,55.905224458694455,1.9547339723281516,0.053611227973803466,MSFT,sell
-50.221418893184286,,2017-01-03,29.900686118125915,,1.6796075747151455,INTC,buy
-55.10166237850915,,2017-01-03,22.898061269187924,,2.4063898567978335,CSCO,buy
-41.54635605704006,,2017-01-03,33.486139049530024,,1.2407030860018828,ORCL,buy
-4.282058536722131,,2017-01-03,106.4261231147766,,0.04023503263483619,IBM,buy
-48.74532754001031,,2017-01-03,50.35557107505798,,0.9680225345345104,QCOM,buy
-7.508761913239556,,2017-01-03,56.43408758659363,,0.1330536601963832,TXN,buy
-48.948005504124794,,2017-01-03,88.93273854522704,,0.5503935480321696,JNJ,buy
-44.99764744207075,,2017-01-03,20.089595329666135,,2.2398483744280853,PFE,buy
-55.12601833966047,,2017-01-03,42.64748143272399,,1.2925972762687348,MRK,buy
-78.24690362597065,,2017-01-03,32.5775254070282,,2.401867626479998,ABT,buy
-76.51365009422948,,2017-01-03,64.25479338912963,,1.1907850925744903,LLY,buy
-86.68586306998152,,2017-01-03,112.69692806472777,,0.7691945517822214,AMGN,buy
8.181337076255332,15.475581341171264,2017-01-03,42.05740366630554,5.170905229161439,0.19452786817674728,BMY,sell
46.039861962811145,24.137440266799924,2017-01-03,137.13056489868163,37.93602005973041,0.33573741927503553,UNH,sell
10.430334581612069,28.172094290351865,2017-01-03,67.513170627594,6.077933908061227,0.1544933304813414,JPM,sell
54.12738449954695,23.78011557693481,2017-01-03,67.513170627594,35.06213475181358,0.8017307437405998,JPM,sell
29.112917499840393,25.579435590744016,2017-01-03,67.513170627594,18.08259569561689,0.4312183419799478,JPM,sell
28.146075206388755,27.790689645957944,2017-01-03,67.513170627594,16.560204871144258,0.41689754672675505,JPM,sell
52.77972620263637,4.248800708580017,2017-01-03,18.07645466823578,40.37405583174903,2.919805192518293,BAC,sell
112.13979463180543,4.465035493659973,2017-01-03,18.07645466823578,84.4403274258492,6.203638749409151,BAC,sell
20.149948114067993,6.213153633642196,2017-01-03,18.07645466823578,13.224103105167142,1.114706865029003,BAC,sell
105.33827013796612,17.74646649494171,2017-01-03,42.847068866729735,61.709099436628165,2.458470857495694,WFC,sell
107.4904867574254,16.912988189315794,2017-01-03,44.96721534690857,67.06135813634157,2.390419018126174,C,sell
67.34083893147005,13.849085008621214,2017-01-03,36.0215735710144,41.450548462198505,1.869458556515072,USB,sell
54.27074573556201,32.315150100326534,2017-01-03,65.94868425979614,27.677837716463287,0.8229238588258951,AXP,sell
59.12326954770318,103.1755964691162,2017-01-03,196.90851524047852,28.14401710989588,0.3002575560305134,GS,sell
151.01267995593292,68.21932809677124,2017-01-03,196.90851524047852,98.69405093115464,0.7669179759519573,GS,sell
3.9214200367063476,72.49745954895019,2017-01-03,196.90851524047852,2.477637932421205,0.01991493375447595,GS,sell
0.40786990796545375,138.53805565338135,2017-01-03,303.8075409759521,0.22187879060365576,0.001342527267938154,BLK,sell
-59.74657839768976,,2017-01-03,19.518574404144285,,3.061011381292481,WMT,buy
-61.3965829368452,,2017-01-03,64.66409153823852,,0.9494695042694428,PG,buy
-38.27050520506876,,2017-01-03,30.939122705078123,,1.2369615509100171,KO,buy
-52.89941018137611,,2017-01-03,77.39487490463256,,0.6835001703479691,PEP,buy
-13.778831249251857,,2017-01-03,94.8682717376709,,0.14524172304258887,MCD,buy
-14.176996629026208,,2017-01-03,105.87528461151122,,0.133902795926792,HD,buy
-45.961506357060124,,2017-01-03,59.14120814361572,,0.7771485872498474,LOW,buy
-9.020566538772341,,2017-01-03,135.44462895202636,,0.06659966222778291,COST,buy
-0.8550235520096284,,2017-01-03,138.12286348876953,,0.006190311512613178,GE,buy
58.329095428101965,43.80819021110534,2017-01-03,145.43184831848143,40.75872045933881,0.4010751159564925,BA,sell
-2.432142835115455,,2017-01-03,76.19517553405761,,0.031919905926699244,CAT,buy
-27.80166092416732,,2017-01-03,108.46558990402221,,0.25631779579835534,MMM,buy
-36.202783717200894,,2017-01-03,90.2404617828369,,0.4011812772448202,HON,buy
-8.804304314323922,,2017-01-03,78.55779775619506,,0.11207422516664955,UPS,buy
-12.87026014242682,,2017-01-03,59.570917757034294,,0.21604938495188897,XOM,buy
41.715474986786404,40.565523525238035,2017-01-03,78.0153735671997,20.024749113566653,0.5347083924536253,CVX,sell
46.86211259542157,22.489099048423764,2017-01-03,37.33789317054748,18.636452219700658,1.2550818649935742,COP,sell
1.1218559569840318,43.52326189689636,2017-01-03,64.38095004501342,0.3634510158908838,0.017425278070604122,SLB,sell
-3.3450082554315883,,2017-01-03,16.44809962520599,,0.20336746077981616,T,buy
-7.488880403271589,,2017-01-03,32.25434325256347,,0.23218207683321523,VZ,buy
96.21163008794493,16.578716582107543,2017-04-03,33.15083516693115,48.09624056310635,2.9022384987729843,AAPL,sell
16.74248368142831,13.027007271194456,2017-04-03,33.15083516693115,10.163329474375747,0.5050395743311284,AAPL,sell
10.513745934311665,19.443944868469238,2017-04-03,58.913470299911495,7.043763682932463,0.17846081517162737,MSFT,sell
-21.41737754879387,,2017-04-03,29.75212371635437,,0.7198604628354985,INTC,buy
1.0641374321687889,14.057778584098815,2017-04-03,25.358036119651793,0.47420971324393224,0.04196450494618986,CSCO,sell
39.394228378549684,13.14667888097763,2017-04-03,25.358036119651793,18.970593527137524,1.553520477400859,CSCO,sell
66.62673403202571,19.892128632164,2017-04-03,38.69590109710693,32.376399342051975,1.7218033988878219,ORCL,sell
9.518105351691261,71.47648169250488,2017-04-03,111.80101796264648,3.4330025922083998,0.0851343353141143,IBM,sell
-88.28944569720184,,2017-04-03,43.909617667007446,,2.0107085961611606,QCOM,buy
35.08257096601586,16.86423849697113,2017-04-03,61.9386949092865,25.530531732313804,0.5664079783630687,TXN,sell
26.639236445283554,39.80646670875549,2017-04-03,96.22569328079223,15.619166414595433,0.276841200484248,JNJ,sell
7.440116041049336,8.902025742244719,2017-04-03,21.027380965805055,4.29031318969013,0.35382989698757683,PFE,sell
15.39847791792703,20.209601913452147,2017-04-03,45.262754174423215,8.523131632211214,0.3402019651430823,MRK,sell
60.6314959879733,18.09145154418945,2017-04-03,37.2865680393219,31.21307993634452,1.6260948426262285,ABT,sell
36.089961179396795,23.3914693862915,2017-04-03,73.12588478851318,24.54552346733621,0.4935319590836036,LLY,sell
12.263191168853025,23.940242693710324,2017-04-03,73.12588478851318,8.24841892191505,0.16769973046232955,LLY,sell
7.326230537338126,24.861864016151426,2017-04-03,73.12588478851318,4.835406010605177,0.10018655580751279,LLY,sell
1.4260896218863361,24.144802060127258,2017-04-03,73.12588478851318,0.955221450649438,0.01950184433338098,LLY,sell
32.765050737354734,38.55038863677978,2017-04-03,123.20888989562988,22.51331126710378,0.26593089804729164,AMGN,sell
-63.349065682373876,,2017-04-03,38.65772919502258,,1.6387166810235314,BMY,buy
-2.702540566781403,,2017-04-03,141.36896962280272,,0.019116929082755973,UNH,buy
-13.893001672077764,,2017-04-03,68.20783018569946,,0.2036863162814786,JPM,buy
8.576112934949641,6.213153633642196,2017-04-03,18.984609103202818,5.7693810736484386,0.45174029595915144,BAC,sell
-20.009303494210073,,2017-04-03,42.80507381744385,,0.4674516759285652,WFC,buy
-25.347115146877965,,2017-04-03,44.48089053878784,,0.5698427985558201,C,buy
-14.858800618923397,,2017-04-03,36.32810811538696,,0.40901663724761583,USB,buy
7.060861820915827,32.315150100326534,2017-04-03,69.077801852417,3.7577339931362834,0.10221607566496083,AXP,sell
-45.74121320463155,,2017-04-03,187.37982290344237,,0.2441095977991301,GS,buy
-21.42238754199397,,2017-04-03,302.71877395629883,,0.07076663023577967,BLK,buy
10.54208739134795,12.88737369213104,2017-04-03,20.54110546245575,3.928041231284981,0.5132190869968696,WMT,sell
21.213733397464754,37.60686135063171,2017-04-03,69.32137512817383,9.705278333891076,0.3060200891606808,PG,sell
-5.918549479483395,,2017-04-03,31.667686389541622,,0.18689554414174125,KO,buy
22.68649097908901,36.866937180328364,2017-04-03,83.17878698043823,12.631265745221889,0.2727437102974868,PEP,sell
30.964033573147333,39.805810121536254,2017-04-03,103.4028709373474,19.04416684375655,0.29945042427215274,MCD,sell
34.65874334649268,19.169321537971495,2017-04-03,116.11984630279541,28.93720119444322,0.29847389959607895,HD,sell
48.34265418089682,15.12515272579193,2017-04-03,68.62446035614013,37.68770660299889,0.7044522307354129,LOW,sell
20.87637742576043,16.654231747055054,2017-04-03,68.62446035614013,15.809961954028502,0.30421189933470316,LOW,sell
6.517932741040518,42.00601480636596,2017-04-03,141.53739006958008,4.583515417869244,0.04605096037051615,COST,sell
-45.67188649571564,,2017-04-03,131.27262795257568,,0.3479162960934654,GE,buy
50.74619501447577,43.80819021110534,2017-04-03,165.07301235809325,37.27882726049411,0.30741666544735935,BA,sell
3.8618794210904808,49.16438061676025,2017-04-03,165.07301235809325,2.7116798394493133,0.023394977567337882,BA,sell
-24.235908339212994,,2017-04-03,75.42145620880126,,0.3213397030165641,CAT,buy
23.71658906331504,42.404643413162226,2017-04-03,116.77707024993896,15.104508797438504,0.203092859005233,MMM,sell
22.495877537859144,26.48581989059448,2017-04-03,96.95270781784058,16.350388936673646,0.23202938880392576,HON,sell
-55.85565469657262,,2017-04-03,73.18973152008056,,0.7631624482902755,UPS,buy
-66.9707437738199,,2017-04-03,54.28198936767578,,1.2337562523767804,XOM,buy
-60.30647551090285,,2017-04-03,72.14642206344604,,0.8358900384258687,CVX,buy
-28.333780231538388,,2017-04-03,36.728611049652095,,0.7714362025080383,COP,buy
-61.173002396184074,,2017-04-03,59.434901133728026,,1.0292437815038227,SLB,buy
-28.923702227937124,,2017-04-03,16.139209694862366,,1.7921386966763606,T,buy
-67.25316351134168,,2017-04-03,29.37392184333801,,2.2895534300808613,VZ,buy
-14.176282285301587,,2017-07-03,33.287903152465816,,0.4258688875767014,AAPL,buy
10.097563390896067,19.443944868469238,2017-07-03,61.61939190559387,6.911286152404967,0.16386989677480734,MSFT,sell
-53.82045144106919,,2017-07-03,27.735393168258664,,1.940497151584033,INTC,buy
-48.812315208219694,,2017-07-03,23.898476875305175,,2.0424864506180533,CSCO,buy
20.567130564527655,19.892128632164,2017-07-03,43.00064018554687,11.05276042913585,0.4782982410443406,ORCL,sell
6.987142044835916,20.421599420547484,2017-07-03,43.00064018554687,3.6688515422200085,0.162489256315407,ORCL,sell
19.212916684027753,17.3184995098114,2017-07-03,43.00064018554687,11.474918209153415,0.44680536385329184,ORCL,sell
-71.77196378014766,,2017-07-03,100.79385687026976,,0.7120668462218314,IBM,buy
-25.749752251857185,,2017-07-03,43.12558381462097,,0.5970876211796856,QCOM,buy
-40.03040366242461,,2017-07-03,59.342475030517576,,0.6745657919026549,TXN,buy
25.245487244519538,39.80646670875549,2017-07-03,103.24165269241333,15.511686774090556,0.24452812005763924,JNJ,sell
-17.232004575101318,,2017-07-03,20.999875253105163,,0.8205765209273466,PFE,buy
-4.438657314747633,,2017-07-03,46.2349556602478,,0.09600219685219535,MRK,buy
41.60188536450297,18.09145154418945,2017-07-03,41.0914779624939,23.285715430050917,1.0124212471129646,ABT,sell
-23.806292273658947,,2017-07-03,72.17393001403808,,0.3298461406913624,LLY,buy
14.849583399241885,38.55038863677978,2017-07-03,130.84639268188477,10.47455097074527,0.11348867244161909,AMGN,sell
4.263282611949565,34.743450131225586,2017-07-03,130.84639268188477,3.131259452673752,0.03258234732014742,AMGN,sell
9.873835106809315,15.475581341171264,2017-07-03,40.36134518737793,6.087951914974428,0.2446359272955334,BMY,sell
58.32771759486965,24.137440266799924,2017-07-03,159.78272706298827,49.516491092333254,0.3650439485356647,UNH,sell
24.570948411538723,27.790689645957944,2017-07-03,72.99674856262207,15.216509822727858,0.33660332679694527,JPM,sell
12.181622968039662,6.213153633642196,2017-07-03,19.927052720832823,8.383454916403592,0.6113108214595293,BAC,sell
-8.807493207438906,,2017-07-03,43.330687155914305,,0.20326225558684108,WFC,buy
66.73969226889375,16.912988189315794,2017-07-03,50.940200365448,44.58101171788443,1.3101576316955814,C,sell
-1.3378727426614156,,2017-07-03,37.256846919631954,,0.03590944627030268,USB,buy
33.3128552702749,32.315150100326534,2017-07-03,75.10697233657837,18.979832851195056,0.4435387852007846,AXP,sell
-17.95757182834837,,2017-07-03,186.6310844314575,,0.0962196189506872,GS,buy
31.73179246240034,138.53805565338135,2017-07-03,341.35158475341797,18.853396619260643,0.09295926510879515,BLK,sell
25.115218844100145,92.6717508125305,2017-07-03,341.35158475341797,18.296819849398204,0.0735758085384095,BLK,sell
15.843525220018286,12.88737369213104,2017-07-03,21.694796367073057,6.431985851021416,0.7302914925748993,WMT,sell
-23.661430983532153,,2017-07-03,68.43683406524657,,0.3457411685785132,PG,buy
20.296872004576496,17.115163609695433,2017-07-03,33.65035174598694,9.973524190989322,0.6031696832707567,KO,sell
6.25844828205139,36.866937180328364,2017-07-03,86.4304383682251,3.5889047275257306,0.07241023417454073,PEP,sell
87.60390099135051,39.805810121536254,2017-07-03,122.42719564361572,59.120489030182995,0.715559157675755,MCD,sell
16.016063439312045,19.169321537971495,2017-07-03,122.67740184631347,13.513425910149634,0.1305543090925294,HD,sell
-39.35680490283899,,2017-07-03,65.83033549957275,,0.5978521088213871,LOW,buy
-19.020640831553266,,2017-07-03,140.9013268280029,,0.1349926310826839,COST,buy
-57.07625629090326,,2017-07-03,121.61418414916992,,0.4693223630961869,GE,buy
17.205389536157153,49.16438061676025,2017-07-03,186.9958270248413,12.681800249307011,0.09200948390079056,BA,sell
35.8051970705353,53.09383371658325,2017-07-03,186.9958270248413,25.63900668169869,0.19147591494530403,BA,sell
5.861792904690742,53.07163954162597,2017-07-03,186.9958270248413,4.198146367465713,0.03134718564554939,BA,sell
56.42169724168453,48.9227946937561,2017-07-03,88.0401963684082,25.068892224331243,0.6408629190873834,CAT,sell
22.739732326653236,58.85770752487182,2017-07-03,88.0401963684082,7.537488696080244,0.25828806913943936,CAT,sell
44.254741363975604,42.404643413162226,2017-07-03,129.2453870956421,29.735023724131253,0.342408672049757,MMM,sell
29.724586032013036,26.48581989059448,2017-07-03,104.79516804656983,22.212025609222177,0.28364462394681933,HON,sell
11.171222664514344,32.45813341941833,2017-07-03,76.5840413017273,6.436593497136383,0.14586880601536478,UPS,sell
-10.194255164632548,,2017-07-03,54.814638114547726,,0.18597687616452596,XOM,buy
-17.8947648287004,,2017-07-03,71.86619674606322,,0.24900113876807684,CVX,buy
-55.89504743113698,,2017-07-03,34.10345319137573,,1.638984976608528,COP,buy
-89.8686925730947,,2017-07-03,51.59527645759582,,1.7418007760255794,SLB,buy
-54.32247778352402,,2017-07-03,15.030811258411406,,3.614074905845456,T,buy
-57.35786383365969,,2017-07-03,27.19800897693634,,2.1088993640048663,VZ,buy
9.556211214358756,13.027007271194456,2017-10-02,35.76953378334045,6.075907732391043,0.26716063095039644,AAPL,sell
23.54832499278217,19.443944868469238,2017-10-02,67.79986555252076,16.795032354616616,0.3473211163603356,MSFT,sell
28.809070411461608,12.804177983665465,2017-10-02,32.55803828773499,17.479258036639713,0.8848527714372256,INTC,sell
5.5716052814393775,13.92635139093399,2017-10-02,32.55803828773499,3.188410929397033,0.1711284086651581,INTC,sell
32.58090396250791,13.283105871295929,2017-10-02,32.55803828773499,19.288469298852224,1.0007023050520072,INTC,sell
16.04901905277532,13.14667888097763,2017-10-02,25.948612493133545,7.9178983657882664,0.6184923782349507,CSCO,sell
-38.786445804939596,,2017-10-02,42.73294084014892,,0.9076474738780096,ORCL,buy
-61.763737243557635,,2017-10-02,96.0188492225647,,0.6432459641376642,IBM,buy
-60.629508654571964,,2017-10-02,41.167190277481076,,1.4727628542513624,QCOM,buy
43.51473500051397,16.86423849697113,2017-10-02,69.951510811615,33.02399847936202,0.6220699809858665,TXN,sell
26.276305254772772,16.05133389377594,2017-10-02,69.951510811615,20.246846501908998,0.375635993417454,TXN,sell
-38.06089282862309,,2017-10-02,102.72872015380858,,0.37049904614441953,JNJ,buy
10.070267742797718,8.902025742244719,2017-10-02,22.584106046676634,6.100848608278833,0.4459006578336364,PFE,sell
-27.66908551711747,,2017-10-02,46.77224632606506,,0.5915705934717561,MRK,buy
28.06729835080655,18.09145154418945,2017-10-02,45.534742299270626,16.91585348805482,0.6163930426209117,ABT,sell
-5.029390391986606,,2017-10-02,75.84000002212524,,0.06631580156275518,LLY,buy
17.87149989265664,34.743450131225586,2017-10-02,142.68331587524415,13.519781813483167,0.1252529055904663,AMGN,sell
55.30826876607314,15.475581341171264,2017-10-02,46.630787731933594,36.95285051645665,1.1860890938412574,BMY,sell
1.3421147778549516,24.137440266799924,2017-10-02,169.66096980285644,1.1511738954628132,0.00791056882095198,UNH,sell
-8.900427587153438,,2017-10-02,76.32244656829833,,0.11661611999280908,JPM,buy
-9.304536311347832,,2017-10-02,20.82096668796539,,0.44688301224389804,BAC,buy
-33.42219551195137,,2017-10-02,43.40288121109008,,0.7700455494971035,WFC,buy
4.739398385598055,16.912988189315794,2017-10-02,55.32957788887024,3.2906725507276215,0.08565759158902608,C,sell
10.65222453654951,20.11577101898193,2017-10-02,55.32957788887024,6.779472966848601,0.19252314843146934,C,sell
-21.660194016270424,,2017-10-02,38.07717630271911,,0.5688497971611319,USB,buy
4.872505632676471,32.315150100326534,2017-10-02,80.2097592727661,2.909455845316142,0.06074704221598193,AXP,sell
1.6995903726902206,72.49745954895019,2017-10-02,198.0073701370239,1.0773105847781483,0.008583470259284187,GS,sell
-2.2434542422160764,,2017-10-02,360.8408518493652,,0.006217295604746598,BLK,buy
-6.904205351510373,,2017-10-02,22.758242547798154,,0.3033716393965733,WMT,buy
-3.097954400640411,,2017-10-02,72.14179541397094,,0.04294257417442182,PG,buy
-29.26603572010863,,2017-10-02,33.995975207901,,0.8608676627492926,KO,buy
-62.20192866428589,,2017-10-02,82.38560962753296,,0.7550096302679812,PEP,buy
-13.954116730913261,,2017-10-02,126.93285364913939,,0.10993305775260076,MCD,buy
6.808006599603316,19.169321537971495,2017-10-02,131.4235640625,5.81499694816543,0.05180202384684751,HD,sell
-12.37077134201992,,2017-10-02,68.33794134140014,,0.18102347099129723,LOW,buy
-6.728152576763183,,2017-10-02,147.64423325805663,,0.045570032965686735,COST,buy
-89.85132880795747,,2017-10-02,109.94230036849974,,0.8172589486193917,GE,buy
95.51651037786644,53.07163954162597,2017-10-02,242.4823498764038,74.610997825584,0.39391118745983933,BA,sell
8.50538929361427,60.0221000629425,2017-10-02,242.4823498764038,6.400034707947274,0.035076323278579125,BA,sell
32.88678418682849,47.394683375167844,2017-10-02,242.4823498764038,26.45885768184089,0.13562547626081356,BA,sell
66.28347571429866,58.85770752487182,2017-10-02,103.39001678237915,28.54972202378726,0.6411013149733371,CAT,sell
-22.944678514528874,,2017-10-02,131.9885370635986,,0.17383841828228608,MMM,buy
7.286828411980982,26.48581989059448,2017-10-02,112.3533806716919,5.5690552240307785,0.06485633425908066,HON,sell
23.46611307755193,32.45813341941833,2017-10-02,84.25457148971557,14.426054886771034,0.27851441960530643,UPS,sell
-32.12426260297941,,2017-10-02,55.02907110214233,,0.5837689417535668,XOM,buy
32.494963546749375,40.565523525238035,2017-10-02,80.07633832855224,16.033481469497573,0.4057998183361349,CVX,sell
28.319430748029074,22.489099048423764,2017-10-02,37.753102960968015,11.449864192245407,0.7501219377201345,COP,sell
-9.358417303482518,,2017-10-02,53.829574052047725,,0.17385270956136267,SLB,buy
-8.95190315667557,,2017-10-02,15.692282799434661,,0.5704653217821232,T,buy
29.881329065991665,13.10234397420883,2017-10-02,30.18216388378143,16.90958014379029,0.9900326955036043,VZ,sell
27.119041958168996,13.027007271194456,2018-01-02,40.20420962333679,18.33190349464274,0.6745323987771563,AAPL,sell
47.784313199023735,19.443944868469238,2018-01-02,78.49706129608154,35.94800320118864,0.6087401542178377,MSFT,sell
26.483877367082027,13.283105871295929,2018-01-02,39.30285584449768,17.533175455210188,0.6738410427951056,INTC,sell
16.48756534994889,18.726926812171936,2018-01-02,39.30285584449768,8.631611298136118,0.4195004407614089,INTC,sell
35.0106567205721,16.121432214164734,2018-01-02,39.30285584449768,20.649819143597092,0.8907916732334229,INTC,sell
20.11535107726338,13.14667888097763,2018-01-02,30.135609504318236,11.34001633073983,0.6674944163442582,CSCO,sell
29.858700902991906,10.971403514957426,2018-01-02,30.135609504318236,18.98811087917951,0.9908112493531398,CSCO,sell
-73.67662876415498,,2018-01-02,40.99379017372131,,1.797263157466828,ORCL,buy
-10.63127747826111,,2018-01-02,101.9974499557495,,0.1042308163868153,IBM,buy
34.662264445718115,27.953614893150327,2018-01-02,52.10016205444336,16.064710168869077,0.6653005111480637,QCOM,sell
69.02112062027408,21.24886877784729,2018-01-02,52.10016205444336,40.87109810349972,1.3247774651477808,QCOM,sell
11.099102172081137,32.33838259925842,2018-01-02,52.10016205444336,4.209929501678493,0.21303392800358,QCOM,sell
64.5011585236878,16.05133389377594,2018-01-02,82.9006233718872,52.012354581229395,0.7780539626866192,TXN,sell
-7.401092697573413,,2018-01-02,109.66704526367187,,0.06748693447315013,JNJ,buy
-36.82338215109275,,2018-01-02,23.05650492687225,,1.5970929795250655,PFE,buy
-123.23743509595609,,2018-01-02,41.08292952346802,,2.999723644964474,MRK,buy
12.79382172731588,18.09145154418945,2018-01-02,50.11330690956115,8.175112244374668,0.25529789423804594,ABT,sell
-56.80657025970325,,2018-01-02,74.84295706024169,,0.7590102327728605,LLY,buy
-78.06857746210999,,2018-01-02,136.0432685317993,,0.5738510865303263,AMGN,buy
-76.0568043606775,,2018-01-02,44.614154840087885,,1.7047684671667689,BMY,buy
27.082750669359154,24.137440266799924,2018-01-02,190.68532020721435,23.654546149829706,0.14202850350477325,UNH,sell
23.809633667511584,27.790689645957944,2018-01-02,85.45616051330566,16.066644328144527,0.27861810692752087,JPM,sell
1.6353779321585578,19.14870011844635,2018-01-02,85.45616051330566,1.2689284987282639,0.019137039650920507,JPM,sell
56.500036234590524,6.213153633642196,2018-01-02,24.368660731887818,42.09450901690059,2.3185531965101767,BAC,sell
17.966429883194586,17.74646649494171,2018-01-02,48.06691171531677,11.33316316025195,0.3737795760543836,WFC,sell
-41.457541582535335,,2018-01-02,56.06758594512939,,0.7394208415377079,C,buy
-38.5426670301039,,2018-01-02,38.71234808998108,,0.9956168750218204,USB,buy
10.619925885745953,32.315150100326534,2018-01-02,87.98976325149536,6.719648326510773,0.12069501602580424,AXP,sell
-8.49549271971404,,2018-01-02,211.3225812423706,,0.04020153771437407,GS,buy
34.98318868874565,92.6717508125305,2018-01-02,409.644596987915,27.069125208770558,0.08539887733409479,BLK,sell
112.33625259366639,12.88737369213104,2018-01-02,28.711339018821715,61.91299419393967,3.912609318570073,WMT,sell
-51.697117779557495,,2018-01-02,71.79536167373656,,0.7200620844350283,PG,buy
-33.53951987234516,,2018-01-02,34.840846446990966,,0.9626493984115534,KO,buy
5.996461608908151,36.866937180328364,2018-01-02,89.62814195022582,3.5299241059591617,0.06690378131723662,PEP,sell
18.67682659672631,39.805810121536254,2018-01-02,140.72019822235106,13.393674479448652,0.13272314019352915,MCD,sell
44.36998202105185,19.169321537971495,2018-01-02,151.4251933731079,38.75306694206732,0.2930158518056194,HD,sell
3.7614142749630903,16.654231747055054,2018-01-02,77.78691116638183,2.956092864296384,0.04835536234261362,LOW,sell
33.0698679513274,17.994112488937375,2018-01-02,77.78691116638183,25.41995725314215,0.4251340933257115,LOW,sell
36.04580053606111,42.00601480636596,2018-01-02,167.8693476196289,27.026045277013154,0.2147253268520255,COST,sell
-209.89290555899603,,2018-01-02,81.0097998222351,,2.5909569708797857,GE,buy
52.696811287294565,47.394683375167844,2018-01-02,282.6883930847168,43.8618228444057,0.18641307027947995,BA,sell
8.947897597095364,58.85770752487182,2018-01-02,130.95904570312499,4.926390438848142,0.06832592242142344,CAT,sell
21.63739218451074,60.50083231048583,2018-01-02,130.95904570312499,11.641288218092914,0.16522258594920736,CAT,sell
83.7709240785939,61.338561254882805,2018-01-02,130.95904570312499,44.534322052481585,0.6396726826224493,CAT,sell
20.482884035633884,42.404643413162226,2018-01-02,146.71433617858887,14.562744148643311,0.13961065134562567,MMM,sell
2.0433868817973035,26.48581989059448,2018-01-02,121.67525807418822,1.598589987386049,0.016793774791514338,HON,sell
-29.499923235094908,,2018-01-02,87.02607797317505,,0.338977969847015,UPS,buy
-17.35000755823148,,2018-01-02,57.85162885398864,,0.2999052559439779,XOM,buy
10.380913933451144,40.565523525238035,2018-01-02,87.81209992218017,5.585365156527775,0.11821735208075879,CVX,sell
15.797582412921741,22.489099048423764,2018-01-02,41.73467746238708,7.2849157958136885,0.3785241284579026,COP,sell
-42.20010070434516,,2018-01-02,54.40598128318786,,0.7756518623327455,SLB,buy
-47.607776045305705,,2018-01-02,15.72172806406021,,3.0281516033938303,T,buy
10.923012897083895,13.10234397420883,2018-01-02,33.12466560173034,6.6024538933173345,0.3297546616293481,VZ,sell
18.463557993838847,13.027007271194456,2018-04-02,39.06049098129272,12.305803746636629,0.47269139557620043,AAPL,sell
22.823923189044663,19.443944868469238,2018-04-02,81.22394142608643,17.360175722741197,0.28099994642360926,MSFT,sell
37.3516473638553,20.847852407646176,2018-04-02,81.22394142608643,27.764552503004225,0.45986006967964244,MSFT,sell
71.08701945272766,16.121432214164734,2018-04-02,41.31781706428528,43.3502064543282,1.7204931069355691,INTC,sell
78.96301248643756,10.971403514957426,2018-04-02,32.04012867851257,51.92394902205366,2.4645036004300884,CSCO,sell
0.48112078842407957,17.3184995098114,2018-04-02,39.66811283340454,0.27107071184302606,0.012128653320228722,ORCL,sell
16.308920741111606,26.756992320823667,2018-04-02,39.66811283340454,5.308204148832198,0.41113427325380236,ORCL,sell
25.67762909200947,71.47648169250488,2018-04-02,100.07029021682739,7.337054864382004,0.2565959290851705,IBM,sell
-73.50602711365828,,2018-04-02,43.428427034759515,,1.6925786203314495,QCOM,buy
6.476373285515166,16.05133389377594,2018-04-02,79.47451075744628,5.168351014779832,0.0814899421687647,TXN,sell
3.4844058674071006,22.310377534294126,2018-04-02,79.47451075744628,2.506250611795434,0.04384306155770368,TXN,sell
-28.571293689476484,,2018-04-02,98.74018183898924,,0.2893583256314667,JNJ,buy
17.944382537689215,8.902025742244719,2018-04-02,22.35115307807922,10.797487041015195,0.8028392304864163,PFE,sell
8.073663748412155,20.209601913452147,2018-04-02,39.212678534317014,3.9126235839233905,0.2058942171304743,MRK,sell
33.85616290500666,18.09145154418945,2018-04-02,49.8561933139801,21.570685616142732,0.6790763725539612,ABT,sell
-28.410050556989663,,2018-04-02,67.40410635147094,,0.4214884239967329,LLY,buy
1.0852574835744166,34.743450131225586,2018-04-02,128.41189502105712,0.7916274483356709,0.008451378148390809,AMGN,sell
2.378518797382098,15.475581341171264,2018-04-02,45.34875731506347,1.5668325836969283,0.052449481269292164,BMY,sell
15.606122141260476,15.79417215681076,2018-04-02,45.34875731506347,10.170785113460399,0.3441356073516175,BMY,sell
23.751141498481207,21.356999531173706,2018-04-02,45.34875731506347,12.565540218963687,0.5237440429396685,BMY,sell
7.317112684841311,20.87651320323944,2018-04-02,45.34875731506347,3.94864552898521,0.161351999879626,BMY,sell
27.569479756057767,24.137440266799924,2018-04-02,187.89104344024656,24.027763990291508,0.14673120789190497,UNH,sell
40.06732538301643,19.14870011844635,2018-04-02,85.82175677261353,31.12743383150222,0.46686675838127645,JPM,sell
26.645279830673825,6.213153633642196,2018-04-02,23.977449557304382,19.74082500933394,1.1112641387063924,BAC,sell
-64.78906198258073,,2018-04-02,40.701192768096924,,1.5918221942961033,WFC,buy
-19.3820543617925,,2018-04-02,51.26056967048645,,0.37810844644108244,C,buy
-12.248435727225777,,2018-04-02,35.811049497604365,,0.34202951041815055,USB,buy
-13.61064592128041,,2018-04-02,81.32783234786987,,0.16735532631759487,AXP,buy
17.55362861883242,72.49745954895019,2018-04-02,204.7328225967407,11.33775436579334,0.08573920095561594,GS,sell
53.82679688958549,92.6717508125305,2018-04-02,419.9354230316162,41.94824786798318,0.1281787482965755,BLK,sell
-46.72081709677964,,2018-04-02,25.097481484985348,,1.8615739242493525,WMT,buy
-55.02757956105872,,2018-04-02,61.76861824874877,,0.8908662864928729,PG,buy
1.1001228551735216,17.115163609695433,2018-04-02,32.88722587738037,0.5275971356962087,0.03345137286055433,KO,sell
-19.92430666639752,,2018-04-02,81.98495399856567,,0.24302394152402762,PEP,buy
-18.049942326665803,,2018-04-02,129.11960211334227,,0.13979242524943203,MCD,buy
-12.43144963175913,,2018-04-02,140.23089019927977,,0.0886498660465822,HD,buy
-11.082792444735132,,2018-04-02,72.19533017654419,,0.15351120934877116,LOW,buy
19.43211175210978,42.00601480636596,2018-04-02,163.34014113464355,14.43477571267767,0.11896715416752102,COST,sell
-137.39923398373872,,2018-04-02,59.60204838943481,,2.305277044942878,GE,buy
18.23021820788794,47.394683375167844,2018-04-02,308.58370581665037,15.430279638427514,0.05907706033811033,BA,sell
79.4844366455265,61.91375838050842,2018-04-02,308.58370581665037,63.53680197551593,0.2575782037330039,BA,sell
-15.248967247350338,,2018-04-02,120.71879005050658,,0.12631809216254108,CAT,buy
-23.767974545830604,,2018-04-02,133.34878727874755,,0.17823915035797722,MMM,buy
-8.240405871288697,,2018-04-02,113.4527363014221,,0.07263294072868831,HON,buy
-64.0012224570593,,2018-04-02,73.69092134094238,,0.8685089193137889,UPS,buy
-48.70086822226893,,2018-04-02,50.32589485969543,,0.9677099306041761,XOM,buy
-36.40096812985483,,2018-04-02,78.1320543876648,,0.46589032395392493,CVX,buy
33.92003549032938,22.489099048423764,2018-04-02,44.06028457260132,16.606687533824587,0.7698551159931091,COP,sell
18.23831043143612,22.47754387683868,2018-04-02,44.06028457260132,8.933957839557106,0.41393991455918844,COP,sell
18.766573272444326,34.37754399909973,2018-04-02,44.06028457260132,4.1241644763157925,0.4259294612934532,COP,sell
3.103737514294229,27.876570872497556,2018-04-02,44.06028457260132,1.1400289357832427,0.07044297476517603,COP,sell
-15.879258077420008,,2018-04-02,50.029705311202996,,0.3173965942562571,SLB,buy
-11.106517213357492,,2018-04-02,14.570619965076446,,0.7622542650881101,T,buy
-34.73712519118193,,2018-04-02,29.556626780509948,,1.1752736687154055,VZ,buy
52.221285604203466,13.027007271194456,2018-07-02,44.03369949645996,36.77204842775927,1.1859390921355981,AAPL,sell
30.895962508601365,20.847852407646176,2018-07-02,92.16468757324219,23.907228717694508,0.33522559802580254,MSFT,sell
23.033169934234376,24.113282056236265,2018-07-02,92.16468757324219,17.00694299311834,0.24991317760319198,MSFT,sell
2.8878135978247585,23.423147810935973,2018-07-02,92.16468757324219,2.153891674652979,0.03133318924918882,MSFT,sell
-7.109320466741175,,2018-07-02,42.70334860687255,,0.16648156874510356,INTC,buy
5.480627232081519,10.971403514957426,2018-07-02,33.71529724960327,3.697158664888681,0.16255610002507126,CSCO,sell
-25.37713384435106,,2018-07-02,39.8349748096466,,0.6370566057997262,ORCL,buy
-63.1097503394541,,2018-07-02,94.42939662475585,,0.6683273704505392,IBM,buy
1.7193112143575369,32.33838259925842,2018-07-02,45.75083086051941,0.5040383370933703,0.037579890507326574,QCOM,sell
2.1130117903162633,37.65523121490478,2018-07-02,45.75083086051941,0.37389698021037576,0.046185211297215645,QCOM,sell
3.3108410208479593,38.2219423324585,2018-07-02,45.75083086051941,0.54484153645407,0.07236679550021119,QCOM,sell
31.190725413907376,22.310377534294126,2018-07-02,87.57096634368897,23.244291925647417,0.3561765584668031,TXN,sell
5.180373865111415,17.687012903976438,2018-07-02,87.57096634368897,4.134075722870449,0.059156294390769304,TXN,sell
-37.532230133997594,,2018-07-02,97.09271288909912,,0.3865607316675508,JNJ,buy
1.9637846440893476,8.902025742244719,2018-07-02,23.393555667114256,1.216499293257311,0.08394553919180225,PFE,sell
62.45138610030323,20.209601913452147,2018-07-02,44.84926742019653,34.31006463332048,1.3924728249224447,MRK,sell
5.910826765835033,18.09145154418945,2018-07-02,52.497279964828486,3.873855781969852,0.1125930099577559,ABT,sell
61.386630029324174,24.144802060127258,2018-07-02,76.8701339263916,42.105174989639025,0.7985758173402697,LLY,sell
1.815187628914042,34.743450131225586,2018-07-02,144.39671526489258,1.378433366545264,0.012570837401558066,AMGN,sell
48.6371575375855,37.07434239425659,2018-07-02,144.39671526489258,36.14940372459932,0.33683008265362346,AMGN,sell
-92.08972045544859,,2018-07-02,40.68265944862365,,2.2636111233520673,BMY,buy
59.89741457291816,24.137440266799924,2018-07-02,214.84237913360596,53.167968212195866,0.27879701767624354,UNH,sell
2.365394602128798,21.429405450248716,2018-07-02,214.84237913360596,2.129458842232352,0.011009906945118164,UNH,sell
-40.063461075606654,,2018-07-02,84.1593112876892,,0.47604311944348243,JPM,buy
-46.586267769093745,,2018-07-02,23.261900296783445,,2.0026853857479345,BAC,buy
38.345400081524154,17.74646649494171,2018-07-02,44.913702112197875,23.194225144263942,0.8537572784744931,WFC,sell
-29.263506606390916,,2018-07-02,51.08480279884338,,0.5728417259751755,C,buy
-14.12510155613632,,2018-07-02,36.55736012382507,,0.386381880647086,USB,buy
30.217722367357823,32.315150100326534,2018-07-02,88.68544292678833,19.20700627049765,0.34072922646733783,AXP,sell
-85.88439131594303,,2018-07-02,185.70667070465086,,0.46247337798938926,GS,buy
-47.28411371380843,,2018-07-02,406.93299978942866,,0.1161963117719036,BLK,buy
-34.567505009231624,,2018-07-02,24.798018543815612,,1.3939623824441583,WMT,buy
-15.415004418424687,,2018-07-02,62.92815891265869,,0.244961948431067,PG,buy
-5.640985641179941,,2018-07-02,34.0675737537384,,0.16558225372773805,KO,buy
-6.804226901552829,,2018-07-02,84.6557523033142,,0.08037524582114486,PEP,buy
-26.54559487283044,,2018-07-02,129.2394674545288,,0.20539851637945006,MCD,buy
52.91491419461113,19.169321537971495,2018-07-02,158.01995429992675,46.49583244734383,0.3348622294509527,HD,sell
52.02467841713983,17.994112488937375,2018-07-02,81.25067135925293,40.50307619554541,0.6402984436536006,LOW,sell
61.01058099060203,42.00601480636596,2018-07-02,186.44149730987547,47.26465315042441,0.32723713267116317,COST,sell
-9.596751035994446,,2018-07-02,61.27685732574462,,0.15661297682057373,GE,buy
2.5021357962977855,61.91375838050842,2018-07-02,323.241986416626,2.022876796424142,0.007740751206350982,BA,sell
-57.09623384053282,,2018-07-02,114.918384034729,,0.49684160041162784,CAT,buy
-73.36866326898017,,2018-07-02,123.46283600387572,,0.5942570707405181,MMM,buy
-13.483048827192656,,2018-07-02,115.93389542083739,,0.1162994547733387,HON,buy
-9.866918565754583,,2018-07-02,75.72970863876343,,0.13029125217978255,UPS,buy
52.61534427494775,37.16279843521118,2018-07-02,56.68584371910095,18.12113362901441,0.9281919580429285,XOM,sell
37.21520928378756,40.565523525238035,2018-07-02,87.12457798461914,19.88767114679189,0.4271493778754083,CVX,sell
8.363131919210158,39.726084400177,2018-07-02,87.12457798461914,4.5498051616216255,0.09599050133346498,CVX,sell
19.534859606656447,27.876570872497556,2018-07-02,52.23908756561279,9.110387746858562,0.3739510109574651,COP,sell
30.48231990502978,35.80164350395202,2018-07-02,52.23908756561279,9.591504209931887,0.5835155498599338,COP,sell
4.314250677237342,34.48363627815246,2018-07-02,52.23908756561279,1.4663630494190425,0.0825866392061041,COP,sell
8.42086063382812,35.940992689132685,2018-07-02,52.23908756561279,2.627227846952101,0.16119846318623843,COP,sell
19.104703802677086,38.74085619087219,2018-07-02,52.23908756561279,4.9365278815508145,0.3657166442404147,COP,sell
6.683614470358095,39.62797805404663,2018-07-02,52.23908756561279,1.6135005021461746,0.12794278732306363,COP,sell
-5.452811588927311,,2018-07-02,51.76789781837463,,0.10533191067673364,SLB,buy
-67.64711904688976,,2018-07-02,13.62406073474884,,4.965268458790149,T,buy
24.35149616336977,13.10234397420883,2018-07-02,31.952608351135254,14.366030328692103,0.7621129360008752,VZ,sell
79.56007987062539,13.027007271194456,2018-10-01,53.64993018608093,60.24169985826253,1.482948432452325,AAPL,sell
41.89304219406725,23.423147810935973,2018-10-01,106.95093791885375,32.7181163948571,0.39170336426457997,MSFT,sell
-107.43355252681285,,2018-10-01,39.753661063385,,2.7024819765786106,INTC,buy
35.40625515569914,10.971403514957426,2018-10-01,38.78786624794006,25.391362617305205,0.9128178108425722,CSCO,sell
0.7551681765377769,26.756992320823667,2018-10-01,46.02108451309204,0.3161079215626141,0.016409178195766927,ORCL,sell
5.663905630471757,22.660031224060056,2018-10-01,46.02108451309204,2.8750908992563664,0.123071972127482,ORCL,sell
33.185396168620514,21.01503211097717,2018-10-01,46.02108451309204,18.03164276455492,0.7210911372412347,ORCL,sell
6.362691676031093,71.47648169250488,2018-10-01,104.2710829536438,2.00114864593641,0.061020673189514874,IBM,sell
68.22155256315483,38.2219423324585,2018-10-01,59.66100879020691,24.51528106732807,1.1434864067258799,QCOM,sell
22.633404011480323,45.8499703250885,2018-10-01,59.66100879020691,5.239449009290475,0.3793667668454761,QCOM,sell
44.382065640328,42.58347944831848,2018-10-01,59.66100879020691,12.704043119544629,0.7439040428631358,QCOM,sell
-73.71241012550345,,2018-10-01,86.17946983184814,,0.855336082588229,TXN,buy
39.40962416600023,39.80646670875549,2018-10-01,112.14150821228027,25.420532014690423,0.35142762741695144,JNJ,sell
86.41402134690269,8.902025742244719,2018-10-01,28.748999939346312,59.65622649685673,3.005809646569137,PFE,sell
59.13865694804281,20.209601913452147,2018-10-01,53.42304977645874,36.766876983829384,1.106987661608617,MRK,sell
2.7323070640119034,20.807460841560363,2018-10-01,53.42304977645874,1.6681152501892702,0.051144722651455865,MRK,sell
2.972209333064062,18.09145154418945,2018-10-01,64.0752407295227,2.133014965378435,0.04638623747994153,ABT,sell
49.53796333302159,17.72164597110748,2018-10-01,64.0752407295227,35.836973085894485,0.773121766988492,ABT,sell
28.45425080571531,16.421372326278686,2018-10-01,64.0752407295227,21.16192007974307,0.44407559740317915,ABT,sell
37.44085816754657,24.144802060127258,2018-10-01,96.86624342193603,28.108379922478242,0.3865212156980151,LLY,sell
28.41408755084102,24.47458253440857,2018-10-01,96.86624342193603,21.234879332000503,0.29333322473416423,LLY,sell
4.631332463006655,30.433514281272885,2018-10-01,96.86624342193603,3.1762567041554846,0.04781162455978816,LLY,sell
36.2074917505443,29.84445629405975,2018-10-01,96.86624342193603,25.051975990944392,0.3737885404808097,LLY,sell
1.2360406113408378,37.07434239425659,2018-10-01,162.3427166519165,0.9537649799904524,0.007613773114263367,AMGN,sell
17.15979735077294,37.101056332397455,2018-10-01,162.3427166519165,13.238176342492027,0.1057010607230735,AMGN,sell
24.2896383120922,20.87651320323944,2018-10-01,46.043194269561766,13.27643727405028,0.5275402520921446,BMY,sell
-3.222830595746107,,2018-10-01,234.72773207397458,,0.013730080239221287,UNH,buy
-6.497151799121643,,2018-10-01,91.39691801376343,,0.07108720885033826,JPM,buy
-27.642407717266508,,2018-10-01,24.506703773689267,,1.1279529051533963,BAC,buy
-105.09189486607534,,2018-10-01,42.03172095947265,,2.500299594380298,WFC,buy
-11.849815334711838,,2018-10-01,55.057941852951046,,0.21522445147623515,C,buy
-26.485644652915244,,2018-10-01,38.57860661773682,,0.6865370985363235,USB,buy
-1.4116906555232343,,2018-10-01,97.14109420547484,,0.014532373421048739,AXP,buy
-54.2631935554205,,2018-10-01,188.04916013031004,,0.28855855308164324,GS,buy
-92.35343823775109,,2018-10-01,388.2524520843506,,0.23786955559957845,BLK,buy
22.330677474971242,12.88737369213104,2018-10-01,27.990886886215208,12.049338888299532,0.7977838489272209,WMT,sell
-9.994084541381781,,2018-10-01,68.001829763031,,0.14696787683814705,PG,buy
-19.726526339449,,2018-10-01,36.30492905960083,,0.5433566970221726,KO,buy
-50.01943161396785,,2018-10-01,86.27553770370483,,0.5797637771409674,PEP,buy
-17.49330471992878,,2018-10-01,138.1705653137207,,0.12660659439446942,MCD,buy
-13.345499516180166,,2018-10-01,170.18499465026855,,0.07841760399384956,HD,buy
70.57258618502158,17.994112488937375,2018-10-01,98.1601444908142,57.63565479564957,0.7189535686922888,LOW,sell
2.3130672965226755,14.426231854724882,2018-10-01,98.1601444908142,1.9731243870219624,0.02356422057568519,LOW,sell
22.748875190053507,42.00601480636596,2018-10-01,210.86155560150146,18.21704109001733,0.10788536167799911,COST,sell
-119.17835195087636,,2018-10-01,55.938543652343746,,2.1305229662675167,GE,buy
30.63846956677937,61.91375838050842,2018-10-01,369.5036784484863,25.50471065571457,0.08291790137361454,BA,sell
18.325293176599878,61.338561254882805,2018-10-01,129.00753186035155,9.612258349739385,0.1420482425509597,CAT,sell
-2.2433400136794126,,2018-10-01,134.88736963653562,,0.01663120883537328,MMM,buy
46.61019679334177,26.48581989059448,2018-10-01,135.1854857574463,37.478230662387396,0.34478699049816,HON,sell
14.161317137366058,32.45813341941833,2018-10-01,84.52980746154785,8.723591264768809,0.16753045538176536,UPS,sell
-23.18502969925133,,2018-10-01,60.19164462547302,,0.3851868451761735,XOM,buy
-55.492682551416415,,2018-10-01,88.18235860519408,,0.6292946052834179,CVX,buy
0.9613664014123801,39.62797805404663,2018-10-01,61.095161955642695,0.33779809522264626,0.015735556967839237,COP,sell
36.555343981891845,46.09779764404296,2018-10-01,61.095161955642695,8.973440673261727,0.5983345131064937,COP,sell
6.63523602401193,46.944577566909786,2018-10-01,61.095161955642695,1.5368232817700163,0.10860493387069425,COP,sell
3.6538444598927318,50.94884343605041,2018-10-01,61.095161955642695,0.6068086002953179,0.059805790555814475,COP,sell
-93.70123497657197,,2018-10-01,49.28426122741699,,1.9012405308095737,SLB,buy
-22.614741168855776,,2018-10-01,14.458354048347472,,1.5641297130526794,T,buy
-10.26499241514926,,2018-10-01,34.56388879623413,,0.2969860386851977,VZ,buy
-136.03218878914578,,2019-01-02,37.46312219276428,,3.631095883818764,AAPL,buy
-6.818045988891115,,2019-01-02,94.0819627342224,,0.07246921504127002,MSFT,buy
42.28207939843574,16.121432214164734,2019-01-02,40.48969232368469,25.446987853492608,1.0442677375866989,INTC,sell
51.708951779099245,15.299997703170774,2019-01-02,40.48969232368469,32.169488818280435,1.2770892741225346,INTC,sell
-2.280394429492356,,2019-01-02,34.36774863395691,,0.06635274407353009,CSCO,buy
-8.21309878088918,,2019-01-02,40.39342896118164,,0.2033275954062237,ORCL,buy
-89.4592912154673,,2019-01-02,79.62823342666626,,1.1234619602336773,IBM,buy
-63.336067267604584,,2019-01-02,47.74887018890381,,1.326441170587593,QCOM,buy
-2.713389545439856,,2019-01-02,76.19964948883056,,0.03560895048260804,TXN,buy
23.043836393895745,39.80646670875549,2019-01-02,103.20931145553588,14.156133401605143,0.2232728430111015,JNJ,sell
23.1294938178681,8.902025742244719,2019-01-02,28.30334920749664,15.854759373464756,0.8171998885468241,PFE,sell
45.6128092001941,8.107896861362457,2019-01-02,28.30334920749664,32.5463713789689,1.6115693187332312,PFE,sell
4.370859775612653,20.807460841560363,2019-01-02,56.851056968307496,2.7711270973669144,0.0768826475477713,MRK,sell
31.405873793669457,20.632854449653625,2019-01-02,56.851056968307496,20.007795069993193,0.5524237449301452,MRK,sell
65.26244700103979,20.53395981712341,2019-01-02,56.851056968307496,41.690388085168536,1.1479548575046081,MRK,sell
24.456855282507213,19.061963801574706,2019-01-02,56.851056968307496,16.25655585174392,0.4301917428930313,MRK,sell
38.12836095194746,16.421372326278686,2019-01-02,60.32837272911072,27.74982788270476,0.632013747878684,ABT,sell
94.72590266954109,29.84445629405975,2019-01-02,103.94070219955444,67.52728843746794,0.9113456101891444,LLY,sell
37.08608320335051,38.92387224349975,2019-01-02,103.94070219955444,23.198030360994352,0.35680039117062545,LLY,sell
32.72048795489437,37.101056332397455,2019-01-02,151.61715180358885,24.713711331028694,0.21580993684198635,AMGN,sell
-27.31674693156528,,2019-01-02,39.17809747047424,,0.6972453665508382,BMY,buy
14.048947000459007,21.429405450248716,2019-01-02,212.76949035186766,12.633985762717579,0.0660289545142283,UNH,sell
-4.91897731636884,,2019-01-02,80.5303231880188,,0.061082299457363654,JPM,buy
-29.587097033930796,,2019-01-02,20.745556500625607,,1.4261896051348906,BAC,buy
12.56638028426508,17.74646649494171,2019-01-02,38.01239703598022,6.699640376589177,0.33058636824114274,WFC,sell
-98.9322649816193,,2019-01-02,41.255905899429315,,2.3980146072368225,C,buy
-2.489449692904384,,2019-01-02,34.123208068466184,,0.07295473766444971,USB,buy
1.386552847408634,32.315150100326534,2019-01-02,86.32950351791382,0.8675337223102538,0.01606117017829156,AXP,sell
-86.63963303289246,,2019-01-02,144.1490362564087,,0.6010420553820426,GS,buy
-42.212576364716284,,2019-01-02,321.7942817779541,,0.1311787646799889,BLK,buy
5.358918553655889,12.88737369213104,2019-01-02,27.827617770767212,2.877125589717468,0.19257554124109788,WMT,sell
5.859105414575004,13.261131194972991,2019-01-02,27.827617770767212,3.066974006565026,0.21055001771405557,WMT,sell
3.534783501811465,11.619519995594024,2019-01-02,27.827617770767212,2.058822177427434,0.12702429402795445,WMT,sell
8.642068653148874,12.90103795928955,2019-01-02,27.827617770767212,4.635557687694209,0.3105572573383313,WMT,sell
33.61352774707652,13.264116376399993,2019-01-02,27.827617770767212,17.591540254962098,1.2079197013546512,WMT,sell
18.62146894414837,12.762191712284087,2019-01-02,27.827617770767212,10.081364699967722,0.669172226582404,WMT,sell
142.37522426291008,37.60686135063171,2019-01-02,74.7376097946167,70.73411434068694,1.9050010383549258,PG,sell
9.06931967498119,37.86291509666442,2019-01-02,74.7376097946167,4.474700155010199,0.1213488055064138,PG,sell
96.29006149695766,17.115163609695433,2019-01-02,37.094110233306886,51.86197989201586,2.5958315455292578,KO,sell
76.16693976167544,36.866937180328364,2019-01-02,85.71725386505126,43.40758669336113,0.8885835269709954,PEP,sell
28.911757459347786,39.805810121536254,2019-01-02,146.64950122375487,21.064094029857124,0.19714869275439817,MCD,sell
45.3187861053838,50.15219700126647,2019-01-02,146.64950122375487,29.82035842817256,0.309027891177327,MCD,sell
30.93177239596768,50.159625598526,2019-01-02,146.64950122375487,20.351946965035783,0.21092313398852003,MCD,sell
7.2130415539581465,66.67124812850952,2019-01-02,146.64950122375487,3.9337771910235455,0.049185585315783875,MCD,sell
12.184248231592118,66.81352905197143,2019-01-02,146.64950122375487,6.633103383470092,0.08308414368898287,MCD,sell
-37.48160686522832,,2019-01-02,142.1826338821411,,0.2636159272186349,HD,buy
-53.60689519549182,,2019-01-02,79.90174017715454,,0.6709102339528155,LOW,buy
-9.49341953677419,,2019-01-02,184.69752668762206,,0.05139981951588535,COST,buy
-157.82996704883362,,2019-01-02,37.29732628517151,,4.231669740669398,GE,buy
-26.439222942175572,,2019-01-02,314.86539320068357,,0.0839699233803195,BA,buy
-37.66102578320833,,2019-01-02,107.89904675064086,,0.349039467144177,CAT,buy
12.855091320974664,42.404643413162226,2019-01-02,122.04322541427612,8.388513502671593,0.10533228106138637,MMM,sell
-47.10317723941037,,2019-01-02,111.27433260269164,,0.4233067603073719,HON,buy
-38.18296938726354,,2019-01-02,70.63692804641722,,0.5405525189624978,UPS,buy
-48.24181719849334,,2019-01-02,49.37976031150817,,0.9769552726494375,XOM,buy
7.521454885042317,39.726084400177,2019-01-02,79.1262134765625,3.7452353688156266,0.09505642383949287,CVX,sell
-65.14630204043921,,2019-01-02,48.741423926544186,,1.3365695294133797,COP,buy
-197.89809689408284,,2019-01-02,30.09238095588684,,6.576352239598007,SLB,buy
8.20007882185121,6.590213636589049,2019-01-02,12.987265232276917,4.039058752855929,0.6313938057930599,T,sell
62.24689166770036,13.10234397420883,2019-01-02,36.31103983955383,39.78594894726889,1.7142690471754118,VZ,sell
54.595995911413766,12.492932737541198,2019-01-02,36.31103983955383,35.81206387107076,1.5035646501079274,VZ,sell
55.959731016269004,13.027007271194456,2019-04-01,45.498409870147704,39.937460679271496,1.2299271815427808,AAPL,sell
34.36160969552718,23.423147810935973,2019-04-01,111.05345660018921,27.114135483016693,0.3094150398148763,MSFT,sell
22.55760342147774,15.299997703170774,2019-04-01,47.17678054389953,15.241901151025209,0.4781505469727243,INTC,sell
1.1203037351868097,15.500602276802061,2019-04-01,47.17678054389953,0.7522120081095993,0.023746930635597963,INTC,sell
10.317002642752762,10.971403514957426,2019-04-01,44.27253442268371,7.760293375154857,0.23303392898750985,CSCO,sell
92.33907575407085,10.211644302845,2019-04-01,44.27253442268371,71.04068366629139,2.085696627902095,CSCO,sell
53.16368518531719,21.01503211097717,2019-04-01,48.878934453964234,30.30646532592006,1.0876604774473648,ORCL,sell
79.01966632286566,71.47648169250488,2019-04-01,100.05662791213989,22.57115460374473,0.7897494446070392,IBM,sell
3.5851420986292464,69.51949294662475,2019-04-01,100.05662791213989,1.0941800700352031,0.0358311305651573,IBM,sell
-68.966937332367,,2019-04-01,48.649127613830565,,1.4176397546080608,QCOM,buy
19.81176295881983,17.687012903976438,2019-04-01,88.19516288909912,15.838632283345117,0.22463548237596775,TXN,sell
-20.653675888002056,,2019-04-01,113.18505485382079,,0.18247705860704322,JNJ,buy
-81.43567562385421,,2019-04-01,28.319501938438414,,2.875604090809258,PFE,buy
-11.560452524118814,,2019-04-01,63.16323622398376,,0.1830250192235905,MRK,buy
15.04094013903744,16.421372326278686,2019-04-01,69.46823727951049,11.485460860549201,0.21651535619824536,ABT,sell
1.081364638920647,38.92387224349975,2019-04-01,117.39421454544068,0.7228214243596514,0.009211396346129774,LLY,sell
-76.44468909117504,,2019-04-01,152.89990855865477,,0.4999655644780825,AMGN,buy
-140.9456788966726,,2019-04-01,35.46513110198974,,3.9742043668566893,BMY,buy
-73.13897785993252,,2019-04-01,215.68149582672118,,0.33910641049472545,UNH,buy
-41.49131356758528,,2019-04-01,85.54148082733154,,0.485043199700236,JPM,buy
13.627522406282058,6.213153633642196,2019-04-01,23.80883979206085,10.071284845123563,0.5723723845975144,BAC,sell
-49.70262364446625,,2019-04-01,39.94094111557006,,1.2444029173136038,WFC,buy
52.53249734202078,20.11577101898193,2019-04-01,49.88148611297607,31.34764961727605,1.0531461958258514,C,sell
-38.53999083147944,,2019-04-01,36.40557013778686,,1.0586289594041318,USB,buy
28.141349347860363,32.315150100326534,2019-04-01,101.19640873031616,19.154944201554017,0.27808644299676466,AXP,sell
12.987643735492089,72.49745954895019,2019-04-01,165.28843762664795,7.291109907295184,0.07857563373445675,GS,sell
4.166056573515087,92.6717508125305,2019-04-01,364.50406783447266,3.10687564600067,0.011429382937385935,BLK,sell
-46.93383435779592,,2019-04-01,29.361240548324584,,1.5984962992469356,WMT,buy
10.540452612102566,37.86291509666442,2019-04-01,85.52878725128174,5.874277922171213,0.12323865391818245,PG,sell
-78.2396673661902,,2019-04-01,37.30268968658447,,2.097426969035112,KO,buy
-1.4402689134180473,,2019-04-01,96.60576184921264,,0.014908726827972174,PEP,buy
-32.23057827022698,,2019-04-01,158.14016169433592,,0.20381020181656595,MCD,buy
9.780700438003457,19.169321537971495,2019-04-01,162.3138672317505,8.625596473318968,0.06025794717858979,HD,sell
37.21394623198674,14.426231854724882,2019-04-01,94.67502932281494,31.54342233131409,0.3930703428155038,LOW,sell
43.055844345864756,42.00601480636596,2019-04-01,220.5501271270752,34.855420892692536,0.19522022003214312,COST,sell
48.442521754476246,53.495573477935785,2019-04-01,48.6506016620636,-4.8242497435181235,0.9957229736019975,GE,sell
24.260098847475287,49.50798568763732,2019-04-01,48.6506016620636,-0.42754293883448824,0.49865979080773926,GE,sell
11.977103795060389,69.39130574417113,2019-04-01,48.6506016620636,-5.1060738631674685,0.2461861392435729,GE,sell
20.553640534971965,53.600780127716064,2019-04-01,48.6506016620636,-2.091324367861148,0.42247453952864733,GE,sell
4.150584546658662,74.41002940597534,2019-04-01,48.6506016620636,-2.197643586554473,0.08531414627694467,GE,sell
3.5338667334401364,81.566715574646,2019-04-01,48.6506016620636,-2.3909500802845156,0.07263767790554887,GE,sell
40.59272387705923,61.91375838050842,2019-04-01,382.1018786773682,34.0152945620544,0.10623534230600873,BA,sell
14.76846735387968,58.350028179168696,2019-04-01,382.1018786773682,12.513203681152145,0.038650601261109196,BA,sell
-6.865321171515302,,2019-04-01,120.51109471664428,,0.05696837446923553,CAT,buy
-6.415275271964385,,2019-04-01,136.58634250946045,,0.04696864381971455,MMM,buy
65.56272646854792,26.48581989059448,2019-04-01,136.82787470855712,52.87172641844137,0.47916206115308224,HON,sell
37.794965479942434,32.45813341941833,2019-04-01,83.76200423583984,23.14925537161886,0.4512184948861435,UPS,sell
36.728139747603386,37.16279843521118,2019-04-01,58.471873658752436,13.384942943166063,0.6281334503141185,XOM,sell
7.818335701914886,39.726084400177,2019-04-01,90.21055867996216,4.375369950366144,0.0866676342139927,CVX,sell
-34.76076752285957,,2019-04-01,52.292323955535885,,0.6647393899038914,COP,buy
8.438538503874092,43.52326189689636,2019-04-01,36.57584229354858,-1.6028630962180355,0.2307134429372395,SLB,sell
5.354829629399988,37.37865148353576,2019-04-01,36.57584229354858,-0.11753403798047923,0.14640345358073947,SLB,sell
12.666386467662521,59.984220324707024,2019-04-01,36.57584229354858,-8.106431571531898,0.34630471025124354,SLB,sell
30.112328786785426,39.652191616439815,2019-04-01,36.57584229354858,-2.532711113811999,0.8232846299235268,SLB,sell
-14.112394370692355,,2019-04-01,14.376850388050078,,0.9816054274601385,T,buy
-39.22134644539541,,2019-04-01,38.75490028610229,,1.0120357982048631,VZ,buy
20.13761053474395,13.027007271194456,2019-07-01,48.135943711853024,14.687778691185546,0.4183487220130111,AAPL,sell
51.006593156406566,23.423147810935973,2019-07-01,127.06692803878784,41.60418617864374,0.40141517500790247,MSFT,sell
30.64350251363353,22.11813108692169,2019-07-01,127.06692803878784,25.30948668417973,0.2411603316976345,MSFT,sell
-102.05231373777437,,2019-07-01,41.89913614959716,,2.4356662956822213,INTC,buy
-19.861893774576814,,2019-07-01,44.42051123619079,,0.4471333900001291,CSCO,buy
27.01008482725689,21.01503211097717,2019-07-01,52.1833176109314,16.132704354879337,0.5175999929448487,ORCL,sell
-30.013069115251472,,2019-07-01,98.96729230422973,,0.30326250639443586,IBM,buy
10.309948694109497,42.58347944831848,2019-07-01,65.73994528656006,3.631612008323022,0.15682928619986658,QCOM,sell
19.634753963826093,56.81565637779235,2019-07-01,65.73994528656006,2.665445130231639,0.29867311081927905,QCOM,sell
39.82789645205364,52.9381958240509,2019-07-01,65.73994528656006,7.755813452162791,0.6058401216861995,QCOM,sell
28.394574058325933,53.53594213981628,2019-07-01,65.73994528656006,5.271185877136766,0.43192269075604095,QCOM,sell
32.944419819778986,50.33194156990051,2019-07-01,65.73994528656006,7.721450646386877,0.5011324496266987,QCOM,sell
65.90574870351574,45.914422758865356,2019-07-01,65.73994528656006,19.87552468945031,1.0025221106624436,QCOM,sell
33.73361395544452,39.14629498138427,2019-07-01,65.73994528656006,13.646192267888807,0.5131372380734405,QCOM,sell
40.00458896463547,17.687012903976438,2019-07-01,95.76395770111084,32.615987885259095,0.41774160054551945,TXN,sell
-14.392122046011972,,2019-07-01,114.27110355758666,,0.1259471694763068,JNJ,buy
0.7342051727290969,8.107896861362457,2019-07-01,29.15007473373413,0.5299909513268671,0.025187076857797308,PFE,sell
-3.9574456669960303,,2019-07-01,64.69190487823487,,0.061173738421288704,MRK,buy
25.133762082284683,16.421372326278686,2019-07-01,73.98181445388794,19.55494696183974,0.33972892213870054,ABT,sell
-108.03328021913936,,2019-07-01,103.27715371551513,,1.0460520679793843,LLY,buy
-35.461161527016,,2019-07-01,149.8576193130493,,0.23663235602948163,AMGN,buy
-28.870792900922535,,2019-07-01,35.08664674377441,,0.8228427501709099,BMY,buy
-26.5579941512509,,2019-07-01,214.0780029510498,,0.12405755745639846,UNH,buy
46.34358358416297,19.14870011844635,2019-07-01,93.5116368095398,36.853648269751304,0.4955916200948707,JPM,sell
4.752778179016826,6.213153633642196,2019-07-01,24.67557274188995,3.5560586004384858,0.19261065300212366,BAC,sell
-30.89154743235744,,2019-07-01,39.40171122703552,,0.7840153757373152,WFC,buy
54.5477232516101,20.11577101898193,2019-07-01,55.17914005622863,34.66213769485721,0.9885569654768975,C,sell
41.58794166828172,13.849085008621214,2019-07-01,39.55523490257263,27.027165050060844,1.0513890707694138,USB,sell
66.0381948938354,32.315150100326534,2019-07-01,113.57392309341431,47.248369534068004,0.5814556114216387,AXP,sell
18.859060552629597,72.49745954895019,2019-07-01,174.5739406677246,11.027227380301822,0.10802907055025468,GS,sell
40.87834582171381,92.6717508125305,2019-07-01,396.231781842041,31.317608770266194,0.10316776113131199,BLK,sell
30.301954485644718,12.762191712284087,2019-07-01,33.33292425956726,18.700231534748564,0.9090697908674308,WMT,sell
1.8602961454285225,15.068516352081298,2019-07-01,33.33292425956726,1.019328738284286,0.055809569269776205,WMT,sell
44.25448513830423,15.428356687164305,2019-07-01,33.33292425956726,23.771014309170518,1.327650847363092,WMT,sell
31.30228847600247,37.86291509666442,2019-07-01,91.82542479629517,18.395232575881032,0.3408891224346986,PG,sell
59.447906091458606,17.115163609695433,2019-07-01,41.462555916595456,34.90864128936078,1.4337733112990385,KO,sell
42.142525298865415,36.866937180328364,2019-07-01,105.03870320205688,27.35115996922142,0.4012094972059801,PEP,sell
51.17827097987057,66.81352905197143,2019-07-01,173.94478848724364,31.520304077378327,0.29422135279220374,MCD,sell
37.544700653280024,19.169321537971495,2019-07-01,175.6837437057495,33.44809829446964,0.21370617372637035,HD,sell
-62.53506181000005,,2019-07-01,89.32821018905639,,0.7000594960723978,LOW,buy
37.420995109694175,42.00601480636596,2019-07-01,238.67870935821531,30.835125432111823,0.15678396791366822,COST,sell
14.120247106862553,81.566715574646,2019-07-01,51.25283232192993,-8.351529133225771,0.2755017911628821,GE,sell
2.8202212788249406,90.65947894973755,2019-07-01,51.25283232192993,-2.1683770108315703,0.05502566689603672,GE,sell
-81.51559884655809,,2019-07-01,350.356161743164,,0.23266494997828757,BA,buy
-35.621108441960956,,2019-07-01,118.08627230758665,,0.3016532552503346,CAT,buy
-142.3788644889973,,2019-07-01,113.42656442947387,,1.255251494261076,MMM,buy
50.35739488055411,26.48581989059448,2019-07-01,150.55594448547362,41.49851590686743,0.334476297516189,HON,sell
-86.64137877882968,,2019-07-01,76.20106191482543,,1.1370101229779976,UPS,buy
-58.766085611931864,,2019-07-01,55.47856613159179,,1.0592574702190802,XOM,buy
-14.795580144618604,,2019-07-01,91.15273628082275,,0.1623163576684794,CVX,buy
-75.38709003982618,,2019-07-01,48.32930474281311,,1.5598629121813872,COP,buy
-99.10318719628661,,2019-07-01,32.635324169158935,,3.036684626835765,SLB,buy
27.721185337329533,6.590213636589049,2019-07-01,15.34161216688156,15.813145188403254,1.8069277880177523,T,sell
-43.56729170814311,,2019-07-01,37.544031298065185,,1.1604319036029658,VZ,buy
52.040079348899006,13.027007271194456,2019-10-01,53.84234605979919,39.44912554241526,0.96652696543166,AAPL,sell
36.474505713721435,12.511238923645019,2019-10-01,53.84234605979919,27.99899732670955,0.6774315828142328,AAPL,sell
11.426458701448311,22.11813108692169,2019-10-01,128.79617783660888,9.4641961897568,0.08871737417506242,MSFT,sell
48.10011066560249,15.500602276802061,2019-10-01,44.4987362915039,31.345012722741988,1.0809320595197711,INTC,sell
-88.5903700672778,,2019-10-01,38.98462183074951,,2.27244400245538,CSCO,buy
-49.19447064301548,,2019-10-01,48.66016362342834,,1.0109803786054243,ORCL,buy
18.821129800893623,69.51949294662475,2019-10-01,102.69544259490966,6.080200238888027,0.18327132465980078,IBM,sell
5.027765659936179,74.26839743499755,2019-10-01,102.69544259490966,1.3917318807635723,0.04895802124120152,IBM,sell
1.7170471279462887,81.11012024154662,2019-10-01,102.69544259490966,0.3609022446968251,0.016719798703427546,IBM,sell
4.604112262580848,104.19291728744506,2019-10-01,102.69544259490966,-0.06713580876225222,0.04483268338150248,IBM,sell
-12.336053781059558,,2019-10-01,64.59999793701171,,0.1909605909444121,QCOM,buy
28.77408953505553,17.687012903976438,2019-10-01,105.70591465988159,23.959527411978293,0.2722088884774214,TXN,sell
48.91957608805968,20.00256316680908,2019-10-01,105.70591465988159,39.66260202049303,0.46278939305773825,TXN,sell
-42.887634663550934,,2019-10-01,107.3867102165222,,0.39937562643531255,JNJ,buy
-133.16610251197287,,2019-10-01,23.849891329765317,,5.583509822779693,PFE,buy
-3.6410713493663303,,2019-10-01,64.24583784484862,,0.05667404257625819,MRK,buy
-18.97324148025678,,2019-10-01,72.03051914978026,,0.26340559118842144,ABT,buy
-6.12417783711358,,2019-10-01,102.21642179336547,,0.05991383507332948,LLY,buy
33.78830846274089,37.101056332397455,2019-10-01,156.23992067871094,25.764866501128434,0.21625912453080787,AMGN,sell
46.083056956845006,20.87651320323944,2019-10-01,38.769557082366944,21.268392580842416,1.1886402740929007,BMY,sell
33.59173733037591,21.30142820301056,2019-10-01,38.769557082366944,15.13519475401418,0.8664462495408287,BMY,sell
-72.56125637249865,,2019-10-01,192.54522509613037,,0.3768530553602232,UNH,buy
18.799302117542883,19.14870011844635,2019-10-01,95.72276493759155,15.038627225633942,0.1963932208790613,JPM,sell
-18.38587963438009,,2019-10-01,24.0444759147644,,0.7646612760268283,BAC,buy
24.11871880666099,17.74646649494171,2019-10-01,40.93259649009705,13.661966196137431,0.5892301215852775,WFC,sell
6.9213954361008865,16.409738898658752,2019-10-01,40.93259649009705,4.146631515413318,0.16909250889509053,WFC,sell
-20.17469111643795,,2019-10-01,53.633525506591795,,0.3761582130930101,C,buy
17.775549621647123,13.849085008621214,2019-10-01,40.43541287155151,11.687443174776808,0.4396035148228492,USB,sell
-44.82562048667935,,2019-10-01,106.58143653106688,,0.4205762461609659,AXP,buy
-8.874193888443235,,2019-10-01,172.3694755981445,,0.05148355796551929,GS,buy
-54.20907037876154,,2019-10-01,366.7754230651855,,0.1477990807719065,BLK,buy
14.531482580671375,15.428356687164305,2019-10-01,35.686336294555666,8.24905295277717,0.40720018050405216,WMT,sell
38.76305715256585,17.720430139541623,2019-10-01,35.686336294555666,19.514848521748906,1.0862156549950903,WMT,sell
1.3539515323140339,37.86291509666442,2019-10-01,103.59517245025634,0.8590968909201906,0.013069639253355803,PG,sell
7.591725771068722,41.07768827781677,2019-10-01,103.59517245025634,4.581445105100706,0.07328262110586348,PG,sell
50.36238696715975,39.66355210227966,2019-10-01,103.59517245025634,31.0801066038901,0.48614607974461777,PG,sell
36.27898940663871,43.759041603851315,2019-10-01,103.59517245025634,20.95458992699041,0.3501996140221584,PG,sell
10.952864787351483,17.115163609695433,2019-10-01,44.23442177696228,6.714987014796906,0.24760953907293626,KO,sell
37.47028991954255,16.728872734832763,2019-10-01,44.23442177696228,23.299522308700254,0.8470844291460242,KO,sell
2.115923003316714,20.955836192321776,2019-10-01,44.23442177696228,1.1135150578337738,0.047834309081411064,KO,sell
37.356065111611585,36.866937180328364,2019-10-01,110.1757755088806,24.856006006849192,0.3390587898208217,PEP,sell
15.05025334547157,66.81352905197143,2019-10-01,177.1700682723999,9.374573762895915,0.08494805862089372,MCD,sell
79.02242800501918,19.169321537971495,2019-10-01,194.24053855133056,71.22381736258056,0.4068276817721883,HD,sell
58.289259705826126,14.426231854724882,2019-10-01,96.10778728637695,49.53976709030198,0.6064988212884233,LOW,sell
59.985890934699086,42.00601480636596,2019-10-01,257.7042767852783,50.20814004050062,0.23277025776595828,COST,sell
-137.71508827900735,,2019-10-01,41.616456264877314,,3.309149808491348,GE,buy
44.33492646754439,58.350028179168696,2019-10-01,370.30051407165524,37.34885944792908,0.11972688339008175,BA,sell
-70.13066799996494,,2019-10-01,106.59887426605223,,0.6578931389550231,CAT,buy
-60.4540831909328,,2019-10-01,103.88448925857543,,0.5819356058098197,MMM,buy
-47.6432730583808,,2019-10-01,140.70908419799804,,0.33859415211131516,HON,buy
100.0541585860143,32.45813341941833,2019-10-01,86.31061111221314,62.427600429331825,1.1592335785449723,UPS,sell
-63.45215237935977,,2019-10-01,50.58529643707275,,1.2543596034530147,XOM,buy
-43.57287595823896,,2019-10-01,85.57622650680541,,0.5091703354642991,CVX,buy
-79.15974218284207,,2019-10-01,43.03465411949158,,1.839441812708527,COP,buy
-112.8411762909522,,2019-10-01,27.565772258377073,,4.093524942210188,SLB,buy
94.21560634218405,6.590213636589049,2019-10-01,17.513380163383484,58.76265734528335,5.37963576780955,T,sell
11.204349813037458,6.140726719045639,2019-10-01,17.513380163383484,7.2757620918444745,0.6397594130037341,T,sell
2.1436868810732026,12.492932737541198,2019-10-01,40.01915096168518,1.474483877710203,0.05356652576476684,VZ,sell
13.084327177050422,17.33017301979065,2019-10-01,40.01915096168518,7.418198626673892,0.3269516434663373,VZ,sell
31.06261048727888,18.71013421230316,2019-10-01,40.01915096168518,16.539923292892432,0.7761936408150838,VZ,sell
4.664867648101649,18.376257702636718,2019-10-01,40.01915096168518,2.522822952243888,0.11656588248381006,VZ,sell
109.09743390117944,12.511238923645019,2020-01-02,72.22094770431518,90.19787491058659,1.5106065119477918,AAPL,sell
56.457692084205696,16.867111066055298,2020-01-02,72.22094770431518,43.27206944718026,0.7817356858200348,AAPL,sell
44.18286606845575,22.11813108692169,2020-01-02,151.43816951293945,37.72978738531366,0.2917551513634784,MSFT,sell
12.033538921901625,15.500602276802061,2020-01-02,53.628899233245846,8.555430971194669,0.224385342491642,INTC,sell
53.69062978359011,16.831901576423643,2020-01-02,53.628899233245846,36.83935353115207,1.0011510687563394,INTC,sell
-63.211844389163524,,2020-01-02,40.13225994262695,,1.5750880832410417,CSCO,buy
-79.4945453986497,,2020-01-02,49.01347244262695,,1.621891725621003,ORCL,buy
-118.76319146819475,,2020-01-02,98.08564836349487,,1.210811096727129,IBM,buy
29.33504506504463,39.14629498138427,2020-01-02,76.39751119766235,14.303687244535208,0.38397906692465966,QCOM,sell
21.067913657386743,37.258030303573605,2020-01-02,76.39751119766235,10.793377835806135,0.27576701553638294,QCOM,sell
-73.6531435945915,,2020-01-02,107.4647753829956,,0.6853700976166168,TXN,buy
11.127963465873318,39.80646670875549,2020-01-02,121.25360214614868,7.474753174383407,0.09177429180586838,JNJ,sell
-0.10630442108555045,,2020-01-02,26.60192321605682,,0.003996117882987704,PFE,buy
-5.25720550204264,,2020-01-02,71.20841850814818,,0.0738284266408904,MRK,buy
-35.85508103624848,,2020-01-02,76.83487471923827,,0.46665112902527994,ABT,buy
60.72790203151255,38.92387224349975,2020-01-02,122.32105356445312,41.403631749251986,0.49646320287385315,LLY,sell
12.414360774056902,37.101056332397455,2020-01-02,195.46802648620604,10.058037304236157,0.06351095366961701,AMGN,sell
86.960990087949,35.45139239616394,2020-01-02,195.46802648620604,71.1891616299359,0.44488600847507787,AMGN,sell
33.47848116775917,21.30142820301056,2020-01-02,49.23548096122742,18.99422207211928,0.6799665711425309,BMY,sell
36.809108433958166,20.980797958755492,2020-01-02,49.23548096122742,21.123581411220897,0.7476134632044129,BMY,sell
22.491741146222164,34.29975368309021,2020-01-02,49.23548096122742,6.822935517477209,0.4568197711714088,BMY,sell
20.43541244740931,32.281984811019896,2020-01-02,49.23548096122742,7.0366264224753845,0.41505459169784586,BMY,sell
77.24358012982282,21.429405450248716,2020-01-02,259.91851552734374,70.87510732721245,0.297183830759824,UNH,sell
95.97985753204544,28.769857784271238,2020-01-02,259.91851552734374,85.35604011854122,0.3692690277847799,UNH,sell
84.5177391968824,19.14870011844635,2020-01-02,117.81665575103759,70.78110041475583,0.7173666461512855,JPM,sell
12.396999457809029,6.213153633642196,2020-01-02,30.25379568271637,9.851055701351731,0.4097667475453761,BAC,sell
68.56218796369654,9.407287739944458,2020-01-02,30.25379568271637,47.24307028937703,2.2662342498354775,BAC,sell
24.963240210837622,12.118853621482849,2020-01-02,30.25379568271637,14.963640253008688,0.8251275467262715,BAC,sell
-6.939544810099701,,2020-01-02,45.338263656616206,,0.1530615478055921,WFC,buy
62.257456517407384,20.11577101898193,2020-01-02,64.29427217559814,42.77894471299655,0.9683204181450584,C,sell
-5.108855405015198,,2020-01-02,44.888531950378415,,0.11381204024811353,USB,buy
-21.47668253876694,,2020-01-02,115.77756658477783,,0.18549951577226054,AXP,buy
8.795508934711432,72.49745954895019,2020-01-02,200.11112108917234,5.609019099783541,0.04395312407845653,GS,sell
25.68916755733085,74.42014542999267,2020-01-02,200.11112108917234,16.13551768926535,0.12837451220856133,GS,sell
48.4487424105385,92.6717508125305,2020-01-02,432.78119154052735,38.07437801667954,0.11194743061287027,BLK,sell
-74.7111377517868,,2020-01-02,36.22863133430481,,2.062212537437013,WMT,buy
-82.76055390941512,,2020-01-02,104.03206105346679,,0.7955293115540671,PG,buy
-74.77139150549667,,2020-01-02,44.9049199092865,,1.6651046623965513,KO,buy
-88.0250308966486,,2020-01-02,109.84930929489136,,0.8013253015578341,PEP,buy
-109.21402298903452,,2020-01-02,171.52479904479978,,0.6367243896931161,MCD,buy
-116.64577647731578,,2020-01-02,186.08243709716797,,0.6268500042075762,HD,buy
-7.498928899552733,,2020-01-02,106.37875721817016,,0.07049272895878378,LOW,buy
-63.63904068771619,,2020-01-02,265.5121445068359,,0.2396841048680458,COST,buy
1.232923594700803,90.65947894973755,2020-01-02,57.63521760177612,-0.7064498531920638,0.021391844188384024,GE,sell
18.637812040251955,102.97188646697997,2020-01-02,57.63521760177612,-14.66076381769005,0.3233754085744547,GE,sell
2.784094175568629,105.9483032180786,2020-01-02,57.63521760177612,-2.333784548146673,0.048305433577175094,GE,sell
10.916601372676448,101.82469880447387,2020-01-02,57.63521760177612,-8.369864316090732,0.18940852185383328,GE,sell
14.471210824238401,102.37480437316894,2020-01-02,57.63521760177612,-11.233339949048467,0.2510827828260416,GE,sell
7.476218142644715,135.17098477630614,2020-01-02,57.63521760177612,-10.05764068176667,0.12971614324944136,GE,sell
18.091251467111597,128.2228261276245,2020-01-02,57.63521760177612,-22.15690734659082,0.3138923078613325,GE,sell
0.3567799510522404,138.12286348876953,2020-01-02,57.63521760177612,-0.498243600957388,0.006190311512613178,GE,sell
20.05223143255085,131.27262795257568,2020-01-02,57.63521760177612,-25.61965506316479,0.3479162960934654,GE,sell
27.049496522428516,121.61418414916992,2020-01-02,57.63521760177612,-30.026759768474744,0.4693223630961869,GE,sell
47.102897340677416,109.94230036849974,2020-01-02,57.63521760177612,-42.74843146728006,0.8172589486193917,GE,sell
30.752724248735564,81.0097998222351,2020-01-02,57.63521760177612,-12.47209798741213,0.5335752258492015,GE,sell
-162.5157739661684,,2020-01-02,331.5805157775879,,0.49012461900860926,BA,buy
8.508842537643147,61.338561254882805,2020-01-02,131.9754388320923,4.554166093131397,0.06447292475737587,CAT,sell
51.604805033760805,59.62772782096862,2020-01-02,131.9754388320923,28.28927529551839,0.3910182492320846,CAT,sell
18.688870271264932,60.79831976394653,2020-01-02,131.9754388320923,10.079299272036108,0.14160869959327904,CAT,sell
12.298989730401454,72.6936340675354,2020-01-02,131.9754388320923,5.524560588327087,0.09319150471663917,CAT,sell
22.59073402317805,42.404643413162226,2020-01-02,118.92104571075438,14.535372459805702,0.18996413871203544,MMM,sell
-6.577181232917879,,2020-01-02,155.70532251281736,,0.04224121004197823,HON,buy
-72.83928003009613,,2020-01-02,87.84255944976806,,0.8292026152966159,UPS,buy
-54.95637452458071,,2020-01-02,52.64322783317566,,1.0439400619341832,XOM,buy
-42.95108785281121,,2020-01-02,90.45697523574829,,0.4748233924567167,CVX,buy
52.75449060917644,50.94884343605041,2020-01-02,51.39407173347473,0.4570136446323332,1.0264703462834532,COP,sell
6.183144824254695,47.281677843475336,2020-01-02,51.39407173347473,0.4947560319429716,0.12030852228093458,COP,sell
17.046849260397728,39.652191616439815,2020-01-02,34.28702886772156,-2.667455409675423,0.4971807072045822,SLB,sell
23.541517504062366,48.322452568054196,2020-01-02,34.28702886772156,-9.636739712648929,0.6866012682196789,SLB,sell
8.92294243593351,45.11666165275573,2020-01-02,34.28702886772156,-2.8183308129719435,0.26024250950287886,SLB,sell
10.19775003718847,49.98311434020996,2020-01-02,34.28702886772156,-4.668376394709133,0.29742297230043224,SLB,sell
7.724006273182658,52.01683599128723,2020-01-02,34.28702886772156,-3.9940801512160906,0.22527487881734132,SLB,sell
12.003314856732942,51.365596903991694,2020-01-02,34.28702886772156,-5.978920781744254,0.35008326043768356,SLB,sell
15.901148407706936,63.151016830444334,2020-01-02,34.28702886772156,-13.386127972890781,0.46376571353129314,SLB,sell
-42.37598047899072,,2020-01-02,18.551910053253174,,2.284184235334834,T,buy
-62.31171577320649,,2020-01-02,41.30409253005981,,1.508608758995443,VZ,buy
18.672983881406935,16.867111066055298,2020-04-01,58.06573649253845,13.248798947442928,0.3215835191172758,AAPL,sell
28.05238566531187,24.551966300773618,2020-04-01,58.06573649253845,16.19098048706968,0.48311426599947893,AAPL,sell
94.84313637624055,22.11813108692169,2020-04-01,143.80635427093506,80.25579123631539,0.6595197886565813,MSFT,sell
65.46523894829392,23.100606974220273,2020-04-01,143.80635427093506,54.94910589503004,0.4552318934736057,MSFT,sell
5.502737097025579,27.496069035530088,2020-04-01,143.80635427093506,4.450602510405522,0.03826490925886539,MSFT,sell
31.30234677817242,16.831901576423643,2020-04-01,45.95610088920593,19.837535580383623,0.6811358268543763,INTC,sell
12.960602847058313,19.52548574810028,2020-04-01,45.95610088920593,7.453998472872519,0.28202137684188244,INTC,sell
45.74998832114805,23.824555461311338,2020-04-01,45.95610088920593,22.03228570883726,0.9955150118467451,INTC,sell
3.989870576434637,10.211644302845,2020-04-01,31.724851175308228,2.7056048468400267,0.12576483194159138,CSCO,sell
32.60495696040086,11.21398386220932,2020-04-01,31.724851175308228,21.07987653806812,1.027741841253384,CSCO,sell
14.893090828382125,21.01503211097717,2020-04-01,44.387730065917964,7.84207061344072,0.3355226952643253,ORCL,sell
76.45121199531849,26.705740344047545,2020-04-01,44.387730065917964,30.454577035551367,1.72235011526349,ORCL,sell
39.53305606488053,24.81055287017822,2020-04-01,44.387730065917964,17.436026634431013,0.8906302711621432,ORCL,sell
12.175642194572278,104.19291728744506,2020-04-01,76.84118539352417,-4.333937578353877,0.15845203496298987,IBM,sell
7.093697441198709,110.40992025909424,2020-04-01,76.84118539352417,-3.098942935362895,0.09231634578344927,IBM,sell
11.511713224861456,111.66226876296996,2020-04-01,76.84118539352417,-5.216607784942294,0.1498117600074349,IBM,sell
1.6988579355475701,37.258030303573605,2020-04-01,57.21780445976257,0.5926270858719285,0.02969107171426444,QCOM,sell
0.5735141340459826,20.00256316680908,2020-04-01,80.82738388366698,0.4315850978442962,0.007095542457138393,TXN,sell
0.22626019236929626,22.473069922065733,2020-04-01,80.82738388366698,0.1633513008602797,0.0027993011959281944,TXN,sell
4.362204757641737,19.210346787071227,2020-04-01,80.82738388366698,3.3254340232193482,0.05396939190708139,TXN,sell
18.672746944311598,39.80646670875549,2020-04-01,107.68149764099121,11.770019030200526,0.17340719950391392,JNJ,sell
9.91657040300872,40.78700337333679,2020-04-01,107.68149764099121,6.160426596131729,0.09209168353202557,JNJ,sell
41.893008732258124,39.008236066436766,2020-04-01,107.68149764099121,26.717027621654218,0.3890455616797688,JNJ,sell
44.374755740369174,40.02568667526245,2020-04-01,107.68149764099121,27.88046369888108,0.41209266877318207,JNJ,sell
0.6250429769827164,38.24675903892517,2020-04-01,107.68149764099121,0.40303763109374785,0.005804553156073311,JNJ,sell
41.892422119107316,8.107896861362457,2020-04-01,21.769167107391358,26.289646131455694,1.924392509481148,PFE,sell
17.49022484481839,6.826188983631133,2020-04-01,21.769167107391358,12.00578992969509,0.803440239975,PFE,sell
50.36310579682976,19.061963801574706,2020-04-01,57.48784082679748,33.663579673967604,0.8760653569955164,MRK,sell
60.707615182389894,16.421372326278686,2020-04-01,67.85471299667358,46.01589653936293,0.894670576314514,ABT,sell
0.18369272749449894,17.111016039848327,2020-04-01,67.85471299667358,0.13737068046563677,0.0027071476597875233,ABT,sell
23.50698122012015,20.209542744255064,2020-04-01,67.85471299667358,16.50576758622403,0.3464310757791065,ABT,sell
28.051696633316745,22.008313057136533,2020-04-01,67.85471299667358,18.953278940206424,0.41340822758607665,ABT,sell
55.07963144887325,38.92387224349975,2020-04-01,126.87028843917847,38.18117110712993,0.4341412960157207,LLY,sell
27.784327715111083,39.67936363868713,2020-04-01,126.87028843917847,19.094630100110653,0.21899790768136285,LLY,sell
81.46273925344256,40.11904039878845,2020-04-01,126.87028843917847,55.70251621531486,0.64209469573718,LLY,sell
63.8093242268182,69.51304159545897,2020-04-01,126.87028843917847,28.847787812535074,0.5029493115514461,LLY,sell
9.310281633944467,62.01509421958923,2020-04-01,126.87028843917847,4.759350128678978,0.07338425527745063,LLY,sell
27.618471533759113,35.45139239616394,2020-04-01,162.18241329345702,21.58136028450211,0.17029264130991528,AMGN,sell
40.13616563824078,46.20934875869751,2020-04-01,162.18241329345702,28.700486280957826,0.24747544954592193,AMGN,sell
37.565985997307266,32.281984811019896,2020-04-01,42.61271688423157,9.107237575546595,0.8815674930881539,BMY,sell
16.580607434345854,41.54920951805114,2020-04-01,42.61271688423157,0.41381069857805386,0.3890999834483999,BMY,sell
23.580507731624902,45.42685330543518,2020-04-01,42.61271688423157,-1.5572526346611468,0.5533678548515795,BMY,sell
19.286932814189864,38.45640504760742,2020-04-01,42.61271688423157,1.8811874250021212,0.4526097893872336,BMY,sell
0.4322298628514675,28.769857784271238,2020-04-01,211.7984450958252,0.3735174786376662,0.002040760321238011,UNH,sell
55.17814954605614,33.57833611068725,2020-04-01,211.7984450958252,46.430255053322874,0.26052197654752174,UNH,sell
-118.85414391090987,,2020-04-01,70.99605835113525,,1.6740949662737066,JPM,buy
-154.48283509585826,,2020-04-01,16.912946198272703,,9.133999084774207,BAC,buy
-202.52159972557095,,2020-04-01,22.650987880325317,,8.940961021019376,WFC,buy
-220.8436852173105,,2020-04-01,30.72609069137573,,7.187497017943041,C,buy
-164.71003539914807,,2020-04-01,24.498651036834715,,6.7232287668206645,USB,buy
-105.12786836578356,,2020-04-01,71.61005138320922,,1.4680602280706285,AXP,buy
-100.7652607883944,,2020-04-01,125.01234366760254,,0.8060424901425804,GS,buy
5.716445115025616,92.6717508125305,2020-04-01,350.8703381011963,4.206619633339066,0.016292186868691383,BLK,sell
27.482861068686734,133.28070071105955,2020-04-01,350.8703381011963,17.043292421755908,0.07832768428763637,BLK,sell
19.032423751849183,96.99664501724243,2020-04-01,350.8703381011963,13.77098939844593,0.0542434674154757,BLK,sell
20.36611258248587,17.720430139541623,2020-04-01,34.87154983634949,10.01680843840138,0.5840323323185537,WMT,sell
27.864668353931506,19.32804004611969,2020-04-01,34.87154983634949,12.420289530962275,0.7990659573405559,WMT,sell
33.377387463440584,19.184703620529174,2020-04-01,34.87154983634949,15.014702434563564,0.957152395579751,WMT,sell
0.6383545006552941,20.691367059516907,2020-04-01,34.87154983634949,0.2595807624893728,0.01830588269380229,WMT,sell
36.19069925972263,20.26010759487152,2020-04-01,34.87154983634949,15.16417579355554,1.0378288154545423,WMT,sell
39.78753392918687,19.989879963111875,2020-04-01,34.87154983634949,16.979599351996676,1.1409740638402326,WMT,sell
19.269984831408408,21.82377387485504,2020-04-01,34.87154983634949,7.210188421265023,0.5525990362298643,WMT,sell
15.88989014534725,43.759041603851315,2020-04-01,92.58077031784057,8.379406471861483,0.17163272773379834,PG,sell
58.29024590649288,44.59033064918518,2020-04-01,92.58077031784057,30.215502850569518,0.6296150453963136,PG,sell
40.577140015120506,40.72768148155212,2020-04-01,92.58077031784057,22.7266422465822,0.43828907316081356,PG,sell
3.2632956695360016,46.96875677299499,2020-04-01,92.58077031784057,1.607736528532957,0.035248093727592966,PG,sell
21.104161546235233,22.335749667739865,2020-04-01,34.64836328086853,7.4995573280461425,0.6090954823799173,KO,sell
37.164138815719426,36.866937180328364,2020-04-01,96.0442712928772,22.898551158730854,0.38694800132733764,PEP,sell
15.474571598819953,41.242537478256224,2020-04-01,96.0442712928772,8.829608910955592,0.1611191525586344,PEP,sell
52.606812011280915,40.77592155532837,2020-04-01,96.0442712928772,30.272411312808643,0.5477350320131205,PEP,sell
3.4741005190137186,66.81352905197143,2020-04-01,135.77203472442628,1.7644928194037433,0.025587747330037658,MCD,sell
33.9821317498071,60.29899281845092,2020-04-01,135.77203472442628,18.89000823190989,0.2502881526286318,MCD,sell
58.70798047216993,19.169321537971495,2020-04-01,152.12366345214843,51.310103449112454,0.38592273641001906,HD,sell
-62.45027550160974,,2020-04-01,71.33991918563842,,0.8753903314510865,LOW,buy
19.94476592351993,42.00601480636596,2020-04-01,261.4064868896484,16.739795218081564,0.07629789972250967,COST,sell
35.50748974798006,42.65282192993164,2020-04-01,261.4064868896484,29.713851436170284,0.13583247367143336,COST,sell
18.256889187988655,53.35063566665649,2020-04-01,261.4064868896484,14.530827700133997,0.06984099516893671,COST,sell
121.80058195971785,61.33380863227844,2020-04-01,261.4064868896484,93.2225092649453,0.4659432266160075,COST,sell
-127.91229961112056,,2020-04-01,34.09253552017211,,3.7519151233394332,GE,buy
-288.6430250748211,,2020-04-01,130.79148694610595,,2.206894590882353,BA,buy
-1.607919936363537,,2020-04-01,98.44731340026854,,0.01633279650635089,CAT,buy
-0.41512730587917446,,2020-04-01,88.8827997428894,,0.004670502134046295,MMM,buy
-20.90632550644143,,2020-04-01,112.31733666992187,,0.1861362290656956,HON,buy
28.421938972241634,32.45813341941833,2020-04-01,68.56363565368652,14.966948168381272,0.41453372040829706,UPS,sell
-171.94192161672922,,2020-04-01,28.26607024478912,,6.0829793504255125,XOM,buy
-143.8758688248553,,2020-04-01,51.66939828338623,,2.7845470163161767,CVX,buy
-238.48254083705064,,2020-04-01,23.452719048690795,,10.168652101358946,COP,buy
-351.21745857780525,,2020-04-01,10.920182077121733,,32.162234667645464,SLB,buy
-9.993738702733637,,2020-04-01,13.629520524692534,,0.733242133105712,T,buy
70.39276995128508,18.376257702636718,2020-04-01,36.12564190750122,34.585636493577866,1.9485541635917212,VZ,sell
14.636647622553864,22.39180771026611,2020-04-01,36.12564190750122,5.564393628387554,0.40515951688915663,VZ,sell
20.460760878497354,21.87746133213043,2020-04-01,36.12564190750122,8.069852888780886,0.5663777803834353,VZ,sell
54.972015525525464,24.551966300773618,2020-07-01,87.99777613220215,39.634456646302795,0.6246977814864216,AAPL,sell
134.70317629865815,23.705258907890318,2020-07-01,87.99777613220215,98.4161948517899,1.5307565965790868,AAPL,sell
88.27367673178156,27.496069035530088,2020-07-01,194.0644991455078,75.76660243367795,0.4548677224348734,MSFT,sell
-39.75757791183329,,2020-07-01,52.46247166213989,,0.7578289137399672,INTC,buy
4.940212380546793,11.21398386220932,2020-07-01,38.484238299179076,3.5006759791593147,0.1283697586045811,CSCO,sell
-36.93033711235648,,2020-07-01,50.87749683647155,,0.725867808140336,ORCL,buy
-38.17397448584904,,2020-07-01,87.91941069335937,,0.43419279297708435,IBM,buy
74.74347015459725,37.258030303573605,2020-07-01,78.55500410614013,39.29322089674552,0.9514794252140462,QCOM,sell
3.7864201025045237,38.17799679718017,2020-07-01,78.55500410614013,1.946207169018124,0.04820087715084931,QCOM,sell
24.05419520376249,50.35557107505798,2020-07-01,78.55500410614013,8.634900786824074,0.306208311965225,QCOM,sell
56.900050153043445,19.210346787071227,2020-07-01,104.92399168624877,46.48232129928152,0.542297802805578,TXN,sell
-65.81839532914115,,2020-07-01,118.33279026947021,,0.5562143441328304,JNJ,buy
-80.56644007558423,,2020-07-01,23.396876687431334,,3.44346987642432,PFE,buy
-84.43050977104225,,2020-07-01,61.422631140518185,,1.374583084496793,MRK,buy
-1.9098947022317532,,2020-07-01,81.66565410690308,,0.0233867557067704,ABT,buy
-1.4077413823022573,,2020-07-01,152.7973740661621,,0.009213125493195307,LLY,buy
15.849876965823908,46.20934875869751,2020-07-01,210.58614427642823,12.371906014730403,0.07526552623053107,AMGN,sell
41.250590878261235,67.71795504226684,2020-07-01,210.58614427642823,27.985683691897435,0.19588463913424992,AMGN,sell
-68.45562153064422,,2020-07-01,46.64377282104492,,1.4676261672331563,BMY,buy
29.490872916904316,33.57833611068725,2020-07-01,266.85637413024904,25.780058640015255,0.11051215476123577,UNH,sell
4.093044260949632,44.45732592887878,2020-07-01,266.85637413024904,3.4111575968463805,0.01533800447634004,UNH,sell
-53.822291680234144,,2020-07-01,79.30176451873778,,0.6787023215292614,JPM,buy
-12.380944103727602,,2020-07-01,20.037366106796263,,0.6178927927821931,BAC,buy
-147.72133181898266,,2020-07-01,21.823882669830322,,6.768792430468615,WFC,buy
8.343179215508687,20.11577101898193,2020-07-01,40.542496521377565,4.203585034844267,0.20578849186333237,C,sell
6.197672556723042,32.10650805931091,2020-07-01,40.542496521377565,1.289597303230063,0.15286854753641244,C,sell
14.788528313963413,35.647773052597046,2020-07-01,40.542496521377565,1.7854291870978827,0.36476609934875626,C,sell
1.516117896135555,38.34738484764099,2020-07-01,40.542496521377565,0.08208789241218173,0.03739577051788423,C,sell
40.22957050803024,35.07530534477234,2020-07-01,40.542496521377565,5.424992829539924,0.9922815307344894,C,sell
-39.67314420990846,,2020-07-01,27.931374909782406,,1.420379209331859,USB,buy
2.980916589060638,32.315150100326534,2020-07-01,87.2758010948181,1.877188341325685,0.03415513294254513,AXP,sell
6.485267403803353,33.218770626068114,2020-07-01,87.2758010948181,4.016855683335617,0.07430773848477923,AXP,sell
99.78676908696019,74.42014542999267,2020-07-01,170.81913983917235,56.31303497008984,0.5841662074923821,GS,sell
81.23870260830708,96.99664501724243,2020-07-01,469.4533485076904,64.45347437719946,0.17304957535514576,BLK,sell
-92.81927300932531,,2020-07-01,36.779466020202634,,2.5236710331341,WMT,buy
-61.32051513676188,,2020-07-01,102.42007835235594,,0.5987157608472122,PG,buy
-80.25938229856467,,2020-07-01,37.256484269714356,,2.1542392920796125,KO,buy
-46.31968239251893,,2020-07-01,108.61026049957275,,0.42647611910203587,PEP,buy
-18.175881869137562,,2020-07-01,159.7912647781372,,0.11374765632135109,MCD,buy
117.5910340000394,19.169321537971495,2020-07-01,212.5896541671753,106.98778827973406,0.5531362025151454,HD,sell
0.633400489756604,14.426231854724882,2020-07-01,120.84660727386475,0.5577874251596202,0.005241359307019522,LOW,sell
93.06530907683646,22.113842274475097,2020-07-01,120.84660727386475,76.0351945160984,0.7701110620832754,LOW,sell
47.34978757883369,29.442600102996824,2020-07-01,120.84660727386475,35.813668426674866,0.3918172685769221,LOW,sell
57.56783717100705,39.26733225440979,2020-07-01,120.84660727386475,38.86201298316841,0.4763711490927154,LOW,sell
34.099408996991855,39.406605092239374,2020-07-01,120.84660727386475,22.980007513274565,0.28217100807567697,LOW,sell
67.42731797595556,38.51836855773926,2020-07-01,120.84660727386475,45.93569033950951,0.5579578897333093,LOW,sell
-85.56931915872191,,2020-07-01,278.81127282409665,,0.3069076737535932,COST,buy
-150.57403259399612,,2020-07-01,32.688648976516724,,4.6063094471162565,GE,buy
61.58470803379748,58.350028179168696,2020-07-01,180.19378331909178,41.64245817929195,0.3417693268848332,BA,sell
45.114217154011975,110.27259427871704,2020-07-01,180.19378331909178,17.505818724324275,0.2503650032927194,BA,sell
-38.21670349776702,,2020-07-01,112.47603990859984,,0.33977639618911404,CAT,buy
-15.891351764919717,,2020-07-01,104.79252647857665,,0.15164585012814324,MMM,buy
-52.464336940999125,,2020-07-01,125.70648614883422,,0.41735584653032376,HON,buy
27.367265835718435,32.45813341941833,2020-07-01,87.70141390686035,17.238690636647984,0.312050451829462,UPS,sell
7.192984354547588,43.08556253318786,2020-07-01,87.70141390686035,3.6592468308032946,0.08201674333536513,UPS,sell
8.999642679126149,43.084883041763305,2020-07-01,87.70141390686035,4.578407775666054,0.10261684821505668,UPS,sell
1.7340058279811408,36.53777321090698,2020-07-01,87.70141390686035,1.0115920279430792,0.019771697521577813,UPS,sell
-10.842779927337897,,2020-07-01,33.55889044036865,,0.3230970924561589,XOM,buy
4.588271834346755,39.726084400177,2020-07-01,66.90942179489136,1.8640803938502377,0.06857437579436798,CVX,sell
15.12046932351509,56.25033859939575,2020-07-01,66.90942179489136,2.408783937310787,0.2259841576552013,CVX,sell
36.36207908919943,59.91641624221801,2020-07-01,66.90942179489136,3.800364943475479,0.5434522988506192,CVX,sell
37.11073930470408,47.281677843475336,2020-07-01,32.53439990844726,-16.821653033125237,1.1406615585083717,COP,sell
24.268317150214138,43.704086780548096,2020-07-01,32.53439990844726,-8.331781260558785,0.745927916866636,COP,sell
17.251843391355344,42.10251022338867,2020-07-01,32.53439990844726,-5.073631023442438,0.5302646872203738,COP,sell
33.88879052561203,34.23110596237182,2020-07-01,32.53439990844726,-1.767339069009779,1.0416294943498592,COP,sell
0.0687572354182133,63.151016830444334,2020-07-01,15.453090130805968,-0.21222794582099982,0.00444941657857445,SLB,sell
15.48566794089607,71.12592519531249,2020-07-01,15.453090130805968,-55.790203114039436,1.002108174469594,SLB,sell
21.143907742536886,61.93067695350646,2020-07-01,15.453090130805968,-63.59361134611288,1.3682640535685602,SLB,sell
0.5547488990685039,61.28149924468994,2020-07-01,15.453090130805968,-1.645189362566809,0.035898897526172036,SLB,sell
0.6654614548104574,61.63553336372375,2020-07-01,15.453090130805968,-1.9887695988527794,0.04306332579293315,SLB,sell
17.420097303288916,49.78927605056762,2020-07-01,15.453090130805968,-38.70680198478013,1.127288921234057,SLB,sell
3.954698143302822,51.24667063522338,2020-07-01,15.453090130805968,-9.1601618294319,0.2559163319328004,SLB,sell
4.107811653192544,59.63272093772888,2020-07-01,15.453090130805968,-11.744033117404523,0.2658246097331407,SLB,sell
15.904996922150136,59.434901133728026,2020-07-01,15.453090130805968,-45.26800547403394,1.0292437815038227,SLB,sell
26.916204381831058,51.59527645759582,2020-07-01,15.453090130805968,-62.95248819126365,1.7418007760255794,SLB,sell
2.68656159033657,53.829574052047725,2020-07-01,15.453090130805968,-6.671855713145948,0.17385270956136267,SLB,sell
11.986218138755419,54.40598128318786,2020-07-01,15.453090130805968,-30.213882565589742,0.7756518623327455,SLB,sell
4.904758178252793,50.029705311202996,2020-07-01,15.453090130805968,-10.974499899167215,0.3173965942562571,SLB,sell
1.6277035093375685,51.76789781837463,2020-07-01,15.453090130805968,-3.8251080795897425,0.10533191067673364,SLB,sell
2.134815004755388,49.28426122741699,2020-07-01,15.453090130805968,-4.673711929079724,0.1381480976739793,SLB,sell
-69.7665873893861,,2020-07-01,14.868757325363157,,4.692159933929254,T,buy
-98.36034577959475,,2020-07-01,37.77447432518005,,2.6038839067054553,VZ,buy
21.770801936859105,23.705258907890318,2020-10-01,113.1063856086731,17.2079959222527,0.19248075004520082,AAPL,sell
149.3664528534358,21.825774175453184,2020-10-01,113.1063856086731,120.5436905326002,1.3205837322944411,AAPL,sell
-9.147013086689984,,2020-10-01,202.1911021255493,,0.04523944422148807,MSFT,buy
-116.83682082564242,,2020-10-01,46.918085036087035,,2.490229955800144,INTC,buy
-144.45597485255917,,2020-10-01,33.02128675041198,,4.374631913783823,CSCO,buy
20.041624861352762,24.81055287017822,2020-10-01,54.873670898437496,10.980015074991089,0.3652320782119105,ORCL,sell
-13.224036205450266,,2020-10-01,90.98665025329589,,0.14534040069214704,IBM,buy
69.58101063288383,50.35557107505798,2020-10-01,105.13677140808105,36.254977509811944,0.6618142225692853,QCOM,sell
140.6055592845071,43.909617667007446,2020-10-01,105.13677140808105,81.88265703677921,1.3373585416538658,QCOM,sell
85.60607953724866,19.210346787071227,2020-10-01,122.66988452911376,72.1999979932341,0.697857341806916,TXN,sell
2.645432224088503,38.24675903892517,2020-10-01,124.83445255966186,1.834925134467835,0.021191523412370294,JNJ,sell
14.426766115071848,6.826188983631133,2020-10-01,25.431507221603393,10.554410809269509,0.5672792410359655,PFE,sell
11.818666098952153,8.66430013217926,2020-10-01,25.431507221603393,7.792146186032985,0.4647253501716371,PFE,sell
-0.12371082506229829,,2020-10-01,64.65714392929077,,0.001913335751384082,MRK,buy
0.9360140846278082,22.008313057136533,2020-10-01,97.05521322326659,0.7237628276758579,0.009644140211969798,ABT,sell
75.34503913351452,24.578924550437925,2020-10-01,97.05521322326659,56.26414723075479,0.7763110978921883,ABT,sell
24.767541860810116,27.07801193656921,2020-10-01,97.05521322326659,17.85749785726224,0.2551902266582493,ABT,sell
-121.56976527606793,,2020-10-01,135.66817399597167,,0.8960816799942899,LLY,buy
-33.21631996400425,,2020-10-01,212.51839453277586,,0.1562985643526562,AMGN,buy
-22.81936438295462,,2020-10-01,47.66383069190979,,0.4787564081967055,BMY,buy
2.2289004409979896,44.45732592887878,2020-10-01,281.76188755187985,1.877217130563664,0.007910581733974187,UNH,sell
-2.1483106769263234,,2020-10-01,83.25997003097534,,0.02580244355273109,JPM,buy
-7.00020323437542,,2020-10-01,20.90559963531494,,0.3348482395381893,BAC,buy
-81.03877135333978,,2020-10-01,20.57738428173065,,3.9382445428347737,WFC,buy
-133.6565444802496,,2020-10-01,35.38220642662048,,3.7775073399518284,C,buy
-29.84785154759373,,2020-10-01,28.275871335983275,,1.0555944038976435,USB,buy
1.5653029247583823,33.218770626068114,2020-10-01,94.03142956008911,1.0123235745440562,0.016646592868803545,AXP,sell
16.525376628414346,33.43261573905944,2020-10-01,94.03142956008911,10.64982449285999,0.17574311808004683,AXP,sell
-30.79812929252249,,2020-10-01,172.9476998962402,,0.178077703901236,GS,buy
-2.3754209445587318,,2020-10-01,493.4309449615478,,0.004814089932571708,BLK,buy
21.812028791984,21.82377387485504,2020-10-01,44.08596238632202,11.014469697396216,0.49476131655801936,WMT,sell
86.76302371233899,19.558828544998168,2020-10-01,44.08596238632202,48.27042849654872,1.968041957483905,WMT,sell
17.961247983836188,46.96875677299499,2020-10-01,119.44394145126343,10.898374156648654,0.15037387217471299,PG,sell
21.492680269708956,53.62954017486572,2020-10-01,119.44394145126343,11.842608897439215,0.17993947628125273,PG,sell
45.20924590567182,52.74313215942382,2020-10-01,119.44394145126343,25.246096643692095,0.3784976061269587,PG,sell
13.731991388000587,22.335749667739865,2020-10-01,41.15397995681762,6.279144241654779,0.3336734722233281,KO,sell
25.52377376317401,23.78243653640747,2020-10-01,41.15397995681762,10.773863053948702,0.620201831996706,KO,sell
7.786982670811909,40.77592155532837,2020-10-01,116.20386337738037,5.054531396738909,0.06701139225916375,PEP,sell
5.894321379323259,40.75673164863586,2020-10-01,116.20386337738037,3.826978110986986,0.05072397085612401,PEP,sell
19.101384416452504,60.29899281845092,2020-10-01,190.86140535736084,13.066669123470305,0.10007986884874853,MCD,sell
8.306238987830898,63.471324507141105,2020-10-01,190.86140535736084,5.543983364472366,0.04351974131322489,MCD,sell
44.3846695908759,62.739443530273434,2020-10-01,190.86140535736084,29.794661379458272,0.2325492129106559,MCD,sell
22.172709266158765,70.60178536071777,2020-10-01,190.86140535736084,13.970774162810402,0.11617178037981812,MCD,sell
11.503286205088862,68.54119325942993,2020-10-01,190.86140535736084,7.372283599165096,0.06027036311270262,MCD,sell
52.87174834614875,19.169321537971495,2020-10-01,239.09077422637938,48.63270755671868,0.22113671477799457,HD,sell
20.0686558985381,38.51836855773926,2020-10-01,149.51954583892822,14.898683772010408,0.13422095275862667,LOW,sell
115.68980877274528,54.672330469512936,2020-10-01,149.51954583892822,73.38743672038495,0.7737437143995445,LOW,sell
9.42625295730447,61.33380863227844,2020-10-01,328.19536476745606,7.664655881086134,0.028721468884801205,COST,sell
46.20739947526558,66.77220986557006,2020-10-01,328.19536476745606,36.80638256178536,0.14079235856364392,COST,sell
37.06945749736558,83.34246334381103,2020-10-01,328.19536476745606,27.655979324576034,0.1129493633270271,COST,sell
-92.49109332942335,,2020-10-01,30.31370620059967,,3.051131152270443,GE,buy
-89.87145244133426,,2020-10-01,167.9775026107788,,0.5350207679273318,BA,buy
71.09868827631182,72.6936340675354,2020-10-01,131.6967034194946,31.853802914398372,0.5398668792022878,CAT,sell
17.007191912805748,68.94756730499267,2020-10-01,131.6967034194946,8.10336608702183,0.12913908603036628,CAT,sell
-16.150636405910813,,2020-10-01,108.03234159088134,,0.14949816108840164,MMM,buy
65.79882615409535,26.48581989059448,2020-10-01,143.38372246398924,53.644476772019615,0.4589002504842954,HON,sell
6.219528348424027,36.53777321090698,2020-10-01,129.32010282440186,4.462278614543953,0.04809405662837474,UPS,sell
20.056466134825467,48.07621709136963,2020-10-01,129.32010282440186,12.600247040313375,0.1550916346088842,UPS,sell
121.82020777170511,43.55881685829162,2020-10-01,129.32010282440186,80.78757630858303,0.9420051879878217,UPS,sell
1.2819854530783668,53.85765460777282,2020-10-01,129.32010282440186,0.7480798325590523,0.009913272763315994,UPS,sell
70.1881828506214,61.46120563964843,2020-10-01,129.32010282440186,36.8302574744494,0.5427476573068217,UPS,sell
51.2568088386924,62.03063854026794,2020-10-01,129.32010282440186,26.670588194266887,0.3963560785927598,UPS,sell
39.589474868573845,62.61636396560669,2020-10-01,129.32010282440186,20.420382720975446,0.3061355041012508,UPS,sell
-206.32991693008543,,2020-10-01,25.93777379169464,,7.9548043940514646,XOM,buy
-175.0911832231096,,2020-10-01,54.62662512779235,,3.2052352275745584,CVX,buy
-183.30266901049905,,2020-10-01,26.198992436027524,,6.99655414070163,COP,buy
-147.53287393674026,,2020-10-01,13.194880781078338,,11.181069111916848,SLB,buy
-57.45625079951517,,2020-10-01,14.495221229839323,,3.96380640822769,T,buy
10.917697810598218,21.87746133213043,2020-10-01,41.48041907501221,5.15952282072374,0.26320124179205884,VZ,sell
3.0573066091114485,25.44153318786621,2020-10-01,41.48041907501221,1.1821431152101098,0.07370481488103309,VZ,sell
20.485666369273446,23.979769626045226,2020-10-01,41.48041907501221,8.64293258968337,0.493863534315496,VZ,sell
-21.34172732031181,,2021-01-04,125.72047298355102,,0.16975538521163624,AAPL,buy
-85.49630742267735,,2021-01-04,207.7106796798706,,0.4116124772902703,MSFT,buy
-139.4920322279803,,2021-01-04,44.934359447860714,,3.104351190091826,INTC,buy
3.6484433162648036,11.21398386220932,2021-01-04,37.66342883834839,2.562148580690402,0.09686965390017832,CSCO,sell
-50.40140969112056,,2021-01-04,58.93569634399414,,0.8551932498928849,ORCL,buy
-76.89854629113188,,2021-01-04,94.47853377990722,,0.8139261186066999,IBM,buy
85.52457385303708,43.909617667007446,2021-01-04,131.19307366333007,56.89995797843956,0.65189854513594,QCOM,sell
-7.740651731666617,,2021-01-04,138.50351611175537,,0.05588776335050483,TXN,buy
-52.595711841726725,,2021-01-04,133.7218509750366,,0.3933217455354052,JNJ,buy
-46.36646780928642,,2021-01-04,27.44649097442627,,1.6893404644145278,PFE,buy
-107.0675178285688,,2021-01-04,64.62494061660766,,1.6567522818126044,MRK,buy
-100.72618097925329,,2021-01-04,97.93697716674804,,1.0284795783287892,ABT,buy
11.948345515424661,62.01509421958923,2021-01-04,156.19146219177244,7.204310454164452,0.07649807068682435,LLY,sell
-189.30163441927414,,2021-01-04,189.89246003570554,,0.9968886304578901,AMGN,buy
-80.09210446927251,,2021-01-04,49.296923435592646,,1.6246876861172552,BMY,buy
-13.26216839196852,,2021-01-04,316.1227729949951,,0.04195258780732791,UNH,buy
48.919300010097245,19.14870011844635,2021-01-04,108.9242260597229,40.319367380013205,0.44911312918831214,JPM,sell
84.83999328980674,24.79915421066284,2021-01-04,108.9242260597229,65.52417941684958,0.7788900262030705,JPM,sell
90.16806634908124,12.118853621482849,2021-01-04,26.175281335258482,48.42129070144986,3.4447792630837384,BAC,sell
24.294853073116247,16.409738898658752,2021-01-04,26.022727827644346,8.974699161826472,0.9336013208925564,WFC,sell
35.791289398201876,16.68704774723053,2021-01-04,26.022727827644346,12.840161481155775,1.3753857641388478,WFC,sell
7.217132882445723,21.04925481109619,2021-01-04,26.022727827644346,1.3793410085761737,0.27733959830217536,WFC,sell
32.60958746189874,18.900380359077452,2021-01-04,26.022727827644346,8.925152437844552,1.2531194914645756,WFC,sell
17.530236566723133,35.07530534477234,2021-01-04,49.52220257034302,5.1140198309971066,0.3539874168929096,C,sell
28.596676383788697,34.833078104019165,2021-01-04,49.52220257034302,8.482258803573778,0.5774516257262388,C,sell
1.0928669203733952,39.83945639915466,2021-01-04,49.52220257034302,0.21368098427837368,0.02206822119474694,C,sell
26.007420605458048,37.909124330902095,2021-01-04,49.52220257034302,6.098804064060442,0.5251668798154974,C,sell
19.42404514876067,36.70450055618286,2021-01-04,49.52220257034302,5.027474742722919,0.392229023359171,C,sell
19.240678035901475,37.65117335319519,2021-01-04,49.52220257034302,4.612207035773183,0.3885262980492712,C,sell
92.79135370717566,31.312713198089597,2021-01-04,49.52220257034302,34.11970957405903,1.8737323642940087,C,sell
120.43607189804554,13.849085008621214,2021-01-04,36.506242304992675,74.74718987382418,3.29905419713862,USB,sell
25.03223964742407,33.43261573905944,2021-01-04,109.99535227203368,17.42379772752708,0.2275754305101536,AXP,sell
14.259939448850524,74.42014542999267,2021-01-04,231.76274703826903,9.681003527664217,0.061528177548292096,GS,sell
64.83302254483607,130.3552534515381,2021-01-04,231.76274703826903,28.36760610555865,0.27973875600521225,GS,sell
23.86316925922682,131.5015631195068,2021-01-04,231.76274703826903,10.323270812754178,0.10296378328345623,GS,sell
1.6563087575084778,152.97500381317138,2021-01-04,231.76274703826903,0.5630621433155114,0.007146570269271901,GS,sell
53.84923982088862,140.99648616638183,2021-01-04,231.76274703826903,21.089213912918147,0.2323463995358881,GS,sell
79.98647543386781,96.99664501724243,2021-01-04,619.8671196350098,67.47021264450164,0.1290381001027534,BLK,sell
13.416471128571295,118.96647328338622,2021-01-04,619.8671196350098,10.841547885321482,0.021644108396120743,BLK,sell
-85.06416320492372,,2021-01-04,45.37749092559814,,1.874589393767863,WMT,buy
-110.33010067649144,,2021-01-04,119.04883680572509,,0.9267633656642804,PG,buy
-43.66320865170795,,2021-01-04,44.558241857528685,,0.9799131839922559,KO,buy
-81.89146448623862,,2021-01-04,120.08388547897339,,0.6819521550256447,PEP,buy
-135.37892347237107,,2021-01-04,184.06077451019286,,0.7355120819883005,MCD,buy
-140.95385112549184,,2021-01-04,228.85165819854734,,0.615917980385368,HD,buy
-135.6420016977511,,2021-01-04,144.1412182876587,,0.9410354880382243,LOW,buy
-36.544211433199024,,2021-01-04,358.3586773101806,,0.10197663332027496,COST,buy
104.594129814715,81.0097998222351,2021-01-04,50.83846498947143,-62.07395350813336,2.0573817450305842,GE,sell
117.19674634036068,59.60204838943481,2021-01-04,50.83846498947143,-20.20248764337805,2.305277044942878,GE,sell
7.961963338989639,61.27685732574462,2021-01-04,50.83846498947143,-1.634787697004807,0.15661297682057373,GE,sell
108.31251722985597,55.938543652343746,2021-01-04,50.83846498947143,-10.865834721020391,2.1305229662675167,GE,sell
81.92177730970135,37.29732628517151,2021-01-04,50.83846498947143,21.820370652087426,1.6114132739190143,GE,sell
14.599352091131095,110.27259427871704,2021-01-04,202.57809721984862,6.652251925952431,0.07206777184449065,BA,sell
27.542621861356377,110.83944282150267,2021-01-04,202.57809721984862,12.472834441825984,0.13596051221404082,BA,sell
12.261323178486645,108.4825542854309,2021-01-04,202.57809721984862,5.695264578983409,0.06052640115964758,BA,sell
86.54427797993256,68.94756730499267,2021-01-04,164.5087103805542,50.27253639810366,0.5260771771885615,CAT,sell
-35.49109303784766,,2021-01-04,117.942800365448,,0.30091784261419807,MMM,buy
107.68091826807944,26.48581989059448,2021-01-04,183.01832758026123,92.09768436681101,0.5883613935924359,HON,sell
-119.8783650228881,,2021-01-04,127.29894683227538,,0.9417074375394137,UPS,buy
28.925071836032572,37.16279843521118,2021-01-04,33.22805158538818,-3.425203400664685,0.8705015929598527,XOM,sell
11.536238192473318,36.572217318344116,2021-01-04,33.22805158538818,-1.1610398626999743,0.347183709006468,XOM,sell
9.819600785585914,30.829955536460876,2021-01-04,33.22805158538818,0.7086887350419389,0.2955214138978892,XOM,sell
3.4158028855371305,34.303174044418334,2021-01-04,33.22805158538818,-0.1105212681045642,0.10279877159692408,XOM,sell
8.166692654773794,45.762323566055294,2021-01-04,33.22805158538818,-3.0806364512346196,0.24577705478117906,XOM,sell
19.040729264618538,49.467391801071166,2021-01-04,33.22805158538818,-9.305657892346126,0.5730317715346143,XOM,sell
12.666973916785727,51.39588008079529,2021-01-04,33.22805158538818,-6.925817154357526,0.38121326145875933,XOM,sell
9.567222438837302,52.925380921173094,2021-01-04,33.22805158538818,-5.671374703455642,0.28792607397553294,XOM,sell
8.17754458136479,53.01555859489441,2021-01-04,33.22805158538818,-4.869777582609201,0.24610364409572583,XOM,sell
1.3552273054240742,50.83997593078613,2021-01-04,33.22805158538818,-0.7183135825045541,0.04078563866260598,XOM,sell
4.0181113773213,59.91641624221801,2021-01-04,66.58537662963867,0.40244009967305994,0.06034525267718838,CVX,sell
28.355295555410137,62.651243252944944,2021-01-04,66.58537662963867,1.6753455532892403,0.42584869217047494,CVX,sell
12.016066591117479,68.6586383895874,2021-01-04,66.58537662963867,-0.3741429819783004,0.18046104414116737,CVX,sell
5.54233584689824,70.5280567237854,2021-01-04,66.58537662963867,-0.3281750186709136,0.0832365322152615,CVX,sell
14.509043912302275,72.77340177993774,2021-01-04,66.58537662963867,-1.3483790763174248,0.21790135682500544,CVX,sell
17.004562079046647,34.23110596237182,2021-01-04,32.314933891296384,-1.0083160635991177,0.5262137356136325,COP,sell
30.316211301588957,33.77193772354126,2021-01-04,32.314933891296384,-1.3668861645871182,0.9381486406120807,COP,sell
28.39102874138685,28.880416383361815,2021-01-04,32.314933891296384,3.017474385328377,0.878573010141098,COP,sell
34.17790575055479,49.28426122741699,2021-01-04,19.385203582191465,-52.714802292182064,1.7630924331355944,SLB,sell
127.48392699280815,30.09238095588684,2021-01-04,19.385203582191465,-70.41416990127469,6.576352239598007,SLB,sell
58.86674970612242,32.635324169158935,2021-01-04,19.385203582191465,-40.23643749016419,3.036684626835765,SLB,sell
38.096537270640276,27.565772258377073,2021-01-04,19.385203582191465,-16.07676381349129,1.9652379253648018,SLB,sell
-61.16484482054465,,2021-01-04,15.34540338153839,,3.985874030143144,T,buy
-106.33397910488269,,2021-01-04,41.55710765151977,,2.558743500547589,VZ,buy
-157.75324526011414,,2021-04-01,119.67176247787475,,1.3182161104151868,AAPL,buy
-13.026927370733025,,2021-04-01,231.77276892852782,,0.05620559926412305,MSFT,buy
103.29546643821872,23.824555461311338,2021-04-01,58.66794907836914,61.34805549716157,1.760679690715552,INTC,sell
28.77783599946649,23.506143107604977,2021-04-01,58.66794907836914,17.24758921297954,0.49052057301380714,INTC,sell
23.8278644508657,25.889527991867062,2021-04-01,58.66794907836914,13.312886965236334,0.4061479023075485,INTC,sell
45.69268808081097,11.21398386220932,2021-04-01,44.53469514198303,34.187117758041666,1.0260020403224068,CSCO,sell
0.12297198463808501,24.81055287017822,2021-04-01,66.547812915802,0.07712520481567131,0.0018478741712169011,ORCL,sell
-36.44015378437244,,2021-04-01,102.91735918884277,,0.3540719862186563,IBM,buy
-175.04289400723775,,2021-04-01,122.48274215393066,,1.429122919106856,QCOM,buy
53.35154205823134,19.210346787071227,2021-04-01,164.74452236938475,47.13038453612788,0.32384410292324173,TXN,sell
-73.853543675196,,2021-04-01,139.9981376647949,,0.5275323294087491,JNJ,buy
-118.0441222965664,,2021-04-01,27.36066700839996,,4.314372974179534,PFE,buy
-150.0938603809288,,2021-04-01,62.076439316177364,,2.417887720918518,MRK,buy
-31.88154139083879,,2021-04-01,107.19048988952636,,0.29742882436396023,ABT,buy
-5.87269564254877,,2021-04-01,175.79719681091308,,0.03340608240110576,LLY,buy
-20.40501160734283,,2021-04-01,210.30320668029785,,0.09702663087949226,AMGN,buy
-85.93409935326653,,2021-04-01,50.9360285331726,,1.6870985396378337,BMY,buy
-67.61489722817076,,2021-04-01,333.1943460845947,,0.20292930544206778,UNH,buy
87.59476848913353,24.79915421066284,2021-04-01,133.9740693283081,71.38061464055485,0.6538188242568008,JPM,sell
20.70981417453148,12.118853621482849,2021-04-01,34.59193384552002,13.454388455053763,0.598689112525971,BAC,sell
147.6058586704767,12.080924257469176,2021-04-01,34.59193384552002,96.05582950702558,4.267060041501352,BAC,sell
13.845591451198057,18.900380359077452,2021-04-01,34.8331398525238,6.333005855068566,0.39748330210303706,WFC,sell
27.386798886385684,15.3489239487648,2021-04-01,34.8331398525238,15.31904113939654,0.7862282585588218,WFC,sell
9.104764215661653,23.556125809669492,2021-04-01,34.8331398525238,2.947611221715767,0.261382242720849,WFC,sell
8.49026245720389,23.947224658966064,2021-04-01,34.8331398525238,2.6533432665408183,0.24374094592534234,WFC,sell
7.023223836447434,25.411830250930784,2021-04-01,34.8331398525238,1.8995693883640818,0.2016247707264487,WFC,sell
14.516180847853338,28.9718003452301,2021-04-01,34.8331398525238,2.44262402582058,0.4167347792737548,WFC,sell
10.814271673539409,36.80709230918884,2021-04-01,34.8331398525238,-0.6128318672219706,0.31045928444362936,WFC,sell
0.6742328474436045,39.24460364799499,2021-04-01,34.8331398525238,-0.0853886215485512,0.019356074425049385,WFC,sell
7.618328213788452,37.925264160919184,2021-04-01,34.8331398525238,-0.6762760393959404,0.21870920181306808,WFC,sell
9.171223751888023,39.27719251480102,2021-04-01,34.8331398525238,-1.1700754368821276,0.263290182588106,WFC,sell
46.90013285216133,36.24471390380859,2021-04-01,34.8331398525238,-1.9005754524630802,1.3464227758601908,WFC,sell
24.478586574504572,35.45186193237304,2021-04-01,34.8331398525238,-0.4347997929922407,0.7027384461504695,WFC,sell
3.291620667434707,33.30497823753357,2021-04-01,34.8331398525238,0.14440640081194944,0.09449681198337956,WFC,sell
62.328150876374465,31.312713198089597,2021-04-01,60.74042234916687,30.196936816978983,1.0261395700886062,C,sell
22.22918123595254,31.124398639297482,2021-04-01,60.74042234916687,10.838580521394483,0.3659701460119571,C,sell
26.808145224169923,13.849085008621214,2021-04-01,44.52855777854919,18.47038849781478,0.602043869408325,USB,sell
22.48293527754663,13.571217870044707,2021-04-01,44.52855777854919,15.630685210811128,0.5049104754157874,USB,sell
29.292300381582475,13.224656247997283,2021-04-01,44.52855777854919,20.592701234759865,0.6578317790407642,USB,sell
4.36982117910308,33.43261573905944,2021-04-01,135.59605631103514,3.292396390330168,0.0322267571637882,AXP,sell
48.42035947324473,34.89301840934753,2021-04-01,135.59605631103514,35.96031793183262,0.35709268241678327,AXP,sell
27.21794366154761,35.36853261604309,2021-04-01,135.59605631103514,20.118484028836107,0.20072813621595387,AXP,sell
10.027062231761404,39.526374999237056,2021-04-01,135.59605631103514,7.1041643784185,0.07394803731430777,AXP,sell
15.59933666676004,140.99648616638183,2021-04-01,287.6717187194824,7.953636678141005,0.05422617397427043,GS,sell
43.60391149628256,142.37947262268065,2021-04-01,287.6717187194824,22.02270792590079,0.1515752458753239,GS,sell
38.31578952894191,129.0164263031006,2021-04-01,287.6717187194824,21.131735920855824,0.1331927577013743,GS,sell
-40.08989453044251,,2021-04-01,673.613106072998,,0.05951471871465941,BLK,buy
-177.5955671746943,,2021-04-01,42.174238559722895,,4.210996410123716,WMT,buy
-132.7695000826852,,2021-04-01,116.69060455627441,,1.1377908323258081,PG,buy
-112.15403529970162,,2021-04-01,44.71623506584167,,2.5081278675309377,KO,buy
-126.6757634391708,,2021-04-01,118.53414113845824,,1.0686858842736493,PEP,buy
-46.52262576749399,,2021-04-01,198.39871542510986,,0.23449055941622277,MCD,buy
37.70772868529286,19.169321537971495,2021-04-01,268.1542930755615,35.01214784135206,0.14061952263679567,HD,sell
19.746916876466415,54.672330469512936,2021-04-01,172.31133492736816,13.481455781412825,0.11460021991466807,LOW,sell
10.585853474558096,62.95392996101379,2021-04-01,172.31133492736816,6.718312906226991,0.06143445803504566,LOW,sell
28.291391362791764,59.87964735794067,2021-04-01,172.31133492736816,18.459893401363175,0.1641876396275208,LOW,sell
-172.19447316900465,,2021-04-01,335.2544113891601,,0.5136232882231129,COST,buy
122.27784570472325,37.29732628517151,2021-04-01,64.5303586303711,51.6035645524957,1.8948886741065376,GE,sell
11.702472366715947,108.4825542854309,2021-04-01,252.78293470916748,6.680321265983523,0.04629455061980314,BA,sell
15.21013541611296,113.73676371688842,2021-04-01,252.78293470916748,8.366510549131078,0.06017073673748019,BA,sell
55.116207264867064,124.72783526382446,2021-04-01,252.78293470916748,27.920838131232937,0.21803769043301724,BA,sell
21.304351878926504,114.99608273391723,2021-04-01,252.78293470916748,11.612570216211802,0.08427923310344365,BA,sell
16.80772328434328,68.94756730499267,2021-04-01,211.3174435317993,11.323785881813775,0.07953779396263627,CAT,sell
118.88174847120396,60.25259653320312,2021-04-01,211.3174435317993,84.98519025962736,0.5625742318490357,CAT,sell
-0.14711853195194183,,2021-04-01,133.3267228942871,,0.0011034436964942884,MMM,buy
-73.64357431982621,,2021-04-01,191.92039837493894,,0.3837193698189125,HON,buy
-69.13043324127324,,2021-04-01,133.95490889892577,,0.5160724142885638,UPS,buy
26.11617200675518,50.83997593078613,2021-04-01,46.731146966171266,-2.2962604376883604,0.5588600687601506,XOM,sell
14.333240732332369,58.5794290649414,2021-04-01,46.731146966171266,-3.634070435061064,0.306717075502303,XOM,sell
29.89354839695264,56.42857149047851,2021-04-01,46.731146966171266,-6.203366451780568,0.6396921611744864,XOM,sell
20.60315112963838,56.81767194786072,2021-04-01,46.731146966171266,-4.4470168626731486,0.4408869130593569,XOM,sell
32.451551591102806,52.08379643554687,2021-04-01,46.731146966171266,-3.717045090510503,0.6944308817113889,XOM,sell
11.923084674813548,51.215074283981316,2021-04-01,46.731146966171266,-1.1440387954667628,0.25514213643086237,XOM,sell
9.404118159849046,46.479038141632074,2021-04-01,46.731146966171266,0.05073406772625333,0.20123876194728751,XOM,sell
1.821252111452663,49.036624776840206,2021-04-01,46.731146966171266,-0.08985134333697453,0.03897298118471326,XOM,sell
38.52428256882025,56.55334596633911,2021-04-01,46.731146966171266,-8.09723694570495,0.8243812760835514,XOM,sell
10.096235560137634,59.570917757034294,2021-04-01,46.731146966171266,-2.7740245822891865,0.21604938495188897,XOM,sell
47.92176944496706,54.28198936767578,2021-04-01,46.731146966171266,-7.743223784815811,1.0254781351644908,XOM,sell
2.4244328022732353,72.77340177993774,2021-04-01,84.29860802536011,0.3314655927172643,0.028760057361135516,CVX,sell
31.04633055987866,70.37990468902588,2021-04-01,84.29860802536011,5.126118626000558,0.36828995504337136,CVX,sell
50.06175806480063,70.77189489364623,2021-04-01,84.29860802536011,8.033003819091576,0.5938622147798718,CVX,sell
35.83760528981822,68.35005003128052,2021-04-01,84.29860802536011,6.780160903269646,0.4251268927125933,CVX,sell
84.1626118051671,28.880416383361815,2021-04-01,44.52072406311035,29.56666072856514,1.8904142638350265,COP,sell
18.298590885742634,31.90115849781036,2021-04-01,44.52072406311035,5.186803950175854,0.4110128770548176,COP,sell
34.34489830415409,36.728611049652095,2021-04-01,44.52072406311035,6.011118072615705,0.7714362025080383,COP,sell
72.96879788717165,34.10345319137573,2021-04-01,44.52072406311035,17.073750456034666,1.638984976608528,COP,sell
8.047956183582443,48.741423926544186,2021-04-01,44.52072406311035,-0.7629706901625539,0.18076876225494587,COP,sell
53.06461846573248,27.565772258377073,2021-04-01,24.933017983818054,-5.603256741088153,2.128287016845386,SLB,sell
84.0806883831234,10.920182077121733,2021-04-01,24.933017983818054,47.254964882287936,3.3722627737120785,SLB,sell
-62.876156536528214,,2021-04-01,16.256481134796143,,3.8677593271981294,T,buy
-114.17209503546816,,2021-04-01,41.60945139541626,,2.743898109842551,VZ,buy
57.80973948783988,21.825774175453184,2021-07-01,133.59535207214356,48.365231878608,0.43272268526693747,AAPL,sell
63.16040264951909,27.496069035530088,2021-07-01,259.9817341827393,56.480461087384704,0.24294169299264734,MSFT,sell
-186.4866704545004,,2021-07-01,51.29144453926086,,3.635824105358445,INTC,buy
-24.398042995600306,,2021-07-01,46.17841281204223,,0.5283430397425413,CSCO,buy
21.052659641089864,24.81055287017822,2021-07-01,74.03029581298829,13.997060047072205,0.28437897498440456,ORCL,sell
31.3012541536586,34.05382741317749,2021-07-01,74.03029581298829,16.90272318658819,0.4228168185729029,ORCL,sell
14.233864824594914,111.66226876296996,2021-07-01,114.53774074630736,0.35734142520227685,0.12427226809128245,IBM,sell
40.14443724055139,109.74892779769897,2021-07-01,114.53774074630736,1.67843541892411,0.3504909122440991,IBM,sell
-32.7802373359692,,2021-07-01,125.79700356826781,,0.26058043042479895,QCOM,buy
-60.65114679530764,,2021-07-01,164.83214444122314,,0.3679570329010371,TXN,buy
-34.25510676142939,,2021-07-01,143.57945447845458,,0.2385794463829063,JNJ,buy
32.40186410391328,8.66430013217926,2021-07-01,30.069535640716552,23.065521873930635,1.0775644988690338,PFE,sell
8.100429165586258,8.761761343193054,2021-07-01,30.069535640716552,5.7400991633429665,0.26938989887883835,PFE,sell
9.411190567927333,19.061963801574706,2021-07-01,66.28847309646606,6.704901441694375,0.14197325912503267,MRK,sell
-71.1108638432723,,2021-07-01,105.97402464065551,,0.6710216402972353,ABT,buy
190.27581114707925,62.01509421958923,2021-07-01,220.00901752166746,136.64177155671211,0.8648546013726008,LLY,sell
2.4081070766486916,64.25479338912963,2021-07-01,220.00901752166746,1.7048067100911077,0.010945492615599406,LLY,sell
-61.92383016153191,,2021-07-01,209.8524977279663,,0.2950826453436086,AMGN,buy
5.572517533732377,38.45640504760742,2021-07-01,54.19623939628601,1.6183872509070296,0.1028211107598409,BMY,sell
35.108715615564975,44.45732592887878,2021-07-01,368.354062600708,30.87138047652669,0.0953124159068186,UNH,sell
11.897715885191275,44.7960867603302,2021-07-01,368.354062600708,10.450816917171686,0.0322996733121097,UNH,sell
-31.89754942330309,,2021-07-01,137.91070946960448,,0.23129131556192384,JPM,buy
-3.5578264970737012,,2021-07-01,36.592040908050535,,0.09722951791658474,BAC,buy
49.93227093115589,33.30497823753357,2021-07-01,40.000590202331544,8.35805444332405,1.2482883547114625,WFC,sell
18.698342928211623,42.80507381744385,2021-07-01,40.000590202331544,-1.3109605659984496,0.4674516759285652,WFC,sell
8.130610189330806,43.330687155914305,2021-07-01,40.000590202331544,-0.6768830181081,0.20326225558684108,WFC,sell
11.381527994705086,43.40288121109008,2021-07-01,40.000590202331544,-0.9680674751659435,0.28453400155184916,WFC,sell
-82.10987511559068,,2021-07-01,59.464867469024654,,1.3808132198118805,C,buy
-20.934763941050818,,2021-07-01,46.32679007148742,,0.45189325461026186,USB,buy
37.85541737295302,39.526374999237056,2021-07-01,156.98596485443116,28.324072171339353,0.24113886491735315,AXP,sell
59.6539623261143,47.65677619667053,2021-07-01,156.98596485443116,41.54460118382109,0.37999551349338656,AXP,sell
88.17787454125828,129.0164263031006,2021-07-01,330.35757696533204,53.74126692105484,0.2669164586786872,GS,sell
91.72037948855349,118.96647328338622,2021-07-01,774.8752981567383,77.63856516059192,0.11836792282156439,BLK,sell
-28.53158655721909,,2021-07-01,43.494975203323364,,0.6559743148224406,WMT,buy
-46.21916232319544,,2021-07-01,118.27678948745726,,0.3907711946146186,PG,buy
-24.499148318883673,,2021-07-01,46.297255098724364,,0.5291706444937532,KO,buy
-3.2541988279968317,,2021-07-01,125.24843258132934,,0.025981952515722995,PEP,buy
-22.814860778178456,,2021-07-01,205.7482779067993,,0.1108872502374636,MCD,buy
-9.597837450321848,,2021-07-01,282.0338028961181,,0.034030805356537464,HD,buy
-33.29833019865193,,2021-07-01,177.13226766967773,,0.18798568231931512,LOW,buy
3.0010422433421815,83.34246334381103,2021-07-01,372.9244389770508,2.330358783054491,0.008047319858076829,COST,sell
50.831038284348004,93.53220836334228,2021-07-01,372.9244389770508,38.08223781104558,0.13630385400264977,COST,sell
-43.98447489690008,,2021-07-01,65.64385709457397,,0.6700470819917097,GE,buy
-111.98092132200972,,2021-07-01,239.89780672454833,,0.4667859321056098,BA,buy
-124.32152179330605,,2021-07-01,197.92925556335447,,0.6281108946702041,CAT,buy
-19.103462108091485,,2021-07-01,138.761554888916,,0.1376711447445551,MMM,buy
-37.88966338633894,,2021-07-01,196.13100059509276,,0.19318548965423954,HON,buy
88.77517973656536,62.61636396560669,2021-07-01,164.96563518218994,55.0785922057275,0.5381434723572642,UPS,sell
83.95673522510462,62.84957076683044,2021-07-01,164.96563518218994,51.97040809670196,0.5089346949889402,UPS,sell
10.884891570166356,54.28198936767578,2021-07-01,52.26133074302673,-0.4208589738706774,0.20827811721228962,XOM,sell
9.719399035789216,54.814638114547726,2021-07-01,52.26133074302673,-0.4748561288433315,0.18597687616452596,XOM,sell
30.50854174248986,55.02907110214233,2021-07-01,52.26133074302673,-1.6157208604895459,0.5837689417535668,XOM,sell
7.1237309798339155,57.85162885398864,2021-07-01,52.26133074302673,-0.7620123573849114,0.13630978925626458,XOM,sell
-43.17413522217102,,2021-07-01,85.8217595878601,,0.5030674671494175,CVX,buy
60.362821037646434,48.741423926544186,2021-07-01,52.22597419281006,4.027445870952221,1.1558007671584338,COP,sell
34.71666222206493,52.292323955535885,2021-07-01,52.22597419281006,-0.044105300794633706,0.6647393899038914,COP,sell
17.701586637095495,48.32930474281311,2021-07-01,52.22597419281006,1.3207457195645844,0.3389422009007248,COP,sell
121.26375480604987,10.920182077121733,2021-07-01,29.460423286056518,76.31456079822792,4.116157925790681,SLB,sell
-82.62337544963015,,2021-07-01,15.884463397216795,,5.201521347211958,T,buy
-83.82586946474456,,2021-07-01,40.60711374473571,,2.0643148880683917,VZ,buy
40.372248990825135,21.825774175453184,2021-10-01,139.03927730255126,34.034790924846334,0.29036578565475857,AAPL,sell
11.614570855893792,27.496069035530088,2021-10-01,277.26290281677245,10.462757761436091,0.04189010047106523,MSFT,sell
55.927132498798734,35.04867538871765,2021-10-01,277.26290281677245,48.857409530242904,0.2017115594283374,MSFT,sell
-36.66894648476044,,2021-10-01,49.643089960098266,,0.7386515729426577,INTC,buy
38.5298900898148,11.21398386220932,2021-10-01,47.912486502456666,29.511915920226926,0.8041722085919965,CSCO,sell
21.821088921731494,34.05382741317749,2021-10-01,83.8318329460144,12.957014619708588,0.260295977731797,ORCL,sell
78.27068369648129,31.90792669048309,2021-10-01,83.8318329460144,48.47943197698693,0.9336630364134546,ORCL,sell
24.813101960467673,36.18004006271362,2021-10-01,83.8318329460144,14.10429372543791,0.29598663286351723,ORCL,sell
12.276891018097064,34.02396414680481,2021-10-01,83.8318329460144,7.294195481629929,0.14644664904324678,ORCL,sell
-16.145833580633415,,2021-10-01,113.2375283882141,,0.14258376891873148,IBM,buy
-88.99941257369845,,2021-10-01,115.53083485031127,,0.77035202497248,QCOM,buy
19.63903334959255,19.210346787071227,2021-10-01,168.07812471313477,17.39440668058113,0.1168446719828129,TXN,sell
-31.58899393460432,,2021-10-01,139.6547730880737,,0.22619344284554188,JNJ,buy
4.007159617843889,8.761761343193054,2021-10-01,32.92661555213928,2.94085578895408,0.12169971163597282,PFE,sell
64.23826885538902,11.655915732192993,2021-10-01,32.92661555213928,41.49812881959586,1.9509526800186237,PFE,sell
29.44842408822756,14.993615783309936,2021-10-01,32.92661555213928,16.038653639646917,0.8943653513855985,PFE,sell
3.8624402320801514,19.061963801574706,2021-10-01,69.80688250808716,2.8077348327790426,0.05533036418912829,MRK,sell
49.53175117839076,23.236539615440368,2021-10-01,69.80688250808716,33.044172058302216,0.70955397804296,MRK,sell
1.802359307605222,27.07801193656921,2021-10-01,106.2739600479126,1.3431282144633285,0.016959557231071898,ABT,sell
-6.330345043069494,,2021-10-01,219.55591012115477,,0.028832496650061934,LLY,buy
-136.89227759817976,,2021-10-01,183.22519856109616,,0.7471258247949626,AMGN,buy
-107.00762683778449,,2021-10-01,48.919110934066765,,2.1874401393355143,BMY,buy
-31.62845085653786,,2021-10-01,358.77345719909664,,0.08815716497942061,UNH,buy
71.38740426150045,24.79915421066284,2021-10-01,147.3733594024658,59.37473620427586,0.4843982966185001,JPM,sell
29.5807261384516,12.080924257469176,2021-10-01,38.0897240032196,20.198602184774074,0.7766064709723608,BAC,sell
12.521915937435685,12.266609604358672,2021-10-01,38.0897240032196,8.489294060466005,0.3287478779414954,BAC,sell
20.19682994987888,43.40288121109008,2021-10-01,41.59907222671509,-0.87577009220146,0.4855115479452543,WFC,sell
19.343160212856812,40.701192768096924,2021-10-01,41.59907222671509,0.4175051338940854,0.4649901831328478,WFC,sell
7.763908167191233,31.124398639297482,2021-10-01,59.968307720947266,3.734330178780718,0.12946685444784123,C,sell
64.21661514281546,13.224656247997283,2021-10-01,49.19141774139404,46.952573981443464,1.305443471469168,USB,sell
19.35861809092833,47.65677619667053,2021-10-01,163.56860353546142,13.718358836430404,0.11835167429751525,AXP,sell
11.000495573231456,48.83897293701172,2021-10-01,163.56860353546142,7.715923265451787,0.06725309952803116,AXP,sell
11.261705621016326,63.50099308776855,2021-10-01,163.56860353546142,6.889659425478544,0.06885004443150855,AXP,sell
12.652057218738118,129.0164263031006,2021-10-01,336.3978709442139,7.799698304687106,0.03761039623474982,GS,sell
3.9901454537415524,120.16698957061767,2021-10-01,336.3978709442139,2.5647982427762273,0.011861387358195419,GS,sell
-43.178569864298,,2021-10-01,746.2485100158691,,0.057860845663034954,BLK,buy
-16.080772593004582,,2021-10-01,42.94374351119995,,0.37446135986748885,WMT,buy
3.919769405163957,52.74313215942382,2021-10-01,122.6682987258911,2.2344039283588835,0.031954216744481734,PG,sell
11.30079956660349,56.21250466957092,2021-10-01,122.6682987258911,6.12223057195985,0.0921248577177689,PG,sell
22.805291466470102,56.49712377700805,2021-10-01,122.6682987258911,12.301898265990651,0.18591022866820506,PG,sell
0.0570949280759131,56.19712067832946,2021-10-01,122.6682987258911,0.03093845083991301,0.0004654415906060194,PG,sell
-13.257590068644499,,2021-10-01,45.83407480659484,,0.2892518311886363,KO,buy
24.303721159060306,40.75673164863586,2021-10-01,128.26723622131348,16.58124837081057,0.18947723421066343,PEP,sell
51.864310938663344,68.54119325942993,2021-10-01,216.0681287841797,35.41189947327386,0.2400368403730111,MCD,sell
30.170214142671227,19.169321537971495,2021-10-01,290.39570170898435,28.1786470073219,0.10389345973483399,HD,sell
44.411293687690005,59.87964735794067,2021-10-01,184.76874937591552,30.01853185046854,0.2403614996458865,LOW,sell
31.811934988014528,93.53220836334228,2021-10-01,424.5726166168213,24.803851057756205,0.07492695888280743,COST,sell
111.80905678001072,89.04838951263427,2021-10-01,424.5726166168213,88.35861261683392,0.26334495538349545,COST,sell
-21.6815024885897,,2021-10-01,64.46435159835815,,0.33633321286895423,GE,buy
-63.25700620515757,,2021-10-01,226.1582,,0.2797024658188718,BA,buy
-106.82350780331171,,2021-10-01,178.4412430038452,,0.5986480816041491,CAT,buy
-114.57538883453911,,2021-10-01,124.08225733261108,,0.9233825310528632,MMM,buy
-22.381827572488564,,2021-10-01,192.47701637268065,,0.11628311781990686,HON,buy
-142.4125268409609,,2021-10-01,143.37351513366698,,0.9932973095357944,UPS,buy
-26.21470575539539,,2021-10-01,51.169903373718256,,0.5123071185797805,XOM,buy
-7.390043734190818,,2021-10-01,85.43921355056762,,0.08649475372121707,CVX,buy
71.62876518429408,48.32930474281311,2021-10-01,58.667827093505856,12.622516061998816,1.2209207112806624,COP,sell
55.99007127822012,43.03465411949158,2021-10-01,58.667827093505856,14.919633340514402,0.9543573377787133,COP,sell
-85.0460896703568,,2021-10-01,27.20435153312683,,3.1261943357405855,SLB,buy
-49.473390118828476,,2021-10-01,15.181702254390716,,3.2587511788752295,T,buy
-28.60726908750259,,2021-10-01,39.61160154724121,,0.7221942049827312,VZ,buy
202.0787335694747,21.825774175453184,2022-01-03,177.66195698547364,177.25335801138857,1.1374339053689333,AAPL,sell
24.01359162327254,35.04867538871765,2022-01-03,321.6312372894287,21.396791760130107,0.07466187620844567,MSFT,sell
53.36078582368733,39.63490275878906,2022-01-03,321.6312372894287,46.78508883890963,0.16590672682600527,MSFT,sell
-97.72643563097324,,2022-01-03,49.385035913467405,,1.9788673597850526,INTC,buy
66.7281018556751,11.21398386220932,2022-01-03,55.25200313987732,53.184921249697496,1.2077046634263127,CSCO,sell
3.4063753404757486,13.879316650962828,2022-01-03,55.25200313987732,2.55069302498026,0.061651617079874654,CSCO,sell
-110.34376790504217,,2022-01-03,82.51406404571533,,1.337272247842602,ORCL,buy
-85.72730831774142,,2022-01-03,113.93018973083495,,0.7524547138934459,IBM,buy
3.593991847947173,43.909617667007446,2022-01-03,167.54027820281982,2.652064273070758,0.02145150937135476,QCOM,sell
100.03622616390442,43.12558381462097,2022-01-03,167.54027820281982,74.28647391204723,0.5970876211796856,QCOM,sell
246.74709832805223,41.167190277481076,2022-01-03,167.54027820281982,186.11758967348027,1.4727628542513624,QCOM,sell
36.41480845896746,43.428427034759515,2022-01-03,167.54027820281982,26.975658249185873,0.21734957617107842,QCOM,sell
-103.24628447308837,,2022-01-03,166.5625724227905,,0.6198648530176118,TXN,buy
-11.63333032986876,,2022-01-03,150.2667036895752,,0.07741788462932675,JNJ,buy
29.80225401091566,14.993615783309936,2022-01-03,43.83102164611816,19.607567021322048,0.6799351895452581,PFE,sell
16.820963392981813,16.702462277412412,2022-01-03,43.83102164611816,10.411085274936715,0.3837684535120012,PFE,sell
99.83043466227771,16.77988040008545,2022-01-03,43.83102164611816,61.61223460647495,2.2776205279513277,PFE,sell
32.24874084895424,16.40454346141815,2022-01-03,43.83102164611816,20.179073043719924,0.7357515211332135,PFE,sell
23.011182228152816,19.452031961631775,2022-01-03,43.83102164611816,12.798911663462384,0.5249976241471153,PFE,sell
48.69587398898776,18.741608407783506,2022-01-03,43.83102164611816,27.874114260345756,1.1109910780119918,PFE,sell
8.208282370956692,17.798375058937072,2022-01-03,43.83102164611816,4.8751616098784005,0.1872710710972818,PFE,sell
-141.72859849487003,,2022-01-03,66.64070155334473,,2.1267572998375286,MRK,buy
36.06530270031186,27.07801193656921,2022-01-03,126.55390544815063,28.348617122282572,0.2849797686811639,ABT,sell
73.93008061571342,26.217428412628173,2022-01-03,126.55390544815063,58.61442054802468,0.5841785787164246,ABT,sell
106.35336059550107,64.25479338912963,2022-01-03,260.3332945587158,80.10349799960387,0.4085276943764642,LLY,sell
-19.475009136406648,,2022-01-03,195.79302614135742,,0.09946732792385671,AMGN,buy
-49.98126237190207,,2022-01-03,50.86731973457336,,0.9825810094320921,BMY,buy
148.86565697816104,44.7960867603302,2022-01-03,460.05548215942383,134.3704511948804,0.32358196511301296,UNH,sell
59.9002070368521,43.44521199989318,2022-01-03,460.05548215942383,54.24354758060911,0.13020213726329377,UNH,sell
-120.48532724640125,,2022-01-03,143.64540332031248,,0.8387691110291433,JPM,buy
-10.433835111947593,,2022-01-03,41.084605347824095,,0.2539597258782038,BAC,buy
-4.123801302564193,,2022-01-03,45.11775723724365,,0.09140084869201104,WFC,buy
-205.77874346981508,,2022-01-03,53.62128320884704,,3.8376318348879686,C,buy
-144.93552211809467,,2022-01-03,46.811309448242184,,3.096164662480664,USB,buy
-124.59832074388669,,2022-01-03,158.79568005065917,,0.784645531315066,AXP,buy
-43.61083278281967,,2022-01-03,352.3086688995361,,0.1237858634561606,GS,buy
1.052706204021127,118.96647328338622,2022-01-03,810.7460450683593,0.8982352136811436,0.0012984413681997875,BLK,sell
-28.90071676133792,,2022-01-03,45.507651707077024,,0.6350737881920523,WMT,buy
49.779271336476924,56.19712067832946,2022-01-03,144.05029350128174,30.35930591620231,0.3455686908130735,PG,sell
42.72230713058044,59.69082890663147,2022-01-03,144.05029350128174,25.019254513021227,0.29657910506236007,PG,sell
2.2918864289718965,23.78243653640747,2022-01-03,51.58819539527893,1.2353144142302095,0.04442656719063365,KO,sell
40.238805005046416,24.959516095542906,2022-01-03,51.58819539527893,20.77037635594542,0.7800002441785132,KO,sell
3.4338411539116254,40.75673164863586,2022-01-03,147.98017310485838,2.488091872115283,0.023204738052836404,PEP,sell
49.14953129231101,42.47674203414917,2022-01-03,147.98017310485838,35.041479395902634,0.3321359224082254,PEP,sell
18.08119471488502,43.04431969413757,2022-01-03,147.98017310485838,12.821755497930155,0.12218660335038756,PEP,sell
19.728407185851005,68.54119325942993,2022-01-03,240.20626480865477,14.099042894693604,0.08213111011724195,MCD,sell
6.4900084673613545,69.31258399047852,2022-01-03,240.20626480865477,4.617287714839613,0.02701848127288109,MCD,sell
11.957654468904913,19.169321537971495,2022-01-03,361.23835006713864,11.323114633054711,0.03310184111593495,HD,sell
62.76731423505088,18.938729633522033,2022-01-03,361.23835006713864,59.476597194905466,0.17375595427059487,HD,sell
91.52835443813079,25.68580081157684,2022-01-03,361.23835006713864,85.02024398897088,0.25337385806661894,HD,sell
133.96162909840754,59.87964735794067,2022-01-03,232.6028720397949,99.47548952685696,0.5759242262300557,LOW,sell
48.10669991320262,59.14120814361572,2022-01-03,232.6028720397949,35.87517272817962,0.20681902803406604,LOW,sell
51.810861729016736,89.04838951263427,2022-01-03,537.5479523620605,43.22804827775607,0.09638370214480885,COST,sell
14.558285713524041,92.17976848220825,2022-01-03,537.5479523620605,12.061802561325914,0.027082766569108685,COST,sell
123.32956712869436,113.81614969253539,2022-01-03,537.5479523620605,97.21674052010067,0.22942988916015228,COST,sell
-187.37348356334275,,2022-01-03,58.6796693195343,,3.19315847781996,GE,buy
-177.3319214696991,,2022-01-03,208.0055026107788,,0.8525347610708343,BA,buy
-16.836691767672715,,2022-01-03,191.1248742462158,,0.0880926244376905,CAT,buy
-77.16989618058032,,2022-01-03,125.84254476318358,,0.613225807899882,MMM,buy
-131.33885617784642,,2022-01-03,185.3756896682739,,0.7085009712593635,HON,buy
20.008436016508142,62.84957076683044,2022-01-03,169.2569254394531,12.578774795331285,0.1182133963768921,UPS,sell
18.174580641087953,74.01132826919554,2022-01-03,169.2569254394531,10.227343915086408,0.1073786528610281,UPS,sell
18.969338772716082,78.55779775619506,2022-01-03,169.2569254394531,10.16503445839216,0.11207422516664955,UPS,sell
43.69159085635289,73.18973152008056,2022-01-03,169.2569254394531,24.79856301622715,0.2581376847234669,UPS,sell
-31.926008612226674,,2022-01-03,54.07896649169921,,0.59035907457897,XOM,buy
20.228024351309028,68.35005003128052,2022-01-03,98.65647040328979,6.213875347253142,0.2050349487329166,CVX,sell
38.87771395215088,64.24562407226561,2022-01-03,98.65647040328979,13.56033755353534,0.3940716082100426,CVX,sell
14.34290272151208,59.49876569290161,2022-01-03,98.65647040328979,5.692836437011483,0.14538228119129837,CVX,sell
-26.87638297858585,,2022-01-03,62.36977347373962,,0.4309200030989686,COP,buy
-40.0191160493409,,2022-01-03,28.543331376266476,,1.4020478381376478,SLB,buy
-134.08281072175723,,2022-01-03,14.582299201107023,,9.194901906249342,T,buy
-116.37639180927326,,2022-01-03,38.709053701782224,,3.0064385635941058,VZ,buy
-36.61894738067146,,2022-04-01,170.6013472946167,,0.21464629653500378,AAPL,buy
-74.27886345603494,,2022-04-01,298.3259916870117,,0.24898555783220022,MSFT,buy
-91.80164741375897,,2022-04-01,44.99178792533874,,2.0404089645447847,INTC,buy
-120.15023215049989,,2022-04-01,49.046591923522946,,2.4497162277421225,CSCO,buy
-62.503939324110725,,2022-04-01,77.27097078857422,,0.8088928958215309,ORCL,buy
-25.88384502811713,,2022-04-01,110.31040148696898,,0.2346455518174757,IBM,buy
-228.2435487084453,,2022-04-01,132.99029065704346,,1.7162421976882642,QCOM,buy
-33.49488060668521,,2022-04-01,160.1707416519165,,0.20911984461854072,TXN,buy
63.02167610943351,38.24675903892517,2022-04-01,156.87425721588133,47.65666400888427,0.4017337020611782,JNJ,sell
-84.64704701594368,,2022-04-01,40.26023718986511,,2.1024974745367935,PFE,buy
38.317039472561405,23.236539615440368,2022-04-01,72.9476267829895,26.111633417347754,0.5252678005077538,MRK,sell
83.10871770210083,25.70102447338104,2022-04-01,72.9476267829895,53.827721433815185,1.1392929608161122,MRK,sell
-155.41126344001407,,2022-04-01,108.46369648971557,,1.4328412959330592,ABT,buy
104.6014073003431,64.25479338912963,2022-04-01,281.5655224182129,80.73079360953494,0.37149934552348096,LLY,sell
47.65454964598147,67.71795504226684,2022-04-01,211.4878411376953,32.395664628639175,0.2253299735324008,AMGN,sell
57.07998081111652,81.12529809494018,2022-04-01,211.4878411376953,35.18448822088111,0.26989722200602984,AMGN,sell
192.78877843886667,38.45640504760742,2022-04-01,61.57959053192138,72.39234045938254,3.1307252414893796,BMY,sell
62.29085219220991,38.65772919502258,2022-04-01,61.57959053192138,23.186615308312994,1.0115502823929923,BMY,sell
37.82694799753644,43.44521199989318,2022-04-01,470.8881344696045,34.3369476030415,0.08033107064832645,UNH,sell
-171.59935577053315,,2022-04-01,120.92246187896727,,1.4190858596832818,JPM,buy
-116.06026775953633,,2022-04-01,36.56510556259155,,3.1740717269601824,BAC,buy
-30.18957542263913,,2022-04-01,43.51574168281555,,0.693762171002156,WFC,buy
-178.471208396091,,2022-04-01,44.81938033714294,,3.9820097255603386,C,buy
-68.5335736150288,,2022-04-01,43.59196306076049,,1.5721607563188549,USB,buy
24.597290481258,63.50099308776855,2022-04-01,176.89012825927733,15.767219588105826,0.13905405984671138,AXP,sell
8.49188200672692,76.67536983337402,2022-04-01,176.89012825927733,4.810963236105746,0.048006534283699054,AXP,sell
106.1970853873725,72.76566779327392,2022-04-01,176.89012825927733,62.51176551138214,0.6003562009504213,AXP,sell
4.394365229730515,67.35280856628417,2022-04-01,176.89012825927733,2.7211636610451695,0.024842342944595863,AXP,sell
-173.4276127825716,,2022-04-01,296.01895797119136,,0.5858665741247884,GS,buy
-162.26842037183698,,2022-04-01,690.0243661926269,,0.2351633193291296,BLK,buy
36.43713318971237,19.558828544998168,2022-04-01,47.62555904388427,21.473158907076375,0.7650751806637608,WMT,sell
29.543921517925618,17.607529585456845,2022-04-01,47.62555904388427,18.6213101588031,0.6203375269716531,WMT,sell
-38.598841142658614,,2022-04-01,138.077696395874,,0.2795443590831228,PG,buy
10.570137022622099,24.959516095542906,2022-04-01,55.11258968925476,5.783109110564683,0.1917916955494281,KO,sell
34.10225116165925,24.620028055572508,2022-04-01,55.11258968925476,18.868011850964574,0.6187742465730679,KO,sell
22.87875070721071,26.868951893806454,2022-04-01,55.11258968925476,11.724710303584244,0.4151274842319985,KO,sell
21.81025803697794,25.385391163253782,2022-04-01,55.11258968925476,11.764242511996514,0.39574003253979306,KO,sell
-3.278119304802842,,2022-04-01,146.38547921142577,,0.022393746445767526,PEP,buy
-66.26966506062888,,2022-04-01,224.4724199493408,,0.29522408621773977,MCD,buy
-285.23668603643733,,2022-04-01,268.8578686645508,,1.060919985170016,HD,buy
-225.84268364963,,2022-04-01,185.12090328826903,,1.2199739718099218,LOW,buy
30.49122595167643,113.81614969253539,2022-04-01,546.7794618530273,24.144253946795686,0.05576512667162392,COST,sell
-33.180038481287276,,2022-04-01,56.44386768226623,,0.5878413341209061,GE,buy
-84.08781041296076,,2022-04-01,190.8935265029907,,0.4404958719836074,BA,buy
75.12248706825063,60.25259653320312,2022-04-01,203.61484657287596,52.89264980403104,0.36894405458475976,CAT,sell
12.540515244477453,49.57231214828491,2022-04-01,203.61484657287596,9.487386522957326,0.06158939515242601,CAT,sell
-43.275173691813386,,2022-04-01,176.68901021881103,,0.24492283723940478,HON,buy
-18.191612898890675,,2022-04-01,165.23999199066162,,0.11009207081006611,UPS,buy
11.685250902965125,57.85162885398864,2022-04-01,71.42771825866699,2.220986681952473,0.1635954666877133,XOM,sell
69.12131227930927,50.32589485969543,2022-04-01,71.42771825866699,20.420444057040335,0.9677099306041761,XOM,sell
27.513017454188503,60.19164462547302,2022-04-01,71.42771825866699,4.327987754937173,0.3851868451761735,XOM,sell
69.7816859661232,49.37976031150817,2022-04-01,71.42771825866699,21.53986876762987,0.9769552726494375,XOM,sell
75.66034414619679,55.47856613159179,2022-04-01,71.42771825866699,16.894258534264928,1.0592574702190802,XOM,sell
89.59604435049518,50.58529643707275,2022-04-01,71.42771825866699,26.14389197113541,1.2543596034530147,XOM,sell
38.7595294406809,52.64322783317566,2022-04-01,71.42771825866699,10.193213887056725,0.5426398936658998,XOM,sell
71.39247895049928,59.49876569290161,2022-04-01,137.27542192382813,40.449107458491184,0.5200674523522046,CVX,sell
133.59503795786796,49.11921734123229,2022-04-01,137.27542192382813,85.79271753372177,0.9731897821592392,CVX,sell
36.83499740736982,67.24259353027344,2022-04-01,137.27542192382813,18.79184937955443,0.2683291509226535,CVX,sell
114.74715770683603,72.14642206344604,2022-04-01,137.27542192382813,54.440682195933185,0.8358900384258687,CVX,sell
34.18173638390142,71.86619674606322,2022-04-01,137.27542192382813,16.286971555201024,0.24900113876807684,CVX,sell
63.95529079100402,78.1320543876648,2022-04-01,137.27542192382813,27.554322661149186,0.46589032395392493,CVX,sell
6.59656276468826,88.18235860519408,2022-04-01,137.27542192382813,2.3590929020919784,0.04805348745056914,CVX,sell
75.76311947170994,43.03465411949158,2022-04-01,85.59987393035888,37.673815226573595,0.8850844749298137,COP,sell
365.8935805211969,23.452719048690795,2022-04-01,85.59987393035888,265.6457769711061,4.274464011697907,COP,sell
377.2257824588058,10.920182077121733,2022-04-01,37.579022937011715,267.60680073222966,10.038200915736816,SLB,sell
-25.548496337579422,,2022-04-01,14.123233076858519,,1.8089693909705176,T,buy
17.483220131837733,23.979769626045226,2022-04-01,38.88189751739502,6.700732191393383,0.44964935479334756,VZ,sell
-132.87919845270804,,2022-07-01,136.17388358001708,,0.975805308325711,AAPL,buy
-84.14281952026896,,2022-07-01,250.85585040740966,,0.33542299046888635,MSFT,buy
-174.98926424258119,,2022-07-01,34.25328868522644,,5.108685062350077,INTC,buy
-164.3931888935762,,2022-07-01,37.79541258621216,,4.349554023748034,CSCO,buy
-53.69323282467871,,2022-07-01,67.03591361618041,,0.800962199636805,ORCL,buy
9.007472125379246,109.74892779769897,2022-07-01,120.88971367492675,0.8300980719814657,0.0745098309158081,IBM,sell
26.062125173612433,107.47204365081787,2022-07-01,120.88971367492675,2.8926612949624477,0.21558596162857713,IBM,sell
33.307835066676674,107.5564303779602,2022-07-01,120.88971367492675,3.6736194292496407,0.27552249115455485,IBM,sell
35.88701232467046,109.25651028747558,2022-07-01,120.88971367492675,3.4534031113967814,0.2968574515874103,IBM,sell
104.27645325067073,96.23140788269042,2022-07-01,120.88971367492675,21.26963984792839,0.8625750701260722,IBM,sell
-79.64019002668658,,2022-07-01,112.35302905654906,,0.7088388332334361,QCOM,buy
-106.45144338144966,,2022-07-01,131.555021534729,,0.8091781076813378,TXN,buy
22.484680813966506,38.24675903892517,2022-07-01,159.06072915344237,17.078153547708784,0.1413590955708246,JNJ,sell
84.41668299096622,43.50292296257019,2022-07-01,159.06072915344237,61.32881915143197,0.5307198290882429,JNJ,sell
6.41886073983174,44.10704428215026,2022-07-01,159.06072915344237,4.638930669100091,0.040354780051583994,JNJ,sell
76.41409282062799,17.798375058937072,2022-07-01,41.11338949356079,43.33370950601513,1.8586181718876773,PFE,sell
46.80863628281201,20.301106122398377,2022-07-01,41.11338949356079,23.695312270182374,1.1385253529180126,PFE,sell
18.01332278286993,25.70102447338104,2022-07-01,81.38164498214721,12.324560288685738,0.22134380285408994,MRK,sell
52.71077545736076,31.91921082897186,2022-07-01,81.38164498214721,32.03674809958024,0.6476985746469488,MRK,sell
77.48665542335029,38.01195276069641,2022-07-01,81.38164498214721,41.293984629058876,0.9521392132138473,MRK,sell
71.49699521233235,33.61841083526611,2022-07-01,81.38164498214721,41.96189108581184,0.8785395678351886,MRK,sell
9.561163268287462,42.64748143272399,2022-07-01,81.38164498214721,4.550702579652047,0.11748550020566562,MRK,sell
21.256805186257598,26.217428412628173,2022-07-01,101.07713803024292,15.743206571255811,0.21030280042058003,ABT,sell
125.31823012873753,64.25479338912963,2022-07-01,313.44245440979,99.62835668777099,0.3998125600589457,LLY,sell
101.20903615272448,72.17393001403808,2022-07-01,313.44245440979,77.90442699941244,0.32289511114025826,LLY,sell
6.480647837473662,81.12529809494018,2022-07-01,215.3178151382446,4.03893400471056,0.030098056834325426,AMGN,sell
86.35421424481169,85.1794416885376,2022-07-01,215.3178151382446,52.19260178323827,0.4010546651208031,AMGN,sell
5.771880205727261,112.78317003250122,2022-07-01,215.3178151382446,2.748577437064991,0.026806329063024492,AMGN,sell
17.91962627821321,111.81687214889526,2022-07-01,215.3178151382446,8.613770377620563,0.08322407631114004,AMGN,sell
1.5512432272432932,101.63898387298583,2022-07-01,215.3178151382446,0.8189917632590904,0.007204435110245377,AMGN,sell
40.47988897847944,38.65772919502258,2022-07-01,64.54409717559814,16.235060180002474,0.6271663986305391,BMY,sell
110.03274160670742,44.614154840087885,2022-07-01,64.54409717559814,33.975937246029915,1.7047684671667689,BMY,sell
1.8107577327170414,40.68265944862365,2022-07-01,64.54409717559814,0.6694226857076615,0.02805458302082542,BMY,sell
112.23189022327536,43.44521199989318,2022-07-01,477.0018328399658,102.00983670438497,0.23528607752945296,UNH,sell
-74.72313474585296,,2022-07-01,102.67855230941771,,0.7277384912934668,JPM,buy
-158.13506755473637,,2022-07-01,28.37753928604126,,5.57254334002533,BAC,buy
-103.38866862128172,,2022-07-01,35.85803747482299,,2.8832773877787936,WFC,buy
-11.04784007450572,,2022-07-01,40.55653362464904,,0.27240592543617126,C,buy
-28.684196081117673,,2022-07-01,38.77260905418396,,0.7398056716026531,USB,buy
-182.13600359894085,,2022-07-01,133.75060338745115,,1.361758369577788,AXP,buy
-3.2666186644919404,,2022-07-01,269.88119801940917,,0.012103913456976034,GS,buy
-122.94964229484953,,2022-07-01,556.777044543457,,0.22082383514152437,BLK,buy
-113.67405136316867,,2022-07-01,38.870043543624874,,2.924464214597272,WMT,buy
37.42636064451143,59.69082890663147,2022-07-01,130.6295340911865,20.3244816140775,0.2865076485566105,PG,sell
57.21799423253345,25.385391163253782,2022-07-01,56.844012342453,31.665590288576027,1.0065790902976275,KO,sell
0.48926224296113807,27.38867312545776,2022-07-01,56.844012342453,0.2535251249624644,0.008607102539025746,KO,sell
69.74850511605143,26.07805823192596,2022-07-01,56.844012342453,37.750313872120614,1.2270158674911293,KO,sell
5.795612179140451,29.236380181694027,2022-07-01,56.844012342453,2.814775428310655,0.10195642320646137,KO,sell
83.00419784121499,43.04431969413757,2022-07-01,146.87659129486084,58.678611331244596,0.5651288412227693,PEP,sell
19.851044578421313,46.26587633743286,2022-07-01,146.87659129486084,13.597999314112794,0.13515458388171275,PEP,sell
78.62143203316728,69.31258399047852,2022-07-01,228.75574391784667,54.799277809106904,0.34369161922072955,MCD,sell
8.921511271858028,70.98338469085692,2022-07-01,228.75574391784667,6.153147707349918,0.039000162877055544,MCD,sell
1.4866877619056444,73.82135315551757,2022-07-01,228.75574391784667,1.0069214381230294,0.006499018282310587,MCD,sell
31.784535975295633,69.43810667037964,2022-07-01,228.75574391784667,22.136437257766943,0.13894530222904677,MCD,sell
17.284911195608778,25.68580081157684,2022-07-01,249.76342814025878,15.50732194116085,0.06920513273024964,HD,sell
0.6387035534045477,56.204854664993285,2022-07-01,249.76342814025878,0.49497458291268637,0.0025572340921180547,HD,sell
-39.66243861523588,,2022-07-01,162.8749648269653,,0.2435146411689013,LOW,buy
-79.0519306609249,,2022-07-01,462.86015241699215,,0.17079009771769416,COST,buy
-258.9323004531943,,2022-07-01,38.82284561119079,,6.669585816722211,GE,buy
-207.25495433734417,,2022-07-01,139.93788433532714,,1.4810496480045963,BA,buy
-113.52544978060519,,2022-07-01,166.2086871810913,,0.6830295798974362,CAT,buy
-194.5339260195565,,2022-07-01,92.78047707519531,,2.096711853097,MMM,buy
-19.069060943493962,,2022-07-01,158.64271049804685,,0.1202013057116087,HON,buy
-13.306151871882133,,2022-07-01,149.19695514526367,,0.08918514361721908,UPS,buy
38.10142349818133,52.64322783317566,2022-07-01,76.00520787734985,11.711364527224795,0.5013001682682834,XOM,sell
132.40406884724337,28.26607024478912,2022-07-01,76.00520787734985,83.16346000934053,1.7420394278890043,XOM,sell
-17.205260498057427,,2022-07-01,123.65171171569823,,0.139142922158781,CVX,buy
1.257041257597735,23.452719048690795,2022-07-01,78.38084021759033,0.8809157227704564,0.01603760886089134,COP,sell
-64.32085935221632,,2022-07-01,32.29687636184692,,1.9915504716796733,SLB,buy
55.676952722115864,6.140726719045639,2022-07-01,16.833143009376524,35.366013105830795,3.3075791425940047,T,sell
25.067304911283223,7.435678953504562,2022-07-01,16.833143009376524,13.994362000616778,1.4891636634537022,T,sell
33.27789994943484,8.217840864276885,2022-07-01,16.833143009376524,17.031826002967943,1.9769272993699474,T,sell
35.526672587266646,8.673486627197265,2022-07-01,16.833143009376524,17.22111197848251,2.110519263543196,T,sell
0.8948585643982674,10.782271085166931,2022-07-01,16.833143009376524,0.3216674723454708,0.05316051576938463,T,sell
48.44895125650835,10.151044547271727,2022-07-01,16.833143009376524,19.232336023128436,2.878188062058342,T,sell
42.272137916145994,10.579147048950194,2022-07-01,16.833143009376524,15.705313001790604,2.5112445068992315,T,sell
36.44181793376933,10.38013718061447,2022-07-01,16.833143009376524,13.970015190051484,2.1648849483112116,T,sell
20.51194291990601,10.841352482795715,2022-07-01,16.833143009376524,7.301266626250285,1.2185450398942308,T,sell
5.6221042495812785,11.077825041961669,2022-07-01,16.833143009376524,1.9222196106972302,0.33399016728186837,T,sell
7.643866845777498,11.396517017841338,2022-07-01,16.833143009376524,2.4687513880467673,0.45409623393086207,T,sell
1.942556746547053,11.422633537960051,2022-07-01,16.833143009376524,0.6243766639481596,0.11540071544957442,T,sell
4.8061222564785995,11.260610143852233,2022-07-01,16.833143009376524,1.5910441808185376,0.28551544140042395,T,sell
22.409457765311796,23.979769626045226,2022-07-01,38.992899930953975,8.628137688879614,0.5747061081631006,VZ,sell
14.473552013944046,25.288937737274168,2022-07-01,38.992899930953975,5.086695525558847,0.37118429353992255,VZ,sell
29.146420004456676,24.911615767478942,2022-07-01,38.992899930953975,10.525480873633157,0.7474801837274789,VZ,sell
34.652631357614695,25.319362156677244,2022-07-01,38.992899930953975,12.1515471966806,0.8886907980420862,VZ,sell
21.557054481146565,21.825774175453184,2022-10-03,139.62239544525147,18.187255520936507,0.15439539203149888,AAPL,sell
48.068592603600734,26.71689850940704,2022-10-03,139.62239544525147,38.870614686197,0.3442756618686529,AAPL,sell
-31.968122860409633,,2022-10-03,233.14280687408444,,0.1371182035981704,MSFT,buy
-219.68246012514405,,2022-10-03,25.677969482040403,,8.555289400074784,INTC,buy
18.743974885068212,13.879316650962828,2022-10-03,36.91115962257385,11.695874381380609,0.5078132217120839,CSCO,sell
-68.86395963700092,,2022-10-03,59.934205175018306,,1.148992623426075,ORCL,buy
-92.01990178711142,,2022-10-03,105.55006780014037,,0.8718128155194709,IBM,buy
-6.010963501464492,,2022-10-03,107.21220307617186,,0.05606603846386626,QCOM,buy
16.009640756742535,19.210346787071227,2022-10-03,142.2959376937866,13.848294791018013,0.1125094715718058,TXN,sell
112.43631146434805,18.873842019844055,2022-10-03,142.2959376937866,97.5229891709264,0.7901582665438074,TXN,sell
-46.788256725842324,,2022-10-03,145.77616627197264,,0.32095957742879655,JNJ,buy
-114.50069522523782,,2022-10-03,35.010291757965085,,3.2704867476343757,PFE,buy
-5.2812222825309405,,2022-10-03,77.82368743667602,,0.06786137301484452,MRK,buy
-55.41920375580163,,2022-10-03,91.7987952003479,,0.6037029531253761,ABT,buy
2.1645883405895536,72.17393001403808,2022-10-03,311.40542917785643,1.6629052202426515,0.00695102955110416,LLY,sell
20.65110064692334,75.84000002212524,2022-10-03,311.40542917785643,15.621710254936733,0.06631580156275518,LLY,sell
12.123250600031167,74.84295706024169,2022-10-03,311.40542917785643,9.20955726307119,0.038930761843291695,LLY,sell
-14.921326724832012,,2022-10-03,203.91395644989012,,0.07317462220149107,AMGN,buy
-43.987076293756296,,2022-10-03,59.326812371444696,,0.74143670518405,BMY,buy
11.149674362562987,43.44521199989318,2022-10-03,476.75060501403806,10.133629576637524,0.023386806949588834,UNH,sell
30.0177086794962,60.34867585716247,2022-10-03,476.75060501403806,26.217967363970637,0.06296312655672942,UNH,sell
-7.371585947636796,,2022-10-03,97.8466200767517,,0.07533817664682196,JPM,buy
13.907052581761585,12.266609604358672,2022-10-03,28.099756470680237,7.836096595158757,0.4949171924771818,BAC,sell
19.047571646144007,10.767731686496735,2022-10-03,28.099756470680237,11.74860658290563,0.6778553994237839,BAC,sell
42.316564846513366,40.701192768096924,2022-10-03,37.55357003288269,-3.546842057104641,1.1268320111632555,WFC,sell
50.24365853135031,42.03172095947265,2022-10-03,37.55357003288269,-5.99140603171476,1.337919630207086,WFC,sell
-44.90983832622033,,2022-10-03,37.19024530792236,,1.2075703710578516,C,buy
-59.82844043886613,,2022-10-03,35.00053074913025,,1.709358091387024,USB,buy
38.89393851438472,67.35280856628417,2022-10-03,133.20198138427733,19.227444308185245,0.29199219193428316,AXP,sell
49.30967804035618,120.16698957061767,2022-10-03,271.46578566284177,27.48226596948369,0.1816423308003845,GS,sell
-25.45807838621859,,2022-10-03,520.9334290832519,,0.048870118454521494,BLK,buy
4.42908415900887,17.607529585456845,2022-10-03,42.13197453804016,2.578109187593382,0.10512405857005191,WMT,sell
102.68939105201618,16.978738528060912,2022-10-03,42.13197453804016,61.30665645685082,2.437326808865791,WMT,sell
23.701410415147247,20.325434205818176,2022-10-03,42.13197453804016,12.267304530952007,0.5625516172698646,WMT,sell
-78.06313559131341,,2022-10-03,115.80216570129393,,0.6741077346746129,PG,buy
-76.92009267042205,,2022-10-03,50.45412023582458,,1.5245552258347672,KO,buy
23.065079356276815,46.26587633743286,2022-10-03,144.24981499328612,15.667315211759568,0.15989676906934225,PEP,sell
-25.652056111800462,,2022-10-03,214.2864464889526,,0.11970918614828463,MCD,buy
65.89864013370487,56.204854664993285,2022-10-03,255.55472051696776,51.40537041893293,0.25786508658653196,HD,sell
102.0000837338486,59.14120814361572,2022-10-03,178.84411229553223,68.27010456181146,0.5703295592157813,LOW,sell
43.57310325916945,65.83033549957275,2022-10-03,178.84411229553223,27.53437562373748,0.24363733700758772,LOW,sell
26.24687624329662,113.81614969253539,2022-10-03,455.35644224853513,19.686480653597222,0.0576402874936619,COST,sell
28.182934998918995,37.29732628517151,2022-10-03,38.8533035030365,1.1286557599268434,0.725367792643846,GE,sell
15.814160958572739,41.616456264877314,2022-10-03,38.8533035030365,-1.1246647926722737,0.407022300107295,GE,sell
-61.21270904204658,,2022-10-03,126.13823805389403,,0.4852827341372308,BA,buy
7.395528263524992,49.57231214828491,2022-10-03,160.51402631835936,5.111532004819271,0.0460740312429575,CAT,sell
-72.89569332813511,,2022-10-03,82.5932438835144,,0.8825866366375408,MMM,buy
15.4952056418124,26.48581989059448,2022-10-03,157.32979443969725,12.886651888479495,0.09848869183993969,HON,sell
19.03943760938056,25.67402614135742,2022-10-03,157.32979443969725,15.93246718053824,0.1210160966470859,HON,sell
-74.96470271005965,,2022-10-03,132.51965504608154,,0.5656874271517829,UPS,buy
104.4115410110228,28.26607024478912,2022-10-03,80.57430341262817,67.7831889485748,1.295841683871867,XOM,sell
75.00338643796977,88.18235860519408,2022-10-03,129.04005607452393,23.74817374914963,0.5812411178328487,CVX,sell
13.68453105986248,91.15273628082275,2022-10-03,129.04005607452393,4.0179012646462,0.10604870670514366,CVX,sell
283.2768222792188,23.452719048690795,2022-10-03,96.53558057785034,214.45647970550064,2.9344291564162965,COP,sell
124.41375556718307,10.920182077121733,2022-10-03,34.80908596229553,85.38311669422369,3.5741747342043233,SLB,sell
-212.98121604615582,,2022-10-03,12.744802648735046,,16.711221186880813,T,buy
-200.6563840191609,,2022-10-03,29.98333021697998,,6.69226475401743,VZ,buy
-250.97521628966092,,2023-01-03,122.96276848907469,,2.041066734049341,AAPL,buy
-132.13052524948648,,2023-01-03,232.67330120391844,,0.5678800471124328,MSFT,buy
-125.61283821157367,,2023-01-03,25.793187178230284,,4.870000645658564,INTC,buy
28.54948511209298,13.879316650962828,2023-01-03,43.25400274658203,19.38854464574506,0.6600426156940813,CSCO,sell
13.566230945136555,15.835011309242248,2023-01-03,43.25400274658203,8.599721332173512,0.3136410524736597,CSCO,sell
65.66628363001615,34.02396414680481,2023-01-03,79.84192154159545,37.683148495704366,0.8224536980338808,ORCL,sell
28.628936463989902,30.756152460861205,2023-01-03,79.84192154159545,17.600695689247807,0.3585702336719816,ORCL,sell
73.73694854228715,30.586485742568968,2023-01-03,79.84192154159545,45.48920497922386,0.9235367475953371,ORCL,sell
32.887552803933836,35.21780385818481,2023-01-03,79.84192154159545,18.381045925573787,0.4119083329776867,ORCL,sell
3.5739377430757098,33.60602729492187,2023-01-03,79.84192154159545,2.069642167203554,0.044762671965676404,ORCL,sell
1.639765628911402,96.23140788269042,2023-01-03,124.2498019821167,0.36976799068175525,0.01319732991725342,IBM,sell
3.1141926328018044,95.18434977111815,2023-01-03,124.2498019821167,0.7284954639812828,0.02506396455464799,IBM,sell
31.5875065236717,87.22997120895386,2023-01-03,124.2498019821167,9.411396456155401,0.25422580977809606,IBM,sell
12.755518744050839,83.3634206916809,2023-01-03,124.2498019821167,4.197407115398274,0.10266027422632629,IBM,sell
-209.96722745693677,,2023-01-03,98.67282820587157,,2.127913340224321,QCOM,buy
-100.81061736940477,,2023-01-03,146.65973416595457,,0.6873776087397738,TXN,buy
-30.957117748232918,,2023-01-03,160.19314196472166,,0.19324870820656237,JNJ,buy
28.511376499967433,20.301106122398377,2023-01-03,40.94872517623901,14.376321561618413,0.6962701861231935,PFE,sell
13.021112802260484,20.089595329666135,2023-01-03,40.94872517623901,6.632906922504836,0.317985791895083,PFE,sell
116.69845621107609,42.64748143272399,2023-01-03,99.30838800888061,66.58289856005104,1.1751117760630692,MRK,sell
9.533823414702754,46.2349556602478,2023-01-03,99.30838800888061,5.0951660999551205,0.09600219685219535,MRK,sell
22.02538916617675,46.77224632606506,2023-01-03,99.30838800888061,11.651875426171824,0.22178780270008147,MRK,sell
-23.555361959118958,,2023-01-03,101.55523082885742,,0.23194631893274753,ABT,buy
8.49706521070431,74.84295706024169,2023-01-03,354.4609930480957,6.702945408595291,0.023971792037357886,LLY,sell
13.497837173104681,101.63898387298583,2023-01-03,232.79989284210205,7.604765496787891,0.057980426916517835,AMGN,sell
-97.69716952680064,,2023-01-03,61.244879237747185,,1.595189193655667,BMY,buy
-120.91474871739558,,2023-01-03,481.7978685394287,,0.2509657194705923,UNH,buy
34.79624853949797,24.79915421066284,2023-01-03,123.64856146316528,27.817457009111877,0.2814124816960666,JPM,sell
7.247748395184977,33.43836087722778,2023-01-03,123.64856146316528,5.287735083928297,0.05861571141160482,JPM,sell
56.1712862766403,36.81936896324157,2023-01-03,123.64856146316528,39.444918496165975,0.4542817612429211,JPM,sell
37.639239331761246,41.915669168472284,2023-01-03,123.64856146316528,24.87990040444958,0.3044049917473073,JPM,sell
-45.75343617173172,,2023-01-03,30.506748569107053,,1.4997808130252324,BAC,buy
-118.55821681047586,,2023-01-03,38.03953324127197,,3.1167106088947243,WFC,buy
-41.77744346915364,,2023-01-03,40.466917103958124,,1.0323851298538216,C,buy
-44.01416099297352,,2023-01-03,38.006192353057855,,1.1580786779192387,USB,buy
-75.25129052326378,,2023-01-03,140.68740155029295,,0.5348829368801935,AXP,buy
35.20260150359363,120.16698957061767,2023-01-03,316.2402382415771,21.826091698065696,0.11131600994020951,GS,sell
122.20113225947193,118.96647328338622,2023-01-03,651.2083246032714,99.8767282448231,0.18765290252381095,BLK,sell
-42.271603690422445,,2023-01-03,45.88747214393615,,0.9212014023746669,WMT,buy
3.1298564167772818,59.69082890663147,2023-01-03,137.3587070892334,1.7697407907994716,0.022786006676256854,PG,sell
38.58064353643658,58.270470421981805,2023-01-03,137.3587070892334,22.213918079487627,0.2808751214538816,PG,sell
16.394911905377736,53.02172364349365,2023-01-03,137.3587070892334,10.066325195241909,0.11935837379953629,PG,sell
-10.71286271505422,,2023-01-03,56.462698756408685,,0.1897334514822191,KO,buy
-37.41131169070785,,2023-01-03,157.80800490875242,,0.2370685296499362,PEP,buy
-0.2666868963284631,,2023-01-03,242.0384948318481,,0.0011018366996280449,MCD,buy
-9.527660955515453,,2023-01-03,286.6919074798584,,0.03323310043617056,HD,buy
-98.04316763820438,,2023-01-03,184.8230875411987,,0.5304703483884268,LOW,buy
-179.70650719569045,,2023-01-03,433.4378072662353,,0.4146073650776554,COST,buy
150.80765917485894,41.616456264877314,2023-01-03,51.964518698501585,30.031396647096614,2.902127508384053,GE,sell
57.11855773165163,34.09253552017211,2023-01-03,51.964518698501585,19.644594591038796,1.0991838116129546,GE,sell
74.85512644996737,114.99608273391723,2023-01-03,195.25322639007567,30.76854988758482,0.3833745942841542,BA,sell
0.6578654192946141,118.4270029006958,2023-01-03,195.25322639007567,0.2588500925853665,0.0033692934629430127,BA,sell
1.3841562023115859,121.88514089813232,2023-01-03,195.25322639007567,0.5201086428273319,0.007089031141264357,BA,sell
16.39539845973483,314.86539320068357,2023-01-03,195.25322639007567,-10.04382448244074,0.0839699233803195,BA,sell
45.428582151146216,350.356161743164,2023-01-03,195.25322639007567,-36.087016695411876,0.23266494997828757,BA,sell
95.69841319463757,331.5805157775879,2023-01-03,195.25322639007567,-66.81736077153084,0.49012461900860926,BA,sell
186.4043921263117,130.79148694610595,2023-01-03,195.25322639007567,61.540347263980536,0.9546802148811318,BA,sell
274.96888608315317,49.57231214828491,2023-01-03,225.42868301239014,214.50256356450953,1.2197599808895667,CAT,sell
-35.5016167015757,,2023-01-03,90.38717848739623,,0.3927727062143678,MMM,buy
12.74173239671371,25.67402614135742,2023-01-03,195.79799554138182,11.070971826694139,0.06507590826700138,HON,sell
102.12639070818511,29.10692561321258,2023-01-03,195.79799554138182,86.94449239880853,0.5215905833244383,HON,sell
-45.094296363157866,,2023-01-03,143.75697733917235,,0.31368422735242163,UPS,buy
38.3233304508551,28.26607024478912,2023-01-03,94.1150501838684,26.813482148996485,0.40719662132660517,XOM,sell
8.39040129760317,91.15273628082275,2023-01-03,149.11589792633058,3.261450948200844,0.05626765096333575,CVX,sell
17.443546679292677,85.57622650680541,2023-01-03,149.11589792633058,7.432857527645915,0.11697979170477524,CVX,sell
-90.99282872022829,,2023-01-03,100.44268195953369,,0.9059179518612162,COP,buy
219.72910328032373,10.920182077121733,2023-01-03,46.96592208366394,168.63925538615393,4.6784794917664705,SLB,sell
42.129536780265,11.260610143852233,2023-01-03,15.266641985321044,11.054969781196707,2.7595811063607023,T,sell
3.0968607831320423,11.141122722053527,2023-01-03,15.266641985321044,0.8368676509708757,0.20285147094624278,T,sell
24.631653022669738,15.339559946155546,2023-01-03,15.266641985321044,-0.11764800092404215,1.613429662289402,T,sell
-88.22224240718458,,2023-01-03,31.23606236629486,,2.824371438775856,VZ,buy
71.12490042214502,26.71689850940704,2023-04-03,163.39079534912108,59.4948894291154,0.43530542996728006,AAPL,sell
69.58305625560267,33.287903152465816,2023-04-03,163.39079534912108,55.40677397030108,0.4258688875767014,AAPL,sell
207.50659429912875,37.46312219276428,2023-04-03,163.39079534912108,159.92836395009311,1.27000173942323,AAPL,sell
73.75681706304644,39.63490275878906,2023-04-03,279.25717235412594,63.28852990161752,0.2641178969237554,MSFT,sell
128.82472434658507,34.76088404884338,2023-04-03,279.25717235412594,112.78910646831899,0.46131214199656245,MSFT,sell
24.42484192138613,25.889527991867062,2023-04-03,32.07907234611511,4.71268747383915,0.761394895022395,INTC,sell
7.3366847000914115,26.35457115936279,2023-04-03,32.07907234611511,1.3092292638439424,0.2287062612326416,INTC,sell
53.880252902370096,29.900686118125915,2023-04-03,32.07907234611511,3.65883400918581,1.6796075747151455,INTC,sell
23.092455866407867,29.75212371635437,2023-04-03,32.07907234611511,1.6750783176139983,0.7198604628354985,INTC,sell
62.249348513094496,27.735393168258664,2023-04-03,32.07907234611511,8.428897072025308,1.940497151584033,INTC,sell
5.340574288068914,42.70334860687255,2023-04-03,32.07907234611511,-1.7687461786722611,0.16648156874510356,INTC,sell
75.52071027308385,39.753661063385,2023-04-03,32.07907234611511,-18.067554595362495,2.3542049301880663,INTC,sell
73.6117399171206,15.835011309242248,2023-04-03,47.57395182266235,49.11003910349726,1.5473118607324707,CSCO,sell
13.57418514793791,15.1045876124382,2023-04-03,47.57395182266235,9.264421906095635,0.285328097159919,CSCO,sell
96.28212327487763,33.60602729492187,2023-04-03,89.90530680770874,60.29248286678622,1.0709281431051423,ORCL,sell
20.502239544427532,33.486139049530024,2023-04-03,89.90530680770874,12.865973470836785,0.22804259584229136,ORCL,sell
-88.779597195761,,2023-04-03,117.50791058425902,,0.7555201752319611,IBM,buy
167.32933379017325,43.428427034759515,2023-04-03,115.35734941864013,104.33508331628677,1.4505303271395658,QCOM,sell
74.00673003615319,18.873842019844055,2023-04-03,166.43143579559325,65.6141368674978,0.44466797803178437,TXN,sell
54.49818367602438,24.47218904495239,2023-04-03,166.43143579559325,46.48473449107467,0.32745126192961305,TXN,sell
-154.30084457682747,,2023-04-03,142.02260983428954,,1.0864526764918914,JNJ,buy
-236.41458281875157,,2023-04-03,33.38213868789673,,7.082068199077604,PFE,buy
-41.24046496221713,,2023-04-03,98.09361139221191,,0.4204194786684283,MRK,buy
-103.65599392942168,,2023-04-03,94.57661722183227,,1.0960002268456428,ABT,buy
-66.521027174408,,2023-04-03,342.20287542724606,,0.19439061431425841,LLY,buy
-90.99085961234442,,2023-04-03,219.71288027496337,,0.41413530011746413,AMGN,buy
-57.46300853036316,,2023-04-03,59.533927465438836,,0.9652144747836786,BMY,buy
-75.37370891661634,,2023-04-03,460.71989185485836,,0.16359985806812416,UNH,buy
-59.339226262493526,,2023-04-03,120.15757594223021,,0.4938450680048909,JPM,buy
-185.85722423308084,,2023-04-03,26.196503512382506,,7.0947340031554305,BAC,buy
-129.61345772768752,,2023-04-03,34.55382621536255,,3.7510594896162814,WFC,buy
2.6407190895514305,31.124398639297482,2023-04-03,41.63788247337341,0.6667764019000881,0.06342107073384717,C,sell
5.9368689226729705,44.48089053878784,2023-04-03,41.63788247337341,-0.4053656244709618,0.14258335366764818,C,sell
-242.04159988047562,,2023-04-03,30.751180339622493,,7.870969413444211,USB,buy
102.81634749359719,67.35280856628417,2023-04-03,156.9418978225708,58.69193032840041,0.6551236407873393,AXP,sell
3.853249876463971,67.15085455322266,2023-04-03,156.9418978225708,2.204556789394376,0.024552079017294837,AXP,sell
-82.62183329124962,,2023-04-03,300.8023943664551,,0.2746714615263164,GS,buy
-90.72760882880121,,2023-04-03,614.7517415100098,,0.14758414283780263,BLK,buy
13.497628484613866,20.325434205818176,2023-04-03,47.64198125610351,7.739153449248927,0.2833137524666789,WMT,sell
5.6125991514789035,19.518574404144285,2023-04-03,47.64198125610351,3.3131579601085637,0.11780784517142351,WMT,sell
-34.20266401307932,,2023-04-03,136.53312840576172,,0.2505081690608648,PG,buy
-27.103402143624205,,2023-04-03,56.398700589370726,,0.48056784749278947,KO,buy
1.4731215791436065,46.26587633743286,2023-04-03,161.38460179138184,1.0508058188162077,0.009128018180122766,PEP,sell
57.399946020676765,69.43810667037964,2023-04-03,259.4746736022949,42.039126718647836,0.22121598699322575,MCD,sell
-83.27391571273371,,2023-04-03,272.14996644287106,,0.30598539768776467,HD,buy
8.311938734807994,65.83033549957275,2023-04-03,190.12784938201904,5.433992566780424,0.04371762875257179,LOW,sell
31.73751417119366,113.81614969253539,2023-04-03,475.43396139221187,24.13973623122525,0.06675483189769782,COST,sell
53.81235217882971,133.02580744476316,2023-04-03,475.43396139221187,38.75572564308799,0.11318575564364641,COST,sell
201.58041981849524,34.09253552017211,2023-04-03,75.98976154403687,111.14208334798751,2.6527313117264786,GE,sell
295.5969458777358,32.688648976516724,2023-04-03,75.98976154403687,168.43948932053758,3.889957539956672,GE,sell
89.99722109602749,130.79148694610595,2023-04-03,215.2392263900757,35.30983643299831,0.41812648468140523,BA,sell
-63.34420781172466,,2023-04-03,218.26594527740477,,0.2902157170291382,CAT,buy
-178.568215255674,,2023-04-03,78.19817882843017,,2.2835341939031544,MMM,buy
-131.51177577492632,,2023-04-03,177.77685308532713,,0.739757586505398,HON,buy
80.8321452935442,73.18973152008056,2023-04-03,160.05580542755126,43.86951843709732,0.5050247635668086,UPS,sell
23.39238502401855,87.02607797317505,2023-04-03,160.05580542755126,10.67339918254437,0.1461514311307317,UPS,sell
85.86928730720449,28.26607024478912,2023-04-03,103.40514290542602,62.39668972939042,0.830416020852466,XOM,sell
-42.33975909668191,,2023-04-03,147.1469371520996,,0.28773795714767125,CVX,buy
-61.294911188240555,,2023-04-03,97.296896244812,,0.6299780728258213,COP,buy
-2.118866626050282,,2023-04-03,48.01581106719971,,0.04412851889734526,SLB,buy
14.53443524094582,15.339559946155546,2023-04-03,16.024265192985535,0.6210458919228703,0.9070266290468112,T,sell
3.258814123159859,16.44809962520599,2023-04-03,16.024265192985535,-0.08619413227172945,0.20336746077981616,T,sell
12.55630908795765,16.139209694862366,2023-04-03,16.024265192985535,-0.0900683230179311,0.7835809590479101,T,sell
-33.82170551902851,,2023-04-03,31.015389891433713,,1.0904813912518279,VZ,buy
148.5522969125213,37.46312219276428,2023-07-03,189.50284468688963,119.18475438066714,0.7839053664760032,AAPL,sell
171.0900398070153,34.76088404884338,2023-07-03,329.32646941223146,153.03123923062054,0.5195149971162958,MSFT,sell
-5.824185467992634,,2023-07-03,32.97147773857117,,0.17664314333049447,INTC,buy
-38.618538137633344,,2023-07-03,47.548843946456905,,0.8121866891468557,CSCO,buy
114.03766523167137,33.486139049530024,2023-07-03,112.61194283752441,80.12757524822206,1.0126604901595915,ORCL,sell
102.21194544497385,42.73294084014892,2023-07-03,112.61194283752441,63.42549964003425,0.9076474738780096,ORCL,sell
39.60331237905611,40.99379017372131,2023-07-03,112.61194283752441,25.186636519074515,0.35167950557602445,ORCL,sell
-6.2732310066876495,,2023-07-03,120.5623390586853,,0.052033089733221516,IBM,buy
-71.8286526050986,,2023-07-03,111.985011920166,,0.6414130906759663,QCOM,buy
-55.3604938518217,,2023-07-03,163.9351088745117,,0.3376976062778523,TXN,buy
20.69747818441418,44.10704428215026,2023-07-03,148.81564743347167,14.563011798969658,0.13908133009781132,JNJ,sell
-156.9583095158843,,2023-07-03,29.90795438594818,,5.248045636636014,PFE,buy
29.801486460824197,46.77224632606506,2023-07-03,103.55634314346314,16.341350429393184,0.2877804058756528,MRK,sell
24.146488204797393,26.217428412628173,2023-07-03,100.17645516815185,17.82705091922943,0.24103955529536503,ABT,sell
9.733664158781552,30.151630317687985,2023-07-03,100.17645516815185,6.80397531264023,0.0971651885909024,ABT,sell
313.75549861407484,74.84295706024169,2023-07-03,450.72839752807613,261.65674149344056,0.6961076788922109,LLY,sell
18.940674041123295,67.40410635147094,2023-07-03,450.72839752807613,16.108193961239056,0.04202236678451898,LLY,sell
-118.41362706856513,,2023-07-03,204.15663414001463,,0.5800136134070213,AMGN,buy
-115.01273646034589,,2023-07-03,55.49353402976989,,2.072543017329668,BMY,buy
-70.02381060804343,,2023-07-03,447.34331678466793,,0.1565325958401429,UNH,buy
66.81675962975382,41.915669168472284,2023-07-03,136.2148092819214,46.25607899367408,0.4905249288384228,JPM,sell
6.119043969979547,46.099034471130366,2023-07-03,136.2148092819214,4.048182362570698,0.04492201693954634,JPM,sell
40.675717875046814,44.519216909027094,2023-07-03,136.2148092819214,27.381633945731075,0.29861450520303556,JPM,sell
6.492007639267561,45.90896392326355,2023-07-03,136.2148092819214,4.3039831060185,0.047660072157287736,JPM,sell
-2.2269190811057085,,2023-07-03,26.968934476089476,,0.08257349147702087,BAC,buy
46.50914666047174,42.03172095947265,2023-07-03,40.01199959907532,-2.34768364253852,1.162379964173212,WFC,sell
49.79104902864007,39.94094111557006,2023-07-03,40.01199959907532,0.08842538417381718,1.2444029173136038,WFC,sell
31.37002289967034,39.40171122703552,2023-07-03,40.01199959907532,0.47847546731289725,0.7840153757373152,WFC,sell
6.124298589431199,45.338263656616206,2023-07-03,40.01199959907532,-0.8152462206685014,0.1530615478055921,WFC,sell
14.492029273091894,22.650987880325317,2023-07-03,40.01199959907532,6.288020907718664,0.3621920778342407,WFC,sell
-22.933885829824334,,2023-07-03,42.18041124305725,,0.5437093938622795,C,buy
-86.89437248270136,,2023-07-03,29.410545667648314,,2.9545311217494827,USB,buy
12.751861626928466,67.15085455322266,2023-07-03,168.73791034240722,7.677137140563355,0.07557200157956245,AXP,sell
37.86656279762519,58.11101516189575,2023-07-03,168.73791034240722,24.825839462860426,0.2244105235200875,AXP,sell
-27.244175065751428,,2023-07-03,303.1763083618164,,0.08986248039288647,GS,buy
19.685821908478538,118.96647328338622,2023-07-03,643.6189143493652,16.047096019721845,0.03058614572938545,BLK,sell
42.3335595943917,19.518574404144285,2023-07-03,50.88165525512695,26.094097088852408,0.832000440672104,WMT,sell
-5.819858809722204,,2023-07-03,140.13551708831787,,0.041530219680527836,PG,buy
-61.61157188355755,,2023-07-03,55.170737429428094,,1.116743671631511,KO,buy
-8.477514729767975,,2023-07-03,165.50401640014647,,0.05122241087655244,PEP,buy
12.546388943574373,69.43810667037964,2023-07-03,272.59381018981935,9.350434152138225,0.04602594950647543,MCD,sell
9.610760311849443,69.360308719635,2023-07-03,272.59381018981935,7.165344174938243,0.035256707792290065,MCD,sell
10.295716862449018,56.204854664993285,2023-07-03,285.0248301635742,8.265475252994246,0.03612217523834804,HD,sell
9.796198458888215,59.12994309196472,2023-07-03,285.0248301635742,7.763924088058049,0.03436963177301511,HD,sell
65.32071926613047,65.83033549957275,2023-07-03,210.37462252349852,44.88058816675102,0.31049714306122755,LOW,sell
21.541895548257607,68.33794134140014,2023-07-03,210.37462252349852,14.544241664434416,0.1023977858634133,LOW,sell
2.5342707659625754,133.02580744476316,2023-07-03,518.6111441711425,1.8842203019205248,0.004886649263993181,COST,sell
66.19512137102112,131.61506109161377,2023-07-03,518.6111441711425,49.39587777370523,0.127639218931201,COST,sell
60.81579266734532,32.688648976516724,2023-07-03,84.89653208084106,37.39921663054737,0.7163519071595843,GE,sell
38.448619687530645,30.31370620059967,2023-07-03,84.89653208084106,24.719906247074064,0.45288798900429406,GE,sell
-60.4300640252296,,2023-07-03,211.06764216766356,,0.28630662381316796,BA,buy
29.18954499743482,49.57231214828491,2023-07-03,235.7890251800537,23.05273165349614,0.1237951807771589,CAT,sell
29.104882959037223,60.84747218856811,2023-07-03,235.7890251800537,21.5941069377648,0.12343612234204748,CAT,sell
-57.355095788565784,,2023-07-03,76.78288217315674,,0.7469776357081983,MMM,buy
60.10967132367029,29.10692561321258,2023-07-03,192.32789213562012,51.01266665926627,0.31253746222770395,HON,sell
-85.33274425294313,,2023-07-03,153.50848856353758,,0.5558829029680901,UPS,buy
-113.5772898395377,,2023-07-03,96.65067699584961,,1.1751318601153198,XOM,buy
-112.7392525002525,,2023-07-03,137.4492660797119,,0.820224477843853,CVX,buy
-68.69105315368076,,2023-07-03,94.58390075912475,,0.726244663228842,COP,buy
-93.74783057066357,,2023-07-03,45.63845762367248,,2.0541410786423455,SLB,buy
-218.1052042050371,,2023-07-03,13.529736445522307,,16.120432580726245,T,buy
-75.46808907827995,,2023-07-03,29.969135335731504,,2.5181937427571057,VZ,buy
-83.44232007156148,,2023-10-02,171.55135265350341,,0.4863984968984587,AAPL,buy
-23.56442160796145,,2023-10-02,314.6554990631103,,0.07488959092761682,MSFT,buy
12.138246497016672,39.753661063385,2023-10-02,34.85227241592407,-1.7070411613498386,0.34827704639054424,INTC,sell
84.88850525140144,41.89913614959716,2023-10-02,34.85227241592407,-17.16380848637293,2.4356662956822213,INTC,sell
4.026733288284189,52.46247166213989,2023-10-02,34.85227241592407,-2.0346327686126635,0.11553718048078743,INTC,sell
99.89584888443586,15.1045876124382,2023-10-02,50.21511090202331,69.84741178075417,1.989358324416461,CSCO,sell
-71.40244601383343,,2023-10-02,103.0805440170288,,0.6926859641140215,ORCL,buy
56.27484711194736,83.3634206916809,2023-10-02,128.27487552337647,19.70288603997291,0.43870513911893827,IBM,sell
14.137403466226814,95.28475417251586,2023-10-02,128.27487552337647,3.63590028081458,0.11021178861834446,IBM,sell
5.161143802912601,106.4261231147766,2023-10-02,128.27487552337647,0.8790852661904704,0.04023503263483619,IBM,sell
33.75875865220788,100.79385687026976,2023-10-02,128.27487552337647,7.232321001613336,0.263175142555923,IBM,sell
-50.35978162750983,,2023-10-02,104.33535090560912,,0.4826722792456959,QCOM,buy
-92.94727564463716,,2023-10-02,146.8939831085205,,0.6327507340853487,TXN,buy
-20.47896780129996,,2023-10-02,142.5709517791748,,0.14364053508613317,JNJ,buy
-44.7622004427617,,2023-10-02,28.00505582962036,,1.5983614071362666,PFE,buy
-84.5468600916115,,2023-10-02,93.65065364379882,,0.9027898557247269,MRK,buy
-91.66907260952354,,2023-10-02,89.99613498992919,,1.0185889940693738,ABT,buy
199.95747442537328,67.40410635147094,2023-10-02,526.9442961364746,174.37990394826784,0.37946605721221394,LLY,sell
33.03355971097289,103.27715371551513,2023-10-02,526.9442961364746,26.559228270145958,0.06268890270408667,LLY,sell
4.900557998832462,101.63898387298583,2023-10-02,243.24602086486814,2.852887358050758,0.020146508384426554,AMGN,sell
47.89484535909599,113.08193248672484,2023-10-02,243.24602086486814,25.629150528395247,0.19689878251165016,AMGN,sell
23.59657866108653,113.91500424270629,2023-10-02,243.24602086486814,12.546020264555525,0.09700704898352797,AMGN,sell
185.2867685030603,112.69692806472777,2023-10-02,243.24602086486814,99.44261143487321,0.7617257945033096,AMGN,sell
-81.23631256105259,,2023-10-02,50.26883284950256,,1.6160373725855557,BMY,buy
114.73730431458657,60.34867585716247,2023-10-02,482.8875719970703,100.39805686166682,0.23760666243711626,UNH,sell
13.09799280606113,66.82462995681762,2023-10-02,482.8875719970703,11.285420743329716,0.02712431125922743,UNH,sell
16.142025353463545,45.90896392326355,2023-10-02,134.4935266204834,10.63199317405827,0.12002083489871929,JPM,sell
-61.93463836265395,,2023-10-02,24.865452341651913,,2.490790736949826,BAC,buy
-64.55426380221743,,2023-10-02,36.85504608039856,,1.7515719193891002,WFC,buy
-116.24880524294522,,2023-10-02,36.97319360618591,,3.144137519770428,C,buy
-2.843118869803169,,2023-10-02,28.57105691680908,,0.09951045486631926,USB,buy
-142.05630982373802,,2023-10-02,144.464763092041,,0.9833284379058682,AXP,buy
11.29415312338888,120.16698957061767,2023-10-02,297.6964042877197,6.735198560822079,0.03793849358178081,GS,sell
-47.7697702157978,,2023-10-02,601.890633215332,,0.07936619641447007,BLK,buy
49.84409947014719,19.518574404144285,2023-10-02,51.675799587249756,31.01738035043604,0.9645540053229382,WMT,sell
-18.845527772436327,,2023-10-02,134.2588018951416,,0.14036716778654856,PG,buy
-60.6487476623917,,2023-10-02,50.926985189437865,,1.1908960924506111,KO,buy
-66.85181763740987,,2023-10-02,151.91421844787595,,0.4400629402595895,PEP,buy
-113.43615264282728,,2023-10-02,239.91910763549802,,0.4728099973394677,MCD,buy
-0.6314405759299518,,2023-10-02,277.8053506652832,,0.002272960453849393,HD,buy
-63.85529946219717,,2023-10-02,193.89926063690183,,0.3293220368785903,LOW,buy
11.552984158718383,131.61506109161377,2023-10-02,548.6609563842774,8.781606501629934,0.021056690884027063,COST,sell
88.80708686982506,127.65751216659545,2023-10-02,548.6609563842774,68.14425012037658,0.16186150269388833,COST,sell
38.590511170106424,30.31370620059967,2023-10-02,85.42089926376343,24.89571952281434,0.45176896406752043,GE,sell
-99.54597033932832,,2023-10-02,187.9614828323364,,0.529608347621541,BA,buy
19.378429468071392,60.84747218856811,2023-10-02,260.3236882507324,14.848959038238984,0.07443974691003508,CAT,sell
8.30950763945476,76.19517553405761,2023-10-02,260.3236882507324,5.8773648043393045,0.031919905926699244,CAT,sell
83.65233667066697,75.42145620880126,2023-10-02,260.3236882507324,59.41642833145397,0.3213397030165641,CAT,sell
32.88359164454863,120.71879005050658,2023-10-02,260.3236882507324,17.634624397198294,0.12631809216254108,CAT,sell
11.157146637416881,114.918384034729,2023-10-02,260.3236882507324,6.231888891469702,0.04285874525053135,CAT,sell
-81.80885530584779,,2023-10-02,69.51700402297973,,1.1768179088788813,MMM,buy
-110.37345940632105,,2023-10-02,169.76798541870116,,0.6501429532435425,HON,buy
-146.14609572838208,,2023-10-02,130.71683450622558,,1.1180357624206518,UPS,buy
132.46542075539193,28.26607024478912,2023-10-02,104.7046933982849,96.70506688247961,1.2651335528151382,XOM,sell
57.573643605012826,85.57622650680541,2023-10-02,146.80018302612305,24.01145679842063,0.3921905437595239,CVX,sell
56.61033885542749,90.45697523574829,2023-10-02,146.80018302612305,21.72754842306489,0.38562853048591705,CVX,sell
191.15027978306622,23.452719048690795,2023-10-02,107.11092869110107,149.29653187318235,1.7846010871059441,COP,sell
241.35612465413755,10.920182077121733,2023-10-02,53.60054156455993,192.183994117413,4.50286727725377,SLB,sell
-56.82985732801125,,2023-10-02,12.532264984130858,,4.534683666517807,T,buy
-127.44116262527173,,2023-10-02,25.988701292228697,,4.903714163792401,VZ,buy
-58.356780325592865,,2024-01-02,183.5323897628784,,0.31796447701132813,AAPL,buy
40.47995286764613,34.76088404884338,2024-01-02,362.8637373779297,36.60213647821356,0.11155689780454825,MSFT,sell
30.2745902568104,52.46247166213989,2024-01-02,47.135263758087156,-3.4216215981260305,0.6422917332591798,INTC,sell
117.37764578492951,46.918085036087035,2024-01-02,47.135263758087156,0.5408249592870931,2.490229955800144,INTC,sell
122.44822418531804,44.934359447860714,2024-01-02,47.135263758087156,5.71752023648753,2.597805006751642,INTC,sell
-214.83110150811183,,2024-01-02,47.035530166244506,,4.567421707564538,CSCO,buy
-164.37011000415447,,2024-01-02,100.88852758560179,,1.6292249866040507,ORCL,buy
46.522746542088136,100.79385687026976,2024-01-02,148.80212236175538,15.009707737607524,0.3126484071845823,IBM,sell
3.268721753833733,43.428427034759515,2024-01-02,132.34378737487793,2.196095323843518,0.024698717020805283,QCOM,sell
171.30595291913514,47.74887018890381,2024-01-02,132.34378737487793,109.4997595890888,1.294401167724577,QCOM,sell
-60.60691581611946,,2024-01-02,156.86891722106932,,0.3863538863515483,TXN,buy
-93.86635402480614,,2024-01-02,148.17735154113768,,0.6334730176274377,JNJ,buy
-270.2238996039565,,2024-01-02,24.861980445861814,,10.868961151038725,PFE,buy
-9.020181582482028,,2024-01-02,104.161782837677,,0.08659780330890499,MRK,buy
16.491223028071758,30.151630317687985,2024-01-02,103.69677821731567,11.696114937182854,0.1590331282377102,ABT,sell
22.855713581316614,32.97770386505127,2024-01-02,103.69677821731567,15.587127545504469,0.2204091002077062,ABT,sell
-20.71960591036485,,2024-01-02,581.6030043090819,,0.03562499807747521,LLY,buy
2.0447222757333874,112.69692806472777,2024-01-02,273.7700797302246,1.2030162739389487,0.007468757278911831,AMGN,sell
4.342962734764211,136.0432685317993,2024-01-02,273.7700797302246,2.184834840980731,0.015863540453521452,AMGN,sell
-231.2386267249423,,2024-01-02,46.3111808555603,,4.993149007496726,BMY,buy
-79.44962920726977,,2024-01-02,508.5705636016845,,0.15622144672434324,UNH,buy
14.495207886828569,45.90896392326355,2024-01-02,162.16467974395752,10.391601744064833,0.08938572758084629,JPM,sell
13.354758863127104,48.21779943656921,2024-01-02,162.16467974395752,9.383875157731314,0.0823530677840143,JPM,sell
71.79782503963104,45.375666223907466,2024-01-02,162.16467974395752,51.70791304557244,0.44274638073465145,JPM,sell
185.69895917185866,10.767731686496735,2024-01-02,31.778200492858886,122.77668743171967,5.843595807559602,BAC,sell
158.62206635471196,22.650987880325317,2024-01-02,46.24339430236816,80.92563950810522,3.4301562146918094,WFC,sell
20.927704625369003,44.48089053878784,2024-01-02,48.98125688209534,1.9228240256349736,0.4272594448881719,C,sell
36.21776218333358,56.06758594512939,2024-01-02,48.98125688209534,-5.239779399201751,0.7394208415377079,C,sell
18.520226944420646,51.26056967048645,2024-01-02,48.98125688209534,-0.8618274173718525,0.37810844644108244,C,sell
28.058507732772934,51.08480279884338,2024-01-02,48.98125688209534,-1.2049988736179813,0.5728417259751755,C,sell
10.541964145065537,55.057941852951046,2024-01-02,48.98125688209534,-1.3078511896463016,0.21522445147623515,C,sell
117.45776948408376,41.255905899429315,2024-01-02,48.98125688209534,18.525504502464457,2.3980146072368225,C,sell
8.400404799637569,53.633525506591795,2024-01-02,48.98125688209534,-0.79787539500051,0.17150243448955393,C,sell
16.67908696456922,13.224656247997283,2024-01-02,39.41904642677307,11.083436850438918,0.42312253787146226,USB,sell
28.630736985790364,16.35818725852966,2024-01-02,39.41904642677307,16.749501912453514,0.7263173410086505,USB,sell
2.7453723607552165,21.60369309196472,2024-01-02,39.41904642677307,1.2407651395963761,0.06964583392079682,USB,sell
36.36864426474366,21.020985295677182,2024-01-02,39.41904642677307,16.974346187719508,0.922616033655304,USB,sell
23.37286760577491,21.79756382923126,2024-01-02,39.41904642677307,10.44836486683951,0.5929333589840535,USB,sell
15.575342995546533,23.842686048507687,2024-01-02,39.41904642677307,6.154566827597018,0.39512226721364563,USB,sell
15.718945644076577,28.623734680366514,2024-01-02,39.41904642677307,4.304795116438267,0.39876524342812125,USB,sell
29.910632041128178,27.410395855522154,2024-01-02,39.41904642677307,9.111999429372641,0.7587862912080272,USB,sell
11.704547337391041,29.212930092811582,2024-01-02,39.41904642677307,3.0304632554641735,0.2969261917366275,USB,sell
27.145105052944565,28.363708963394163,2024-01-02,39.41904642677307,7.613027813766443,0.6886291656844303,USB,sell
26.790873889832763,28.00585175075531,2024-01-02,39.41904642677307,7.75689639812359,0.6796428711080296,USB,sell
26.851945308813075,27.74834931373596,2024-01-02,39.41904642677307,7.949987353883568,0.6811921581790337,USB,sell
16.12304581298637,36.32810811538696,2024-01-02,39.41904642677307,1.2642451940629726,0.40901663724761583,USB,sell
1.4155161296887746,37.256846919631954,2024-01-02,39.41904642677307,0.07764338702735896,0.03590944627030268,USB,sell
22.423516564155104,38.07717630271911,2024-01-02,39.41904642677307,0.7633225478846803,0.5688497971611319,USB,sell
2.560498830142022,38.71234808998108,2024-01-02,39.41904642677307,0.045904212015392964,0.06495587951115311,USB,sell
151.95943856388755,58.11101516189575,2024-01-02,182.48404912719727,103.56881329765358,0.8327272399461441,AXP,sell
16.479499443283476,52.76110050849914,2024-01-02,182.48404912719727,11.714828061782171,0.09030652006081219,AXP,sell
17.881448211305898,120.16698957061767,2024-01-02,365.9174759490967,12.009195744702055,0.0488674342894555,GS,sell
89.32396788160686,187.37982290344237,2024-01-02,365.9174759490967,43.58275467697531,0.2441095977991301,GS,sell
19.656670019177135,186.6310844314575,2024-01-02,365.9174759490967,9.63106074081437,0.05371886097594203,GS,sell
1.5068878431394426,118.96647328338622,2024-01-02,753.03091975708,1.2688244016147063,0.002001096905324351,BLK,sell
28.877027273324316,184.98213434295653,2024-01-02,753.03091975708,21.783382114341354,0.038347731169710464,BLK,sell
15.012759387558342,233.10339637145995,2024-01-02,753.03091975708,10.36550638594683,0.01993644483071333,BLK,sell
23.052375370153207,238.6238748245239,2024-01-02,753.03091975708,15.747433447569346,0.030612787291111054,BLK,sell
62.981609440371564,263.16708981018064,2024-01-02,753.03091975708,40.970976897778485,0.08363748126131232,BLK,sell
22.969816139403793,225.75048987579345,2024-01-02,753.03091975708,16.083714772543473,0.030503151380309346,BLK,sell
-141.21234615346768,,2024-01-02,51.67760944099426,,2.7325634386146405,WMT,buy
-103.64886436352315,,2024-01-02,138.4096546783447,,0.74885573990049,PG,buy
-38.606827196742536,,2024-01-02,55.34805033493041,,0.6975282230018784,KO,buy
-104.82992047730596,,2024-01-02,156.45673314208983,,0.670024986282324,PEP,buy
45.72590695878593,69.360308719635,2024-01-02,277.75861880493164,34.30749252112605,0.1646246195906489,MCD,sell
44.921279561921345,59.12994309196472,2024-01-02,321.4281019958496,36.65755685808338,0.13975529607707227,HD,sell
-59.34385770104503,,2024-01-02,207.2765839111328,,0.2863027582820834,LOW,buy
45.94679208897429,127.65751216659545,2024-01-02,640.2379208862304,36.78542726073171,0.07176518383255681,COST,sell
8.575830855637648,135.44462895202636,2024-01-02,640.2379208862304,6.761583073204926,0.013394756192770974,COST,sell
44.7058654135663,30.31370620059967,2024-01-02,98.95685812911987,31.01100388287663,0.45177126940745893,GE,sell
209.8429699628394,130.79148694610595,2024-01-02,251.58376251068114,100.75137441337864,0.834087891319816,BA,sell
46.23283791185012,167.9775026107788,2024-01-02,251.58376251068114,15.36408639331043,0.18376717738247228,BA,sell
-43.25753162659636,,2024-01-02,282.2773509460449,,0.1532447838327089,CAT,buy
82.80871810979588,42.404643413162226,2024-01-02,85.9714169517517,41.96404801534287,0.9632122052410654,MMM,sell
2.8922546363877943,45.616171831893915,2024-01-02,85.9714169517517,1.3576331406283333,0.033642049170958366,MMM,sell
51.92788810492976,37.85603620033264,2024-01-02,85.9714169517517,29.062334859363645,0.6040134028972952,MMM,sell
36.32576029707941,29.10692561321258,2024-01-02,195.17199971923827,30.90832744640673,0.1861217815533749,HON,sell
-101.24949528823491,,2024-01-02,135.02771133728027,,0.7498423418829034,UPS,buy
-263.7484136416211,,2024-01-02,93.66713703689574,,2.815805222462707,XOM,buy
-247.8783011657771,,2024-01-02,133.32999056091307,,1.8591338687039922,CVX,buy
-128.86416666069758,,2024-01-02,108.25289381866455,,1.1903992781621078,COP,buy
-254.28328121451602,,2024-01-02,48.38678284606933,,5.25522190684708,SLB,buy
15.125154090196505,16.139209694862366,2024-01-02,14.996815279769898,-1.1521707267650374,1.0085577376284505,T,sell
54.19961377021609,15.030811258411406,2024-01-02,14.996815279769898,-0.1228640133079324,3.614074905845456,T,sell
8.555163054280996,15.692282799434661,2024-01-02,14.996815279769898,-0.396740102394574,0.5704653217821232,T,sell
13.156753893025504,15.72172806406021,2024-01-02,14.996815279769898,-0.6359682985281019,0.8773031905496254,T,sell
29.23523416453293,25.319362156677244,2024-01-02,32.44851494064331,6.423173800564928,0.9009729480073805,VZ,sell
23.153986281662508,25.930188682365415,2024-01-02,32.44851494064331,4.651221698116167,0.7135607384195275,VZ,sell
1.6889147647330562,23.98043384799957,2024-01-02,32.44851494064331,0.4407556774935506,0.05204906196238923,VZ,sell
51.78856618231963,30.31307442626953,2024-01-02,32.44851494064331,3.4082115193670077,1.596022692473115,VZ,sell
7.533963589072177,32.25434325256347,2024-01-02,32.44851494064331,0.045083185800587344,0.23218207683321523,VZ,sell
38.03620092794776,29.37392184333801,2024-01-02,32.44851494064331,3.60404292876607,1.1722015937409083,VZ,sell
-204.7862215505547,,2024-04-01,168.31411808166501,,1.2166906964464719,AAPL,buy
94.61262887285304,34.76088404884338,2024-04-01,416.17267793884275,86.71009515032742,0.22733983725562235,MSFT,sell
-182.5921144539599,,2024-04-01,44.091244197845455,,4.141232976657129,INTC,buy
-98.80076316992961,,2024-04-01,46.960457815933225,,2.1039139685816153,CSCO,buy
176.2979284811685,40.99379017372131,2024-04-01,121.95622733459473,117.03797557699511,1.4455836518908036,ORCL,sell
1.0911588382352435,39.8349748096466,2024-04-01,121.95622733459473,0.7347499382192432,0.008947135067089107,ORCL,sell
24.0468449269073,100.79385687026976,2024-04-01,176.49928875732422,10.314357601834795,0.13624329648132605,IBM,sell
113.53245516631702,96.0188492225647,2024-04-01,176.49928875732422,51.768717922759386,0.6432459641376642,IBM,sell
8.079344001447453,101.9974499557495,2024-04-01,176.49928875732422,3.4103592635204283,0.04577550458322843,IBM,sell
5.218870564937973,47.74887018890381,2024-04-01,162.8860829772949,3.6889966273797206,0.03204000286301589,QCOM,sell
198.5438962187352,48.649127613830565,2024-04-01,162.8860829772949,139.2448623937351,1.2189125835042072,QCOM,sell
-56.0924718110893,,2024-04-01,161.7591482910156,,0.34676537558280884,TXN,buy
-104.80242939183493,,2024-04-01,147.25848063201903,,0.711690280532796,JNJ,buy
-166.54669924860264,,2024-04-01,23.52993675956726,,7.078076790023026,PFE,buy
9.929132174443568,46.77224632606506,2024-04-01,121.0834561340332,6.093696428762037,0.08200238489602185,MRK,sell
107.03264224832915,41.08292952346802,2024-04-01,121.0834561340332,70.71707413858525,0.8839576079646214,MRK,sell
-63.720573600986576,,2024-04-01,106.47143526763915,,0.5984757643288177,ABT,buy
276.31868633156245,103.27715371551513,2024-04-01,747.2029709289551,238.12637640638235,0.3698040520208734,LLY,sell
-149.910795181812,,2024-04-01,262.96464717407224,,0.5700796544053199,AMGN,buy
-75.84803147624868,,2024-04-01,47.05288010177612,,1.6119742577327507,BMY,buy
-212.00686572007993,,2024-04-01,463.5828564422607,,0.45732248890115157,UNH,buy
84.36507455020302,45.375666223907466,2024-04-01,188.6330773635864,64.071065051718,0.4472443313194274,JPM,sell
31.470938430115613,68.20783018569946,2024-04-01,188.6330773635864,20.091362513594515,0.16683679697095766,JPM,sell
52.53608646900937,10.767731686496735,2024-04-01,35.41938385734558,36.56476169285672,1.4832580566788707,BAC,sell
132.53719507652028,22.650987880325317,2024-04-01,54.384637393569946,77.33597386316491,2.4370337181321453,WFC,sell
12.108096221589303,53.633525506591795,2024-04-01,59.163226683425904,1.1316852997894333,0.20465577860345618,C,sell
161.84480549861217,30.72609069137573,2024-04-01,59.163226683425904,77.79161147172978,2.7355642105969125,C,sell
-80.6822990237502,,2024-04-01,39.96005085754394,,2.0190739824476083,USB,buy
180.10674236270208,52.76110050849914,2024-04-01,221.28075546569823,137.16297205579923,0.8139286309993699,AXP,sell
-2.2716922992494344,,2024-04-01,392.9855603057861,,0.005780599921996643,GS,buy
-45.2596819036462,,2024-04-01,783.8617349182128,,0.057739368931395196,BLK,buy
67.09428220287586,19.518574404144285,2024-04-01,58.51335232429504,44.713326621806885,1.1466490901260151,WMT,sell
10.536079242437687,22.758242547798154,2024-04-01,58.51335232429504,6.438165905097428,0.18006282026099285,WMT,sell
5.381267937760256,53.02172364349365,2024-04-01,150.16065253601073,3.4811423280963503,0.035836737832966925,PG,sell
8.21529524330019,64.10832099609374,2024-04-01,150.16065253601073,4.7079264643261665,0.054710039577978264,PG,sell
2.289303060837869,64.66409153823852,2024-04-01,150.16065253601073,1.3034542370303908,0.015245692011686351,PG,sell
-67.40969033091773,,2024-04-01,56.59284426841735,,1.191134518901304,KO,buy
-86.24334169372842,,2024-04-01,157.71452521209716,,0.5468319520839753,PEP,buy
-163.52352338520677,,2024-04-01,263.89049623107906,,0.6196643142541038,MCD,buy
-1.731983382234819,,2024-04-01,345.33846113586424,,0.0050153214227517395,HD,buy
18.647601035241284,68.33794134140014,2024-04-01,237.16932965240477,13.274483577044554,0.07862568512788393,LOW,sell
36.40815061537803,72.19533017654419,2024-04-01,237.16932965240477,25.325358170642893,0.15351120934877116,LOW,sell
38.13569138524012,79.90174017715454,2024-04-01,237.16932965240477,25.287874557467973,0.16079520670371572,LOW,sell
37.81494511329243,135.44462895202636,2024-04-01,710.7416952941894,30.60862635695281,0.053204906035011934,COST,sell
8.916737003166158,140.9013268280029,2024-04-01,710.7416952941894,7.149034217412998,0.012545678777822866,COST,sell
233.49197844461767,30.31370620059967,2024-04-01,137.77752686920167,182.11925173363267,1.6947029297911698,GE,sell
92.31742984274295,65.64385709457397,2024-04-01,137.77752686920167,48.33295494584287,0.6700470819917097,GE,sell
46.339158273057265,64.46435159835815,2024-04-01,137.77752686920167,24.657655784467565,0.33633321286895423,GE,sell
41.822686081864624,58.6796693195343,2024-04-01,137.77752686920167,24.010337108085096,0.30355230662231847,GE,sell
-419.0182872398015,,2024-04-01,189.63264999999998,,2.209631554691671,BA,buy
159.7601027433541,114.918384034729,2024-04-01,351.9077888671875,107.58912664876847,0.4539828551610965,CAT,sell
66.96076712766663,107.89904675064086,2024-04-01,351.9077888671875,46.42981222603004,0.19027929828781964,CAT,sell
-45.589128683291975,,2024-04-01,89.46952150115966,,0.5095492623451783,MMM,buy
-133.38471059871267,,2024-04-01,189.94709420013427,,0.7022203269831246,HON,buy
-171.32945796697211,,2024-04-01,127.2977329093933,,1.3458955949272031,UPS,buy
58.51894362999197,28.26607024478912,2024-04-01,107.8984477203369,43.188782666198605,0.5423520436704319,XOM,sell
34.861674738973726,33.55889044036865,2024-04-01,107.8984477203369,24.01889481163583,0.3230970924561589,XOM,sell
9.869776622134738,25.93777379169464,2024-04-01,107.8984477203369,7.497174987836755,0.09147283237768455,XOM,sell
2.1105344935934527,90.45697523574829,2024-04-01,143.24045124206543,0.7777226742663281,0.01473420723889518,CVX,sell
36.31510356303091,23.452719048690795,2024-04-01,119.14048123168945,29.166501238422043,0.30480910591933785,COP,sell
-7.598441560596357,,2024-04-01,51.695638867950436,,0.14698418913064515,SLB,buy
-56.26488999797597,,2024-04-01,15.484004362678526,,3.6337428406822596,T,buy
40.091834692895276,29.37392184333801,2024-04-01,35.881119437026975,7.270829180735291,1.117351836339953,VZ,sell
0.9980344734189106,27.19800897693634,2024-04-01,35.881119437026975,0.24152099242288405,0.027815031667852708,VZ,sell
338.3907049690352,37.46312219276428,2024-07-01,214.55307678222655,279.30428906077924,1.577188777919531,AAPL,sell
33.10796063164141,125.72047298355102,2024-07-01,214.55307678222655,13.707873098263512,0.15431128338115752,AAPL,sell
93.54678411524644,34.76088404884338,2024-07-01,448.5041865234375,86.29653091030264,0.2085750521982206,MSFT,sell
-441.3313743967612,,2024-07-01,30.66704937610626,,14.391060873975619,INTC,buy
-74.72577131808096,,2024-07-01,44.95988236732482,,1.6620544223751992,CSCO,buy
87.63416175505154,39.8349748096466,2024-07-01,139.5205228363037,62.61343681071648,0.6281094707326371,ORCL,sell
28.368372418124753,40.39342896118164,2024-07-01,139.5205228363037,20.155273637235574,0.2033275954062237,ORCL,sell
70.28079964957057,48.66016362342834,2024-07-01,139.5205228363037,45.76917124529666,0.5037309079756636,ORCL,sell
-110.89868910785404,,2024-07-01,164.6501628952026,,0.6735413263966183,IBM,buy
37.86095221405877,48.649127613830565,2024-07-01,190.5172403137207,28.193048706691854,0.19872717110385363,QCOM,sell
36.38128479540667,64.59999793701171,2024-07-01,190.5172403137207,24.045231014347113,0.1909605909444121,QCOM,sell
147.84968567443588,122.48274215393066,2024-07-01,190.5172403137207,52.79773710441742,0.7760436033556593,QCOM,sell
19.530247879372517,24.47218904495239,2024-07-01,182.83103507080077,16.916096961210833,0.10682129470967272,TXN,sell
10.92027165185902,30.54182826824188,2024-07-01,182.83103507080077,9.096046014759324,0.05972876348717371,TXN,sell
31.39228068440257,34.82879883499145,2024-07-01,182.83103507080077,25.412139356070398,0.17170104994617574,TXN,sell
76.10418047094578,33.88709625053406,2024-07-01,182.83103507080077,61.99853539986546,0.41625416845381125,TXN,sell
31.32120136946365,38.257806500625605,2024-07-01,182.83103507080077,24.76716933165322,0.17131227943513316,TXN,sell
-105.20179685148393,,2024-07-01,137.77945310363768,,0.7635521442544206,JNJ,buy
31.617733371655927,20.089595329666135,2024-07-01,24.281594035720826,5.458517146254117,1.3021275837633581,PFE,sell
-39.93186303902954,,2024-07-01,119.10105075912475,,0.3352771682912312,MRK,buy
-119.72686973515778,,2024-07-01,98.51321643371581,,1.2153381451687295,ABT,buy
270.55117418596,103.27715371551513,2024-07-01,899.8545238769531,239.49976035972105,0.30066101464969175,LLY,sell
134.00086273807202,136.0432685317993,2024-07-01,290.5959093658447,71.26799291636429,0.46112439445722586,AMGN,sell
-311.2406998755659,,2024-07-01,37.099243082809444,,8.389408354796988,BMY,buy
5.059068731695239,66.82462995681762,2024-07-01,469.5974431274414,4.339153406624157,0.010773203316446267,UNH,sell
7.220372397021945,68.20783018569946,2024-07-01,195.94210540924072,4.706946641465279,0.03684951931052094,JPM,sell
22.85000807604766,76.32244656829833,2024-07-01,195.94210540924072,13.949580488894224,0.11661611999280908,JPM,sell
9.036439838102925,84.1593112876892,2024-07-01,195.94210540924072,5.155188528288662,0.046117907221776555,JPM,sell
21.463079538269938,10.767731686496735,2024-07-01,37.99969536209106,15.381223369902187,0.5648224106470536,BAC,sell
65.32077519164386,10.437743165683745,2024-07-01,37.99969536209106,47.37848727756973,1.7189815489102216,BAC,sell
65.70603614340774,22.650987880325317,2024-07-01,57.526628201293946,39.83442372870569,1.142184727279563,WFC,sell
-3.589989351096478,,2024-07-01,59.73254128189087,,0.06010106508200508,C,buy
-149.48927437074596,,2024-07-01,36.12372243919372,,4.138257750772446,USB,buy
27.468071468665315,52.76110050849914,2024-07-01,228.0126121307373,21.112082359159725,0.12046733385482966,AXP,sell
18.814780724543763,186.6310844314575,2024-07-01,442.69282763671873,10.882818174558155,0.042500757974745174,GS,sell
17.796932406120447,211.3225812423706,2024-07-01,442.69282763671873,9.301439686406408,0.04020153771437407,GS,sell
127.3633735459518,185.70667070465086,2024-07-01,442.69282763671873,73.93529295743832,0.2877014615887754,GS,sell
-81.70297526243469,,2024-07-01,746.5616563110351,,0.10943901896348573,BLK,buy
8.142797051902724,22.758242547798154,2024-07-01,66.03580432434082,5.336505037732609,0.12330881913558045,WMT,sell
122.93053139702549,25.097481484985348,2024-07-01,66.03580432434082,76.20971430024585,1.8615739242493525,WMT,sell
33.59399559702873,24.798018543815612,2024-07-01,66.03580432434082,20.97864950865057,0.5087239557502592,WMT,sell
12.715655777843677,64.66409153823852,2024-07-01,153.14434129943848,7.346562005194894,0.08303052969473512,PG,sell
56.15168729767251,29.236380181694027,2024-07-01,59.392440053558346,28.510592299757935,0.9454349282002319,KO,sell
-86.35146242108807,,2024-07-01,149.68600573730467,,0.576884004591804,PEP,buy
-158.00594177312558,,2024-07-01,236.95058520050048,,0.6668307724980957,MCD,buy
-127.31372904218748,,2024-07-01,317.65463678588867,,0.4007929187824253,HD,buy
-209.9600242712611,,2024-07-01,204.44191365203855,,1.026991092582974,LOW,buy
102.20623573796296,140.9013268280029,2024-07-01,834.6980779357909,84.95329769216285,0.12244695230486102,COST,sell
38.03721892792935,147.64423325805663,2024-07-01,834.6980779357909,31.30906635116617,0.045570032965686735,COST,sell
42.90333055615606,184.69752668762206,2024-07-01,834.6980779357909,33.409911019381866,0.05139981951588535,COST,sell
45.61292781680958,265.5121445068359,2024-07-01,834.6980779357909,31.103745871852183,0.054646019947248936,COST,sell
177.73794615550855,58.6796693195343,2024-07-01,156.7782703765869,111.21339603203698,1.1336899286398285,GE,sell
-35.77025147993851,,2024-07-01,186.83068694610594,,0.1914581167828011,BA,buy
-143.86949661307708,,2024-07-01,319.9834753051758,,0.4496153949070818,CAT,buy
12.331001956672278,43.109833356094356,2024-07-01,96.27062945480347,6.809199071656535,0.1280868529322472,MMM,sell
22.341059317622157,37.85603620033264,2024-07-01,96.27062945480347,13.555992105833148,0.23206516301122448,MMM,sell
25.533165388303505,48.28317567329406,2024-07-01,96.27062945480347,12.727366600860162,0.2652227946664736,MMM,sell
5.771063282386295,51.15347342376709,2024-07-01,96.27062945480347,2.7046043435152374,0.05994625063811032,MMM,sell
7.245904230520572,52.31505256195068,2024-07-01,96.27062945480347,3.3083600093465755,0.0752659899655308,MMM,sell
18.155461584441504,77.56164805831908,2024-07-01,96.27062945480347,3.528284742205507,0.18858775191622712,MMM,sell
1.939392446445215,80.02645357513427,2024-07-01,96.27062945480347,0.32724240173944463,0.02014521414712167,MMM,sell
54.53664432646112,29.10692561321258,2024-07-01,199.1244770187378,46.56477631017923,0.2738821723123932,HON,sell
-111.40741330134871,,2024-07-01,118.53931748886107,,0.9398351168321639,UPS,buy
-28.20287824955768,,2024-07-01,107.03713860015868,,0.2634868478212091,XOM,buy
-23.704270713415372,,2024-07-01,142.55794219055176,,0.16627814872447289,CVX,buy
-162.96550515603423,,2024-07-01,106.70495127563476,,1.5272534517641088,COP,buy
-226.60523339243773,,2024-07-01,43.885087263107295,,5.163604484454041,SLB,buy
36.6605762419357,15.72172806406021,2024-07-01,17.044704788589478,2.8455223881836034,2.150848412844205,T,sell
12.992398922270063,14.570619965076446,2024-07-01,17.044704788589478,1.8858817089125708,0.7622542650881101,T,sell
78.35369623909881,13.62406073474884,2024-07-01,17.044704788589478,15.724537823390996,4.596952379694628,T,sell
-10.583143640112366,,2024-07-01,36.046913186645504,,0.2935936174427596,VZ,buy
-37.37891652259156,,2024-10-01,224.49045319366454,,0.1665055951860248,AAPL,buy
-210.1618195187953,,2024-10-01,414.4376390106201,,0.5071011890245081,MSFT,buy
-468.20281406402074,,2024-10-01,22.705883534431457,,20.620330116378547,INTC,buy
43.01423191507526,15.1045876124382,2024-10-01,50.255739485549924,30.086111839759244,0.8559068547273725,CSCO,sell
0.11511587952365737,19.65898481750488,2024-10-01,50.255739485549924,0.07008497656659311,0.002290601644748591,CSCO,sell
24.82523842567545,19.285522206306457,2024-10-01,50.255739485549924,15.298611380959958,0.4939781740315148,CSCO,sell
82.91005936581283,48.66016362342834,2024-10-01,163.4502629699707,58.227217127071256,0.5072494706297608,ORCL,sell
58.7479538803559,49.01347244262695,2024-10-01,163.4502629699707,41.131333593213526,0.3594240401506674,ORCL,sell
12.145392151402762,101.9974499557495,2024-10-01,207.77225844268798,6.183099411068676,0.058455311803586874,IBM,sell
138.85988713757152,94.42939662475585,2024-10-01,207.77225844268798,75.75013679811741,0.6683273704505392,IBM,sell
120.87677225050264,79.62823342666626,2024-10-01,207.77225844268798,74.55103122632246,0.5817753205192471,IBM,sell
-337.08355084702384,,2024-10-01,158.93441845703123,,2.1208971229737514,QCOM,buy
-40.40317716590544,,2024-10-01,190.90786453552244,,0.21163704944375183,TXN,buy
61.208990310387634,44.10704428215026,2024-10-01,153.35180705566407,43.60406150047794,0.39914097841814034,JNJ,sell
-57.99489833611843,,2024-10-01,25.051986098480224,,2.3149820580347793,PFE,buy
-237.95700117441416,,2024-10-01,107.56124789581298,,2.2122930500481583,MRK,buy
49.398715667243955,32.97770386505127,2024-10-01,108.82535732803345,34.4292613361384,0.4539265193344679,ABT,sell
-145.19399428315413,,2024-10-01,872.8765163269043,,0.1663396729862039,LLY,buy
-48.34095255247028,,2024-10-01,301.80104825744627,,0.16017489942988483,AMGN,buy
107.69664487663822,40.68265944862365,2024-10-01,48.1744223121643,16.74825946819901,2.235556540331242,BMY,sell
33.58939274341988,39.17809747047424,2024-10-01,48.1744223121643,6.2726458118545985,0.6972453665508382,BMY,sell
182.4261741877506,35.46513110198974,2024-10-01,48.1744223121643,48.127351835928835,3.7867848835975977,BMY,sell
103.65957800140451,66.82462995681762,2024-10-01,555.7211963012695,91.1946711604777,0.1865316253749807,UNH,sell
54.793067387245685,97.36268475723266,2024-10-01,555.7211963012695,45.19328932872786,0.09859812393684741,UNH,sell
-81.99589252091982,,2024-10-01,198.83082616271972,,0.41239024201315644,JPM,buy
-119.74618774040688,,2024-10-01,37.54476805000305,,3.189424091818225,BAC,buy
-212.41229917972097,,2024-10-01,53.06552411880493,,4.002830513916436,WFC,buy
-123.72177718277707,,2024-10-01,58.76704886283874,,2.1052916485825506,C,buy
23.681213080101752,16.05975882396698,2024-10-01,41.32624164390564,14.478475168378507,0.5730308912229383,USB,sell
38.46072118903162,38.71234808998108,2024-10-01,41.32624164390564,2.4326487770543466,0.9306609955106673,USB,sell
14.134794196887231,35.811049497604365,2024-10-01,41.32624164390564,1.8863584696614542,0.34202951041815055,USB,sell
15.967710966448184,36.55736012382507,2024-10-01,41.32624164390564,1.842609410311864,0.386381880647086,USB,sell
12.825811783684342,38.57860661773682,2024-10-01,41.32624164390564,0.8527426713408097,0.3103551465966845,USB,sell
7.882390647659026,52.76110050849914,2024-10-01,262.72017237854004,6.299399888163154,0.030002989782991207,AXP,sell
64.84101939000196,52.925880996322626,2024-10-01,262.72017237854004,51.77857334771316,0.2468063978603663,AXP,sell
41.666927492486685,81.32783234786987,2024-10-01,262.72017237854004,28.76848553852348,0.15859812786835015,AXP,sell
-11.091291667420503,,2024-10-01,471.4322192230224,,0.023526800280431193,GS,buy
102.2524629553028,225.75048987579345,2024-10-01,895.4054309509277,76.47247234406525,0.11419683131328551,BLK,sell
44.821906999851585,265.44046961364745,2024-10-01,895.4054309509277,31.534576331793712,0.05005766711985471,BLK,sell
36.32446857983743,302.71877395629883,2024-10-01,895.4054309509277,24.04388794786098,0.04056762146423498,BLK,sell
70.60428268028618,24.798018543815612,2024-10-01,79.75736315917969,48.65212375943271,0.8852384266938991,WMT,sell
122.31459290141443,29.361240548324584,2024-10-01,79.75736315917969,77.28667268818856,1.533583710099581,WMT,sell
-2.051836365585812,,2024-10-01,164.066044581604,,0.01250616098424473,PG,buy
1.4292355048288776,29.236380181694027,2024-10-01,67.76596900863647,0.8126181495450322,0.021090755813537143,KO,sell
23.179259449064467,28.457627657318113,2024-10-01,67.76596900863647,13.445365808588631,0.34204866820557633,KO,sell
36.652558722871646,27.860133287811276,2024-10-01,67.76596900863647,21.583857038278403,0.5408696910716415,KO,sell
37.25840721163518,32.848153862380975,2024-10-01,67.76596900863647,19.198163837869497,0.5498099969158083,KO,sell
-15.756638407260183,,2024-10-01,158.68703777008056,,0.09929379632185054,PEP,buy
61.13076110832986,69.360308719635,2024-10-01,288.44363893432615,46.43101429330162,0.21193312265155662,MCD,sell
15.436495369290274,72.46285892944336,2024-10-01,288.44363893432615,11.5585364361603,0.0535165047366668,MCD,sell
110.28353580041731,94.01941898422241,2024-10-01,288.44363893432615,74.33615281152869,0.38233998228515986,MCD,sell
21.93903839759235,90.21718347549438,2024-10-01,288.44363893432615,15.077114661974264,0.07606005276679895,MCD,sell
85.87964236665617,59.12994309196472,2024-10-01,388.3011494293213,72.80201338368306,0.2211676233584985,HD,sell
32.79968755481453,85.68517417678832,2024-10-01,388.3011494293213,25.561885284053865,0.0844697153305356,HD,sell
97.30588364673497,101.11994404144286,2024-10-01,388.3011494293213,71.96584660661287,0.25059385940459755,HD,sell
133.59818033274286,79.90174017715454,2024-10-01,261.8981468811035,92.83910196502319,0.5101150272490997,LOW,sell
165.36570960407067,89.32821018905639,2024-10-01,261.8981468811035,108.96277952804766,0.631412293570536,LOW,sell
-45.69807746432926,,2024-10-01,868.4444609802246,,0.05262061020315478,COST,buy
147.49040334542616,58.6796693195343,2024-10-01,184.31504192504883,100.53445224278232,0.8002081751168344,GE,sell
-347.0283183887702,,2024-10-01,154.3279552215576,,2.2486419773434205,BA,buy
60.73549724773128,107.89904675064086,2024-10-01,382.56130416870116,43.60542636615954,0.15876016885635735,CAT,sell
21.793895633321682,120.51109471664428,2024-10-01,382.56130416870116,14.928574461806381,0.05696837446923553,CAT,sell
95.48286450254784,118.08627230758665,2024-10-01,382.56130416870116,66.00990052137075,0.24958840181191455,CAT,sell
67.34093967538728,45.467389931488036,2024-10-01,131.85551246337891,44.119940375687726,0.5107176667649016,MMM,sell
23.77279875764009,80.02645357513427,2024-10-01,131.85551246337891,9.344484456729274,0.18029431089764003,MMM,sell
32.021568111606776,91.10895107498168,2024-10-01,131.85551246337891,9.895443629440301,0.24285346523149975,MMM,sell
12.355038359513284,82.99014322280883,2024-10-01,131.85551246337891,4.5787506349930025,0.09370134117786488,MMM,sell
6.461523254194381,87.10704433898925,2024-10-01,131.85551246337891,2.192879629932995,0.049004574275868684,MMM,sell
16.785027092794255,105.95267028656005,2024-10-01,131.85551246337891,3.2973965183217704,0.12729863757084914,MMM,sell
33.79691431847586,108.46558990402221,2024-10-01,131.85551246337891,5.995253394308538,0.25631779579835534,MMM,sell
22.92155372843405,131.9885370635986,2024-10-01,131.85551246337891,-0.023124786094825822,0.17383841828228608,MMM,sell
23.501814511488334,133.34878727874755,2024-10-01,131.85551246337891,-0.26616003434227054,0.17823915035797722,MMM,sell
78.35607059747744,123.46283600387572,2024-10-01,131.85551246337891,4.9874073284972695,0.5942570707405181,MMM,sell
2.1929165638736188,134.88736963653562,2024-10-01,131.85551246337891,-0.05042344980579383,0.01663120883537328,MMM,sell
6.1930746005583766,136.58634250946045,2024-10-01,131.85551246337891,-0.22220067140600808,0.04696864381971455,MMM,sell
95.92103815233023,113.42656442947387,2024-10-01,131.85551246337891,13.40652199094427,0.7274708228749329,MMM,sell
-126.02078139415792,,2024-10-01,195.85640971221923,,0.6434345527895973,HON,buy
-111.08259190831603,,2024-10-01,117.68206652679443,,0.9439211528718712,UPS,buy
-27.7867779222979,,2024-10-01,112.56361032028197,,0.2468540040891991,XOM,buy
-147.3603445160986,,2024-10-01,137.87229148254394,,1.0688176930370084,CVX,buy
-152.80520932366397,,2024-10-01,102.7871564163208,,1.486617731740278,COP,buy
-196.7765783888388,,2024-10-01,40.91013256378174,,4.809971663671597,SLB,buy
7.429599023477081,13.62406073474884,2024-10-01,20.17180200691223,2.411638392295141,0.36831607909552133,T,sell
31.55131488482709,14.458354048347472,2024-10-01,20.17180200691223,8.936573715971313,1.5641297130526794,T,sell
19.80075033163636,14.376850388050078,2024-10-01,20.17180200691223,5.688355960944003,0.9816054274601385,T,sell
46.07611214248448,18.551910053253174,2024-10-01,20.17180200691223,3.7001316634937638,2.284184235334834,T,sell
14.790815132134405,13.629520524692534,2024-10-01,20.17180200691223,4.797076429400768,0.733242133105712,T,sell
38.89637126625798,14.868757325363157,2024-10-01,20.17180200691223,10.2256206314342,1.9282546622720886,T,sell
41.81601873491838,27.19800897693634,2024-10-01,39.6270649269104,13.115622805274114,1.0552388578877938,VZ,sell
