date,nav,spy
2010-01-04,10000.0,84.36898803710938
2010-01-05,10001.845257078618,84.59231567382812
2010-01-06,10002.505387746647,84.65186309814453
2010-01-07,10028.503894333739,85.00921630859375
2010-01-08,10061.363708483621,85.2921142578125
2010-01-11,10061.219676744477,85.41119384765625
2010-01-12,9969.563607628383,84.6146469116211
2010-01-13,10061.413980166792,85.32933044433594
2010-01-14,10082.099686957423,85.56011199951172
2010-01-15,9990.32233319753,84.5997314453125
2010-01-19,10096.624124263548,85.65687561035156
2010-01-20,10014.059163609518,84.78585815429688
2010-01-21,9819.782356889604,83.15550231933594
2010-01-22,9555.95740593618,81.30180358886719
2010-01-25,9575.378318914018,81.71870422363281
2010-01-26,9544.798998749697,81.37628173828125
2010-01-27,9628.189955679512,81.76338958740234
2010-01-28,9542.566167041892,80.82537078857422
2010-01-29,9438.702158820188,79.9468994140625
2010-02-01,9538.322862654755,81.19017028808594
2010-02-02,9634.987762879126,82.1728515625
2010-02-03,9613.353268352112,81.76338958740234
2010-02-04,9328.665510030713,79.23968505859375
2010-02-05,9352.989345903228,79.4034652709961
2010-02-08,9285.013045431697,78.83024597167969
2010-02-09,9403.033324086695,79.82036590576172
2010-02-10,9396.68767881961,79.66402435302734
2010-02-11,9509.596938468027,80.497802734375
2010-02-12,9491.517390184983,80.43082427978516
2010-02-16,9650.503404374791,81.6963882446289
2010-02-17,9684.000674702007,82.08351135253906
2010-02-18,9738.504824781989,82.5673828125
2010-02-19,9744.345176073253,82.73860168457031
2010-02-22,9723.500002842013,82.75350189208984
2010-02-23,9619.82585325543,81.7485122680664
2010-02-24,9705.55038651866,82.50039672851562
2010-02-25,9664.704834056638,82.38874816894531
2010-02-26,9671.615821588633,82.44085693359375
2010-03-01,9783.862868464768,83.2969741821289
2010-03-02,9797.624994496784,83.52774047851562
2010-03-03,9793.556379320267,83.60220336914062
2010-03-04,9847.888704079736,83.85530090332031
2010-03-05,9968.41349292589,85.05390167236328
2010-03-08,9977.899005026198,85.06876373291016
2010-03-09,9992.703989903612,85.21018981933594
2010-03-10,10041.872391788553,85.58988189697266
2010-03-11,10073.580865236967,85.94720458984375
2010-03-12,10078.836313596128,85.95466613769531
2010-03-15,10082.867296719432,85.97698974609375
2010-03-16,10139.456426801948,86.66190338134766
2010-03-17,10197.793640666205,87.17554473876953
2010-03-18,10205.38351229515,87.13088989257812
2010-03-19,10151.538583408626,86.68985748291016
2010-03-22,10201.885912446598,87.1533203125
2010-03-23,10278.357545073291,87.76627349853516
2010-03-24,10212.766953929528,87.34019470214844
2010-03-25,10253.52316094931,87.19819641113281
2010-03-26,10251.504467180252,87.14585876464844
2010-03-29,10299.15220214766,87.69902038574219
2010-03-30,10318.043486381199,87.75880432128906
2010-03-31,10278.38690821542,87.45982360839844
2010-04-01,10343.729533276302,88.05783081054688
2010-04-05,10414.769314117668,88.77545928955078
2010-04-06,10448.864044619257,88.9847412109375
2010-04-07,10397.205791496137,88.47642517089844
2010-04-08,10436.461754497248,88.78288269042969
2010-04-09,10486.195139815676,89.36598205566406
2010-04-12,10520.921965885595,89.50799560546875
2010-04-13,10547.958158446872,89.57533264160156
2010-04-14,10680.160147280674,90.59188842773438
2010-04-15,10697.131954018405,90.66664123535156
2010-04-16,10494.101114858486,89.22396087646484
2010-04-19,10529.592729631999,89.5603256225586
2010-04-20,10599.116377622047,90.36019897460938
2010-04-21,10570.814673094732,90.19572448730469
2010-04-22,10633.919448895556,90.4648208618164
2010-04-23,10692.314871160048,91.05535125732422
2010-04-26,10670.515766452001,90.71150970458984
2010-04-27,10439.87387810242,88.5661392211914
2010-04-28,10489.299114463962,89.2388916015625
2010-04-29,10649.23003498578,90.34522247314453
2010-04-30,10441.08157080709,88.81281280517578
2010-05-03,10564.25514848632,89.96399688720703
2010-05-04,10331.87709280603,87.8485107421875
2010-05-05,10259.780522433428,87.32525634765625
2010-05-06,9945.387595201912,84.42487335205078
2010-05-07,9788.032899115784,83.1690444946289
2010-05-10,10197.39863611252,86.83189392089844
2010-05-11,10157.178319005829,86.5851821899414
2010-05-12,10327.759954253374,87.79619598388672
2010-05-13,10219.553167739246,86.70479583740234
2010-05-14,9972.830993733765,85.135009765625
2010-05-17,10001.656094736069,85.17987060546875
2010-05-18,9815.597321928639,84.02123260498047
2010-05-19,9778.272993490473,83.54283142089844
2010-05-20,9445.459881621977,80.38827514648438
2010-05-21,9592.500378959368,81.5618896484375
2010-05-24,9488.916313468964,80.5153579711914
2010-05-25,9512.328183134334,80.59757995605469
2010-05-26,9451.149381436568,80.1116714477539
2010-05-27,9736.536887682554,82.79528045654297
2010-05-28,9626.47566155653,81.75623321533203
2010-06-01,9491.109070889755,80.38078308105469
2010-06-02,9693.272805645493,82.47386169433594
2010-06-03,9722.248803136497,82.7579116821289
2010-06-04,9435.434215695372,79.85005187988281
2010-06-07,9325.76912415588,78.85584259033203
2010-06-08,9403.34872137897,79.7005615234375
2010-06-09,9352.94196217008,79.27448272705078
2010-06-10,9603.433820473063,81.59176635742188
2010-06-11,9636.125987252653,81.98799133300781
2010-06-14,9622.73029539152,81.86085510253906
2010-06-15,9835.352172819988,83.72222137451172
2010-06-16,9849.695576494389,83.6922836303711
2010-06-17,9879.337533412867,83.82687377929688
2010-06-18,9890.506011199643,83.91775512695312
2010-06-21,9837.712198704603,83.6773910522461
2010-06-22,9709.749174211214,82.2954330444336
2010-06-23,9681.495814950533,82.04005432128906
2010-06-24,9531.594195835743,80.68061828613281
2010-06-25,9583.880877081301,81.01860809326172
2010-06-28,9549.687690626886,80.76322174072266
2010-06-29,9258.22266407035,78.26966094970703
2010-06-30,9155.895228672647,77.52608489990234
2010-07-01,9158.361881940484,77.18058776855469
2010-07-02,9120.823847398606,76.75994873046875
2010-07-06,9172.17849344718,77.2632064819336
2010-07-07,9471.488646184564,79.69668579101562
2010-07-08,9553.391575048894,80.48532104492188
2010-07-09,9635.606792664086,81.08619689941406
2010-07-12,9663.02511449451,81.1387710571289
2010-07-13,9815.112418856557,82.36300659179688
2010-07-14,9814.330375213953,82.35549926757812
2010-07-15,9823.086279926914,82.3780517578125
2010-07-16,9525.60727919512,80.10977935791016
2010-07-19,9584.155476541771,80.58295440673828
2010-07-20,9684.501911732144,81.47672271728516
2010-07-21,9568.06555416479,80.41773223876953
2010-07-22,9767.94816278892,82.2127914428711
2010-07-23,9818.452928501327,82.92633819580078
2010-07-26,9913.57303985164,83.79006958007812
2010-07-27,9914.324960721151,83.7825698852539
2010-07-28,9834.491299245079,83.24177551269531
2010-07-29,9781.71206000672,82.8362045288086
2010-07-30,9785.717101497467,82.82115936279297
2010-08-02,9961.875141178356,84.69132232666016
2010-08-03,9924.71200954659,84.28578186035156
2010-08-04,9992.709896326434,84.84908294677734
2010-08-05,9984.82889544949,84.75894927978516
2010-08-06,9976.235208145914,84.41346740722656
2010-08-09,10047.87768508688,84.8641128540039
2010-08-10,10004.868400934643,84.40596008300781
2010-08-11,9770.615010667423,82.0926284790039
2010-08-12,9713.973571177668,81.58942413330078
2010-08-13,9682.242793217334,81.34906005859375
2010-08-16,9703.443609397344,81.31153869628906
2010-08-17,9794.764587014497,82.31045532226562
2010-08-18,9795.218157670706,82.46066284179688
2010-08-19,9657.296160617421,81.02609252929688
2010-08-20,9635.3151185766,80.76322174072266
2010-08-23,9579.102500324017,80.45530700683594
2010-08-24,9455.626821712913,79.26107788085938
2010-08-25,9499.449642527827,79.56900024414062
2010-08-26,9423.666702811239,79.03575897216797
2010-08-27,9557.701703807168,80.26000213623047
2010-08-30,9403.394111534988,79.09581756591797
2010-08-31,9400.17167387151,79.09581756591797
2010-09-01,9659.320474851986,81.46172332763672
2010-09-02,9745.59620215908,82.22032928466797
2010-09-03,9879.423212542702,83.28683471679688
2010-09-07,9798.527373802113,82.34797668457031
2010-09-08,9856.356814850682,82.92633819580078
2010-09-09,9882.456015299718,83.30935668945312
2010-09-10,9932.879271285567,83.72996520996094
2010-09-13,10046.406474612295,84.66133117675781
2010-09-14,10039.618762887168,84.60871887207031
2010-09-15,10073.210614637326,84.93168640136719
2010-09-16,10074.974798659525,84.90916442871094
2010-09-17,10110.356835862138,84.94086456298828
2010-09-20,10257.641857967388,86.23960876464844
2010-09-21,10260.253964273428,86.06600189208984
2010-09-22,10263.242085418486,85.64312744140625
2010-09-23,10196.836357787619,84.94843292236328
2010-09-24,10398.935187639661,86.70026397705078
2010-09-27,10352.300585563178,86.28494262695312
2010-09-28,10370.791119776568,86.58699798583984
2010-09-29,10370.46244500991,86.43596649169922
2010-09-30,10327.552267505946,86.17923736572266
2010-10-01,10375.525566243989,86.54169464111328
2010-10-04,10298.510669586296,85.892333984375
2010-10-05,10479.374716291606,87.6214370727539
2010-10-06,10478.90638331204,87.6139144897461
2010-10-07,10452.149762835643,87.5082015991211
2010-10-08,10491.098267109597,87.9990234375
2010-10-11,10493.690480668116,88.0820541381836
2010-10-12,10530.603216825199,88.35389709472656
2010-10-13,10589.335400415772,89.04103088378906
2010-10-14,10547.785261594281,88.69369506835938
2010-10-15,10559.510170827774,88.87493896484375
2010-10-18,10639.01357039584,89.31291198730469
2010-10-19,10503.123341259025,88.14247131347656
2010-10-20,10595.56697613796,89.00331115722656
2010-10-21,10643.098252730986,89.19961547851562
2010-10-22,10667.261627850994,89.3656997680664
2010-10-25,10681.059902136412,89.63005828857422
2010-10-26,10694.940885941174,89.64513397216797
2010-10-27,10672.83812589649,89.38842010498047
2010-10-28,10671.461190657912,89.40351104736328
2010-10-29,10662.095174313881,89.47145080566406
2010-11-01,10646.761845998552,89.50165557861328
2010-11-02,10732.954553883581,90.21148681640625
2010-11-03,10766.95811345691,90.57391357421875
2010-11-04,10968.050373642207,92.31816101074219
2010-11-05,11026.424606991372,92.66551971435547
2010-11-08,10981.084685323402,92.49186706542969
2010-11-09,10902.796070387252,91.82738494873047
2010-11-10,10948.082855982675,92.19734954833984
2010-11-11,10880.897030446455,91.85002136230469
2010-11-12,10767.780152100308,90.76265716552734
2010-11-15,10741.767769790333,90.6343002319336
2010-11-16,10597.199331060692,89.2222900390625
2010-11-17,10613.226409612653,89.26759338378906
2010-11-18,10758.275441591873,90.58148193359375
2010-11-19,10781.52230611692,90.83063507080078
2010-11-22,10770.751422843543,90.75513458251953
2010-11-23,10628.43849517594,89.4412612915039
2010-11-24,10767.07251997005,90.76265716552734
2010-11-26,10685.326327341338,89.70550537109375
2010-11-29,10701.32668608969,89.9773941040039
2010-11-30,10654.990929398316,89.47145080566406
2010-12-01,10877.693752581185,91.37432098388672
2010-12-02,11004.524451748344,92.54471588134766
2010-12-03,11028.33175766879,92.79389190673828
2010-12-06,11024.5538139048,92.69573211669922
2010-12-07,11026.934948597765,92.74856567382812
2010-12-08,11089.502581504948,93.0884017944336
2010-12-09,11145.34662926071,93.45084381103516
2010-12-10,11218.095363127026,93.99449920654297
2010-12-13,11217.54276707881,94.05490112304688
2010-12-14,11213.856679875862,94.13796997070312
2010-12-15,11154.908776731665,93.70755004882812
2010-12-16,11168.594144573464,94.25122833251953
2010-12-17,11160.330957574271,94.35218811035156
2010-12-20,11181.5400725686,94.57990264892578
2010-12-21,11249.69029323703,95.17955017089844
2010-12-22,11287.163821307988,95.4755859375
2010-12-23,11267.03957134834,95.33894348144531
2010-12-27,11285.37128013639,95.37692260742188
2010-12-28,11297.017995855387,95.51354217529297
2010-12-29,11301.623543348707,95.58187103271484
2010-12-30,11275.960504313436,95.43009185791016
2010-12-31,11286.31660706927,95.45282745361328
2011-01-03,11407.593376155848,96.43962097167969
2011-01-04,11416.91648200145,96.38650512695312
2011-01-05,11488.698690715739,96.8874740600586
2011-01-06,11505.660372058124,96.69770050048828
2011-01-07,11483.362608115138,96.50792694091797
2011-01-10,11481.335692669407,96.38650512695312
2011-01-11,11514.779071479079,96.72804260253906
2011-01-12,11641.834298634234,97.60100555419922
2011-01-13,11633.754587400734,97.44159698486328
2011-01-14,11743.201091403138,98.14755249023438
2011-01-18,11740.959200114285,98.31452941894531
2011-01-19,11623.397879812057,97.35050964355469
2011-01-20,11623.98608754259,97.22147369384766
2011-01-21,11636.712982886245,97.44159698486328
2011-01-24,11739.798253860114,97.99571990966797
2011-01-25,11738.31781693536,98.0488510131836
2011-01-26,11766.077963917163,98.42839050292969
2011-01-27,11867.985063896758,98.6712875366211
2011-01-28,11662.309149237437,96.94821166992188
2011-01-31,11718.05595758034,97.67688751220703
2011-02-01,11889.963090385318,99.2405776977539
2011-02-02,11867.258475241715,99.0508041381836
2011-02-03,11904.55763870804,99.27093505859375
2011-02-04,11941.479810479377,99.55178833007812
2011-02-07,11978.360221541618,100.17423248291016
2011-02-08,12046.43363500723,100.6296615600586
2011-02-09,12019.873004578685,100.4019546508789
2011-02-10,12000.1445237978,100.43993377685547
2011-02-11,12093.626149831336,101.03960418701172
2011-02-14,12141.362840366935,101.282470703125
2011-02-15,12108.988176571253,100.96366882324219
2011-02-16,12160.663888633444,101.6012954711914
2011-02-17,12213.949182814556,101.9048843383789
2011-02-18,12244.73999573778,102.11746215820312
2011-02-22,11982.273359979152,100.06797790527344
2011-02-23,11880.005255720856,99.453125
2011-02-24,11909.088238072442,99.38479614257812
2011-02-25,11998.981027397018,100.44750213623047
2011-02-28,12032.306954765425,101.06990051269531
2011-03-01,11842.893954079442,99.38479614257812
2011-03-02,11850.268350593537,99.59734344482422
2011-03-03,12046.566356255815,101.31285858154297
2011-03-04,11958.765112892264,100.55377960205078
2011-03-07,11865.827407956764,99.76432037353516
2011-03-08,11948.115149299758,100.63729095458984
2011-03-09,11925.441947799613,100.4930419921875
2011-03-10,11726.011013090954,98.63333129882812
2011-03-11,11784.221436781105,99.31649780273438
2011-03-14,11709.252130730367,98.71681213378906
2011-03-15,11591.536202260559,97.5857925415039
2011-03-16,11348.807945738532,95.77926635742188
2011-03-17,11485.001820600208,97.04686737060547
2011-03-18,11534.777714282034,97.39989471435547
2011-03-21,11698.889075649826,98.9093246459961
2011-03-22,11677.857452564422,98.56627655029297
2011-03-23,11727.706241689737,98.84837341308594
2011-03-24,11845.826034627305,99.79369354248047
2011-03-25,11844.78930575852,100.09862518310547
2011-03-28,11860.218150572127,99.85464477539062
2011-03-29,11949.689492357014,100.52556610107422
2011-03-30,12035.264923013832,101.21932983398438
2011-03-31,11999.502189831364,101.08208465576172
2011-04-01,12075.255022529942,101.50899505615234
2011-04-04,12076.903770605091,101.59283447265625
2011-04-05,12082.33222189429,101.57763671875
2011-04-06,12144.868591375922,101.8978042602539
2011-04-07,12138.820769679805,101.63863372802734
2011-04-08,12098.754914179959,101.28791046142578
2011-04-11,12070.370447115789,100.98295593261719
2011-04-12,11989.59141338662,100.22820281982422
2011-04-13,11995.176306816707,100.22061157226562
2011-04-14,11992.065517435276,100.29684448242188
2011-04-15,12011.422255222113,100.66278839111328
2011-04-18,11888.211072127675,99.53446197509766
2011-04-19,11939.245930828603,100.10625457763672
2011-04-20,12083.78033207818,101.47090911865234
2011-04-21,12150.468871601413,101.98930358886719
2011-04-25,12135.456151713715,101.882568359375
2011-04-26,12210.163326751823,102.75928497314453
2011-04-27,12321.607689491295,103.43016052246094
2011-04-28,12342.214318191938,103.76564025878906
2011-04-29,12369.216036653603,104.00958251953125
2011-05-02,12362.345031804405,103.84950256347656
2011-05-03,12340.899989147154,103.47589111328125
2011-05-04,12290.172147784686,102.7897720336914
2011-05-05,12184.957006745823,101.85969543457031
2011-05-06,12250.58982753842,102.30947875976562
2011-05-09,12300.088559698173,102.70590209960938
2011-05-10,12385.530199061359,103.58264923095703
2011-05-11,12294.80863823564,102.49246215820312
2011-05-12,12353.124158878543,102.98037719726562
2011-05-13,12245.239185710654,102.18749237060547
2011-05-16,12152.014256571012,101.53950500488281
2011-05-17,12167.82505236907,101.52425384521484
2011-05-18,12244.86954054848,102.43146514892578
2011-05-19,12276.74880519144,102.6754379272461
2011-05-20,12182.819265974318,101.85969543457031
2011-05-23,12051.245455652188,100.67803955078125
2011-05-24,12021.704207557452,100.59416961669922
2011-05-25,12074.686448368751,100.92957305908203
2011-05-26,12116.450121562035,101.3946304321289
2011-05-27,12178.46785846179,101.78345489501953
2011-05-31,12304.495262832761,102.8431167602539
2011-06-01,12046.115708599173,100.533203125
2011-06-02,12039.858282294312,100.42646026611328
2011-06-03,11931.720114676878,99.42771911621094
2011-06-06,11807.514036493958,98.37566375732422
2011-06-07,11801.35510274441,98.31471252441406
2011-06-08,11753.008366708258,97.90301513671875
2011-06-09,11831.203623675772,98.6501235961914
2011-06-10,11678.961412643564,97.2778549194336
2011-06-13,11711.865472356296,97.35411834716797
2011-06-14,11840.946634516835,98.58914184570312
2011-06-15,11653.635049168131,96.835693359375
2011-06-16,11678.102423648717,97.04914855957031
2011-06-17,11693.957192674074,97.33878326416016
2011-06-20,11750.438927620871,97.8367691040039
2011-06-21,11906.903309706075,99.1775131225586
2011-06-22,11837.789312122408,98.57992553710938
2011-06-23,11833.7247648715,98.29646301269531
2011-06-24,11699.481669649078,97.15489959716797
2011-06-27,11801.53098374851,98.02064514160156
2011-06-28,11948.298317389199,99.30013275146484
2011-06-29,12084.690360896238,100.15052795410156
2011-06-30,12175.974248421395,101.1081771850586
2011-07-01,12390.420419543469,102.60218048095703
2011-07-05,12388.09222751157,102.5179214477539
2011-07-06,12416.626143591628,102.64049530029297
2011-07-07,12526.45334772672,103.70545196533203
2011-07-08,12441.424764139589,102.96995544433594
2011-07-11,12249.618018955669,101.1081771850586
2011-07-12,12173.709333864714,100.67152404785156
2011-07-13,12212.260519395493,101.00859832763672
2011-07-14,12136.245442293299,100.31141662597656
2011-07-15,12197.426646335487,100.8936767578125
2011-07-18,12103.088065546714,100.06627655029297
2011-07-19,12295.067942855292,101.69044494628906
2011-07-20,12308.546340455547,101.62918090820312
2011-07-21,12457.253361284445,103.0389175415039
2011-07-22,12463.390134949588,103.10787200927734
2011-07-25,12394.982405692896,102.5332260131836
2011-07-26,12323.088923603735,102.1501693725586
2011-07-27,12100.539067959726,100.05857849121094
2011-07-28,12065.317028021853,99.76744842529297
2011-07-29,11986.307245950085,99.0855941772461
2011-08-01,11970.837336047962,98.66419219970703
2011-08-02,11705.380850921547,96.14360046386719
2011-08-03,11812.847379552737,96.6645736694336
2011-08-04,11323.876245185462,92.13665008544922
2011-08-05,11304.596341426695,91.99872589111328
2011-08-08,10607.429355695966,86.00748443603516
2011-08-09,11108.624190357734,90.00677490234375
2011-08-10,10622.97217930002,86.03044128417969
2011-08-11,11093.787828987382,89.89183807373047
2011-08-12,11132.650267977751,90.49708557128906
2011-08-15,11352.516067385364,92.41244506835938
2011-08-16,11258.43606525693,91.6233139038086
2011-08-17,11276.990080201347,91.68462371826172
2011-08-18,10830.319311386647,87.73130798339844
2011-08-19,10691.890544874868,86.29859924316406
2011-08-22,10698.529794880484,86.36756134033203
2011-08-23,11075.657208321882,89.20994567871094
2011-08-24,11234.530547060875,90.46647644042969
2011-08-25,11077.155872574223,89.08741760253906
2011-08-26,11220.999485238488,90.38217163085938
2011-08-29,11478.173339190726,92.97940063476562
2011-08-30,11517.920381783902,93.22457122802734
2011-08-31,11551.339449360907,93.63829803466797
2011-09-01,11432.170805028767,92.65762329101562
2011-09-02,11166.146089600223,90.29023742675781
2011-09-06,11112.363275556605,89.63136291503906
2011-09-07,11406.67328382306,92.15962982177734
2011-09-08,11306.90532666123,91.20193481445312
2011-09-09,11029.73959213912,88.81156158447266
2011-09-12,11130.240546209185,89.38616180419922
2011-09-13,11225.172216782086,90.2059326171875
2011-09-14,11385.590706746121,91.45478820800781
2011-09-15,11542.192058678535,93.03301239013672
2011-09-16,11603.920295337906,93.58367919921875
2011-09-19,11507.994328955734,92.65184783935547
2011-09-20,11493.50166631795,92.54401397705078
2011-09-21,11211.449210802602,89.81782531738281
2011-09-22,10898.582250538722,86.91452026367188
2011-09-23,11001.411546053825,87.43817901611328
2011-09-26,11206.36414209566,89.51750946044922
2011-09-27,11282.702931427082,90.51864624023438
2011-09-28,11104.672875893397,88.67037200927734
2011-09-29,11180.57707173795,89.37117767333984
2011-09-30,10943.197775580715,87.13784790039062
2011-10-03,10692.222614919338,84.65811920166016
2011-10-04,10876.080046177407,86.51406860351562
2011-10-05,11036.863707314797,88.11589050292969
2011-10-06,11200.052779373102,89.71001434326172
2011-10-07,11153.847415410975,89.10931396484375
2011-10-10,11486.444257211282,92.08966827392578
2011-10-11,11477.797768500417,92.18207550048828
2011-10-12,11582.335122134227,92.99064636230469
2011-10-13,11582.678217853256,92.80584716796875
2011-10-14,11768.607433031028,94.3922348022461
2011-10-17,11562.83840185692,92.59020233154297
2011-10-18,11773.477369141541,94.39999389648438
2011-10-19,11627.447467892924,93.28328704833984
2011-10-20,11655.514141667869,93.6915054321289
2011-10-21,11836.23479534769,95.47042846679688
2011-10-24,11961.644011119317,96.6409912109375
2011-10-25,11666.939717091225,94.76191711425781
2011-10-26,11763.15125230049,95.72454833984375
2011-10-27,12113.431449252868,99.05917358398438
2011-10-28,12107.512057631295,99.03604125976562
2011-10-31,11831.537266568555,96.648681640625
2011-11-01,11534.369121503509,93.95333099365234
2011-11-02,11705.143381245174,95.48582458496094
2011-11-03,11952.835078702354,97.22627258300781
2011-11-04,11874.70926073853,96.63330078125
2011-11-07,11958.319627161454,97.2339859008789
2011-11-08,12102.512205065039,98.48153686523438
2011-11-09,11710.191992782096,94.84664916992188
2011-11-10,11789.180088163514,95.739990234375
2011-11-11,12015.689806806966,97.5420150756836
2011-11-14,11927.113292052376,96.61790466308594
2011-11-15,11967.757385759676,97.09532928466797
2011-11-16,11770.237971871375,95.5551528930664
2011-11-17,11605.848843750033,94.03802490234375
2011-11-18,11587.966768727802,93.93790435791016
2011-11-21,11394.41152967071,92.1512451171875
2011-11-22,11353.042895015724,91.789306640625
2011-11-23,11114.714044532757,89.76390075683594
2011-11-25,11074.155531385679,89.5945053100586
2011-11-28,11398.691304394966,92.18975067138672
2011-11-29,11446.13134856548,92.45159912109375
2011-11-30,11899.707106252927,96.25590515136719
2011-12-01,11904.647307800376,96.24055480957031
2011-12-02,11924.885360508273,96.15581512451172
2011-12-05,12019.588217449513,97.20315551757812
2011-12-06,12043.341147767502,97.2339859008789
2011-12-07,12110.875226119228,97.595947265625
2011-12-08,11888.008125067749,95.45500183105469
2011-12-09,12065.930216151513,97.07225036621094
2011-12-12,11903.781923572431,95.65525817871094
2011-12-13,11818.688448177138,94.76191711425781
2011-12-14,11701.729530158538,93.75306701660156
2011-12-15,11739.762402807231,94.09194946289062
2011-12-16,11783.892168190876,94.23143005371094
2011-12-19,11660.91972912048,93.22394561767578
2011-12-20,11992.25340005117,96.04491424560547
2011-12-21,11979.047995919906,96.23089599609375
2011-12-22,12077.720858450737,97.08340454101562
2011-12-23,12170.882728179622,97.95140838623047
2011-12-27,12155.013613570905,98.02889251708984
2011-12-28,12018.979201023054,96.7424087524414
2011-12-29,12143.991321246986,97.7421646118164
2011-12-30,12085.307848630153,97.26165771484375
2012-01-03,12276.802288281777,98.8116455078125
2012-01-04,12281.289173736523,98.96663665771484
2012-01-05,12290.249234419583,99.23015594482422
2012-01-06,12259.954043031617,98.97441101074219
2012-01-09,12306.976682935145,99.21463775634766
2012-01-10,12387.32084471459,100.07489013671875
2012-01-11,12387.965996939385,100.12914276123047
2012-01-12,12419.291434113175,100.369384765625
2012-01-13,12330.220448623708,99.85010528564453
2012-01-17,12395.968592447522,100.23760223388672
2012-01-18,12572.811659242509,101.34587860107422
2012-01-19,12607.42250386299,101.88059997558594
2012-01-20,12584.574427084504,102.26036071777344
2012-01-23,12559.134896078856,101.99684143066406
2012-01-24,12551.329135646694,101.88059997558594
2012-01-25,12625.346951182852,102.73310852050781
2012-01-26,12613.549653843005,102.20611572265625
2012-01-27,12620.936117074069,102.15962219238281
2012-01-30,12596.50685267379,101.81085968017578
2012-01-31,12589.063022548795,101.77212524414062
2012-02-01,12686.202921681772,102.66336059570312
2012-02-02,12743.17546412757,102.82611846923828
2012-02-03,12903.49552873828,104.2676010131836
2012-02-06,12903.17126763994,104.1978530883789
2012-02-07,12922.154346246363,104.46133422851562
2012-02-08,12951.136724658694,104.77131652832031
2012-02-09,12958.491336144132,104.9030990600586
2012-02-10,12875.048604610167,104.12809753417969
2012-02-13,12950.761541601787,104.9030990600586
2012-02-14,12964.342284307168,104.77131652832031
2012-02-15,12894.14688560963,104.28307342529297
2012-02-16,13016.483731645014,105.43782043457031
2012-02-17,13065.682065013378,105.71684265136719
2012-02-21,13064.67790648004,105.76331329345703
2012-02-22,13017.606721102835,105.42234802246094
2012-02-23,13068.897074691631,105.8873291015625
2012-02-24,13079.011429842269,106.11982727050781
2012-02-27,13101.524843623687,106.29805755615234
2012-02-28,13167.640825123452,106.60806274414062
2012-02-29,13119.603995887479,106.18959045410156
2012-03-01,13197.199331606265,106.73981475830078
2012-03-02,13161.680466039417,106.41431427001953
2012-03-05,13098.429891879241,105.98033142089844
2012-03-06,12924.786914383003,104.43035125732422
2012-03-07,13025.459326668897,105.15882873535156
2012-03-08,13141.503817234106,106.20508575439453
2012-03-09,13188.324798613017,106.61580657958984
2012-03-12,13200.421168846218,106.62358093261719
2012-03-13,13426.460118746965,108.54554748535156
2012-03-14,13406.87975996419,108.42933654785156
2012-03-15,13488.644992599435,109.05701446533203
2012-03-16,13493.696394416009,109.20805358886719
2012-03-19,13566.630333771314,109.63617706298828
2012-03-20,13542.898764653643,109.3170394897461
2012-03-21,13525.369206126288,109.13800048828125
2012-03-22,13447.30900283298,108.351806640625
2012-03-23,13484.564007847746,108.70211791992188
2012-03-26,13694.01307851295,110.22777557373047
2012-03-27,13661.390954135393,109.88524627685547
2012-03-28,13625.333141305417,109.34037780761719
2012-03-29,13596.823492780728,109.153564453125
2012-03-30,13650.361577268954,109.60502624511719
2012-04-02,13717.37408241457,110.40679931640625
2012-04-03,13680.609333338305,109.95527648925781
2012-04-04,13532.004907311644,108.86557006835938
2012-04-05,13537.694621083716,108.81108856201172
2012-04-09,13391.736928399812,107.58899688720703
2012-04-10,13175.888623183826,105.78311920166016
2012-04-11,13272.999051619825,106.63935852050781
2012-04-12,13435.445730486508,108.03267669677734
2012-04-13,13282.316881062083,106.74836730957031
2012-04-16,13293.870932056781,106.67832946777344
2012-04-17,13470.23315820277,108.25843048095703
2012-04-18,13422.156388537653,107.89260864257812
2012-04-19,13333.032734046059,107.19982147216797
2012-04-20,13365.992495882878,107.37883758544922
2012-04-23,13235.241103492424,106.4759292602539
2012-04-24,13267.770201516536,106.88064575195312
2012-04-25,13418.89819606563,108.34407043457031
2012-04-26,13493.157119436648,109.0990982055664
2012-04-27,13539.370564913466,109.27812957763672
2012-04-30,13494.469411416423,108.87333679199219
2012-05-01,13556.496456606545,109.55056762695312
2012-05-02,13533.3873157717,109.22362518310547
2012-05-03,13414.095613580575,108.3907241821289
2012-05-04,13220.604953835778,106.63935852050781
2012-05-07,13241.778054529472,106.71723937988281
2012-05-08,13190.281702741679,106.28912353515625
2012-05-09,13092.503340503683,105.65859985351562
2012-05-10,13145.208916878124,105.87655639648438
2012-05-11,13118.52908116635,105.55740356445312
2012-05-14,12988.605980923528,104.38980865478516
2012-05-15,12937.709878397569,103.79046630859375
2012-05-16,12912.688047407519,103.39350128173828
2012-05-17,12753.770041819056,101.86006164550781
2012-05-18,12648.668814389304,100.98827362060547
2012-05-21,12770.141209877967,102.72407531738281
2012-05-22,12786.954346129907,102.90309143066406
2012-05-23,12826.235008139865,102.95758819580078
2012-05-24,12840.349186602432,103.15995788574219
2012-05-25,12805.933791025618,102.82523345947266
2012-05-29,12936.653734372816,104.07073974609375
2012-05-30,12777.411526768896,102.56061553955078
2012-05-31,12750.788124052578,102.3348617553711
2012-06-01,12467.219341997576,99.75841522216797
2012-06-04,12482.458949268814,99.71173095703125
2012-06-05,12543.113587205891,100.46676635742188
2012-06-06,12820.63445553183,102.72407531738281
2012-06-07,12819.281014798691,102.7863540649414
2012-06-08,12933.731819418672,103.60367584228516
2012-06-11,12795.503596307697,102.28816986083984
2012-06-12,12941.87494164954,103.46353912353516
2012-06-13,12881.722139338963,102.80191040039062
2012-06-14,13003.686108683605,103.89163970947266
2012-06-15,13124.317366218098,104.95416259765625
2012-06-18,13149.850711193598,105.1576156616211
2012-06-19,13269.923060491245,106.17475128173828
2012-06-20,13265.859504964961,106.00267028808594
2012-06-21,13021.805824702427,103.6240463256836
2012-06-22,13138.768948554527,104.42215728759766
2012-06-25,12947.76813628592,102.74775695800781
2012-06-26,12999.573868267704,103.26417541503906
2012-06-27,13106.003181870316,104.19522857666016
2012-06-28,13070.282955640429,103.89794158935547
2012-06-29,13367.535442804123,106.48772430419922
2012-07-02,13394.28083994479,106.80854034423828
2012-07-03,13445.429389555407,107.51271057128906
2012-07-05,13413.23966501503,107.02762603759766
2012-07-06,13314.028441400322,106.01046752929688
2012-07-09,13310.164137255928,105.87744903564453
2012-07-10,13216.631795383382,104.95416259765625
2012-07-11,13204.599630963776,104.9698715209961
2012-07-12,13165.07149879338,104.46125793457031
2012-07-13,13373.444125112695,106.2138671875
2012-07-16,13361.480210220256,105.96351623535156
2012-07-17,13422.249479800113,106.69120788574219
2012-07-18,13515.266286678016,107.48139953613281
2012-07-19,13533.525164227118,107.76307678222656
2012-07-20,13416.492713074762,106.7772216796875
2012-07-23,13312.474511232902,105.69747924804688
2012-07-24,13177.087662906828,104.78990173339844
2012-07-25,13156.135306282285,104.8133773803711
2012-07-26,13366.495226847775,106.54253387451172
2012-07-27,13637.447766088051,108.50635528564453
2012-07-30,13600.498638566814,108.50635528564453
2012-07-31,13543.090159585008,107.7474136352539
2012-08-01,13487.973240266569,107.65352630615234
2012-08-02,13370.782605684644,106.91027069091797
2012-08-03,13582.130232742675,109.03058624267578
2012-08-06,13600.002358612477,109.24189758300781
2012-08-07,13646.809477142797,109.78955841064453
2012-08-08,13650.76793913133,109.92259216308594
2012-08-09,13670.244119391176,110.01646423339844
2012-08-10,13704.478341475946,110.19642639160156
2012-08-13,13687.993191127996,110.14169311523438
2012-08-14,13695.502094433406,110.15731048583984
2012-08-15,13723.357142802797,110.28248596191406
2012-08-16,13825.354290734114,111.09619140625
2012-08-17,13816.074047091444,111.2448501586914
2012-08-20,13795.068495949223,111.25269317626953
2012-08-21,13747.07854128292,110.916259765625
2012-08-22,13759.062212664394,110.96322631835938
2012-08-23,13677.587349334477,110.05561065673828
2012-08-24,13773.06744832343,110.72065734863281
2012-08-27,13759.476145177117,110.744140625
2012-08-28,13752.849707548732,110.63458251953125
2012-08-29,13772.504199061537,110.72065734863281
2012-08-30,13673.138915783384,109.92259216308594
2012-08-31,13742.332983880537,110.44679260253906
2012-09-04,13697.474582102841,110.34504699707031
2012-09-05,13675.034845329066,110.2511215209961
2012-09-06,13945.636666233218,112.4888687133789
2012-09-07,13961.886068779055,112.9271240234375
2012-09-10,13862.85563964,112.28549194335938
2012-09-11,13900.763323265826,112.59844970703125
2012-09-12,13930.702802929336,112.97402954101562
2012-09-13,14155.190999474891,114.69535064697266
2012-09-14,14162.97247269438,115.20394134521484
2012-09-17,14140.228172750732,114.81275177001953
2012-09-18,14136.948951715729,114.71878051757812
2012-09-19,14158.415737281784,114.78142547607422
2012-09-20,14166.305628863593,114.78923797607422
2012-09-21,14167.41416809819,114.74127197265625
2012-09-24,14156.542167981055,114.56822204589844
2012-09-25,14023.424834623496,113.34900665283203
2012-09-26,13972.32577870159,112.71183013916016
2012-09-27,14092.497781019376,113.7737808227539
2012-09-28,14040.536570141883,113.24674224853516
2012-10-01,14117.315777200902,113.54562377929688
2012-10-02,14121.947762919011,113.66361236572266
2012-10-03,14214.602159437074,114.12770080566406
2012-10-04,14343.668495233427,114.94580841064453
2012-10-05,14353.627210674182,114.95362091064453
2012-10-08,14335.927354402258,114.56034088134766
2012-10-09,14196.121138516162,113.42765808105469
2012-10-10,14100.51233588178,112.7039566040039
2012-10-11,14098.483666405482,112.76691436767578
2012-10-12,14039.689520134258,112.39718627929688
2012-10-15,14183.225500523926,113.33328247070312
2012-10-16,14312.503185686764,114.4816665649414
2012-10-17,14375.33606699704,115.00081634521484
2012-10-18,14325.7051209667,114.70199584960938
2012-10-19,14107.779892834431,112.7905044555664
2012-10-22,14093.470531877796,112.80623626708984
2012-10-23,13936.289001859977,111.24091339111328
2012-10-24,13853.353044095216,110.92626953125
2012-10-25,13887.19831263951,111.24877166748047
2012-10-26,13906.920886719381,111.18584442138672
2012-10-31,13935.339524820569,111.18584442138672
2012-11-01,14101.999457508084,112.3499984741211
2012-11-02,13991.61671514787,111.35102844238281
2012-11-05,14031.722842884239,111.57913970947266
2012-11-06,14140.670169451047,112.4522705078125
2012-11-07,13807.685418971692,109.90369415283203
2012-11-08,13676.811505956168,108.58222198486328
2012-11-09,13696.346641104743,108.67656707763672
2012-11-12,13709.838767772919,108.76310729980469
2012-11-13,13663.956748651366,108.38555145263672
2012-11-14,13485.262112585358,106.92243194580078
2012-11-15,13450.05433249419,106.74154663085938
2012-11-16,13505.106555436567,107.26860809326172
2012-11-19,13761.885772189116,109.43956756591797
2012-11-20,13790.861140836785,109.48680114746094
2012-11-21,13824.488091333178,109.69129943847656
2012-11-23,13981.67217760602,111.18584442138672
2012-11-26,13962.107113764252,110.94985961914062
2012-11-27,13894.495446345176,110.38348388671875
2012-11-28,14029.623208069153,111.27240753173828
2012-11-29,14089.50072515791,111.79149627685547
2012-11-30,14115.770296046228,111.81512451171875
2012-12-03,14051.597968711723,111.26449584960938
2012-12-04,14042.709123539627,111.10718536376953
2012-12-05,14111.194168027163,111.30382537841797
2012-12-06,14152.876275457143,111.68143463134766
2012-12-07,14192.252787063264,112.0196304321289
2012-12-10,14198.756075421232,112.06681060791016
2012-12-11,14301.843317261484,112.82982635498047
2012-12-12,14298.892978071415,112.88490295410156
2012-12-13,14216.778133372682,112.19267272949219
2012-12-14,14136.052411421108,111.77574157714844
2012-12-17,14323.290488552095,113.08939361572266
2012-12-18,14477.288938798052,114.34799194335938
2012-12-19,14363.831460374204,113.49844360351562
2012-12-20,14441.698161931365,114.15132904052734
2012-12-21,14305.863143633691,113.11515808105469
2012-12-24,14270.765074747975,112.76659393310547
2012-12-26,14219.631871052914,112.29129028320312
2012-12-27,14190.945710480913,112.14077758789062
2012-12-28,14042.979596397858,110.92875671386719
2012-12-31,14244.098726194487,112.81411743164062
2013-01-02,14635.423282370766,115.70556640625
2013-01-03,14631.180196832416,115.4441146850586
2013-01-04,14699.842003180294,115.951171875
2013-01-07,14683.031772589024,115.63428497314453
2013-01-08,14617.711867255608,115.30158233642578
2013-01-09,14667.126260735637,115.59469604492188
2013-01-10,14778.530330363512,116.51363372802734
2013-01-11,14781.064701675303,116.50564575195312
2013-01-14,14773.963887264134,116.42647552490234
2013-01-15,14766.160192580697,116.50564575195312
2013-01-16,14757.07822140825,116.48980712890625
2013-01-17,14815.204618142225,117.24240112304688
2013-01-18,14857.264985526914,117.50382995605469
2013-01-22,14914.85940761033,118.13755798339844
2013-01-23,14946.820525006244,118.32767486572266
2013-01-24,15123.33528852719,118.35938262939453
2013-01-25,15251.306464820682,119.02478790283203
2013-01-28,15219.149502691438,118.8822021484375
2013-01-29,15320.465675210819,119.34960174560547
2013-01-30,15281.09963096668,118.8822021484375
2013-01-31,15244.20864800341,118.58906555175781
2013-02-01,15392.030680788357,119.80904388427734
2013-02-04,15251.790232807025,118.46237182617188
2013-02-05,15416.13134070926,119.6585693359375
2013-02-06,15454.192248392603,119.74563598632812
2013-02-07,15405.905643361975,119.58722686767578
2013-02-08,15467.4988443422,120.25267028808594
2013-02-11,15445.298657829782,120.22889709472656
2013-02-12,15475.938091485279,120.42699432373047
2013-02-13,15513.129938686188,120.52991485595703
2013-02-14,15546.763503432943,120.64083862304688
2013-02-15,15519.873489137151,120.498291015625
2013-02-19,15665.120355397588,121.40131378173828
2013-02-20,15483.555313002336,119.88826751708984
2013-02-21,15369.630142037033,119.15947723388672
2013-02-22,15476.774945853507,120.32398986816406
2013-02-25,15234.398995780059,118.03459167480469
2013-02-26,15328.080856091257,118.84259796142578
2013-02-27,15518.32336919808,120.3398666381836
2013-02-28,15507.615269709651,120.10215759277344
2013-03-01,15532.512381768822,120.498291015625
2013-03-04,15600.866565241928,121.13990020751953
2013-03-05,15746.075809484111,122.22516632080078
2013-03-06,15797.760920110833,122.39155578613281
2013-03-07,15838.999059333311,122.61336517333984
2013-03-08,15891.008819446857,123.13626098632812
2013-03-11,15919.846632735205,123.60362243652344
2013-03-12,15907.357024159648,123.32630157470703
2013-03-13,15954.751630404746,123.50062561035156
2013-03-14,15975.308198101913,124.1581039428711
2013-03-15,15912.435265244747,123.99419403076172
2013-03-18,15825.38616106238,123.30985260009766
2013-03-19,15783.893985256344,123.02342224121094
2013-03-20,15883.150399631177,123.88278198242188
2013-03-21,15741.18790720428,122.82451629638672
2013-03-22,15838.807657690802,123.81116485595703
2013-03-25,15810.588480527278,123.2939682006836
2013-03-26,15977.2561938975,124.28058624267578
2013-03-27,15975.85917049975,124.28058624267578
2013-03-28,16016.727610731918,124.66261291503906
2013-04-01,16008.8817193556,124.1692886352539
2013-04-02,16117.305378723357,124.7819595336914
2013-04-03,15928.331589187528,123.51676940917969
2013-04-04,15998.182072478423,124.01808166503906
2013-04-05,15922.283344634778,123.4610595703125
2013-04-08,16017.536011143147,124.29659271240234
2013-04-09,16068.78177149086,124.72620391845703
2013-04-10,16277.181477642063,126.25399780273438
2013-04-11,16343.95493301993,126.66779327392578
2013-04-12,16327.618006302406,126.35740661621094
2013-04-15,16041.32755148599,123.42919921875
2013-04-16,16225.710070568377,125.25142669677734
2013-04-17,16007.200873464126,123.42131805419922
2013-04-18,15921.869374450618,122.64948272705078
2013-04-19,16082.98917999646,123.71569061279297
2013-04-22,16176.59196772448,124.26473236083984
2013-04-23,16416.240765874853,125.54582214355469
2013-04-24,16352.711132867915,125.6253662109375
2013-04-25,16401.829182790883,126.13462829589844
2013-04-26,16374.1633936268,125.9118423461914
2013-04-29,16473.541285751267,126.75531005859375
2013-04-30,16472.354477525176,127.05763244628906
2013-05-01,16321.00816007917,125.94363403320312
2013-05-02,16474.192575422872,127.1133804321289
2013-05-03,16591.323154174028,128.40235900878906
2013-05-06,16647.39184568623,128.7285919189453
2013-05-07,16673.237118341433,129.38107299804688
2013-05-08,16768.017322000564,129.96990966796875
2013-05-09,16840.234107477612,129.6039276123047
2013-05-10,16973.52989516149,130.02560424804688
2013-05-13,17085.6521108095,130.12904357910156
2013-05-14,17215.81305628703,131.47378540039062
2013-05-15,17376.98209698106,132.18199157714844
2013-05-16,17362.324996382744,131.56129455566406
2013-05-17,17504.670738505753,132.83445739746094
2013-05-20,17467.643318474114,132.8264923095703
2013-05-21,17512.7127604622,133.01744079589844
2013-05-22,17400.84877462449,132.03076171875
2013-05-23,17395.517851861307,131.6488494873047
2013-05-24,17454.43522340014,131.53750610351562
2013-05-28,17625.35403541801,132.3252410888672
2013-05-29,17454.58636792345,131.46583557128906
2013-05-30,17554.386194518644,131.95115661621094
2013-05-31,17273.418075999427,130.0574493408203
2013-06-03,17345.90232298886,130.7736053466797
2013-06-04,17298.022641154646,130.14495849609375
2013-06-05,17095.136909221048,128.32284545898438
2013-06-06,17233.310297502012,129.48458862304688
2013-06-07,17461.07528604985,131.13162231445312
2013-06-10,17462.130369081653,131.13162231445312
2013-06-11,17240.85964194531,129.77899169921875
2013-06-12,17128.408607211604,128.7047576904297
2013-06-13,17358.993868682577,130.6621551513672
2013-06-14,17279.29094780718,129.8426055908203
2013-06-17,17446.549935804644,130.84523010253906
2013-06-18,17584.60769533255,131.8795928955078
2013-06-19,17391.22301230435,130.0574493408203
2013-06-20,16959.506444010178,126.83484649658203
2013-06-21,16986.67528042586,127.24201965332031
2013-06-24,16824.837812611466,125.63418579101562
2013-06-25,16960.4821857709,126.84196472167969
2013-06-26,17148.978085463095,128.0979461669922
2013-06-27,17270.25361894034,128.8497772216797
2013-06-28,17158.461172498883,128.3218994140625
2013-07-01,17331.97273585412,129.07383728027344
2013-07-02,17316.418458209042,128.9537811279297
2013-07-03,17322.991383491528,129.00978088378906
2013-07-05,17516.13747554251,130.40167236328125
2013-07-08,17619.37370167704,131.14556884765625
2013-07-09,17765.992345883962,132.08953857421875
2013-07-10,17770.59255197851,132.1374969482422
2013-07-11,17993.51193828935,133.9373016357422
2013-07-12,18057.30888689587,133.99322509765625
2013-07-15,18085.3101814088,134.5051727294922
2013-07-16,18006.246058734177,134.0012664794922
2013-07-17,18078.672172666025,134.34523010253906
2013-07-18,18117.68879466732,135.08116149902344
2013-07-19,18162.51684140532,135.3211212158203
2013-07-22,18227.47072122299,135.58506774902344
2013-07-23,18229.043154578787,135.29710388183594
2013-07-24,18146.684576901513,134.8011474609375
2013-07-25,18192.902964632598,135.129150390625
2013-07-26,18218.27867897898,135.2731475830078
2013-07-29,18173.117094316865,134.85716247558594
2013-07-30,18189.389276216225,134.85716247558594
2013-07-31,18154.75665305143,134.953125
2013-08-01,18365.369909050492,136.5129852294922
2013-08-02,18408.172181837683,136.74497985839844
2013-08-05,18409.73440907607,136.5449981689453
2013-08-06,18319.40142613577,135.7690887451172
2013-08-07,18253.336085644583,135.32911682128906
2013-08-08,18339.400885369374,135.8250732421875
2013-08-09,18259.910672161674,135.43310546875
2013-08-12,18231.81962008153,135.2731475830078
2013-08-13,18301.310233089975,135.6731414794922
2013-08-14,18181.650059268875,134.97715759277344
2013-08-15,17918.524043553898,133.08935546875
2013-08-16,17889.51516666277,132.6494140625
2013-08-19,17825.67027578224,131.801513671875
2013-08-20,17892.224143549818,132.4493865966797
2013-08-21,17799.73974539718,131.63356018066406
2013-08-22,17952.278037284308,132.83343505859375
2013-08-23,18037.509138355512,133.2813262939453
2013-08-26,18003.76642576334,132.7854461669922
2013-08-27,17744.906145134286,130.64962768554688
2013-08-28,17807.744190109723,131.11354064941406
2013-08-29,17837.78015879959,131.32154846191406
2013-08-30,17794.774906675593,130.90567016601562
2013-09-03,17860.037684208157,131.49755859375
2013-09-04,17990.80262614639,132.58544921875
2013-09-05,18023.87920639725,132.75341796875
2013-09-06,18003.237992267765,132.8174285888672
2013-09-09,18148.049781352125,134.0892333984375
2013-09-10,18359.673635298048,135.08116149902344
2013-09-11,18392.2539434875,135.50514221191406
2013-09-12,18353.932745326707,135.1451416015625
2013-09-13,18414.78535914178,135.44906616210938
2013-09-16,18536.587201259947,136.2330322265625
2013-09-17,18605.41103090602,136.8408966064453
2013-09-18,18841.14087841135,138.4247589111328
2013-09-19,18866.02010924479,138.19284057617188
2013-09-20,18781.521080806837,137.22665405273438
2013-09-23,18666.19488248391,136.59158325195312
2013-09-24,18617.21574850143,136.2700958251953
2013-09-25,18555.374486230707,135.87623596191406
2013-09-26,18602.486546609263,136.39871215820312
2013-09-27,18525.602833269873,135.77175903320312
2013-09-30,18436.325473111236,135.0482635498047
2013-10-01,18600.793128047833,136.11729431152344
2013-10-02,18579.493999814484,135.98875427246094
2013-10-03,18403.97526253672,134.73483276367188
2013-10-04,18517.80751502492,135.75564575195312
2013-10-07,18346.307562803508,134.58209228515625
2013-10-08,18147.179980499495,133.01466369628906
2013-10-09,18143.172651185032,133.11117553710938
2013-10-10,18554.318017910893,135.98072814941406
2013-10-11,18663.040928688602,136.85691833496094
2013-10-14,18768.32880120792,137.40345764160156
2013-10-15,18649.291204459474,136.40673828125
2013-10-16,18925.582738359146,138.311767578125
2013-10-17,19054.280561596952,139.23617553710938
2013-10-18,19156.51429882784,140.1765899658203
2013-10-21,19154.395071418003,140.1846466064453
2013-10-22,19208.370678985284,140.9965057373047
2013-10-23,19109.18642695084,140.32135009765625
2013-10-24,19186.371711570853,140.78749084472656
2013-10-25,19278.772123314582,141.4305877685547
2013-10-28,19326.71817079972,141.65560913085938
2013-10-29,19469.491117206067,142.41122436523438
2013-10-30,19363.10183213261,141.70384216308594
2013-10-31,19289.700691276914,141.30197143554688
2013-11-01,19372.16232802498,141.63961791992188
2013-11-04,19422.790389176425,142.1378936767578
2013-11-05,19407.063878790148,141.68783569335938
2013-11-06,19489.874202597555,142.41122436523438
2013-11-07,19227.09997472947,140.61065673828125
2013-11-08,19471.654262001673,142.50770568847656
2013-11-11,19501.503783196607,142.5318145751953
2013-11-12,19459.64493890695,142.24241638183594
2013-11-13,19616.0397648247,143.38380432128906
2013-11-14,19670.822988933123,144.09921264648438
2013-11-15,19750.400502787368,144.72618103027344
2013-11-18,19670.86852735327,144.2198028564453
2013-11-19,19645.12453769569,143.9062957763672
2013-11-20,19537.792660842417,143.45619201660156
2013-11-21,19687.248407921452,144.61366271972656
2013-11-22,19765.15813480196,145.3371124267578
2013-11-25,19770.453343644123,145.19241333007812
2013-11-26,19782.200765283236,145.2325897216797
2013-11-27,19836.48777018569,145.5863037109375
2013-11-29,19837.23624507791,145.48980712890625
2013-12-02,19760.011307282468,145.1119842529297
2013-12-03,19706.029201519785,144.48501586914062
2013-12-04,19678.572434180096,144.46893310546875
2013-12-05,19606.6747326201,143.833984375
2013-12-06,19800.5880240554,145.44158935546875
2013-12-09,19820.258660484425,145.81129455566406
2013-12-10,19745.64371295044,145.28884887695312
2013-12-11,19582.489275975844,143.65711975097656
2013-12-12,19494.955504026937,143.182861328125
2013-12-13,19485.43026399854,143.1667938232422
2013-12-16,19621.996787371463,144.0590362548828
2013-12-17,19623.23233074327,143.600830078125
2013-12-18,19937.162701373338,146.05245971679688
2013-12-19,19910.59843449131,145.88365173339844
2013-12-20,19994.535316885525,146.73226928710938
2013-12-23,20087.82139970056,147.5161590576172
2013-12-24,20142.86982911261,147.83946228027344
2013-12-26,20239.370492476963,148.59104919433594
2013-12-27,20232.639524559156,148.5830078125
2013-12-30,20240.597886919808,148.55874633789062
2013-12-31,20298.859379766225,149.26187133789062
2014-01-02,20184.410486748442,147.8313751220703
2014-01-03,20199.753218235386,147.80715942382812
2014-01-06,20187.307148971035,147.37881469726562
2014-01-07,20278.02534752485,148.28396606445312
2014-01-08,20293.79014058166,148.3163299560547
2014-01-09,20306.18114196467,148.41326904296875
2014-01-10,20321.154039094512,148.81735229492188
2014-01-13,20073.75702726627,146.83731079101562
2014-01-14,20333.360886289,148.43751525878906
2014-01-15,20458.848657059054,149.2376251220703
2014-01-16,20435.046804078444,149.04360961914062
2014-01-17,20399.918561627233,148.41326904296875
2014-01-21,20455.505229558486,148.84971618652344
2014-01-22,20480.887465812673,148.94667053222656
2014-01-23,20366.49283426899,147.72634887695312
2014-01-24,19931.74786204758,144.574462890625
2014-01-27,19813.49781596963,143.86318969726562
2014-01-28,20001.790519470684,144.7198944091797
2014-01-29,19766.1018810078,143.329833984375
2014-01-30,20040.720847450906,144.84922790527344
2014-01-31,19902.11901377594,144.00062561035156
2014-02-03,19501.00050741841,140.75982666015625
2014-02-04,19588.615315566378,141.74578857421875
2014-02-05,19546.32250449863,141.5679931640625
2014-02-06,19806.879969930742,143.43490600585938
2014-02-07,20079.310073628993,145.212890625
2014-02-10,20147.12773834456,145.47959899902344
2014-02-11,20374.9155421793,147.0717315673828
2014-02-12,20373.81658782376,147.14450073242188
2014-02-13,20511.97602389059,147.9041748046875
2014-02-14,20597.781124602057,148.72035217285156
2014-02-18,20602.325638795985,148.89816284179688
2014-02-19,20435.940467425095,147.9122314453125
2014-02-20,20592.353754911805,148.7850799560547
2014-02-21,20538.11346924544,148.61529541015625
2014-02-24,20726.282900658938,149.4396514892578
2014-02-25,20787.54234893194,149.38304138183594
2014-02-26,20834.531846526013,149.3911895751953
2014-02-27,20921.270908084967,150.17510986328125
2014-02-28,20931.750211832023,150.55496215820312
2014-03-03,20776.62046144784,149.4962615966797
2014-03-04,21111.710540796288,151.5974884033203
2014-03-05,21140.483846006708,151.73484802246094
2014-03-06,21137.675900632763,152.08236694335938
2014-03-07,21120.84571971106,152.1470184326172
2014-03-10,21111.463756108526,152.0662384033203
2014-03-11,21005.06112964152,151.31460571289062
2014-03-12,21048.78185303287,151.35501098632812
2014-03-13,20773.965511415365,149.65786743164062
2014-03-14,20662.473588810964,149.2376251220703
2014-03-17,20875.411585593498,150.58729553222656
2014-03-18,21036.835228029715,151.6621551513672
2014-03-19,20944.42475731422,150.85391235351562
2014-03-20,21068.81683424499,151.73484802246094
2014-03-21,20962.70194481272,151.1463623046875
2014-03-24,20839.052527248685,150.5213623046875
2014-03-25,20919.749788998364,151.23562622070312
2014-03-26,20778.63958972461,150.14785766601562
2014-03-27,20723.22513470261,149.83131408691406
2014-03-28,20791.372351862767,150.5700225830078
2014-03-31,20912.495090560802,151.80380249023438
2014-04-01,21103.94934297986,152.81044006347656
2014-04-02,21142.38680330527,153.3218231201172
2014-04-03,21073.054874843037,153.11888122558594
2014-04-04,20759.845903516056,151.3086395263672
2014-04-07,20587.58874390118,149.636474609375
2014-04-08,20695.74796783392,150.2534942626953
2014-04-09,20962.62243581621,151.86880493164062
2014-04-10,20481.97549646487,148.6786651611328
2014-04-11,20291.229372310983,147.33926391601562
2014-04-14,20446.42237949222,148.5000762939453
2014-04-15,20563.373635818043,149.5228271484375
2014-04-16,20752.76047866231,151.08950805664062
2014-04-17,20776.41610640368,151.30059814453125
2014-04-21,20878.212607034104,151.82818603515625
2014-04-22,21023.84988381156,152.51817321777344
2014-04-23,20918.303576645096,152.16104125976562
2014-04-24,20970.34648222411,152.46951293945312
2014-04-25,20685.20893526358,151.2194366455078
2014-04-28,20697.58072087677,151.6983184814453
2014-04-29,20814.350341347505,152.404541015625
2014-04-30,20870.099494489445,152.859130859375
2014-05-01,20900.085010182003,152.8753662109375
2014-05-02,20869.517517611064,152.6561737060547
2014-05-05,20902.523354179495,152.9484405517578
2014-05-06,20688.02916034329,151.61720275878906
2014-05-07,20768.362170915352,152.51007080078125
2014-05-08,20729.85355672761,152.34767150878906
2014-05-09,20763.370744237633,152.57501220703125
2014-05-12,20982.682583356338,154.0604705810547
2014-05-13,21012.078103082622,154.198486328125
2014-05-14,20930.040182234152,153.46791076660156
2014-05-15,20707.60537746047,152.1204376220703
2014-05-16,20780.50891674762,152.64805603027344
2014-05-19,20887.088514152652,153.20816040039062
2014-05-20,20788.511868348058,152.24217224121094
2014-05-21,20973.94940545675,153.52471923828125
2014-05-22,21044.98896683341,153.89816284179688
2014-05-23,21152.449965506883,154.5150909423828
2014-05-27,21299.864331516426,155.46484375
2014-05-28,21271.96062868321,155.3511962890625
2014-05-29,21385.491458630317,156.15480041503906
2014-05-30,21440.318948279983,156.40640258789062
2014-06-02,21437.070170332685,156.5850372314453
2014-06-03,21426.37200591318,156.50381469726562
2014-06-04,21428.806491215575,156.8204345703125
2014-06-05,21578.683761311768,157.84324645996094
2014-06-06,21686.55391824717,158.59814453125
2014-06-09,21695.90863870205,158.76046752929688
2014-06-10,21745.09109638985,158.7766876220703
2014-06-11,21651.06772343957,158.22476196289062
2014-06-12,21501.329017343207,157.1045379638672
2014-06-13,21571.258989682585,157.58351135253906
2014-06-16,21583.890644427633,157.71336364746094
2014-06-17,21668.80627480995,158.1516571044922
2014-06-18,21815.354079601457,159.31248474121094
2014-06-19,21796.32769745633,159.49110412597656
2014-06-20,21825.687783590878,159.81483459472656
2014-06-23,21848.517615689845,159.76589965820312
2014-06-24,21720.722322813748,158.80348205566406
2014-06-25,21874.722532635493,159.52125549316406
2014-06-26,21835.098150995127,159.40707397460938
2014-06-27,21884.465234402844,159.7169952392578
2014-06-30,21885.830422454303,159.6354522705078
2014-07-01,22099.907877238682,160.70391845703125
2014-07-02,22096.452708854442,160.86700439453125
2014-07-03,22203.102746351557,161.6581573486328
2014-07-07,22104.521965833177,161.09542846679688
2014-07-08,21941.026531836007,160.0595703125
2014-07-09,22045.283446419642,160.7772979736328
2014-07-10,21951.22786465412,160.14112854003906
2014-07-11,22008.736656192646,160.36131286621094
2014-07-14,22160.502703054895,161.16879272460938
2014-07-15,22141.163373239968,160.86700439453125
2014-07-16,22240.063995277793,161.46246337890625
2014-07-17,21983.978652792972,159.62728881835938
2014-07-18,22203.779898928115,161.25851440429688
2014-07-21,22196.688215455037,160.956787109375
2014-07-22,22278.25207433386,161.6581573486328
2014-07-23,22252.868285224118,162.01710510253906
2014-07-24,22226.94588244112,162.02520751953125
2014-07-25,22063.03975587698,161.2666778564453
2014-07-28,22067.6210223477,161.33189392089844
2014-07-29,21977.048368555654,160.63864135742188
2014-07-30,22027.72974920469,160.66310119628906
2014-07-31,21586.33006363006,157.4902801513672
2014-08-01,21518.98621704835,157.00914001464844
2014-08-04,21653.27417653047,158.1427764892578
2014-08-05,21464.567021774295,156.60943603515625
2014-08-06,21529.896375860244,156.6583251953125
2014-08-07,21456.603118772047,155.81011962890625
2014-08-08,21706.377041558662,157.61264038085938
2014-08-11,21774.83892311715,158.06942749023438
2014-08-12,21754.49924593973,157.84918212890625
2014-08-13,21910.81949697804,158.9176483154297
2014-08-14,22005.77948114931,159.6680145263672
2014-08-15,21988.589730525855,159.6354522705078
2014-08-18,22165.475323661256,160.97308349609375
2014-08-19,22292.148911602675,161.81312561035156
2014-08-20,22361.574075498316,162.24546813964844
2014-08-21,22443.054059181977,162.718505859375
2014-08-22,22412.755035713064,162.4656219482422
2014-08-25,22518.433906785016,163.2894287109375
2014-08-26,22567.825069034825,163.3954620361328
2014-08-27,22567.64116370236,163.3302001953125
2014-08-28,22523.594129899484,163.24049377441406
2014-08-29,22639.503240888112,163.7053985595703
2014-09-02,22650.811634770736,163.6238250732422
2014-09-03,22666.412154038753,163.53411865234375
2014-09-04,22705.37294661051,163.29762268066406
2014-09-05,22810.678026820337,164.03167724609375
2014-09-08,22784.248137741786,163.60751342773438
2014-09-09,22621.922832162854,162.57168579101562
2014-09-10,22717.97277551712,163.18341064453125
2014-09-11,22724.97891821794,163.37103271484375
2014-09-12,22613.312668396386,162.41676330566406
2014-09-15,22520.47030917943,162.29434204101562
2014-09-16,22712.092124694816,163.5178680419922
2014-09-17,22743.380314738613,163.73797607421875
2014-09-18,22908.485650505936,164.6107940673828
2014-09-19,22897.016129634845,164.4624786376953
2014-09-22,22715.840763768545,163.1923065185547
2014-09-23,22600.352525487902,162.25814819335938
2014-09-24,22769.41904476204,163.52830505371094
2014-09-25,22399.46596716907,160.8897247314453
2014-09-26,22558.79241415752,162.16798400878906
2014-09-29,22518.171049873392,161.87301635742188
2014-09-30,22471.577948633938,161.4468994140625
2014-10-01,22227.55940098967,159.25900268554688
2014-10-02,22242.924351019527,159.2835693359375
2014-10-03,22488.278121372354,161.03712463378906
2014-10-06,22481.842284162973,160.84873962402344
2014-10-07,22156.80582104764,158.36578369140625
2014-10-08,22558.172491813588,161.13551330566406
2014-10-09,22153.43174024224,157.93968200683594
2014-10-10,21802.77812475976,156.13687133789062
2014-10-13,21486.956850565784,153.572021484375
2014-10-14,21537.806703744503,153.80970764160156
2014-10-15,21328.782265191505,152.76898193359375
2014-10-16,21217.794080334592,152.6378631591797
2014-10-17,21520.121472555416,154.4405975341797
2014-10-20,21693.699580126053,155.9402313232422
2014-10-21,22135.905373966,159.02955627441406
2014-10-22,21968.36523362815,157.89866638183594
2014-10-23,22242.866180815643,159.73426818847656
2014-10-24,22373.451373830307,160.96343994140625
2014-10-27,22318.702936307014,160.7421875
2014-10-28,22617.19694429911,162.5858917236328
2014-10-29,22597.534114742044,162.34007263183594
2014-10-30,22774.45211914648,163.38082885742188
2014-10-31,23063.172124059383,165.24908447265625
2014-11-03,23069.875350357164,165.3392333984375
2014-11-04,23079.363118588302,164.76564025878906
2014-11-05,23177.54119991186,165.80636596679688
2014-11-06,23241.51134326821,166.47007751464844
2014-11-07,23242.532440747073,166.6258087158203
2014-11-10,23331.16461521207,167.15023803710938
2014-11-11,23337.774055508224,167.31407165527344
2014-11-12,23308.7181469476,167.13385009765625
2014-11-13,23349.11017163818,167.3223114013672
2014-11-14,23375.403595196385,167.3633575439453
2014-11-17,23376.057859211927,167.46983337402344
2014-11-18,23481.05331511518,168.43679809570312
2014-11-19,23441.55270463224,168.16632080078125
2014-11-20,23514.391756279703,168.46136474609375
2014-11-21,23621.61816342431,169.36276245117188
2014-11-24,23666.415934427576,169.83799743652344
2014-11-25,23616.176618237107,169.71507263183594
2014-11-26,23722.65335870383,170.14939880371094
2014-11-28,23732.24351797513,169.78884887695312
2014-12-01,23570.399690070644,168.60882568359375
2014-12-02,23749.795384129426,169.69871520996094
2014-12-03,23827.956641493758,170.35421752929688
2014-12-04,23837.32921510248,170.165771484375
2014-12-05,23892.075420806006,170.4443817138672
2014-12-08,23739.829966137488,169.3053741455078
2014-12-09,23722.267939996997,169.19064331054688
2014-12-10,23335.55085916485,166.47828674316406
2014-12-11,23436.32379461092,167.3223114013672
2014-12-12,23040.97601917302,164.61813354492188
2014-12-15,22920.36395569279,163.48733520507812
2014-12-16,22697.344603424885,162.17617797851562
2014-12-17,23140.264589125207,165.3556365966797
2014-12-18,23699.34900096655,169.44468688964844
2014-12-19,23779.127932116546,170.16566467285156
2014-12-22,23915.195124039055,170.9484100341797
2014-12-23,23937.65519753181,171.1791229248047
2014-12-24,23948.59039418966,171.19561767578125
2014-12-26,23997.923239282096,171.7476348876953
2014-12-29,23996.65155606427,171.97833251953125
2014-12-30,23894.58453824243,171.05557250976562
2014-12-31,23667.21382319722,169.35816955566406
2015-01-02,23704.238004578503,169.2675323486328
2015-01-05,23279.22934439979,166.2106170654297
2015-01-06,23075.12037165238,164.64508056640625
2015-01-07,23341.103366766583,166.6967315673828
2015-01-08,23733.812715777287,169.6548309326172
2015-01-09,23517.91108899778,168.29530334472656
2015-01-12,23356.58874229868,166.97686767578125
2015-01-13,23336.095096761896,166.5072479248047
2015-01-14,23187.326008835742,165.50198364257812
2015-01-15,22951.971770013733,163.9859161376953
2015-01-16,23242.628680413767,166.1363983154297
2015-01-20,23285.047323807386,166.49075317382812
2015-01-21,23456.68611083746,167.33120727539062
2015-01-22,23818.539934466193,169.81954956054688
2015-01-23,23677.55120185395,168.88853454589844
2015-01-26,23699.680838958873,169.2839813232422
2015-01-27,23333.117780332177,167.05104064941406
2015-01-28,23065.92967236958,164.90872192382812
2015-01-29,23314.257719316094,166.43304443359375
2015-01-30,23006.49162137297,164.3402557373047
2015-02-02,23294.423247503786,166.37542724609375
2015-02-03,23602.049370254506,168.78138732910156
2015-02-04,23510.154425189503,168.13870239257812
2015-02-05,23760.30312866078,169.83607482910156
2015-02-06,23652.014252887187,169.3664093017578
2015-02-09,23541.883403553813,168.6083526611328
2015-02-10,23828.763501220194,170.40460205078125
2015-02-11,23809.544592073667,170.5034637451172
2015-02-12,24007.521292072473,172.14317321777344
2015-02-13,24080.783049253692,172.85171508789062
2015-02-17,24121.773629628176,173.12368774414062
2015-02-18,24102.39069200485,173.14015197753906
2015-02-19,24083.594359132363,173.01661682128906
2015-02-20,24263.038806867527,174.0547637939453
2015-02-23,24217.512758365276,174.03001403808594
2015-02-24,24324.24955258489,174.52444458007812
2015-02-25,24323.14411031728,174.37606811523438
2015-02-26,24398.72234379156,174.17018127441406
2015-02-27,24272.718721097797,173.57684326171875
2015-03-02,24452.45285807358,174.6727294921875
2015-03-03,24344.587329838992,173.95587158203125
2015-03-04,24287.80895850307,173.22256469726562
2015-03-05,24358.846943982677,173.41204833984375
2015-03-06,23989.133724015745,170.9730987548828
2015-03-09,24077.799488010216,171.6817626953125
2015-03-10,23676.94430822281,168.896728515625
2015-03-11,23623.43010140572,168.50120544433594
2015-03-12,23904.484893830315,170.6435546875
2015-03-13,23759.260356700648,169.5970916748047
2015-03-16,24090.940381125147,171.86297607421875
2015-03-17,23982.40649780214,171.35214233398438
2015-03-18,24255.727557260016,173.41204833984375
2015-03-19,24157.030965374877,172.62106323242188
2015-03-20,24382.00788039543,174.1447296142578
2015-03-23,24323.9915392372,173.805419921875
2015-03-24,24199.7637995239,172.828857421875
2015-03-25,23760.40804685806,170.2961883544922
2015-03-26,23684.552651072292,169.89065551757812
2015-03-27,23740.709084774306,170.27963256835938
2015-03-30,24038.33322005557,172.35704040527344
2015-03-31,23802.91636297662,170.85073852539062
2015-04-01,23734.68187998036,170.24655151367188
2015-04-02,23785.691363529317,170.8590850830078
2015-04-06,23959.941414236277,172.0094451904297
2015-04-07,23950.472090835847,171.55422973632812
2015-04-08,24049.994017320776,172.13356018066406
2015-04-09,24148.986014879232,172.89503479003906
2015-04-10,24307.35555340142,173.83851623535156
2015-04-13,24217.172763082566,173.05233764648438
2015-04-14,24255.789461622313,173.38336181640625
2015-04-15,24375.112608436393,174.1613006591797
2015-04-16,24447.179947127584,174.1116180419922
2015-04-17,24150.24081978352,172.1087646484375
2015-04-20,24368.281629350404,173.68130493164062
2015-04-21,24351.508729414094,173.474365234375
2015-04-22,24535.07908882704,174.3268280029297
2015-04-23,24489.506186082253,174.76548767089844
2015-04-24,24549.100441878738,175.17105102539062
2015-04-27,24481.590181826657,174.44271850585938
2015-04-28,24551.830268747723,174.99725341796875
2015-04-29,24474.60387965553,174.27716064453125
2015-04-30,24252.49157353967,172.53086853027344
2015-05-01,24478.90154095519,174.40130615234375
2015-05-04,24561.96540676328,174.8979034423828
2015-05-05,24333.072352009545,172.89503479003906
2015-05-06,24230.56094182171,172.18328857421875
2015-05-07,24364.46212950448,172.87017822265625
2015-05-08,24658.88620266076,175.1461944580078
2015-05-11,24582.418110897943,174.3102569580078
2015-05-12,24526.78460589009,173.78892517089844
2015-05-13,24565.090646265915,173.82199096679688
2015-05-14,24843.703911723416,175.63455200195312
2015-05-15,24904.714971401416,175.8248748779297
2015-05-18,24969.783023234842,176.3711395263672
2015-05-19,24954.81984773157,176.3131866455078
2015-05-20,24914.322344304863,176.18902587890625
2015-05-21,24942.013362532405,176.70216369628906
2015-05-22,24891.51026437192,176.2801055908203
2015-05-26,24660.8568582096,174.38478088378906
2015-05-27,24950.397509078364,176.04006958007812
2015-05-28,24947.794444916886,175.84146118164062
2015-05-29,24821.28602672982,174.7489776611328
2015-06-01,24859.567800139408,175.10488891601562
2015-06-02,24805.659716289083,174.9309844970703
2015-06-03,24871.901523478948,175.39450073242188
2015-06-04,24681.132895246727,173.9130096435547
2015-06-05,24661.23013620061,173.61509704589844
2015-06-08,24500.793985501943,172.5474090576172
2015-06-09,24573.801819112836,172.52259826660156
2015-06-10,24862.92296726375,174.59173583984375
2015-06-11,24928.574231522816,175.15447998046875
2015-06-12,24742.253286182713,173.81370544433594
2015-06-15,24626.541291971243,173.0688018798828
2015-06-16,24781.44925596846,174.01231384277344
2015-06-17,24820.550432464857,174.29371643066406
2015-06-18,25049.474416757737,176.10629272460938
2015-06-19,24903.026634522364,175.32456970214844
2015-06-22,25043.090960681842,176.2227325439453
2015-06-23,25087.04016517914,176.34744262695312
2015-06-24,24887.217387258635,175.06668090820312
2015-06-25,24794.091733402598,174.53439331054688
2015-06-26,24762.182228709822,174.5011749267578
2015-06-29,24285.894697865653,170.84182739257812
2015-06-30,24338.77418540647,171.19943237304688
2015-07-01,24543.473635122842,172.57168579101562
2015-07-02,24570.130024928778,172.4137420654297
2015-07-06,24490.268240278525,171.9230194091797
2015-07-07,24593.731651320508,173.00413513183594
2015-07-08,24218.617426107427,170.10162353515625
2015-07-09,24238.847967028156,170.4093475341797
2015-07-10,24558.73783823564,172.55506896972656
2015-07-13,24841.22996482683,174.4595489501953
2015-07-14,24970.396726689145,175.21636962890625
2015-07-15,24941.3812801488,175.15814208984375
2015-07-16,25243.599568439466,176.563720703125
2015-07-17,25316.673384812984,176.71336364746094
2015-07-20,25347.43266108101,176.80490112304688
2015-07-21,25220.4424788769,176.1062469482422
2015-07-22,25174.333095112153,175.79025268554688
2015-07-23,25022.023110196853,174.80056762695312
2015-07-24,24837.648867550226,172.9875030517578
2015-07-27,24666.41919196549,171.98117065429688
2015-07-28,24968.05119196231,174.09361267089844
2015-07-29,25139.29967222958,175.29127502441406
2015-07-30,25175.894217619167,175.33282470703125
2015-07-31,25154.432116336306,175.06668090820312
2015-08-03,25110.776092939148,174.47621154785156
2015-08-04,25103.465016331567,174.1351776123047
2015-08-05,25289.388831769727,174.7091064453125
2015-08-06,25077.690230223514,173.27862548828125
2015-08-07,25083.553271508285,172.94593811035156
2015-08-10,25347.21417111187,175.12489318847656
2015-08-11,25128.30103834069,173.54473876953125
2015-08-12,25147.01497859038,173.752685546875
2015-08-13,25158.0319111067,173.536376953125
2015-08-14,25256.379083603057,174.16845703125
2015-08-17,25365.543720063575,175.14149475097656
2015-08-18,25324.470216282225,174.63427734375
2015-08-19,25132.454287008586,173.25367736816406
2015-08-20,24582.249522546284,169.6359100341797
2015-08-21,23800.459055947747,164.52943420410156
2015-08-24,22861.00473043071,157.6016082763672
2015-08-25,22543.201029722928,155.74700927734375
2015-08-26,23467.431767735783,161.72671508789062
2015-08-27,24067.75457456974,165.72703552246094
2015-08-28,24087.4183285785,165.73536682128906
2015-08-31,23901.8799988147,164.39634704589844
2015-09-01,23162.027313689716,159.489501953125
2015-09-02,23591.443411624292,162.5167999267578
2015-09-03,23582.327440499703,162.63319396972656
2015-09-04,23191.630091602583,160.1714630126953
2015-09-08,23787.267655098643,164.19676208496094
2015-09-09,23496.79065271963,162.00115966796875
2015-09-10,23622.76362483657,162.88272094726562
2015-09-11,23729.22825474694,163.62289428710938
2015-09-14,23640.585340804693,163.0157470703125
2015-09-15,23963.554525572854,165.0534210205078
2015-09-16,24186.584526308536,166.48385620117188
2015-09-17,24187.29146609191,166.10960388183594
2015-09-18,23846.787834579216,163.39512634277344
2015-09-21,23954.80454501119,164.239501953125
2015-09-22,23661.588664831812,162.107666015625
2015-09-23,23654.977491434896,161.84854125976562
2015-09-24,23616.671742781058,161.26332092285156
2015-09-25,23628.391495556207,161.22158813476562
2015-09-28,23081.821482540094,157.17530822753906
2015-09-29,23139.74804146297,157.26724243164062
2015-09-30,23579.136536020298,160.20162963867188
2015-10-01,23628.089774336615,160.61964416503906
2015-10-02,23958.717436059615,163.0189208984375
2015-10-05,24391.027946839717,165.91981506347656
2015-10-06,24292.515629940106,165.3513641357422
2015-10-07,24471.66592919824,166.70567321777344
2015-10-08,24637.639630745587,168.21051025390625
2015-10-09,24670.03546441129,168.31077575683594
2015-10-12,24709.568183966694,168.4696502685547
2015-10-13,24577.295224149588,167.40789794921875
2015-10-14,24478.607695099552,166.6053466796875
2015-10-15,24784.25578841581,169.16348266601562
2015-10-16,24895.624775585733,169.9326171875
2015-10-19,24922.533565148155,170.01625061035156
2015-10-20,24812.477823025445,169.79885864257812
2015-10-21,24682.594330868775,168.7454833984375
2015-10-22,25180.571036118417,171.59617614746094
2015-10-23,25504.987173406516,173.47718811035156
2015-10-26,25489.055552424357,173.0508270263672
2015-10-27,25460.96547069158,172.71646118164062
2015-10-28,25769.44065924977,174.68106079101562
2015-10-29,25646.326303727492,174.5807342529297
2015-10-30,25493.18753126511,173.828369140625
2015-11-02,25714.281857104772,175.88487243652344
2015-11-03,25787.39402055313,176.39483642578125
2015-11-04,25812.724203096233,175.8597869873047
2015-11-05,25791.95145571305,175.6842498779297
2015-11-06,25958.502681785423,175.5922393798828
2015-11-09,25699.381423768176,173.95376586914062
2015-11-10,25723.050695807713,174.35496520996094
2015-11-11,25698.9578330867,173.66952514648438
2015-11-12,25374.016358656154,171.2451171875
2015-11-13,25052.471206856375,169.3223419189453
2015-11-16,25454.548310065402,171.89715576171875
2015-11-17,25496.35379028226,171.77174377441406
2015-11-18,25889.470897146217,174.49708557128906
2015-11-19,25888.29761274951,174.3466796875
2015-11-20,26010.02173331575,174.98207092285156
2015-11-23,25941.221591900878,174.78135681152344
2015-11-24,25945.122669568424,175.0155029296875
2015-11-25,25967.087565506692,174.99041748046875
2015-11-27,26010.470611380908,175.19100952148438
2015-11-30,25903.753681239286,174.4636688232422
2015-12-01,26217.4885693775,176.12733459472656
2015-12-02,26008.040270774443,174.32992553710938
2015-12-03,25767.660546279993,171.88877868652344
2015-12-04,26311.70662672316,175.2412109375
2015-12-07,26151.143518392975,174.17950439453125
2015-12-08,26017.332316855347,173.00909423828125
2015-12-09,25745.07032640686,171.6630859375
2015-12-10,25822.902821275336,172.10617065429688
2015-12-11,25324.44024344166,168.7705535888672
2015-12-14,25503.33323152971,169.62322998046875
2015-12-15,25759.926750868977,171.40394592285156
2015-12-16,26135.47851136473,173.91189575195312
2015-12-17,25813.820041562656,171.26185607910156
2015-12-18,25320.864686738132,168.21080017089844
2015-12-21,25536.156650405956,169.59840393066406
2015-12-22,25697.203333927544,171.1373748779297
2015-12-23,25951.59471440688,173.25668334960938
2015-12-24,25919.688462197166,172.9706268310547
2015-12-28,25902.442042927065,172.5753936767578
2015-12-29,26200.607398124186,174.41717529296875
2015-12-30,26034.956358184863,173.18089294433594
2015-12-31,25771.371740622257,171.44859313964844
2016-01-04,25375.270672460698,169.05172729492188
2016-01-05,25407.340572050296,169.3376922607422
2016-01-06,25147.061268282287,167.20164489746094
2016-01-07,24511.1307380912,163.19021606445312
2016-01-08,24216.4865712408,161.39892578125
2016-01-11,24326.23178020466,161.55870056152344
2016-01-12,24516.89726900307,162.86221313476562
2016-01-13,23890.856627478828,158.8003387451172
2016-01-14,24259.357547980842,161.4073486328125
2016-01-15,23693.34159092458,157.94252014160156
2016-01-19,23768.766099257366,158.1527862548828
2016-01-20,23498.237270933987,156.1260528564453
2016-01-21,23575.793118010406,157.00062561035156
2016-01-22,23945.31280380455,160.22152709960938
2016-01-25,23629.5804373499,157.79959106445312
2016-01-26,23882.755202991477,159.9524383544922
2016-01-27,23635.877930428793,158.21165466308594
2016-01-28,23807.522786922877,159.03587341308594
2016-01-29,24407.24592171448,162.91262817382812
2016-02-01,24413.33662177557,162.85385131835938
2016-02-02,23907.335183896113,159.9187774658203
2016-02-03,23936.29267292308,160.87750244140625
2016-02-04,23968.944644274954,161.1298370361328
2016-02-05,23512.477813504374,158.06021118164062
2016-02-08,23249.94287582346,155.9326171875
2016-02-09,23262.28827156607,155.94105529785156
2016-02-10,23232.097065468133,155.8064727783203
2016-02-11,22959.653298438567,153.7797393798828
2016-02-12,23404.554048004018,156.95022583007812
2016-02-16,23795.579255755067,159.59927368164062
2016-02-17,24175.301639800826,162.20628356933594
2016-02-18,24054.925069729747,161.54190063476562
2016-02-19,24059.789290856646,161.46621704101562
2016-02-22,24384.98990580753,163.80410766601562
2016-02-23,24079.59961133479,161.7353515625
2016-02-24,24176.017600869087,162.47535705566406
2016-02-25,24435.28236345798,164.4432373046875
2016-02-26,24344.443577319984,164.06483459472656
2016-02-29,24141.64247103107,162.77813720703125
2016-03-01,24708.97004419171,166.60458374023438
2016-03-02,24819.445406735045,167.35304260253906
2016-03-03,24880.84239878895,168.00897216796875
2016-03-04,25004.149203218825,168.55555725097656
2016-03-07,24971.058365844918,168.690185546875
2016-03-08,24797.113306632113,166.84837341308594
2016-03-09,24914.954567094806,167.67259216308594
2016-03-10,24908.31894758763,167.80711364746094
2016-03-11,25284.10231137605,170.51499938964844
2016-03-14,25270.268435368733,170.29637145996094
2016-03-15,25273.428308362207,170.0188751220703
2016-03-16,25369.725536879552,171.0028533935547
2016-03-17,25512.481619255697,172.0876922607422
2016-03-18,25696.47250286557,172.76390075683594
2016-03-21,25760.592280784844,173.00906372070312
2016-03-22,25726.19383347979,172.9160614013672
2016-03-23,25613.070369256595,171.77488708496094
2016-03-24,25604.46634428999,171.69882202148438
2016-03-28,25620.996326337212,171.80026245117188
2016-03-29,25831.193557769384,173.38943481445312
2016-03-30,25951.098745200292,174.1501922607422
2016-03-31,25896.188989450864,173.72760009765625
2016-04-01,26156.68588875453,174.91099548339844
2016-04-04,26092.34202083802,174.3446502685547
2016-04-05,25918.34813714904,172.60336303710938
2016-04-06,26160.751956756743,174.48834228515625
2016-04-07,25849.51135096089,172.40037536621094
2016-04-08,25902.659317922,172.8653106689453
2016-04-11,25862.017470504656,172.4595947265625
2016-04-12,26110.845226104982,174.065673828125
2016-04-13,26385.23086726966,175.8238983154297
2016-04-14,26438.624644762178,175.83233642578125
2016-04-15,26420.27424315737,175.63792419433594
2016-04-18,26566.863429434317,176.8721160888672
2016-04-19,26573.709935034887,177.4299774169922
2016-04-20,26601.968296332765,177.59909057617188
2016-04-21,26434.066281244886,176.6438751220703
2016-04-22,26429.586025636163,176.6438751220703
2016-04-25,26395.74170324937,176.33953857421875
2016-04-26,26401.06238713143,176.60159301757812
2016-04-27,26472.661352782845,176.96505737304688
2016-04-28,26231.56089756904,175.35897827148438
2016-04-29,26124.05924282331,174.4122772216797
2016-05-02,26320.810607600633,175.79856872558594
2016-05-03,26073.21958754931,174.26852416992188
2016-05-04,25910.472981893763,173.29647827148438
2016-05-05,25856.082280484225,173.26266479492188
2016-05-06,25961.268949421275,173.89662170410156
2016-05-09,25935.140858545106,174.040283203125
2016-05-10,26253.562343032852,176.2042999267578
2016-05-11,26065.27406918915,174.55599975585938
2016-05-12,26058.277085739563,174.60665893554688
2016-05-13,25905.896133219474,173.0851287841797
2016-05-16,26163.963353418247,174.7926025390625
2016-05-17,25894.735550825655,173.16122436523438
2016-05-18,25984.018185128614,173.21189880371094
2016-05-19,25893.003458433363,172.61178588867188
2016-05-20,26033.246144797737,173.70216369628906
2016-05-23,25974.902025310883,173.4654998779297
2016-05-24,26321.584932597572,175.71397399902344
2016-05-25,26520.542794026067,176.90589904785156
2016-05-26,26580.333010990198,176.9566192626953
2016-05-27,26655.37946413833,177.71742248535156
2016-05-31,26623.899216275495,177.37924194335938
2016-06-01,26648.77256362112,177.7427978515625
2016-06-02,26697.33334113832,178.28379821777344
2016-06-03,26648.64330885903,177.75120544433594
2016-06-06,26786.198463868306,178.6557159423828
2016-06-07,26830.345525032073,178.9346466064453
2016-06-08,26910.029675815775,179.5178985595703
2016-06-09,26882.05798047689,179.27279663085938
2016-06-10,26632.473438266086,177.57369995117188
2016-06-13,26456.47935515437,176.2042999267578
2016-06-14,26419.603876147798,175.85772705078125
2016-06-15,26367.772494030552,175.612548828125
2016-06-16,26480.009721599778,176.13673400878906
2016-06-17,26385.167962161046,175.4807586669922
2016-06-20,26527.058063195,176.61085510253906
2016-06-21,26568.90680267284,177.11212158203125
2016-06-22,26481.72191912108,176.82325744628906
2016-06-23,26839.44887647652,179.1259765625
2016-06-24,25958.913645204942,172.69369506835938
2016-06-27,25616.266052856397,169.60079956054688
2016-06-28,26041.276738734658,172.65968322753906
2016-06-29,26471.818926369277,175.5996551513672
2016-06-30,26762.468543157378,177.99588012695312
2016-07-01,26847.021926729136,178.36968994140625
2016-07-05,26722.902864287946,177.08668518066406
2016-07-06,26841.930290022487,178.1488037109375
2016-07-07,26852.000819734272,178.03834533691406
2016-07-08,27246.89617122684,180.6893768310547
2016-07-11,27355.559487846247,181.32666015625
2016-07-12,27521.22077319967,182.64373779296875
2016-07-13,27525.17085959913,182.6182098388672
2016-07-14,27695.895299306652,183.63783264160156
2016-07-15,27676.418745509247,183.3914794921875
2016-07-18,27758.949737500698,183.88430786132812
2016-07-19,27708.571952561604,183.69732666015625
2016-07-20,27831.088399523524,184.46206665039062
2016-07-21,27707.65483384731,183.76535034179688
2016-07-22,27854.538944263488,184.5895538330078
2016-07-25,27804.30137816741,184.0882110595703
2016-07-26,27821.92308986038,184.1731719970703
2016-07-27,27822.515091498048,183.977783203125
2016-07-28,27847.285224045358,184.19020080566406
2016-07-29,27902.598812750482,184.48757934570312
2016-08-01,27886.618259519386,184.3345947265625
2016-08-02,27741.271362914198,183.15354919433594
2016-08-03,27767.77749904503,183.68882751464844
2016-08-04,27825.00086301297,183.88430786132812
2016-08-05,27989.653798519157,185.3882293701172
2016-08-08,27939.255800789142,185.27781677246094
2016-08-09,27963.067612477942,185.3882293701172
2016-08-10,27868.28436749597,184.92941284179688
2016-08-11,27994.265437328446,185.78756713867188
2016-08-12,28015.32232028669,185.62620544433594
2016-08-15,28078.50722102,186.1614532470703
2016-08-16,27936.42863586749,185.20130920410156
2016-08-17,27963.802414510374,185.54971313476562
2016-08-18,27988.208251024393,185.96604919433594
2016-08-19,27932.40038427687,185.6941375732422
2016-08-22,27916.42923317415,185.6856689453125
2016-08-23,27960.342350938903,186.0594940185547
2016-08-24,27835.1343491419,185.10789489746094
2016-08-25,27820.154112679134,184.98040771484375
2016-08-26,27800.211962078472,184.6320037841797
2016-08-29,27928.99737902154,185.54122924804688
2016-08-30,27862.684431383972,185.2353057861328
2016-08-31,27811.67639236132,184.70855712890625
2016-09-01,27786.257232071875,184.7169952392578
2016-09-02,27855.9648691719,185.54971313476562
2016-09-06,27977.484336909478,186.1105194091797
2016-09-07,27916.157235610757,186.09347534179688
2016-09-08,27892.906635662937,185.6686553955078
2016-09-09,27240.554061147843,181.22470092773438
2016-09-12,27639.965849293458,183.82481384277344
2016-09-13,27253.44125499524,181.1822052001953
2016-09-14,27262.963730405678,181.1142120361328
2016-09-15,27534.986107704808,182.92410278320312
2016-09-16,27473.61049636941,182.21702575683594
2016-09-19,27468.62962687876,182.25115966796875
2016-09-20,27494.474238066658,182.25973510742188
2016-09-21,27735.4040119732,184.3092803955078
2016-09-22,27881.09255450071,185.47068786621094
2016-09-23,27736.0604663142,184.4544677734375
2016-09-26,27482.53250674754,182.95999145507812
2016-09-27,27693.99532190361,184.09576416015625
2016-09-28,27797.17859862575,185.0095672607422
2016-09-29,27581.866992227086,183.3357391357422
2016-09-30,27822.416207794286,184.7191925048828
2016-10-03,27824.988712698472,184.27513122558594
2016-10-04,27698.439930088443,183.3357391357422
2016-10-05,27879.526206984556,184.1470184326172
2016-10-06,27860.00988951698,184.27513122558594
2016-10-07,27786.488430480036,183.64320373535156
2016-10-10,27863.179824615574,184.5996551513672
2016-10-11,27532.802797989032,182.26820373535156
2016-10-12,27546.48089123775,182.50738525390625
2016-10-13,27469.8342509285,181.9095916748047
2016-10-14,27496.05978252833,182.0034942626953
2016-10-17,27404.899867752192,181.3715362548828
2016-10-18,27642.691851033927,182.50738525390625
2016-10-19,27674.27736311299,182.99412536621094
2016-10-20,27670.618909321907,182.652587890625
2016-10-21,27644.07764680286,182.73789978027344
2016-10-24,27778.414713589376,183.5150604248047
2016-10-25,27701.468353760847,182.90025329589844
2016-10-26,27706.2314628763,182.53302001953125
2016-10-27,27695.767881161522,182.04617309570312
2016-10-28,27577.81368250917,181.5081024169922
2016-10-31,27554.616582928356,181.5167694091797
2016-11-01,27365.29988934564,180.2015380859375
2016-11-02,27198.374466038294,179.1169891357422
2016-11-03,27119.172469586163,178.2971954345703
2016-11-04,27057.577165872135,178.10073852539062
2016-11-07,27644.854110942208,182.02906799316406
2016-11-08,27769.685526063866,182.8489532470703
2016-11-09,28081.61388431526,184.78753662109375
2016-11-10,28079.10661148263,185.2486572265625
2016-11-11,28196.60807599756,184.82171630859375
2016-11-14,28104.900719738493,184.96688842773438
2016-11-15,28325.521505356468,186.4100799560547
2016-11-16,28292.06344951263,186.0599822998047
2016-11-17,28379.773485484697,187.01644897460938
2016-11-18,28356.715257802727,186.59800720214844
2016-11-21,28544.614094052275,188.00711059570312
2016-11-22,28645.44169172173,188.37428283691406
2016-11-23,28644.604865879915,188.47679138183594
2016-11-25,28772.422395544127,189.1770782470703
2016-11-28,28645.615571179354,188.2888641357422
2016-11-29,28638.19351416933,188.6561279296875
2016-11-30,28572.589414488986,188.2035369873047
2016-12-01,28437.496388283405,187.51181030273438
2016-12-02,28479.295772754856,187.605712890625
2016-12-05,28640.55465324475,188.7329864501953
2016-12-06,28764.047265348127,189.3307647705078
2016-12-07,29179.727916674437,191.807373046875
2016-12-08,29232.60767384244,192.2770233154297
2016-12-09,29416.1694355579,193.43849182128906
2016-12-12,29439.03685795533,193.2164764404297
2016-12-13,29674.861048784995,194.50601196289062
2016-12-14,29506.08562906466,192.90048217773438
2016-12-15,29684.610304092497,193.69468688964844
2016-12-16,29636.421184775623,193.31585693359375
2016-12-19,29706.50507716719,193.73678588867188
2016-12-20,29864.775302282633,194.48419189453125
2016-12-21,29794.73733532375,193.94300842285156
2016-12-22,29781.64082371826,193.60794067382812
2016-12-23,29832.14164983578,193.8914337158203
2016-12-27,29947.83970071629,194.37249755859375
2016-12-28,29671.35164965017,192.76614379882812
2016-12-29,29657.525136289052,192.72320556640625
2016-12-30,29500.755148098364,192.0187225341797
2017-01-03,29740.428926083925,193.48770141601562
2017-01-04,29861.68293980554,194.6387939453125
2017-01-05,29842.68131978914,194.48419189453125
2017-01-06,29949.565324904615,195.17994689941406
2017-01-09,29888.991642355264,194.53567504882812
2017-01-10,29862.17134011567,194.53567504882812
2017-01-11,29952.347803146942,195.08547973632812
2017-01-12,29901.2130664336,194.59584045410156
2017-01-13,29985.962605525412,195.04254150390625
2017-01-17,29844.2889359288,194.35531616210938
2017-01-18,29895.796907093252,194.78480529785156
2017-01-19,29841.740086816335,194.06320190429688
2017-01-20,29932.44266286885,194.77621459960938
2017-01-23,29827.150119599857,194.26937866210938
2017-01-24,29994.54395877792,195.51498413085938
2017-01-25,30230.88031253375,197.20729064941406
2017-01-26,30204.12978090351,197.00108337402344
2017-01-27,30242.283366224096,196.69187927246094
2017-01-30,30051.8317734533,195.47203063964844
2017-01-31,29925.759244834993,195.45484924316406
2017-02-01,29935.13312041786,195.5321502685547
2017-02-02,29970.406819232296,195.6610107421875
2017-02-03,30209.20495108743,197.00970458984375
2017-02-06,30177.03534241473,196.65744018554688
2017-02-07,30218.272053256907,196.66604614257812
2017-02-08,30232.495752521278,196.92381286621094
2017-02-09,30353.048337998225,198.09207153320312
2017-02-10,30469.006670783365,198.87379455566406
2017-02-13,30644.176111038563,199.95619201660156
2017-02-14,30788.42894960437,200.7550811767578
2017-02-15,30967.11735800182,201.80308532714844
2017-02-16,30964.521294258073,201.63125610351562
2017-02-17,31017.328893579725,201.94911193847656
2017-02-21,31228.216311164335,203.15171813964844
2017-02-22,31231.810070849693,202.97134399414062
2017-02-23,31202.51269330175,203.1088104248047
2017-02-24,31253.011761723326,203.36647033691406
2017-02-27,31280.41522105858,203.68438720703125
2017-02-28,31191.266815551055,203.1345977783203
2017-03-01,31628.42406221993,205.97796630859375
2017-03-02,31439.79782960817,204.68080139160156
2017-03-03,31442.29628618306,204.8096923828125
2017-03-06,31379.45798451865,204.19976806640625
2017-03-07,31325.04098135726,203.58987426757812
2017-03-08,31254.998628356087,203.21189880371094
2017-03-09,31296.48499627146,203.46954345703125
2017-03-10,31409.78362443713,204.18258666992188
2017-03-13,31407.974429389025,204.28565979003906
2017-03-14,31351.40134542138,203.50393676757812
2017-03-15,31577.946761146566,205.26499938964844
2017-03-16,31585.34169643421,204.86123657226562
2017-03-17,31514.06223440479,204.50143432617188
2017-03-20,31464.40364149869,204.27716064453125
2017-03-21,31074.83166050871,201.65426635742188
2017-03-22,31137.10823879904,202.1288604736328
2017-03-23,31079.891370342855,201.91314697265625
2017-03-24,31064.28763081443,201.7664794921875
2017-03-27,31033.76591612089,201.5594024658203
2017-03-28,31245.92021484976,203.02613830566406
2017-03-29,31237.201591362762,203.21588134765625
2017-03-30,31369.318406157192,203.8629608154297
2017-03-31,31286.868404658573,203.3884735107422
2017-04-03,31329.228915590797,203.03472900390625
2017-04-04,31355.23451407551,203.1641387939453
2017-04-05,31236.827081930413,202.5602264404297
2017-04-06,31287.43154287542,203.1295928955078
2017-04-07,31258.272011504712,202.9225616455078
2017-04-10,31276.87187899878,203.0433807373047
2017-04-11,31228.808439468616,202.80181884765625
2017-04-12,31057.830997769997,201.91314697265625
2017-04-13,30829.278168306468,200.6017608642578
2017-04-17,31091.618097977214,202.37904357910156
2017-04-18,30976.201293546234,201.7751007080078
2017-04-19,30853.869595332537,201.4041290283203
2017-04-20,31123.757598028675,203.0433807373047
2017-04-21,31053.111134651823,202.3963165283203
2017-04-24,31424.032912992792,204.6222686767578
2017-04-25,31675.652658106756,205.8128204345703
2017-04-26,31637.87842336186,205.68345642089844
2017-04-27,31664.99553305635,205.85594177246094
2017-04-28,31619.421439101807,205.4073486328125
2017-05-01,31671.940691553507,205.92498779296875
2017-05-02,31699.439697448324,206.00265502929688
2017-05-03,31730.573122207014,205.75247192382812
2017-05-04,31711.229968042782,205.9939727783203
2017-05-05,31781.486093235235,206.8050537109375
2017-05-08,31784.967000082877,206.7705535888672
2017-05-09,31748.82260626493,206.58071899414062
2017-05-10,31917.63030182469,206.95169067382812
2017-05-11,31876.671707877285,206.52896118164062
2017-05-12,31887.187381649033,206.183837890625
2017-05-15,32069.1811018129,207.32266235351562
2017-05-16,32084.439207461106,207.1328887939453
2017-05-17,31462.127783957254,203.45750427246094
2017-05-18,31602.062260902057,204.27716064453125
2017-05-19,31800.265106367082,205.60581970214844
2017-05-22,31927.910820897676,206.64974975585938
2017-05-23,31974.030687638784,207.10699462890625
2017-05-24,32048.120271117088,207.59014892578125
2017-05-25,32204.593368756236,208.5823516845703
2017-05-26,32241.564052975235,208.53915405273438
2017-05-30,32240.361511559546,208.3579864501953
2017-05-31,32232.414930750845,208.30625915527344
2017-06-01,32408.25809219034,209.96275329589844
2017-06-02,32547.53413649954,210.66160583496094
2017-06-05,32560.643429535867,210.5063018798828
2017-06-06,32500.40618625967,209.8332977294922
2017-06-07,32558.886200974055,210.22161865234375
2017-06-08,32689.652532754848,210.3251495361328
2017-06-09,32612.853617688386,210.00588989257812
2017-06-12,32579.892551932364,209.96275329589844
2017-06-13,32745.855704544436,210.989501953125
2017-06-14,32748.12781479211,210.72203063964844
2017-06-15,32698.103404301804,210.3164825439453
2017-06-16,32716.001803110572,210.36241149902344
2017-06-19,32979.55524226816,212.1137237548828
2017-06-20,32847.56189309889,210.68319702148438
2017-06-21,32826.11105472531,210.6312255859375
2017-06-22,32871.740549176946,210.5358123779297
2017-06-23,32874.09582009152,210.7872772216797
2017-06-26,32849.99828643702,210.92599487304688
2017-06-27,32535.398055556347,209.22666931152344
2017-06-28,32818.217273857204,211.09933471679688
2017-06-29,32541.064475976975,209.24404907226562
2017-06-30,32539.278210514698,209.63421630859375
2017-07-03,32611.240771228517,209.98965454101562
2017-07-05,32655.7120928917,210.4751434326172
2017-07-06,32364.918153817565,208.55050659179688
2017-07-07,32575.609756193044,209.9029541015625
2017-07-10,32656.410492343522,210.1283416748047
2017-07-11,32672.48123524511,209.9722900390625
2017-07-12,32923.4455228622,211.55020141601562
2017-07-13,32960.275113545365,211.90567016601562
2017-07-14,33123.84442952529,212.89401245117188
2017-07-17,33063.20392168691,212.86801147460938
2017-07-18,33180.53135517891,212.98068237304688
2017-07-19,33317.83895418609,214.1337890625
2017-07-20,33295.07034188367,214.2291259765625
2017-07-21,33280.03615313133,214.03842163085938
2017-07-24,33274.99785330922,213.98638916015625
2017-07-25,33435.58490868903,214.5065155029297
2017-07-26,33514.87277460261,214.51522827148438
2017-07-27,33423.76049073124,214.31582641601562
2017-07-28,33440.12274130922,214.06442260742188
2017-07-31,33447.36874278732,213.94308471679688
2017-08-01,33547.004727601576,214.4198455810547
2017-08-02,33627.32548899013,214.52389526367188
2017-08-03,33609.66712906976,214.10772705078125
2017-08-04,33707.772786073954,214.49789428710938
2017-08-07,33789.02060895208,214.8966827392578
2017-08-08,33741.017841636065,214.36785888671875
2017-08-09,33720.35177457782,214.35914611816406
2017-08-10,33254.03595657785,211.33346557617188
2017-08-11,33269.281913764025,211.64556884765625
2017-08-14,33649.06692647942,213.74362182617188
2017-08-15,33637.81317781746,213.7176513671875
2017-08-16,33692.725066222316,214.09046936035156
2017-08-17,33172.46523802751,210.75254821777344
2017-08-18,33094.35814748401,210.42315673828125
2017-08-21,33098.81118272104,210.58786010742188
2017-08-22,33446.08976527731,212.79002380371094
2017-08-23,33391.0858213624,212.02708435058594
2017-08-24,33328.035761748215,211.53285217285156
2017-08-25,33311.82066069275,212.02708435058594
2017-08-28,33352.34465559314,212.03575134277344
2017-08-29,33401.79796066052,212.2784423828125
2017-08-30,33587.54818529358,213.28414916992188
2017-08-31,33778.54350332233,214.5672607421875
2017-09-01,33845.58443113577,214.8707275390625
2017-09-05,33596.68253459953,213.32748413085938
2017-09-06,33683.22457938354,214.0557861328125
2017-09-07,33768.82250726599,214.02975463867188
2017-09-08,33665.44112749398,213.77828979492188
2017-09-11,34123.59079500028,216.05844116210938
2017-09-12,34278.81597332609,216.78671264648438
2017-09-13,34307.137329449346,216.8907928466797
2017-09-14,34361.89212015942,216.8214111328125
2017-09-15,34450.74054653426,217.11328125
2017-09-18,34570.88058786326,217.57504272460938
2017-09-19,34625.606878645354,217.7928466796875
2017-09-20,34649.50375248656,217.87127685546875
2017-09-21,34592.15306381528,217.28753662109375
2017-09-22,34572.69142393196,217.3311004638672
2017-09-25,34386.79008496992,216.88674926757812
2017-09-26,34388.49550412377,217.01742553710938
2017-09-27,34533.97081970856,217.86253356933594
2017-09-28,34646.888964030964,218.12399291992188
2017-09-29,34756.38035528583,218.8906707763672
2017-10-02,34912.93132095701,219.84036254882812
2017-10-03,34985.620244801066,220.31085205078125
2017-10-04,35072.17071517262,220.57228088378906
2017-10-05,35322.85589776297,221.8791961669922
2017-10-06,35343.21262463875,221.62649536132812
2017-10-09,35276.336428910734,221.26058959960938
2017-10-10,35423.087567285045,221.84429931640625
2017-10-11,35514.76449465421,222.1928253173828
2017-10-12,35463.093842563074,221.86175537109375
2017-10-13,35534.86738056463,222.13185119628906
2017-10-16,35590.69215136804,222.42803955078125
2017-10-17,35605.87830198608,222.5848846435547
2017-10-18,35675.45753793775,222.80271911621094
2017-10-19,35657.68685602074,222.8636932373047
2017-10-20,35797.50826424962,224.0137481689453
2017-10-23,35667.33199752074,223.1425018310547
2017-10-24,35886.36821868551,223.53460693359375
2017-10-25,35690.911797328394,222.42803955078125
2017-10-26,35739.069591006446,222.71559143066406
2017-10-27,36097.44356590792,224.5365447998047
2017-10-30,36009.645373702275,223.70008850097656
2017-10-31,36047.77649438544,224.0486297607422
2017-11-01,36116.51075450688,224.34486389160156
2017-11-02,36116.10765528381,224.43202209472656
2017-11-03,36340.44890757019,225.18133544921875
2017-11-06,36345.85758823958,225.52978515625
2017-11-07,36333.14594347535,225.37298583984375
2017-11-08,36342.53617372281,225.75631713867188
2017-11-09,36126.50903914483,224.93731689453125
2017-11-10,36069.949715143004,224.86761474609375
2017-11-13,36143.93751651259,225.07672119140625
2017-11-14,36106.80603034129,224.55397033691406
2017-11-15,35917.602001476276,223.4300079345703
2017-11-16,36232.412873973524,225.3293914794922
2017-11-17,36090.96929973422,224.6671905517578
2017-11-20,36179.25785838301,225.05056762695312
2017-11-21,36438.64116222677,226.5230255126953
2017-11-22,36376.836268290215,226.32266235351562
2017-11-24,36503.96102330318,226.8454132080078
2017-11-27,36531.33101799844,226.73216247558594
2017-11-28,36889.130983238116,229.0323486328125
2017-11-29,36752.12032289684,228.8929901123047
2017-11-30,37118.39786442662,230.8968505859375
2017-12-01,37048.900455810195,230.4176788330078
2017-12-04,36946.20863121447,230.13888549804688
2017-12-05,36845.913157751354,229.31114196777344
2017-12-06,36818.5509397099,229.3546600341797
2017-12-07,36950.58176036339,230.07789611816406
2017-12-08,37153.83187054659,231.33255004882812
2017-12-11,37279.91869241097,232.029541015625
2017-12-12,37368.800887640165,232.4390411376953
2017-12-13,37368.747178534766,232.41287231445312
2017-12-14,37221.38689851088,231.4632110595703
2017-12-15,37494.218453422065,233.39071655273438
2017-12-18,37708.885841622076,234.87071228027344
2017-12-19,37577.818817622494,233.96864318847656
2017-12-20,37588.44893456063,233.84603881835938
2017-12-21,37648.61720333091,234.32769775390625
2017-12-22,37605.50364246502,234.26641845703125
2017-12-26,37550.7978871224,233.9861602783203
2017-12-27,37599.82182085065,234.1000518798828
2017-12-28,37699.78424574695,234.58172607421875
2017-12-29,37493.87822708213,233.69712829589844
2018-01-02,37844.590284705744,235.36984252929688
2018-01-03,38080.46845657531,236.85853576660156
2018-01-04,38286.49930730491,237.8568572998047
2018-01-05,38577.04442897093,239.4419403076172
2018-01-08,38710.35919202909,239.8798828125
2018-01-09,38744.345452239584,240.4227294921875
2018-01-10,38722.175221115016,240.0549774169922
2018-01-11,38974.86020445503,241.80636596679688
2018-01-12,39261.20895315748,243.38279724121094
2018-01-16,39232.209102320354,242.55081176757812
2018-01-17,39630.621644712985,244.86265563964844
2018-01-18,39578.98945369604,244.45114135742188
2018-01-19,39716.71696012955,245.56333923339844
2018-01-22,40065.86329645645,247.55996704101562
2018-01-23,40190.70640150613,248.08543395996094
2018-01-24,40148.23838387842,247.98904418945312
2018-01-25,40268.9346383241,248.0941162109375
2018-01-26,40761.13552481982,250.96656799316406
2018-01-29,40578.821244041,249.30274963378906
2018-01-30,40075.40231352471,246.7455291748047
2018-01-31,40065.79838236006,246.8682098388672
2018-02-01,40008.587261136825,246.58787536621094
2018-02-02,39255.92524610745,241.2197265625
2018-02-05,37568.67639820641,231.13128662109375
2018-02-06,38273.0756075696,235.6851348876953
2018-02-07,38152.30069227569,234.40655517578125
2018-02-08,36656.57056069134,225.6141815185547
2018-02-09,37223.731707736595,229.00326538085938
2018-02-12,37750.27408346748,232.3660430908203
2018-02-13,37871.19838532341,232.9440155029297
2018-02-14,38384.994563256434,236.08795166015625
2018-02-15,38920.2538029711,239.10049438476562
2018-02-16,38916.92580338003,239.1705322265625
2018-02-20,38676.69601287212,237.67300415039062
2018-02-21,38436.787094778905,236.4907684326172
2018-02-22,38535.57612291036,236.79722595214844
2018-02-23,39176.301056881486,240.57164001464844
2018-02-26,39696.88144691288,243.36520385742188
2018-02-27,39259.79899601305,240.32644653320312
2018-02-28,38768.80074146245,237.89190673828125
2018-03-01,38179.196864823156,234.4327850341797
2018-03-02,38326.887975572,235.64125061035156
2018-03-05,38784.463925878896,238.36480712890625
2018-03-06,38844.2280893557,238.96908569335938
2018-03-07,38810.22861584841,238.88145446777344
2018-03-08,38931.72740776549,240.03741455078125
2018-03-09,39662.41087399502,244.2146453857422
2018-03-12,39597.10964007863,243.90818786621094
2018-03-13,39279.0334753172,242.33184814453125
2018-03-14,39071.42013987643,241.08836364746094
2018-03-15,39138.62723074044,240.82559204101562
2018-03-16,39217.689898869525,241.08670043945312
2018-03-19,38565.03492538755,237.82473754882812
2018-03-20,38622.22376569134,238.229248046875
2018-03-21,38620.48893177834,237.77198791503906
2018-03-22,37614.956565756904,231.828369140625
2018-03-23,36813.899712112405,226.8870849609375
2018-03-26,37912.767414141155,233.09449768066406
2018-03-27,37117.23392526624,229.1291046142578
2018-03-28,36881.03922872556,228.45211791992188
2018-03-29,37411.891378152526,231.37118530273438
2018-04-02,36576.5297372768,226.3770751953125
2018-04-03,37088.695452305285,229.27862548828125
2018-04-04,37492.668444027004,231.731689453125
2018-04-05,37811.93552619895,233.5605010986328
2018-04-06,36981.669054188525,228.3554229736328
2018-04-09,37089.71291075467,229.48080444335938
2018-04-10,37785.77438043081,233.12973022460938
2018-04-11,37564.643998211395,231.9075469970703
2018-04-12,37883.04794497711,233.81544494628906
2018-04-13,37796.98815179501,233.12973022460938
2018-04-16,37929.00919399484,235.04640197753906
2018-04-17,38333.446260918565,237.56106567382812
2018-04-18,38299.78805811197,237.73692321777344
2018-04-19,38208.71497967047,236.4180145263672
2018-04-20,37866.10733796959,234.4133758544922
2018-04-23,37716.46075702842,234.378173828125
2018-04-24,37292.91007536426,231.2217559814453
2018-04-25,37336.01703306549,231.79322814941406
2018-04-26,37847.2969622903,234.14955139160156
2018-04-27,37900.845538479254,234.36936950683594
2018-04-30,37707.38113104509,232.56700134277344
2018-05-01,37767.8597947106,232.9801788330078
2018-05-02,37534.13820734049,231.4151153564453
2018-05-03,37446.42296900466,230.90516662597656
2018-05-04,37954.554807749184,233.89462280273438
2018-05-07,38141.07557965204,234.68589782714844
2018-05-08,38178.26490708147,234.68589782714844
2018-05-09,38507.544701821214,236.9543914794922
2018-05-10,38874.05348616648,239.17001342773438
2018-05-11,38975.64042414619,239.8998260498047
2018-05-14,39038.603254977854,240.01406860351562
2018-05-15,38712.91804759042,238.3611602783203
2018-05-16,38806.03206646879,239.36341857910156
2018-05-17,38733.89979903971,239.16122436523438
2018-05-18,38606.307989201276,238.563232421875
2018-05-21,38971.0692328978,240.35699462890625
2018-05-22,38833.01181512922,239.6886749267578
2018-05-23,39063.06507758788,240.34820556640625
2018-05-24,39001.53395170544,239.8557891845703
2018-05-25,38977.56164893842,239.28431701660156
2018-05-29,38539.60210794793,236.53224182128906
2018-05-30,39028.57494172333,239.6886749267578
2018-05-31,38808.049967202496,238.2203826904297
2018-06-01,39218.43339490316,240.5592041015625
2018-06-04,39406.954820798404,241.70225524902344
2018-06-05,39378.61699533495,241.87803649902344
2018-06-06,39825.617950168635,243.90032958984375
2018-06-07,39855.759005518674,243.8739471435547
2018-06-08,39884.623467153055,244.59490966796875
2018-06-11,39927.76359788307,244.92034912109375
2018-06-12,40011.60683574006,245.23675537109375
2018-06-13,39899.53637042682,244.4542694091797
2018-06-14,39990.0817219291,245.0697479248047
2018-06-15,39957.63078961193,244.75701904296875
2018-06-18,39897.86121872967,244.253662109375
2018-06-19,39704.64472088571,243.31748962402344
2018-06-20,39744.66220491915,243.7325897216797
2018-06-21,39485.208176449436,242.20462036132812
2018-06-22,39538.18687317839,242.6462860107422
2018-06-25,38988.05617226962,239.34312438964844
2018-06-26,39106.76386921795,239.87303161621094
2018-06-27,38796.892311496194,237.88584899902344
2018-06-28,39028.0022393046,239.24607849121094
2018-06-29,39019.01371329125,239.59042358398438
2018-07-02,39177.185720310175,240.10263061523438
2018-07-03,38884.67591916973,239.25486755371094
2018-07-05,39243.34062252434,241.20668029785156
2018-07-06,39516.687272068244,243.24679565429688
2018-07-09,39908.66611454576,245.4371337890625
2018-07-10,40139.80856811375,246.32028198242188
2018-07-11,39856.5958334118,244.51856994628906
2018-07-12,40112.51144082566,246.7353973388672
2018-07-13,40078.014446678426,246.9297332763672
2018-07-16,40100.09039059151,246.7088623046875
2018-07-17,40245.24941729443,247.70689392089844
2018-07-18,40312.185566715736,248.22792053222656
2018-07-19,40147.635995589204,247.2918243408203
2018-07-20,40125.30483820219,247.00917053222656
2018-07-23,40206.48554129341,247.46852111816406
2018-07-24,40464.85763073424,248.7137451171875
2018-07-25,40846.12867966372,250.8334503173828
2018-07-26,40732.70663082224,250.24163818359375
2018-07-27,40514.243999418875,248.54592895507812
2018-07-30,40305.14132860808,247.2476806640625
2018-07-31,40471.24275523893,248.4664306640625
2018-08-01,40363.220747306135,248.0513153076172
2018-08-02,40655.45869818255,249.4026336669922
2018-08-03,40875.81537934803,250.4712371826172
2018-08-06,40987.19115727659,251.38983154296875
2018-08-07,41266.94591364115,252.2199249267578
2018-08-08,41231.02877110513,252.1138916015625
2018-08-09,41059.702724891205,251.7696075439453
2018-08-10,40785.23731425037,250.0827178955078
2018-08-13,40600.2483150146,249.14637756347656
2018-08-14,40780.29337544815,250.73619079589844
2018-08-15,40458.91647039003,248.86386108398438
2018-08-16,40869.11500839511,250.87754821777344
2018-08-17,40884.89987054414,251.7606658935547
2018-08-20,40971.050491065085,252.29949951171875
2018-08-21,41145.07331431228,252.89125061035156
2018-08-22,41237.563187124484,252.74099731445312
2018-08-23,41186.20163151529,252.40545654296875
2018-08-24,41461.36018475356,253.92457580566406
2018-08-27,41748.39805715417,255.92938232421875
2018-08-28,41746.898979329766,256.052978515625
2018-08-29,41897.63614411086,257.4307556152344
2018-08-30,41730.845275206986,256.38861083984375
2018-08-31,41727.30501751433,256.3973693847656
2018-09-04,41703.737325650356,255.95591735839844
2018-09-05,41570.444656360705,255.26695251464844
2018-09-06,41432.46413679793,254.49862670898438
2018-09-07,41339.3668489575,254.0040283203125
2018-09-10,41567.54492741432,254.4456787109375
2018-09-11,41627.064153117004,255.28466796875
2018-09-12,41640.76619898057,255.3465118408203
2018-09-13,41838.45394845558,256.8566589355469
2018-09-14,41869.98499439358,256.9008483886719
2018-09-17,41664.04543537309,255.54074096679688
2018-09-18,41907.08654660874,256.92730712890625
2018-09-19,42086.70403009799,257.201171875
2018-09-20,42366.270167251816,259.2854309082031
2018-09-21,42399.652437191966,259.04852294921875
2018-09-24,42298.15321824542,258.1880187988281
2018-09-25,42244.46516288573,257.9485778808594
2018-09-26,42101.00640151262,257.1766052246094
2018-09-27,42216.68178990255,257.8952331542969
2018-09-28,42112.77015715608,257.92181396484375
2018-10-01,42536.30389430408,258.8178405761719
2018-10-02,42542.623502130635,258.6671142578125
2018-10-03,42530.44214256042,258.8089904785156
2018-10-04,42253.84050673849,256.7862854003906
2018-10-05,41923.83932722333,255.3489990234375
2018-10-08,41912.744703446086,255.3489990234375
2018-10-09,41940.151940900374,254.97637939453125
2018-10-10,40629.06359386073,246.9029998779297
2018-10-11,39779.08545950485,241.46456909179688
2018-10-12,40391.38170760886,244.81808471679688
2018-10-15,40137.84937211042,243.44302368164062
2018-10-16,40927.56019511426,248.76602172851562
2018-10-17,40939.38420879835,248.8104705810547
2018-10-18,40346.1326754772,245.2173309326172
2018-10-19,40366.824358833685,245.0843048095703
2018-10-22,40190.792082581225,243.98426818847656
2018-10-23,40084.91091234201,242.74208068847656
2018-10-24,38927.35912903978,235.38739013671875
2018-10-25,39623.05925709229,239.6103057861328
2018-10-26,39021.05199579203,235.39622497558594
2018-10-29,38825.70765737349,234.0920867919922
2018-10-30,39410.82933189981,237.56097412109375
2018-10-31,39808.91567232925,240.09835815429688
2018-11-01,40136.029529003376,242.65341186523438
2018-11-02,39875.31597147854,241.21615600585938
2018-11-05,40154.44992475078,242.54693603515625
2018-11-06,40312.53510894669,244.08184814453125
2018-11-07,41146.02866425757,249.30734252929688
2018-11-08,41047.07466010657,248.85476684570312
2018-11-09,40731.10402316818,246.42388916015625
2018-11-12,39887.67736111597,241.81942749023438
2018-11-13,39891.69745881487,241.36700439453125
2018-11-14,39657.06390842637,239.71685791015625
2018-11-15,40135.05818773774,242.21876525878906
2018-11-16,40173.99648161475,242.84861755371094
2018-11-19,39633.71120454438,238.7409210205078
2018-11-20,38990.25366179081,234.32281494140625
2018-11-21,38942.36934102226,235.1212921142578
2018-11-23,38666.48851571129,233.55091857910156
2018-11-26,39282.27473831722,237.32150268554688
2018-11-27,39498.42478931287,238.11993408203125
2018-11-28,40334.16579450236,243.6027069091797
2018-11-29,40267.37062869973,243.07037353515625
2018-11-30,40726.41820478097,244.55198669433594
2018-12-03,41097.02361271715,247.79025268554688
2018-12-04,39828.08966996759,239.76121520996094
2018-12-06,39812.34120933573,239.3975067138672
2018-12-07,38960.004085214845,233.8348388671875
2018-12-10,39108.92530483715,234.27842712402344
2018-12-11,39096.67805545253,234.33168029785156
2018-12-12,39311.503499684884,235.51158142089844
2018-12-13,39431.492133443586,235.43174743652344
2018-12-14,38735.88179042576,231.0845489501953
2018-12-17,37972.45161019031,226.551025390625
2018-12-18,38006.40418906589,226.30259704589844
2018-12-19,37474.49300623443,222.91357421875
2018-12-20,36995.31081911837,219.28504943847656
2018-12-21,36367.623965846,214.7919464111328
2018-12-24,35345.02689070053,209.11656188964844
2018-12-26,37087.98583708998,219.68214416503906
2018-12-27,37400.683537368895,221.36868286132812
2018-12-28,37458.70396385644,221.08311462402344
2018-12-31,37787.659897485006,223.01954650878906
2019-01-02,37861.572889766816,223.25157165527344
2019-01-03,36949.441275964666,217.9241943359375
2019-01-04,38147.947650965485,225.22369384765625
2019-01-07,38437.16251462601,226.99951171875
2019-01-08,38729.32983749299,229.13223266601562
2019-01-09,38863.493360754444,230.20310974121094
2019-01-10,39030.98118835128,231.01513671875
2019-01-11,39112.907009875584,231.10440063476562
2019-01-14,38913.51391370543,229.69447326660156
2019-01-15,39327.54650880614,232.32693481445312
2019-01-16,39409.22799723065,232.88906860351562
2019-01-17,39662.58810587233,234.65599060058594
2019-01-18,39981.8355608985,237.779296875
2019-01-22,39502.86671850343,234.56674194335938
2019-01-23,39552.22604366089,235.0574951171875
2019-01-24,39601.277019160174,235.18252563476562
2019-01-25,39833.83137904253,237.17245483398438
2019-01-28,39397.41381822237,235.36988830566406
2019-01-29,39318.838176669975,235.0574951171875
2019-01-30,39871.34453029555,238.77874755859375
2019-01-31,40224.01138189848,240.8757781982422
2019-02-01,40307.20861448556,240.99180603027344
2019-02-04,40588.23350812858,242.6873016357422
2019-02-05,40761.89137249601,243.70458984375
2019-02-06,40783.10250719189,243.38330078125
2019-02-07,40329.80073614771,241.06312561035156
2019-02-08,40363.36347909264,241.35772705078125
2019-02-11,40366.68586558844,241.49151611328125
2019-02-12,40905.85514388264,244.5969696044922
2019-02-13,41003.08748616322,245.3911895751953
2019-02-14,40876.35021524148,244.84678649902344
2019-02-15,41358.81462493279,247.51495361328125
2019-02-19,41390.658850811895,247.9433135986328
2019-02-20,41490.814121847754,248.4429473876953
2019-02-21,41350.51252352432,247.55958557128906
2019-02-22,41594.16086776873,249.09437561035156
2019-02-25,41702.74800389105,249.4335174560547
2019-02-26,41651.01163718641,249.25506591796875
2019-02-27,41691.01613755523,249.1480255126953
2019-02-28,41661.68493068722,248.6839599609375
2019-03-01,41814.73789674274,250.23666381835938
2019-03-04,41665.404048090386,249.32647705078125
2019-03-05,41646.409661129066,248.98733520507812
2019-03-06,41411.573356018685,247.479248046875
2019-03-07,41079.68478757031,245.40899658203125
2019-03-08,41045.63021957863,244.91818237304688
2019-03-11,41543.22989639346,248.4697723388672
2019-03-12,41582.71669064576,249.40679931640625
2019-03-13,41909.55527626719,251.05760192871094
2019-03-14,41865.49732786696,250.89698791503906
2019-03-15,42122.16778116085,252.13650512695312
2019-03-18,42255.01127429501,253.0508270263672
2019-03-19,42302.50292576198,253.11351013183594
2019-03-20,42179.25616492873,252.35162353515625
2019-03-21,42528.60428451948,255.2019500732422
2019-03-22,41809.05989843136,250.29025268554688
2019-03-25,41786.98689835221,250.10208129882812
2019-03-26,42122.59260819082,251.96621704101562
2019-03-27,41942.52172218112,250.64871215820312
2019-03-28,42064.19405172795,251.5988006591797
2019-03-29,42318.18352521786,253.18524169921875
2019-04-01,42843.35581427909,256.18780517578125
2019-04-02,42815.65114184103,256.3133239746094
2019-04-03,42917.49574682748,256.7165832519531
2019-04-04,42923.117787144954,257.3978271484375
2019-04-05,43096.373306506845,258.64361572265625
2019-04-08,43115.0858361677,258.8409118652344
2019-04-09,42853.96848067723,257.5143737792969
2019-04-10,42952.02945999031,258.3926696777344
2019-04-11,42905.37259041424,258.32098388671875
2019-04-12,43050.077155729916,260.06878662109375
2019-04-15,43029.63762403677,259.89849853515625
2019-04-16,43286.55744380933,260.06878662109375
2019-04-17,43279.52923221617,259.4324035644531
2019-04-18,43310.86834156408,259.943359375
2019-04-22,43399.14260045726,260.1673583984375
2019-04-23,43698.86040980282,262.5067138671875
2019-04-24,43574.35718874892,261.92413330078125
2019-04-25,43431.568037067475,261.76275634765625
2019-04-26,43476.588043334865,262.9817810058594
2019-04-29,43526.42693537406,263.3939514160156
2019-04-30,43673.59335522199,263.5284423828125
2019-05-01,43341.19329878542,261.5476989746094
2019-05-02,43330.561776981456,260.9830322265625
2019-05-03,43720.65309553387,263.53741455078125
2019-05-06,43547.85932094336,262.4529113769531
2019-05-07,42806.252035424564,258.07000732421875
2019-05-08,42688.61865246784,257.71160888671875
2019-05-09,42554.74341902702,256.9317626953125
2019-05-10,42748.42029405315,258.2224426269531
2019-05-13,41797.31293454667,251.7332763671875
2019-05-14,42092.88904181239,254.00979614257812
2019-05-15,42346.75642568103,255.4976348876953
2019-05-16,42647.5770001445,257.8639831542969
2019-05-17,42376.322337841164,256.1967468261719
2019-05-20,42119.88998405522,254.50283813476562
2019-05-21,42435.14390056924,256.7973327636719
2019-05-22,42128.855046376135,256.00860595703125
2019-05-23,41660.63293475602,252.88058471679688
2019-05-24,41701.79287879183,253.45407104492188
2019-05-28,41309.824043216875,251.09681701660156
2019-05-29,41069.72718807074,249.41180419921875
2019-05-30,41119.53797561559,250.09304809570312
2019-05-31,40567.58524094898,246.7229461669922
2019-06-03,40551.42141062028,246.09556579589844
2019-06-04,41414.27294566693,251.43751525878906
2019-06-05,41670.16267797383,253.61549377441406
2019-06-06,42011.10478915944,255.26458740234375
2019-06-07,42390.763701667536,257.81903076171875
2019-06-10,42601.51637991949,259.0022888183594
2019-06-11,42683.002840284295,258.9394836425781
2019-06-12,42566.79021104089,258.48236083984375
2019-06-13,42696.55262861338,259.5489501953125
2019-06-14,42617.97785970778,259.2621154785156
2019-06-17,42715.31082878223,259.3606872558594
2019-06-18,43197.11834502499,262.0765380859375
2019-06-19,43279.79660137759,262.66796875
2019-06-20,43685.04112298573,265.1776428222656
2019-06-21,43704.063360757835,264.7922058105469
2019-06-24,43694.768805786596,264.468017578125
2019-06-25,43311.27429414917,261.87408447265625
2019-06-26,43357.417140652564,261.6129150390625
2019-06-27,43473.980735865094,262.54046630859375
2019-06-28,43643.51264929504,263.89154052734375
2019-07-01,44026.33024941802,266.28729248046875
2019-07-02,44157.54877521213,266.9807434082031
2019-07-03,44476.16783401928,269.1153564453125
2019-07-05,44379.43317285029,268.80908203125
2019-07-08,44174.46787867397,267.33197021484375
2019-07-09,44244.36678157588,267.6651306152344
2019-07-10,44439.55468895115,268.9442138671875
2019-07-11,44509.260006488956,269.5746765136719
2019-07-12,44685.44349181449,270.7815856933594
2019-07-15,44734.778223267254,270.87158203125
2019-07-16,44574.01581726767,269.9980163574219
2019-07-17,44419.49613926141,268.16058349609375
2019-07-18,44523.91155262551,269.14227294921875
2019-07-19,44233.486722757865,267.6472473144531
2019-07-22,44312.91530591395,268.30474853515625
2019-07-23,44588.325306497776,270.2231750488281
2019-07-24,44851.5383176146,271.4930419921875
2019-07-25,44580.933573763774,270.1960754394531
2019-07-26,44908.533744095184,272.00640869140625
2019-07-29,44910.20256060894,271.51104736328125
2019-07-30,44793.35719744942,270.84454345703125
2019-07-31,44285.26700676199,267.8813781738281
2019-08-01,43856.02197789052,265.5487365722656
2019-08-02,43675.36471778869,263.54925537109375
2019-08-05,42408.622919742804,255.62350463867188
2019-08-06,42881.06463552888,259.2080993652344
2019-08-07,42891.05054330879,259.36126708984375
2019-08-08,43593.63443533881,264.4499206542969
2019-08-09,43374.41665577164,262.6485900878906
2019-08-12,42915.661681478814,259.4512939453125
2019-08-13,43521.39692760924,263.4862060546875
2019-08-14,42308.88981572814,255.6955108642578
2019-08-15,42407.309322948015,256.37109375
2019-08-16,43034.97844666481,260.15386962890625
2019-08-19,43570.06406788839,263.2881164550781
2019-08-20,43195.646807669254,261.2706604003906
2019-08-21,43557.915264654126,263.3962097167969
2019-08-22,43581.99122621334,263.31512451171875
2019-08-23,42493.771325860784,256.5512390136719
2019-08-26,42991.59990922782,259.38818359375
2019-08-27,42961.98842969781,258.3705139160156
2019-08-28,43268.25958782348,260.1898498535156
2019-08-29,43799.87502300642,263.5132141113281
2019-08-30,43878.86369683983,263.3962097167969
2019-09-03,43586.033537198746,261.85614013671875
2019-09-04,44029.181658736416,264.8282165527344
2019-09-05,44581.67311214634,268.2326965332031
2019-09-06,44601.05111702014,268.43994140625
2019-09-09,44665.47415646433,268.5749206542969
2019-09-10,44726.49609490262,268.5118408203125
2019-09-11,45066.23547029103,270.4213562011719
2019-09-12,45104.19903764719,271.35797119140625
2019-09-13,45075.866007444456,271.1778869628906
2019-09-16,44846.090896748305,270.34027099609375
2019-09-17,44956.095765221224,271.02471923828125
2019-09-18,44974.52692180936,271.1867980957031
2019-09-19,44972.756932028344,271.1688232421875
2019-09-20,44807.97756907724,269.8875732421875
2019-09-23,44808.96166573813,269.82427978515625
2019-09-24,44423.383751863774,267.7070617675781
2019-09-25,44665.35273072133,269.2904052734375
2019-09-26,44609.58734170984,268.7293395996094
2019-09-27,44529.255546810775,267.28173828125
2019-09-30,44683.712012237804,268.5213623046875
2019-10-01,44256.99539172368,265.327392578125
2019-10-02,43431.71255608555,260.6405029296875
2019-10-03,43784.9626822197,262.7757263183594
2019-10-04,44405.284051657836,266.33172607421875
2019-10-07,44263.151855422795,265.1826477050781
2019-10-08,43616.37867633687,261.06573486328125
2019-10-09,44006.04021149906,263.54486083984375
2019-10-10,44291.096544441556,265.327392578125
2019-10-11,44743.06836851614,268.07794189453125
2019-10-14,44702.1206646503,267.7794189453125
2019-10-15,45144.12711342202,270.4305725097656
2019-10-16,45053.22787280196,269.9961853027344
2019-10-17,45171.51029414219,270.7923889160156
2019-10-18,44965.26404353864,269.60711669921875
2019-10-21,45273.77377332304,271.434814453125
2019-10-22,45111.468022653404,270.548095703125
2019-10-23,45111.33036566497,271.33526611328125
2019-10-24,45263.872169004455,271.7786865234375
2019-10-25,45610.84428015049,272.89154052734375
2019-10-28,45891.75110459547,274.4297180175781
2019-10-29,45796.261623255785,274.3483581542969
2019-10-30,45980.62210444554,275.18988037109375
2019-10-31,45876.3404958089,274.4569396972656
2019-11-01,46217.180983330996,276.9994201660156
2019-11-04,46431.91860747177,278.1123046875
2019-11-05,46412.04679533159,277.8048400878906
2019-11-06,46522.00646341684,277.8680419921875
2019-11-07,46793.69192194102,278.8451843261719
2019-11-08,46888.834957313025,279.5329284667969
2019-11-11,46764.1497453287,278.9991455078125
2019-11-12,46809.5608806753,279.5871887207031
2019-11-13,46767.279460803504,279.677734375
2019-11-14,46755.5965399794,280.0848693847656
2019-11-15,47068.86576922113,282.1116638183594
2019-11-18,47091.92866880416,282.3197326660156
2019-11-19,47014.00205811705,282.23822021484375
2019-11-20,46871.316954711845,281.1886901855469
2019-11-21,46894.530787814394,280.736328125
2019-11-22,46942.1887269807,281.3605041503906
2019-11-25,47236.45907872566,283.5412292480469
2019-11-26,47297.840031532505,284.1836242675781
2019-11-27,47451.66629820468,285.450439453125
2019-11-29,47291.15974898766,284.3917541503906
2019-12-02,46933.30349283725,281.9759216308594
2019-12-03,46607.347020990506,280.0848693847656
2019-12-04,46940.93879214341,281.81304931640625
2019-12-05,46991.815266972,282.3197326660156
2019-12-06,47441.65388893888,284.8984375
2019-12-09,47358.709087313975,284.00274658203125
2019-12-10,47350.451359472856,283.6860656738281
2019-12-11,47480.28794954623,284.4913024902344
2019-12-12,47919.69836244499,286.9432678222656
2019-12-13,47861.67320130631,287.1152038574219
2019-12-16,48198.96166249717,289.0877380371094
2019-12-17,48288.192474426374,289.15106201171875
2019-12-18,48297.99501851564,289.1690979003906
2019-12-19,48538.90260149055,290.3544616699219
2019-12-20,48732.15500008586,291.62744140625
2019-12-23,48785.42597854774,292.072998046875
2019-12-24,48782.55010284796,292.0821228027344
2019-12-26,48994.81153866378,293.63690185546875
2019-12-27,49007.80868816768,293.56414794921875
2019-12-30,48673.693968667576,291.9455871582031
2019-12-31,48808.45715657985,292.65484619140625
2020-01-02,49237.10991042778,295.39178466796875
2020-01-03,48907.073824252315,293.15496826171875
2020-01-06,49076.16185498601,294.2735290527344
2020-01-07,48987.51482818604,293.4458923339844
2020-01-08,49269.864180186436,295.0099182128906
2020-01-09,49584.49400873276,297.01025390625
2020-01-10,49398.636199675464,296.1555480957031
2020-01-13,49843.556186892005,298.19232177734375
2020-01-14,49859.66597301959,297.7376403808594
2020-01-15,49868.46029339876,298.4104919433594
2020-01-16,50205.75513657204,300.8928527832031
2020-01-17,50418.458425515884,301.829345703125
2020-01-21,50379.55987063616,301.2383117675781
2020-01-22,50541.69987852942,301.2747497558594
2020-01-23,50655.450118064415,301.6202087402344
2020-01-24,50289.31661501301,298.9378662109375
2020-01-27,49507.693915411495,294.1460876464844
2020-01-28,49993.618231732115,297.228515625
2020-01-29,50005.28085149796,296.98297119140625
2020-01-30,50302.206910377805,297.94677734375
2020-01-31,49419.128604725425,292.53662109375
2020-02-03,50019.37423590366,294.7098083496094
2020-02-04,50912.85433397295,299.20159912109375
2020-02-05,51242.63839564719,302.6568603515625
2020-02-06,51414.85662174267,303.67529296875
2020-02-07,51108.62318381848,302.0566711425781
2020-02-10,51444.49347923477,304.31158447265625
2020-02-11,51589.14058257636,304.8390808105469
2020-02-12,51904.549365405524,306.8030700683594
2020-02-13,51922.776121643416,306.4756774902344
2020-02-14,52014.034968932865,306.96661376953125
2020-02-18,52012.13097707487,306.1755676269531
2020-02-19,52455.12973249236,307.63958740234375
2020-02-20,52240.44835763852,306.37567138671875
2020-02-21,51708.80382128518,303.2204895019531
2020-02-24,49905.34745710053,293.1640930175781
2020-02-25,48384.0225573545,284.28057861328125
2020-02-26,48162.12704206143,283.2349548339844
2020-02-27,45891.37917103172,270.5143737792969
2020-02-28,45465.82851455484,269.3778381347656
2020-03-02,47681.877889118514,281.0436706542969
2020-03-03,46388.201248462705,272.99664306640625
2020-03-04,48300.57798666781,284.4715576171875
2020-03-05,46733.64339889068,275.01519775390625
2020-03-06,46010.71425141213,270.4689025878906
2020-03-09,42551.05971161999,249.34683227539062
2020-03-10,44669.16677489206,262.2491760253906
2020-03-11,42524.93400665319,249.46495056152344
2020-03-12,38449.0295390312,225.59686279296875
2020-03-13,42144.78333722956,244.88233947753906
2020-03-16,37102.02645867329,218.0863494873047
2020-03-17,39487.80476746886,229.8612518310547
2020-03-18,37576.11284156194,218.22279357910156
2020-03-19,37753.899716685024,218.68646240234375
2020-03-20,36037.32929886151,209.26239013671875
2020-03-23,35195.455280487826,203.9119110107422
2020-03-24,38446.31480183237,222.386962890625
2020-03-25,38780.05638004124,225.71615600585938
2020-03-26,41172.93798409687,238.89564514160156
2020-03-27,39978.39169264315,231.7799835205078
2020-03-30,41168.42401693915,239.30722045898438
2020-03-31,40444.739720628255,235.74029541015625
2020-04-01,39155.73790542701,225.1308135986328
2020-04-02,40268.21842147481,230.32579040527344
2020-04-03,39593.956515327496,226.99659729003906
2020-04-06,42201.608395564144,242.2431182861328
2020-04-07,42094.090644336575,242.49005126953125
2020-04-08,43306.04359179198,250.63003540039062
2020-04-09,43801.94351592279,254.44400024414062
2020-04-13,43609.35641847702,252.12091064453125
2020-04-14,44676.98689606893,259.556640625
2020-04-15,43817.427523786646,254.04161071777344
2020-04-16,43987.847379873216,255.26710510253906
2020-04-17,45093.174088465974,262.1632995605469
2020-04-20,44404.82245040437,257.5445861816406
2020-04-21,43164.58365152642,249.7246551513672
2020-04-22,44015.7330215963,255.26710510253906
2020-04-23,43944.37911944535,255.2488555908203
2020-04-24,44468.777041165435,258.8067626953125
2020-04-27,45200.15857210228,262.5382385253906
2020-04-28,44958.70867277188,261.3309631347656
2020-04-29,45940.36653972936,268.1722717285156
2020-04-30,45495.503043459394,265.6754455566406
2020-05-01,44280.0915666008,258.64202880859375
2020-05-04,44461.059254966756,259.35546875
2020-05-05,44788.3200900275,261.751708984375
2020-05-06,44512.1608529314,259.97735595703125
2020-05-07,44922.464611113755,263.114501953125
2020-05-08,45667.31058963677,267.468017578125
2020-05-11,45589.03238573434,267.5228576660156
2020-05-12,44716.161709250395,262.1907653808594
2020-05-13,44041.55488287308,257.5536804199219
2020-05-14,44688.06676264239,260.6358947753906
2020-05-15,44721.29407059053,261.83404541015625
2020-05-18,46013.45354220096,269.8094177246094
2020-05-19,45440.535182400665,267.03814697265625
2020-05-20,46159.45523406853,271.5746154785156
2020-05-21,45867.61624970972,269.69964599609375
2020-05-22,45943.435390924446,270.2118835449219
2020-05-26,46501.3094528819,273.54107666015625
2020-05-27,47319.64055357329,277.6109619140625
2020-05-28,47016.21654474353,277.098876953125
2020-05-29,47182.94059253147,278.33355712890625
2020-06-01,47441.365849069145,279.45855712890625
2020-06-02,47841.18389952899,281.7724914550781
2020-06-03,48433.794216240785,285.52239990234375
2020-06-04,48419.46676274408,284.7723693847656
2020-06-05,49553.18782178304,292.0710754394531
2020-06-08,50262.15839990753,295.6013488769531
2020-06-09,49890.25077186743,293.3971252441406
2020-06-10,49652.396567297,291.76007080078125
2020-06-11,46915.10829939218,274.9403381347656
2020-06-12,47414.1168445911,278.2330017089844
2020-06-15,47877.21297010741,280.8304748535156
2020-06-16,48724.876390559206,286.2358093261719
2020-06-17,48558.611230740615,285.04669189453125
2020-06-18,48612.277109844494,285.15655517578125
2020-06-19,48379.92672491396,283.5268859863281
2020-06-22,48559.50816412267,285.3457336425781
2020-06-23,48755.089068408044,286.659423828125
2020-06-24,47633.00845726419,279.3470764160156
2020-06-25,48224.55412100114,282.3418273925781
2020-06-26,46984.84634764347,275.6358337402344
2020-06-29,47716.206734950014,279.6870422363281
2020-06-30,48430.215654379586,283.2696533203125
2020-07-01,48822.47262790948,285.25396728515625
2020-07-02,49121.92978156073,286.8247375488281
2020-07-06,49909.11351123185,291.2525939941406
2020-07-07,49486.047518854226,288.2486877441406
2020-07-08,49792.686069863266,290.4533386230469
2020-07-09,49498.919583503804,288.7998962402344
2020-07-10,50220.10254925679,291.7486267089844
2020-07-13,49911.2968564833,289.2224426269531
2020-07-14,50562.75884672767,292.970458984375
2020-07-15,50879.42893247279,295.6619873046875
2020-07-16,50747.98775852412,294.6882629394531
2020-07-17,50829.476974382946,295.5426025390625
2020-07-20,51135.35353916147,297.9310607910156
2020-07-21,51223.59551260199,298.5649719238281
2020-07-22,51393.31318060346,300.264404296875
2020-07-23,50864.76144258608,296.6817321777344
2020-07-24,50305.241886175114,294.7709045410156
2020-07-27,50693.79939838517,296.9205627441406
2020-07-28,50521.19605276884,295.0373840332031
2020-07-29,50867.66477177271,298.6659240722656
2020-07-30,50822.617193666956,297.60028076171875
2020-07-31,50816.8137355015,299.9519958496094
2020-08-03,51166.311369243704,302.03741455078125
2020-08-04,51499.94346759243,303.2040100097656
2020-08-05,51767.05221171352,305.0871887207031
2020-08-06,52028.60536477527,307.12652587890625
2020-08-07,52192.35303042745,307.34710693359375
2020-08-10,52323.770460671556,308.2657165527344
2020-08-11,52024.405407204606,305.7209777832031
2020-08-12,52889.26130014487,309.98358154296875
2020-08-13,52686.46053002043,309.4231262207031
2020-08-14,52737.56938719764,309.4323425292969
2020-08-17,52987.20336235906,310.415283203125
2020-08-18,53031.8434440798,311.0858459472656
2020-08-19,52871.68461114954,309.79071044921875
2020-08-20,52985.42977854057,310.7552185058594
2020-08-21,53226.34549758727,311.8575744628906
2020-08-24,53738.39459119063,315.01763916015625
2020-08-25,53900.238743072565,316.1200256347656
2020-08-26,54364.974064079746,319.28924560546875
2020-08-27,54591.16164233389,319.98748779296875
2020-08-28,54951.5547110941,322.0543518066406
2020-08-31,55010.631022214606,320.8877868652344
2020-09-01,55176.68305089385,323.9100036621094
2020-09-02,55980.79656731621,328.59503173828125
2020-09-03,54141.08539838988,317.28668212890625
2020-09-04,53914.032354446594,314.6960754394531
2020-09-08,52241.3987569248,306.0976867675781
2020-09-09,53265.47450026611,312.1423645019531
2020-09-10,52421.900345368354,306.722412109375
2020-09-11,52589.42880936091,306.8785400390625
2020-09-14,53338.0807859635,310.9205627441406
2020-09-15,53693.26322079075,312.49139404296875
2020-09-16,53551.02817810793,311.2512512207031
2020-09-17,53192.698643218646,308.513671875
2020-09-18,52810.44831304527,304.96185302734375
2020-09-21,52341.30227907664,301.5678405761719
2020-09-22,52537.133675805984,304.6390380859375
2020-09-23,51309.02582681105,297.57421875
2020-09-24,51526.073007208,298.3674011230469
2020-09-25,52274.45995638532,303.1910705566406
2020-09-28,53060.152478619966,308.22686767578125
2020-09-29,52862.83127986257,306.54827880859375
2020-09-30,53445.879945692825,308.87249755859375
2020-10-01,53927.61484962928,310.85540771484375
2020-10-02,53436.04702255199,307.90411376953125
2020-10-05,54368.37798085371,313.36419677734375
2020-10-06,53734.75161380764,308.9093322753906
2020-10-07,54725.41397154544,314.2864074707031
2020-10-08,55213.498420541015,317.0718078613281
2020-10-09,55625.73693795362,319.9032897949219
2020-10-12,56280.55388596045,325.0498352050781
2020-10-13,55979.537511633804,322.9284973144531
2020-10-14,55720.69899355786,320.8994140625
2020-10-15,55610.47976779745,320.5028381347656
2020-10-16,55827.69143691724,320.3092041015625
2020-10-19,55057.326344961744,315.43927001953125
2020-10-20,55248.57376121248,316.70294189453125
2020-10-21,54859.152262859105,316.10333251953125
2020-10-22,55251.60847734759,317.8373107910156
2020-10-23,55197.23498972352,318.91644287109375
2020-10-26,54236.34658817257,313.02294921875
2020-10-27,53817.41315553159,311.94384765625
2020-10-28,52108.530175066146,301.281982421875
2020-10-29,52633.15358559656,304.34393310546875
2020-10-30,52196.442806511506,301.1711120605469
2020-11-02,52953.489631761564,304.5469055175781
2020-11-03,53859.18361444337,309.9239196777344
2020-11-04,54723.6010185071,316.8504638671875
2020-11-05,55681.35828087042,323.0299377441406
2020-11-06,55619.309225230325,322.9561767578125
2020-11-09,56328.63402522077,327.0142822265625
2020-11-10,56460.0964164289,326.5346984863281
2020-11-11,56844.25446768819,328.9604187011719
2020-11-12,56294.844263554245,325.7691955566406
2020-11-13,56957.87120723164,330.279296875
2020-11-16,57580.860913396624,334.4020080566406
2020-11-17,57409.34662437152,332.603515625
2020-11-18,56903.90290226167,328.6006774902344
2020-11-19,57116.2148187386,329.9841003417969
2020-11-20,56789.42712185944,327.72454833984375
2020-11-23,57244.49009616996,329.68902587890625
2020-11-24,58254.05775279923,335.00146484375
2020-11-25,58233.692628170655,334.4849853515625
2020-11-27,58413.62734574869,335.4165954589844
2020-11-30,58081.86704211844,333.9317626953125
2020-12-01,58662.279332312864,337.5839538574219
2020-12-02,58917.26370599282,338.29412841796875
2020-12-03,58831.16954550697,338.20196533203125
2020-12-04,59393.700795914265,341.1164245605469
2020-12-07,59403.00095989854,340.4154357910156
2020-12-08,59584.68981104304,341.4115905761719
2020-12-09,59351.37433338813,338.34954833984375
2020-12-10,59288.39292095566,338.23883056640625
2020-12-11,59016.46890081856,337.84222412109375
2020-12-14,58818.84712397978,336.3296813964844
2020-12-15,59485.61553350051,340.876708984375
2020-12-16,59464.68474066435,341.4115905761719
2020-12-17,59815.72665368221,343.32080078125
2020-12-18,59729.488699020614,341.949951171875
2020-12-21,59465.70288005569,340.7272644042969
2020-12-22,59064.46990654553,340.1529846191406
2020-12-23,59196.25098813407,340.45867919921875
2020-12-24,59383.349299308975,341.783203125
2020-12-28,59696.82151354598,344.71942138671875
2020-12-29,59670.95743131587,344.06170654296875
2020-12-30,59859.13055604965,344.55267333984375
2020-12-31,60330.86628255547,346.30322265625
2021-01-04,59836.271540612295,341.5887145996094
2021-01-05,60195.9016001664,343.9412841796875
2021-01-06,60686.18415186816,345.9975280761719
2021-01-07,61323.434998697245,351.13818359375
2021-01-08,61577.57954054287,353.1388854980469
2021-01-11,61474.8381993361,350.7584533691406
2021-01-12,61547.94742372961,350.83258056640625
2021-01-13,61796.01775599111,351.77734375
2021-01-14,61615.1287314889,350.54541015625
2021-01-15,61097.82690979885,347.989013671875
2021-01-19,61455.1751558555,350.7214660644531
2021-01-20,62081.3226202696,355.574951171875
2021-01-21,62081.14798351599,355.8991394042969
2021-01-22,61771.45398182146,354.6394958496094
2021-01-25,62014.135010379534,356.03814697265625
2021-01-26,61986.92622326371,355.48236083984375
2021-01-27,60386.83591142846,346.7941589355469
2021-01-28,60913.25588808421,349.77667236328125
2021-01-29,59938.35277079379,342.7742919921875
2021-02-01,60517.80665562357,348.4799499511719
2021-02-02,61338.11369073935,353.407470703125
2021-02-03,61350.980755484146,353.6853942871094
2021-02-04,61907.42942530638,357.705322265625
2021-02-05,62066.87486705783,359.11309814453125
2021-02-08,62527.67763409111,361.7066650390625
2021-02-09,62449.27485396834,361.4658508300781
2021-02-10,62388.4561886467,361.3084411621094
2021-02-11,62373.81232784896,361.891845703125
2021-02-12,62594.061455851865,363.6795654296875
2021-02-16,62686.428967271844,363.3646240234375
2021-02-17,62791.82007881838,363.4480285644531
2021-02-18,62492.155263727866,361.9010925292969
2021-02-19,62393.40496331965,361.2621154785156
2021-02-22,62121.100507209994,358.48333740234375
2021-02-23,62183.45703841934,358.9186706542969
2021-02-24,62893.398915057114,362.8736267089844
2021-02-25,61623.289760818465,354.1300048828125
2021-02-26,61119.70315752351,352.30523681640625
2021-03-01,62401.178451058935,360.84521484375
2021-03-02,61976.140671355795,358.0295104980469
2021-03-03,61493.49153043422,353.287109375
2021-03-04,60809.52407906924,348.915283203125
2021-03-05,61944.45730923298,355.33416748046875
2021-03-08,61865.015723564524,353.5650329589844
2021-03-09,62568.76112414252,358.6130065917969
2021-03-10,63049.88056086906,360.84521484375
2021-03-11,63268.04855157595,364.5038757324219
2021-03-12,63528.06309584775,364.994873046875
2021-03-15,63805.84450245772,367.1714782714844
2021-03-16,63795.203009085715,366.70843505859375
2021-03-17,64008.71547228998,367.95880126953125
2021-03-18,63341.711034488944,362.6051025390625
2021-03-19,63337.117383270124,361.9342956542969
2021-03-22,63759.73970328027,364.82421875
2021-03-23,63398.73772012532,361.9527587890625
2021-03-24,63103.57272497308,360.11279296875
2021-03-25,63569.546094830126,362.1387023925781
2021-03-26,64671.5134905433,367.9744873046875
2021-03-29,64766.00943307821,367.78857421875
2021-03-30,64522.62378654738,366.81292724609375
2021-03-31,64685.757243730615,368.2997131347656
2021-04-01,65337.49729623548,372.2770080566406
2021-04-05,66067.39512608315,377.6203308105469
2021-04-06,65894.22766828258,377.3973388671875
2021-04-07,66048.75983624751,377.83404541015625
2021-04-08,66220.28500823119,379.6275634765625
2021-04-09,66615.35228050394,382.3875732421875
2021-04-12,66584.66821655096,382.5269775390625
2021-04-13,66680.79321428278,383.6605529785156
2021-04-14,66688.7264437698,382.3503723144531
2021-04-15,67253.0397173279,386.457763671875
2021-04-16,67473.73170592726,387.74945068359375
2021-04-19,67089.47165026945,385.8444519042969
2021-04-20,66468.71961054842,383.0194396972656
2021-04-21,66904.38656208292,386.64361572265625
2021-04-22,66178.56902828263,383.1123352050781
2021-04-23,66656.32198085042,387.2662353515625
2021-04-26,66755.42140283919,388.0746765136719
2021-04-27,66839.80736842597,387.99102783203125
2021-04-28,66845.12389821955,387.8795471191406
2021-04-29,67517.84179230983,390.3514709472656
2021-04-30,66978.72477213076,387.7867126464844
2021-05-03,67372.19346462796,388.6229553222656
2021-05-04,67257.06181568847,386.2254333496094
2021-05-05,67634.73521799305,386.3462829589844
2021-05-06,68275.49369148248,389.4314270019531
2021-05-07,68775.80009635672,392.2657775878906
2021-05-10,68194.90168874168,388.38140869140625
2021-05-11,67437.65772154779,384.91510009765625
2021-05-12,66260.57344004985,376.7375183105469
2021-05-13,66972.21450459359,381.2630920410156
2021-05-14,67949.26015326148,387.1175231933594
2021-05-17,67965.42482451141,386.1325378417969
2021-05-18,67316.98063637427,382.8056945800781
2021-05-19,66997.99514684637,381.80206298828125
2021-05-20,67519.86494495002,385.90948486328125
2021-05-21,67691.82831624954,385.5935363769531
2021-05-24,68225.89541483112,389.5244140625
2021-05-25,67936.3766250644,388.6601257324219
2021-05-26,68057.46861248887,389.4314270019531
2021-05-27,68297.26014673735,389.6358947753906
2021-05-28,68348.59783349594,390.3329162597656
2021-06-01,68508.70548691279,389.9890441894531
2021-06-02,68860.34997917556,390.602294921875
2021-06-03,68762.41851447111,389.15264892578125
2021-06-04,69236.30789928656,392.7118835449219
2021-06-07,69259.17682608655,392.33074951171875
2021-06-08,69180.27947723,392.4143371582031
2021-06-09,68892.71408128062,391.8289794921875
2021-06-10,69001.68616754467,393.6502990722656
2021-06-11,69057.6408916156,394.3008728027344
2021-06-14,69010.93433396546,395.1836242675781
2021-06-15,68916.01578195841,394.45880126953125
2021-06-16,68385.43295110662,392.2564392089844
2021-06-17,68021.59852979919,392.1263122558594
2021-06-18,66969.26071267352,386.83642578125
2021-06-21,68092.65623024938,392.3742980957031
2021-06-22,68393.4243508353,394.4720153808594
2021-06-23,68338.92461556463,393.9966125488281
2021-06-24,68990.89871960571,396.327392578125
2021-06-25,69174.28422663208,397.73516845703125
2021-06-28,69135.99707048232,398.5369873046875
2021-06-29,69034.69999808482,398.7513732910156
2021-06-30,69305.19951575535,399.0870361328125
2021-07-01,69801.34615415795,401.2966003417969
2021-07-02,70121.63833305513,404.3638610839844
2021-07-06,69640.33807490539,403.6273498535156
2021-07-07,69691.91111653585,405.0538635253906
2021-07-08,69184.20821732884,401.75341796875
2021-07-09,70085.8050420832,406.0421142578125
2021-07-12,70381.0520708444,407.4964599609375
2021-07-13,70025.96291181089,406.1072692871094
2021-07-14,69996.4901361604,406.71331787109375
2021-07-15,69840.73822155161,405.3242492675781
2021-07-16,69144.19773375463,402.1449279785156
2021-07-19,67979.84596228847,396.2061767578125
2021-07-20,68960.00404817461,401.8838806152344
2021-07-21,69709.20852716002,405.1376953125
2021-07-22,69515.38982810234,405.986083984375
2021-07-23,69986.0872546177,410.16302490234375
2021-07-26,70296.20444616575,411.1697692871094
2021-07-27,69946.30261329241,409.2958984375
2021-07-28,69957.09473015246,409.1280822753906
2021-07-29,70405.39016998663,410.82489013671875
2021-07-30,69876.76158418963,408.8297119140625
2021-08-02,69731.94268405336,407.971923828125
2021-08-03,70344.30160596568,411.291015625
2021-08-04,69884.48556115829,409.2679138183594
2021-08-05,70390.33681857526,411.85980224609375
2021-08-06,70648.87706987467,412.5403137207031
2021-08-09,70539.28465116928,412.2047119140625
2021-08-10,70896.0210254565,412.7174377441406
2021-08-11,71219.96397862073,413.7429504394531
2021-08-12,71287.50620740063,414.9830017089844
2021-08-13,71210.53980459788,415.7381896972656
2021-08-16,71271.20423406444,416.71710205078125
2021-08-17,70622.38287516874,413.9854431152344
2021-08-18,69953.67722926533,409.45428466796875
2021-08-19,69838.45964050155,410.08831787109375
2021-08-20,70282.13407323572,413.3514404296875
2021-08-23,70937.27162995003,416.987548828125
2021-08-24,71067.91831691636,417.6494140625
2021-08-25,71311.17348878205,418.52587890625
2021-08-26,70916.02818325536,416.0551452636719
2021-08-27,71573.71587127756,419.7751159667969
2021-08-30,71553.97310622194,421.6211242675781
2021-08-31,71363.99060992952,420.99639892578125
2021-09-01,71186.16285015775,421.2201843261719
2021-09-02,71559.44505802034,422.5160827636719
2021-09-03,71429.16001737068,422.4136047363281
2021-09-07,71069.50130595014,420.9032287597656
2021-09-08,70938.1619604296,420.3904113769531
2021-09-09,70600.94269207417,418.5910949707031
2021-09-10,70304.38483242899,415.2906494140625
2021-09-13,70816.5787940507,416.35345458984375
2021-09-14,70192.07055754897,414.106689453125
2021-09-15,70843.71707886025,417.5655212402344
2021-09-16,70612.46144104973,416.903564453125
2021-09-17,70104.11073464392,412.8424987792969
2021-09-20,68892.96038758938,405.9587097167969
2021-09-21,68905.1422614645,405.5751647949219
2021-09-22,69656.4666563677,409.5315246582031
2021-09-23,70657.87716186068,414.50732421875
2021-09-24,70919.4014602871,415.1901550292969
2021-09-27,71137.68052396053,414.0023193359375
2021-09-28,70159.60025380067,405.6593017578125
2021-09-29,70403.14667446874,406.3421325683594
2021-09-30,69494.22891445195,401.3757019042969
2021-10-01,70419.74967979811,406.14569091796875
2021-10-04,69807.09528962805,400.90802001953125
2021-10-05,70468.21690638045,405.0794677734375
2021-10-06,70604.70038312899,406.7630310058594
2021-10-07,71158.10995119676,410.27972412109375
2021-10-08,71285.3755112181,409.5315246582031
2021-10-11,70814.06576862722,406.56658935546875
2021-10-12,70477.57832036563,405.5658264160156
2021-10-13,70541.15938563524,407.02490234375
2021-10-14,71487.64154601311,413.8713073730469
2021-10-15,72211.89204656835,417.02325439453125
2021-10-18,72422.43145736105,418.2579040527344
2021-10-19,73064.67791590292,421.4847106933594
2021-10-20,73423.86573223419,423.1402282714844
2021-10-21,73481.01583090147,424.24383544921875
2021-10-22,73584.84225181308,423.8042907714844
2021-10-25,74015.70842622136,426.0769958496094
2021-10-26,74329.45062746039,426.46044921875
2021-10-27,73562.63553711,424.5711669921875
2021-10-28,74243.63478345794,428.6678466796875
2021-10-29,74432.31338034723,429.5377197265625
2021-11-01,74679.42196711793,430.27655029296875
2021-11-02,74875.27196793183,432.0162353515625
2021-11-03,75260.99406608364,434.6537780761719
2021-11-04,75638.2688285205,436.70208740234375
2021-11-05,76140.18884903437,438.2172546386719
2021-11-08,76274.05221827603,438.5914001464844
2021-11-09,75936.29964766276,437.14166259765625
2021-11-10,75579.44277043734,433.6248779296875
2021-11-11,75652.37454917781,433.76519775390625
2021-11-12,75962.91362313487,437.03875732421875
2021-11-15,76046.79208264405,437.1883850097656
2021-11-16,76312.16585355463,438.91876220703125
2021-11-17,75999.18975673213,437.8525390625
2021-11-18,76103.04036828704,439.33966064453125
2021-11-19,75637.72874737544,438.553955078125
2021-11-22,75695.2056908186,437.31939697265625
2021-11-23,76096.70574986539,437.8993225097656
2021-11-24,76315.44064808627,439.06842041015625
2021-11-26,74596.73608761329,429.2757568359375
2021-11-29,75274.80792060895,434.5415344238281
2021-11-30,73863.48552288045,426.08636474609375
2021-12-01,73144.94669326577,421.3537292480469
2021-12-02,74133.23685627643,427.8073425292969
2021-12-03,73713.84885287711,424.0848388671875
2021-12-06,74580.7954338352,429.1074523925781
2021-12-07,75921.42692060246,437.9834289550781
2021-12-08,75802.64276668627,439.1432800292969
2021-12-09,75474.75408860954,436.17828369140625
2021-12-10,76379.5482487691,440.2842102050781
2021-12-13,75583.51043472483,436.3840637207031
2021-12-14,75249.34245689501,433.3817443847656
2021-12-15,76539.31533250425,440.1532897949219
2021-12-16,76292.7591378643,436.2718200683594
2021-12-17,75151.28179070435,431.628662109375
2021-12-20,74461.4685157935,427.03900146484375
2021-12-21,75465.36565791178,434.6227111816406
2021-12-22,76109.88209413059,438.96844482421875
2021-12-23,76556.9441569349,441.6997375488281
2021-12-27,77434.24915246898,447.9507141113281
2021-12-28,77358.4784369945,447.5846862792969
2021-12-29,77348.44448924682,448.1571960449219
2021-12-30,77128.29089880027,446.918212890625
2021-12-31,77034.61543906044,445.7918701171875
2022-01-03,78015.4183122463,448.3730773925781
2022-01-04,78532.13789002234,448.222900390625
2022-01-05,77664.8824822857,439.61602783203125
2022-01-06,77837.29415250244,439.20306396484375
2022-01-07,77925.10839989968,437.4666442871094
2022-01-10,77820.15673928459,436.9222717285156
2022-01-11,78494.57299635772,440.90179443359375
2022-01-12,78571.65958682421,442.0939025878906
2022-01-13,77914.37949771273,436.0025329589844
2022-01-14,77886.67632174554,436.1808166503906
2022-01-18,76666.38326472523,428.45611572265625
2022-01-19,75796.85454397075,424.0072937011719
2022-01-20,75038.25614448145,419.3143615722656
2022-01-21,73716.1216136043,411.0829772949219
2022-01-24,73746.16977933428,412.8287353515625
2022-01-25,73603.33336543427,407.7884826660156
2022-01-26,73569.2972757237,406.7654113769531
2022-01-27,73278.95336181561,404.7568359375
2022-01-28,74581.54298787427,414.8091735839844
2022-01-31,75625.82327857112,422.2802429199219
2022-02-01,76670.26241864207,425.1335754394531
2022-02-02,77335.84678358861,429.2633972167969
2022-02-03,75764.5653373678,419.1736145019531
2022-02-04,76022.07203345362,421.1446228027344
2022-02-07,76055.72289872948,419.79302978515625
2022-02-08,76351.549734589,423.2470703125
2022-02-09,77100.73111771628,429.4417419433594
2022-02-10,75832.00351731046,421.72650146484375
2022-02-11,74903.27015644117,413.4106140136719
2022-02-14,74491.19513146361,412.0591125488281
2022-02-15,75463.5588302571,418.7042541503906
2022-02-16,75481.27355143498,419.1736145019531
2022-02-17,74182.96394834193,410.21942138671875
2022-02-18,73637.78804617474,407.56329345703125
2022-02-22,72909.9713880124,403.189453125
2022-02-23,71892.75715232392,396.0373229980469
2022-02-24,72162.45113805533,401.9974365234375
2022-02-25,73871.14620114901,410.8670959472656
2022-02-28,73717.1604885317,409.8157958984375
2022-03-01,72432.18817349053,403.57421875
2022-03-02,73819.44108485273,410.99847412109375
2022-03-03,73554.59023512923,408.9523010253906
2022-03-04,73227.17736258205,405.6297302246094
2022-03-07,71834.91427321077,393.672119140625
2022-03-08,71857.0264421731,390.68743896484375
2022-03-09,72945.37810321462,401.16204833984375
2022-03-10,72957.08595898101,399.3504943847656
2022-03-11,72381.13389274801,394.2728271484375
2022-03-14,72120.375671313,391.39129638671875
2022-03-15,72984.67865834435,399.9981689453125
2022-03-16,74100.88575021176,408.86785888671875
2022-03-17,75113.04117040437,413.983154296875
2022-03-18,75628.81067135393,418.5174865722656
2022-03-21,75654.1898103481,418.3951110839844
2022-03-22,76248.4696370797,423.2908935546875
2022-03-23,75443.80198474223,417.8395690917969
2022-03-24,76303.08989019216,424.13818359375
2022-03-25,76790.95669903714,426.2095642089844
2022-03-28,76869.25753303943,429.2412109375
2022-03-29,77490.06104105782,434.5512390136719
2022-03-30,77084.03429650003,431.8680419921875
2022-03-31,75920.09825812929,425.22100830078125
2022-04-01,76164.96620437405,426.4260559082031
2022-04-04,76567.55246212058,430.0791015625
2022-04-05,75782.44525043397,424.6466369628906
2022-04-06,75586.52867084497,420.4004211425781
2022-04-07,75961.3142849519,422.518798828125
2022-04-08,76017.49888939198,421.3890686035156
2022-04-11,74904.20204740194,414.1865539550781
2022-04-12,74748.99337992394,412.6518859863281
2022-04-13,75439.86028885948,417.3782653808594
2022-04-14,75005.1090776399,412.18115234375
2022-04-18,75037.44227807203,412.3506164550781
2022-04-19,75905.63997943827,419.00701904296875
2022-04-20,75881.24402652499,418.69635009765625
2022-04-21,74988.65131218497,412.435302734375
2022-04-22,73244.79715309096,401.11846923828125
2022-04-25,73478.93172092228,403.4439392089844
2022-04-26,71831.31159015707,391.7598876953125
2022-04-27,71859.1801637709,392.8614196777344
2022-04-28,73533.8978970868,402.7848815917969
2022-04-29,71249.53773925964,387.89971923828125
2022-05-02,71538.49496325829,390.23468017578125
2022-05-03,71842.18675806255,392.0235290527344
2022-05-04,73929.10022385723,403.9617919921875
2022-05-05,71883.83077002392,389.6038818359375
2022-05-06,71872.12469287639,387.2783203125
2022-05-09,70057.00421201532,374.87872314453125
2022-05-10,70081.43038215618,375.7449035644531
2022-05-11,69406.98292185186,369.7757873535156
2022-05-12,69436.93826574083,369.38983154296875
2022-05-13,70602.3061174251,378.2209777832031
2022-05-16,70718.27837814136,376.68646240234375
2022-05-17,71863.82862743849,384.4350280761719
2022-05-18,69304.4410786675,368.93780517578125
2022-05-19,68701.0441012046,366.6782531738281
2022-05-20,68889.04559865837,366.8382873535156
2022-05-23,70230.99054002661,373.7018737792969
2022-05-24,70169.9690466682,370.8490905761719
2022-05-25,70702.21805396068,374.12548828125
2022-05-26,71958.42750491538,381.6010437011719
2022-05-27,73169.3838663058,390.96905517578125
2022-05-31,72644.43505489518,388.7754211425781
2022-06-01,72136.7788785845,385.6307678222656
2022-06-02,73024.2958964412,392.9743957519531
2022-06-03,72346.05644561985,386.525146484375
2022-06-06,72436.08267059358,387.7019958496094
2022-06-07,73132.81779216327,391.4209899902344
2022-06-08,72474.5133624981,387.1653747558594
2022-06-09,70964.54107442139,377.95745849609375
2022-06-10,69226.91464535128,366.9983215332031
2022-06-13,67055.58314379453,353.0640869140625
2022-06-14,66727.57175283779,352.0002136230469
2022-06-15,67314.40425327676,357.0184326171875
2022-06-16,65581.82809059611,345.2025146484375
2022-06-17,65281.095165568455,345.9466552734375
2022-06-21,66945.00445002355,354.65545654296875
2022-06-22,66739.25556880244,354.012451171875
2022-06-23,66945.4935388752,357.4826354980469
2022-06-24,68716.97240764584,368.8484802246094
2022-06-27,68738.34186180537,367.4395446777344
2022-06-28,67824.37093845116,359.93170166015625
2022-06-29,67725.48933349422,359.63861083984375
2022-06-30,67337.01806149796,356.7167053222656
2022-07-01,68032.1891827695,360.4895935058594
2022-07-05,67711.83612664431,361.1704406738281
2022-07-06,67797.59515004336,362.3901672363281
2022-07-07,68707.888664138,367.8177490234375
2022-07-08,68706.0123115797,367.5152282714844
2022-07-11,68109.79017526348,363.3168029785156
2022-07-12,67701.8212782174,360.1019287109375
2022-07-13,67447.72165646608,358.2107849121094
2022-07-14,67328.15633354161,357.34088134765625
2022-07-15,68669.4564294339,364.1678771972656
2022-07-18,68223.07903744307,361.1609191894531
2022-07-19,69752.66581315298,370.9192199707031
2022-07-20,69822.97102278039,373.2831115722656
2022-07-21,70184.14173684455,377.0843505859375
2022-07-22,69824.2367985048,373.5857849121094
2022-07-25,70114.0776082374,374.03961181640625
2022-07-26,69529.63628205625,369.61431884765625
2022-07-27,70691.54364351739,379.21185302734375
2022-07-28,71235.66313625651,383.9681396484375
2022-07-29,72010.1549990284,389.56585693359375
2022-08-01,72044.54893978624,388.4123229980469
2022-08-02,71273.99187296334,385.849853515625
2022-08-03,71952.82968913764,391.89202880859375
2022-08-04,71664.85931856821,391.6272888183594
2022-08-05,71702.37614222775,390.96533203125
2022-08-08,71584.14135891185,390.5114440917969
2022-08-09,71480.611461048,388.96075439453125
2022-08-10,72666.07265019313,397.1304626464844
2022-08-11,72747.94345357188,397.1304626464844
2022-08-12,73826.05052338452,403.8534851074219
2022-08-15,74044.15515249195,405.5176696777344
2022-08-16,74281.89642482069,406.31201171875
2022-08-17,73908.24575473373,403.4279479980469
2022-08-18,74290.61307639502,404.6004638671875
2022-08-19,73675.04433369645,399.1634216308594
2022-08-22,72388.42103112141,390.8518371582031
2022-08-23,72303.07686767969,389.90631103515625
2022-08-24,72406.68016861916,391.15447998046875
2022-08-25,73243.47709596904,396.6766052246094
2022-08-26,71145.49401102476,383.24945068359375
2022-08-29,70800.97426430661,380.71533203125
2022-08-30,70049.47019051909,376.535888671875
2022-08-31,69471.46645987494,373.6708984375
2022-09-01,69752.72409769172,374.8433532714844
2022-09-02,69136.76721364947,370.8908386230469
2022-09-06,68826.49053086682,369.4914245605469
2022-09-07,69727.59952883347,376.1293029785156
2022-09-08,70269.24025665768,378.5877380371094
2022-09-09,71251.91708413148,384.46929931640625
2022-09-12,71831.94772771439,388.6014099121094
2022-09-13,69038.94693788752,371.7040710449219
2022-09-14,69323.88379516306,373.1224365234375
2022-09-15,68725.3909421789,368.8862609863281
2022-09-16,68413.09441911572,366.07208251953125
2022-09-19,68756.63882443441,368.9108581542969
2022-09-20,68033.37686821044,364.6763916015625
2022-09-21,66941.09026797478,358.3149719238281
2022-09-22,66673.80141931657,355.30523681640625
2022-09-23,65327.96241536828,349.3521728515625
2022-09-26,64623.05048506811,345.8961486816406
2022-09-27,64415.21284417555,345.01318359375
2022-09-28,65624.3474217403,351.80169677734375
2022-09-29,64468.9279760234,344.4529724121094
2022-09-30,63549.07404964022,339.12652587890625
2022-10-03,65203.4707451063,348.0798645019531
2022-10-04,66961.08774860537,358.8656921386719
2022-10-05,66883.3318063974,358.0301208496094
2022-10-06,66203.20562535676,354.3368225097656
2022-10-07,64799.016230973306,344.4529724121094
2022-10-10,64418.567343968454,341.82293701171875
2022-10-11,64140.49769203654,339.6582946777344
2022-10-12,64063.98289474217,338.537841796875
2022-10-13,65899.22536629993,347.4722595214844
2022-10-14,64828.10812149062,339.55377197265625
2022-10-17,66160.39245130219,348.27923583984375
2022-10-18,66815.95024051084,352.3714599609375
2022-10-19,66520.66110369383,349.8743896484375
2022-10-20,66219.64941541966,346.94049072265625
2022-10-21,67942.87234913583,355.37176513671875
2022-10-24,68839.5275054547,359.7201843261719
2022-10-25,69632.08550892626,365.4644470214844
2022-10-26,69787.92865651553,362.7110290527344
2022-10-27,69715.16491038032,360.7741394042969
2022-10-28,71267.29855720139,369.357177734375
2022-10-31,70838.0927292782,366.6891784667969
2022-11-01,70817.98347187003,365.0845642089844
2022-11-02,69650.348654596,355.92236328125
2022-11-03,69322.90672839925,352.25750732421875
2022-11-04,70288.93749588661,357.32757568359375
2022-11-07,71019.36192456697,360.7456359863281
2022-11-08,71501.45455410272,362.6920471191406
2022-11-09,70261.56379311916,355.2198181152344
2022-11-10,73065.479689739,374.7406005859375
2022-11-11,73423.81132734017,378.36749267578125
2022-11-14,73037.17850454767,375.14886474609375
2022-11-15,73495.71986229932,378.3485107421875
2022-11-16,73036.10931676271,375.46221923828125
2022-11-17,73044.95112196144,374.3133544921875
2022-11-18,73370.57562061981,376.0129089355469
2022-11-21,73208.62366784917,374.6456604003906
2022-11-22,74158.23709555695,379.6872253417969
2022-11-23,74303.32338283882,382.0799255371094
2022-11-25,74341.00976284298,381.9943542480469
2022-11-28,73409.64911334681,375.8989562988281
2022-11-29,73449.37464544554,375.2533264160156
2022-11-30,75122.68826625073,387.073974609375
2022-12-01,75013.99590350097,386.7890930175781
2022-12-02,74925.26301645316,386.3429260253906
2022-12-05,73729.13796466049,379.3928527832031
2022-12-06,72822.24618802995,373.92401123046875
2022-12-07,72762.0652215717,373.28790283203125
2022-12-08,73175.77378596547,376.2122497558594
2022-12-09,72608.21248130099,373.4018859863281
2022-12-12,73606.95127127777,378.7852783203125
2022-12-13,74039.7830271767,381.6526184082031
2022-12-14,73766.8759504211,379.21246337890625
2022-12-15,72256.47550708496,369.9363708496094
2022-12-16,71633.30066380886,365.5688781738281
2022-12-19,71327.43229951304,362.4689025878906
2022-12-20,71445.70527768407,362.96490478515625
2022-12-21,72450.51378617733,368.39208984375
2022-12-22,71585.50444733427,363.13653564453125
2022-12-23,72019.64953777935,365.2254333496094
2022-12-27,71960.4738470839,363.7851867675781
2022-12-28,71262.64241744296,359.26409912109375
2022-12-29,72104.27789171484,365.73095703125
2022-12-30,72039.13164651307,364.76763916015625
2023-01-03,71953.64973986655,363.2319641113281
2023-01-04,72624.6690640651,366.03619384765625
2023-01-05,72138.72861309393,361.85845947265625
2023-01-06,73775.20544878872,370.15673828125
2023-01-09,73429.22542301062,369.9468688964844
2023-01-10,73833.53489030596,372.5412292480469
2023-01-11,74426.95538635891,377.2530212402344
2023-01-12,74724.78917207525,378.62652587890625
2023-01-13,75066.10428748453,380.0954284667969
2023-01-17,74653.98818896463,379.3992004394531
2023-01-18,73385.83943188605,373.4091796875
2023-01-19,72819.58640980514,370.6908264160156
2023-01-20,73790.21900006666,377.5964050292969
2023-01-23,74442.44831680493,382.1270446777344
2023-01-24,74489.44717920366,381.7170104980469
2023-01-25,74692.17225686627,381.8599548339844
2023-01-26,75107.91284461912,386.05682373046875
2023-01-27,75193.63410374633,386.9438171386719
2023-01-30,74473.1096496178,382.0888977050781
2023-01-31,75303.1989324381,387.7068786621094
2023-02-01,75631.0880407078,391.82733154296875
2023-02-02,75890.9770002635,397.53118896484375
2023-02-03,75464.56932203163,393.3058166503906
2023-02-06,75280.3713460503,390.90216064453125
2023-02-07,75868.68275095771,396.0146179199219
2023-02-08,75176.01244743736,391.68426513671875
2023-02-09,74512.80151051549,388.28875732421875
2023-02-10,74911.61434463623,389.19488525390625
2023-02-13,75698.15581989194,393.76361083984375
2023-02-14,75616.56579050138,393.5823669433594
2023-02-15,75620.41994708267,394.8605651855469
2023-02-16,74775.7633018735,389.42376708984375
2023-02-17,74743.83632129736,388.450927734375
2023-02-21,73455.08611433458,380.6581726074219
2023-02-22,73258.86853808812,380.1335754394531
2023-02-23,73620.90217101145,382.1556396484375
2023-02-24,73044.58214053612,378.0733337402344
2023-02-27,73154.93084284551,379.36102294921875
2023-02-28,72801.35499953799,377.9588928222656
2023-03-01,72590.94250496442,376.50909423828125
2023-03-02,73044.48207123936,379.43731689453125
2023-03-03,73997.25250431047,385.5226135253906
2023-03-06,74126.61574988851,385.7897033691406
2023-03-07,72944.46235380862,379.8760681152344
2023-03-08,72933.72523787456,380.4960632324219
2023-03-09,71777.3657754312,373.47601318359375
2023-03-10,71063.15209966802,368.0869140625
2023-03-13,70666.43998770326,367.5622253417969
2023-03-14,71657.41155183932,373.6380920410156
2023-03-15,71118.1628319385,371.30133056640625
2023-03-16,71942.03229850829,377.8157653808594
2023-03-17,71101.6228236387,373.39813232421875
2023-03-20,71853.07214873939,376.98858642578125
2023-03-21,72616.59143150791,381.9386291503906
2023-03-22,71531.19668705424,375.4279479980469
2023-03-23,71713.21311989593,376.4428405761719
2023-03-24,72031.52313649813,378.9130554199219
2023-03-27,72496.41956201904,379.6215515136719
2023-03-28,72396.82223240493,378.7694091796875
2023-03-29,73263.39039086661,384.27484130859375
2023-03-30,73552.7063059551,386.5248107910156
2023-03-31,74457.20898594953,391.9727783203125
2023-04-03,75212.65662352763,393.46636962890625
2023-04-04,74705.37579808467,391.2834167480469
2023-04-05,74867.95349115125,390.2589111328125
2023-04-06,74955.5816520291,391.78131103515625
2023-04-10,75058.25879940082,392.183349609375
2023-04-11,75241.3180489047,392.2886962890625
2023-04-12,74976.55400110278,390.68975830078125
2023-04-13,75774.8757743408,395.879150390625
2023-04-14,75890.72766128756,394.91217041015625
2023-04-17,76087.43816888871,396.32916259765625
2023-04-18,76172.30096325278,396.5876770019531
2023-04-19,76160.30035060208,396.5207214355469
2023-04-20,75595.24123065005,394.3568115234375
2023-04-21,75670.93517861454,394.6632385253906
2023-04-24,75701.22056376045,395.074951171875
2023-04-25,74691.1638128499,388.8035583496094
2023-04-26,73844.36503465522,387.1567687988281
2023-04-27,74971.74704834848,394.8642578125
2023-04-28,75599.19538715143,398.2344970703125
2023-05-01,75630.70970088417,397.8323974609375
2023-05-02,74542.37783342857,393.361083984375
2023-05-03,74108.1397054803,390.6611022949219
2023-05-04,73535.71179262965,387.8940124511719
2023-05-05,74736.96511921192,395.074951171875
2023-05-08,74771.18040536072,395.1802673339844
2023-05-09,74570.44960952866,393.4472351074219
2023-05-10,74570.2362033584,395.2855529785156
2023-05-11,74384.27284276395,394.59619140625
2023-05-12,74289.45402780313,394.0792236328125
2023-05-15,74531.33234711768,395.438720703125
2023-05-16,73816.11931234862,392.796142578125
2023-05-17,74873.18641122323,397.56427001953125
2023-05-18,75366.89751340692,401.3941955566406
2023-05-19,75294.47936156683,400.8100891113281
2023-05-22,75150.21904602292,400.97283935546875
2023-05-23,74685.17136754507,396.4728088378906
2023-05-24,74135.43124440675,393.60040283203125
2023-05-25,74452.48608866142,397.00897216796875
2023-05-26,75435.61233842993,402.1504821777344
2023-05-30,75435.1548588558,402.30364990234375
2023-05-31,75022.88653083998,400.0728759765625
2023-06-01,75736.23825894536,403.87396240234375
2023-06-02,76901.320094139,409.71441650390625
2023-06-05,76598.846841984,408.9293518066406
2023-06-06,76773.93316136261,409.81976318359375
2023-06-07,76966.32948545417,408.40264892578125
2023-06-08,77394.9839847037,410.8728942871094
2023-06-09,77477.47482502773,411.610107421875
2023-06-12,78053.60587193194,415.34423828125
2023-06-13,78560.43703604616,418.08258056640625
2023-06-14,78636.42608794908,418.58050537109375
2023-06-15,79537.18993267378,423.7698669433594
2023-06-16,79368.84841831436,422.326416015625
2023-06-20,78823.50977728011,420.1352844238281
2023-06-21,78460.24723756792,417.982666015625
2023-06-22,78374.80806457768,419.4914245605469
2023-06-23,77780.83183477505,416.3201599121094
2023-06-26,77661.8303587871,414.6190490722656
2023-06-27,78384.81969690303,419.1647033691406
2023-06-28,78237.53125559875,419.3760986328125
2023-06-29,78764.85902284333,421.029052734375
2023-06-30,79569.95227864022,425.99755859375
2023-07-03,79898.25627121548,426.48760986328125
2023-07-05,79825.44748900883,425.8533935546875
2023-07-06,78871.77005773301,422.51861572265625
2023-07-07,78720.08898744869,421.4519348144531
2023-07-10,79167.10448570474,422.51861572265625
2023-07-11,79821.1749991395,425.20947265625
2023-07-12,80350.48716012575,428.630615234375
2023-07-13,80891.47891706995,432.03265380859375
2023-07-14,80629.75858972958,431.7635498046875
2023-07-17,80784.89346491457,433.2627258300781
2023-07-18,81360.49213511612,436.482177734375
2023-07-19,81773.40212645997,437.4527587890625
2023-07-20,81713.86325687887,434.55047607421875
2023-07-21,81749.27800277917,434.55047607421875
2023-07-24,82225.87718589485,436.4917907714844
2023-07-25,82281.23636358365,437.68341064453125
2023-07-26,82326.18647040424,437.75067138671875
2023-07-27,81847.75023897518,434.848388671875
2023-07-28,82429.72219662652,439.1056823730469
2023-07-31,82666.1573958487,439.9418640136719
2023-08-01,82451.17442010956,438.6828918457031
2023-08-02,81484.41734302416,432.5804443359375
2023-08-03,81276.82060556197,431.3407287597656
2023-08-04,81030.94853114408,429.38983154296875
2023-08-07,81766.56921295598,433.1378173828125
2023-08-08,81583.3319719417,431.2543029785156
2023-08-09,81111.97843194507,428.37115478515625
2023-08-10,81164.66846563197,428.5249328613281
2023-08-11,81325.81896769896,428.2750549316406
2023-08-14,81640.35020141317,430.63916015625
2023-08-15,80675.76752104859,425.62274169921875
2023-08-16,80060.58890314322,422.49945068359375
2023-08-17,79682.8602821693,419.280029296875
2023-08-18,79787.21600798305,419.4818420410156
2023-08-21,80065.00601745,422.21112060546875
2023-08-22,79704.38792869919,421.0675048828125
2023-08-23,80477.33608036439,425.75726318359375
2023-08-24,79436.37566669802,419.85662841796875
2023-08-25,79980.77452797016,422.8165283203125
2023-08-28,80471.46350902956,425.49774169921875
2023-08-29,81502.3274709496,431.6482238769531
2023-08-30,81642.56336678065,433.42608642578125
2023-08-31,81540.89898428513,432.7918395996094
2023-09-01,81711.16850663464,433.59912109375
2023-09-05,81414.42205300303,431.7250671386719
2023-09-06,81029.86606460727,428.82281494140625
2023-09-07,80965.14271760537,427.50628662109375
2023-09-08,81150.83027828982,428.150146484375
2023-09-11,81709.35750396909,430.96588134765625
2023-09-12,81497.28018449052,428.6017761230469
2023-09-13,81453.20090970589,429.1015625
2023-09-14,82224.09324341334,432.80145263671875
2023-09-15,81346.7708065407,427.58697509765625
2023-09-18,81300.4276416789,427.83770751953125
2023-09-19,81056.76787624166,426.95037841796875
2023-09-20,80503.12333907433,423.0253601074219
2023-09-21,79235.35065059499,416.033447265625
2023-09-22,78976.65825048355,415.09796142578125
2023-09-25,79232.25325548941,416.8434753417969
2023-09-26,78162.74683234202,410.71954345703125
2023-09-27,78171.65277906977,410.8834228515625
2023-09-28,78530.64282735539,413.26556396484375
2023-09-29,78113.22465657623,412.26263427734375
2023-10-02,77919.35083781848,412.0986328125
2023-10-03,77056.5856672283,406.582275390625
2023-10-04,77261.80032787951,409.54302978515625
2023-10-05,77131.80899860428,409.3886413574219
2023-10-06,77845.16357742096,414.2492370605469
2023-10-09,78337.25520537504,416.9013366699219
2023-10-10,78761.54292866967,419.0712890625
2023-10-11,78969.36061428371,420.787841796875
2023-10-12,78562.27082781986,418.2226257324219
2023-10-13,78349.96744292462,416.1394958496094
2023-10-16,79082.9043668015,420.5179138183594
2023-10-17,79112.56006547678,420.49853515625
2023-10-18,78283.41860900086,414.8953857421875
2023-10-19,77893.61945440731,411.2499694824219
2023-10-20,76946.70320920044,406.1965026855469
2023-10-23,76681.29144148447,405.4924621582031
2023-10-24,77273.38262943532,408.54962158203125
2023-10-25,76406.3722903551,402.68603515625
2023-10-26,75747.19353583353,397.86407470703125
2023-10-27,75211.38289371147,396.0606384277344
2023-10-30,76180.94282464343,400.7958679199219
2023-10-31,76541.40995954852,403.3129577636719
2023-11-01,77125.20455565727,407.61419677734375
2023-11-02,78601.9137827487,415.4258117675781
2023-11-03,79242.66570982701,419.2159118652344
2023-11-06,79400.5559334833,420.1802978515625
2023-11-07,79348.7013904611,421.37615966796875
2023-11-08,79392.51843123458,421.6847839355469
2023-11-09,78723.49893901253,418.39617919921875
2023-11-10,79842.96033291056,424.9251403808594
2023-11-13,79942.60227945776,424.5201416015625
2023-11-14,81409.5685893901,432.7561340332031
2023-11-15,81732.94683356103,433.6723327636719
2023-11-16,81560.20036649023,434.20269775390625
2023-11-17,81892.68556416922,434.7427673339844
2023-11-20,82393.90587809547,438.08929443359375
2023-11-21,82113.82580891214,437.13446044921875
2023-11-22,82332.11582412613,438.8221740722656
2023-11-24,82513.68975738245,439.09222412109375
2023-11-27,82315.95148469489,438.3014831542969
2023-11-28,82469.99851180332,438.7353820800781
2023-11-29,82539.70944302429,438.4268493652344
2023-11-30,82958.07930510043,440.1530456542969
2023-12-01,83373.37142937726,442.7569885253906
2023-12-04,83120.42199851792,440.4327697753906
2023-12-05,82906.16536572679,440.34600830078125
2023-12-06,82585.87114056485,438.5715026855469
2023-12-07,83066.03560748883,441.91796875
2023-12-08,83430.4140853277,443.8178405761719
2023-12-11,83866.28737391921,445.5440673828125
2023-12-12,84010.66006951642,447.5789794921875
2023-12-13,85220.5535039954,453.75115966796875
2023-12-14,85935.38401202159,455.20745849609375
2023-12-15,86202.16897710109,454.45794677734375
2023-12-18,86520.35826715661,457.0142822265625
2023-12-19,87111.8794884752,459.7933349609375
2023-12-20,85894.63244302539,453.4218444824219
2023-12-21,86653.02128727532,457.7211608886719
2023-12-22,86891.4489058583,458.64105224609375
2023-12-26,87394.05936717762,460.5776062011719
2023-12-27,87574.3965273338,461.41046142578125
2023-12-28,87560.93331602107,461.584716796875
2023-12-29,87360.72148531635,460.2484130859375
2024-01-02,87279.81839466371,457.6727294921875
2024-01-03,86712.13840989752,453.9350280761719
2024-01-04,86616.4698962317,452.472900390625
2024-01-05,86928.11747723953,453.0926208496094
2024-01-08,87674.74898879344,459.5609130859375
2024-01-09,87368.95576048356,458.86370849609375
2024-01-10,87663.2778403159,461.4588317871094
2024-01-11,87464.45019781083,461.2554626464844
2024-01-12,87504.25827915277,461.57501220703125
2024-01-16,86927.74228774154,459.8804931640625
2024-01-17,86460.84379286533,457.32415771484375
2024-01-18,87052.57806619782,461.39105224609375
2024-01-19,88214.29563821708,467.142822265625
2024-01-22,88425.8414560024,468.1305236816406
2024-01-23,88602.21827904416,469.49578857421875
2024-01-24,88751.95848675385,470.009033203125
2024-01-25,89266.55256410124,472.5653381347656
2024-01-26,89174.8992336886,471.96502685546875
2024-01-29,89665.14489134806,475.7026672363281
2024-01-30,89704.68114085386,475.33477783203125
2024-01-31,88678.77547190624,467.57855224609375
2024-02-01,89519.65050382822,473.6983337402344
2024-02-02,90225.19892175532,478.6850891113281
2024-02-05,89862.2727218753,476.942138671875
2024-02-06,89992.90635007541,478.32684326171875
2024-02-07,90549.76432078033,482.3162841796875
2024-02-08,90592.28431061901,482.529296875
2024-02-09,90807.69870686959,485.31805419921875
2024-02-12,91100.51283738374,485.1049499511719
2024-02-13,89942.2015487445,478.42364501953125
2024-02-14,90766.22522741524,482.77142333984375
2024-02-15,91711.6370275161,486.10235595703125
2024-02-16,91399.30761205843,483.6816101074219
2024-02-20,90971.46005056123,481.01873779296875
2024-02-21,91162.37242836844,481.4544372558594
2024-02-22,92705.79909730093,491.41845703125
2024-02-23,92847.5357519707,491.7573547363281
2024-02-26,92649.05016647467,489.9562683105469
2024-02-27,92788.86850043674,490.866455078125
2024-02-28,92725.90136816853,490.21771240234375
2024-02-29,93084.01947207718,491.98004150390625
2024-03-01,93884.68914131875,496.5989074707031
2024-03-04,94179.91074084082,496.0662536621094
2024-03-05,93399.3632547878,491.1085205078125
2024-03-06,94099.47328709855,493.5970764160156
2024-03-07,95131.44330136207,498.49676513671875
2024-03-08,94251.84489950012,495.5046691894531
2024-03-11,94080.75126129732,495.07861328125
2024-03-12,95185.1098522795,500.4043884277344
2024-03-13,95056.90351508306,499.6199951171875
2024-03-14,94551.47457689764,498.63232421875
2024-03-15,94139.37978437121,495.20843505859375
2024-03-18,94681.35864627235,498.1515197753906
2024-03-19,95144.82132074714,500.91986083984375
2024-03-20,96079.73978285404,505.5530090332031
2024-03-21,96775.82334795049,507.22369384765625
2024-03-22,96408.94433775295,506.2621154785156
2024-03-25,96075.75559865215,504.8634033203125
2024-03-26,95780.78857341147,503.930908203125
2024-03-27,96743.22309867392,508.16583251953125
2024-03-28,96816.75273165846,508.0687561035156
2024-04-01,96641.88973183304,507.1847229003906
2024-04-02,95935.12296207999,503.9600830078125
2024-04-03,95989.16922604774,504.513671875
2024-04-04,94938.82707300228,498.35552978515625
2024-04-05,95782.28367931941,503.561767578125
2024-04-08,95800.44913954804,503.8434143066406
2024-04-09,95927.74713591946,504.4263000488281
2024-04-10,94946.27896782378,499.3753662109375
2024-04-11,95382.83031296139,503.1441345214844
2024-04-12,94005.96895707553,496.19915771484375
2024-04-15,93350.4372451149,489.98272705078125
2024-04-16,93036.44507474302,489.089111328125
2024-04-17,92796.80854279872,486.194580078125
2024-04-18,92664.13234098183,485.19415283203125
2024-04-19,92459.31189338553,480.9591064453125
2024-04-22,93224.99704444091,485.38836669921875
2024-04-23,94263.8885918907,491.1482849121094
2024-04-24,94306.456809477,490.91522216796875
2024-04-25,93778.39340146483,489.05023193359375
2024-04-26,94285.14994408123,493.6834716796875
2024-04-29,94625.33233437249,495.4317932128906
2024-04-30,93410.05833367973,487.58355712890625
2024-05-01,93313.18196863164,486.0002746582031
2024-05-02,93993.25764156487,490.54608154296875
2024-05-03,94840.68443379583,496.62652587890625
2024-05-06,95713.88980485659,501.75518798828125
2024-05-07,95994.65424609653,502.3087463378906
2024-05-08,96169.90674242369,502.3573303222656
2024-05-09,96706.56511295155,505.2518615722656
2024-05-10,96897.56966527092,505.90277099609375
2024-05-13,96795.17253435115,505.9705810546875
2024-05-14,97272.42729366756,508.2921447753906
2024-05-15,98286.84674526358,514.5863037109375
2024-05-16,98148.2866210701,513.5274658203125
2024-05-17,98306.81061146325,514.2657470703125
2024-05-20,98134.10973500484,514.8582763671875
2024-05-21,98521.48364442574,516.12109375
2024-05-22,98123.42238634657,514.6348266601562
2024-05-23,97173.74913555941,510.8758544921875
2024-05-24,97711.70635894532,514.2559814453125
2024-05-28,97506.15974011132,514.6154174804688
2024-05-29,96522.67775189778,511.0118103027344
2024-05-30,96418.06057228382,507.62200927734375
2024-05-31,97286.47804566391,512.2454223632812
2024-06-03,97215.15676702313,512.6629638671875
2024-06-04,97393.51194143214,513.2362060546875
2024-06-05,98153.33814946626,519.3359985351562
2024-06-06,98116.4921619542,519.3262939453125
2024-06-07,98087.35211944123,518.695068359375
2024-06-10,98336.26131763241,520.2976684570312
2024-06-11,98012.61116557517,521.5505981445312
2024-06-12,98547.22794922198,525.8341674804688
2024-06-13,98792.70567625522,526.8930053710938
2024-06-14,98766.5373914942,527.2135620117188
2024-06-17,99639.67620862814,531.4095458984375
2024-06-18,100048.29034344261,532.7596435546875
2024-06-20,100018.80271650117,531.3125610351562
2024-06-21,99767.87654966411,530.6001586914062
2024-06-24,99936.96541257534,528.8753662109375
2024-06-25,99720.98395467101,530.9119262695312
2024-06-26,99706.86467166187,531.5745849609375
2024-06-27,99702.83711941741,532.41259765625
2024-06-28,99721.17951657719,530.3173828125
2024-07-01,100111.73416630988,531.4088745117188
2024-07-02,100772.89978201932,534.985107421875
2024-07-03,101079.30038739933,537.3726196289062
2024-07-05,101427.90827924832,540.4713745117188
2024-07-08,101608.09227993316,541.094970703125
2024-07-09,101766.00061036361,541.6211547851562
2024-07-10,102686.92404921194,546.980712890625
2024-07-11,102238.13815002255,542.2643432617188
2024-07-12,102525.88976419387,545.6845703125
2024-07-15,102849.37282905472,547.1852416992188
2024-07-16,104076.5120657946,550.43017578125
2024-07-17,103824.3110384902,542.7125854492188
2024-07-18,102894.29157962065,538.5418701171875
2024-07-19,102227.95029363748,534.965576171875
2024-07-22,102740.55871611573,540.481201171875
2024-07-23,102454.00935014687,539.6332397460938
2024-07-24,100961.0833344093,527.4037475585938
2024-07-25,100758.14924294979,524.6558227539062
2024-07-26,102279.388405527,530.5319213867188
2024-07-29,102083.20065576505,530.8438110351562
2024-07-30,101833.74971045932,528.1541748046875
2024-07-31,103021.2237420362,536.7391357421875
2024-08-01,101744.18136587895,529.138427734375
2024-08-02,99591.21384290261,519.28662109375
2024-08-05,97114.80595050493,504.16314697265625
2024-08-06,98045.69726035636,508.8114013671875
2024-08-07,97300.26655290602,505.41046142578125
2024-08-08,99332.92635253082,517.09423828125
2024-08-09,99686.42435272675,519.3743286132812
2024-08-12,99394.17697462953,519.6472778320312
2024-08-13,100669.99746875993,528.193115234375
2024-08-14,101088.22142462654,529.8595581054688
2024-08-15,102517.12283766446,538.9413452148438
2024-08-16,102840.64406087431,540.14990234375
2024-08-19,103568.92407624083,545.3142700195312
2024-08-20,103399.79865713044,544.4276123046875
2024-08-21,103679.01822464047,546.298583984375
2024-08-22,103068.75969766741,542.0109252929688
2024-08-23,104257.22394153776,547.7699584960938
2024-08-26,104260.90627333325,546.4642333984375
2024-08-27,104315.5497713709,547.2146606445312
2024-08-28,103931.22272852359,544.0377807617188
2024-08-29,104288.70388679144,544.0864868164062
2024-08-30,105373.46937616426,549.2802734375
2024-09-03,103624.51944045212,537.9767456054688
2024-09-04,103622.60965648362,536.8756103515625
2024-09-05,103201.14922887002,535.5698852539062
2024-09-06,101554.27930831144,526.5562133789062
2024-09-09,102825.37445369629,532.4515380859375
2024-09-10,103213.84780589984,534.770751953125
2024-09-11,103828.66068462313,540.2570190429688
2024-09-12,104372.98493971144,544.8075561523438
2024-09-13,105090.24885785951,547.653076171875
2024-09-16,105796.1684131775,548.4618530273438
2024-09-17,105800.57528926717,548.6859130859375
2024-09-18,105535.41067246466,547.0586547851562
2024-09-19,106992.0463656705,556.3938598632812
2024-09-20,106965.57723378371,555.4320678710938
2024-09-23,107311.39935490549,556.8200073242188
2024-09-24,107427.47418390913,558.413330078125
2024-09-25,107036.07669919264,557.1817016601562
2024-09-26,107433.06784816478,559.3907470703125
2024-09-27,107504.28422673988,558.5794677734375
2024-09-30,107882.39113312919,560.81787109375
2024-10-01,107430.86623572333,555.7938232421875
2024-10-02,107525.39190052045,556.0283203125
2024-10-03,107133.60534052766,555.0117797851562
2024-10-04,108079.063900556,560.055419921875
2024-10-07,107284.12188920716,554.9921875
2024-10-08,107910.53907139617,560.2410888671875
2024-10-09,108867.17157488233,564.1215209960938
2024-10-10,108379.43670415951,563.1343383789062
2024-10-11,109369.93288403594,566.5065307617188
2024-10-14,109966.14394413188,571.1396484375
2024-10-15,109312.41343793202,566.7020263671875
2024-10-16,110163.19829118978,569.1651611328125
2024-10-17,110138.1947375208,569.214111328125
2024-10-18,110360.65233821559,571.4035034179688
2024-10-21,109724.35863521088,570.4652099609375
2024-10-22,109454.75824453458,570.1622314453125
2024-10-23,108972.20391188086,564.9522705078125
2024-10-24,109000.11051048139,566.1741943359375
2024-10-25,108453.16394133381,565.9786987304688
2024-10-28,108896.90203114836,567.7283935546875
2024-10-29,108711.79160236877,568.6471557617188
2024-10-30,108297.19575633355,566.9268188476562
2024-10-31,107419.6506421387,555.8133544921875
2024-11-01,107683.56704944411,558.1591186523438
2024-11-04,107216.6137621334,556.9569091796875
2024-11-05,108333.05106337632,563.6915893554688
2024-11-06,111650.23138931,577.7080078125
2024-11-07,111758.67729602696,582.1749267578125
2024-11-08,112588.9682634066,584.6966552734375
2024-11-11,112995.3143064853,585.2538452148438
2024-11-12,112148.38832122179,583.4358520507812
2024-11-13,112191.29913578926,583.7192993164062
2024-11-14,111544.36114199141,579.9659423828125
2024-11-15,110880.57325258291,572.5372924804688
2024-11-18,111576.99520034078,574.8832397460938
2024-11-19,111517.14106665368,576.9846801757812
2024-11-20,111512.55202158415,577.1801147460938
2024-11-21,112199.65514374939,580.2786254882812
2024-11-22,113001.49092310687,582.0772094726562
2024-11-25,113494.41512094696,584.0516967773438
2024-11-26,113948.54917921864,587.1012573242188
2024-11-27,113621.42191780084,585.3223876953125
2024-11-29,114165.71314633676,588.9583129882812
2024-12-02,114005.38841608563,590.0139770507812
2024-12-03,113922.80898065648,590.2876586914062
2024-12-04,113988.43166649375,593.9530029296875
2024-12-05,113980.54600620731,592.9756469726562
2024-12-06,114371.9914633422,594.0997924804688
2024-12-09,113651.20835325954,591.0403442382812
2024-12-10,113415.3235998415,589.2026977539062
2024-12-11,113858.5170246955,593.7576293945312
2024-12-12,113258.70849391015,590.6983032226562
2024-12-13,113652.07330785936,590.5809326171875
2024-12-16,113916.77313127459,593.1027221679688
2024-12-17,113462.97748110948,590.6591186523438
2024-12-18,110319.80558986324,573.055419921875
2024-12-19,110387.43505653185,572.87939453125
2024-12-20,111346.28170901275,579.7604370117188
2024-12-23,112075.95636374313,583.2321166992188
2024-12-24,113429.56880787601,589.7146606445312
2024-12-26,113455.33129912372,589.7539672851562
2024-12-27,112461.59650653634,583.5458374023438
2024-12-30,111253.8889276793,576.88671875
