date,nav,spy
2010-01-04,10000.0,84.36898803710938
2010-01-05,10001.845257078618,84.59231567382812
2010-01-06,10002.505387746647,84.65186309814453
2010-01-07,10028.503894333739,85.00921630859375
2010-01-08,10061.363708483621,85.2921142578125
2010-01-11,10061.219676744477,85.41119384765625
2010-01-12,9969.563607628383,84.6146469116211
2010-01-13,10061.413980166792,85.32933044433594
2010-01-14,10082.099686957423,85.56011199951172
2010-01-15,9990.32233319753,84.5997314453125
2010-01-19,10096.624124263548,85.65687561035156
2010-01-20,10014.059163609518,84.78585815429688
2010-01-21,9819.782356889604,83.15550231933594
2010-01-22,9555.95740593618,81.30180358886719
2010-01-25,9575.378318914018,81.71870422363281
2010-01-26,9544.798998749697,81.37628173828125
2010-01-27,9628.189955679512,81.76338958740234
2010-01-28,9542.566167041892,80.82537078857422
2010-01-29,9438.702158820188,79.9468994140625
2010-02-01,9538.322862654755,81.19017028808594
2010-02-02,9634.987762879126,82.1728515625
2010-02-03,9613.353268352112,81.76338958740234
2010-02-04,9328.665510030713,79.23968505859375
2010-02-05,9352.989345903228,79.4034652709961
2010-02-08,9285.013045431697,78.83024597167969
2010-02-09,9403.033324086695,79.82036590576172
2010-02-10,9396.68767881961,79.66402435302734
2010-02-11,9509.596938468027,80.497802734375
2010-02-12,9491.517390184983,80.43082427978516
2010-02-16,9650.503404374791,81.6963882446289
2010-02-17,9684.000674702007,82.08351135253906
2010-02-18,9738.504824781989,82.5673828125
2010-02-19,9744.345176073253,82.73860168457031
2010-02-22,9723.500002842013,82.75350189208984
2010-02-23,9619.82585325543,81.7485122680664
2010-02-24,9705.55038651866,82.50039672851562
2010-02-25,9664.704834056638,82.38874816894531
2010-02-26,9671.615821588633,82.44085693359375
2010-03-01,9783.862868464768,83.2969741821289
2010-03-02,9797.624994496784,83.52774047851562
2010-03-03,9793.556379320267,83.60220336914062
2010-03-04,9847.888704079736,83.85530090332031
2010-03-05,9968.41349292589,85.05390167236328
2010-03-08,9977.899005026198,85.06876373291016
2010-03-09,9992.703989903612,85.21018981933594
2010-03-10,10041.872391788553,85.58988189697266
2010-03-11,10073.580865236967,85.94720458984375
2010-03-12,10078.836313596128,85.95466613769531
2010-03-15,10082.867296719432,85.97698974609375
2010-03-16,10139.456426801948,86.66190338134766
2010-03-17,10197.793640666205,87.17554473876953
2010-03-18,10205.38351229515,87.13088989257812
2010-03-19,10151.538583408626,86.68985748291016
2010-03-22,10201.885912446598,87.1533203125
2010-03-23,10278.357545073291,87.76627349853516
2010-03-24,10212.766953929528,87.34019470214844
2010-03-25,10253.52316094931,87.19819641113281
2010-03-26,10251.504467180252,87.14585876464844
2010-03-29,10299.15220214766,87.69902038574219
2010-03-30,10318.043486381199,87.75880432128906
2010-03-31,10278.38690821542,87.45982360839844
2010-04-01,10341.607952673388,88.05783081054688
2010-04-05,10412.647733514754,88.77545928955078
2010-04-06,10446.742464016343,88.9847412109375
2010-04-07,10395.084210893223,88.47642517089844
2010-04-08,10434.340173894334,88.78288269042969
2010-04-09,10484.073559212762,89.36598205566406
2010-04-12,10518.80038528268,89.50799560546875
2010-04-13,10545.836577843958,89.57533264160156
2010-04-14,10678.03856667776,90.59188842773438
2010-04-15,10695.01037341549,90.66664123535156
2010-04-16,10491.979534255572,89.22396087646484
2010-04-19,10527.471149029085,89.5603256225586
2010-04-20,10596.994797019133,90.36019897460938
2010-04-21,10568.693092491818,90.19572448730469
2010-04-22,10631.797868292642,90.4648208618164
2010-04-23,10690.193290557134,91.05535125732422
2010-04-26,10668.394185849087,90.71150970458984
2010-04-27,10437.752297499506,88.5661392211914
2010-04-28,10487.177533861048,89.2388916015625
2010-04-29,10647.108454382866,90.34522247314453
2010-04-30,10439.408506841692,88.81281280517578
2010-05-03,10563.177274296086,89.96399688720703
2010-05-04,10329.755512203115,87.8485107421875
2010-05-05,10257.658941830514,87.32525634765625
2010-05-06,9943.266014598998,84.42487335205078
2010-05-07,9785.91131851287,83.1690444946289
2010-05-10,10196.281750300168,86.83189392089844
2010-05-11,10156.100444815595,86.5851821899414
2010-05-12,10326.886979592025,87.79619598388672
2010-05-13,10218.660684266406,86.70479583740234
2010-05-14,9971.801912575289,85.135009765625
2010-05-17,10000.539208923716,85.17987060546875
2010-05-18,9814.197441332783,84.02123260498047
2010-05-19,9776.57064530481,83.54283142089844
2010-05-20,9443.338301019063,80.38827514648438
2010-05-21,9590.378798356454,81.5618896484375
2010-05-24,9486.79473286605,80.5153579711914
2010-05-25,9510.20660253142,80.59757995605469
2010-05-26,9449.027800833654,80.1116714477539
2010-05-27,9734.41530707964,82.79528045654297
2010-05-28,9624.354080953615,81.75623321533203
2010-06-01,9488.987490286841,80.38078308105469
2010-06-02,9691.151225042579,82.47386169433594
2010-06-03,9720.127222533583,82.7579116821289
2010-06-04,9433.312635092458,79.85005187988281
2010-06-07,9323.647543552966,78.85584259033203
2010-06-08,9401.227140776056,79.7005615234375
2010-06-09,9350.820381567166,79.27448272705078
2010-06-10,9601.312239870149,81.59176635742188
2010-06-11,9634.00440664974,81.98799133300781
2010-06-14,9620.608714788606,81.86085510253906
2010-06-15,9833.473825270357,83.72222137451172
2010-06-16,9848.181973509547,83.6922836303711
2010-06-17,9878.50414645666,83.82687377929688
2010-06-18,9889.810662136626,83.91775512695312
2010-06-21,9836.445069240039,83.6773910522461
2010-06-22,9707.6275936083,82.2954330444336
2010-06-23,9679.374234347619,82.04005432128906
2010-06-24,9529.47261523283,80.68061828613281
2010-06-25,9581.759296478387,81.01860809326172
2010-06-28,9547.566110023972,80.76322174072266
2010-06-29,9256.101083467436,78.26966094970703
2010-06-30,9153.773648069733,77.52608489990234
2010-07-01,9150.195234027131,77.18058776855469
2010-07-02,9112.669158961216,76.75994873046875
2010-07-06,9164.014121249003,77.2632064819336
2010-07-07,9463.456894837585,79.69668579101562
2010-07-08,9545.79395275301,80.48532104492188
2010-07-09,9628.343125819592,81.08619689941406
2010-07-12,9656.151066226697,81.1387710571289
2010-07-13,9808.639337940345,82.36300659179688
2010-07-14,9808.133293340297,82.35549926757812
2010-07-15,9818.315950982282,82.3780517578125
2010-07-16,9519.631814767286,80.10977935791016
2010-07-19,9579.324580145712,80.58295440673828
2010-07-20,9681.150620766422,81.47672271728516
2010-07-21,9562.736193424755,80.41773223876953
2010-07-22,9764.060672239379,82.2127914428711
2010-07-23,9814.359907111637,82.92633819580078
2010-07-26,9910.789082552214,83.79006958007812
2010-07-27,9915.839126797826,83.7825698852539
2010-07-28,9835.910395310297,83.24177551269531
2010-07-29,9780.636832317396,82.8362045288086
2010-07-30,9784.700548359808,82.82115936279297
2010-08-02,9967.914878417576,84.69132232666016
2010-08-03,9933.017195360266,84.28578186035156
2010-08-04,10002.285398696658,84.84908294677734
2010-08-05,9994.082908764,84.75894927978516
2010-08-06,9985.811182650266,84.41346740722656
2010-08-09,10061.142540955558,84.8641128540039
2010-08-10,10020.55937858599,84.40596008300781
2010-08-11,9775.622843484653,82.0926284790039
2010-08-12,9719.553292762628,81.58942413330078
2010-08-13,9687.329803060602,81.34906005859375
2010-08-16,9709.207816989729,81.31153869628906
2010-08-17,9804.678436414872,82.31045532226562
2010-08-18,9802.579161631698,82.46066284179688
2010-08-19,9659.10975916435,81.02609252929688
2010-08-20,9636.573423710299,80.76322174072266
2010-08-23,9582.509367674564,80.45530700683594
2010-08-24,9459.62585041015,79.26107788085938
2010-08-25,9502.85460169068,79.56900024414062
2010-08-26,9424.778038784149,79.03575897216797
2010-08-27,9565.37575187322,80.26000213623047
2010-08-30,9405.371299009543,79.09581756591797
2010-08-31,9404.54828454595,79.09581756591797
2010-09-01,9674.040591159624,81.46172332763672
2010-09-02,9760.64912903239,82.22032928466797
2010-09-03,9897.179888324239,83.28683471679688
2010-09-07,9813.718062690848,82.34797668457031
2010-09-08,9873.424692647512,82.92633819580078
2010-09-09,9904.19535493077,83.30935668945312
2010-09-10,9957.245777544615,83.72996520996094
2010-09-13,10072.486417634029,84.66133117675781
2010-09-14,10064.606710779966,84.60871887207031
2010-09-15,10097.312249224296,84.93168640136719
2010-09-16,10098.678525959484,84.90916442871094
2010-09-17,10133.706214057982,84.94086456298828
2010-09-20,10289.60638121337,86.23960876464844
2010-09-21,10290.60436575162,86.06600189208984
2010-09-22,10296.000635836079,85.64312744140625
2010-09-23,10223.467380550466,84.94843292236328
2010-09-24,10433.420287517136,86.70026397705078
2010-09-27,10386.452001233436,86.28494262695312
2010-09-28,10407.445572844088,86.58699798583984
2010-09-29,10404.793518738301,86.43596649169922
2010-09-30,10358.395418612694,86.17923736572266
2010-10-01,10408.190170580638,86.54169464111328
2010-10-04,10330.968137495143,85.892333984375
2010-10-05,10512.383548493539,87.6214370727539
2010-10-06,10511.91710139632,87.6139144897461
2010-10-07,10485.05360416014,87.5082015991211
2010-10-08,10524.100852198631,87.9990234375
2010-10-11,10526.716520926451,88.0820541381836
2010-10-12,10563.642559267406,88.35389709472656
2010-10-13,10622.510942983183,89.04103088378906
2010-10-14,10581.00087117316,88.69369506835938
2010-10-15,10592.84366331935,88.87493896484375
2010-10-18,10672.491607117721,89.31291198730469
2010-10-19,10536.142261994892,88.14247131347656
2010-10-20,10628.863093010319,89.00331115722656
2010-10-21,10676.681579021633,89.19961547851562
2010-10-22,10700.813209442465,89.3656997680664
2010-10-25,10714.63707350117,89.63005828857422
2010-10-26,10728.541858772316,89.64513397216797
2010-10-27,10706.259536551788,89.38842010498047
2010-10-28,10704.89649733353,89.40351104736328
2010-10-29,10695.470413101315,89.47145080566406
2010-11-01,10680.0311526919,89.50165557861328
2010-11-02,10766.529903199398,90.21148681640625
2010-11-03,10800.576676771589,90.57391357421875
2010-11-04,11002.15889460599,92.31816101074219
2010-11-05,11060.559055328189,92.66551971435547
2010-11-08,11015.103164609556,92.49186706542969
2010-11-09,10936.634177961938,91.82738494873047
2010-11-10,10981.989764973428,92.19734954833984
2010-11-11,10914.740496506889,91.85002136230469
2010-11-12,10801.261782649835,90.76265716552734
2010-11-15,10775.167099262479,90.6343002319336
2010-11-16,10630.239166531495,89.2222900390625
2010-11-17,10646.305929421713,89.26759338378906
2010-11-18,10792.013495949306,90.58148193359375
2010-11-19,10815.61100268392,90.83063507080078
2010-11-22,10804.946289161142,90.75513458251953
2010-11-23,10661.872430153227,89.4412612915039
2010-11-24,10801.469976329601,90.76265716552734
2010-11-26,10719.213859490077,89.70550537109375
2010-11-29,10735.072696943667,89.9773941040039
2010-11-30,10688.53910677169,89.47145080566406
2010-12-01,10912.754773622353,91.37432098388672
2010-12-02,11039.980052829093,92.54471588134766
2010-12-03,11063.540847841228,92.79389190673828
2010-12-06,11059.45392060085,92.69573211669922
2010-12-07,11061.943472191875,92.74856567382812
2010-12-08,11124.726109319845,93.0884017944336
2010-12-09,11180.923653295189,93.45084381103516
2010-12-10,11253.716372404804,93.99449920654297
2010-12-13,11253.304877168797,94.05490112304688
2010-12-14,11249.171317313589,94.13796997070312
2010-12-15,11190.640456791716,93.70755004882812
2010-12-16,11204.953109922744,94.25122833251953
2010-12-17,11196.792463934546,94.35218811035156
2010-12-20,11217.826543463654,94.57990264892578
2010-12-21,11286.41626607559,95.17955017089844
2010-12-22,11324.266755918095,95.4755859375
2010-12-23,11304.408348537188,95.33894348144531
2010-12-27,11322.424596098173,95.37692260742188
2010-12-28,11334.41333804335,95.51354217529297
2010-12-29,11339.041796580972,95.58187103271484
2010-12-30,11313.328537429927,95.43009185791016
2010-12-31,11324.06593591061,95.45282745361328
2011-01-03,11446.501812316927,96.43962097167969
2011-01-04,11455.813546109892,96.38650512695312
2011-01-05,11527.665912655553,96.8874740600586
2011-01-06,11544.501556908912,96.69770050048828
2011-01-07,11522.172601275897,96.50792694091797
2011-01-10,11520.130553625202,96.38650512695312
2011-01-11,11553.698025181626,96.72804260253906
2011-01-12,11680.977963213305,97.60100555419922
2011-01-13,11672.919199120553,97.44159698486328
2011-01-14,11782.690010712266,98.14755249023438
2011-01-18,11780.44433506017,98.31452941894531
2011-01-19,11662.668982411224,97.35050964355469
2011-01-20,11663.246305982411,97.22147369384766
2011-01-21,11676.076364658269,97.44159698486328
2011-01-24,11779.39864210678,97.99571990966797
2011-01-25,11777.944257166126,98.0488510131836
2011-01-26,11805.804293026398,98.42839050292969
2011-01-27,11908.071608280306,98.6712875366211
2011-01-28,11701.76434579382,96.94821166992188
2011-01-31,11757.650404256712,97.67688751220703
2011-02-01,11930.08721121355,99.2405776977539
2011-02-02,11907.264728150823,99.0508041381836
2011-02-03,11944.717040134294,99.27093505859375
2011-02-04,11982.006537322553,99.55178833007812
2011-02-07,12018.751394922238,100.17423248291016
2011-02-08,12087.084161698998,100.6296615600586
2011-02-09,12060.54062868231,100.4019546508789
2011-02-10,12040.857052629553,100.43993377685547
2011-02-11,12134.602551366299,101.03960418701172
2011-02-14,12182.512019643516,101.282470703125
2011-02-15,12150.031562834676,100.96366882324219
2011-02-16,12202.06205485626,101.6012954711914
2011-02-17,12255.660722955647,101.9048843383789
2011-02-18,12286.186529604533,102.11746215820312
2011-02-22,12023.036494188602,100.06797790527344
2011-02-23,11920.445195535427,99.453125
2011-02-24,11949.570662451228,99.38479614257812
2011-02-25,12039.685853415014,100.44750213623047
2011-02-28,12073.33267932276,101.06990051269531
2011-03-01,11883.214872563274,99.38479614257812
2011-03-02,11890.702729233024,99.59734344482422
2011-03-03,12088.92931623511,101.31285858154297
2011-03-04,12000.654548088247,100.55377960205078
2011-03-07,11907.320934522235,99.76432037353516
2011-03-08,11990.541124582802,100.63729095458984
2011-03-09,11968.004032231433,100.4930419921875
2011-03-10,11766.664238171357,98.63333129882812
2011-03-11,11825.321112090312,99.31649780273438
2011-03-14,11750.859871820965,98.71681213378906
2011-03-15,11632.65109939099,97.5857925415039
2011-03-16,11388.02725784146,95.77926635742188
2011-03-17,11526.020274849701,97.04686737060547
2011-03-18,11576.663098902054,97.39989471435547
2011-03-21,11740.901052537,98.9093246459961
2011-03-22,11719.77044916692,98.56627655029297
2011-03-23,11769.778146218454,98.84837341308594
2011-03-24,11889.127521868268,99.79369354248047
2011-03-25,11888.311183086545,100.09862518310547
2011-03-28,11903.609638126112,99.85464477539062
2011-03-29,11993.682775183222,100.52556610107422
2011-03-30,12079.45431909839,101.21932983398438
2011-03-31,12043.488366901816,101.08208465576172
2011-04-01,12115.846128041732,101.50899505615234
2011-04-04,12117.466551074835,101.59283447265625
2011-04-05,12122.883586594618,101.57763671875
2011-04-06,12185.554483281494,101.8978042602539
2011-04-07,12179.506121172117,101.63863372802734
2011-04-08,12139.346344743313,101.28791046142578
2011-04-11,12110.824351145591,100.98295593261719
2011-04-12,12029.748402456626,100.22820281982422
2011-04-13,12035.380398846844,100.22061157226562
2011-04-14,12032.384150875301,100.29684448242188
2011-04-15,12051.877013124562,100.66278839111328
2011-04-18,11928.251820532085,99.53446197509766
2011-04-19,11979.475380440163,100.10625457763672
2011-04-20,12125.045978448796,101.47090911865234
2011-04-21,12191.754686469581,101.98930358886719
2011-04-25,12176.714001086366,101.882568359375
2011-04-26,12252.272267296576,102.75928497314453
2011-04-27,12364.70117424015,103.43016052246094
2011-04-28,12385.458929886709,103.76564025878906
2011-04-29,12413.111447659858,104.00958251953125
2011-05-02,12407.05526781976,103.84950256347656
2011-05-03,12386.149069061761,103.47589111328125
2011-05-04,12334.819036328829,102.7897720336914
2011-05-05,12227.990003240697,101.85969543457031
2011-05-06,12294.486747362269,102.30947875976562
2011-05-09,12344.71015425375,102.70590209960938
2011-05-10,12431.18975374536,103.58264923095703
2011-05-11,12340.643511565366,102.49246215820312
2011-05-12,12402.866256021769,102.98037719726562
2011-05-13,12293.038555875797,102.18749237060547
2011-05-16,12199.717762373091,101.53950500488281
2011-05-17,12217.337234294424,101.52425384521484
2011-05-18,12295.379788177657,102.43146514892578
2011-05-19,12326.936896468984,102.6754379272461
2011-05-20,12231.28664079181,101.85969543457031
2011-05-23,12097.505433788805,100.67803955078125
2011-05-24,12068.29650196159,100.59416961669922
2011-05-25,12120.150546900883,100.92957305908203
2011-05-26,12161.346371952633,101.3946304321289
2011-05-27,12224.096148705945,101.78345489501953
2011-05-31,12354.032300633347,102.8431167602539
2011-06-01,12091.561651270033,100.533203125
2011-06-02,12084.305448009738,100.42646026611328
2011-06-03,11974.754408838719,99.42771911621094
2011-06-06,11849.729752855214,98.37566375732422
2011-06-07,11843.476001673711,98.31471252441406
2011-06-08,11796.058421039854,97.90301513671875
2011-06-09,11875.558817804469,98.6501235961914
2011-06-10,11721.198360150851,97.2778549194336
2011-06-13,11754.990498833422,97.35411834716797
2011-06-14,11885.752348211556,98.58914184570312
2011-06-15,11695.448973368526,96.835693359375
2011-06-16,11720.721019430894,97.04914855957031
2011-06-17,11737.94805181771,97.33878326416016
2011-06-20,11796.665699721474,97.8367691040039
2011-06-21,11953.607535643165,99.1775131225586
2011-06-22,11882.211761862074,98.57992553710938
2011-06-23,11877.551640621892,98.29646301269531
2011-06-24,11741.507512044293,97.15489959716797
2011-06-27,11843.792062456589,98.02064514160156
2011-06-28,11991.985772901242,99.30013275146484
2011-06-29,12130.15494012668,100.15052795410156
2011-06-30,12223.712405689294,101.1081771850586
2011-07-01,12437.82859493162,102.60218048095703
2011-07-05,12435.53544415552,102.5179214477539
2011-07-06,12464.24081810307,102.64049530029297
2011-07-07,12574.449703194427,103.70545196533203
2011-07-08,12489.090284857317,102.96995544433594
2011-07-11,12296.559081053912,101.1081771850586
2011-07-12,12220.33381789199,100.67152404785156
2011-07-13,12259.036657670342,101.00859832763672
2011-07-14,12182.699052877811,100.31141662597656
2011-07-15,12244.145637571879,100.8936767578125
2011-07-18,12149.440263547804,100.06627655029297
2011-07-19,12342.176259676351,101.69044494628906
2011-07-20,12355.661517999504,101.62918090820312
2011-07-21,12504.923847826032,103.0389175415039
2011-07-22,12511.065780613068,103.10787200927734
2011-07-25,12442.362776945665,102.5332260131836
2011-07-26,12370.134830833116,102.1501693725586
2011-07-27,12146.723731674248,100.05857849121094
2011-07-28,12111.317580833274,99.76744842529297
2011-07-29,12032.011955687529,99.0855941772461
2011-08-01,12016.480636108228,98.66419219970703
2011-08-02,11749.96193447219,96.14360046386719
2011-08-03,11857.840783107986,96.6645736694336
2011-08-04,11366.940877101422,92.13665008544922
2011-08-05,11347.681703973669,91.99872589111328
2011-08-08,10647.829307794722,86.00748443603516
2011-08-09,11150.972492871855,90.00677490234375
2011-08-10,10663.48977429828,86.03044128417969
2011-08-11,11136.04528640658,89.89183807373047
2011-08-12,11175.134863990694,90.49708557128906
2011-08-15,11395.842509012491,92.41244506835938
2011-08-16,11301.418534755529,91.6233139038086
2011-08-17,11320.056453554576,91.68462371826172
2011-08-18,10871.599156246955,87.73130798339844
2011-08-19,10732.620137452404,86.29859924316406
2011-08-22,10739.410367474227,86.36756134033203
2011-08-23,11118.085492421094,89.20994567871094
2011-08-24,11277.52403290507,90.46647644042969
2011-08-25,11119.438880175667,89.08741760253906
2011-08-26,11263.849272367923,90.38217163085938
2011-08-29,11522.002343208891,92.97940063476562
2011-08-30,11561.940549647708,93.22457122802734
2011-08-31,11595.445356344384,93.63829803466797
2011-09-01,11475.856500420457,92.65762329101562
2011-09-02,11208.846289711171,90.29023742675781
2011-09-06,11154.908603766698,89.63136291503906
2011-09-07,11450.344396680743,92.15962982177734
2011-09-08,11350.208279320992,91.20193481445312
2011-09-09,11071.937244282759,88.81156158447266
2011-09-12,11172.82353368559,89.38616180419922
2011-09-13,11268.1509655381,90.2059326171875
2011-09-14,11429.232578238049,91.45478820800781
2011-09-15,11586.411642004905,93.03301239013672
2011-09-16,11648.443326220233,93.58367919921875
2011-09-19,11552.176147260314,92.65184783935547
2011-09-20,11537.612101663502,92.54401397705078
2011-09-21,11254.511974342166,89.81782531738281
2011-09-22,10940.417938094997,86.91452026367188
2011-09-23,11043.624652363029,87.43817901611328
2011-09-26,11249.333889478168,89.51750946044922
2011-09-27,11326.019489067048,90.51864624023438
2011-09-28,11147.309614960493,88.67037200927734
2011-09-29,11223.929485778144,89.37117767333984
2011-09-30,10985.314192565944,87.13784790039062
2011-10-03,10727.07655307521,84.65811920166016
2011-10-04,10911.559131964466,86.51406860351562
2011-10-05,11072.960029635098,88.11589050292969
2011-10-06,11236.67902409398,89.71001434326172
2011-10-07,11190.414503046884,89.10931396484375
2011-10-10,11524.495305838378,92.08966827392578
2011-10-11,11515.654350346096,92.18207550048828
2011-10-12,11621.284633732153,92.99064636230469
2011-10-13,11621.378075993412,92.80584716796875
2011-10-14,11809.178731520571,94.3922348022461
2011-10-17,11601.039344671328,92.59020233154297
2011-10-18,11813.571626636547,94.39999389648438
2011-10-19,11666.291281283653,93.28328704833984
2011-10-20,11695.494074800125,93.6915054321289
2011-10-21,11878.335669855354,95.47042846679688
2011-10-24,12005.483399418683,96.6409912109375
2011-10-25,11705.665796951462,94.76191711425781
2011-10-26,11803.347939501757,95.72454833984375
2011-10-27,12159.375318849761,99.05917358398438
2011-10-28,12154.388029338197,99.03604125976562
2011-10-31,11873.841871783718,96.648681640625
2011-11-01,11573.664648896678,93.95333099365234
2011-11-02,11746.316701590493,95.48582458496094
2011-11-03,11997.41422431144,97.22627258300781
2011-11-04,11917.351750570113,96.63330078125
2011-11-07,12003.145352793417,97.2339859008789
2011-11-08,12150.662614627567,98.48153686523438
2011-11-09,11751.996622937984,94.84664916992188
2011-11-10,11834.712264840999,95.739990234375
2011-11-11,12065.985796574485,97.5420150756836
2011-11-14,11975.389703345834,96.61790466308594
2011-11-15,12016.36437674622,97.09532928466797
2011-11-16,11816.174175754097,95.5551528930664
2011-11-17,11649.287466759783,94.03802490234375
2011-11-18,11631.75675090589,93.93790435791016
2011-11-21,11433.866618863209,92.1512451171875
2011-11-22,11391.97813916398,91.789306640625
2011-11-23,11151.28693880295,89.76390075683594
2011-11-25,11110.540584352277,89.5945053100586
2011-11-28,11438.578311792367,92.18975067138672
2011-11-29,11486.9776333203,92.45159912109375
2011-11-30,11948.678418920534,96.25590515136719
2011-12-01,11952.864362172239,96.24055480957031
2011-12-02,11971.891828948148,96.15581512451172
2011-12-05,12067.373868980656,97.20315551757812
2011-12-06,12093.655891925937,97.2339859008789
2011-12-07,12162.627552212494,97.595947265625
2011-12-08,11935.618412289616,95.45500183105469
2011-12-09,12118.172001687606,97.07225036621094
2011-12-12,11952.676589343566,95.65525817871094
2011-12-13,11867.349734911963,94.76191711425781
2011-12-14,11750.181439320517,93.75306701660156
2011-12-15,11793.070834922388,94.09194946289062
2011-12-16,11837.070912506904,94.23143005371094
2011-12-19,11712.357310666232,93.22394561767578
2011-12-20,12053.26318612341,96.04491424560547
2011-12-21,12044.623024155637,96.23089599609375
2011-12-22,12144.621314646483,97.08340454101562
2011-12-23,12243.119882825,97.95140838623047
2011-12-27,12228.619433603677,98.02889251708984
2011-12-28,12088.278453742967,96.7424087524414
2011-12-29,12218.262175800946,97.7421646118164
2011-12-30,12157.962943946699,97.26165771484375
2012-01-03,12346.205728764236,98.8116455078125
2012-01-04,12350.606981913841,98.96663665771484
2012-01-05,12359.510358466814,99.23015594482422
2012-01-06,12329.022373591957,98.97441101074219
2012-01-09,12376.256588813221,99.21463775634766
2012-01-10,12457.008157311697,100.07489013671875
2012-01-11,12457.575944510276,100.12914276123047
2012-01-12,12489.059226233561,100.369384765625
2012-01-13,12399.498381450836,99.85010528564453
2012-01-17,12465.767121887588,100.23760223388672
2012-01-18,12643.441672333005,101.34587860107422
2012-01-19,12678.142138803087,101.88059997558594
2012-01-20,12655.121880403793,102.26036071777344
2012-01-23,12629.496618879568,101.99684143066406
2012-01-24,12621.639843175613,101.88059997558594
2012-01-25,12696.149301684849,102.73310852050781
2012-01-26,12684.265282329086,102.20611572265625
2012-01-27,12691.589194317203,102.15962219238281
2012-01-30,12667.085376276524,101.81085968017578
2012-01-31,12659.591459458918,101.77212524414062
2012-02-01,12757.193105264434,102.66336059570312
2012-02-02,12814.496274848514,102.82611846923828
2012-02-03,12975.59701322475,104.2676010131836
2012-02-06,12975.259726787372,104.1978530883789
2012-02-07,12994.408458009797,104.46133422851562
2012-02-08,13023.47673911851,104.77131652832031
2012-02-09,13030.936853131545,104.9030990600586
2012-02-10,12947.071957646087,104.12809753417969
2012-02-13,13023.203638226767,104.9030990600586
2012-02-14,13036.955831334113,104.77131652832031
2012-02-15,12966.383342352101,104.28307342529297
2012-02-16,13089.339614669223,105.43782043457031
2012-02-17,13138.814337716243,105.71684265136719
2012-02-21,13137.793783666937,105.76331329345703
2012-02-22,13090.574444789883,105.42234802246094
2012-02-23,13142.1238546895,105.8873291015625
2012-02-24,13152.375255169893,106.11982727050781
2012-02-27,13174.959840103027,106.29805755615234
2012-02-28,13241.420437086757,106.60806274414062
2012-02-29,13193.1389922795,106.18959045410156
2012-03-01,13271.06660994839,106.73981475830078
2012-03-02,13235.353920592841,106.41431427001953
2012-03-05,13171.841693718421,105.98033142089844
2012-03-06,12997.313058232034,104.43035125732422
2012-03-07,13098.490226789123,105.15882873535156
2012-03-08,13215.15305713898,106.20508575439453
2012-03-09,13262.225705866213,106.61580657958984
2012-03-12,13274.491113668582,106.62358093261719
2012-03-13,13501.539850888774,108.54554748535156
2012-03-14,13481.868484284418,108.42933654785156
2012-03-15,13563.939810054502,109.05701446533203
2012-03-16,13568.967125267518,109.20805358886719
2012-03-19,13642.552291867189,109.63617706298828
2012-03-20,13618.725964727357,109.3170394897461
2012-03-21,13601.098770820548,109.13800048828125
2012-03-22,13522.456188453501,108.351806640625
2012-03-23,13560.073324907577,108.70211791992188
2012-03-26,13771.158162872985,110.22777557373047
2012-03-27,13738.696672954531,109.88524627685547
2012-03-28,13702.163118323866,109.34037780761719
2012-03-29,13673.523558891717,109.153564453125
2012-03-30,13727.562011367698,109.60502624511719
2012-04-02,13793.95382077185,110.40679931640625
2012-04-03,13757.041433629276,109.95527648925781
2012-04-04,13607.687882681603,108.86557006835938
2012-04-05,13613.434536564499,108.81108856201172
2012-04-09,13466.677077965007,107.58899688720703
2012-04-10,13249.647929206581,105.78311920166016
2012-04-11,13347.234140416977,106.63935852050781
2012-04-12,13510.499215717164,108.03267669677734
2012-04-13,13356.709180676597,106.74836730957031
2012-04-16,13368.31419685863,106.67832946777344
2012-04-17,13545.661022954477,108.25843048095703
2012-04-18,13497.348593402046,107.89260864257812
2012-04-19,13407.743877993944,107.19982147216797
2012-04-20,13440.998112758043,107.37883758544922
2012-04-23,13309.513430973831,106.4759292602539
2012-04-24,13342.240863334682,106.88064575195312
2012-04-25,13494.269294443513,108.34407043457031
2012-04-26,13568.934448659053,109.0990982055664
2012-04-27,13615.499563976739,109.27812957763672
2012-04-30,13570.392703183545,108.87333679199219
2012-05-01,13632.9082332,109.55056762695312
2012-05-02,13609.783351252325,109.22362518310547
2012-05-03,13489.907672383346,108.3907241821289
2012-05-04,13295.07982794007,106.63935852050781
2012-05-07,13316.493690844887,106.71723937988281
2012-05-08,13264.757889955032,106.28912353515625
2012-05-09,13166.249880538075,105.65859985351562
2012-05-10,13219.489997135035,105.87655639648438
2012-05-11,13193.511155158289,105.55740356445312
2012-05-14,13062.733502335379,104.38980865478516
2012-05-15,13011.667386117146,103.79046630859375
2012-05-16,12986.331681037973,103.39350128173828
2012-05-17,12827.100342455511,101.86006164550781
2012-05-18,12721.650036235495,100.98827362060547
2012-05-21,12843.645387801502,102.72407531738281
2012-05-22,12860.609396552776,102.90309143066406
2012-05-23,12899.880936623997,102.95758819580078
2012-05-24,12914.272359413939,103.15995788574219
2012-05-25,12879.718212261527,102.82523345947266
2012-05-29,13011.716171689832,104.07073974609375
2012-05-30,12851.042069252548,102.56061553955078
2012-05-31,12825.24054059157,102.3348617553711
2012-06-01,12538.982650140124,99.75841522216797
2012-06-04,12555.384204331183,99.71173095703125
2012-06-05,12616.427754461032,100.46676635742188
2012-06-06,12897.450783243246,102.72407531738281
2012-06-07,12896.502937299503,102.7863540649414
2012-06-08,13014.464594709923,103.60367584228516
2012-06-11,12875.120744263259,102.28816986083984
2012-06-12,13023.6347663817,103.46353912353516
2012-06-13,12963.085477740588,102.80191040039062
2012-06-14,13089.183514001115,103.89163970947266
2012-06-15,13211.001059885517,104.95416259765625
2012-06-18,13237.815021679044,105.1576156616211
2012-06-19,13357.222332037378,106.17475128173828
2012-06-20,13350.317951985218,106.00267028808594
2012-06-21,13103.30018203611,103.6240463256836
2012-06-22,13222.524742179716,104.42215728759766
2012-06-25,13029.931106897047,102.74775695800781
2012-06-26,13082.710605099104,103.26417541503906
2012-06-27,13190.782092258516,104.19522857666016
2012-06-28,13156.0222131539,103.89794158935547
2012-06-29,13458.07153140205,106.48772430419922
2012-07-02,13484.693062599472,106.80854034423828
2012-07-03,13536.086772679046,107.51271057128906
2012-07-05,13503.765089865507,107.02762603759766
2012-07-06,13403.930979756922,106.01046752929688
2012-07-09,13400.07123586506,105.87744903564453
2012-07-10,13305.890908842312,104.95416259765625
2012-07-11,13293.715937030953,104.9698715209961
2012-07-12,13253.975703233915,104.46125793457031
2012-07-13,13463.644777301024,106.2138671875
2012-07-16,13451.658521525891,105.96351623535156
2012-07-17,13512.871950285195,106.69120788574219
2012-07-18,13606.562795253596,107.48139953613281
2012-07-19,13624.966112573742,107.76307678222656
2012-07-20,13507.199623404562,106.7772216796875
2012-07-23,13402.449339698578,105.69747924804688
2012-07-24,13266.07347351076,104.78990173339844
2012-07-25,13245.028244311714,104.8133773803711
2012-07-26,13456.843710947882,106.54253387451172
2012-07-27,13730.541965383822,108.50635528564453
2012-07-30,13692.687363759942,108.50635528564453
2012-07-31,13634.643941366145,107.7474136352539
2012-08-01,13579.162159248903,107.65352630615234
2012-08-02,13461.200640509596,106.91027069091797
2012-08-03,13673.904589693175,109.03058624267578
2012-08-06,13692.204945009255,109.24189758300781
2012-08-07,13739.319805342786,109.78955841064453
2012-08-08,13743.71647803394,109.92259216308594
2012-08-09,13763.642377900009,110.01646423339844
2012-08-10,13798.675649554165,110.19642639160156
2012-08-13,13781.539636268939,110.14169311523438
2012-08-14,13789.21658405075,110.15731048583984
2012-08-15,13816.792893816657,110.28248596191406
2012-08-16,13919.873455783894,111.09619140625
2012-08-17,13910.310859741301,111.2448501586914
2012-08-20,13888.945654052297,111.25269317626953
2012-08-21,13840.518860952161,110.916259765625
2012-08-22,13852.675543497899,110.96322631835938
2012-08-23,13770.552389257451,110.05561065673828
2012-08-24,13866.991606936423,110.72065734863281
2012-08-27,13853.420276825891,110.744140625
2012-08-28,13846.666448186184,110.63458251953125
2012-08-29,13866.359671228101,110.72065734863281
2012-08-30,13766.370536673627,109.92259216308594
2012-08-31,13836.279583076344,110.44679260253906
2012-09-04,13791.430860727602,110.34504699707031
2012-09-05,13768.625793904797,110.2511215209961
2012-09-06,14042.272911898717,112.4888687133789
2012-09-07,14058.678130569202,112.9271240234375
2012-09-10,13958.96902863733,112.28549194335938
2012-09-11,13996.898812666808,112.59844970703125
2012-09-12,14027.19697399976,112.97402954101562
2012-09-13,14255.587160942336,114.69535064697266
2012-09-14,14261.619562462865,115.20394134521484
2012-09-17,14239.402496388067,114.81275177001953
2012-09-18,14235.984416538724,114.71878051757812
2012-09-19,14258.873144178322,114.78142547607422
2012-09-20,14268.113358465787,114.78923797607422
2012-09-21,14269.040903265599,114.74127197265625
2012-09-24,14259.217749689464,114.56822204589844
2012-09-25,14125.221068568853,113.34900665283203
2012-09-26,14073.144889182035,112.71183013916016
2012-09-27,14194.062571686565,113.7737808227539
2012-09-28,14141.004756190108,113.24674224853516
2012-10-01,14216.810241452058,113.54562377929688
2012-10-02,14221.457162801018,113.66361236572266
2012-10-03,14314.767281926688,114.12770080566406
2012-10-04,14444.698697806936,114.94580841064453
2012-10-05,14454.772436339088,114.95362091064453
2012-10-08,14436.908727513211,114.56034088134766
2012-10-09,14296.149286835038,113.42765808105469
2012-10-10,14199.826510947207,112.7039566040039
2012-10-11,14197.736144346545,112.76691436767578
2012-10-12,14138.544916024117,112.39718627929688
2012-10-15,14283.047185505922,113.33328247070312
2012-10-16,14413.234564954024,114.4816665649414
2012-10-17,14476.60473718988,115.00081634521484
2012-10-18,14426.508088090402,114.70199584960938
2012-10-19,14207.08545042516,112.7905044555664
2012-10-22,14192.648011447085,112.80623626708984
2012-10-23,14034.31465113626,111.24091339111328
2012-10-24,13950.810974247595,110.92626953125
2012-10-25,13984.883665357404,111.24877166748047
2012-10-26,14004.710614464597,111.18584442138672
2012-10-31,14033.245402359993,111.18584442138672
2012-11-01,14201.045420311679,112.3499984741211
2012-11-02,14089.893609061344,111.35102844238281
2012-11-05,14130.208499310489,111.57913970947266
2012-11-06,14239.921355303575,112.4522705078125
2012-11-07,13904.609281028119,109.90369415283203
2012-11-08,13772.79853875623,108.58222198486328
2012-11-09,13792.489820541268,108.67656707763672
2012-11-12,13806.069812196756,108.76310729980469
2012-11-13,13759.859891972535,108.38555145263672
2012-11-14,13579.906069334444,106.92243194580078
2012-11-15,13544.40014182732,106.74154663085938
2012-11-16,13599.885254660998,107.26860809326172
2012-11-19,13858.504544960942,109.43956756591797
2012-11-20,13887.693934328863,109.48680114746094
2012-11-21,13921.561428435447,109.69129943847656
2012-11-23,14079.870627858681,111.18584442138672
2012-11-26,14060.141203683936,110.94985961914062
2012-11-27,13992.044446558435,110.38348388671875
2012-11-28,14128.147276149391,111.27240753173828
2012-11-29,14188.487555735808,111.79149627685547
2012-11-30,14214.985153762045,111.81512451171875
2012-12-03,14150.366360154238,111.26449584960938
2012-12-04,14141.344689579528,111.10718536376953
2012-12-05,14210.344203756533,111.30382537841797
2012-12-06,14252.309532925365,111.68143463134766
2012-12-07,14291.980985847145,112.0196304321289
2012-12-10,14298.514424796285,112.06681060791016
2012-12-11,14402.296548476459,112.82982635498047
2012-12-12,14399.308256050663,112.88490295410156
2012-12-13,14316.597336910703,112.19267272949219
2012-12-14,14235.239552846426,111.77574157714844
2012-12-17,14424.103038412324,113.08939361572266
2012-12-18,14579.668680431441,114.34799194335938
2012-12-19,14464.910318856448,113.49844360351562
2012-12-20,14544.602480140753,114.15132904052734
2012-12-21,14407.148573093385,113.11515808105469
2012-12-24,14371.712652651271,112.76659393310547
2012-12-26,14320.252037920423,112.29129028320312
2012-12-27,14290.9502230078,112.14077758789062
2012-12-28,14141.420607188073,110.92875671386719
2012-12-31,14344.89398875216,112.81411743164062
2013-01-02,14736.575724249422,115.70556640625
2013-01-03,14732.3006619782,115.4441146850586
2013-01-04,14801.434430617634,115.951171875
2013-01-07,14784.528006680344,115.63428497314453
2013-01-08,14718.757538741898,115.30158233642578
2013-01-09,14768.53951506937,115.59469604492188
2013-01-10,14880.743009092486,116.51363372802734
2013-01-11,14883.304089834759,116.50564575195312
2013-01-14,14876.152303222363,116.42647552490234
2013-01-15,14868.306686260223,116.50564575195312
2013-01-16,14859.151076555532,116.48980712890625
2013-01-17,14917.681188535405,117.24240112304688
2013-01-18,14960.041478975207,117.50382995605469
2013-01-22,15018.0629507264,118.13755798339844
2013-01-23,15050.270619421843,118.32767486572266
2013-01-24,15229.213374058425,118.35938262939453
2013-01-25,15359.543025147717,119.02478790283203
2013-01-28,15327.02320064622,118.8822021484375
2013-01-29,15430.255956795909,119.34960174560547
2013-01-30,15390.790760359256,118.8822021484375
2013-01-31,15352.915998548599,118.58906555175781
2013-02-01,15503.637737506333,119.80904388427734
2013-02-04,15361.245207651104,118.46237182617188
2013-02-05,15527.090458263929,119.6585693359375
2013-02-06,15565.84616954151,119.74563598632812
2013-02-07,15517.113854040015,119.58722686767578
2013-02-08,15579.71681300215,120.25267028808594
2013-02-11,15557.243927917092,120.22889709472656
2013-02-12,15587.571956514721,120.42699432373047
2013-02-13,15624.835910236081,120.52991485595703
2013-02-14,15659.617152947769,120.64083862304688
2013-02-15,15632.473084051479,120.498291015625
2013-02-19,15781.587379488215,121.40131378173828
2013-02-20,15597.737664331311,119.88826751708984
2013-02-21,15483.081564461309,119.15947723388672
2013-02-22,15592.881713446823,120.32398986816406
2013-02-25,15346.048365578006,118.03459167480469
2013-02-26,15441.060178876582,118.84259796142578
2013-02-27,15636.025778094347,120.3398666381836
2013-02-28,15623.739242633259,120.10215759277344
2013-03-01,15650.232732109982,120.498291015625
2013-03-04,15720.864041928015,121.13990020751953
2013-03-05,15871.005128008437,122.22516632080078
2013-03-06,15922.270825572794,122.39155578613281
2013-03-07,15963.069565117985,122.61336517333984
2013-03-08,16016.931251328238,123.13626098632812
2013-03-11,16046.58185781083,123.60362243652344
2013-03-12,16034.526143652769,123.32630157470703
2013-03-13,16082.32569069904,123.50062561035156
2013-03-14,16105.954336181554,124.1581039428711
2013-03-15,16043.935481831222,123.99419403076172
2013-03-18,15955.292266696397,123.30985260009766
2013-03-19,15916.807372321911,123.02342224121094
2013-03-20,16022.04596442002,123.88278198242188
2013-03-21,15876.835298159769,122.82451629638672
2013-03-22,15981.181604190639,123.81116485595703
2013-03-25,15949.503743171534,123.2939682006836
2013-03-26,16127.215888785031,124.28058624267578
2013-03-27,16125.28001692629,124.28058624267578
2013-03-28,16173.728610115315,124.66261291503906
2013-04-01,16163.821129241966,124.1692886352539
2013-04-02,16273.403566733614,124.7819595336914
2013-04-03,16082.635898236598,123.51676940917969
2013-04-04,16153.139055038791,124.01808166503906
2013-04-05,16076.501160150274,123.4610595703125
2013-04-08,16172.686327569381,124.29659271240234
2013-04-09,16224.385985056251,124.72620391845703
2013-04-10,16434.786093426308,126.25399780273438
2013-04-11,16502.286602999113,126.66779327392578
2013-04-12,16485.821838133565,126.35740661621094
2013-04-15,16196.796255156063,123.42919921875
2013-04-16,16383.120254290667,125.25142669677734
2013-04-17,16162.478782225317,123.42131805419922
2013-04-18,16076.266413635072,122.64948272705078
2013-04-19,16240.570761513949,123.71569061279297
2013-04-22,16334.825097669107,124.26473236083984
2013-04-23,16578.382941849595,125.54582214355469
2013-04-24,16512.6723769865,125.6253662109375
2013-04-25,16563.62850709049,126.13462829589844
2013-04-26,16536.389978917872,125.9118423461914
2013-04-29,16637.028920789806,126.75531005859375
2013-04-30,16635.83626941189,127.05763244628906
2013-05-01,16480.241196748317,125.94363403320312
2013-05-02,16634.593085707984,127.1133804321289
2013-05-03,16753.02014354492,128.40235900878906
2013-05-06,16808.772291414203,128.7285919189453
2013-05-07,16835.903226224265,129.38107299804688
2013-05-08,16931.763671764587,129.96990966796875
2013-05-09,17003.98505941201,129.6039276123047
2013-05-10,17138.611309729677,130.02560424804688
2013-05-13,17251.34286673422,130.12904357910156
2013-05-14,17383.60653969588,131.47378540039062
2013-05-15,17548.14928133325,132.18199157714844
2013-05-16,17531.24441488767,131.56129455566406
2013-05-17,17675.07852880368,132.83445739746094
2013-05-20,17637.56201247263,132.8264923095703
2013-05-21,17682.779173476007,133.01744079589844
2013-05-22,17572.298093630812,132.03076171875
2013-05-23,17567.95154121505,131.6488494873047
2013-05-24,17627.46420378654,131.53750610351562
2013-05-28,17800.074057347756,132.3252410888672
2013-05-29,17626.389283253375,131.46583557128906
2013-05-30,17727.407205992535,131.95115661621094
2013-05-31,17442.511205116447,130.0574493408203
2013-06-03,17518.568171021638,130.7736053466797
2013-06-04,17470.3099516077,130.14495849609375
2013-06-05,17263.785639436002,128.32284545898438
2013-06-06,17404.246276539518,129.48458862304688
2013-06-07,17634.28609913409,131.13162231445312
2013-06-10,17635.49978148958,131.13162231445312
2013-06-11,17411.452702403516,129.77899169921875
2013-06-12,17296.91374529741,128.7047576904297
2013-06-13,17531.109217991812,130.6621551513672
2013-06-14,17450.221535386005,129.8426055908203
2013-06-17,17618.401405618428,130.84523010253906
2013-06-18,17758.322082414095,131.8795928955078
2013-06-19,17561.64829166803,130.0574493408203
2013-06-20,17123.63134892409,126.83484649658203
2013-06-21,17152.541107018875,127.24201965332031
2013-06-24,16988.83503803806,125.63418579101562
2013-06-25,17125.371597082238,126.84196472167969
2013-06-26,17317.36880814884,128.0979461669922
2013-06-27,17439.534317058748,128.8497772216797
2013-06-28,17324.57283150832,128.3218994140625
2013-07-01,17490.43194682415,129.07383728027344
2013-07-02,17474.698778133472,128.9537811279297
2013-07-03,17481.322265034305,129.00978088378906
2013-07-05,17676.3869374128,130.40167236328125
2013-07-08,17780.71903586535,131.14556884765625
2013-07-09,17928.790506299567,132.08953857421875
2013-07-10,17933.38128728637,132.1374969482422
2013-07-11,18158.456590605085,133.9373016357422
2013-07-12,18222.92448760655,133.99322509765625
2013-07-15,18251.237083566637,134.5051727294922
2013-07-16,18171.318914519405,134.0012664794922
2013-07-17,18244.523032355628,134.34523010253906
2013-07-18,18283.93673279546,135.08116149902344
2013-07-19,18329.36365516548,135.3211212158203
2013-07-22,18394.959780065383,135.58506774902344
2013-07-23,18396.55920928631,135.29710388183594
2013-07-24,18313.36406578366,134.8011474609375
2013-07-25,18360.035758118815,135.129150390625
2013-07-26,18385.651485866798,135.2731475830078
2013-07-29,18340.025970117065,134.85716247558594
2013-07-30,18357.233662685605,134.85716247558594
2013-07-31,18322.349086202874,134.953125
2013-08-01,18536.532496199106,136.5129852294922
2013-08-02,18579.900278988946,136.74497985839844
2013-08-05,18580.34780969081,136.5449981689453
2013-08-06,18488.961641633236,135.7690887451172
2013-08-07,18422.07121901697,135.32911682128906
2013-08-08,18508.75383204853,135.8250732421875
2013-08-09,18428.21632270867,135.43310546875
2013-08-12,18399.256745884206,135.2731475830078
2013-08-13,18469.284533305585,135.6731414794922
2013-08-14,18348.35590599072,134.97715759277344
2013-08-15,18082.60314375018,133.08935546875
2013-08-16,18053.28694001706,132.6494140625
2013-08-19,17988.851366285373,131.801513671875
2013-08-20,18056.042296708263,132.4493865966797
2013-08-21,17962.659691605535,131.63356018066406
2013-08-22,18116.686618763048,132.83343505859375
2013-08-23,18202.70972839128,133.2813262939453
2013-08-26,18168.641457276306,132.7854461669922
2013-08-27,17907.288438028056,130.64962768554688
2013-08-28,17970.717460107244,131.11354064941406
2013-08-29,18001.03305790179,131.32154846191406
2013-08-30,17957.614924201775,130.90567016601562
2013-09-03,18023.564557591046,131.49755859375
2013-09-04,18155.58636821983,132.58544921875
2013-09-05,18188.978756037846,132.75341796875
2013-09-06,18168.12700233426,132.8174285888672
2013-09-09,18314.308999225363,134.0892333984375
2013-09-10,18528.00685123131,135.08116149902344
2013-09-11,18560.921603999483,135.50514221191406
2013-09-12,18522.20726508437,135.1451416015625
2013-09-13,18584.909072731763,135.44906616210938
2013-09-16,18707.7581827653,136.2330322265625
2013-09-17,18777.971427560864,136.8408966064453
2013-09-18,19017.910780610226,138.4247589111328
2013-09-19,19042.85080446656,138.19284057617188
2013-09-20,18956.475174063802,137.22665405273438
2013-09-23,18840.37212518521,136.59158325195312
2013-09-24,18790.681477142087,136.2700958251953
2013-09-25,18728.20030673244,135.87623596191406
2013-09-26,18776.22236521564,136.39871215820312
2013-09-27,18698.158617252975,135.77175903320312
2013-09-30,18608.049670865017,135.0482635498047
2013-10-01,18769.293408430138,136.11729431152344
2013-10-02,18747.81344940547,135.98875427246094
2013-10-03,18570.625563047248,134.73483276367188
2013-10-04,18685.510643940866,135.75564575195312
2013-10-07,18512.390642149567,134.58209228515625
2013-10-08,18311.41518383954,133.01466369628906
2013-10-09,18307.336148868566,133.11117553710938
2013-10-10,18722.32769414289,135.98072814941406
2013-10-11,18832.065650860484,136.85691833496094
2013-10-14,18938.31527682061,137.40345764160156
2013-10-15,18818.155410502393,136.40673828125
2013-10-16,19097.042033265487,138.311767578125
2013-10-17,19226.95440600292,139.23617553710938
2013-10-18,19330.223801998174,140.1765899658203
2013-10-21,19328.28589072955,140.1846466064453
2013-10-22,19385.033154291315,140.9965057373047
2013-10-23,19286.079333367998,140.32135009765625
2013-10-24,19362.875137557596,140.78749084472656
2013-10-25,19458.91825697842,141.4305877685547
2013-10-28,19510.390588940812,141.65560913085938
2013-10-29,19660.75097644882,142.41122436523438
2013-10-30,19550.47213160844,141.70384216308594
2013-10-31,19474.460722427102,141.30197143554688
2013-11-01,19561.33261436825,141.63961791992188
2013-11-04,19615.02018987748,142.1378936767578
2013-11-05,19594.839831807116,141.68783569335938
2013-11-06,19682.4076206364,142.41122436523438
2013-11-07,19411.496383369955,140.61065673828125
2013-11-08,19660.648566031785,142.50770568847656
2013-11-11,19690.400936488204,142.5318145751953
2013-11-12,19647.629405846,142.24241638183594
2013-11-13,19806.963894145294,143.38380432128906
2013-11-14,19868.171468160042,144.09921264648438
2013-11-15,19952.174276547717,144.72618103027344
2013-11-18,19871.51818859595,144.2198028564453
2013-11-19,19842.79674904349,143.9062957763672
2013-11-20,19731.036753530385,143.45619201660156
2013-11-21,19883.45754383875,144.61366271972656
2013-11-22,19966.22299936249,145.3371124267578
2013-11-25,19970.251904384895,145.19241333007812
2013-11-26,19977.586235409413,145.2325897216797
2013-11-27,20030.89047328866,145.5863037109375
2013-11-29,20030.694508943863,145.48980712890625
2013-12-02,19950.103868504062,145.1119842529297
2013-12-03,19894.24966094768,144.48501586914062
2013-12-04,19865.411620421663,144.46893310546875
2013-12-05,19790.513891105995,143.833984375
2013-12-06,19992.51385368285,145.44158935546875
2013-12-09,20013.22727492716,145.81129455566406
2013-12-10,19934.873527193457,145.28884887695312
2013-12-11,19767.75613149574,143.65711975097656
2013-12-12,19677.438572632385,143.182861328125
2013-12-13,19668.186676321235,143.1667938232422
2013-12-16,19807.16277777462,144.0590362548828
2013-12-17,19807.373593229175,143.600830078125
2013-12-18,20130.924154903572,146.05245971679688
2013-12-19,20104.909942784594,145.88365173339844
2013-12-20,20189.482574304773,146.73226928710938
2013-12-23,20282.845503117882,147.5161590576172
2013-12-24,20339.025436896467,147.83946228027344
2013-12-26,20438.943213158054,148.59104919433594
2013-12-27,20432.675247520878,148.5830078125
2013-12-30,20441.795701503113,148.55874633789062
2013-12-31,20501.01182758243,149.26187133789062
2014-01-02,20374.606411348224,147.8313751220703
2014-01-03,20390.122653764378,147.80715942382812
2014-01-06,20377.55552252577,147.37881469726562
2014-01-07,20469.14498895381,148.28396606445312
2014-01-08,20485.066958546853,148.3163299560547
2014-01-09,20497.564454576022,148.41326904296875
2014-01-10,20512.96158621152,148.81735229492188
2014-01-13,20263.425587917653,146.83731079101562
2014-01-14,20525.37166645729,148.43751525878906
2014-01-15,20651.665981554597,149.2376251220703
2014-01-16,20627.62650836651,149.04360961914062
2014-01-17,20592.18670706168,148.41326904296875
2014-01-21,20648.320071193462,148.84971618652344
2014-01-22,20673.985355032382,148.94667053222656
2014-01-23,20558.480764981865,147.72634887695312
2014-01-24,20119.505094150547,144.574462890625
2014-01-27,20000.055107347518,143.86318969726562
2014-01-28,20190.444877287053,144.7198944091797
2014-01-29,19952.311998477642,143.329833984375
2014-01-30,20232.494660521043,144.84922790527344
2014-01-31,20092.58786296503,144.00062561035156
2014-02-03,19686.51565265574,140.75982666015625
2014-02-04,19775.013102510766,141.74578857421875
2014-02-05,19731.819385059083,141.5679931640625
2014-02-06,19997.03761222178,143.43490600585938
2014-02-07,20274.233168302122,145.212890625
2014-02-10,20343.78529533383,145.47959899902344
2014-02-11,20576.53175547312,147.0717315673828
2014-02-12,20574.184817733418,147.14450073242188
2014-02-13,20717.255583448827,147.9041748046875
2014-02-14,20806.75071479385,148.72035217285156
2014-02-18,20812.82698961934,148.89816284179688
2014-02-19,20642.15615292047,147.9122314453125
2014-02-20,20803.327490932636,148.7850799560547
2014-02-21,20749.760203742666,148.61529541015625
2014-02-24,20938.31456037355,149.4396514892578
2014-02-25,20999.536730455875,149.38304138183594
2014-02-26,21046.57523354925,149.3911895751953
2014-02-27,21133.182153247086,150.17510986328125
2014-02-28,21146.083650865614,150.55496215820312
2014-03-03,20984.897399887042,149.4962615966797
2014-03-04,21328.63536115877,151.5974884033203
2014-03-05,21355.24249110011,151.73484802246094
2014-03-06,21349.785424050984,152.08236694335938
2014-03-07,21334.623951450027,152.1470184326172
2014-03-10,21324.63616024818,152.0662384033203
2014-03-11,21215.356317263217,151.31460571289062
2014-03-12,21262.82446949353,151.35501098632812
2014-03-13,20987.621387383002,149.65786743164062
2014-03-14,20876.48220019612,149.2376251220703
2014-03-17,21095.07315037144,150.58729553222656
2014-03-18,21257.878047325208,151.6621551513672
2014-03-19,21161.28963782238,150.85391235351562
2014-03-20,21287.264906240478,151.73484802246094
2014-03-21,21183.208228586114,151.1463623046875
2014-03-24,21057.266987080955,150.5213623046875
2014-03-25,21141.805379064604,151.23562622070312
2014-03-26,20998.782394545287,150.14785766601562
2014-03-27,20944.93981311472,149.83131408691406
2014-03-28,21016.14861388652,150.5700225830078
2014-03-31,21142.8172844066,151.80380249023438
2014-04-01,21326.987698752862,152.81044006347656
2014-04-02,21365.814013291347,153.3218231201172
2014-04-03,21295.707263693086,153.11888122558594
2014-04-04,20979.04776330286,151.3086395263672
2014-04-07,20804.880165935683,149.636474609375
2014-04-08,20914.21845038604,150.2534942626953
2014-04-09,21184.013597946596,151.86880493164062
2014-04-10,20698.06063299866,148.6786651611328
2014-04-11,20505.20525792354,147.33926391601562
2014-04-14,20662.03029778088,148.5000762939453
2014-04-15,20780.273045660157,149.5228271484375
2014-04-16,20972.031167197205,151.08950805664062
2014-04-17,20995.617648069452,151.30059814453125
2014-04-21,21098.55072371652,151.82818603515625
2014-04-22,21245.82704635022,152.51817321777344
2014-04-23,21139.101117522045,152.16104125976562
2014-04-24,21191.759763444963,152.46951293945312
2014-04-25,20903.804983221875,151.2194366455078
2014-04-28,20916.851361816152,151.6983184814453
2014-04-29,21034.120442117477,152.404541015625
2014-04-30,21090.314742658156,152.859130859375
2014-05-01,21120.65610888799,152.8753662109375
2014-05-02,21089.75725736758,152.6561737060547
2014-05-05,21123.466825002535,152.9484405517578
2014-05-06,20906.312394883484,151.61720275878906
2014-05-07,20989.059900285964,152.51007080078125
2014-05-08,20949.418188770956,152.34767150878906
2014-05-09,20982.61860206047,152.57501220703125
2014-05-12,21204.121786292046,154.0604705810547
2014-05-13,21233.83200615038,154.198486328125
2014-05-14,21150.91591699831,153.46791076660156
2014-05-15,20926.024682540752,152.1204376220703
2014-05-16,20999.71435590516,152.64805603027344
2014-05-19,21107.48500135653,153.20816040039062
2014-05-20,21007.86796100856,152.24217224121094
2014-05-21,21195.348167415978,153.52471923828125
2014-05-22,21267.184070432228,153.89816284179688
2014-05-23,21375.82930543383,154.5150909423828
2014-05-27,21524.89563658356,155.46484375
2014-05-28,21497.164812303043,155.3511962890625
2014-05-29,21612.12930020616,156.15480041503906
2014-05-30,21669.37885297749,156.40640258789062
2014-06-02,21665.51255073842,156.5850372314453
2014-06-03,21656.140867363338,156.50381469726562
2014-06-04,21658.884149687394,156.8204345703125
2014-06-05,21811.125127924162,157.84324645996094
2014-06-06,21919.86873931969,158.59814453125
2014-06-09,21928.293190409517,158.76046752929688
2014-06-10,21978.227812982044,158.7766876220703
2014-06-11,21879.91596803696,158.22476196289062
2014-06-12,21728.556056098078,157.1045379638672
2014-06-13,21799.278792587265,157.58351135253906
2014-06-16,21813.50993631131,157.71336364746094
2014-06-17,21899.989145004613,158.1516571044922
2014-06-18,22052.254343776294,159.31248474121094
2014-06-19,22037.793587365606,159.49110412597656
2014-06-20,22065.196619236773,159.81483459472656
2014-06-23,22086.85917091519,159.76589965820312
2014-06-24,21957.253938761754,158.80348205566406
2014-06-25,22114.340198810205,159.52125549316406
2014-06-26,22073.66205108876,159.40707397460938
2014-06-27,22124.046565474124,159.7169952392578
2014-06-30,22127.825194254394,159.6354522705078
2014-07-01,22337.86845365102,160.70391845703125
2014-07-02,22334.343032703044,160.86700439453125
2014-07-03,22442.157386448984,161.6581573486328
2014-07-07,22342.489785268423,161.09542846679688
2014-07-08,22177.180025342965,160.0595703125
2014-07-09,22282.580258039776,160.7772979736328
2014-07-10,22187.495276730187,160.14112854003906
2014-07-11,22245.631055530128,160.36131286621094
2014-07-14,22399.066508531047,161.16879272460938
2014-07-15,22379.499764725453,160.86700439453125
2014-07-16,22479.46426768998,161.46246337890625
2014-07-17,22220.548812638866,159.62728881835938
2014-07-18,22442.776843249,161.25851440429688
2014-07-21,22435.633180815592,160.956787109375
2014-07-22,22518.072711605117,161.6581573486328
2014-07-23,22492.410319612234,162.01710510253906
2014-07-24,22466.18461676019,162.02520751953125
2014-07-25,22300.455664284553,161.2666778564453
2014-07-28,22305.0958526454,161.33189392089844
2014-07-29,22213.531535878355,160.63864135742188
2014-07-30,22264.780472840648,160.66310119628906
2014-07-31,21818.54762619053,157.4902801513672
2014-08-01,21750.475078263335,157.00914001464844
2014-08-04,21886.251513978354,158.1427764892578
2014-08-05,21695.470383555352,156.60943603515625
2014-08-06,21761.49061461175,156.6583251953125
2014-08-07,21687.409484731837,155.81011962890625
2014-08-08,21939.914935648,157.61264038085938
2014-08-11,22009.127321118838,158.06942749023438
2014-08-12,21988.581736556906,157.84918212890625
2014-08-13,22146.638638761353,158.9176483154297
2014-08-14,22242.668432019906,159.6680145263672
2014-08-15,22225.31167712001,159.6354522705078
2014-08-18,22404.12512236154,160.97308349609375
2014-08-19,22532.180268801865,161.81312561035156
2014-08-20,22602.354259360836,162.24546813964844
2014-08-21,22684.707411132204,162.718505859375
2014-08-22,22654.094177950996,162.4656219482422
2014-08-25,22760.9271822582,163.2894287109375
2014-08-26,22810.857197774618,163.3954620361328
2014-08-27,22810.67287725641,163.3302001953125
2014-08-28,22766.144296545423,163.24049377441406
2014-08-29,22883.329645974314,163.7053985595703
2014-09-02,22894.78264016496,163.6238250732422
2014-09-03,22910.557244377822,163.53411865234375
2014-09-04,22949.927063083695,163.29762268066406
2014-09-05,23056.37239006941,164.03167724609375
2014-09-08,23029.683103748073,163.60751342773438
2014-09-09,22865.578286453063,162.57168579101562
2014-09-10,22962.669706804725,163.18341064453125
2014-09-11,22969.735814229927,163.37103271484375
2014-09-12,22856.823180974618,162.41676330566406
2014-09-15,22762.93062859665,162.29434204101562
2014-09-16,22956.711170443697,163.5178680419922
2014-09-17,22988.424118129118,163.73797607421875
2014-09-18,23155.369362476282,164.6107940673828
2014-09-19,23144.07814574309,164.4624786376953
2014-09-22,22961.26400560261,163.1923065185547
2014-09-23,22844.11932259492,162.25814819335938
2014-09-24,23015.881458174517,163.52830505371094
2014-09-25,22640.901104760163,160.8897247314453
2014-09-26,22802.245473731735,162.16798400878906
2014-09-29,22761.03203804104,161.87301635742188
2014-09-30,22713.486159863456,161.4468994140625
2014-10-01,22463.839494611577,159.25900268554688
2014-10-02,22479.362891923993,159.2835693359375
2014-10-03,22727.352074520764,161.03712463378906
2014-10-06,22720.86384339194,160.84873962402344
2014-10-07,22392.319315375065,158.36578369140625
2014-10-08,22798.009740693145,161.13551330566406
2014-10-09,22388.89841502197,157.93968200683594
2014-10-10,22034.439335089202,156.13687133789062
2014-10-13,21715.21803920718,153.572021484375
2014-10-14,21766.61253080153,153.80970764160156
2014-10-15,21555.34282078024,152.76898193359375
2014-10-16,21443.181372049912,152.6378631591797
2014-10-17,21748.765386078347,154.4405975341797
2014-10-20,21924.26831616986,155.9402313232422
2014-10-21,22371.29652648923,159.02955627441406
2014-10-22,22201.9383549906,157.89866638183594
2014-10-23,22479.426654891584,159.73426818847656
2014-10-24,22611.443381505793,160.96343994140625
2014-10-27,22556.52284387404,160.7421875
2014-10-28,22858.005957982525,162.5858917236328
2014-10-29,22838.37475238392,162.34007263183594
2014-10-30,23026.68585802455,163.38082885742188
2014-10-31,23317.465635390927,165.24908447265625
2014-11-03,23325.705287571574,165.3392333984375
2014-11-04,23335.78073880366,164.76564025878906
2014-11-05,23441.98177050287,165.80636596679688
2014-11-06,23502.40258576075,166.47007751464844
2014-11-07,23505.749297225797,166.6258087158203
2014-11-10,23598.439226771105,167.15023803710938
2014-11-11,23603.257998659912,167.31407165527344
2014-11-12,23569.111156664294,167.13385009765625
2014-11-13,23607.17659097867,167.3223114013672
2014-11-14,23632.17066106367,167.3633575439453
2014-11-17,23637.161057080597,167.46983337402344
2014-11-18,23743.881532442123,168.43679809570312
2014-11-19,23704.60525673843,168.16632080078125
2014-11-20,23776.53742324858,168.46136474609375
2014-11-21,23886.75139067505,169.36276245117188
2014-11-24,23930.323237495057,169.83799743652344
2014-11-25,23879.5903825861,169.71507263183594
2014-11-26,23989.074986244137,170.14939880371094
2014-11-28,24005.36225598883,169.78884887695312
2014-12-01,23843.507535363384,168.60882568359375
2014-12-02,24029.28443214137,169.69871520996094
2014-12-03,24105.432111879272,170.35421752929688
2014-12-04,24114.50271947735,170.165771484375
2014-12-05,24169.0480513566,170.4443817138672
2014-12-08,24019.453776354316,169.3053741455078
2014-12-09,24001.859481795298,169.19064331054688
2014-12-10,23604.659092906662,166.47828674316406
2014-12-11,23710.98080349148,167.3223114013672
2014-12-12,23303.45595058263,164.61813354492188
2014-12-15,23177.642953590763,163.48733520507812
2014-12-16,22950.508194905702,162.17617797851562
2014-12-17,23408.43191877386,165.3556365966797
2014-12-18,23989.350853389868,169.44468688964844
2014-12-19,24071.40878744895,170.16566467285156
2014-12-22,24212.344451836216,170.9484100341797
2014-12-23,24232.61447920691,171.1791229248047
2014-12-24,24252.14342063551,171.19561767578125
2014-12-26,24309.858930362323,171.7476348876953
2014-12-29,24313.065107256563,171.97833251953125
2014-12-30,24197.815869594964,171.05557250976562
2014-12-31,23955.519880943073,169.35816955566406
2015-01-02,23980.88583916394,169.2675323486328
2015-01-05,23550.74668376109,166.2106170654297
2015-01-06,23344.310670807816,164.64508056640625
2015-01-07,23613.646533426825,166.6967315673828
2015-01-08,24012.78886019288,169.6548309326172
2015-01-09,23793.85796450245,168.29530334472656
2015-01-12,23630.271973628383,166.97686767578125
2015-01-13,23609.350792855097,166.5072479248047
2015-01-14,23459.44153613825,165.50198364257812
2015-01-15,23220.20121257845,163.9859161376953
2015-01-16,23516.05835653952,166.1363983154297
2015-01-20,23558.403575658995,166.49075317382812
2015-01-21,23731.462143164576,167.33120727539062
2015-01-22,24098.323704961287,169.81954956054688
2015-01-23,23955.505913542514,168.88853454589844
2015-01-26,23978.376079159243,169.2839813232422
2015-01-27,23607.012943968006,167.05104064941406
2015-01-28,23335.26776386198,164.90872192382812
2015-01-29,23587.90324388746,166.43304443359375
2015-01-30,23274.910394140123,164.3402557373047
2015-02-02,23566.313109021117,166.37542724609375
2015-02-03,23877.663128983215,168.78138732910156
2015-02-04,23784.70007267287,168.13870239257812
2015-02-05,24037.91854909507,169.83607482910156
2015-02-06,23928.18890413866,169.3664093017578
2015-02-09,23816.645678953308,168.6083526611328
2015-02-10,24109.562921637884,170.40460205078125
2015-02-11,24090.814031126753,170.5034637451172
2015-02-12,24292.355416179547,172.14317321777344
2015-02-13,24365.868540991465,172.85171508789062
2015-02-17,24407.201807166806,173.12368774414062
2015-02-18,24387.343026032446,173.14015197753906
2015-02-19,24368.09645126229,173.01661682128906
2015-02-20,24550.136833362492,174.0547637939453
2015-02-23,24503.68414460577,174.03001403808594
2015-02-24,24611.56081600697,174.52444458007812
2015-02-25,24611.185704635383,174.37606811523438
2015-02-26,24687.60712271626,174.17018127441406
2015-02-27,24559.352374471062,173.57684326171875
2015-03-02,24742.436068783703,174.6727294921875
2015-03-03,24632.68803985145,173.95587158203125
2015-03-04,24578.81294689993,173.22256469726562
2015-03-05,24650.6111043667,173.41204833984375
2015-03-06,24273.77060854896,170.9730987548828
2015-03-09,24365.37152761173,171.6817626953125
2015-03-10,23957.884050523367,168.896728515625
2015-03-11,23903.386234727073,168.50120544433594
2015-03-12,24190.246670143464,170.6435546875
2015-03-13,24043.59250839224,169.5970916748047
2015-03-16,24382.14036254195,171.86297607421875
2015-03-17,24271.016475446082,171.35214233398438
2015-03-18,24549.46917649476,173.41204833984375
2015-03-19,24448.80672000751,172.62106323242188
2015-03-20,24676.07783441647,174.1447296142578
2015-03-23,24619.337532881513,173.805419921875
2015-03-24,24489.441747039236,172.828857421875
2015-03-25,24042.70923829506,170.2961883544922
2015-03-26,23965.94426673817,169.89065551757812
2015-03-27,24024.161410923043,170.27963256835938
2015-03-30,24327.32273134056,172.35704040527344
2015-03-31,24086.741765218656,170.85073852539062
2015-04-01,24003.43010564059,170.24655151367188
2015-04-02,24055.039812037605,170.8590850830078
2015-04-06,24231.37245481628,172.0094451904297
2015-04-07,24221.80081367131,171.55422973632812
2015-04-08,24322.52465404907,172.13356018066406
2015-04-09,24422.647285338957,172.89503479003906
2015-04-10,24582.84028068683,173.83851623535156
2015-04-13,24491.611352291882,173.05233764648438
2015-04-14,24530.645178833187,173.38336181640625
2015-04-15,24651.385449943435,174.1613006591797
2015-04-16,24724.314252723918,174.1116180419922
2015-04-17,24423.872934669078,172.1087646484375
2015-04-20,24644.509584088722,173.68130493164062
2015-04-21,24627.5684361327,173.474365234375
2015-04-22,24813.323547981137,174.3268280029297
2015-04-23,24767.169071332846,174.76548767089844
2015-04-24,24827.52858979556,175.17105102539062
2015-04-27,24759.312502210563,174.44271850585938
2015-04-28,24831.55273065342,174.99725341796875
2015-04-29,24754.63905161198,174.27716064453125
2015-04-30,24529.188521388125,172.53086853027344
2015-05-01,24758.846655396483,174.40130615234375
2015-05-04,24842.8146436032,174.8979034423828
2015-05-05,24610.8719167728,172.89503479003906
2015-05-06,24507.114387300055,172.18328857421875
2015-05-07,24641.99789075426,172.87017822265625
2015-05-08,24940.90367610032,175.1461944580078
2015-05-11,24865.19891281506,174.3102569580078
2015-05-12,24808.22984247288,173.78892517089844
2015-05-13,24847.29404827449,173.82199096679688
2015-05-14,25129.552611404117,175.63455200195312
2015-05-15,25190.959418216877,175.8248748779297
2015-05-18,25256.876862482844,176.3711395263672
2015-05-19,25240.573134834747,176.3131866455078
2015-05-20,25200.082438750447,176.18902587890625
2015-05-21,25230.44338012964,176.70216369628906
2015-05-22,25177.77831579915,176.2801055908203
2015-05-26,24943.537549943198,174.38478088378906
2015-05-27,25237.079900855806,176.04006958007812
2015-05-28,25231.904423665736,175.84146118164062
2015-05-29,25103.10036785975,174.7489776611328
2015-06-01,25142.065827281844,175.10488891601562
2015-06-02,25088.21073502272,174.9309844970703
2015-06-03,25155.97368411179,175.39450073242188
2015-06-04,24962.763073245125,173.9130096435547
2015-06-05,24941.94073861381,173.61509704589844
2015-06-08,24779.73036997045,172.5474090576172
2015-06-09,24854.243654883852,172.52259826660156
2015-06-10,25148.723000619608,174.59173583984375
2015-06-11,25215.097569940193,175.15447998046875
2015-06-12,25025.94834765792,173.81370544433594
2015-06-15,24908.0628713729,173.0688018798828
2015-06-16,25064.22166578248,174.01231384277344
2015-06-17,25104.586219677058,174.29371643066406
2015-06-18,25337.023794794295,176.10629272460938
2015-06-19,25188.853400678057,175.32456970214844
2015-06-22,25331.532080375277,176.2227325439453
2015-06-23,25378.592697022013,176.34744262695312
2015-06-24,25175.74329002434,175.06668090820312
2015-06-25,25081.00749302273,174.53439331054688
2015-06-26,25048.65805735215,174.5011749267578
2015-06-29,24564.067105467973,170.84182739257812
2015-06-30,24616.859649081383,171.19943237304688
2015-07-01,24819.177816546442,172.57168579101562
2015-07-02,24846.161541861115,172.4137420654297
2015-07-06,24765.408445696907,171.9230194091797
2015-07-07,24869.997412071327,173.00413513183594
2015-07-08,24490.574168059087,170.10162353515625
2015-07-09,24511.045304244446,170.4093475341797
2015-07-10,24834.5818798746,172.55506896972656
2015-07-13,25120.298389271375,174.4595489501953
2015-07-14,25250.950273672188,175.21636962890625
2015-07-15,25221.624190400846,175.15814208984375
2015-07-16,25527.292298418142,176.563720703125
2015-07-17,25601.168455100076,176.71336364746094
2015-07-20,25632.295812428758,176.80490112304688
2015-07-21,25503.855444845856,176.1062469482422
2015-07-22,25457.237031400935,175.79025268554688
2015-07-23,25303.186942611406,174.80056762695312
2015-07-24,25116.73398814886,172.9875030517578
2015-07-27,24943.487300345878,171.98117065429688
2015-07-28,25248.5896788935,174.09361267089844
2015-07-29,25421.82785249022,175.29127502441406
2015-07-30,25459.156856340753,175.33282470703125
2015-07-31,25437.805795689288,175.06668090820312
2015-08-03,25396.576194177116,174.47621154785156
2015-08-04,25387.795142746247,174.1351776123047
2015-08-05,25576.70860120425,174.7091064453125
2015-08-06,25362.255626321177,173.27862548828125
2015-08-07,25370.480386041178,172.94593811035156
2015-08-10,25636.703643961704,175.12489318847656
2015-08-11,25416.138500943638,173.54473876953125
2015-08-12,25440.572685958112,173.752685546875
2015-08-13,25453.25434644206,173.536376953125
2015-08-14,25556.406053015213,174.16845703125
2015-08-17,25668.989937071612,175.14149475097656
2015-08-18,25626.058062071286,174.63427734375
2015-08-19,25433.979942158123,173.25367736816406
2015-08-20,24874.814424030243,169.6359100341797
2015-08-21,24079.231772492407,164.52943420410156
2015-08-24,23117.412227684497,157.6016082763672
2015-08-25,22796.000403050657,155.74700927734375
2015-08-26,23730.803955021933,161.72671508789062
2015-08-27,24338.023069726856,165.72703552246094
2015-08-28,24357.928063955056,165.73536682128906
2015-08-31,24170.259876595657,164.39634704589844
2015-09-01,23421.935041577985,159.489501953125
2015-09-02,23856.278390892574,162.5167999267578
2015-09-03,23847.03983813154,162.63319396972656
2015-09-04,23451.887472380793,160.1714630126953
2015-09-08,24054.3328862279,164.19676208496094
2015-09-09,23760.54814840261,162.00115966796875
2015-09-10,23887.966797116867,162.88272094726562
2015-09-11,23995.657521657013,163.62289428710938
2015-09-14,23906.014140457097,163.0157470703125
2015-09-15,24232.66987398263,165.0534210205078
2015-09-16,24458.254812133986,166.48385620117188
2015-09-17,24458.945935718428,166.10960388183594
2015-09-18,24114.577344473717,163.39512634277344
2015-09-21,24223.825141326826,164.239501953125
2015-09-22,23927.251553857037,162.107666015625
2015-09-23,23920.57014126528,161.84854125976562
2015-09-24,23881.82939877023,161.26332092285156
2015-09-25,23893.657351945105,161.22158813476562
2015-09-28,23340.83241105456,157.17530822753906
2015-09-29,23399.636494514878,157.26724243164062
2015-09-30,23844.97434904317,160.20162963867188
2015-10-01,23875.16105593787,160.61964416503906
2015-10-02,24209.511192194892,163.0189208984375
2015-10-05,24647.02737310705,165.91981506347656
2015-10-06,24552.395641569477,165.3513641357422
2015-10-07,24734.181643747925,166.70567321777344
2015-10-08,24906.40270880383,168.21051025390625
2015-10-09,24937.629499526487,168.31077575683594
2015-10-12,24975.545993059422,168.4696502685547
2015-10-13,24840.945645213844,167.40789794921875
2015-10-14,24743.93564067524,166.6053466796875
2015-10-15,25055.856071056416,169.16348266601562
2015-10-16,25169.6763975357,169.9326171875
2015-10-19,25193.510072497676,170.01625061035156
2015-10-20,25083.248195731452,169.79885864257812
2015-10-21,24950.530191595535,168.7454833984375
2015-10-22,25473.598737344284,171.59617614746094
2015-10-23,25802.641072199796,173.47718811035156
2015-10-26,25780.464789067853,173.0508270263672
2015-10-27,25753.462506791126,172.71646118164062
2015-10-28,26078.01337134742,174.68106079101562
2015-10-29,25952.485867008792,174.5807342529297
2015-10-30,25794.666780825988,173.828369140625
2015-11-02,26032.24891430551,175.88487243652344
2015-11-03,26111.44351302241,176.39483642578125
2015-11-04,26131.469948006077,175.8597869873047
2015-11-05,26105.913862312686,175.6842498779297
2015-11-06,26270.086038854814,175.5922393798828
2015-11-09,25998.138719685347,173.95376586914062
2015-11-10,26026.219842325154,174.35496520996094
2015-11-11,25999.080804914054,173.66952514648438
2015-11-12,25654.906092568584,171.2451171875
2015-11-13,25326.706316376887,169.3223419189453
2015-11-16,25746.322154393776,171.89715576171875
2015-11-17,25786.43983110673,171.77174377441406
2015-11-18,26195.511738381254,174.49708557128906
2015-11-19,26193.863972645046,174.3466796875
2015-11-20,26315.34378082545,174.98207092285156
2015-11-23,26250.501297759347,174.78135681152344
2015-11-24,26256.88142564819,175.0155029296875
2015-11-25,26278.28201713281,174.99041748046875
2015-11-27,26322.900415429038,175.19100952148438
2015-11-30,26211.908989283,174.4636688232422
2015-12-01,26537.517453579836,176.12733459472656
2015-12-02,26315.856105921397,174.32992553710938
2015-12-03,26061.485220400387,171.88877868652344
2015-12-04,26628.81746471888,175.2412109375
2015-12-07,26462.86624640644,174.17950439453125
2015-12-08,26324.17681583293,173.00909423828125
2015-12-09,26045.78380757889,171.6630859375
2015-12-10,26129.846064324982,172.10617065429688
2015-12-11,25615.08520575614,168.7705535888672
2015-12-14,25805.34004388661,169.62322998046875
2015-12-15,26079.541322421745,171.40394592285156
2015-12-16,26470.748243776015,173.91189575195312
2015-12-17,26132.71633109678,171.26185607910156
2015-12-18,25620.735333936933,168.21080017089844
2015-12-21,25841.76247232532,169.59840393066406
2015-12-22,26011.53647507244,171.1373748779297
2015-12-23,26284.767964954477,173.25668334960938
2015-12-24,26247.318299064063,172.9706268310547
2015-12-28,26227.735762479955,172.5753936767578
2015-12-29,26539.046439680606,174.41717529296875
2015-12-30,26367.176478957736,173.18089294433594
2015-12-31,26088.59942638211,171.44859313964844
2016-01-04,25660.08704622952,169.05172729492188
2016-01-05,25692.555852354282,169.3376922607422
2016-01-06,25429.23473277006,167.20164489746094
2016-01-07,24785.756170642795,163.19021606445312
2016-01-08,24487.612486911694,161.39892578125
2016-01-11,24598.67079783203,161.55870056152344
2016-01-12,24791.6276406521,162.86221313476562
2016-01-13,24158.112696823508,158.8003387451172
2016-01-14,24530.98847254068,161.4073486328125
2016-01-15,23958.275089541337,157.94252014160156
2016-01-19,24034.639163901757,158.1527862548828
2016-01-20,23760.97143892471,156.1260528564453
2016-01-21,23839.428607804162,157.00062561035156
2016-01-22,24213.384753524242,160.22152709960938
2016-01-25,23893.931991993148,157.79959106445312
2016-01-26,24150.086136779835,159.9524383544922
2016-01-27,23900.405944445014,158.21165466308594
2016-01-28,24074.062534025514,159.03587341308594
2016-01-29,24686.469690113452,162.91262817382812
2016-02-01,24699.99729989984,162.85385131835938
2016-02-02,24185.905245392216,159.9187774658203
2016-02-03,24226.713305654444,160.87750244140625
2016-02-04,24259.011108931147,161.1298370361328
2016-02-05,23803.26560445494,158.06021118164062
2016-02-08,23536.81430973228,155.9326171875
2016-02-09,23544.337905318553,155.94105529785156
2016-02-10,23510.54508827254,155.8064727783203
2016-02-11,23224.80962442593,153.7797393798828
2016-02-12,23678.023326956703,156.95022583007812
2016-02-16,24076.62580234729,159.59927368164062
2016-02-17,24459.645361739396,162.20628356933594
2016-02-18,24344.061297563232,161.54190063476562
2016-02-19,24345.174446263318,161.46621704101562
2016-02-22,24679.79317335334,163.80410766601562
2016-02-23,24369.38490235753,161.7353515625
2016-02-24,24472.323741806285,162.47535705566406
2016-02-25,24741.363721638678,164.4432373046875
2016-02-26,24637.539712056496,164.06483459472656
2016-02-29,24430.440332153325,162.77813720703125
2016-03-01,25008.140261918183,166.60458374023438
2016-03-02,25123.37211083266,167.35304260253906
2016-03-03,25187.616299836187,168.00897216796875
2016-03-04,25317.799826123995,168.55555725097656
2016-03-07,25296.590269733442,168.690185546875
2016-03-08,25120.073108973193,166.84837341308594
2016-03-09,25241.182051799104,167.67259216308594
2016-03-10,25236.529346428386,167.80711364746094
2016-03-11,25618.36841504232,170.51499938964844
2016-03-14,25604.519619957075,170.29637145996094
2016-03-15,25610.967349879713,170.0188751220703
2016-03-16,25719.696669405737,171.0028533935547
2016-03-17,25875.998893754553,172.0876922607422
2016-03-18,26055.725786461742,172.76390075683594
2016-03-21,26120.705024568895,173.00906372070312
2016-03-22,26080.942870099854,172.9160614013672
2016-03-23,25965.024330738528,171.77488708496094
2016-03-24,25964.70903842678,171.69882202148438
2016-03-28,25979.475254065084,171.80026245117188
2016-03-29,26208.05130950602,173.38943481445312
2016-03-30,26330.241916960877,174.1501922607422
2016-03-31,26274.865081051285,173.72760009765625
2016-04-01,26529.40933950378,174.91099548339844
2016-04-04,26464.148888324973,174.3446502685547
2016-04-05,26287.71386787093,172.60336303710938
2016-04-06,26536.1052706828,174.48834228515625
2016-04-07,26220.064129950464,172.40037536621094
2016-04-08,26273.090340614006,172.8653106689453
2016-04-11,26230.48751239094,172.4595947265625
2016-04-12,26482.767643065108,174.065673828125
2016-04-13,26762.192714363635,175.8238983154297
2016-04-14,26816.62360050688,175.83233642578125
2016-04-15,26797.663518435704,175.63792419433594
2016-04-18,26946.689437701138,176.8721160888672
2016-04-19,26954.29973937862,177.4299774169922
2016-04-20,26984.208283325865,177.59909057617188
2016-04-21,26813.550600643637,176.6438751220703
2016-04-22,26809.5308902064,176.6438751220703
2016-04-25,26774.611320386754,176.33953857421875
2016-04-26,26780.116884894484,176.60159301757812
2016-04-27,26854.15798114989,176.96505737304688
2016-04-28,26608.124301453958,175.35897827148438
2016-04-29,26498.455706186414,174.4122772216797
2016-05-02,26699.475481461952,175.79856872558594
2016-05-03,26449.24938444919,174.26852416992188
2016-05-04,26283.31471046595,173.29647827148438
2016-05-05,26228.799256656872,173.26266479492188
2016-05-06,26336.018918186684,173.89662170410156
2016-05-09,26309.705872669245,174.040283203125
2016-05-10,26633.40741938804,176.2042999267578
2016-05-11,26440.854594150125,174.55599975585938
2016-05-12,26435.73011180427,174.60665893554688
2016-05-13,26279.336462040257,173.0851287841797
2016-05-16,26543.706471038015,174.7926025390625
2016-05-17,26268.95522561327,173.16122436523438
2016-05-18,26358.925184143318,173.21189880371094
2016-05-19,26268.163046212725,172.61178588867188
2016-05-20,26411.045158109067,173.70216369628906
2016-05-23,26351.453960368868,173.4654998779297
2016-05-24,26704.54215167605,175.71397399902344
2016-05-25,26909.080677782153,176.90589904785156
2016-05-26,26969.34714571479,176.9566192626953
2016-05-27,27046.725955153,177.71742248535156
2016-05-31,27013.03311970577,177.37924194335938
2016-06-01,27038.76429692948,177.7427978515625
2016-06-02,27087.08527483371,178.28379821777344
2016-06-03,27037.49482640223,177.75120544433594
2016-06-06,27179.01716532612,178.6557159423828
2016-06-07,27227.180933883454,178.9346466064453
2016-06-08,27309.17189008591,179.5178985595703
2016-06-09,27281.34088245996,179.27279663085938
2016-06-10,27026.720594222075,177.57369995117188
2016-06-13,26847.25284382622,176.2042999267578
2016-06-14,26810.117483046506,175.85772705078125
2016-06-15,26755.389410106673,175.612548828125
2016-06-16,26871.31933670113,176.13673400878906
2016-06-17,26772.665572895476,175.4807586669922
2016-06-20,26919.060934085595,176.61085510253906
2016-06-21,26963.114236760917,177.11212158203125
2016-06-22,26872.558707577045,176.82325744628906
2016-06-23,27239.899434136714,179.1259765625
2016-06-24,26338.50087647913,172.69369506835938
2016-06-27,25989.69985625449,169.60079956054688
2016-06-28,26427.997241165427,172.65968322753906
2016-06-29,26871.38984530114,175.5996551513672
2016-06-30,27175.314153261337,177.99588012695312
2016-07-01,27253.88454697526,178.36968994140625
2016-07-05,27128.231232792794,177.08668518066406
2016-07-06,27248.99118538757,178.1488037109375
2016-07-07,27259.10110114463,178.03834533691406
2016-07-08,27660.019537767384,180.6893768310547
2016-07-11,27770.3592979804,181.32666015625
2016-07-12,27938.383966920403,182.64373779296875
2016-07-13,27942.486853033217,182.6182098388672
2016-07-14,28115.64258757111,183.63783264160156
2016-07-15,28095.880993207124,183.3914794921875
2016-07-18,28179.60158453659,183.88430786132812
2016-07-19,28128.443804003786,183.69732666015625
2016-07-20,28252.806338199858,184.46206665039062
2016-07-21,28127.36359885592,183.76535034179688
2016-07-22,28276.48699408273,184.5895538330078
2016-07-25,28225.483262897396,184.0882110595703
2016-07-26,28245.507430450034,184.1731719970703
2016-07-27,28247.540031576882,183.977783203125
2016-07-28,28271.239827248075,184.19020080566406
2016-07-29,28327.245275084417,184.48757934570312
2016-08-01,28310.074128670214,184.3345947265625
2016-08-02,28161.68721233439,183.15354919433594
2016-08-03,28189.38512371117,183.68882751464844
2016-08-04,28247.195416188224,183.88430786132812
2016-08-05,28418.61158041448,185.3882293701172
2016-08-08,28366.772003658003,185.27781677246094
2016-08-09,28389.635368605446,185.3882293701172
2016-08-10,28293.541182856992,184.92941284179688
2016-08-11,28423.729056171618,185.78756713867188
2016-08-12,28444.451772834433,185.62620544433594
2016-08-15,28509.74531798212,186.1614532470703
2016-08-16,28365.069033390108,185.20130920410156
2016-08-17,28393.37459621449,185.54971313476562
2016-08-18,28417.377528233592,185.96604919433594
2016-08-19,28360.84778470422,185.6941375732422
2016-08-22,28344.66969054847,185.6856689453125
2016-08-23,28389.845567780583,186.0594940185547
2016-08-24,28260.366993799485,185.10789489746094
2016-08-25,28244.146054579996,184.98040771484375
2016-08-26,28224.43867739179,184.6320037841797
2016-08-29,28355.98841453433,185.54122924804688
2016-08-30,28287.271768147097,185.2353057861328
2016-08-31,28235.048813942896,184.70855712890625
2016-09-01,28208.83351125157,184.7169952392578
2016-09-02,28280.043470917,185.54971313476562
2016-09-06,28404.442037314813,186.1105194091797
2016-09-07,28343.56388359713,186.09347534179688
2016-09-08,28320.252892169297,185.6686553955078
2016-09-09,27653.393754069635,181.22470092773438
2016-09-12,28061.210042808118,183.82481384277344
2016-09-13,27666.103850757965,181.1822052001953
2016-09-14,27675.206123970147,181.1142120361328
2016-09-15,27954.353200363614,182.92410278320312
2016-09-16,27892.035020046238,182.21702575683594
2016-09-19,27885.22073668892,182.25115966796875
2016-09-20,27912.225728254693,182.25973510742188
2016-09-21,28160.31851575435,184.3092803955078
2016-09-22,28308.800635170548,185.47068786621094
2016-09-23,28160.215491410174,184.4544677734375
2016-09-26,27901.450690132846,182.95999145507812
2016-09-27,28117.531047914523,184.09576416015625
2016-09-28,28227.901817589543,185.0095672607422
2016-09-29,28008.144370780108,183.3357391357422
2016-09-30,28254.655073476948,184.7191925048828
2016-10-03,28243.38880702268,184.27513122558594
2016-10-04,28114.748008679664,183.3357391357422
2016-10-05,28298.403255422414,184.1470184326172
2016-10-06,28278.501034000757,184.27513122558594
2016-10-07,28203.767851638342,183.64320373535156
2016-10-10,28281.50272022162,184.5996551513672
2016-10-11,27946.064685223435,182.26820373535156
2016-10-12,27959.979554285204,182.50738525390625
2016-10-13,27882.242732332714,181.9095916748047
2016-10-14,27908.844546289492,182.0034942626953
2016-10-17,27816.26461600298,181.3715362548828
2016-10-18,28057.810940560972,182.50738525390625
2016-10-19,28089.73429815476,182.99412536621094
2016-10-20,28085.86544748477,182.652587890625
2016-10-21,28058.945150701693,182.73789978027344
2016-10-24,28195.375372463714,183.5150604248047
2016-10-25,28117.144359455895,182.90025329589844
2016-10-26,28121.864002466384,182.53302001953125
2016-10-27,28111.19010250209,182.04617309570312
2016-10-28,27991.39600054954,181.5081024169922
2016-10-31,27967.941804092916,181.5167694091797
2016-11-01,27775.588664884734,180.2015380859375
2016-11-02,27606.12364402876,179.1169891357422
2016-11-03,27525.66715995128,178.2971954345703
2016-11-04,27463.1472505178,178.10073852539062
2016-11-07,28059.464806130138,182.02906799316406
2016-11-08,28186.26858871278,182.8489532470703
2016-11-09,28502.643085911106,184.78753662109375
2016-11-10,28499.651375239027,185.2486572265625
2016-11-11,28619.07400635272,184.82171630859375
2016-11-14,28525.87981480926,184.96688842773438
2016-11-15,28750.22195142995,186.4100799560547
2016-11-16,28715.799394703383,186.0599822998047
2016-11-17,28804.7881305243,187.01644897460938
2016-11-18,28781.80326922957,186.59800720214844
2016-11-21,28973.472388450813,188.00711059570312
2016-11-22,29076.370514568138,188.37428283691406
2016-11-23,29078.190348391563,188.47679138183594
2016-11-25,29207.634362884666,189.1770782470703
2016-11-28,29077.657768181245,188.2888641357422
2016-11-29,29068.196425681384,188.6561279296875
2016-11-30,29004.583055734518,188.2035369873047
2016-12-01,28869.296739260426,187.51181030273438
2016-12-02,28910.58553384928,187.605712890625
2016-12-05,29073.66182221327,188.7329864501953
2016-12-06,29199.298839172046,189.3307647705078
2016-12-07,29625.045438803896,191.807373046875
2016-12-08,29678.073333150573,192.2770233154297
2016-12-09,29865.305514836255,193.43849182128906
2016-12-12,29888.512890499875,193.2164764404297
2016-12-13,30131.81218934051,194.50601196289062
2016-12-14,29955.828361101347,192.90048217773438
2016-12-15,30140.5291851831,193.69468688964844
2016-12-16,30091.914009471908,193.31585693359375
2016-12-19,30162.862350760846,193.73678588867188
2016-12-20,30323.496559308576,194.48419189453125
2016-12-21,30250.874636137527,193.94300842285156
2016-12-22,30239.16359279135,193.60794067382812
2016-12-23,30290.30158158057,193.8914337158203
2016-12-27,30408.197529097866,194.37249755859375
2016-12-28,30125.840913754346,192.76614379882812
2016-12-29,30113.339540327357,192.72320556640625
2016-12-30,29953.239734043265,192.0187225341797
2017-01-03,30189.489040381162,193.48770141601562
2017-01-04,30312.58298803058,194.6387939453125
2017-01-05,30293.334641934714,194.48419189453125
2017-01-06,30401.82033603114,195.17994689941406
2017-01-09,30340.365630587337,194.53567504882812
2017-01-10,30313.10435307314,194.53567504882812
2017-01-11,30404.589803545725,195.08547973632812
2017-01-12,30352.69566630786,194.59584045410156
2017-01-13,30438.754843303468,195.04254150390625
2017-01-17,30294.904868651833,194.35531616210938
2017-01-18,30347.156946252984,194.78480529785156
2017-01-19,30292.32963514833,194.06320190429688
2017-01-20,30384.327273473846,194.77621459960938
2017-01-23,30277.47909447093,194.26937866210938
2017-01-24,30447.432082461633,195.51498413085938
2017-01-25,30687.342926100744,197.20729064941406
2017-01-26,30660.10367030874,197.00108337402344
2017-01-27,30699.029227594994,196.69187927246094
2017-01-30,30505.67929077446,195.47203063964844
2017-01-31,30377.592470030184,195.45484924316406
2017-02-01,30386.95160197261,195.5321502685547
2017-02-02,30422.76087823515,195.6610107421875
2017-02-03,30665.173548876082,197.00970458984375
2017-02-06,30632.567310726296,196.65744018554688
2017-02-07,30674.402232014952,196.66604614257812
2017-02-08,30688.893247509182,196.92381286621094
2017-02-09,30811.469457326126,198.09207153320312
2017-02-10,30929.155980579988,198.87379455566406
2017-02-13,31106.900682366715,199.95619201660156
2017-02-14,31254.502404821797,200.7550811767578
2017-02-15,31438.450836599448,201.80308532714844
2017-02-16,31437.592459133102,201.63125610351562
2017-02-17,31496.538567528274,201.94911193847656
2017-02-21,31714.0423819452,203.15171813964844
2017-02-22,31717.418098566082,202.97134399414062
2017-02-23,31688.380078361562,203.1088104248047
2017-02-24,31742.5599940708,203.36647033691406
2017-02-27,31767.201904952664,203.68438720703125
2017-02-28,31678.49853523708,203.1345977783203
2017-03-01,32123.28199364209,205.97796630859375
2017-03-02,31932.663141988538,204.68080139160156
2017-03-03,31934.134558078178,204.8096923828125
2017-03-06,31869.653587758938,204.19976806640625
2017-03-07,31813.52118045854,203.58987426757812
2017-03-08,31740.913234434905,203.21189880371094
2017-03-09,31784.64539568816,203.46954345703125
2017-03-10,31902.42963711922,204.18258666992188
2017-03-13,31900.18644954989,204.28565979003906
2017-03-14,31842.68148880204,203.50393676757812
2017-03-15,32077.91576063155,205.26499938964844
2017-03-16,32082.482982410336,204.86123657226562
2017-03-17,32008.921610530946,204.50143432617188
2017-03-20,31959.04481353844,204.27716064453125
2017-03-21,31565.268955556177,201.65426635742188
2017-03-22,31628.759558173162,202.1288604736328
2017-03-23,31569.525511531938,201.91314697265625
2017-03-24,31554.762923157803,201.7664794921875
2017-03-27,31521.82369515494,201.5594024658203
2017-03-28,31738.865529586663,203.02613830566406
2017-03-29,31726.369833343164,203.21588134765625
2017-03-30,31856.75433234913,203.8629608154297
2017-03-31,31772.060502222055,203.3884735107422
2017-04-03,31810.37197331632,203.03472900390625
2017-04-04,31836.781897529712,203.1641387939453
2017-04-05,31716.549920063564,202.5602264404297
2017-04-06,31767.9675583722,203.1295928955078
2017-04-07,31738.344902798694,202.9225616455078
2017-04-10,31757.244177300927,203.0433807373047
2017-04-11,31708.4188614406,202.80181884765625
2017-04-12,31534.768463603046,201.91314697265625
2017-04-13,31302.699768606893,200.6017608642578
2017-04-17,31569.097029911867,202.37904357910156
2017-04-18,31451.890384155366,201.7751007080078
2017-04-19,31327.68194759639,201.4041290283203
2017-04-20,31601.772167775754,203.0433807373047
2017-04-21,31530.054352307,202.3963165283203
2017-04-24,31906.719627337992,204.6222686767578
2017-04-25,32172.244635757106,205.8128204345703
2017-04-26,32133.462659467747,205.68345642089844
2017-04-27,32158.579984820837,205.85594177246094
2017-04-28,32110.976900915197,205.4073486328125
2017-05-01,32165.08034569055,205.92498779296875
2017-05-02,32192.512085118575,206.00265502929688
2017-05-03,32225.392559412874,205.75247192382812
2017-05-04,32203.732816978372,205.9939727783203
2017-05-05,32275.842676136806,206.8050537109375
2017-05-08,32279.281864523655,206.7705535888672
2017-05-09,32242.599472602928,206.58071899414062
2017-05-10,32416.03354307007,206.95169067382812
2017-05-11,32374.43081738213,206.52896118164062
2017-05-12,32385.77699552506,206.183837890625
2017-05-15,32573.545823290337,207.32266235351562
2017-05-16,32589.850884675943,207.1328887939453
2017-05-17,31954.20163979734,203.45750427246094
2017-05-18,32098.890146691127,204.27716064453125
2017-05-19,32305.92580006471,205.60581970214844
2017-05-22,32435.954007612283,206.64974975585938
2017-05-23,32484.595257860306,207.10699462890625
2017-05-24,32562.211166821624,207.59014892578125
2017-05-25,32724.334131369513,208.5823516845703
2017-05-26,32762.44020637948,208.53915405273438
2017-05-30,32760.986716368607,208.3579864501953
2017-05-31,32755.118804406487,208.30625915527344
2017-06-01,32939.795469685465,209.96275329589844
2017-06-02,33084.28663187971,210.66160583496094
2017-06-05,33095.848915516515,210.5063018798828
2017-06-06,33029.88931789841,209.8332977294922
2017-06-07,33089.27146686948,210.22161865234375
2017-06-08,33220.99501704612,210.3251495361328
2017-06-09,33143.690161855375,210.00588989257812
2017-06-12,33106.63550765868,209.96275329589844
2017-06-13,33276.910902050455,210.989501953125
2017-06-14,33280.926366141204,210.72203063964844
2017-06-15,33231.86378889913,210.3164825439453
2017-06-16,33250.16416372754,210.36241149902344
2017-06-19,33517.57269877046,212.1137237548828
2017-06-20,33385.0304609164,210.68319702148438
2017-06-21,33356.96579422635,210.6312255859375
2017-06-22,33405.12535810266,210.5358123779297
2017-06-23,33409.57351411151,210.7872772216797
2017-06-26,33386.17038599177,210.92599487304688
2017-06-27,33062.3246338139,209.22666931152344
2017-06-28,33351.604074910414,211.09933471679688
2017-06-29,33066.51057374643,209.24404907226562
2017-06-30,33067.16801508483,209.63421630859375
2017-07-03,33132.54136719738,209.98965454101562
2017-07-05,33177.765008380746,210.4751434326172
2017-07-06,32882.269536220956,208.55050659179688
2017-07-07,33096.39443938705,209.9029541015625
2017-07-10,33178.511732626874,210.1283416748047
2017-07-11,33194.86104921477,209.9722900390625
2017-07-12,33449.90947025247,211.55020141601562
2017-07-13,33487.3231258745,211.90567016601562
2017-07-14,33653.526636769515,212.89401245117188
2017-07-17,33591.90749781725,212.86801147460938
2017-07-18,33711.15717860658,212.98068237304688
2017-07-19,33850.69451394668,214.1337890625
2017-07-20,33827.57784617706,214.2291259765625
2017-07-21,33812.284844776856,214.03842163085938
2017-07-24,33807.215570738794,213.98638916015625
2017-07-25,33970.43596339659,214.5065155029297
2017-07-26,34050.99492128953,214.51522827148438
2017-07-27,33959.59778762044,214.31582641601562
2017-07-28,33976.59764363104,214.06442260742188
2017-07-31,33985.27500209405,213.94308471679688
2017-08-01,34087.9425134471,214.4198455810547
2017-08-02,34167.649976722736,214.52389526367188
2017-08-03,34150.845674364835,214.10772705078125
2017-08-04,34251.41481793717,214.49789428710938
2017-08-07,34334.09046549538,214.8966827392578
2017-08-08,34284.38014497034,214.36785888671875
2017-08-09,34263.190264622186,214.35914611816406
2017-08-10,33787.81626539496,211.33346557617188
2017-08-11,33803.433866443025,211.64556884765625
2017-08-14,34191.42537326014,213.74362182617188
2017-08-15,34179.118874411964,213.7176513671875
2017-08-16,34234.733822448485,214.09046936035156
2017-08-17,33704.58653565331,210.75254821777344
2017-08-18,33624.64927795923,210.42315673828125
2017-08-21,33630.426520223155,210.58786010742188
2017-08-22,33985.4881571264,212.79002380371094
2017-08-23,33928.13132648132,212.02708435058594
2017-08-24,33864.17569515427,211.53285217285156
2017-08-25,33849.405622036065,212.02708435058594
2017-08-28,33890.62820594861,212.03575134277344
2017-08-29,33941.301808623335,212.2784423828125
2017-08-30,34130.70431244475,213.28414916992188
2017-08-31,34324.22166029264,214.5672607421875
2017-09-01,34393.15631078999,214.8707275390625
2017-09-05,34138.9834685187,213.32748413085938
2017-09-06,34225.10997346589,214.0557861328125
2017-09-07,34313.02473783861,214.02975463867188
2017-09-08,34208.4390623113,213.77828979492188
2017-09-11,34677.5781968588,216.05844116210938
2017-09-12,34835.00966634244,216.78671264648438
2017-09-13,34863.843302409565,216.8907928466797
2017-09-14,34920.84706024027,216.8214111328125
2017-09-15,35014.42193385583,217.11328125
2017-09-18,35140.056513735835,217.57504272460938
2017-09-19,35201.6563191905,217.7928466796875
2017-09-20,35227.08120067569,217.87127685546875
2017-09-21,35166.97520612028,217.28753662109375
2017-09-22,35150.42004234667,217.3311004638672
2017-09-25,34961.92968156827,216.88674926757812
2017-09-26,34962.22429958111,217.01742553710938
2017-09-27,35110.00116808439,217.86253356933594
2017-09-28,35225.51810753657,218.12399291992188
2017-09-29,35336.25609167658,218.8906707763672
2017-10-02,35487.65909402051,219.84036254882812
2017-10-03,35561.61478356885,220.31085205078125
2017-10-04,35649.61671800209,220.57228088378906
2017-10-05,35904.526075955975,221.8791961669922
2017-10-06,35925.276770811564,221.62649536132812
2017-10-09,35857.2815426463,221.26058959960938
2017-10-10,36006.48311313807,221.84429931640625
2017-10-11,36101.846369466424,222.1928253173828
2017-10-12,36049.97264091762,221.86175537109375
2017-10-13,36123.87437831027,222.13185119628906
2017-10-16,36179.08662933662,222.42803955078125
2017-10-17,36195.16749191754,222.5848846435547
2017-10-18,36266.19419502967,222.80271911621094
2017-10-19,36249.941915922325,222.8636932373047
2017-10-20,36394.3835725184,224.0137481689453
2017-10-23,36265.51741949932,223.1425018310547
2017-10-24,36484.95661807549,223.53460693359375
2017-10-25,36287.93520811258,222.42803955078125
2017-10-26,36336.55438412674,222.71559143066406
2017-10-27,36700.418963175594,224.5365447998047
2017-10-30,36607.49487074631,223.70008850097656
2017-10-31,36646.93222709704,224.0486297607422
2017-11-01,36717.88403192338,224.34486389160156
2017-11-02,36719.01966339802,224.43202209472656
2017-11-03,36948.672202847396,225.18133544921875
2017-11-06,36952.387375258535,225.52978515625
2017-11-07,36939.86584335677,225.37298583984375
2017-11-08,36952.99229433225,225.75631713867188
2017-11-09,36733.64229667184,224.93731689453125
2017-11-10,36675.95236612522,224.86761474609375
2017-11-13,36758.10538722668,225.07672119140625
2017-11-14,36727.9110697462,224.55397033691406
2017-11-15,36527.559605404414,223.4300079345703
2017-11-16,36863.472801665615,225.3293914794922
2017-11-17,36713.9174571603,224.6671905517578
2017-11-20,36804.04703109702,225.05056762695312
2017-11-21,37067.16049482276,226.5230255126953
2017-11-22,37004.10536598416,226.32266235351562
2017-11-24,37134.800052606835,226.8454132080078
2017-11-27,37164.20796372544,226.73216247558594
2017-11-28,37532.430590464,229.0323486328125
2017-11-29,37393.61982949572,228.8929901123047
2017-11-30,37768.37425275554,230.8968505859375
2017-12-01,37696.18272131533,230.4176788330078
2017-12-04,37589.15965698718,230.13888549804688
2017-12-05,37484.198002932426,229.31114196777344
2017-12-06,37461.85256722953,229.3546600341797
2017-12-07,37592.53101002322,230.07789611816406
2017-12-08,37801.60801914549,231.33255004882812
2017-12-11,37936.098747615506,232.029541015625
2017-12-12,38022.63573997302,232.4390411376953
2017-12-13,38026.55199967147,232.41287231445312
2017-12-14,37873.79560799587,231.4632110595703
2017-12-15,38156.46873601415,233.39071655273438
2017-12-18,38367.49479844566,234.87071228027344
2017-12-19,38231.35888328186,233.96864318847656
2017-12-20,38241.74738259445,233.84603881835938
2017-12-21,38301.24580994956,234.32769775390625
2017-12-22,38257.758046781186,234.26641845703125
2017-12-26,38205.46870936934,233.9861602783203
2017-12-27,38256.88088638408,234.1000518798828
2017-12-28,38360.35661749488,234.58172607421875
2017-12-29,38147.60803686308,233.69712829589844
2018-01-02,38497.52716389542,235.36984252929688
2018-01-03,38737.43353320127,236.85853576660156
2018-01-04,38947.00143395937,237.8568572998047
2018-01-05,39242.65683223926,239.4419403076172
2018-01-08,39378.32838964216,239.8798828125
2018-01-09,39412.87104693054,240.4227294921875
2018-01-10,39390.300537831914,240.0549774169922
2018-01-11,39647.37357220414,241.80636596679688
2018-01-12,39938.723088429455,243.38279724121094
2018-01-16,39914.01779412125,242.55081176757812
2018-01-17,40319.29722118161,244.86265563964844
2018-01-18,40264.41239339324,244.45114135742188
2018-01-19,40404.98458829262,245.56333923339844
2018-01-22,40760.11016462601,247.55996704101562
2018-01-23,40888.39950039103,248.08543395996094
2018-01-24,40843.82630203916,247.98904418945312
2018-01-25,40967.022228232665,248.0941162109375
2018-01-26,41470.35157912997,250.96656799316406
2018-01-29,41283.31003271773,249.30274963378906
2018-01-30,40768.53595938851,246.7455291748047
2018-01-31,40757.838173752825,246.8682098388672
2018-02-01,40699.702068005594,246.58787536621094
2018-02-02,39933.885497266936,241.2197265625
2018-02-05,38217.23242764095,231.13128662109375
2018-02-06,38934.03998155745,235.6851348876953
2018-02-07,38811.17211138535,234.40655517578125
2018-02-08,37289.23927791127,225.6141815185547
2018-02-09,37866.44750062652,229.00326538085938
2018-02-12,38402.22339712017,232.3660430908203
2018-02-13,38525.288750560125,232.9440155029297
2018-02-14,39048.03992170406,236.08795166015625
2018-02-15,39601.0678412914,239.10049438476562
2018-02-16,39597.61330286776,239.1705322265625
2018-02-20,39349.317067358315,237.67300415039062
2018-02-21,39103.24274692159,236.4907684326172
2018-02-22,39202.34763053438,236.79722595214844
2018-02-23,39859.15117715954,240.57164001464844
2018-02-26,40390.46683615523,243.36520385742188
2018-02-27,39943.851747229295,240.32644653320312
2018-02-28,39440.35547356525,237.89190673828125
2018-03-01,38839.071435483325,234.4327850341797
2018-03-02,38990.53910278904,235.64125061035156
2018-03-05,39457.733448569365,238.36480712890625
2018-03-06,39515.5260719378,238.96908569335938
2018-03-07,39482.22428151059,238.88145446777344
2018-03-08,39607.44840317549,240.03741455078125
2018-03-09,40353.766574312496,244.2146453857422
2018-03-12,40286.20831022556,243.90818786621094
2018-03-13,39960.73590233175,242.33184814453125
2018-03-14,39749.38487770267,241.08836364746094
2018-03-15,39816.869513180885,240.82559204101562
2018-03-16,39898.108344694294,241.08670043945312
2018-03-19,39232.777386789545,237.82473754882812
2018-03-20,39291.879349336195,238.229248046875
2018-03-21,39289.26337387241,237.77198791503906
2018-03-22,38264.83919533634,231.828369140625
2018-03-23,37449.7533412218,226.8870849609375
2018-03-26,38567.90242054033,233.09449768066406
2018-03-27,37758.29787066682,229.1291046142578
2018-03-28,37517.82001006812,228.45211791992188
2018-03-29,38057.99078767516,231.37118530273438
2018-04-02,37189.550164617176,226.3770751953125
2018-04-03,37710.54098694339,229.27862548828125
2018-04-04,38121.472273532854,231.731689453125
2018-04-05,38446.29268847418,233.5605010986328
2018-04-06,37601.625322018765,228.3554229736328
2018-04-09,37711.5305944213,229.48080444335938
2018-04-10,38419.617681235766,233.12973022460938
2018-04-11,38194.61324991433,231.9075469970703
2018-04-12,38518.56673329431,233.81544494628906
2018-04-13,38431.35827276911,233.12973022460938
2018-04-16,38569.52266115975,235.04640197753906
2018-04-17,38983.5366896639,237.56106567382812
2018-04-18,38952.552833817,237.73692321777344
2018-04-19,38859.469208284645,236.4180145263672
2018-04-20,38508.923121084306,234.4133758544922
2018-04-23,38363.095672630865,234.378173828125
2018-04-24,37928.592086601006,231.2217559814453
2018-04-25,37973.13324976774,231.79322814941406
2018-04-26,38497.166286984895,234.14955139160156
2018-04-27,38553.90564052819,234.36936950683594
2018-04-30,38350.324841671856,232.56700134277344
2018-05-01,38409.27872193098,232.9801788330078
2018-05-02,38170.54865251743,231.4151153564453
2018-05-03,38082.608839744134,230.90516662597656
2018-05-04,38599.53117225589,233.89462280273438
2018-05-07,38787.629291863974,234.68589782714844
2018-05-08,38826.54134465252,234.68589782714844
2018-05-09,39169.218177623705,236.9543914794922
2018-05-10,39545.90499751973,239.17001342773438
2018-05-11,39655.51913781644,239.8998260498047
2018-05-14,39721.30157107624,240.01406860351562
2018-05-15,39387.78855921061,238.3611602783203
2018-05-16,39484.14998728331,239.36341857910156
2018-05-17,39409.916218971564,239.16122436523438
2018-05-18,39277.13947644999,238.563232421875
2018-05-21,39650.5390259159,240.35699462890625
2018-05-22,39507.069397804225,239.6886749267578
2018-05-23,39744.63421768992,240.34820556640625
2018-05-24,39675.68591744614,239.8557891845703
2018-05-25,39642.63299749154,239.28431701660156
2018-05-29,39193.68687926766,236.53224182128906
2018-05-30,39705.5289622278,239.6886749267578
2018-05-31,39479.76044190753,238.2203826904297
2018-06-01,39899.708612425806,240.5592041015625
2018-06-04,40091.69714237039,241.70225524902344
2018-06-05,40061.28199406882,241.87803649902344
2018-06-06,40520.990041179946,243.90032958984375
2018-06-07,40558.46945215006,243.8739471435547
2018-06-08,40589.58106010422,244.59490966796875
2018-06-11,40633.14946297712,244.92034912109375
2018-06-12,40716.86427134677,245.23675537109375
2018-06-13,40601.49661340412,244.4542694091797
2018-06-14,40692.208742632756,245.0697479248047
2018-06-15,40656.215265126,244.75701904296875
2018-06-18,40596.2753631396,244.253662109375
2018-06-19,40398.59316496448,243.31748962402344
2018-06-20,40439.878404834235,243.7325897216797
2018-06-21,40169.43574312354,242.20462036132812
2018-06-22,40230.72992885054,242.6462860107422
2018-06-25,39664.966977470714,239.34312438964844
2018-06-26,39789.151115925975,239.87303161621094
2018-06-27,39476.64566415032,237.88584899902344
2018-06-28,39714.50846280214,239.24607849121094
2018-06-29,39708.81506282315,239.59042358398438
2018-07-02,39846.04506338535,240.10263061523438
2018-07-03,39548.33615087447,239.25486755371094
2018-07-05,39913.31065546193,241.20668029785156
2018-07-06,40191.455476221934,243.24679565429688
2018-07-09,40590.297646140374,245.4371337890625
2018-07-10,40825.50544357082,246.32028198242188
2018-07-11,40537.335588616326,244.51856994628906
2018-07-12,40797.77115535865,246.7353973388672
2018-07-13,40762.61841552153,246.9297332763672
2018-07-16,40785.06749755184,246.7088623046875
2018-07-17,40932.82943079631,247.70689392089844
2018-07-18,41000.96617833694,248.22792053222656
2018-07-19,40833.420327484186,247.2918243408203
2018-07-20,40810.77904960654,247.00917053222656
2018-07-23,40893.385466746055,247.46852111816406
2018-07-24,41156.29558217533,248.7137451171875
2018-07-25,41544.173088421514,250.8334503173828
2018-07-26,41428.67315729055,250.24163818359375
2018-07-27,41207.84301991995,248.54592895507812
2018-07-30,40996.121366611835,247.2476806640625
2018-07-31,41174.83078068298,248.4664306640625
2018-08-01,41064.45068018762,248.0513153076172
2018-08-02,41360.36903685122,249.4026336669922
2018-08-03,41592.80202545719,250.4712371826172
2018-08-06,41709.15007504913,251.38983154296875
2018-08-07,41989.220350946765,252.2199249267578
2018-08-08,41956.39039167021,252.1138916015625
2018-08-09,41776.99071476018,251.7696075439453
2018-08-10,41496.36326529695,250.0827178955078
2018-08-13,41309.01573876285,249.14637756347656
2018-08-14,41492.65307165209,250.73619079589844
2018-08-15,41175.90448085526,248.86386108398438
2018-08-16,41608.61049595613,250.87754821777344
2018-08-17,41633.208873908065,251.7606658935547
2018-08-20,41723.518653346895,252.29949951171875
2018-08-21,41894.321945092735,252.89125061035156
2018-08-22,41984.13237927384,252.74099731445312
2018-08-23,41932.358534825624,252.40545654296875
2018-08-24,42215.814839771825,253.92457580566406
2018-08-27,42502.93875843473,255.92938232421875
2018-08-28,42499.47425525737,256.052978515625
2018-08-29,42656.8727527298,257.4307556152344
2018-08-30,42484.73255514232,256.38861083984375
2018-08-31,42481.69453570454,256.3973693847656
2018-09-04,42446.76366865551,255.95591735839844
2018-09-05,42327.435157153115,255.26695251464844
2018-09-06,42191.83216093655,254.49862670898438
2018-09-07,42099.29906062977,254.0040283203125
2018-09-10,42330.200014331334,254.4456787109375
2018-09-11,42391.41820237529,255.28466796875
2018-09-12,42408.87160104403,255.3465118408203
2018-09-13,42616.08940640585,256.8566589355469
2018-09-14,42646.03780481239,256.9008483886719
2018-09-17,42442.560534264085,255.54074096679688
2018-09-18,42693.80465092901,256.92730712890625
2018-09-19,42869.17349713737,257.201171875
2018-09-20,43168.73161395511,259.2854309082031
2018-09-21,43211.18719164759,259.04852294921875
2018-09-24,43090.63393927277,258.1880187988281
2018-09-25,43025.90148829662,257.9485778808594
2018-09-26,42878.1874736206,257.1766052246094
2018-09-27,42999.19188773366,257.8952331542969
2018-09-28,42895.94169167926,257.92181396484375
2018-10-01,43321.06397597004,258.8178405761719
2018-10-02,43327.586154676465,258.6671142578125
2018-10-03,43315.104509619596,258.8089904785156
2018-10-04,43033.27672530712,256.7862854003906
2018-10-05,42697.115187002084,255.3489990234375
2018-10-08,42685.80167163842,255.3489990234375
2018-10-09,42713.75208624221,254.97637939453125
2018-10-10,41378.06733532845,246.9029998779297
2018-10-11,40512.16814314389,241.46456909179688
2018-10-12,41136.040665726214,244.81808471679688
2018-10-15,40877.62767482066,243.44302368164062
2018-10-16,41682.17713258578,248.76602172851562
2018-10-17,41694.26138184511,248.8104705810547
2018-10-18,41090.00931597774,245.2173309326172
2018-10-19,41111.06340983059,245.0843048095703
2018-10-22,40931.864200386415,243.98426818847656
2018-10-23,40824.38078692709,242.74208068847656
2018-10-24,39646.611848078675,235.38739013671875
2018-10-25,40353.41914614186,239.6103057861328
2018-10-26,39740.05959511105,235.39622497558594
2018-10-29,39541.026752576516,234.0920867919922
2018-10-30,40140.92420589673,237.56097412109375
2018-10-31,40542.94475758031,240.09835815429688
2018-11-01,40877.0652603093,242.65341186523438
2018-11-02,40611.86399317974,241.21615600585938
2018-11-05,40899.52913943333,242.54693603515625
2018-11-06,41061.12759086221,244.08184814453125
2018-11-07,41913.17773945675,249.30734252929688
2018-11-08,41812.73400600595,248.85476684570312
2018-11-09,41495.25105554562,246.42388916015625
2018-11-12,40639.78058549233,241.81942749023438
2018-11-13,40647.97272185596,241.36700439453125
2018-11-14,40409.37567008393,239.71685791015625
2018-11-15,40899.416441119676,242.21876525878906
2018-11-16,40946.92984991798,242.84861755371094
2018-11-19,40403.05149515923,238.7409210205078
2018-11-20,39738.41924684096,234.32281494140625
2018-11-21,39675.69509255271,235.1212921142578
2018-11-23,39394.013140705225,233.55091857910156
2018-11-26,40024.17650956815,237.32150268554688
2018-11-27,40254.70145594755,238.11993408203125
2018-11-28,41105.796927031675,243.6027069091797
2018-11-29,41039.01391535054,243.07037353515625
2018-11-30,41535.435576630276,244.55198669433594
2018-12-03,41902.683820697275,247.79025268554688
2018-12-04,40608.9908344256,239.76121520996094
2018-12-06,40591.694022158255,239.3975067138672
2018-12-07,39721.65047552033,233.8348388671875
2018-12-10,39881.61944265495,234.27842712402344
2018-12-11,39875.65091221121,234.33168029785156
2018-12-12,40081.878347237835,235.51158142089844
2018-12-13,40221.23301220398,235.43174743652344
2018-12-14,39507.32250548847,231.0845489501953
2018-12-17,38691.432469056665,226.551025390625
2018-12-18,38724.15872967888,226.30259704589844
2018-12-19,38179.01071377446,222.91357421875
2018-12-20,37694.01114129694,219.28504943847656
2018-12-21,37050.95532059535,214.7919464111328
2018-12-24,35996.16033935701,209.11656188964844
2018-12-26,37775.704681011244,219.68214416503906
2018-12-27,38099.65350842973,221.36868286132812
2018-12-28,38157.391186818466,221.08311462402344
2018-12-31,38495.98144157444,223.01954650878906
2019-01-02,38514.21341410901,223.25157165527344
2019-01-03,37585.11550021008,217.9241943359375
2019-01-04,38805.864760301,225.22369384765625
2019-01-07,39100.456183241185,226.99951171875
2019-01-08,39398.0683612763,229.13223266601562
2019-01-09,39534.67247622274,230.20310974121094
2019-01-10,39705.254987703986,231.01513671875
2019-01-11,39788.73694779385,231.10440063476562
2019-01-14,39585.54418561135,229.69447326660156
2019-01-15,40007.29118976421,232.32693481445312
2019-01-16,40090.39839246902,232.88906860351562
2019-01-17,40348.42884819744,234.65599060058594
2019-01-18,40673.49429361845,237.779296875
2019-01-22,40185.60807787686,234.56674194335938
2019-01-23,40236.761990734165,235.0574951171875
2019-01-24,40287.92848959007,235.18252563476562
2019-01-25,40523.29179144729,237.17245483398438
2019-01-28,40078.46841035679,235.36988830566406
2019-01-29,39999.768958180255,235.0574951171875
2019-01-30,40564.05339166552,238.77874755859375
2019-01-31,40928.19287729262,240.8757781982422
2019-02-01,41016.4058799486,240.99180603027344
2019-02-04,41303.894176964845,242.6873016357422
2019-02-05,41479.48230758034,243.70458984375
2019-02-06,41501.55979876648,243.38330078125
2019-02-07,41041.61850638996,241.06312561035156
2019-02-08,41078.36676543329,241.35772705078125
2019-02-11,41083.422939928634,241.49151611328125
2019-02-12,41639.27042227333,244.5969696044922
2019-02-13,41740.93774376122,245.3911895751953
2019-02-14,41606.50314173707,244.84678649902344
2019-02-15,42108.318646985106,247.51495361328125
2019-02-19,42147.631540815586,247.9433135986328
2019-02-20,42253.30609528864,248.4429473876953
2019-02-21,42112.06031671635,247.55958557128906
2019-02-22,42366.481867052746,249.09437561035156
2019-02-25,42471.05584254464,249.4335174560547
2019-02-26,42417.61022155411,249.25506591796875
2019-02-27,42456.75116558013,249.1480255126953
2019-02-28,42427.27548524714,248.6839599609375
2019-03-01,42591.95810689547,250.23666381835938
2019-03-04,42440.61265218534,249.32647705078125
2019-03-05,42419.95660483024,248.98733520507812
2019-03-06,42178.86321575238,247.479248046875
2019-03-07,41839.87970317683,245.40899658203125
2019-03-08,41805.17839497287,244.91818237304688
2019-03-11,42326.553159498006,248.4697723388672
2019-03-12,42371.29255732242,249.40679931640625
2019-03-13,42712.38795614656,251.05760192871094
2019-03-14,42665.188186472566,250.89698791503906
2019-03-15,42936.89576862546,252.13650512695312
2019-03-18,43068.45390300845,253.0508270263672
2019-03-19,43112.0235482177,253.11351013183594
2019-03-20,42984.204961451105,252.35162353515625
2019-03-21,43357.57307285671,255.2019500732422
2019-03-22,42620.60147297579,250.29025268554688
2019-03-25,42598.79611264464,250.10208129882812
2019-03-26,42964.63819346664,251.96621704101562
2019-03-27,42773.556472791905,250.64871215820312
2019-03-28,42888.5695357438,251.5988006591797
2019-03-29,43157.30550884094,253.18524169921875
2019-04-01,43682.64909519675,256.18780517578125
2019-04-02,43654.308748588584,256.3133239746094
2019-04-03,43758.06863917883,256.7165832519531
2019-04-04,43763.66224057238,257.3978271484375
2019-04-05,43940.4062736186,258.64361572265625
2019-04-08,43959.42619392265,258.8409118652344
2019-04-09,43693.22797645304,257.5143737792969
2019-04-10,43793.21678875946,258.3926696777344
2019-04-11,43745.5728031555,258.32098388671875
2019-04-12,43892.99307164837,260.06878662109375
2019-04-15,43872.25579990973,259.89849853515625
2019-04-16,44133.91710204354,260.06878662109375
2019-04-17,44130.26081477828,259.4324035644531
2019-04-18,44161.05161227119,259.943359375
2019-04-22,44251.33819229884,260.1673583984375
2019-04-23,44557.151401709765,262.5067138671875
2019-04-24,44429.93197987294,261.92413330078125
2019-04-25,44284.39676639797,261.76275634765625
2019-04-26,44331.605563260004,262.9817810058594
2019-04-29,44384.73719890028,263.3939514160156
2019-04-30,44535.67249912081,263.5284423828125
2019-05-01,44194.41826101835,261.5476989746094
2019-05-02,44183.93522290201,260.9830322265625
2019-05-03,44582.74612125706,263.53741455078125
2019-05-06,44405.09630755028,262.4529113769531
2019-05-07,43646.18399179,258.07000732421875
2019-05-08,43525.36689661556,257.71160888671875
2019-05-09,43388.795629406144,256.9317626953125
2019-05-10,43586.40243436266,258.2224426269531
2019-05-13,42615.68698327101,251.7332763671875
2019-05-14,42917.00553450045,254.00979614257812
2019-05-15,43176.009560828425,255.4976348876953
2019-05-16,43483.110551626225,257.8639831542969
2019-05-17,43206.37063950336,256.1967468261719
2019-05-20,42944.967224595,254.50283813476562
2019-05-21,43266.32388465684,256.7973327636719
2019-05-22,42954.24413363271,256.00860595703125
2019-05-23,42477.52268636993,252.88058471679688
2019-05-24,42519.53309816603,253.45407104492188
2019-05-28,42118.988837272336,251.09681701660156
2019-05-29,41874.061065165355,249.41180419921875
2019-05-30,41924.92403653366,250.09304809570312
2019-05-31,41362.11035752091,246.7229461669922
2019-06-03,41345.908849750536,246.09556579589844
2019-06-04,42225.80820837386,251.43751525878906
2019-06-05,42494.365477141866,253.61549377441406
2019-06-06,42851.93184196705,255.26458740234375
2019-06-07,43242.14068220665,257.81903076171875
2019-06-10,43452.6206431953,259.0022888183594
2019-06-11,43535.41078316947,258.9394836425781
2019-06-12,43422.3486553333,258.48236083984375
2019-06-13,43555.351958906744,259.5489501953125
2019-06-14,43481.096318521006,259.2621154785156
2019-06-17,43576.59369616313,259.3606872558594
2019-06-18,44062.02192769728,262.0765380859375
2019-06-19,44153.65158518977,262.66796875
2019-06-20,44573.531638045126,265.1776428222656
2019-06-21,44591.100366659164,264.7922058105469
2019-06-24,44588.67891766493,264.468017578125
2019-06-25,44192.50569822836,261.87408447265625
2019-06-26,44220.27195161216,261.6129150390625
2019-06-27,44339.05624855752,262.54046630859375
2019-06-28,44510.373872209566,263.89154052734375
2019-07-01,44891.49916100476,266.28729248046875
2019-07-02,45025.4500993035,266.9807434082031
2019-07-03,45350.4536242953,269.1153564453125
2019-07-05,45251.711988902556,268.80908203125
2019-07-08,45042.70430139568,267.33197021484375
2019-07-09,45113.93932193768,267.6651306152344
2019-07-10,45313.08674770138,268.9442138671875
2019-07-11,45384.08164021859,269.5746765136719
2019-07-12,45563.688451568916,270.7815856933594
2019-07-15,45614.10700620203,270.87158203125
2019-07-16,45450.153981857824,269.9980163574219
2019-07-17,45292.630008545806,268.16058349609375
2019-07-18,45398.91788096946,269.14227294921875
2019-07-19,45102.63849706532,267.6472473144531
2019-07-22,45183.49568308501,268.30474853515625
2019-07-23,45464.29191976135,270.2231750488281
2019-07-24,45732.66461302418,271.4930419921875
2019-07-25,45456.7661189274,270.1960754394531
2019-07-26,45790.91081200373,272.00640869140625
2019-07-29,45792.749798339915,271.51104736328125
2019-07-30,45676.482771933865,270.84454345703125
2019-07-31,45155.151319034296,267.8813781738281
2019-08-01,44717.60679918063,265.5487365722656
2019-08-02,44533.49275674818,263.54925537109375
2019-08-05,43241.602310103925,255.62350463867188
2019-08-06,43723.516229828645,259.2080993652344
2019-08-07,43733.88549861681,259.36126708984375
2019-08-08,44450.50088789073,264.4499206542969
2019-08-09,44227.07720357959,262.6485900878906
2019-08-12,43759.26891604178,259.4512939453125
2019-08-13,44377.07531726185,263.4862060546875
2019-08-14,43140.52673921278,255.6955108642578
2019-08-15,43241.07451600445,256.37109375
2019-08-16,43882.39839936728,260.15386962890625
2019-08-19,44430.35413111724,263.2881164550781
2019-08-20,44045.89566670625,261.2706604003906
2019-08-21,44415.924449079306,263.3962097167969
2019-08-22,44441.54440967889,263.31512451171875
2019-08-23,43329.26958578924,256.5512390136719
2019-08-26,43838.5790685641,259.38818359375
2019-08-27,43810.1553456487,258.3705139160156
2019-08-28,44123.72486661972,260.1898498535156
2019-08-29,44665.54142869587,263.5132141113281
2019-08-30,44744.91399247789,263.3962097167969
2019-09-03,44451.7834650071,261.85614013671875
2019-09-04,44909.32225521118,264.8282165527344
2019-09-05,45470.22685236087,268.2326965332031
2019-09-06,45492.893137967745,268.43994140625
2019-09-09,45557.79316756981,268.5749206542969
2019-09-10,45621.26743066645,268.5118408203125
2019-09-11,45978.615770579505,270.4213562011719
2019-09-12,46020.20755149414,271.35797119140625
2019-09-13,45985.329859629695,271.1778869628906
2019-09-16,45742.78380595664,270.34027099609375
2019-09-17,45859.651171190504,271.02471923828125
2019-09-18,45878.83220866727,271.1867980957031
2019-09-19,45881.570389254586,271.1688232421875
2019-09-20,45721.67202512355,269.8875732421875
2019-09-23,45723.01828846894,269.82427978515625
2019-09-24,45331.96273540874,267.7070617675781
2019-09-25,45575.36336127504,269.2904052734375
2019-09-26,45522.004515487504,268.7293395996094
2019-09-27,45440.889344023104,267.28173828125
2019-09-30,45601.218583976784,268.5213623046875
2019-10-01,45147.25229510379,265.327392578125
2019-10-02,44305.122850448315,260.6405029296875
2019-10-03,44665.68319222037,262.7757263183594
2019-10-04,45298.69688109179,266.33172607421875
2019-10-07,45153.64798138351,265.1826477050781
2019-10-08,44493.78985088323,261.06573486328125
2019-10-09,44891.41790742742,263.54486083984375
2019-10-10,45182.18776011167,265.327392578125
2019-10-11,45643.19379088989,268.07794189453125
2019-10-14,45601.36289750009,267.7794189453125
2019-10-15,46052.33545654345,270.4305725097656
2019-10-16,45959.643409509685,269.9961853027344
2019-10-17,46080.50209648721,270.7923889160156
2019-10-18,45869.96529049365,269.60711669921875
2019-10-21,46186.55275341292,271.434814453125
2019-10-22,46024.524298437944,270.548095703125
2019-10-23,46027.96708162607,271.33526611328125
2019-10-24,46180.32235291471,271.7786865234375
2019-10-25,46545.34743417282,272.89154052734375
2019-10-28,46835.036329787064,274.4297180175781
2019-10-29,46739.808538891695,274.3483581542969
2019-10-30,46929.249921665905,275.18988037109375
2019-10-31,46820.049340695325,274.4569396972656
2019-11-01,47179.74737803043,276.9994201660156
2019-11-04,47405.622576003945,278.1123046875
2019-11-05,47384.510681207445,277.8048400878906
2019-11-06,47496.40290383535,277.8680419921875
2019-11-07,47778.971538463964,278.8451843261719
2019-11-08,47878.12696348125,279.5329284667969
2019-11-11,47748.21582706632,278.9991455078125
2019-11-12,47792.07823797516,279.5871887207031
2019-11-13,47747.003345207,279.677734375
2019-11-14,47733.05821393578,280.0848693847656
2019-11-15,48057.679182140855,282.1116638183594
2019-11-18,48076.42876680761,282.3197326660156
2019-11-19,47992.531648359916,282.23822021484375
2019-11-20,47843.20951160256,281.1886901855469
2019-11-21,47871.12420313518,280.736328125
2019-11-22,47920.5215811119,281.3605041503906
2019-11-25,48226.53807021459,283.5412292480469
2019-11-26,48288.3406122663,284.1836242675781
2019-11-27,48450.8603371458,285.450439453125
2019-11-29,48281.896793845735,284.3917541503906
2019-12-02,47914.13914410723,281.9759216308594
2019-12-03,47576.57116219832,280.0848693847656
2019-12-04,47925.529308553116,281.81304931640625
2019-12-05,47981.69968582244,282.3197326660156
2019-12-06,48450.13558187021,284.8984375
2019-12-09,48367.67634179192,284.00274658203125
2019-12-10,48361.641162831875,283.6860656738281
2019-12-11,48496.529063248956,284.4913024902344
2019-12-12,48960.23042117101,286.9432678222656
2019-12-13,48896.447216089175,287.1152038574219
2019-12-16,49245.7178171875,289.0877380371094
2019-12-17,49341.31554939975,289.15106201171875
2019-12-18,49348.756666696616,289.1690979003906
2019-12-19,49596.4855310723,290.3544616699219
2019-12-20,49807.50875794009,291.62744140625
2019-12-23,49866.28627731011,292.072998046875
2019-12-24,49859.20117458871,292.0821228027344
2019-12-26,50081.283312936976,293.63690185546875
2019-12-27,50096.01887282492,293.56414794921875
2019-12-30,49747.24507187408,291.9455871582031
2019-12-31,49889.854411936125,292.65484619140625
2020-01-02,50326.726162796076,295.39178466796875
2020-01-03,49989.15116275822,293.15496826171875
2020-01-06,50161.855491302216,294.2735290527344
2020-01-07,50071.12527541221,293.4458923339844
2020-01-08,50359.75433211992,295.0099182128906
2020-01-09,50681.52359104771,297.01025390625
2020-01-10,50491.497103751164,296.1555480957031
2020-01-13,50946.33204623183,298.19232177734375
2020-01-14,50962.945134051835,297.7376403808594
2020-01-15,50972.080942296736,298.4104919433594
2020-01-16,51316.88806395842,300.8928527832031
2020-01-17,51534.825114270556,301.829345703125
2020-01-21,51497.464344750515,301.2383117675781
2020-01-22,51663.70774684856,301.2747497558594
2020-01-23,51783.47752245151,301.6202087402344
2020-01-24,51413.12757821077,298.9378662109375
2020-01-27,50614.26062101891,294.1460876464844
2020-01-28,51112.894069718546,297.228515625
2020-01-29,51126.23559598745,296.98297119140625
2020-01-30,51434.431145392766,297.94677734375
2020-01-31,50534.04741010137,292.53662109375
2020-02-03,51151.05042715897,294.7098083496094
2020-02-04,52059.2227864861,299.20159912109375
2020-02-05,52395.36797392147,302.6568603515625
2020-02-06,52572.88808528698,303.67529296875
2020-02-07,52257.611692902734,302.0566711425781
2020-02-10,52608.275854288695,304.31158447265625
2020-02-11,52757.56817395867,304.8390808105469
2020-02-12,53078.20345109818,306.8030700683594
2020-02-13,53112.095572183425,306.4756774902344
2020-02-14,53213.921281610965,306.96661376953125
2020-02-18,53214.93095364859,306.1755676269531
2020-02-19,53658.54104961655,307.63958740234375
2020-02-20,53442.30621137283,306.37567138671875
2020-02-21,52901.18841542788,303.2204895019531
2020-02-24,51037.930454602836,293.1640930175781
2020-02-25,49463.18866756666,284.28057861328125
2020-02-26,49232.50233650396,283.2349548339844
2020-02-27,46905.06226435323,270.5143737792969
2020-02-28,46470.11841685376,269.3778381347656
2020-03-02,48736.02682414803,281.0436706542969
2020-03-03,47412.9434475957,272.99664306640625
2020-03-04,49398.26795692877,284.4715576171875
2020-03-05,47776.798588217855,275.01519775390625
2020-03-06,47035.43002014754,270.4689025878906
2020-03-09,43491.20714055834,249.34683227539062
2020-03-10,45656.68192046365,262.2491760253906
2020-03-11,43464.56224431521,249.46495056152344
2020-03-12,39298.255985886164,225.59686279296875
2020-03-13,43077.283051455066,244.88233947753906
2020-03-16,37921.94561462747,218.0863494873047
2020-03-17,40361.364505533886,229.8612518310547
2020-03-18,38407.10712026276,218.22279357910156
2020-03-19,38588.273569956145,218.68646240234375
2020-03-20,36833.04764167285,209.26239013671875
2020-03-23,35972.15413549474,203.9119110107422
2020-03-24,39295.311132759925,222.386962890625
2020-03-25,39636.405538545485,225.71615600585938
2020-03-26,42082.89629550206,238.89564514160156
2020-03-27,40861.81102626797,231.7799835205078
2020-03-30,42078.724263492775,239.30722045898438
2020-03-31,41338.429681700225,235.74029541015625
2020-04-01,39647.20494743777,225.1308135986328
2020-04-02,40789.96309682606,230.32579040527344
2020-04-03,40096.63147644974,226.99659729003906
2020-04-06,42803.10913743682,242.2431182861328
2020-04-07,42697.13866710431,242.49005126953125
2020-04-08,44027.74139824784,250.63003540039062
2020-04-09,44593.341606738526,254.44400024414062
2020-04-13,44325.91006076872,252.12091064453125
2020-04-14,45495.565786338855,259.556640625
2020-04-15,44528.8744802036,254.04161071777344
2020-04-16,44698.269385484244,255.26710510253906
2020-04-17,45929.64446717928,262.1632995605469
2020-04-20,45151.59986693614,257.5445861816406
2020-04-21,43825.680411265086,249.7246551513672
2020-04-22,44753.01437615851,255.26710510253906
2020-04-23,44668.678721490105,255.2488555908203
2020-04-24,45237.55484313906,258.8067626953125
2020-04-27,46035.92855426099,262.5382385253906
2020-04-28,45794.74474962864,261.3309631347656
2020-04-29,46815.71524590301,268.1722717285156
2020-04-30,46310.46713116667,265.6754455566406
2020-05-01,45002.30987638113,258.64202880859375
2020-05-04,45195.66795647567,259.35546875
2020-05-05,45549.43084953166,261.751708984375
2020-05-06,45230.16768198334,259.97735595703125
2020-05-07,45659.616340155386,263.114501953125
2020-05-08,46465.580690148556,267.468017578125
2020-05-11,46377.11140934068,267.5228576660156
2020-05-12,45455.59060068858,262.1907653808594
2020-05-13,44739.344882441714,257.5536804199219
2020-05-14,45418.217800131446,260.6358947753906
2020-05-15,45449.77295399971,261.83404541015625
2020-05-18,46826.467170868345,269.8094177246094
2020-05-19,46199.553521428206,267.03814697265625
2020-05-20,46963.091900893945,271.5746154785156
2020-05-21,46643.17040996132,269.69964599609375
2020-05-22,46726.319058676134,270.2118835449219
2020-05-26,47331.70064175646,273.54107666015625
2020-05-27,48214.909511109574,277.6109619140625
2020-05-28,47916.773689479196,277.098876953125
2020-05-29,48091.28966867876,278.33355712890625
2020-06-01,48360.28619823297,279.45855712890625
2020-06-02,48794.32433961375,281.7724914550781
2020-06-03,49456.934354592435,285.52239990234375
2020-06-04,49428.987777262,284.7723693847656
2020-06-05,50666.77967915457,292.0710754394531
2020-06-08,51449.48618856897,295.6013488769531
2020-06-09,51019.85878271417,293.3971252441406
2020-06-10,50734.75971150652,291.76007080078125
2020-06-11,47754.044975520075,274.9403381347656
2020-06-12,48287.858654289834,278.2330017089844
2020-06-15,48776.691136771406,280.8304748535156
2020-06-16,49679.55709207489,286.2358093261719
2020-06-17,49485.24302752551,285.04669189453125
2020-06-18,49540.79484674151,285.15655517578125
2020-06-19,49261.25630909673,283.5268859863281
2020-06-22,49446.617497643776,285.3457336425781
2020-06-23,49643.21845120874,286.659423828125
2020-06-24,48438.58360394479,279.3470764160156
2020-06-25,49058.48282039745,282.3418273925781
2020-06-26,47747.097854386644,275.6358337402344
2020-06-29,48523.76562178721,279.6870422363281
2020-06-30,49274.6963067771,283.2696533203125
2020-07-01,49573.82128264428,285.25396728515625
2020-07-02,49878.46093723603,286.8247375488281
2020-07-06,50679.51388950803,291.2525939941406
2020-07-07,50248.39735220224,288.2486877441406
2020-07-08,50560.40340006794,290.4533386230469
2020-07-09,50260.90050546537,288.7998962402344
2020-07-10,50995.24892719935,291.7486267089844
2020-07-13,50681.26135274215,289.2224426269531
2020-07-14,51345.613861555656,292.970458984375
2020-07-15,51672.057246003045,295.6619873046875
2020-07-16,51538.92238043413,294.6882629394531
2020-07-17,51619.2841313461,295.5426025390625
2020-07-20,51928.00224298567,297.9310607910156
2020-07-21,52022.286613126795,298.5649719238281
2020-07-22,52209.430624174856,300.264404296875
2020-07-23,51668.50876829933,296.6817321777344
2020-07-24,51097.22692879213,294.7709045410156
2020-07-27,51497.3038882918,296.9205627441406
2020-07-28,51323.82665957376,295.0373840332031
2020-07-29,51683.05918825038,298.6659240722656
2020-07-30,51628.22465908871,297.60028076171875
2020-07-31,51617.4497991717,299.9519958496094
2020-08-03,51972.07774115699,302.03741455078125
2020-08-04,52316.32096068231,303.2040100097656
2020-08-05,52588.522672685154,305.0871887207031
2020-08-06,52857.93339632736,307.12652587890625
2020-08-07,53029.65644811623,307.34710693359375
2020-08-10,53178.926616763274,308.2657165527344
2020-08-11,52875.65342101307,305.7209777832031
2020-08-12,53763.82478757984,309.98358154296875
2020-08-13,53550.392064581734,309.4231262207031
2020-08-14,53601.67888378089,309.4323425292969
2020-08-17,53851.86761257913,310.415283203125
2020-08-18,53897.3230887396,311.0858459472656
2020-08-19,53731.720163480095,309.79071044921875
2020-08-20,53850.04289159497,310.7552185058594
2020-08-21,54100.51257769471,311.8575744628906
2020-08-24,54634.14016218993,315.01763916015625
2020-08-25,54794.58373295657,316.1200256347656
2020-08-26,55264.06936540199,319.28924560546875
2020-08-27,55503.11673965942,319.98748779296875
2020-08-28,55881.63970960205,322.0543518066406
2020-08-31,55931.780526347466,320.8877868652344
2020-09-01,56088.43620262822,323.9100036621094
2020-09-02,56952.12475281615,328.59503173828125
2020-09-03,55047.84628432353,317.28668212890625
2020-09-04,54822.9385288866,314.6960754394531
2020-09-08,53103.24153226528,306.0976867675781
2020-09-09,54161.02299379613,312.1423645019531
2020-09-10,53290.459802670324,306.722412109375
2020-09-11,53479.35974448867,306.8785400390625
2020-09-14,54257.47892542486,310.9205627441406
2020-09-15,54605.702937955044,312.49139404296875
2020-09-16,54473.244618983656,311.2512512207031
2020-09-17,54113.339978116994,308.513671875
2020-09-18,53713.8987120312,304.96185302734375
2020-09-21,53198.15199374085,301.5678405761719
2020-09-22,53404.44968058384,304.6390380859375
2020-09-23,52137.86160646776,297.57421875
2020-09-24,52362.75124457982,298.3674011230469
2020-09-25,53129.88023113164,303.1910705566406
2020-09-28,53938.67002411573,308.22686767578125
2020-09-29,53732.26585768667,306.54827880859375
2020-09-30,54338.73806234036,308.87249755859375
2020-10-01,54770.90088939716,310.85540771484375
2020-10-02,54271.90560884236,307.90411376953125
2020-10-05,55219.83499230183,313.36419677734375
2020-10-06,54575.4594531127,308.9093322753906
2020-10-07,55582.76017767537,314.2864074707031
2020-10-08,56086.79914815168,317.0718078613281
2020-10-09,56507.44788884945,319.9032897949219
2020-10-12,57185.23777175042,325.0498352050781
2020-10-13,56880.05528635681,322.9284973144531
2020-10-14,56619.60747497084,320.8994140625
2020-10-15,56512.80991899251,320.5028381347656
2020-10-16,56749.11013324459,320.3092041015625
2020-10-19,55961.6471231054,315.43927001953125
2020-10-20,56160.57032845394,316.70294189453125
2020-10-21,55759.84357855344,316.10333251953125
2020-10-22,56175.360358105,317.8373107910156
2020-10-23,56121.811717222176,318.91644287109375
2020-10-26,55134.6919840742,313.02294921875
2020-10-27,54692.53914539862,311.94384765625
2020-10-28,52933.6311278046,301.281982421875
2020-10-29,53470.91292336593,304.34393310546875
2020-10-30,53024.33053140365,301.1711120605469
2020-11-02,53814.26740729653,304.5469055175781
2020-11-03,54755.105787192435,309.9239196777344
2020-11-04,55616.618424806766,316.8504638671875
2020-11-05,56606.1156886323,323.0299377441406
2020-11-06,56535.37029623248,322.9561767578125
2020-11-09,57342.19709835069,327.0142822265625
2020-11-10,57510.18769418005,326.5346984863281
2020-11-11,57888.3223742721,328.9604187011719
2020-11-12,57291.71463175902,325.7691955566406
2020-11-13,57998.51836722357,330.279296875
2020-11-16,58684.731830602774,334.4020080566406
2020-11-17,58489.67752063726,332.603515625
2020-11-18,57943.84761581852,328.6006774902344
2020-11-19,58165.541979422655,329.9841003417969
2020-11-20,57826.16928572491,327.72454833984375
2020-11-23,58330.39763873413,329.68902587890625
2020-11-24,59422.528112590764,335.00146484375
2020-11-25,59370.533069786215,334.4849853515625
2020-11-27,59544.407190305,335.4165954589844
2020-11-30,59163.02249201576,333.9317626953125
2020-12-01,59768.059178569274,337.5839538574219
2020-12-02,60069.03709599957,338.29412841796875
2020-12-03,59978.00886699431,338.20196533203125
2020-12-04,60589.783781008584,341.1164245605469
2020-12-07,60580.902034699626,340.4154357910156
2020-12-08,60795.644156463604,341.4115905761719
2020-12-09,60561.75176704324,338.34954833984375
2020-12-10,60500.81915778565,338.23883056640625
2020-12-11,60219.21108292912,337.84222412109375
2020-12-14,59971.93270731579,336.3296813964844
2020-12-15,60681.97188028501,340.876708984375
2020-12-16,60646.55890456253,341.4115905761719
2020-12-17,61001.64889603041,343.32080078125
2020-12-18,60901.41742839052,341.949951171875
2020-12-21,60620.07883458759,340.7272644042969
2020-12-22,60186.97545165703,340.1529846191406
2020-12-23,60342.9701807536,340.45867919921875
2020-12-24,60534.64372000165,341.783203125
2020-12-28,60856.66254651183,344.71942138671875
2020-12-29,60820.96800751936,344.06170654296875
2020-12-30,61025.23140865111,344.55267333984375
2020-12-31,61515.293662802724,346.30322265625
2021-01-04,60896.78587183231,341.5887145996094
2021-01-05,61263.215328184764,343.9412841796875
2021-01-06,61763.299704401514,345.9975280761719
2021-01-07,62412.234791948315,351.13818359375
2021-01-08,62673.60465399722,353.1388854980469
2021-01-11,62577.074182234275,350.7584533691406
2021-01-12,62662.34207669806,350.83258056640625
2021-01-13,62917.457971507305,351.77734375
2021-01-14,62750.241060623106,350.54541015625
2021-01-15,62201.879003293456,347.989013671875
2021-01-19,62578.482300010146,350.7214660644531
2021-01-20,63219.94203236146,355.574951171875
2021-01-21,63201.17993087475,355.8991394042969
2021-01-22,62881.47889253725,354.6394958496094
2021-01-25,63124.69800784236,356.03814697265625
2021-01-26,63093.79938411122,355.48236083984375
2021-01-27,61460.94630228879,346.7941589355469
2021-01-28,61999.88174090884,349.77667236328125
2021-01-29,60999.81039143912,342.7742919921875
2021-02-01,61589.79366912984,348.4799499511719
2021-02-02,62429.39807417875,353.407470703125
2021-02-03,62452.826314206155,353.6853942871094
2021-02-04,63024.98071569105,357.705322265625
2021-02-05,63196.45234456888,359.11309814453125
2021-02-08,63677.97416184647,361.7066650390625
2021-02-09,63594.62359855941,361.4658508300781
2021-02-10,63538.121440117575,361.3084411621094
2021-02-11,63514.523123066756,361.891845703125
2021-02-12,63744.254803656055,363.6795654296875
2021-02-16,63852.52129720782,363.3646240234375
2021-02-17,63972.105892958934,363.4480285644531
2021-02-18,63659.490721842,361.9010925292969
2021-02-19,63563.74207886328,361.2621154785156
2021-02-22,63305.29476997417,358.48333740234375
2021-02-23,63376.7784872415,358.9186706542969
2021-02-24,64119.78519700734,362.8736267089844
2021-02-25,62818.38657805288,354.1300048828125
2021-02-26,62290.74809347528,352.30523681640625
2021-03-01,63613.35858098908,360.84521484375
2021-03-02,63179.75954266068,358.0295104980469
2021-03-03,62694.86430051364,353.287109375
2021-03-04,62013.81743288506,348.915283203125
2021-03-05,63194.68180870132,355.33416748046875
2021-03-08,63116.40404797831,353.5650329589844
2021-03-09,63825.96240035839,358.6130065917969
2021-03-10,64332.69314774735,360.84521484375
2021-03-11,64551.28051173659,364.5038757324219
2021-03-12,64821.827271489215,364.994873046875
2021-03-15,65098.20197664268,367.1714782714844
2021-03-16,65068.80222520242,366.70843505859375
2021-03-17,65290.98668633401,367.95880126953125
2021-03-18,64590.161102675855,362.6051025390625
2021-03-19,64578.183082806085,361.9342956542969
2021-03-22,65003.57776176048,364.82421875
2021-03-23,64628.40895320218,361.9527587890625
2021-03-24,64345.10454071793,360.11279296875
2021-03-25,64824.59864190373,362.1387023925781
2021-03-26,65965.70697753593,367.9744873046875
2021-03-29,66066.47072382444,367.78857421875
2021-03-30,65804.75736173685,366.81292724609375
2021-03-31,65960.58755496709,368.2997131347656
2021-04-01,66599.94003485201,372.2770080566406
2021-04-05,67344.0889160084,377.6203308105469
2021-04-06,67167.49416517136,377.3973388671875
2021-04-07,67325.10061410429,377.83404541015625
2021-04-08,67500.00183824058,379.6275634765625
2021-04-09,67902.75016399317,382.3875732421875
2021-04-12,67871.64701846224,382.5269775390625
2021-04-13,67969.82506003963,383.6605529785156
2021-04-14,67977.92233071548,382.3503723144531
2021-04-15,68553.20357348007,386.457763671875
2021-04-16,68778.63534510703,387.74945068359375
2021-04-19,68389.12354935403,385.8444519042969
2021-04-20,67756.31765907745,383.0194396972656
2021-04-21,68204.40554675314,386.64361572265625
2021-04-22,67458.04718798127,383.1123352050781
2021-04-23,67945.66424114328,387.2662353515625
2021-04-26,68047.15230688527,388.0746765136719
2021-04-27,68131.97840619566,387.99102783203125
2021-04-28,68139.95037335937,387.8795471191406
2021-04-29,68824.55830150338,390.3514709472656
2021-04-30,68274.88233232748,387.7867126464844
2021-05-03,68684.11298511259,388.6229553222656
2021-05-04,68567.38350789112,386.2254333496094
2021-05-05,68952.92408982248,386.3462829589844
2021-05-06,69607.17756749675,389.4314270019531
2021-05-07,70121.98063434896,392.2657775878906
2021-05-10,69536.62785167621,388.38140869140625
2021-05-11,68751.85912214898,384.91510009765625
2021-05-12,67552.48515811411,376.7375183105469
2021-05-13,68282.55030724929,381.2630920410156
2021-05-14,69280.35607600468,387.1175231933594
2021-05-17,69302.70658415639,386.1325378417969
2021-05-18,68632.31784882546,382.8056945800781
2021-05-19,68305.42205020087,381.80206298828125
2021-05-20,68839.692417585,385.90948486328125
2021-05-21,69014.1663250893,385.5935363769531
2021-05-24,69557.91251778776,389.5244140625
2021-05-25,69259.29513869814,388.6601257324219
2021-05-26,69380.06728024362,389.4314270019531
2021-05-27,69623.17708377542,389.6358947753906
2021-05-28,69675.93188624748,390.3329162597656
2021-06-01,69840.81522278358,389.9890441894531
2021-06-02,70203.5579490135,390.602294921875
2021-06-03,70106.28983785328,389.15264892578125
2021-06-04,70593.3873771558,392.7118835449219
2021-06-07,70611.65724401278,392.33074951171875
2021-06-08,70533.81692954288,392.4143371582031
2021-06-09,70247.970893917,391.8289794921875
2021-06-10,70365.54220358956,393.6502990722656
2021-06-11,70416.25375381767,394.3008728027344
2021-06-14,70364.57712965121,395.1836242675781
2021-06-15,70278.7179430184,394.45880126953125
2021-06-16,69733.62781767712,392.2564392089844
2021-06-17,69354.39546496188,392.1263122558594
2021-06-18,68269.78211686363,386.83642578125
2021-06-21,69429.10665528734,392.3742980957031
2021-06-22,69742.40044335848,394.4720153808594
2021-06-23,69685.14749013617,393.9966125488281
2021-06-24,70352.2960335037,396.327392578125
2021-06-25,70538.28034960027,397.73516845703125
2021-06-28,70492.92075512577,398.5369873046875
2021-06-29,70387.81119607932,398.7513732910156
2021-06-30,70666.2121505769,399.0870361328125
2021-07-01,71145.61314168102,401.2966003417969
2021-07-02,71472.32766173706,404.3638610839844
2021-07-06,70981.62859610011,403.6273498535156
2021-07-07,71034.23895989756,405.0538635253906
2021-07-08,70516.5242432407,401.75341796875
2021-07-09,71435.92455391325,406.0421142578125
2021-07-12,71737.0471459617,407.4964599609375
2021-07-13,71374.86011251382,406.1072692871094
2021-07-14,71344.74865273036,406.71331787109375
2021-07-15,71185.80835187035,405.3242492675781
2021-07-16,70475.52327509907,402.1449279785156
2021-07-19,69288.10216484145,396.2061767578125
2021-07-20,70287.63203287842,401.8838806152344
2021-07-21,71051.81556067795,405.1376953125
2021-07-22,70854.19198355167,405.986083984375
2021-07-23,71334.31731953392,410.16302490234375
2021-07-26,71650.5627047997,411.1697692871094
2021-07-27,71293.94593285648,409.2958984375
2021-07-28,71313.91830864026,409.1280822753906
2021-07-29,71769.34450691217,410.82489013671875
2021-07-30,71230.20252616983,408.8297119140625
2021-08-02,71090.24629836755,407.971923828125
2021-08-03,71726.47197997103,411.291015625
2021-08-04,71254.882537366,409.2679138183594
2021-08-05,71772.84728391873,411.85980224609375
2021-08-06,72034.14287831415,412.5403137207031
2021-08-09,71927.1881245763,412.2047119140625
2021-08-10,72306.8060381201,412.7174377441406
2021-08-11,72625.86827759577,413.7429504394531
2021-08-12,72700.18631572016,414.9830017089844
2021-08-13,72632.72063637828,415.7381896972656
2021-08-16,72706.23004178105,416.71710205078125
2021-08-17,72057.26983430468,413.9854431152344
2021-08-18,71361.36052464883,409.45428466796875
2021-08-19,71244.67139691717,410.08831787109375
2021-08-20,71708.50337074822,413.3514404296875
2021-08-23,72371.74566620737,416.987548828125
2021-08-24,72488.07563664783,417.6494140625
2021-08-25,72730.97919604332,418.52587890625
2021-08-26,72327.71251062858,416.0551452636719
2021-08-27,72994.34318975624,419.7751159667969
2021-08-30,72975.12298835935,421.6211242675781
2021-08-31,72775.28807444547,420.99639892578125
2021-09-01,72602.02200436313,421.2201843261719
2021-09-02,72993.85604170084,422.5160827636719
2021-09-03,72854.25963771866,422.4136047363281
2021-09-07,72484.2180416018,420.9032287597656
2021-09-08,72358.75605449792,420.3904113769531
2021-09-09,72010.06781110306,418.5910949707031
2021-09-10,71698.70572462845,415.2906494140625
2021-09-13,72221.03985743706,416.35345458984375
2021-09-14,71582.05198857014,414.106689453125
2021-09-15,72249.2712552391,417.5655212402344
2021-09-16,72003.4118734082,416.903564453125
2021-09-17,71476.88024264347,412.8424987792969
2021-09-20,70243.06637776806,405.9587097167969
2021-09-21,70249.59968464471,405.5751647949219
2021-09-22,71018.05006496565,409.5315246582031
2021-09-23,72042.464528689,414.50732421875
2021-09-24,72305.0989918551,415.1901550292969
2021-09-27,72523.125914575,414.0023193359375
2021-09-28,71520.37038055254,405.6593017578125
2021-09-29,71772.2478069388,406.3421325683594
2021-09-30,70841.52713960636,401.3757019042969
2021-10-01,71755.42166004324,406.14569091796875
2021-10-04,71130.85448960747,400.90802001953125
2021-10-05,71804.76293727756,405.0794677734375
2021-10-06,71943.9420724518,406.7630310058594
2021-10-07,72508.16590395321,410.27972412109375
2021-10-08,72637.93796184329,409.5315246582031
2021-10-11,72157.47864524958,406.56658935546875
2021-10-12,71814.59291250627,405.5658264160156
2021-10-13,71879.39506186427,407.02490234375
2021-10-14,72844.16325343036,413.8713073730469
2021-10-15,73582.50921084548,417.02325439453125
2021-10-18,73797.22464201454,418.2579040527344
2021-10-19,74451.89126643799,421.4847106933594
2021-10-20,74819.94658563628,423.1402282714844
2021-10-21,74876.47717904074,424.24383544921875
2021-10-22,74983.53490543629,423.8042907714844
2021-10-25,75425.36303943393,426.0769958496094
2021-10-26,75747.85378651894,426.46044921875
2021-10-27,74960.54797819511,424.5711669921875
2021-10-28,75660.78015014846,428.6678466796875
2021-10-29,75860.89051234275,429.5377197265625
2021-11-01,76116.40377347324,430.27655029296875
2021-11-02,76317.57889611681,432.0162353515625
2021-11-03,76711.98853893904,434.6537780761719
2021-11-04,77104.35701719286,436.70208740234375
2021-11-05,77633.52381529471,438.2172546386719
2021-11-08,77757.84176266454,438.5914001464844
2021-11-09,77419.23996275016,437.14166259765625
2021-11-10,77060.68912907192,433.6248779296875
2021-11-11,77141.30383562944,433.76519775390625
2021-11-12,77455.61617964352,437.03875732421875
2021-11-15,77551.16075904343,437.1883850097656
2021-11-16,77820.36756480692,438.91876220703125
2021-11-17,77502.65962020811,437.8525390625
2021-11-18,77609.32161247398,439.33966064453125
2021-11-19,77125.83355641371,438.553955078125
2021-11-22,77194.40606039818,437.31939697265625
2021-11-23,77613.72687633887,437.8993225097656
2021-11-24,77835.34199087636,439.06842041015625
2021-11-26,76086.94646734725,429.2757568359375
2021-11-29,76776.53495582328,434.5415344238281
2021-11-30,75329.91714101445,426.08636474609375
2021-12-01,74598.86520961864,421.3537292480469
2021-12-02,75607.51880396059,427.8073425292969
2021-12-03,75191.99035486027,424.0848388671875
2021-12-06,76074.59686323062,429.1074523925781
2021-12-07,77448.14913693225,437.9834289550781
2021-12-08,77325.53571740465,439.1432800292969
2021-12-09,76994.40597936022,436.17828369140625
2021-12-10,77934.42639555226,440.2842102050781
2021-12-13,77150.89297688875,436.3840637207031
2021-12-14,76814.53204386156,433.3817443847656
2021-12-15,78170.65410150659,440.1532897949219
2021-12-16,77958.33890295646,436.2718200683594
2021-12-17,76731.34421564038,431.628662109375
2021-12-20,76046.20799033743,427.03900146484375
2021-12-21,77055.00884061973,434.6227111816406
2021-12-22,77728.46926752522,438.96844482421875
2021-12-23,78183.0132211566,441.6997375488281
2021-12-27,79104.20125295449,447.9507141113281
2021-12-28,79038.52450470313,447.5846862792969
2021-12-29,79040.58012574022,448.1571960449219
2021-12-30,78822.46330578976,446.918212890625
2021-12-31,78744.6369841519,445.7918701171875
2022-01-03,79670.08979834683,448.3730773925781
2022-01-04,80198.12417281556,448.222900390625
2022-01-05,79311.64710336682,439.61602783203125
2022-01-06,79488.72678929572,439.20306396484375
2022-01-07,79580.99836325628,437.4666442871094
2022-01-10,79473.55102161727,436.9222717285156
2022-01-11,80174.71696109031,440.90179443359375
2022-01-12,80253.79540547132,442.0939025878906
2022-01-13,79583.4791888515,436.0025329589844
2022-01-14,79567.46594227609,436.1808166503906
2022-01-18,78328.68868002406,428.45611572265625
2022-01-19,77438.73261053098,424.0072937011719
2022-01-20,76660.21039775822,419.3143615722656
2022-01-21,75299.43195477828,411.0829772949219
2022-01-24,75330.13126687906,412.8287353515625
2022-01-25,75208.02669671674,407.7884826660156
2022-01-26,75168.63283067645,406.7654113769531
2022-01-27,74883.01889645624,404.7568359375
2022-01-28,76202.89356979808,414.8091735839844
2022-01-31,77274.52250083066,422.2802429199219
2022-02-01,78372.86481200482,425.1335754394531
2022-02-02,79054.14385519915,429.2633972167969
2022-02-03,77442.25564295366,419.1736145019531
2022-02-04,77717.73968038787,421.1446228027344
2022-02-07,77763.52225609147,419.79302978515625
2022-02-08,78050.05363929916,423.2470703125
2022-02-09,78820.9382854208,429.4417419433594
2022-02-10,77513.37890729053,421.72650146484375
2022-02-11,76582.61697064684,413.4106140136719
2022-02-14,76149.88686612778,412.0591125488281
2022-02-15,77140.91106700398,418.7042541503906
2022-02-16,77160.18635230072,419.1736145019531
2022-02-17,75830.20858661625,410.21942138671875
2022-02-18,75269.78103749042,407.56329345703125
2022-02-22,74518.67406198314,403.189453125
2022-02-23,73491.0491737118,396.0373229980469
2022-02-24,73755.72271886125,401.9974365234375
2022-02-25,75533.93346685206,410.8670959472656
2022-02-28,75387.977590208,409.8157958984375
2022-03-01,74092.91839118261,403.57421875
2022-03-02,75529.46876242738,410.99847412109375
2022-03-03,75267.88745240735,408.9523010253906
2022-03-04,74968.59421861295,405.6297302246094
2022-03-07,73565.87687464281,393.672119140625
2022-03-08,73598.90861772184,390.68743896484375
2022-03-09,74677.8003871933,401.16204833984375
2022-03-10,74718.75380725907,399.3504943847656
2022-03-11,74129.16338985715,394.2728271484375
2022-03-14,73836.34730026347,391.39129638671875
2022-03-15,74684.27058593695,399.9981689453125
2022-03-16,75816.05157262282,408.86785888671875
2022-03-17,76870.7255303446,413.983154296875
2022-03-18,77398.8311975382,418.5174865722656
2022-03-21,77452.51997074037,418.3951110839844
2022-03-22,78057.1650906812,423.2908935546875
2022-03-23,77251.39922529898,417.8395690917969
2022-03-24,78143.72598230444,424.13818359375
2022-03-25,78672.82588269282,426.2095642089844
2022-03-28,78740.52107606422,429.2412109375
2022-03-29,79382.29220631161,434.5512390136719
2022-03-30,78987.2266433932,431.8680419921875
2022-03-31,77787.59963103537,425.22100830078125
2022-04-01,78010.09071317907,426.4260559082031
2022-04-04,78421.98898500766,430.0791015625
2022-04-05,77617.85367912546,424.6466369628906
2022-04-06,77418.11931149317,420.4004211425781
2022-04-07,77803.53176007807,422.518798828125
2022-04-08,77861.82436991212,421.3890686035156
2022-04-11,76725.39748699234,414.1865539550781
2022-04-12,76565.6164893451,412.6518859863281
2022-04-13,77275.18107137198,417.3782653808594
2022-04-14,76830.73233165743,412.18115234375
2022-04-18,76862.94900373928,412.3506164550781
2022-04-19,77752.0836852986,419.00701904296875
2022-04-20,77728.37294673012,418.69635009765625
2022-04-21,76825.46223198768,412.435302734375
2022-04-22,75035.47100361314,401.11846923828125
2022-04-25,75285.52861913276,403.4439392089844
2022-04-26,73585.86436714865,391.7598876953125
2022-04-27,73614.272045667,392.8614196777344
2022-04-28,75340.00977682718,402.7848815917969
2022-04-29,72985.70533657979,387.89971923828125
2022-05-02,73277.7070823505,390.23468017578125
2022-05-03,73594.70877203264,392.0235290527344
2022-05-04,75753.5864421289,403.9617919921875
2022-05-05,73648.28890665245,389.6038818359375
2022-05-06,73644.93965153063,387.2783203125
2022-05-09,71776.61714916925,374.87872314453125
2022-05-10,71796.39901743969,375.7449035644531
2022-05-11,71106.2444958072,369.7757873535156
2022-05-12,71147.56015435295,369.38983154296875
2022-05-13,72342.14551353232,378.2209777832031
2022-05-16,72480.34784343219,376.68646240234375
2022-05-17,73663.88486892158,384.4350280761719
2022-05-18,71019.42059304143,368.93780517578125
2022-05-19,70401.40608460084,366.6782531738281
2022-05-20,70604.63310610375,366.8382873535156
2022-05-23,71992.69316284139,373.7018737792969
2022-05-24,71941.37113475554,370.8490905761719
2022-05-25,72492.1772679525,374.12548828125
2022-05-26,73777.94787509902,381.6010437011719
2022-05-27,75026.78155463735,390.96905517578125
2022-05-31,74474.78175002239,388.7754211425781
2022-06-01,73958.17973003422,385.6307678222656
2022-06-02,74861.84666419866,392.9743957519531
2022-06-03,74169.49231835082,386.525146484375
2022-06-06,74260.09782948926,387.7019958496094
2022-06-07,74999.8876807948,391.4209899902344
2022-06-08,74326.24711633543,387.1653747558594
2022-06-09,72762.7902311552,377.95745849609375
2022-06-10,70970.4317421424,366.9983215332031
2022-06-13,68716.66253434247,353.0640869140625
2022-06-14,68376.14866063865,352.0002136230469
2022-06-15,68972.35546682238,357.0184326171875
2022-06-16,67178.68294439199,345.2025146484375
2022-06-17,66866.650659925,345.9466552734375
2022-06-21,68591.37965372138,354.65545654296875
2022-06-22,68378.9973711879,354.012451171875
2022-06-23,68603.84172060147,357.4826354980469
2022-06-24,70429.59430843302,368.8484802246094
2022-06-27,70456.2768973868,367.4395446777344
2022-06-28,69514.18778431782,359.93170166015625
2022-06-29,69411.76654543066,359.63861083984375
2022-06-30,69011.66808503954,356.7167053222656
2022-07-01,69646.89864397718,360.4895935058594
2022-07-05,69317.85847403682,361.1704406738281
2022-07-06,69405.75154636498,362.3901672363281
2022-07-07,70338.76683843433,367.8177490234375
2022-07-08,70337.0045120627,367.5152282714844
2022-07-11,69726.1601527901,363.3168029785156
2022-07-12,69307.17327486252,360.1019287109375
2022-07-13,69046.75707050448,358.2107849121094
2022-07-14,68924.01308867338,357.34088134765625
2022-07-15,70298.20192925572,364.1678771972656
2022-07-18,69840.25856964696,361.1609191894531
2022-07-19,71407.21158907485,370.9192199707031
2022-07-20,71478.33292671859,373.2831115722656
2022-07-21,71848.1293081187,377.0843505859375
2022-07-22,71479.7721521918,373.5857849121094
2022-07-25,71777.2878264377,374.03961181640625
2022-07-26,71182.86829519298,369.61431884765625
2022-07-27,72370.04621525145,379.21185302734375
2022-07-28,72930.39274111694,383.9681396484375
2022-07-29,73755.42179497803,389.56585693359375
2022-08-01,73774.21850450533,388.4123229980469
2022-08-02,72974.33463390822,385.849853515625
2022-08-03,73670.39769986348,391.89202880859375
2022-08-04,73383.06843410543,391.6272888183594
2022-08-05,73420.32683258498,390.96533203125
2022-08-08,73300.63113668491,390.5114440917969
2022-08-09,73194.33237073621,388.96075439453125
2022-08-10,74411.74569501884,397.1304626464844
2022-08-11,74502.39569479768,397.1304626464844
2022-08-12,75621.72705208928,403.8534851074219
2022-08-15,75840.25109568378,405.5176696777344
2022-08-16,76087.69252717053,406.31201171875
2022-08-17,75696.51340705408,403.4279479980469
2022-08-18,76095.60928352216,404.6004638671875
2022-08-19,75462.27131544489,399.1634216308594
2022-08-22,74126.36963841748,390.8518371582031
2022-08-23,74063.71600753213,389.90631103515625
2022-08-24,74167.9999688073,391.15447998046875
2022-08-25,75038.66176143842,396.6766052246094
2022-08-26,72861.87692153438,383.24945068359375
2022-08-29,72517.67615139266,380.71533203125
2022-08-30,71726.32270479476,376.535888671875
2022-08-31,71127.15917085751,373.6708984375
2022-09-01,71412.49030791351,374.8433532714844
2022-09-02,70785.57005586968,370.8908386230469
2022-09-06,70464.40917183939,369.4914245605469
2022-09-07,71391.55283767307,376.1293029785156
2022-09-08,71946.38724948173,378.5877380371094
2022-09-09,72965.27793198237,384.46929931640625
2022-09-12,73571.97789868953,388.6014099121094
2022-09-13,70688.89509929476,371.7040710449219
2022-09-14,70997.32682068118,373.1224365234375
2022-09-15,70365.79379011311,368.8862609863281
2022-09-16,70035.71142778835,366.07208251953125
2022-09-19,70391.12415066149,368.9108581542969
2022-09-20,69645.93028265897,364.6763916015625
2022-09-21,68526.44833179913,358.3149719238281
2022-09-22,68252.79288599017,355.30523681640625
2022-09-23,66873.30917107062,349.3521728515625
2022-09-26,66150.79100665533,345.8961486816406
2022-09-27,65937.7740650479,345.01318359375
2022-09-28,67176.75398216872,351.80169677734375
2022-09-29,65992.74307536785,344.4529724121094
2022-09-30,65050.13613429706,339.12652587890625
2022-10-03,66668.85348967752,348.0798645019531
2022-10-04,68468.13129868101,358.8656921386719
2022-10-05,68388.62441368336,358.0301208496094
2022-10-06,67699.49480344928,354.3368225097656
2022-10-07,66259.78913539629,344.4529724121094
2022-10-10,65865.54479053573,341.82293701171875
2022-10-11,65581.24925793931,339.6582946777344
2022-10-12,65502.9621431321,338.537841796875
2022-10-13,67391.16305675382,347.4722595214844
2022-10-14,66284.99984908765,339.55377197265625
2022-10-17,67655.02438905532,348.27923583984375
2022-10-18,68333.21195969588,352.3714599609375
2022-10-19,68039.62802189685,349.8743896484375
2022-10-20,67735.4012005674,346.94049072265625
2022-10-21,69540.56680281539,355.37176513671875
2022-10-24,70472.76656975332,359.7201843261719
2022-10-25,71294.45682277415,365.4644470214844
2022-10-26,71476.70760952585,362.7110290527344
2022-10-27,71427.8340511843,360.7741394042969
2022-10-28,73063.96385348092,369.357177734375
2022-10-31,72617.35789126999,366.6891784667969
2022-11-01,72605.01809944586,365.0845642089844
2022-11-02,71380.23616769869,355.92236328125
2022-11-03,71052.91385363888,352.25750732421875
2022-11-04,72075.7684070625,357.32757568359375
2022-11-07,72839.04717382268,360.7456359863281
2022-11-08,73343.9493125483,362.6920471191406
2022-11-09,72031.79220716584,355.2198181152344
2022-11-10,74969.69622479434,374.7406005859375
2022-11-11,75354.80968625107,378.36749267578125
2022-11-14,74965.05345762977,375.14886474609375
2022-11-15,75428.17978731047,378.3485107421875
2022-11-16,74946.87175841532,375.46221923828125
2022-11-17,74959.91605002563,374.3133544921875
2022-11-18,75312.53647269461,376.0129089355469
2022-11-21,75162.64074258765,374.6456604003906
2022-11-22,76178.6506343044,379.6872253417969
2022-11-23,76330.51763765309,382.0799255371094
2022-11-25,76374.42942488701,381.9943542480469
2022-11-28,75380.70394296871,375.8989562988281
2022-11-29,75432.48715996002,375.2533264160156
2022-11-30,77200.71316881296,387.073974609375
2022-12-01,77091.58584731648,386.7890930175781
2022-12-02,76997.81233594457,386.3429260253906
2022-12-05,75722.09189104257,379.3928527832031
2022-12-06,74776.10337516319,373.92401123046875
2022-12-07,74730.78002607186,373.28790283203125
2022-12-08,75179.01845099495,376.2122497558594
2022-12-09,74560.89100961942,373.4018859863281
2022-12-12,75641.48744999614,378.7852783203125
2022-12-13,76109.68819873645,381.6526184082031
2022-12-14,75834.56186603052,379.21246337890625
2022-12-15,74213.07983913254,369.9363708496094
2022-12-16,73542.14393084568,365.5688781738281
2022-12-19,73225.75701319354,362.4689025878906
2022-12-20,73360.83509061573,362.96490478515625
2022-12-21,74444.84135104973,368.39208984375
2022-12-22,73534.61905581232,363.13653564453125
2022-12-23,74013.28763523174,365.2254333496094
2022-12-27,73976.98769466634,363.7851867675781
2022-12-28,73221.206862364,359.26409912109375
2022-12-29,74107.08335095491,365.73095703125
2022-12-30,74029.84563576749,364.76763916015625
2023-01-03,73899.59790876352,363.2319641113281
2023-01-04,74587.87630784647,366.03619384765625
2023-01-05,74089.10109079078,361.85845947265625
2023-01-06,75770.05127490665,370.15673828125
2023-01-09,75413.62135969552,369.9468688964844
2023-01-10,75828.53017981454,372.5412292480469
2023-01-11,76437.53922872887,377.2530212402344
2023-01-12,76742.9030400898,378.62652587890625
2023-01-13,77093.6250802642,380.0954284667969
2023-01-17,76669.84960802566,379.3992004394531
2023-01-18,75366.26564795976,373.4091796875
2023-01-19,74785.3983801001,370.6908264160156
2023-01-20,75781.23256162416,377.5964050292969
2023-01-23,76449.595351054,382.1270446777344
2023-01-24,76497.88721261102,381.7170104980469
2023-01-25,76713.14422673303,381.8599548339844
2023-01-26,77144.13695143079,386.05682373046875
2023-01-27,77224.58574686424,386.9438171386719
2023-01-30,76484.4468100745,382.0888977050781
2023-01-31,77344.0037252666,387.7068786621094
2023-02-01,77673.66036191187,391.82733154296875
2023-02-02,77937.61271584555,397.53118896484375
2023-02-03,77496.16949519681,393.3058166503906
2023-02-06,77307.55959769383,390.90216064453125
2023-02-07,77912.70183171902,396.0146179199219
2023-02-08,77199.98446450706,391.68426513671875
2023-02-09,76519.54840982064,388.28875732421875
2023-02-10,76942.37014486537,389.19488525390625
2023-02-13,77748.43089133137,393.76361083984375
2023-02-14,77660.44004577652,393.5823669433594
2023-02-15,77663.02906195704,394.8605651855469
2023-02-16,76795.30592892009,389.42376708984375
2023-02-17,76757.29844148859,388.450927734375
2023-02-21,75435.2894359566,380.6581726074219
2023-02-22,75233.58440847475,380.1335754394531
2023-02-23,75605.53218004994,382.1556396484375
2023-02-24,75014.50165011697,378.0733337402344
2023-02-27,75127.37633911592,379.36102294921875
2023-02-28,74762.90183372736,377.9588928222656
2023-03-01,74547.45637394728,376.50909423828125
2023-03-02,75013.49710129164,379.43731689453125
2023-03-03,75990.98548412028,385.5226135253906
2023-03-06,76125.7715727093,385.7897033691406
2023-03-07,74910.33008896027,379.8760681152344
2023-03-08,74898.80312375345,380.4960632324219
2023-03-09,73711.99623979557,373.47601318359375
2023-03-10,72978.20430685458,368.0869140625
2023-03-13,72571.04130346864,367.5622253417969
2023-03-14,73587.83159425008,373.6380920410156
2023-03-15,73033.6032810855,371.30133056640625
2023-03-16,73878.38500300545,377.8157653808594
2023-03-17,73015.46882932677,373.39813232421875
2023-03-20,73788.13323912448,376.98858642578125
2023-03-21,74572.10572348611,381.9386291503906
2023-03-22,73458.09777933627,375.4279479980469
2023-03-23,73643.72084735922,376.4428405761719
2023-03-24,73970.94622271688,378.9130554199219
2023-03-27,74449.45034461671,379.6215515136719
2023-03-28,74347.1967811205,378.7694091796875
2023-03-29,75236.35553589724,384.27484130859375
2023-03-30,75532.8181631097,386.5248107910156
2023-03-31,76461.30900276873,391.9727783203125
2023-04-03,77187.09540596994,393.46636962890625
2023-04-04,76665.702650362,391.2834167480469
2023-04-05,76833.42850585488,390.2589111328125
2023-04-06,76922.95623677758,391.78131103515625
2023-04-10,77028.83569229853,392.183349609375
2023-04-11,77217.41378585869,392.2886962890625
2023-04-12,76945.93468879734,390.68975830078125
2023-04-13,77765.13640191605,395.879150390625
2023-04-14,77884.3743867217,394.91217041015625
2023-04-17,78088.6918745714,396.32916259765625
2023-04-18,78179.4898157753,396.5876770019531
2023-04-19,78166.5703736064,396.5207214355469
2023-04-20,77585.7851385204,394.3568115234375
2023-04-21,77663.18980390731,394.6632385253906
2023-04-24,77695.28233660781,395.074951171875
2023-04-25,76654.19815156907,388.8035583496094
2023-04-26,75783.6170698879,387.1567687988281
2023-04-27,76942.49117901472,394.8642578125
2023-04-28,77584.21347289925,398.2344970703125
2023-05-01,77623.77074876237,397.8323974609375
2023-05-02,76504.37318832986,393.361083984375
2023-05-03,76059.13515112335,390.6611022949219
2023-05-04,75467.24196133752,387.8940124511719
2023-05-05,76702.88276694702,395.074951171875
2023-05-08,76738.56950530263,395.1802673339844
2023-05-09,76530.49801299734,393.4472351074219
2023-05-10,76535.18737152826,395.2855529785156
2023-05-11,76341.03419693935,394.59619140625
2023-05-12,76244.02034181484,394.0792236328125
2023-05-15,76487.6862276242,395.438720703125
2023-05-16,75752.4998770467,392.796142578125
2023-05-17,76838.13902936548,397.56427001953125
2023-05-18,77345.44992020559,401.3941955566406
2023-05-19,77270.67003715776,400.8100891113281
2023-05-22,77121.11998348181,400.97283935546875
2023-05-23,76643.98794419662,396.4728088378906
2023-05-24,76078.89616266506,393.60040283203125
2023-05-25,76404.83422953078,397.00897216796875
2023-05-26,77413.13625275667,402.1504821777344
2023-05-30,77411.67153920034,402.30364990234375
2023-05-31,76987.89407604675,400.0728759765625
2023-06-01,77720.06999614427,403.87396240234375
2023-06-02,78920.60402011055,409.71441650390625
2023-06-05,78607.27097451536,408.9293518066406
2023-06-06,78787.128749416,409.81976318359375
2023-06-07,78988.42275242214,408.40264892578125
2023-06-08,79428.22800543135,410.8728942871094
2023-06-09,79513.14882511226,411.610107421875
2023-06-12,80104.18513161264,415.34423828125
2023-06-13,80626.27887888276,418.08258056640625
2023-06-14,80702.68433374626,418.58050537109375
2023-06-15,81630.73656791277,423.7698669433594
2023-06-16,81458.32694957705,422.326416015625
2023-06-20,80896.38474980606,420.1352844238281
2023-06-21,80524.00006235507,417.982666015625
2023-06-22,80429.99317444857,419.4914245605469
2023-06-23,79818.26190605442,416.3201599121094
2023-06-26,79697.58794243165,414.6190490722656
2023-06-27,80439.67400642527,419.1647033691406
2023-06-28,80287.20614036998,419.3760986328125
2023-06-29,80839.21952738357,421.029052734375
2023-06-30,81669.63939581752,425.99755859375
2023-07-03,81964.9032085386,426.48760986328125
2023-07-05,81890.31793663687,425.8533935546875
2023-07-06,80911.48287904664,422.51861572265625
2023-07-07,80755.61464446518,421.4519348144531
2023-07-10,81214.38815413324,422.51861572265625
2023-07-11,81885.67342988371,425.20947265625
2023-07-12,82428.84844216637,428.630615234375
2023-07-13,82983.82881746539,432.03265380859375
2023-07-14,82715.57007838003,431.7635498046875
2023-07-17,82874.61020449686,433.2627258300781
2023-07-18,83465.55378921644,436.482177734375
2023-07-19,83889.2523847794,437.4527587890625
2023-07-20,83828.78330936519,434.55047607421875
2023-07-21,83864.95077996352,434.55047607421875
2023-07-24,84356.24009627178,436.4917907714844
2023-07-25,84416.26398658857,437.68341064453125
2023-07-26,84472.34814727555,437.75067138671875
2023-07-27,83975.47043519568,434.848388671875
2023-07-28,84574.20002941808,439.1056823730469
2023-07-31,84817.82302221535,439.9418640136719
2023-08-01,84592.70416582853,438.6828918457031
2023-08-02,83595.51300363506,432.5804443359375
2023-08-03,83380.05958196773,431.3407287597656
2023-08-04,83127.56627080911,429.38983154296875
2023-08-07,83882.906684666,433.1378173828125
2023-08-08,83694.89707420702,431.2543029785156
2023-08-09,83211.29279819914,428.37115478515625
2023-08-10,83265.40170044752,428.5249328613281
2023-08-11,83430.84410672815,428.2750549316406
2023-08-14,83753.51396498524,430.63916015625
2023-08-15,82763.79623789895,425.62274169921875
2023-08-16,82132.6587976042,422.49945068359375
2023-08-17,81745.04093394187,419.280029296875
2023-08-18,81852.19928497118,419.4818420410156
2023-08-21,82136.91935811033,422.21112060546875
2023-08-22,81766.62635965523,421.0675048828125
2023-08-23,82559.70578296969,425.75726318359375
2023-08-24,81491.62654606391,419.85662841796875
2023-08-25,82050.24392773416,422.8165283203125
2023-08-28,82553.86138855774,425.49774169921875
2023-08-29,83611.63386397593,431.6482238769531
2023-08-30,83755.47263593382,433.42608642578125
2023-08-31,83651.38417221884,432.7918395996094
2023-09-01,83826.80981709808,433.59912109375
2023-09-05,83521.71930302127,431.7250671386719
2023-09-06,83125.8707955881,428.82281494140625
2023-09-07,83059.5751002766,427.50628662109375
2023-09-08,83252.63255231745,428.150146484375
2023-09-11,83827.28516571215,430.96588134765625
2023-09-12,83615.04275518954,428.6017761230469
2023-09-13,83564.93120909124,429.1015625
2023-09-14,84362.26074748034,432.80145263671875
2023-09-15,83456.70638166498,427.58697509765625
2023-09-18,83411.99462491297,427.83770751953125
2023-09-19,83161.36528725016,426.95037841796875
2023-09-20,82591.03003531796,423.0253601074219
2023-09-21,81285.23926196946,416.033447265625
2023-09-22,81020.3465066429,415.09796142578125
2023-09-25,81288.10836741787,416.8434753417969
2023-09-26,80189.08189474029,410.71954345703125
2023-09-27,80215.47447473221,410.8834228515625
2023-09-28,80580.8140937803,413.26556396484375
2023-09-29,80142.87358436057,412.26263427734375
2023-10-02,79879.41642649489,412.0986328125
2023-10-03,78994.21019391964,406.582275390625
2023-10-04,79204.76475168056,409.54302978515625
2023-10-05,79071.41773727538,409.3886413574219
2023-10-06,79803.14747316131,414.2492370605469
2023-10-09,80307.94904959755,416.9013366699219
2023-10-10,80743.82923442786,419.0712890625
2023-10-11,80963.4312612739,420.787841796875
2023-10-12,80544.27583338472,418.2226257324219
2023-10-13,80327.82562445168,416.1394958496094
2023-10-16,81081.40160191864,420.5179138183594
2023-10-17,81110.75428387089,420.49853515625
2023-10-18,80259.0685244468,414.8953857421875
2023-10-19,79858.0615030296,411.2499694824219
2023-10-20,78882.9626795434,406.1965026855469
2023-10-23,78609.47812430345,405.4924621582031
2023-10-24,79224.40105018692,408.54962158203125
2023-10-25,78333.08794970061,402.68603515625
2023-10-26,77670.54343187978,397.86407470703125
2023-10-27,77104.06138383782,396.0606384277344
2023-10-30,78114.79137093591,400.7958679199219
2023-10-31,78495.58863769795,403.3129577636719
2023-11-01,79105.31464126476,407.61419677734375
2023-11-02,80663.28762881261,415.4258117675781
2023-11-03,81324.04297965362,419.2159118652344
2023-11-06,81470.78560568739,420.1802978515625
2023-11-07,81412.60781035204,421.37615966796875
2023-11-08,81444.33246686714,421.6847839355469
2023-11-09,80733.80385186586,418.39617919921875
2023-11-10,81887.07310490056,424.9251403808594
2023-11-13,81978.88026939513,424.5201416015625
2023-11-14,83528.85867911014,432.7561340332031
2023-11-15,83857.2934866114,433.6723327636719
2023-11-16,83689.63680479849,434.20269775390625
2023-11-17,84030.54098077616,434.7427673339844
2023-11-20,84549.52054399923,438.08929443359375
2023-11-21,84279.44990749344,437.13446044921875
2023-11-22,84508.87330507745,438.8221740722656
2023-11-24,84703.34302766279,439.09222412109375
2023-11-27,84506.08138053028,438.3014831542969
2023-11-28,84683.41134057014,438.7353820800781
2023-11-29,84753.09204388184,438.4268493652344
2023-11-30,85208.91832247167,440.1530456542969
2023-12-01,85667.52806111597,442.7569885253906
2023-12-04,85406.15041029967,440.4327697753906
2023-12-05,85182.87208103227,440.34600830078125
2023-12-06,84887.33457677935,438.5715026855469
2023-12-07,85383.22154521209,441.91796875
2023-12-08,85748.19881434161,443.8178405761719
2023-12-11,86196.05546012636,445.5440673828125
2023-12-12,86333.24118049142,447.5789794921875
2023-12-13,87664.35767919247,453.75115966796875
2023-12-14,88383.91266401678,455.20745849609375
2023-12-15,88630.02114333246,454.45794677734375
2023-12-18,88958.5626112197,457.0142822265625
2023-12-19,89575.26866344151,459.7933349609375
2023-12-20,88269.07712566742,453.4218444824219
2023-12-21,89055.90972839232,457.7211608886719
2023-12-22,89311.9564514454,458.64105224609375
2023-12-26,89843.4886326584,460.5776062011719
2023-12-27,90028.45995043142,461.41046142578125
2023-12-28,90039.67433544472,461.584716796875
2023-12-29,89835.25226514736,460.2484130859375
2024-01-02,89726.3912690717,457.6727294921875
2024-01-03,89142.64214229927,453.9350280761719
2024-01-04,89044.25596694111,452.472900390625
2024-01-05,89364.79188934124,453.0926208496094
2024-01-08,90133.3242377221,459.5609130859375
2024-01-09,89819.00679192689,458.86370849609375
2024-01-10,90121.7845065698,461.4588317871094
2024-01-11,89917.33357854954,461.2554626464844
2024-01-12,89958.413530287,461.57501220703125
2024-01-16,89365.3695711056,459.8804931640625
2024-01-17,88885.07015464685,457.32415771484375
2024-01-18,89494.20492646495,461.39105224609375
2024-01-19,90689.26337623816,467.142822265625
2024-01-22,90907.0261724625,468.1305236816406
2024-01-23,91098.16321552637,469.49578857421875
2024-01-24,91244.02574420666,470.009033203125
2024-01-25,91782.43961983625,472.5653381347656
2024-01-26,91689.13654578904,471.96502685546875
2024-01-29,92190.36979515749,475.7026672363281
2024-01-30,92234.83351653606,475.33477783203125
2024-01-31,91178.41718472273,467.57855224609375
2024-02-01,92059.23078485964,473.6983337402344
2024-02-02,92782.83206468883,478.6850891113281
2024-02-05,92402.18738744383,476.942138671875
2024-02-06,92537.03592456804,478.32684326171875
2024-02-07,93112.00730981902,482.3162841796875
2024-02-08,93152.99201188407,482.529296875
2024-02-09,93371.4243350517,485.31805419921875
2024-02-12,93671.74087629246,485.1049499511719
2024-02-13,92480.64515458894,478.42364501953125
2024-02-14,93329.94897179578,482.77142333984375
2024-02-15,94304.62592711687,486.10235595703125
2024-02-16,93986.9581454199,483.6816101074219
2024-02-20,93544.97886142373,481.01873779296875
2024-02-21,93746.13701822888,481.4544372558594
2024-02-22,95338.67340973766,491.41845703125
2024-02-23,95486.29840933504,491.7573547363281
2024-02-26,95278.3897714425,489.9562683105469
2024-02-27,95420.3853606051,490.866455078125
2024-02-28,95354.55741046608,490.21771240234375
2024-02-29,95717.77821549585,491.98004150390625
2024-03-01,96541.22356608877,496.5989074707031
2024-03-04,96836.73769794592,496.0662536621094
2024-03-05,96028.91379722676,491.1085205078125
2024-03-06,96752.93237326916,493.5970764160156
2024-03-07,97818.23232618767,498.49676513671875
2024-03-08,96910.68300161308,495.5046691894531
2024-03-11,96734.86894167706,495.07861328125
2024-03-12,97872.35732431062,500.4043884277344
2024-03-13,97739.50543069937,499.6199951171875
2024-03-14,97223.46693058404,498.63232421875
2024-03-15,96799.880519249,495.20843505859375
2024-03-18,97361.06950769704,498.1515197753906
2024-03-19,97844.22527598757,500.91986083984375
2024-03-20,98811.32053545243,505.5530090332031
2024-03-21,99527.49421275631,507.22369384765625
2024-03-22,99150.63334131154,506.2621154785156
2024-03-25,98812.90706859036,504.8634033203125
2024-03-26,98507.84459540508,503.930908203125
2024-03-27,99528.85635550883,508.16583251953125
2024-03-28,99612.2691161357,508.0687561035156
2024-04-01,99371.79052253846,507.1847229003906
2024-04-02,98644.41656724823,503.9600830078125
2024-04-03,98700.03369497668,504.513671875
2024-04-04,97619.29760515557,498.35552978515625
2024-04-05,98487.04727179011,503.561767578125
2024-04-08,98505.83819302324,503.8434143066406
2024-04-09,98636.78740175228,504.4263000488281
2024-04-10,97626.9003800738,499.3753662109375
2024-04-11,98076.12407736383,503.1441345214844
2024-04-12,96659.6373848838,496.19915771484375
2024-04-15,95985.11678224485,489.98272705078125
2024-04-16,95662.11727426716,489.089111328125
2024-04-17,95415.68480855146,486.194580078125
2024-04-18,95279.21245006008,485.19415283203125
2024-04-19,95068.5045162725,480.9591064453125
2024-04-22,95856.2760141599,485.38836669921875
2024-04-23,96925.23707482521,491.1482849121094
2024-04-24,96968.96661149374,490.91522216796875
2024-04-25,96425.57428264448,489.05023193359375
2024-04-26,96946.91793283026,493.6834716796875
2024-04-29,97297.11763349788,495.4317932128906
2024-04-30,96046.86581373143,487.58355712890625
2024-05-01,95952.78628802976,486.0002746582031
2024-05-02,96654.16870507554,490.54608154296875
2024-05-03,97534.06085323446,496.62652587890625
2024-05-06,98439.13258259011,501.75518798828125
2024-05-07,98737.01544866049,502.3087463378906
2024-05-08,98927.34914375722,502.3573303222656
2024-05-09,99501.3156677415,505.2518615722656
2024-05-10,99696.58970596407,505.90277099609375
2024-05-13,99598.49745902907,505.9705810546875
2024-05-14,100089.74647783696,508.2921447753906
2024-05-15,101158.04104366362,514.5863037109375
2024-05-16,101032.15968406855,513.5274658203125
2024-05-17,101206.10192476319,514.2657470703125
2024-05-20,101025.77883739836,514.8582763671875
2024-05-21,101430.06110776323,516.12109375
2024-05-22,100999.60706437366,514.6348266601562
2024-05-23,99975.70343953092,510.8758544921875
2024-05-24,100542.88978547376,514.2559814453125
2024-05-28,100335.14069237473,514.6154174804688
2024-05-29,99314.35916887908,511.0118103027344
2024-05-30,99227.54850208256,507.62200927734375
2024-05-31,100162.25580106078,512.2454223632812
2024-06-03,100080.13404680706,512.6629638671875
2024-06-04,100267.67715872874,513.2362060546875
2024-06-05,101027.03105666413,519.3359985351562
2024-06-06,100972.16530426733,519.3262939453125
2024-06-07,100929.31602142863,518.695068359375
2024-06-10,101199.23592144609,520.2976684570312
2024-06-11,100839.96746433261,521.5505981445312
2024-06-12,101384.43726059653,525.8341674804688
2024-06-13,101651.42259668148,526.8930053710938
2024-06-14,101623.34658126105,527.2135620117188
2024-06-17,102511.11924692905,531.4095458984375
2024-06-18,102926.05426467373,532.7596435546875
2024-06-20,102911.99023829642,531.3125610351562
2024-06-21,102655.51203127725,530.6001586914062
2024-06-24,102849.08359668439,528.8753662109375
2024-06-25,102607.53022587734,530.9119262695312
2024-06-26,102598.06575081938,531.5745849609375
2024-06-27,102602.45157012291,532.41259765625
2024-06-28,102601.56411223554,530.3173828125
2024-07-01,102925.36423526595,531.4088745117188
2024-07-02,103605.59182721697,534.985107421875
2024-07-03,103920.82308617799,537.3726196289062
2024-07-05,104279.60405444808,540.4713745117188
2024-07-08,104464.99116797565,541.094970703125
2024-07-09,104627.56832822892,541.6211547851562
2024-07-10,105574.9510305171,546.980712890625
2024-07-11,105113.0808778077,542.2643432617188
2024-07-12,105416.28756743959,545.6845703125
2024-07-15,105741.91605469896,547.1852416992188
2024-07-16,107004.356444677,550.43017578125
2024-07-17,106746.45398135252,542.7125854492188
2024-07-18,105788.06114203103,538.5418701171875
2024-07-19,105102.48108788328,534.965576171875
2024-07-22,105633.18803965443,540.481201171875
2024-07-23,105335.03810299071,539.6332397460938
2024-07-24,103821.97102516529,527.4037475585938
2024-07-25,103622.36013194858,524.6558227539062
2024-07-26,105332.09409449005,530.5319213867188
2024-07-29,105110.31551392804,530.8438110351562
2024-07-30,104893.69550337498,528.1541748046875
2024-07-31,106092.33661717491,536.7391357421875
2024-08-01,104875.4411768043,529.138427734375
2024-08-02,102720.81063022479,519.28662109375
2024-08-05,100035.12928106081,504.16314697265625
2024-08-06,100997.68979132651,508.8114013671875
2024-08-07,100241.57433027746,505.41046142578125
2024-08-08,102326.85287195363,517.09423828125
2024-08-09,102688.74052848962,519.3743286132812
2024-08-12,102386.89505499534,519.6472778320312
2024-08-13,103739.6953897749,528.193115234375
2024-08-14,104165.77137225526,529.8595581054688
2024-08-15,105649.04657925009,538.9413452148438
2024-08-16,106011.38293800455,540.14990234375
2024-08-19,106786.00080024589,545.3142700195312
2024-08-20,106609.13978815364,544.4276123046875
2024-08-21,106921.91189312881,546.298583984375
2024-08-22,106274.30302581894,542.0109252929688
2024-08-23,107520.00418899064,547.7699584960938
2024-08-26,107555.00682525216,546.4642333984375
2024-08-27,107587.89360081163,547.2146606445312
2024-08-28,107207.87886491131,544.0377807617188
2024-08-29,107602.41384802178,544.0864868164062
2024-08-30,108754.67697314016,549.2802734375
2024-09-03,106993.62609033397,537.9767456054688
2024-09-04,107028.76942100872,536.8756103515625
2024-09-05,106571.82937595886,535.5698852539062
2024-09-06,104844.87484016501,526.5562133789062
2024-09-09,106206.11964476349,532.4515380859375
2024-09-10,106638.85244197481,534.770751953125
2024-09-11,107232.10561338106,540.2570190429688
2024-09-12,107809.37048719506,544.8075561523438
2024-09-13,108608.5655158568,547.653076171875
2024-09-16,109398.61659512404,548.4618530273438
2024-09-17,109354.87739697442,548.6859130859375
2024-09-18,109037.9399075527,547.0586547851562
2024-09-19,110491.63292289899,556.3938598632812
2024-09-20,110511.47388576907,555.4320678710938
2024-09-23,110898.58960831354,556.8200073242188
2024-09-24,111006.45834297423,558.413330078125
2024-09-25,110586.96777263466,557.1817016601562
2024-09-26,111001.48441951608,559.3907470703125
2024-09-27,111109.43887347399,558.5794677734375
2024-09-30,111517.99710985784,560.81787109375
2024-10-01,111029.29025164241,555.7938232421875
2024-10-02,111127.50227641873,556.0283203125
2024-10-03,110722.44399020563,555.0117797851562
2024-10-04,111700.22438758294,560.055419921875
2024-10-07,110878.25210771289,554.9921875
2024-10-08,111526.26539543801,560.2410888671875
2024-10-09,112515.83964311756,564.1215209960938
2024-10-10,112011.12495271351,563.1343383789062
2024-10-11,113036.66539934975,566.5065307617188
2024-10-14,113653.1623416019,571.1396484375
2024-10-15,112978.29978846858,566.7020263671875
2024-10-16,113857.1209246207,569.1651611328125
2024-10-17,113831.2869319263,569.214111328125
2024-10-18,114061.4833818478,571.4035034179688
2024-10-21,113403.44446817953,570.4652099609375
2024-10-22,113124.93339696455,570.1622314453125
2024-10-23,112626.17860044692,564.9522705078125
2024-10-24,112653.94348648167,566.1741943359375
2024-10-25,112087.81714647009,565.9786987304688
2024-10-28,112548.05196051576,567.7283935546875
2024-10-29,112357.19276599187,568.6471557617188
2024-10-30,111927.1339766944,566.9268188476562
2024-10-31,111019.29482599314,555.8133544921875
2024-11-01,111290.80836360455,558.1591186523438
2024-11-04,110807.81334854547,556.9569091796875
2024-11-05,111962.63998074719,563.6915893554688
2024-11-06,115392.0382820145,577.7080078125
2024-11-07,115503.20203193853,582.1749267578125
2024-11-08,116361.01740087177,584.6966552734375
2024-11-11,116806.06930777125,585.2538452148438
2024-11-12,115924.15480038711,583.4358520507812
2024-11-13,115964.16480198449,583.7192993164062
2024-11-14,115299.69851254074,579.9659423828125
2024-11-15,114594.74964438369,572.5372924804688
2024-11-18,115319.45719271706,574.8832397460938
2024-11-19,115266.62066564213,576.9846801757812
2024-11-20,115264.0952876557,577.1801147460938
2024-11-21,115979.6167883883,580.2786254882812
2024-11-22,116815.66607725548,582.0772094726562
2024-11-25,117319.20072587811,584.0516967773438
2024-11-26,117795.36653892527,587.1012573242188
2024-11-27,117459.4667143791,585.3223876953125
2024-11-29,118021.05311861794,588.9583129882812
2024-12-02,117861.58038361308,590.0139770507812
2024-12-03,117775.99897633544,590.2876586914062
2024-12-04,117830.00952730188,593.9530029296875
2024-12-05,117832.67020034119,592.9756469726562
2024-12-06,118242.73418675367,594.0997924804688
2024-12-09,117481.52731929751,591.0403442382812
2024-12-10,117233.31686290067,589.2026977539062
2024-12-11,117678.94069870863,593.7576293945312
2024-12-12,117054.99912338775,590.6983032226562
2024-12-13,117467.28704292038,590.5809326171875
2024-12-16,117733.00338706496,593.1027221679688
2024-12-17,117272.9353594545,590.6591186523438
2024-12-18,114016.9031627267,573.055419921875
2024-12-19,114084.02620139954,572.87939453125
2024-12-20,115083.11035816064,579.7604370117188
2024-12-23,115839.44126419874,583.2321166992188
2024-12-24,117239.82110091316,589.7146606445312
2024-12-26,117268.3583193355,589.7539672851562
2024-12-27,116238.60833523238,583.5458374023438
2024-12-30,114980.31104665408,576.88671875
