date,nav,spy
2010-01-04,10000.0,84.36898803710938
2010-01-05,10018.821888222414,84.59227752685547
2010-01-06,10020.726898553248,84.65188598632812
2010-01-07,10055.557554194493,85.00921630859375
2010-01-08,10100.280066184107,85.29212188720703
2010-01-11,10082.505444186483,85.41118621826172
2010-01-12,9970.266049007178,84.61465454101562
2010-01-13,10070.405175248372,85.32931518554688
2010-01-14,10099.480601887532,85.56011199951172
2010-01-15,10000.208823715582,84.59976959228516
2010-01-19,10103.766049090465,85.65689086914062
2010-01-20,10022.806040974318,84.78587341308594
2010-01-21,9816.45589223694,83.15550994873047
2010-01-22,9514.88316352322,81.30182647705078
2010-01-25,9537.696543303155,81.7187271118164
2010-01-26,9498.31173478547,81.37628173828125
2010-01-27,9602.552211426235,81.7634048461914
2010-01-28,9515.171118151206,80.82538604736328
2010-01-29,9394.277724627087,79.9469223022461
2010-02-01,9500.686450184465,81.19017791748047
2010-02-02,9595.662504212018,82.17281341552734
2010-02-03,9585.985722573392,81.7634048461914
2010-02-04,9282.164719477329,79.23970794677734
2010-02-05,9320.774886455267,79.40352630615234
2010-02-08,9253.45153359492,78.83021545410156
2010-02-09,9378.2084227985,79.82036590576172
2010-02-10,9379.853638364331,79.66397857666016
2010-02-11,9508.534162468157,80.497802734375
2010-02-12,9494.79689525075,80.43082427978516
2010-02-16,9660.272327295354,81.6964111328125
2010-02-17,9701.52661940805,82.08350372314453
2010-02-18,9755.088221988453,82.56741333007812
2010-02-19,9748.764841927898,82.73861694335938
2010-02-22,9734.235089420268,82.75353240966797
2010-02-23,9618.224050796449,81.74848175048828
2010-02-24,9711.198111408366,82.50041198730469
2010-02-25,9674.118288278718,82.38870239257812
2010-02-26,9689.517050404247,82.44083404541016
2010-03-01,9811.811825028666,83.29694366455078
2010-03-02,9825.04577859496,83.5277328491211
2010-03-03,9823.15066938787,83.6021957397461
2010-03-04,9886.862345102743,83.85528564453125
2010-03-05,10019.04121155915,85.05387115478516
2010-03-08,10028.53939977367,85.06877136230469
2010-03-09,10048.015698593985,85.21019744873047
2010-03-10,10110.878929410886,85.58985900878906
2010-03-11,10141.022768646053,85.94721221923828
2010-03-12,10151.82736098942,85.95464324951172
2010-03-15,10143.11374931181,85.97699737548828
2010-03-16,10204.008422076813,86.66189575195312
2010-03-17,10267.09325605835,87.17556762695312
2010-03-18,10272.99817782388,87.1308822631836
2010-03-19,10204.913780388028,86.68988800048828
2010-03-22,10267.32569980106,87.15331268310547
2010-03-23,10347.116842347166,87.76628112792969
2010-03-24,10284.921969772848,87.34020233154297
2010-03-25,10339.467201060412,87.19816589355469
2010-03-26,10333.96381355517,87.14583587646484
2010-03-29,10375.365447146967,87.69901275634766
2010-03-30,10402.073115994814,87.7588119506836
2010-03-31,10357.057929799106,87.45979309082031
2010-04-01,10394.576746140945,88.05781555175781
2010-04-05,10473.305587084405,88.7754135131836
2010-04-06,10505.0705801422,88.98475646972656
2010-04-07,10467.65596860059,88.47640228271484
2010-04-08,10519.78524446082,88.78290557861328
2010-04-09,10568.817533354004,89.36601257324219
2010-04-12,10606.303883854847,89.50801086425781
2010-04-13,10640.37327094224,89.5752944946289
2010-04-14,10796.68182306775,90.59192657470703
2010-04-15,10825.368984159206,90.66665649414062
2010-04-16,10595.623801607704,89.22398376464844
2010-04-19,10609.56905044156,89.56034088134766
2010-04-20,10679.450046119882,90.36017608642578
2010-04-21,10677.641079977597,90.19573211669922
2010-04-22,10801.389139546378,90.4648208618164
2010-04-23,10865.429455726415,91.05535888671875
2010-04-26,10861.40044951608,90.71154022216797
2010-04-27,10629.763642444617,88.5661392211914
2010-04-28,10636.186444983605,89.23892211914062
2010-04-29,10800.013994797793,90.34520721435547
2010-04-30,10559.165804499364,88.81282043457031
2010-05-03,10680.036983374537,89.9639892578125
2010-05-04,10452.841164884985,87.84852600097656
2010-05-05,10364.38531926767,87.32526397705078
2010-05-06,10077.221924920697,84.42487335205078
2010-05-07,9901.548089069905,83.16905212402344
2010-05-10,10283.7909574168,86.83189392089844
2010-05-11,10233.079559075031,86.58518981933594
2010-05-12,10403.504088990327,87.79617309570312
2010-05-13,10305.760468380346,86.7048110961914
2010-05-14,10035.066174856644,85.13502502441406
2010-05-17,10061.630456692852,85.17987823486328
2010-05-18,9880.302202066787,84.02123260498047
2010-05-19,9853.511732109408,83.54280090332031
2010-05-20,9563.033417221917,80.38825988769531
2010-05-21,9714.921351541596,81.5618896484375
2010-05-24,9627.300703892332,80.51535034179688
2010-05-25,9671.286536587286,80.59757232666016
2010-05-26,9634.578823451575,80.11167907714844
2010-05-27,9905.9846878099,82.79525756835938
2010-05-28,9794.77036341992,81.7562484741211
2010-06-01,9664.526200842573,80.38082885742188
2010-06-02,9839.642206361432,82.47384643554688
2010-06-03,9863.963876879097,82.75788879394531
2010-06-04,9600.459891488066,79.85002899169922
2010-06-07,9465.127034452951,78.85586547851562
2010-06-08,9508.4815527447,79.70054626464844
2010-06-09,9477.445796367987,79.2744369506836
2010-06-10,9707.390779827096,81.59176635742188
2010-06-11,9760.085042729203,81.98797607421875
2010-06-14,9756.72911705856,81.86088562011719
2010-06-15,9965.627967605295,83.72222900390625
2010-06-16,9981.464197711917,83.69232177734375
2010-06-17,10004.624863823929,83.82687377929688
2010-06-18,10020.389100092538,83.91773986816406
2010-06-21,9959.422453572222,83.67739868164062
2010-06-22,9838.581173536852,82.29542541503906
2010-06-23,9829.109097604041,82.04007720947266
2010-06-24,9681.878556745643,80.68058776855469
2010-06-25,9768.13073112457,81.01862335205078
2010-06-28,9711.258765043614,80.76321411132812
2010-06-29,9408.46545028877,78.2696533203125
2010-06-30,9306.111021945897,77.52607727050781
2010-07-01,9878.762303632415,77.18058776855469
2010-07-02,9830.513635303814,76.75997161865234
2010-07-06,9849.898133428338,77.26322174072266
2010-07-07,10086.511727897898,79.69670104980469
2010-07-08,10148.966927400137,80.48532104492188
2010-07-09,10223.420888213352,81.0861587524414
2010-07-12,10236.922985527228,81.13876342773438
2010-07-13,10344.77242368066,82.3630142211914
2010-07-14,10349.663322951292,82.35551452636719
2010-07-15,10336.667926063092,82.37805938720703
2010-07-16,10086.864188455684,80.10982513427734
2010-07-19,10109.788567688645,80.58296203613281
2010-07-20,10202.997049053947,81.47673034667969
2010-07-21,10121.9857967154,80.41771697998047
2010-07-22,10233.697519245987,82.21279907226562
2010-07-23,10318.666728914506,82.92632293701172
2010-07-26,10360.622512373831,83.79006958007812
2010-07-27,10355.847549040494,83.7825698852539
2010-07-28,10292.575793916281,83.24176788330078
2010-07-29,10254.146771624686,82.83617401123047
2010-07-30,10276.34782129723,82.82115173339844
2010-08-02,10371.108827047474,84.69132995605469
2010-08-03,10349.029884416888,84.2857894897461
2010-08-04,10420.846691171666,84.84909057617188
2010-08-05,10405.90473671236,84.75895690917969
2010-08-06,10414.989288707178,84.41346740722656
2010-08-09,10461.270932866886,84.86408233642578
2010-08-10,10441.837214597033,84.40593719482422
2010-08-11,10263.586946247678,82.09263610839844
2010-08-12,10223.23183151916,81.58941650390625
2010-08-13,10190.637801332909,81.34905242919922
2010-08-16,10219.824884632566,81.31147766113281
2010-08-17,10284.907256400367,82.3104476928711
2010-08-18,10279.366138172045,82.46067810058594
2010-08-19,10168.808970526057,81.0261001586914
2010-08-20,10138.256995105816,80.76321411132812
2010-08-23,10077.620573067697,80.45530700683594
2010-08-24,9967.38101581774,79.26107788085938
2010-08-25,10009.495862378402,79.5689926147461
2010-08-26,9956.526633384015,79.03572082519531
2010-08-27,10053.955816903434,80.2599868774414
2010-08-30,9944.975373258914,79.0958023071289
2010-08-31,9944.86804860265,79.0958023071289
2010-09-01,10153.531881166757,81.46173858642578
2010-09-02,10226.488420938536,82.2203140258789
2010-09-03,10332.029866082668,83.28682708740234
2010-09-07,10251.476038966504,82.3479995727539
2010-09-08,10297.019374215104,82.92632293701172
2010-09-09,10308.550024735841,83.30937194824219
2010-09-10,10357.341167418954,83.72998046875
2010-09-13,10438.031512379794,84.66131591796875
2010-09-14,10437.637659042175,84.60875701904297
2010-09-15,10465.27688592574,84.93169403076172
2010-09-16,10480.512746754497,84.90916442871094
2010-09-17,10494.69834548211,84.94091033935547
2010-09-20,10617.641785691401,86.23961639404297
2010-09-21,10634.300180201228,86.06597137451172
2010-09-22,10668.148670336199,85.64312744140625
2010-09-23,10639.300935792826,84.94844818115234
2010-09-24,10809.69451013721,86.70026397705078
2010-09-27,10784.303312210677,86.28495788574219
2010-09-28,10795.327898410695,86.58698272705078
2010-09-29,10811.797350642386,86.43598175048828
2010-09-30,10747.480987166093,86.17919921875
2010-10-01,11076.228457587344,86.54167175292969
2010-10-04,11027.49604834215,85.89229583740234
2010-10-05,11131.356541553903,87.62149047851562
2010-10-06,11123.573346823092,87.61392974853516
2010-10-07,11103.063404484557,87.50821685791016
2010-10-08,11128.37170195096,87.99901580810547
2010-10-11,11129.444002521963,88.08206939697266
2010-10-12,11140.17416852242,88.35393524169922
2010-10-13,11172.859956059789,89.04105377197266
2010-10-14,11168.960004030692,88.6937026977539
2010-10-15,11217.452692812467,88.87496948242188
2010-10-18,11227.799453301714,89.3128890991211
2010-10-19,11132.826977423201,88.14250183105469
2010-10-20,11183.405948149617,89.0033187866211
2010-10-21,11278.16101184942,89.19964599609375
2010-10-22,11270.537534718163,89.36576080322266
2010-10-25,11282.956785002069,89.63004302978516
2010-10-26,11299.711110173186,89.64515686035156
2010-10-27,11288.49826673819,89.38838958740234
2010-10-28,11277.533167621123,89.40349578857422
2010-10-29,11266.975412851227,89.471435546875
2010-11-01,11247.95179413236,89.50167846679688
2010-11-02,11308.130097134273,90.21146392822266
2010-11-03,11314.955970090785,90.57390594482422
2010-11-04,11418.961373873886,92.31818389892578
2010-11-05,11425.020422101557,92.66554260253906
2010-11-08,11406.608296115211,92.49185180664062
2010-11-09,11371.422237930963,91.82737731933594
2010-11-10,11393.290056837337,92.19734191894531
2010-11-11,11361.677675778577,91.85002136230469
2010-11-12,11287.238094015254,90.7626953125
2010-11-15,11263.72968488167,90.63428497314453
2010-11-16,11203.174968476826,89.22225952148438
2010-11-17,11221.480528523693,89.267578125
2010-11-18,11328.298762023762,90.58147430419922
2010-11-19,11353.218265568295,90.83063507080078
2010-11-22,11415.148496328884,90.755126953125
2010-11-23,11344.803908474605,89.44127655029297
2010-11-24,11456.179937963432,90.7626953125
2010-11-26,11422.332853592421,89.70555877685547
2010-11-29,11435.484458523524,89.97735595703125
2010-11-30,11421.375939111205,89.471435546875
2010-12-01,11538.344808528534,91.37431335449219
2010-12-02,11581.44634067196,92.54467010498047
2010-12-03,11571.88047529922,92.79386901855469
2010-12-06,11594.054544686282,92.69573974609375
2010-12-07,11586.988584804034,92.74861907958984
2010-12-08,11599.95495363894,93.08837890625
2010-12-09,11615.146049363468,93.45081329345703
2010-12-10,11638.355908064073,93.9944839477539
2010-12-13,11633.074949624333,94.0549087524414
2010-12-14,11640.561253911483,94.1379623413086
2010-12-15,11637.983269068965,93.70755767822266
2010-12-16,11672.291091704334,94.25122833251953
2010-12-17,11672.575545446238,94.35218811035156
2010-12-20,11669.636532981462,94.57990264892578
2010-12-21,11711.656271716658,95.17958068847656
2010-12-22,11714.575122151151,95.4755859375
2010-12-23,11700.058797186533,95.33895874023438
2010-12-27,11686.597555540215,95.37694549560547
2010-12-28,11690.58482789991,95.5135269165039
2010-12-29,11691.598805985646,95.58187103271484
2010-12-30,11675.532550245796,95.43006896972656
2010-12-31,11664.869727982703,95.45285034179688
2011-01-03,11926.618163442197,96.43964385986328
2011-01-04,11920.610209896498,96.38651275634766
2011-01-05,11947.304004508766,96.88744354248047
2011-01-06,11928.84553571843,96.69768524169922
2011-01-07,11925.979132548848,96.5079574584961
2011-01-10,11944.584901415645,96.38651275634766
2011-01-11,11977.051633978861,96.72806549072266
2011-01-12,12038.032051069,97.60098266601562
2011-01-13,12050.450772612596,97.44158172607422
2011-01-14,12114.765556645703,98.14754486083984
2011-01-18,12126.081662709636,98.31450653076172
2011-01-19,12069.260843526567,97.35051727294922
2011-01-20,12043.365460679124,97.22147369384766
2011-01-21,12058.840965738596,97.44158172607422
2011-01-24,12136.39317325789,97.99571228027344
2011-01-25,12118.909667144777,98.04887390136719
2011-01-26,12139.901826135128,98.42838287353516
2011-01-27,12243.699740203485,98.67129516601562
2011-01-28,12129.134750648152,96.94817352294922
2011-01-31,12155.516528003296,97.67689514160156
2011-02-01,12248.94509859544,99.24058532714844
2011-02-02,12236.231217388035,99.05084228515625
2011-02-03,12246.973523330851,99.27096557617188
2011-02-04,12282.848056236357,99.55181884765625
2011-02-07,12321.179300315262,100.17425537109375
2011-02-08,12381.264132238626,100.62969970703125
2011-02-09,12389.043639181651,100.40196990966797
2011-02-10,12411.221811925197,100.43992614746094
2011-02-11,12480.067185432996,101.03958129882812
2011-02-14,12520.743295761622,101.28247833251953
2011-02-15,12490.767843434704,100.96366882324219
2011-02-16,12525.827644378061,101.60130310058594
2011-02-17,12539.961610674627,101.90493774414062
2011-02-18,12554.294430768952,102.117431640625
2011-02-22,12347.016236049338,100.06793212890625
2011-02-23,12239.742716442384,99.45313262939453
2011-02-24,12258.88899284045,99.38481903076172
2011-02-25,12334.579550572125,100.4475326538086
2011-02-28,12337.161486631885,101.06993103027344
2011-03-01,12203.1673081612,99.38481903076172
2011-03-02,12218.963759157246,99.59733581542969
2011-03-03,12364.930262631031,101.31285858154297
2011-03-04,12313.270044771341,100.55375671386719
2011-03-07,12241.734211189068,99.76434326171875
2011-03-08,12301.517458492566,100.63729095458984
2011-03-09,12288.868144625183,100.49305725097656
2011-03-10,12151.188527009499,98.63335418701172
2011-03-11,12212.038726513434,99.31648254394531
2011-03-14,12160.854402388117,98.7168197631836
2011-03-15,12090.952812923633,97.58580017089844
2011-03-16,11919.004687504217,95.77925872802734
2011-03-17,12007.502122245245,97.04685974121094
2011-03-18,12038.092393767463,97.39984130859375
2011-03-21,12164.22034502187,98.90934753417969
2011-03-22,12166.41983417854,98.56627655029297
2011-03-23,12225.873666725594,98.84835815429688
2011-03-24,12306.519600724476,99.79365539550781
2011-03-25,12322.662228743111,100.09864044189453
2011-03-28,12342.166327854817,99.85462951660156
2011-03-29,12428.904861660765,100.52557373046875
2011-03-30,12457.376529483443,101.21929168701172
2011-03-31,12442.93975423638,101.08206939697266
2011-04-01,12389.378789714105,101.50899505615234
2011-04-04,12371.388377744252,101.59288787841797
2011-04-05,12359.115755527482,101.57762145996094
2011-04-06,12367.9594706152,101.89781188964844
2011-04-07,12386.864298285309,101.63863372802734
2011-04-08,12348.870025536537,101.28790283203125
2011-04-11,12314.131451219457,100.98298645019531
2011-04-12,12254.109269718687,100.22826385498047
2011-04-13,12292.373747202555,100.22061157226562
2011-04-14,12312.228438069109,100.29684448242188
2011-04-15,12297.93925191013,100.66281127929688
2011-04-18,12228.54732531135,99.53447723388672
2011-04-19,12279.089274996708,100.10621643066406
2011-04-20,12399.949175803391,101.47087860107422
2011-04-21,12476.059516920359,101.98926544189453
2011-04-25,12460.181841126965,101.8825454711914
2011-04-26,12476.51602896171,102.75929260253906
2011-04-27,12565.541256840737,103.43016815185547
2011-04-28,12574.173887081408,103.76558685302734
2011-04-29,12605.559072002121,104.00957489013672
2011-05-02,12604.388120354944,103.84944915771484
2011-05-03,12552.718934581082,103.47589874267578
2011-05-04,12491.747581405838,102.78977966308594
2011-05-05,12431.487069732588,101.85968017578125
2011-05-06,12486.03438154655,102.30948638916016
2011-05-09,12535.35137232901,102.70591735839844
2011-05-10,12585.066760616606,103.58258819580078
2011-05-11,12521.642934121217,102.49244689941406
2011-05-12,12585.275971743476,102.98041534423828
2011-05-13,12464.885596674994,102.1875
2011-05-16,12363.771812062047,101.53948211669922
2011-05-17,12355.676885317213,101.52425384521484
2011-05-18,12428.59004726317,102.43144989013672
2011-05-19,12457.99700214792,102.6753921508789
2011-05-20,12420.727997245302,101.85968017578125
2011-05-23,12331.403227732742,100.67804718017578
2011-05-24,12301.066799125556,100.5941390991211
2011-05-25,12346.092326561195,100.92961120605469
2011-05-26,12379.989487547282,101.39462280273438
2011-05-27,12429.634525354457,101.78346252441406
2011-05-31,12536.492809959238,102.84314727783203
2011-06-01,12332.180879231428,100.53315734863281
2011-06-02,12348.948534346893,100.42646026611328
2011-06-03,12261.628779185405,99.42774963378906
2011-06-06,12167.25260287343,98.37567901611328
2011-06-07,12153.327675774379,98.31468200683594
2011-06-08,12107.744295979528,97.90302276611328
2011-06-09,12149.265911497336,98.65013885498047
2011-06-10,12035.178678470324,97.27786254882812
2011-06-13,12040.587792459839,97.35409545898438
2011-06-14,12146.8775436057,98.58914947509766
2011-06-15,12007.360948288422,96.835693359375
2011-06-16,11985.290815155713,97.04917907714844
2011-06-17,11976.847893463024,97.33877563476562
2011-06-20,12017.508821655189,97.83675384521484
2011-06-21,12162.649584148552,99.1775131225586
2011-06-22,12100.728345381282,98.57991790771484
2011-06-23,12132.072451120897,98.29647064208984
2011-06-24,12033.23445012162,97.15489196777344
2011-06-27,12119.138772005997,98.0206298828125
2011-06-28,12229.631242899257,99.30010986328125
2011-06-29,12274.813390467865,100.1505355834961
2011-06-30,12371.322925775783,101.10821533203125
2011-07-01,12618.015241194253,102.60215759277344
2011-07-05,12654.813707906442,102.51791381835938
2011-07-06,12693.583070621158,102.6405258178711
2011-07-07,12791.218089705864,103.70545196533203
2011-07-08,12725.474647129615,102.96995544433594
2011-07-11,12568.130118659086,101.10821533203125
2011-07-12,12486.2628269995,100.67151641845703
2011-07-13,12523.080651931205,101.00860595703125
2011-07-14,12420.381035520953,100.3114242553711
2011-07-15,12517.121175429742,100.89370727539062
2011-07-18,12446.978421855389,100.06624603271484
2011-07-19,12628.60054025382,101.69049072265625
2011-07-20,12619.001478101603,101.62916564941406
2011-07-21,12701.78532373167,103.03888702392578
2011-07-22,12716.696465589652,103.10784912109375
2011-07-25,12690.590229388466,102.53325653076172
2011-07-26,12622.486680270786,102.15017700195312
2011-07-27,12448.984595308506,100.05860137939453
2011-07-28,12436.425347744747,99.76744079589844
2011-07-29,12396.193968266685,99.08555603027344
2011-08-01,12402.782702369377,98.66421508789062
2011-08-02,12192.629984163776,96.1435546875
2011-08-03,12302.964725217827,96.66456604003906
2011-08-04,11911.894765823941,92.13664245605469
2011-08-05,11879.368230032549,91.99872589111328
2011-08-08,11370.175251563494,86.00749206542969
2011-08-09,11759.025347034656,90.00675201416016
2011-08-10,11396.904076091248,86.03048706054688
2011-08-11,11706.607015277734,89.891845703125
2011-08-12,11768.588591358126,90.4970932006836
2011-08-15,11894.24415153728,92.4124755859375
2011-08-16,11809.529668707833,91.62335205078125
2011-08-17,11797.497848907176,91.68460845947266
2011-08-18,11408.10003166445,87.7313232421875
2011-08-19,11266.737953081776,86.29859924316406
2011-08-22,11302.225146402978,86.36756134033203
2011-08-23,11624.623871273601,89.2099838256836
2011-08-24,11705.514209865747,90.4664535522461
2011-08-25,11581.853149267235,89.08737182617188
2011-08-26,11725.86085918689,90.3821792602539
2011-08-29,11899.832331402718,92.9793930053711
2011-08-30,11958.658997855257,93.22457122802734
2011-08-31,11983.201184514013,93.63829803466797
2011-09-01,11909.68377981981,92.65762329101562
2011-09-02,11711.333253421972,90.29021453857422
2011-09-06,11697.05209411883,89.63135528564453
2011-09-07,11928.465723301375,92.1596450805664
2011-09-08,11847.280735387856,91.20194244384766
2011-09-09,11648.567744125416,88.81155395507812
2011-09-12,11716.617068789872,89.38618469238281
2011-09-13,11798.713950417477,90.2059555053711
2011-09-14,11921.06221835005,91.45477294921875
2011-09-15,12001.942734859487,93.03303527832031
2011-09-16,12054.738066420514,93.58365631103516
2011-09-19,11995.047216687155,92.65180969238281
2011-09-20,11935.418442601942,92.54402923583984
2011-09-21,11765.523195042913,89.81782531738281
2011-09-22,11517.322543776552,86.9145278930664
2011-09-23,11585.822081211823,87.43817138671875
2011-09-26,11713.809515187228,89.51747131347656
2011-09-27,11756.406471590488,90.51863861083984
2011-09-28,11641.253265588533,88.67033386230469
2011-09-29,11619.309648209355,89.37116241455078
2011-09-30,11426.791858333192,87.13785552978516
2011-10-03,11352.060184334601,84.6580810546875
2011-10-04,11455.228193668592,86.51405334472656
2011-10-05,11570.866244574367,88.11589813232422
2011-10-06,11673.852355138695,89.70999145507812
2011-10-07,11640.13606800175,89.10933685302734
2011-10-10,11835.895936416846,92.08965301513672
2011-10-11,11858.785601885058,92.18205261230469
2011-10-12,11921.582749534298,92.99066162109375
2011-10-13,11978.714377399943,92.80585479736328
2011-10-14,12106.855787582657,94.39228057861328
2011-10-17,11970.936992745857,92.5902099609375
2011-10-18,12065.549357464963,94.39999389648438
2011-10-19,11921.617309244952,93.28330993652344
2011-10-20,11906.13361582094,93.69143676757812
2011-10-21,12040.993384642235,95.470458984375
2011-10-24,12161.579676777365,96.6409683227539
2011-10-25,11880.423596403623,94.76192474365234
2011-10-26,11895.735624443181,95.7245864868164
2011-10-27,12124.078994645459,99.05914306640625
2011-10-28,12157.794622938676,99.03602600097656
2011-10-31,12006.054397804577,96.6486587524414
2011-11-01,11838.820202218172,93.95332336425781
2011-11-02,11960.638239718184,95.48580169677734
2011-11-03,12159.541461545889,97.22625732421875
2011-11-04,12107.348143749325,96.63330078125
2011-11-07,12153.009473641434,97.23397827148438
2011-11-08,12231.522020772027,98.48155212402344
2011-11-09,12006.65173270862,94.84663391113281
2011-11-10,12013.958396163722,95.73995208740234
2011-11-11,12182.266413499783,97.54203033447266
2011-11-14,12141.551599964288,96.61787414550781
2011-11-15,12202.304790086495,97.0953598022461
2011-11-16,12063.522546857886,95.55511474609375
2011-11-17,11924.683313814987,94.03804779052734
2011-11-18,11905.717396588208,93.93791961669922
2011-11-21,11789.280928532273,92.15126037597656
2011-11-22,11782.429349192103,91.7892837524414
2011-11-23,11621.128538476964,89.763916015625
2011-11-25,11565.896717006244,89.59449005126953
2011-11-28,11809.474851457844,92.18976593017578
2011-11-29,11820.022566107717,92.45162200927734
2011-11-30,12071.520254529994,96.25592041015625
2011-12-01,12106.00846603335,96.24055480957031
2011-12-02,12086.064391463742,96.15583801269531
2011-12-05,12129.572195742207,97.20318603515625
2011-12-06,12114.643140882947,97.23397827148438
2011-12-07,12139.194865829266,97.59593963623047
2011-12-08,12003.621609177078,95.45502471923828
2011-12-09,12110.072524666584,97.0722427368164
2011-12-12,12016.189298643385,95.65524291992188
2011-12-13,11919.22838373032,94.76192474365234
2011-12-14,11809.103261203903,93.7530746459961
2011-12-15,11800.05195201798,94.09190368652344
2011-12-16,11837.656943278407,94.2314224243164
2011-12-19,11769.387755388036,93.22395324707031
2011-12-20,12004.910571349814,96.04491424560547
2011-12-21,11961.649764647102,96.23089599609375
2011-12-22,12011.559952888609,97.08340454101562
2011-12-23,12069.528668663963,97.95138549804688
2011-12-27,12052.489213564584,98.02887725830078
2011-12-28,11963.142261585364,96.74238586425781
2011-12-29,12035.542259774895,97.74211883544922
2011-12-30,11997.978300284221,97.26165008544922
2012-01-03,12354.340167689019,98.8116683959961
2012-01-04,12346.872852174301,98.9666519165039
2012-01-05,12355.823726956907,99.23013305664062
2012-01-06,12330.896581333329,98.97437286376953
2012-01-09,12324.728679101276,99.21466827392578
2012-01-10,12362.614031383968,100.07490539550781
2012-01-11,12349.102125446672,100.1291275024414
2012-01-12,12374.682857731992,100.369384765625
2012-01-13,12356.147484420058,99.8501205444336
2012-01-17,12409.116271138419,100.23763275146484
2012-01-18,12484.294340802677,101.34584045410156
2012-01-19,12510.78914247537,101.88059997558594
2012-01-20,12482.886117109216,102.26036834716797
2012-01-23,12490.34508569379,101.99687194824219
2012-01-24,12500.9570341391,101.88059997558594
2012-01-25,12572.977658526135,102.73310089111328
2012-01-26,12568.626824765952,102.20610046386719
2012-01-27,12566.887531333085,102.15962982177734
2012-01-30,12561.452428325103,101.81088256835938
2012-01-31,12577.290807240819,101.7721176147461
2012-02-01,12589.245046516433,102.66336059570312
2012-02-02,12652.250457729057,102.82611083984375
2012-02-03,12749.136408353777,104.26760864257812
2012-02-06,12726.90264695683,104.19786071777344
2012-02-07,12741.549280214096,104.46131896972656
2012-02-08,12757.627189207537,104.77130889892578
2012-02-09,12795.111864112368,104.90310668945312
2012-02-10,12775.355958652848,104.12806701660156
2012-02-13,12817.84060031365,104.90310668945312
2012-02-14,12841.433956089946,104.77130889892578
2012-02-15,12777.701627642084,104.2830810546875
2012-02-16,12809.359764482793,105.4378433227539
2012-02-17,12850.449767352562,105.71684265136719
2012-02-21,12866.38955727328,105.76333618164062
2012-02-22,12870.728357856744,105.42231750488281
2012-02-23,12888.428169536388,105.88735961914062
2012-02-24,12914.758738334325,106.11982727050781
2012-02-27,12927.856894524406,106.29804229736328
2012-02-28,12967.885370681584,106.60807037353516
2012-02-29,12936.078065764543,106.18958282470703
2012-03-01,12950.330966163261,106.73982238769531
2012-03-02,12924.087679292908,106.41432189941406
2012-03-05,12903.643282398529,105.9803466796875
2012-03-06,12816.992798449957,104.43035888671875
2012-03-07,12875.46015847294,105.15884399414062
2012-03-08,12961.024532449062,106.2051010131836
2012-03-09,12973.548431715126,106.61585235595703
2012-03-12,12974.762305259344,106.62358093261719
2012-03-13,13077.537922031284,108.54553985595703
2012-03-14,13116.234276377678,108.42930603027344
2012-03-15,13138.44396603502,109.05706787109375
2012-03-16,13127.806870135837,109.20806884765625
2012-03-19,13173.55210212025,109.63611602783203
2012-03-20,13156.442799340582,109.31707763671875
2012-03-21,13150.970933359547,109.13800811767578
2012-03-22,13138.128429242788,108.3518295288086
2012-03-23,13164.573638965072,108.7021255493164
2012-03-26,13286.913412548562,110.22777557373047
2012-03-27,13278.613401131202,109.88523864746094
2012-03-28,13243.40765515455,109.34037780761719
2012-03-29,13248.170570775132,109.15357971191406
2012-03-30,13240.345692124449,109.60504913330078
2012-04-02,12743.381176590216,110.40676879882812
2012-04-03,12746.014441090774,109.95529174804688
2012-04-04,12673.168911774585,108.8656005859375
2012-04-05,12710.318271368478,108.8110580444336
2012-04-09,12668.762154815038,107.58905792236328
2012-04-10,12573.0765315341,105.78311920166016
2012-04-11,12607.94935203516,106.63937377929688
2012-04-12,12667.664157271072,108.03267669677734
2012-04-13,12622.28070203408,106.7483901977539
2012-04-16,12611.153137808427,106.67829132080078
2012-04-17,12695.955421907433,108.25841522216797
2012-04-18,12658.399224394137,107.89257049560547
2012-04-19,12583.418236083746,107.19984436035156
2012-04-20,12604.882310562289,107.37883758544922
2012-04-23,12546.259164817515,106.47593688964844
2012-04-24,12541.173861565125,106.88066864013672
2012-04-25,12659.316773521468,108.34402465820312
2012-04-26,12703.085686520431,109.09909057617188
2012-04-27,12736.576339933043,109.27809143066406
2012-04-30,12724.803219121794,108.87332916259766
2012-05-01,12741.422596254122,109.55059051513672
2012-05-02,12743.01164358374,109.22360229492188
2012-05-03,12680.654784160983,108.3907241821289
2012-05-04,12597.29672652054,106.63937377929688
2012-05-07,12581.061496286486,106.71721649169922
2012-05-08,12544.12309406389,106.28910827636719
2012-05-09,12504.805325930674,105.65859985351562
2012-05-10,12489.742576149853,105.87655639648438
2012-05-11,12486.010323479253,105.557373046875
2012-05-14,12429.121438622511,104.38982391357422
2012-05-15,12394.941996435275,103.79044342041016
2012-05-16,12374.48404691619,103.39347076416016
2012-05-17,12268.080505301925,101.86005401611328
2012-05-18,12223.188861026225,100.9882583618164
2012-05-21,12316.501518056637,102.72407531738281
2012-05-22,12327.221047607642,102.90312194824219
2012-05-23,12326.49940612433,102.95758819580078
2012-05-24,12345.833525877972,103.15996551513672
2012-05-25,12319.990237752367,102.82524108886719
2012-05-29,12381.594658805776,104.07067108154297
2012-05-30,12335.55133470351,102.56060028076172
2012-05-31,12313.548040928003,102.33488464355469
2012-06-01,12167.737948061816,99.7584228515625
2012-06-04,12211.125040451812,99.7116928100586
2012-06-05,12237.736732433566,100.46675109863281
2012-06-06,12363.574792898553,102.72407531738281
2012-06-07,12361.629945565082,102.786376953125
2012-06-08,12410.583040315658,103.6036605834961
2012-06-11,12337.812481857682,102.2882080078125
2012-06-12,12417.899959171093,103.46353912353516
2012-06-13,12374.432300522998,102.80192565917969
2012-06-14,12438.236501042975,103.89167022705078
2012-06-15,12502.165061413507,104.95420837402344
2012-06-18,12517.078437420716,105.15764617919922
2012-06-19,12555.755552178154,106.17475891113281
2012-06-20,12568.393412872627,106.00261688232422
2012-06-21,12450.363540237178,103.62407684326172
2012-06-22,12530.455022666942,104.42214965820312
2012-06-25,12444.759393771328,102.74774169921875
2012-06-26,12470.714604441766,103.26419830322266
2012-06-27,12497.222234011717,104.19525146484375
2012-06-28,12465.625002165498,103.89790344238281
2012-06-29,12600.413163560728,106.48773193359375
2012-07-02,12935.591192919379,106.80852508544922
2012-07-03,12950.138937184338,107.51270294189453
2012-07-05,12944.27497464472,107.02761840820312
2012-07-06,12883.40142066837,106.01045227050781
2012-07-09,12869.505319139978,105.87747192382812
2012-07-10,12795.410165058389,104.95420837402344
2012-07-11,12757.276495985881,104.96984100341797
2012-07-12,12730.000897401722,104.46123504638672
2012-07-13,12823.273636733853,106.2138671875
2012-07-16,12818.399566175975,105.96349334716797
2012-07-17,12846.607324730798,106.69119262695312
2012-07-18,12894.140312444204,107.4814224243164
2012-07-19,12911.844289477063,107.76306915283203
2012-07-20,12866.132075382895,106.77723693847656
2012-07-23,12809.461639547062,105.6974868774414
2012-07-24,12736.480155470246,104.78987884521484
2012-07-25,12726.088135456444,104.81336212158203
2012-07-26,12852.424977663604,106.5425033569336
2012-07-27,13013.051356419992,108.50637817382812
2012-07-30,13017.59419993358,108.50637817382812
2012-07-31,12991.234405957728,107.74745178222656
2012-08-01,12962.036609326438,107.653564453125
2012-08-02,12925.840319966706,106.91024017333984
2012-08-03,13040.593658292113,109.0306396484375
2012-08-06,13045.402412492916,109.24187469482422
2012-08-07,13055.889270847867,109.78956604003906
2012-08-08,13062.846546406729,109.92256927490234
2012-08-09,13061.985377770132,110.01649475097656
2012-08-10,13062.568859802941,110.19641876220703
2012-08-13,13063.594466517248,110.14163970947266
2012-08-14,13087.267324382708,110.15731048583984
2012-08-15,13100.348701894276,110.28246307373047
2012-08-16,13201.394099552168,111.09624481201172
2012-08-17,13201.089969985669,111.24483489990234
2012-08-20,13199.681034244593,111.2527084350586
2012-08-21,13161.883142830056,110.9162368774414
2012-08-22,13169.672931422381,110.96320343017578
2012-08-23,13113.997255404467,110.05558776855469
2012-08-24,13168.443464532447,110.72064208984375
2012-08-27,13171.258834947545,110.74413299560547
2012-08-28,13172.063984433213,110.63458251953125
2012-08-29,13180.075604066591,110.72064208984375
2012-08-30,13127.51638343906,109.92256927490234
2012-08-31,13180.111121976084,110.44683074951172
2012-09-04,13169.139712265447,110.34508514404297
2012-09-05,13148.374173697668,110.2511978149414
2012-09-06,13304.54633932767,112.48892974853516
2012-09-07,13308.031745783821,112.92711639404297
2012-09-10,13259.57794221388,112.28547668457031
2012-09-11,13259.500185567867,112.59849548339844
2012-09-12,13281.257883366134,112.97404479980469
2012-09-13,13397.861889022462,114.69537353515625
2012-09-14,13408.172226021226,115.20396423339844
2012-09-17,13400.230420330778,114.812744140625
2012-09-18,13414.62195143617,114.71880340576172
2012-09-19,13435.736893803307,114.78138732910156
2012-09-20,13451.111660250546,114.78925323486328
2012-09-21,13437.303626906187,114.7412338256836
2012-09-24,13414.160047397243,114.56822204589844
2012-09-25,13363.96934247611,113.3489761352539
2012-09-26,13322.113787012582,112.71184539794922
2012-09-27,13404.358983480051,113.77372741699219
2012-09-28,13380.416054275736,113.24671173095703
2012-10-01,13003.223476892355,113.54562377929688
2012-10-02,12990.161250187095,113.66364288330078
2012-10-03,13059.363882783879,114.12777709960938
2012-10-04,13119.9195360684,114.94575500488281
2012-10-05,13135.816973931232,114.95362854003906
2012-10-08,13093.204791017763,114.56037139892578
2012-10-09,13010.32346397634,113.42762756347656
2012-10-10,12970.432850489771,112.70396423339844
2012-10-11,12961.165707561595,112.76690673828125
2012-10-12,12939.316636401256,112.3972396850586
2012-10-15,12988.394777722791,113.3332290649414
2012-10-16,13071.288491145688,114.4817123413086
2012-10-17,13117.562239446186,115.00082397460938
2012-10-18,13048.978909732645,114.70195007324219
2012-10-19,12923.789526850014,112.79051208496094
2012-10-22,12906.706955306965,112.80626678466797
2012-10-23,12798.580862806271,111.24092864990234
2012-10-24,12755.254790979474,110.92623138427734
2012-10-25,12747.88417507574,111.24874877929688
2012-10-26,12754.004091998488,111.18583679199219
2012-10-31,12778.318375962035,111.18583679199219
2012-11-01,12899.018473264625,112.34996795654297
2012-11-02,12855.740554883596,111.35106658935547
2012-11-05,12872.521908197295,111.57913208007812
2012-11-06,12938.420472574697,112.45227813720703
2012-11-07,12749.942732219106,109.90367889404297
2012-11-08,12667.329612196945,108.58218383789062
2012-11-09,12708.743555533736,108.67657470703125
2012-11-12,12717.822331557263,108.76311492919922
2012-11-13,12699.705401482157,108.38552856445312
2012-11-14,12601.493484785127,106.92245483398438
2012-11-15,12594.764787103231,106.74156951904297
2012-11-16,12627.288516556982,107.26854705810547
2012-11-19,12792.179035791954,109.4395980834961
2012-11-20,12809.74723226921,109.48677062988281
2012-11-21,12828.112830642196,109.6913070678711
2012-11-23,12924.802954459365,111.18583679199219
2012-11-26,12889.684684703487,110.94982147216797
2012-11-27,12858.0152322023,110.38351440429688
2012-11-28,12943.480846452128,111.27237701416016
2012-11-29,12967.506485422959,111.79151916503906
2012-11-30,12992.88954439992,111.81510162353516
2012-12-03,12963.560927397728,111.26451873779297
2012-12-04,12931.731581180145,111.10717010498047
2012-12-05,12957.253832038925,111.30379486083984
2012-12-06,12985.705532998389,111.6813735961914
2012-12-07,12992.671428884956,112.01959991455078
2012-12-10,13002.629015927729,112.06681060791016
2012-12-11,13060.749997034669,112.829833984375
2012-12-12,13062.498986861476,112.88488006591797
2012-12-13,13034.695493916277,112.19267272949219
2012-12-14,12953.656337399867,111.77582550048828
2012-12-17,13077.536829656201,113.08938598632812
2012-12-18,13165.734862927282,114.34796905517578
2012-12-19,13077.795499978558,113.4984130859375
2012-12-20,13139.346051875766,114.15132141113281
2012-12-21,13059.99155940913,113.11517333984375
2012-12-24,13046.238131537611,112.76660919189453
2012-12-26,13015.805818532266,112.29132080078125
2012-12-27,12994.444321079503,112.14079284667969
2012-12-28,12916.164484149565,110.92874145507812
2012-12-31,13041.155950906721,112.81414031982422
2013-01-02,13390.42148021981,115.70555877685547
2013-01-03,13405.896748052213,115.44412231445312
2013-01-04,13438.286314285997,115.95113372802734
2013-01-07,13473.1247187146,115.63426971435547
2013-01-08,13452.80753647472,115.30159759521484
2013-01-09,13469.54269172012,115.59465789794922
2013-01-10,13519.595941673646,116.51363372802734
2013-01-11,13527.50358221766,116.50569152832031
2013-01-14,13513.109960029878,116.42642974853516
2013-01-15,13497.34816408574,116.50569152832031
2013-01-16,13502.490029472448,116.48981475830078
2013-01-17,13497.467352490828,117.24238586425781
2013-01-18,13532.384998761892,117.5038070678711
2013-01-22,13550.238433914308,118.13756561279297
2013-01-23,13566.272550835587,118.32770538330078
2013-01-24,13699.885620764695,118.35934448242188
2013-01-25,13812.596290457688,119.02476501464844
2013-01-28,13755.975928965541,118.88219451904297
2013-01-29,13799.3689614853,119.34955596923828
2013-01-30,13777.819091366542,118.88219451904297
2013-01-31,13778.277332929043,118.58908081054688
2013-02-01,13849.295853269003,119.80903625488281
2013-02-04,13769.271682994584,118.46231842041016
2013-02-05,13888.877274835479,119.65857696533203
2013-02-06,13914.735973859659,119.74569702148438
2013-02-07,13888.544328099553,119.58721160888672
2013-02-08,13921.914602187671,120.25270080566406
2013-02-11,13902.28775237233,120.2288818359375
2013-02-12,13938.877139202812,120.42694854736328
2013-02-13,13974.423798890273,120.52992248535156
2013-02-14,13994.485747790392,120.64085388183594
2013-02-15,13981.755128774543,120.49827575683594
2013-02-19,14078.381746838519,121.40137481689453
2013-02-20,13947.05656620502,119.88829040527344
2013-02-21,13891.497597235606,119.1594467163086
2013-02-22,13937.882409844477,120.32395935058594
2013-02-25,13784.1973720926,118.03453063964844
2013-02-26,13849.195760887904,118.8426513671875
2013-02-27,13951.67988628805,120.33982849121094
2013-02-28,13943.901715140002,120.1021728515625
2013-03-01,13959.183670305452,120.49827575683594
2013-03-04,13994.792995006192,121.13995361328125
2013-03-05,14077.635257669193,122.2251968383789
2013-03-06,14108.512157439074,122.39157104492188
2013-03-07,14127.43687946904,122.61339569091797
2013-03-08,14171.958808705702,123.13624572753906
2013-03-11,14185.736582031675,123.60358428955078
2013-03-12,14169.755218273007,123.3263168334961
2013-03-13,14208.306844443261,123.50062561035156
2013-03-14,14214.819186158118,124.15812683105469
2013-03-15,14160.2144976393,123.9942398071289
2013-03-18,14117.38426981566,123.30990600585938
2013-03-19,14071.733063759237,123.0234146118164
2013-03-20,14132.544796792201,123.8828125
2013-03-21,14024.213430395705,122.82452392578125
2013-03-22,14086.989761586876,123.81124114990234
2013-03-25,14058.091101656866,123.2939453125
2013-03-26,14164.034301886686,124.28063201904297
2013-03-27,14153.71570796224,124.28063201904297
2013-03-28,14159.081565538265,124.66259002685547
2013-04-01,14169.875548361155,124.16922760009766
2013-04-02,14236.254187459539,124.78194427490234
2013-04-03,14091.818248575799,123.51681518554688
2013-04-04,14113.919429074682,124.01803588867188
2013-04-05,14061.139552311664,123.46112060546875
2013-04-08,14120.987311175817,124.29660034179688
2013-04-09,14163.834292756499,124.72624969482422
2013-04-10,14290.94525583207,126.25395965576172
2013-04-11,14342.146304515876,126.66779327392578
2013-04-12,14323.687205148832,126.35746002197266
2013-04-15,14152.80527065213,123.42926788330078
2013-04-16,14272.681552947191,125.25137329101562
2013-04-17,14120.218569625944,123.42130279541016
2013-04-18,14030.971702501402,122.64944458007812
2013-04-19,14121.117100521114,123.71572875976562
2013-04-22,14183.426738984275,124.26470947265625
2013-04-23,14412.51222377288,125.5457992553711
2013-04-24,14411.2641655197,125.6253890991211
2013-04-25,14429.16056839076,126.13465118408203
2013-04-26,14383.26346422697,125.91191101074219
2013-04-29,14405.704042466547,126.75529479980469
2013-04-30,14428.159614427139,127.05760955810547
2013-05-01,14321.11442819083,125.94364166259766
2013-05-02,14426.833406669724,127.1133804321289
2013-05-03,14525.703125586626,128.4023895263672
2013-05-06,14559.431382269511,128.7285614013672
2013-05-07,14595.591168018786,129.38108825683594
2013-05-08,14656.750419504284,129.96994018554688
2013-05-09,14656.69993242643,129.60391235351562
2013-05-10,14704.180214523978,130.02560424804688
2013-05-13,14742.546424765924,130.1291046142578
2013-05-14,14869.388691714501,131.4738006591797
2013-05-15,14979.524167265115,132.1819610595703
2013-05-16,14895.517594964826,131.561279296875
2013-05-17,15011.50668814722,132.83447265625
2013-05-20,14990.172812315981,132.82652282714844
2013-05-21,15037.439679513029,133.01742553710938
2013-05-22,14927.741733757352,132.03079223632812
2013-05-23,14870.732217322968,131.64883422851562
2013-05-24,14880.478951735202,131.5374755859375
2013-05-28,14925.454938427763,132.32521057128906
2013-05-29,14866.400817928707,131.46580505371094
2013-05-30,14927.309395775677,131.95120239257812
2013-05-31,14815.79106489411,130.0574493408203
2013-06-03,14864.563875232432,130.77354431152344
2013-06-04,14820.872169329103,130.1449737548828
2013-06-05,14697.764548916355,128.32281494140625
2013-06-06,14760.81986127757,129.48448181152344
2013-06-07,14896.521806470986,131.1316375732422
2013-06-10,14924.267369637262,131.1316375732422
2013-06-11,14781.00592091636,129.77896118164062
2013-06-12,14685.133102281256,128.70477294921875
2013-06-13,14843.102987216756,130.66220092773438
2013-06-14,14778.944083149998,129.8426513671875
2013-06-17,14901.549660858003,130.84523010253906
2013-06-18,14984.707889275243,131.879638671875
2013-06-19,14875.676833096462,130.0574493408203
2013-06-20,14603.388186327667,126.83482360839844
2013-06-21,14552.927178403019,127.24200439453125
2013-06-24,14445.619035617958,125.63417053222656
2013-06-25,14529.082808284924,126.84205627441406
2013-06-26,14630.019251333708,128.09791564941406
2013-06-27,14706.080229057388,128.84986877441406
2013-06-28,14645.944664928289,128.32188415527344
2013-07-01,14886.26355511302,129.0737762451172
2013-07-02,14855.734010193333,128.95382690429688
2013-07-03,14891.53642003074,129.0098114013672
2013-07-05,15032.799619574067,130.401611328125
2013-07-08,15107.152799143305,131.14559936523438
2013-07-09,15235.498246379551,132.08946228027344
2013-07-10,15213.959057699327,132.1374969482422
2013-07-11,15341.676137992385,133.9373016357422
2013-07-12,15394.302384404307,133.99327087402344
2013-07-15,15443.282344164121,134.50518798828125
2013-07-16,15412.706771993197,134.00123596191406
2013-07-17,15469.914019761794,134.34523010253906
2013-07-18,15527.924974031848,135.08116149902344
2013-07-19,15555.669473550304,135.3211669921875
2013-07-22,15610.030282571832,135.58511352539062
2013-07-23,15598.531353110791,135.2971649169922
2013-07-24,15535.92053144989,134.80120849609375
2013-07-25,15573.397214472012,135.12913513183594
2013-07-26,15540.670302841594,135.27310180664062
2013-07-29,15484.063234704137,134.85716247558594
2013-07-30,15503.157065661617,134.85716247558594
2013-07-31,15484.329250469567,134.95318603515625
2013-08-01,15664.772748490766,136.51296997070312
2013-08-02,15694.117772252137,136.7449493408203
2013-08-05,15701.144825938325,136.54498291015625
2013-08-06,15657.076985829757,135.7690887451172
2013-08-07,15585.631875760222,135.32907104492188
2013-08-08,15594.672887800225,135.82504272460938
2013-08-09,15535.728940174653,135.4330596923828
2013-08-12,15523.03165312234,135.27310180664062
2013-08-13,15588.57590276807,135.67312622070312
2013-08-14,15520.041514082985,134.97718811035156
2013-08-15,15305.19880079941,133.08935546875
2013-08-16,15308.570056339591,132.64939880371094
2013-08-19,15255.350547251881,131.80149841308594
2013-08-20,15300.946095820216,132.44943237304688
2013-08-21,15237.097906292141,131.63352966308594
2013-08-22,15315.142508108276,132.8333740234375
2013-08-23,15335.539273239583,133.2813262939453
2013-08-26,15310.34952203632,132.785400390625
2013-08-27,15111.089804104935,130.64959716796875
2013-08-28,15142.68432717802,131.11358642578125
2013-08-29,15187.840928302026,131.3215789794922
2013-08-30,15140.769269464192,130.9055633544922
2013-09-03,15252.144363916226,131.49754333496094
2013-09-04,15323.879589384173,132.58544921875
2013-09-05,15363.386204923907,132.75343322753906
2013-09-06,15352.018851876352,132.81739807128906
2013-09-09,15469.253353574439,134.08929443359375
2013-09-10,15644.375773737642,135.08116149902344
2013-09-11,15667.41738370777,135.505126953125
2013-09-12,15615.869412103964,135.1451416015625
2013-09-13,15653.096542488665,135.44912719726562
2013-09-16,15744.62289189671,136.23297119140625
2013-09-17,15790.525215942242,136.84091186523438
2013-09-18,15934.059136446915,138.4248046875
2013-09-19,15933.54641945188,138.19277954101562
2013-09-20,15884.673522301548,137.22659301757812
2013-09-23,15752.646914080784,136.5916290283203
2013-09-24,15713.199484262852,136.2700653076172
2013-09-25,15690.941464960382,135.87623596191406
2013-09-26,15724.006134347359,136.398681640625
2013-09-27,15673.919823825288,135.77174377441406
2013-09-30,15598.746253320107,135.04827880859375
2013-10-01,15409.180649909344,136.11737060546875
2013-10-02,15415.903190765302,135.98875427246094
2013-10-03,15323.97974222175,134.73475646972656
2013-10-04,15388.316855277524,135.75563049316406
2013-10-07,15273.882979830281,134.58213806152344
2013-10-08,15141.602869111615,133.01463317871094
2013-10-09,15153.154094765809,133.1111602783203
2013-10-10,15419.58588764771,135.98077392578125
2013-10-11,15483.49171541129,136.85691833496094
2013-10-14,15573.621792623984,137.40342712402344
2013-10-15,15487.38912546529,136.40672302246094
2013-10-16,15654.423143154858,138.31178283691406
2013-10-17,15760.239302263548,139.2361602783203
2013-10-18,15779.030462064015,140.1765899658203
2013-10-21,15801.324445167731,140.1846923828125
2013-10-22,15770.921129337465,140.99644470214844
2013-10-23,15728.656942688913,140.3213348388672
2013-10-24,15768.819132357961,140.7875213623047
2013-10-25,15831.255587734258,141.43055725097656
2013-10-28,15838.447151511586,141.65565490722656
2013-10-29,15925.549025373564,142.41116333007812
2013-10-30,15867.108056598669,141.70384216308594
2013-10-31,15794.95104301401,141.3019256591797
2013-11-01,15876.182307310753,141.63954162597656
2013-11-04,15861.87697113766,142.13790893554688
2013-11-05,15881.551083738306,141.6877899169922
2013-11-06,15971.877960887023,142.41116333007812
2013-11-07,15819.425839760986,140.6106414794922
2013-11-08,16019.145655747841,142.50762939453125
2013-11-11,16029.477497473728,142.53172302246094
2013-11-12,15995.807920543275,142.2423858642578
2013-11-13,16093.167755064422,143.38375854492188
2013-11-14,16122.575487616805,144.09922790527344
2013-11-15,16182.92604685133,144.72618103027344
2013-11-18,16153.93877970841,144.2198028564453
2013-11-19,16137.555769230376,143.90631103515625
2013-11-20,16084.110767237564,143.45620727539062
2013-11-21,16211.554384652627,144.6136932373047
2013-11-22,16261.118124480146,145.3371124267578
2013-11-25,16288.199046948243,145.19239807128906
2013-11-26,16298.54009902239,145.2325897216797
2013-11-27,16341.109728587206,145.58628845214844
2013-11-29,16343.122240498284,145.48983764648438
2013-12-02,16285.847853051593,145.11195373535156
2013-12-03,16218.241894459645,144.48497009277344
2013-12-04,16204.015411131342,144.46896362304688
2013-12-05,16121.535015686997,143.83396911621094
2013-12-06,16244.649685579856,145.44158935546875
2013-12-09,16246.63511994545,145.81134033203125
2013-12-10,16217.138218786942,145.28883361816406
2013-12-11,16148.11029187292,143.65713500976562
2013-12-12,16087.731587144133,143.18287658691406
2013-12-13,16089.505477613537,143.16676330566406
2013-12-16,16151.672015583035,144.05897521972656
2013-12-17,16161.916713533674,143.60086059570312
2013-12-18,16346.345080950097,146.05250549316406
2013-12-19,16337.295832239872,145.88365173339844
2013-12-20,16408.55732990493,146.73226928710938
2013-12-23,16458.851360524233,147.51617431640625
2013-12-24,16480.19044716588,147.83946228027344
2013-12-26,16521.273864572508,148.59104919433594
2013-12-27,16519.36692073124,148.5829315185547
2013-12-30,16529.785229219346,148.55873107910156
2013-12-31,16570.78227420019,149.26181030273438
2014-01-02,17052.800996580638,147.83135986328125
2014-01-03,17091.327708123834,147.80711364746094
2014-01-06,17074.186570541922,147.3787384033203
2014-01-07,17096.592343066444,148.283935546875
2014-01-08,17125.360492376993,148.3163299560547
2014-01-09,17113.953383768116,148.41329956054688
2014-01-10,17085.9427730633,148.8173370361328
2014-01-13,16929.475164829826,146.83729553222656
2014-01-14,17067.251760131137,148.43748474121094
2014-01-15,17168.94378537897,149.23765563964844
2014-01-16,17112.214522529634,149.04368591308594
2014-01-17,17126.933388097594,148.41329956054688
2014-01-21,17122.28438644685,148.84967041015625
2014-01-22,17176.227016999215,148.94662475585938
2014-01-23,17107.229245559527,147.72634887695312
2014-01-24,16833.688889303852,144.57447814941406
2014-01-27,16740.88865308688,143.86318969726562
2014-01-28,16898.54616541118,144.71990966796875
2014-01-29,16747.76916955608,143.32981872558594
2014-01-30,16874.167317173542,144.8491973876953
2014-01-31,16740.09710854509,144.0006561279297
2014-02-03,16460.97486865208,140.75982666015625
2014-02-04,16509.92661979532,141.74578857421875
2014-02-05,16505.935703726464,141.56796264648438
2014-02-06,16681.017266043655,143.4348907470703
2014-02-07,16864.128338518247,145.2128448486328
2014-02-10,16869.769188073886,145.47955322265625
2014-02-11,17004.42389885683,147.0717010498047
2014-02-12,16990.498298381724,147.14443969726562
2014-02-13,17049.0046599683,147.9040985107422
2014-02-14,17064.328511270756,148.72035217285156
2014-02-18,17065.461475448254,148.898193359375
2014-02-19,16933.580630109398,147.91224670410156
2014-02-20,16996.405011996143,148.78506469726562
2014-02-21,16975.509523958983,148.6153106689453
2014-02-24,17081.116861392096,149.43963623046875
2014-02-25,17082.120415377725,149.38308715820312
2014-02-26,17105.494251732987,149.39120483398438
2014-02-27,17175.85337310817,150.1750946044922
2014-02-28,17195.810450347297,150.55494689941406
2014-03-03,17080.289833245122,149.4962158203125
2014-03-04,17287.08296633509,151.5974578857422
2014-03-05,17325.25506515863,151.73486328125
2014-03-06,17370.553523535767,152.08241271972656
2014-03-07,17374.811291289676,152.1470489501953
2014-03-10,17335.04610525587,152.06617736816406
2014-03-11,17258.45828055914,151.3146209716797
2014-03-12,17266.245686782913,151.3550567626953
2014-03-13,17089.7296886532,149.65785217285156
2014-03-14,17019.69609575683,149.23765563964844
2014-03-17,17158.0333807435,150.58721923828125
2014-03-18,17241.068115662627,151.66212463378906
2014-03-19,17200.575009860568,150.8539581298828
2014-03-20,17317.428599700645,151.73486328125
2014-03-21,17237.70414368411,151.14633178710938
2014-03-24,17144.73589824338,150.5213165283203
2014-03-25,17150.746425826008,151.23562622070312
2014-03-26,17036.47566577299,150.14791870117188
2014-03-27,16957.98461481034,149.8313446044922
2014-03-28,17003.60699757311,150.5699920654297
2014-03-31,17083.16831362549,151.80386352539062
2014-04-01,17429.037184290166,152.81044006347656
2014-04-02,17409.496099135828,153.32177734375
2014-04-03,17379.44960864621,153.11891174316406
2014-04-04,17128.451346081394,151.30868530273438
2014-04-07,16999.272865471907,149.63648986816406
2014-04-08,17088.74777982329,150.25340270996094
2014-04-09,17275.38032657936,151.8687744140625
2014-04-10,16927.782492980754,148.67868041992188
2014-04-11,16756.173060471836,147.33924865722656
2014-04-14,16874.67656866107,148.5000762939453
2014-04-15,16953.499413827514,149.52288818359375
2014-04-16,17090.24137495005,151.0895538330078
2014-04-17,17114.782104215094,151.30059814453125
2014-04-21,17169.144506254204,151.8281707763672
2014-04-22,17268.961539165633,152.51821899414062
2014-04-23,17220.067117648032,152.16104125976562
2014-04-24,17296.68631163252,152.46945190429688
2014-04-25,17021.429464264133,151.21942138671875
2014-04-28,16980.172207548327,151.6983184814453
2014-04-29,17076.651872863746,152.404541015625
2014-04-30,17120.808368564394,152.85910034179688
2014-05-01,17159.062578952788,152.8753662109375
2014-05-02,17148.885118262395,152.6562042236328
2014-05-05,17190.66048812317,152.94842529296875
2014-05-06,17049.665452099543,151.6171112060547
2014-05-07,17077.680324756646,152.51010131835938
2014-05-08,17099.100551521486,152.3477020263672
2014-05-09,17101.79013836496,152.5750274658203
2014-05-12,17286.913564442515,154.0605010986328
2014-05-13,17282.46868325777,154.19851684570312
2014-05-14,17221.355130654236,153.46795654296875
2014-05-15,17084.763369217846,152.1204376220703
2014-05-16,17114.511597810077,152.6481170654297
2014-05-19,17224.416665308327,153.2081756591797
2014-05-20,17174.9101631679,152.24221801757812
2014-05-21,17311.47564335531,153.52476501464844
2014-05-22,17336.07718005624,153.8981475830078
2014-05-23,17443.264700579475,154.51510620117188
2014-05-27,17551.419755075123,155.46481323242188
2014-05-28,17530.453287342145,155.35116577148438
2014-05-29,17638.687069466556,156.1548309326172
2014-05-30,17660.837267382176,156.40638732910156
2014-06-02,17665.277275240016,156.5850372314453
2014-06-03,17644.683581234058,156.5038604736328
2014-06-04,17660.772224111606,156.82046508789062
2014-06-05,17793.751988975317,157.84323120117188
2014-06-06,17886.64613250067,158.59812927246094
2014-06-09,17908.97467326546,158.76051330566406
2014-06-10,17946.89795771359,158.77674865722656
2014-06-11,17899.310260517417,158.22474670410156
2014-06-12,17796.62789768295,157.10452270507812
2014-06-13,17867.522625661855,157.58346557617188
2014-06-16,17843.781011238716,157.7133026123047
2014-06-17,17896.75905045412,158.15164184570312
2014-06-18,17966.970739051707,159.3124542236328
2014-06-19,17910.84748577593,159.4910430908203
2014-06-20,17890.58833670042,159.81483459472656
2014-06-23,17899.659302711047,159.765869140625
2014-06-24,17789.485409447345,158.80348205566406
2014-06-25,17900.354831010874,159.52120971679688
2014-06-26,17868.406424147528,159.40701293945312
2014-06-27,17909.928921574116,159.71697998046875
2014-06-30,17926.038978131328,159.6354217529297
2014-07-01,18121.606152506854,160.70384216308594
2014-07-02,18137.540308703952,160.86700439453125
2014-07-03,18214.20975158883,161.65818786621094
2014-07-07,18170.761470857895,161.0953826904297
2014-07-08,18050.72408292284,160.05955505371094
2014-07-09,18108.481087526863,160.7772979736328
2014-07-10,18043.72402705018,160.14108276367188
2014-07-11,18065.10013654749,160.36126708984375
2014-07-14,18165.93993112864,161.16879272460938
2014-07-15,18150.014748814312,160.86700439453125
2014-07-16,18223.550184663476,161.46246337890625
2014-07-17,18035.9820153508,159.6272735595703
2014-07-18,18156.107069837053,161.25852966308594
2014-07-21,18171.659256387837,160.95672607421875
2014-07-22,18218.103677666026,161.65818786621094
2014-07-23,18138.26859123423,162.01707458496094
2014-07-24,18048.834967876766,162.0251922607422
2014-07-25,17955.50023402348,161.26666259765625
2014-07-28,17965.43081165058,161.33193969726562
2014-07-29,17917.962221051544,160.63865661621094
2014-07-30,17950.40559818396,160.66311645507812
2014-07-31,17677.563132016374,157.49029541015625
2014-08-01,17640.725027560162,157.00914001464844
2014-08-04,17709.41746460728,158.14279174804688
2014-08-05,17611.323694189057,156.609375
2014-08-06,17629.041423900424,156.65838623046875
2014-08-07,17609.56040246582,155.81008911132812
2014-08-08,17769.040061964242,157.61264038085938
2014-08-11,17816.73907639048,158.06939697265625
2014-08-12,17807.92148115107,157.84915161132812
2014-08-13,17933.789041389584,158.91769409179688
2014-08-14,17967.489052995497,159.66802978515625
2014-08-15,17984.887353149392,159.6354217529297
2014-08-18,18120.13716128055,160.97305297851562
2014-08-19,18185.91148268949,161.81314086914062
2014-08-20,18241.165019543823,162.24537658691406
2014-08-21,18294.406078982905,162.718505859375
2014-08-22,18286.219053897043,162.4656524658203
2014-08-25,18321.750396005744,163.28939819335938
2014-08-26,18348.16656353127,163.39553833007812
2014-08-27,18323.490643219997,163.33021545410156
2014-08-28,18286.92771310329,163.24049377441406
2014-08-29,18373.49097233653,163.70541381835938
2014-09-02,18373.100542872922,163.62387084960938
2014-09-03,18374.495341238304,163.53414916992188
2014-09-04,18371.12493061013,163.297607421875
2014-09-05,18436.720002358066,164.0316925048828
2014-09-08,18443.03269543892,163.60755920410156
2014-09-09,18378.145359019632,162.57168579101562
2014-09-10,18433.843862701146,163.1833953857422
2014-09-11,18420.410020313135,163.37103271484375
2014-09-12,18343.322973889735,162.4167022705078
2014-09-15,18283.193743922544,162.29437255859375
2014-09-16,18380.562980933308,163.51785278320312
2014-09-17,18394.076637357313,163.738037109375
2014-09-18,18522.483818979912,164.61077880859375
2014-09-19,18458.156707150047,164.46249389648438
2014-09-22,18350.93695655759,163.19227600097656
2014-09-23,18288.51428787569,162.25819396972656
2014-09-24,18390.84638025991,163.52825927734375
2014-09-25,18143.912124606453,160.88963317871094
2014-09-26,18267.289516280274,162.16806030273438
2014-09-29,18240.969590449688,161.87301635742188
2014-09-30,18197.599264193406,161.44683837890625
2014-10-01,17719.509519185176,159.25900268554688
2014-10-02,17708.443607950012,159.28358459472656
2014-10-03,17831.35272892276,161.0372314453125
2014-10-06,17831.519891171563,160.84873962402344
2014-10-07,17638.385501483277,158.36581420898438
2014-10-08,17867.85590104598,161.13551330566406
2014-10-09,17638.082975195357,157.93966674804688
2014-10-10,17343.5324235999,156.1369171142578
2014-10-13,17163.68106374613,153.57200622558594
2014-10-14,17217.314500527547,153.8096160888672
2014-10-15,17108.894728013973,152.76898193359375
2014-10-16,16991.721787501643,152.6378936767578
2014-10-17,17125.187492503854,154.44065856933594
2014-10-20,17212.604153318534,155.9402313232422
2014-10-21,17484.197690166384,159.029541015625
2014-10-22,17407.08699939079,157.898681640625
2014-10-23,17610.41340122707,159.73428344726562
2014-10-24,17706.451020443143,160.96337890625
2014-10-27,17665.294361895634,160.74217224121094
2014-10-28,17834.16101510095,162.58587646484375
2014-10-29,17845.478696117163,162.34005737304688
2014-10-30,17829.58162993393,163.38084411621094
2014-10-31,18056.217954084124,165.2491455078125
2014-11-03,18065.888972991826,165.3392333984375
2014-11-04,18067.252640009625,164.76565551757812
2014-11-05,18122.17570567342,165.8063201904297
2014-11-06,18170.860324196594,166.47007751464844
2014-11-07,18170.031281708976,166.62579345703125
2014-11-10,18217.398383337262,167.1502227783203
2014-11-11,18204.83229309486,167.3140869140625
2014-11-12,18199.827734172068,167.13381958007812
2014-11-13,18205.220042302422,167.32232666015625
2014-11-14,18230.621951161098,167.36325073242188
2014-11-17,18220.882970741837,167.4698028564453
2014-11-18,18274.823379452886,168.43673706054688
2014-11-19,18206.71056385538,168.16627502441406
2014-11-20,18279.074712452308,168.4613494873047
2014-11-21,18348.744712880845,169.3627166748047
2014-11-24,18378.638452277042,169.8380584716797
2014-11-25,18317.65438050589,169.71510314941406
2014-11-26,18404.47330403703,170.14939880371094
2014-11-28,18383.512821943546,169.78883361816406
2014-12-01,18274.285650188154,168.60879516601562
2014-12-02,18358.375812982507,169.69869995117188
2014-12-03,18416.97249375218,170.35427856445312
2014-12-04,18475.176982326942,170.16578674316406
2014-12-05,18519.059799871746,170.44439697265625
2014-12-08,18397.50375452525,169.30540466308594
2014-12-09,18398.94728941408,169.19065856933594
2014-12-10,18188.004741978726,166.47825622558594
2014-12-11,18224.926395683746,167.32232666015625
2014-12-12,17992.488715477757,164.6181182861328
2014-12-15,17922.09988719335,163.48731994628906
2014-12-16,17771.983293652098,162.17616271972656
2014-12-17,18023.952101599953,165.3556365966797
2014-12-18,18336.685387009515,169.44461059570312
2014-12-19,18373.966979576595,170.1656036376953
2014-12-22,18463.331214237172,170.9484405517578
2014-12-23,18477.022752926554,171.1791534423828
2014-12-24,18481.096519114177,171.19557189941406
2014-12-26,18499.09153318105,171.74766540527344
2014-12-29,18489.720160337056,171.97836303710938
2014-12-30,18426.14275552517,171.05552673339844
2014-12-31,18302.009208533174,169.35816955566406
2015-01-02,18297.11476664083,169.2675018310547
2015-01-05,18116.165979811525,166.21060180664062
2015-01-06,18031.893081505958,164.64511108398438
2015-01-07,18227.057551220158,166.6967315673828
2015-01-08,18440.41991236577,169.65478515625
2015-01-09,18366.994856989975,168.2952880859375
2015-01-12,18290.166938751903,166.97689819335938
2015-01-13,18266.613881332807,166.50723266601562
2015-01-14,18226.23939916158,165.50204467773438
2015-01-15,18104.22365338004,163.98587036132812
2015-01-16,18266.19719236318,166.13641357421875
2015-01-20,18287.22673592152,166.49073791503906
2015-01-21,18317.410825210343,167.3312225341797
2015-01-22,18504.031306321063,169.81959533691406
2015-01-23,18457.56212183536,168.8884735107422
2015-01-26,18441.66182948418,169.2840118408203
2015-01-27,18135.86809025716,167.0510711669922
2015-01-28,18037.970287105716,164.90869140625
2015-01-29,18179.58757345365,166.43309020996094
2015-01-30,17944.511944456193,164.34022521972656
2015-02-02,18076.08189558757,166.3754119873047
2015-02-03,18237.049359519548,168.7813720703125
2015-02-04,18221.92078643565,168.13873291015625
2015-02-05,18351.963470700444,169.83602905273438
2015-02-06,18270.542836479053,169.36639404296875
2015-02-09,18214.56120633381,168.60833740234375
2015-02-10,18404.1533759841,170.4046173095703
2015-02-11,18409.5241399865,170.50344848632812
2015-02-12,18596.718306817136,172.14317321777344
2015-02-13,18624.441246170732,172.85174560546875
2015-02-17,18655.15845445509,173.1236572265625
2015-02-18,18644.967577339903,173.14019775390625
2015-02-19,18621.244213285056,173.0165252685547
2015-02-20,18689.61952317933,174.0548095703125
2015-02-23,18704.938140694267,174.03001403808594
2015-02-24,18768.02852647869,174.52439880371094
2015-02-25,18729.350616433643,174.37615966796875
2015-02-26,18853.282551652068,174.17018127441406
2015-02-27,18779.822277201685,173.57681274414062
2015-03-02,18907.888470717488,174.6727752685547
2015-03-03,18802.81196562813,173.9558868408203
2015-03-04,18758.204371631473,173.22254943847656
2015-03-05,18796.238786367343,173.412109375
2015-03-06,18587.39657664063,170.97312927246094
2015-03-09,18641.66621892357,171.6817626953125
2015-03-10,18435.93045255827,168.89675903320312
2015-03-11,18383.229836265084,168.501220703125
2015-03-12,18480.055966698375,170.64352416992188
2015-03-13,18423.08404925422,169.59710693359375
2015-03-16,18631.146551467657,171.8629913330078
2015-03-17,18573.89748149545,171.35211181640625
2015-03-18,18708.70261906182,173.412109375
2015-03-19,18697.351195755557,172.62107849121094
2015-03-20,18823.310062202894,174.14474487304688
2015-03-23,18779.071093568422,173.805419921875
2015-03-24,18706.373648862635,172.82882690429688
2015-03-25,18404.223448224253,170.29620361328125
2015-03-26,18372.27053385507,169.89071655273438
2015-03-27,18456.323157508883,170.27972412109375
2015-03-30,18594.443326840905,172.35707092285156
2015-03-31,18458.052376412437,170.85073852539062
2015-04-01,19472.60640149941,170.24652099609375
2015-04-02,19509.623334889562,170.85897827148438
2015-04-06,19612.497589673763,172.00941467285156
2015-04-07,19635.428214561736,171.5542449951172
2015-04-08,19732.774351252767,172.1335906982422
2015-04-09,19773.074706367715,172.89503479003906
2015-04-10,19841.671562792802,173.8384552001953
2015-04-13,19803.15154503718,173.05226135253906
2015-04-14,19808.968564515337,173.38336181640625
2015-04-15,19911.246921179623,174.1613006591797
2015-04-16,20037.20503347865,174.11163330078125
2015-04-17,19826.375691057903,172.1087646484375
2015-04-20,19966.60287445967,173.6813201904297
2015-04-21,19958.843558401826,173.47438049316406
2015-04-22,20080.775769017695,174.3268585205078
2015-04-23,19990.30203785008,174.76547241210938
2015-04-24,20026.164385409487,175.17100524902344
2015-04-27,19996.088071708316,174.4427490234375
2015-04-28,19986.03160157494,174.9972381591797
2015-04-29,19910.544875707496,174.27720642089844
2015-04-30,19778.04225863266,172.53089904785156
2015-05-01,19969.571701540335,174.40130615234375
2015-05-04,19983.011194478728,174.89791870117188
2015-05-05,19836.11495103521,172.89503479003906
2015-05-06,19784.474070946035,172.1832275390625
2015-05-07,19893.448320921452,172.87020874023438
2015-05-08,20062.68489831767,175.14622497558594
2015-05-11,20037.041693448722,174.31028747558594
2015-05-12,19987.206545655543,173.78883361816406
2015-05-13,20022.43995807079,173.82200622558594
2015-05-14,20203.26103882493,175.63450622558594
2015-05-15,20255.327565384225,175.8248748779297
2015-05-18,20312.399941485877,176.3711700439453
2015-05-19,20294.905100112563,176.3131866455078
2015-05-20,20281.8695760308,176.18907165527344
2015-05-21,20290.05604449555,176.70217895507812
2015-05-22,20280.195366982876,176.2800750732422
2015-05-26,20127.788228926973,174.384765625
2015-05-27,20368.058604292586,176.04002380371094
2015-05-28,20360.836774643296,175.8415069580078
2015-05-29,20311.316297968897,174.7489776611328
2015-06-01,20313.249728406867,175.1048583984375
2015-06-02,20275.810096395337,174.9310302734375
2015-06-03,20298.3527534042,175.39454650878906
2015-06-04,20183.82017867139,173.91307067871094
2015-06-05,20169.77262171576,173.61508178710938
2015-06-08,20040.039150536137,172.54739379882812
2015-06-09,20081.310359232073,172.5225830078125
2015-06-10,20280.78785845865,174.5917205810547
2015-06-11,20311.184140885263,175.1544952392578
2015-06-12,20190.280547099217,173.813720703125
2015-06-15,20124.993079995864,173.06881713867188
2015-06-16,20218.45038619434,174.01239013671875
2015-06-17,20231.309472985802,174.29371643066406
2015-06-18,20415.474609478835,176.1062469482422
2015-06-19,20344.121314426895,175.32449340820312
2015-06-22,20440.228268621082,176.22271728515625
2015-06-23,20428.68532296351,176.34744262695312
2015-06-24,20307.724382427645,175.06663513183594
2015-06-25,20222.143188478003,174.53445434570312
2015-06-26,20146.73809923545,174.50119018554688
2015-06-29,19838.48238963253,170.841796875
2015-06-30,19898.320207163844,171.1993865966797
2015-07-01,20349.5102191345,172.57167053222656
2015-07-02,20341.720167272833,172.41368103027344
2015-07-06,20280.1850403467,171.92298889160156
2015-07-07,20298.19316876928,173.004150390625
2015-07-08,20056.45835666951,170.10159301757812
2015-07-09,20044.423247021794,170.40933227539062
2015-07-10,20271.132281687715,172.55503845214844
2015-07-13,20491.231166127236,174.45956420898438
2015-07-14,20574.157804036,175.21640014648438
2015-07-15,20559.328778372106,175.15814208984375
2015-07-16,20837.47683560076,176.563720703125
2015-07-17,20836.02630733054,176.71337890625
2015-07-20,20856.558581114594,176.8048553466797
2015-07-21,20822.182218567195,176.1062469482422
2015-07-22,20747.500010843916,175.79022216796875
2015-07-23,20707.05376013567,174.80059814453125
2015-07-24,20656.04199707601,172.9875030517578
2015-07-27,20541.058387072855,171.9811553955078
2015-07-28,20698.94923636748,174.09361267089844
2015-07-29,20812.025770160017,175.29122924804688
2015-07-30,20868.720584250415,175.3328399658203
2015-07-31,20851.04050727412,175.06663513183594
2015-08-03,20833.609739567197,174.4762420654297
2015-08-04,20852.960345995092,174.13525390625
2015-08-05,20986.387508185973,174.7091064453125
2015-08-06,20866.684789704985,173.27862548828125
2015-08-07,20910.579286338525,172.9459228515625
2015-08-10,21116.41796569185,175.1249237060547
2015-08-11,20900.838441092164,173.54473876953125
2015-08-12,20902.054151237244,173.752685546875
2015-08-13,20931.40452089294,173.5364227294922
2015-08-14,20979.840161140884,174.1685028076172
2015-08-17,21047.681226281777,175.1415252685547
2015-08-18,20983.11988632307,174.6342315673828
2015-08-19,20842.19873138769,173.253662109375
2015-08-20,20419.20517993511,169.6359100341797
2015-08-21,19870.068330480488,164.52944946289062
2015-08-24,19319.523576255287,157.60162353515625
2015-08-25,19182.18724080556,155.74696350097656
2015-08-26,19873.243891851074,161.72669982910156
2015-08-27,20272.085430125117,165.72705078125
2015-08-28,20300.610950305592,165.7353057861328
2015-08-31,20162.206395948957,164.39639282226562
2015-09-01,19657.458473539184,159.48948669433594
2015-09-02,19962.260965298046,162.51673889160156
2015-09-03,19954.496298372447,162.63319396972656
2015-09-04,19707.169729351117,160.17147827148438
2015-09-08,20096.213105036863,164.19674682617188
2015-09-09,19919.066896336713,162.00112915039062
2015-09-10,20014.41825540893,162.88275146484375
2015-09-11,20078.25305824478,163.62289428710938
2015-09-14,20004.151341174536,163.0157470703125
2015-09-15,20208.76530600263,165.05337524414062
2015-09-16,20323.545886926382,166.48387145996094
2015-09-17,20290.35777671292,166.10960388183594
2015-09-18,20071.29387222603,163.39508056640625
2015-09-21,20135.70153755889,164.23948669433594
2015-09-22,19930.700585410686,162.10769653320312
2015-09-23,19932.682553289647,161.84852600097656
2015-09-24,19910.771103679497,161.26329040527344
2015-09-25,19984.582772624344,161.2215576171875
2015-09-28,19643.310396035624,157.17535400390625
2015-09-29,19669.419218233663,157.26734924316406
2015-09-30,19990.16643619128,160.20162963867188
2015-10-01,19844.68279702591,160.61961364746094
2015-10-02,19988.29335436146,163.0189208984375
2015-10-05,20251.656031175302,165.91981506347656
2015-10-06,20222.948250187175,165.35133361816406
2015-10-07,20357.19619848235,166.70571899414062
2015-10-08,20470.999595796777,168.21044921875
2015-10-09,20485.859974649367,168.31072998046875
2015-10-12,20562.56677334639,168.4696044921875
2015-10-13,20453.67292926928,167.4078369140625
2015-10-14,20398.42356561326,166.60531616210938
2015-10-15,20581.864562154657,169.1634979248047
2015-10-16,20613.95355084312,169.93258666992188
2015-10-19,20661.04582726926,170.01625061035156
2015-10-20,20620.991249526083,169.79884338378906
2015-10-21,20540.55426903039,168.7454833984375
2015-10-22,20953.513246580944,171.59620666503906
2015-10-23,21185.780412419157,173.4772186279297
2015-10-26,21185.575312765115,173.05084228515625
2015-10-27,21169.70627639412,172.7164764404297
2015-10-28,21383.58655861224,174.68106079101562
2015-10-29,21269.81353901528,174.58070373535156
2015-10-30,21246.256813005875,173.8283233642578
2015-11-02,21331.55507535241,175.88485717773438
2015-11-03,21366.156933685852,176.3948516845703
2015-11-04,21406.536833570633,175.85986328125
2015-11-05,21423.333231518784,175.68421936035156
2015-11-06,21659.134351145938,175.59226989746094
2015-11-09,21492.14079328839,173.95372009277344
2015-11-10,21462.611138641016,174.35498046875
2015-11-11,21472.358680920093,173.66954040527344
2015-11-12,21254.429357691428,171.24508666992188
2015-11-13,20997.528728774952,169.32229614257812
2015-11-16,21256.566526332266,171.8971710205078
2015-11-17,21321.761217793686,171.77178955078125
2015-11-18,21607.849224694626,174.4971160888672
2015-11-19,21640.346377025802,174.3466796875
2015-11-20,21733.83541310935,174.98196411132812
2015-11-23,21706.373546400315,174.78135681152344
2015-11-24,21689.082272989224,175.0154571533203
2015-11-25,21690.407973226902,174.9904327392578
2015-11-27,21746.88828041995,175.19097900390625
2015-11-30,21670.01049225239,174.46368408203125
2015-12-01,21838.00058803136,176.1273193359375
2015-12-02,21738.26952242964,174.32992553710938
2015-12-03,21646.373498337496,171.8888397216797
2015-12-04,22035.226946139446,175.2411651611328
2015-12-07,21898.72220572887,174.17947387695312
2015-12-08,21851.86907766826,173.00901794433594
2015-12-09,21622.56741217669,171.6631317138672
2015-12-10,21678.01831239673,172.106201171875
2015-12-11,21349.72183919935,168.77066040039062
2015-12-14,21453.141581512275,169.62326049804688
2015-12-15,21555.667193833637,171.40396118164062
2015-12-16,21818.27672743331,173.91189575195312
2015-12-17,21599.626318060207,171.26182556152344
2015-12-18,21281.40944293889,168.21080017089844
2015-12-21,21438.40344769617,169.59840393066406
2015-12-22,21517.65944237562,171.13743591308594
2015-12-23,21674.244235923903,173.2566375732422
2015-12-24,21654.034742463955,172.97064208984375
2015-12-28,21656.258696576708,172.57545471191406
2015-12-29,21861.559183242018,174.41712951660156
2015-12-30,21739.041026476916,173.18089294433594
2015-12-31,21542.19464015502,171.44854736328125
2016-01-04,21989.998015474102,169.05174255371094
2016-01-05,21978.173270434618,169.33766174316406
2016-01-06,21861.987988953468,167.2015838623047
2016-01-07,21417.383405904515,163.19020080566406
2016-01-08,21243.627199699917,161.39894104003906
2016-01-11,21359.36735042164,161.55873107910156
2016-01-12,21494.184628266972,162.8622283935547
2016-01-13,21064.96387534892,158.8003387451172
2016-01-14,21208.69070453456,161.4073486328125
2016-01-15,20847.1768175951,157.9425811767578
2016-01-19,20902.360644035365,158.1527862548828
2016-01-20,20790.124713857476,156.1260528564453
2016-01-21,20868.85390972504,157.00067138671875
2016-01-22,21116.59192343106,160.2215576171875
2016-01-25,20984.825202467433,157.79962158203125
2016-01-26,21093.14713620418,159.95245361328125
2016-01-27,20839.158301765223,158.211669921875
2016-01-28,21018.431149816315,159.03578186035156
2016-01-29,21390.168339973483,162.91270446777344
2016-02-01,21396.509817580132,162.8538055419922
2016-02-02,21089.608640411498,159.91885375976562
2016-02-03,21075.514765841148,160.87750244140625
2016-02-04,21094.614274390013,161.12982177734375
2016-02-05,20708.19010210928,158.06027221679688
2016-02-08,20523.093859369383,155.93263244628906
2016-02-09,20573.03917135113,155.9410858154297
2016-02-10,20607.87213216213,155.8064727783203
2016-02-11,20424.796449333036,153.7797393798828
2016-02-12,20705.199676768934,156.9501953125
2016-02-16,20963.440835546502,159.59927368164062
2016-02-17,21203.493521112247,162.206298828125
2016-02-18,21112.81502582242,161.54190063476562
2016-02-19,21125.595920186213,161.46621704101562
2016-02-22,21304.463481778515,163.80410766601562
2016-02-23,21130.63409497679,161.73536682128906
2016-02-24,21194.04435885101,162.47535705566406
2016-02-25,21357.861583748156,164.44322204589844
2016-02-26,21286.110581961217,164.0648193359375
2016-02-29,21195.964861451306,162.778076171875
2016-03-01,21603.59046808606,166.6045379638672
2016-03-02,21637.26649237826,167.35296630859375
2016-03-03,21637.2332727794,168.00894165039062
2016-03-04,21723.651447420376,168.55560302734375
2016-03-07,21586.153769178083,168.6901397705078
2016-03-08,21522.990090627052,166.84841918945312
2016-03-09,21633.846739514203,167.67257690429688
2016-03-10,21637.99258798835,167.80712890625
2016-03-11,21848.94768299726,170.51502990722656
2016-03-14,21860.827402045525,170.2964324951172
2016-03-15,21905.84237351848,170.01890563964844
2016-03-16,21983.816878435147,171.00277709960938
2016-03-17,22092.919974827746,172.08767700195312
2016-03-18,22155.625371130234,172.76388549804688
2016-03-21,22197.109693130067,173.00901794433594
2016-03-22,22165.99094695104,172.916015625
2016-03-23,22160.718273902356,171.77488708496094
2016-03-24,22136.30978224376,171.69883728027344
2016-03-28,22165.49501874812,171.80029296875
2016-03-29,22343.757433297877,173.3894500732422
2016-03-30,22459.841015060756,174.1501922607422
2016-03-31,22395.942249996766,173.7275848388672
2016-04-01,22517.58754078244,174.9110107421875
2016-04-04,22431.00895977562,174.3446502685547
2016-04-05,22326.57556894251,172.60333251953125
2016-04-06,22450.298798898806,174.48834228515625
2016-04-07,22287.525777887564,172.40045166015625
2016-04-08,22327.98074394654,172.86532592773438
2016-04-11,22281.794465092076,172.45957946777344
2016-04-12,22401.5038496039,174.0656280517578
2016-04-13,22557.554271126563,175.82395935058594
2016-04-14,22580.160365723346,175.8323516845703
2016-04-15,22598.950196908587,175.63790893554688
2016-04-18,22685.554564521834,176.87208557128906
2016-04-19,22577.550779799065,177.4300079345703
2016-04-20,22556.46071855888,177.5990753173828
2016-04-21,22447.20440459038,176.64385986328125
2016-04-22,22328.19106068919,176.64385986328125
2016-04-25,22332.103846153568,176.339599609375
2016-04-26,22296.70136439408,176.60157775878906
2016-04-27,22341.567882830932,176.96507263183594
2016-04-28,22172.69021442148,175.3590087890625
2016-04-29,22163.077602999714,174.41226196289062
2016-05-02,22335.385617518397,175.7985382080078
2016-05-03,22198.327779225503,174.26853942871094
2016-05-04,22132.767643927633,173.29635620117188
2016-05-05,22098.892502918938,173.2626190185547
2016-05-06,22206.88107500508,173.89662170410156
2016-05-09,22215.783533399273,174.04029846191406
2016-05-10,22436.01370678531,176.2042999267578
2016-05-11,22310.619543010227,174.5559539794922
2016-05-12,22291.56529966855,174.60665893554688
2016-05-13,22267.366830651437,173.08509826660156
2016-05-16,22432.586134507386,174.79263305664062
2016-05-17,22252.766501162685,173.16119384765625
2016-05-18,22282.945286455375,173.2119140625
2016-05-19,22241.286308650942,172.61170959472656
2016-05-20,22329.175698504758,173.70217895507812
2016-05-23,22320.507322355345,173.46551513671875
2016-05-24,22572.33954098162,175.71401977539062
2016-05-25,22666.800130712207,176.90586853027344
2016-05-26,22719.08480607654,176.9565887451172
2016-05-27,22764.422053539518,177.7174072265625
2016-05-31,22760.332859413153,177.37925720214844
2016-06-01,22786.06471510682,177.7427215576172
2016-06-02,22829.408178705482,178.28379821777344
2016-06-03,22817.896588112213,177.75119018554688
2016-06-06,22867.453686779125,178.6557159423828
2016-06-07,22880.821919161615,178.93458557128906
2016-06-08,22925.34176724825,179.51791381835938
2016-06-09,22954.945171478987,179.27279663085938
2016-06-10,22825.21505078721,177.57369995117188
2016-06-13,22735.993268634513,176.2042999267578
2016-06-14,22743.60144733004,175.85768127441406
2016-06-15,22706.05849588069,175.61260986328125
2016-06-16,22793.11702111219,176.13668823242188
2016-06-17,22679.790953223775,175.48072814941406
2016-06-20,22770.582697452257,176.61082458496094
2016-06-21,22794.55105151155,177.11212158203125
2016-06-22,22739.361692581708,176.82325744628906
2016-06-23,22954.998182790714,179.12594604492188
2016-06-24,22379.37599913541,172.6936798095703
2016-06-27,22144.953892518333,169.6007843017578
2016-06-28,22426.41918548211,172.65966796875
2016-06-29,22667.4599705229,175.5996551513672
2016-06-30,22803.485259572873,177.995849609375
2016-07-01,22855.75993683843,178.36973571777344
2016-07-05,22832.289095088847,177.08665466308594
2016-07-06,22869.990411413615,178.1488037109375
2016-07-07,22934.861124744555,178.03839111328125
2016-07-08,23209.33033858524,180.6893768310547
2016-07-11,23287.115183858426,181.3267059326172
2016-07-12,23389.04171981519,182.64373779296875
2016-07-13,23404.793590352256,182.61822509765625
2016-07-14,23491.07425046258,183.63784790039062
2016-07-15,23487.1213559177,183.39144897460938
2016-07-18,23541.06139366924,183.88429260253906
2016-07-19,23474.72655989096,183.6973419189453
2016-07-20,23605.5353731172,184.46209716796875
2016-07-21,23482.182532922307,183.7653350830078
2016-07-22,23556.141119305597,184.58958435058594
2016-07-25,23553.294668929542,184.08819580078125
2016-07-26,23611.57611671,184.1731719970703
2016-07-27,23551.282986586346,183.97772216796875
2016-07-28,23572.096525132853,184.190185546875
2016-07-29,23624.06587063705,184.4875946044922
2016-08-01,23680.833688135597,184.33460998535156
2016-08-02,23603.256842190596,183.15354919433594
2016-08-03,23607.363107774047,183.68885803222656
2016-08-04,23671.713212379385,183.88429260253906
2016-08-05,23830.649192285004,185.38827514648438
2016-08-08,23782.600788243602,185.27783203125
2016-08-09,23793.207603419654,185.38827514648438
2016-08-10,23776.107233473074,184.92942810058594
2016-08-11,23859.421975466365,185.78762817382812
2016-08-12,23903.51081851819,185.6261749267578
2016-08-15,23940.25487060236,186.1615447998047
2016-08-16,23830.02020420968,185.2012939453125
2016-08-17,23834.14199511318,185.54965209960938
2016-08-18,23821.748835350154,185.9660186767578
2016-08-19,23810.8791647682,185.69415283203125
2016-08-22,23815.240513081695,185.68565368652344
2016-08-23,23856.74279428031,186.05955505371094
2016-08-24,23787.622902559135,185.10784912109375
2016-08-25,23797.79071517174,184.98037719726562
2016-08-26,23806.20042001319,184.63198852539062
2016-08-29,23875.30231323417,185.5412139892578
2016-08-30,23835.44849890117,185.23529052734375
2016-08-31,23818.86105744396,184.70846557617188
2016-09-01,23838.40126688884,184.71697998046875
2016-09-02,23870.809770659092,185.54965209960938
2016-09-06,23934.818902193612,186.11053466796875
2016-09-07,23860.173087311676,186.09356689453125
2016-09-08,23809.06457536057,185.6686553955078
2016-09-09,23361.795904332143,181.22470092773438
2016-09-12,23628.583805541988,183.82479858398438
2016-09-13,23406.192706683647,181.18218994140625
2016-09-14,23455.62388525356,181.11428833007812
2016-09-15,23669.147865857918,182.92408752441406
2016-09-16,23665.5370592209,182.21702575683594
2016-09-19,23655.309414340638,182.25111389160156
2016-09-20,23668.349351455778,182.25967407226562
2016-09-21,23802.116405551973,184.30929565429688
2016-09-22,23901.487407690947,185.47068786621094
2016-09-23,23795.098677846025,184.45445251464844
2016-09-26,23641.67706058889,182.95999145507812
2016-09-27,23843.798712732205,184.09580993652344
2016-09-28,23868.557727223248,185.0095977783203
2016-09-29,23786.62601455628,183.33575439453125
2016-09-30,23929.8564749723,184.71922302246094
2016-10-03,23853.182791735835,184.2750701904297
2016-10-04,23749.33364247392,183.33575439453125
2016-10-05,23840.70092690464,184.1470184326172
2016-10-06,23852.094236531935,184.2750701904297
2016-10-07,23763.65134896249,183.6431121826172
2016-10-10,23783.410366059514,184.5996551513672
2016-10-11,23548.085889117927,182.26824951171875
2016-10-12,23556.357135731294,182.50735473632812
2016-10-13,23505.932099642574,181.9095458984375
2016-10-14,23549.845898204152,182.00352478027344
2016-10-17,23485.410362958923,181.37152099609375
2016-10-18,23543.550108990326,182.50735473632812
2016-10-19,23479.890171487463,182.994140625
2016-10-20,23463.48713763384,182.65252685546875
2016-10-21,23453.601532834833,182.7379608154297
2016-10-24,23593.491934942795,183.5150604248047
2016-10-25,23512.488002906146,182.900146484375
2016-10-26,23490.7280629397,182.53298950195312
2016-10-27,23449.56968666837,182.0462188720703
2016-10-28,23318.38704857225,181.50816345214844
2016-10-31,23325.01341428497,181.51673889160156
2016-11-01,23194.364242293803,180.20155334472656
2016-11-02,23091.420410850762,179.11700439453125
2016-11-03,23044.788622801636,178.2971649169922
2016-11-04,23004.666547528584,178.1007537841797
2016-11-07,23441.043972473424,182.0291290283203
2016-11-08,23512.432300061562,182.84896850585938
2016-11-09,23665.410720559597,184.7875213623047
2016-11-10,23562.067234914397,185.24868774414062
2016-11-11,23786.597221226224,184.82167053222656
2016-11-14,23580.04798790793,184.96685791015625
2016-11-15,23740.60200725752,186.41012573242188
2016-11-16,23812.45942210883,186.0599365234375
2016-11-17,23880.553360197122,187.01644897460938
2016-11-18,23858.763334369716,186.59800720214844
2016-11-21,23954.709399994274,188.00704956054688
2016-11-22,24029.517959358825,188.37428283691406
2016-11-23,24032.606439692987,188.4767608642578
2016-11-25,24116.14807125713,189.17706298828125
2016-11-28,24049.66062747599,188.28892517089844
2016-11-29,24017.837272440764,188.65614318847656
2016-11-30,23862.11670854889,188.2034912109375
2016-12-01,23616.962148806007,187.5117950439453
2016-12-02,23655.1575696955,187.605712890625
2016-12-05,23778.19315404838,188.73294067382812
2016-12-06,23835.538962949242,189.33079528808594
2016-12-07,24120.972968783648,191.80740356445312
2016-12-08,24115.21623335813,192.27706909179688
2016-12-09,24241.960001791886,193.43849182128906
2016-12-12,24292.98576112673,193.21646118164062
2016-12-13,24480.070418657906,194.5059814453125
2016-12-14,24412.29946877626,192.90048217773438
2016-12-15,24504.51032175096,193.69467163085938
2016-12-16,24459.220355045138,193.31588745117188
2016-12-19,24530.240684377928,193.73678588867188
2016-12-20,24643.66055576411,194.48419189453125
2016-12-21,24589.642789353697,193.94296264648438
2016-12-22,24583.459016539276,193.60794067382812
2016-12-23,24619.84297759521,193.89146423339844
2016-12-27,24749.062383688444,194.37245178222656
2016-12-28,24519.633994433716,192.76609802246094
2016-12-29,24550.316887196575,192.72315979003906
2016-12-30,24369.12059586982,192.01878356933594
2017-01-03,23756.361405826625,193.4876708984375
2017-01-04,23812.65054737054,194.6387939453125
2017-01-05,23750.86915520245,194.48419189453125
2017-01-06,23837.207438407906,195.17991638183594
2017-01-09,23826.062337744115,194.53573608398438
2017-01-10,23826.385257080103,194.53573608398438
2017-01-11,23895.677660076544,195.0854949951172
2017-01-12,23842.884254685177,194.59584045410156
2017-01-13,23888.73696237071,195.04248046875
2017-01-17,23688.83965635686,194.3553009033203
2017-01-18,23772.109312660225,194.78480529785156
2017-01-19,23732.736893146746,194.06326293945312
2017-01-20,23825.24846947002,194.77621459960938
2017-01-23,23712.285197267393,194.2694091796875
2017-01-24,23860.721875544074,195.51492309570312
2017-01-25,24084.360379513117,197.20724487304688
2017-01-26,24082.584593128755,197.0010986328125
2017-01-27,24138.520992541475,196.69190979003906
2017-01-30,23989.086536815117,195.47206115722656
2017-01-31,23802.341355430875,195.4548797607422
2017-02-01,23827.840826725587,195.5321502685547
2017-02-02,23822.613161318393,195.6610107421875
2017-02-03,23965.468339338797,197.00970458984375
2017-02-06,23955.607687238164,196.65750122070312
2017-02-07,23971.745309111084,196.6660919189453
2017-02-08,23928.673116235983,196.92381286621094
2017-02-09,24012.30768640266,198.09210205078125
2017-02-10,24099.34496128494,198.873779296875
2017-02-13,24227.94417935825,199.95616149902344
2017-02-14,24328.778247421033,200.75506591796875
2017-02-15,24450.799143056065,201.80307006835938
2017-02-16,24479.4109286235,201.63125610351562
2017-02-17,24507.96461089158,201.9490966796875
2017-02-21,24635.411743038207,203.15170288085938
2017-02-22,24641.3938922752,202.9713592529297
2017-02-23,24568.561583729,203.1088104248047
2017-02-24,24566.164011591245,203.36651611328125
2017-02-27,24631.402070345684,203.684326171875
2017-02-28,24551.644993941136,203.13455200195312
2017-03-01,24869.357969927234,205.97799682617188
2017-03-02,24707.019268498232,204.6807861328125
2017-03-03,24725.530669124197,204.80970764160156
2017-03-06,24678.728507703618,204.1998291015625
2017-03-07,24687.149078400715,203.58987426757812
2017-03-08,24672.602787872725,203.2118682861328
2017-03-09,24686.86060526916,203.46958923339844
2017-03-10,24755.120981054264,204.18260192871094
2017-03-13,24770.88935224368,204.28567504882812
2017-03-14,24724.036809274403,203.50393676757812
2017-03-15,24834.210424597815,205.26498413085938
2017-03-16,24865.653964344998,204.86119079589844
2017-03-17,24833.21447900705,204.5014190673828
2017-03-20,24814.838459644594,204.27713012695312
2017-03-21,24484.55337686042,201.65426635742188
2017-03-22,24512.729938278128,202.12884521484375
2017-03-23,24488.11073858826,201.9131622314453
2017-03-24,24453.048386247156,201.7664794921875
2017-03-27,24438.172326813758,201.55941772460938
2017-03-28,24577.304047121503,203.026123046875
2017-03-29,24567.37529154317,203.2158966064453
2017-03-30,24650.909531387806,203.8629913330078
2017-03-31,24608.836077316762,203.3884735107422
2017-04-03,25658.49679730875,203.0347137451172
2017-04-04,25643.09662792189,203.16416931152344
2017-04-05,25548.761731110782,202.5602264404297
2017-04-06,25581.40669992705,203.129638671875
2017-04-07,25567.10356328511,202.9225616455078
2017-04-10,25536.978093688514,203.04335021972656
2017-04-11,25502.230446144444,202.80172729492188
2017-04-12,25376.26009262732,201.9131622314453
2017-04-13,25243.879692867606,200.60171508789062
2017-04-17,25477.439724410004,202.37905883789062
2017-04-18,25354.748656297095,201.7751007080078
2017-04-19,25242.10256683701,201.40411376953125
2017-04-20,25455.91179562147,203.04335021972656
2017-04-21,25392.611640111034,202.3962860107422
2017-04-24,25683.11723196586,204.62220764160156
2017-04-25,25919.104253966514,205.81288146972656
2017-04-26,25871.891354706633,205.6833953857422
2017-04-27,25902.93721474311,205.85597229003906
2017-04-28,25825.220392727362,205.40733337402344
2017-05-01,25897.77247618609,205.9249725341797
2017-05-02,25940.30840513841,206.00262451171875
2017-05-03,25959.996090031527,205.75242614746094
2017-05-04,25939.47333429501,205.9939727783203
2017-05-05,25958.231119620406,206.80503845214844
2017-05-08,25962.378869207423,206.77052307128906
2017-05-09,25956.921290593924,206.58074951171875
2017-05-10,26131.50885972509,206.9517059326172
2017-05-11,26160.05859611345,206.52896118164062
2017-05-12,26209.860214039847,206.18386840820312
2017-05-15,26378.866677421884,207.3227081298828
2017-05-16,26475.736279446413,207.13290405273438
2017-05-17,25924.787854996455,203.45753479003906
2017-05-18,26007.223145178952,204.27713012695312
2017-05-19,26126.91309602228,205.60577392578125
2017-05-22,26235.717759359344,206.64974975585938
2017-05-23,26284.61166631666,207.10696411132812
2017-05-24,26358.552738795555,207.5901641845703
2017-05-25,26484.319302260654,208.58229064941406
2017-05-26,26520.849030373636,208.5391387939453
2017-05-30,26515.105460882663,208.35800170898438
2017-05-31,26476.209925372594,208.3062286376953
2017-06-01,26534.69711281553,209.96273803710938
2017-06-02,26721.618005587585,210.66162109375
2017-06-05,26744.918750641922,210.5062713623047
2017-06-06,26704.89641483404,209.83334350585938
2017-06-07,26774.925891085055,210.22164916992188
2017-06-08,26943.25918504004,210.3251190185547
2017-06-09,26766.485384088865,210.0059051513672
2017-06-12,26684.1803342167,209.96273803710938
2017-06-13,26774.067042803963,210.98941040039062
2017-06-14,26757.948461747954,210.7219696044922
2017-06-15,26725.889606560864,210.31651306152344
2017-06-16,26743.656036120585,210.36239624023438
2017-06-19,26995.69524586863,212.11373901367188
2017-06-20,26912.558298897526,210.68325805664062
2017-06-21,26958.432614789377,210.6311798095703
2017-06-22,26956.938974498975,210.5358123779297
2017-06-23,26975.21377792703,210.78726196289062
2017-06-26,26945.955374365465,210.92596435546875
2017-06-27,26729.929596830552,209.2267303466797
2017-06-28,26984.63183828697,211.099365234375
2017-06-29,26785.067753378476,209.2440185546875
2017-06-30,26762.29723836743,209.63417053222656
2017-07-03,29491.127402069265,209.98965454101562
2017-07-05,29634.687003707168,210.47520446777344
2017-07-06,29505.510958020066,208.5504608154297
2017-07-07,29707.948805603653,209.90296936035156
2017-07-10,29833.75557293994,210.12838745117188
2017-07-11,29840.248762693616,209.97230529785156
2017-07-12,30059.7822576632,211.5502471923828
2017-07-13,30103.986324695707,211.9056854248047
2017-07-14,30217.499073553623,212.89401245117188
2017-07-17,30184.16103173108,212.86801147460938
2017-07-18,30308.137697008235,212.98074340820312
2017-07-19,30400.43237750676,214.1337890625
2017-07-20,30358.3345341767,214.22911071777344
2017-07-21,30372.77885765804,214.03839111328125
2017-07-24,30374.99467017892,213.98641967773438
2017-07-25,30522.995131731866,214.5065460205078
2017-07-26,30640.203428527802,214.51522827148438
2017-07-27,30486.99104374325,214.31585693359375
2017-07-28,30469.611099853442,214.06439208984375
2017-07-31,30457.946359696864,213.94308471679688
2017-08-01,30576.02803107622,214.419921875
2017-08-02,30658.036207598918,214.52392578125
2017-08-03,30578.906803254602,214.10777282714844
2017-08-04,30681.841133956677,214.49795532226562
2017-08-07,30803.466762853368,214.89674377441406
2017-08-08,30745.874739408348,214.36788940429688
2017-08-09,30698.62610935981,214.35922241210938
2017-08-10,30296.393100323636,211.33343505859375
2017-08-11,30324.949367395762,211.64553833007812
2017-08-14,30659.97828062132,213.74363708496094
2017-08-15,30660.22535610731,213.7175750732422
2017-08-16,30709.658429136343,214.09039306640625
2017-08-17,30317.00436966718,210.7525634765625
2017-08-18,30268.06214266571,210.42311096191406
2017-08-21,30258.332555111036,210.58786010742188
2017-08-22,30565.49687190179,212.79000854492188
2017-08-23,30514.30942270774,212.0270538330078
2017-08-24,30459.019460698564,211.53285217285156
2017-08-25,30410.849969291816,212.0270538330078
2017-08-28,30447.8884066293,212.0357208251953
2017-08-29,30492.068894595588,212.27850341796875
2017-08-30,30681.729023817905,213.28414916992188
2017-08-31,30813.074626038826,214.56724548339844
2017-09-01,30860.188468305485,214.87069702148438
2017-09-05,30593.376955315587,213.32748413085938
2017-09-06,30645.552137531373,214.05572509765625
2017-09-07,30700.224967825496,214.0296630859375
2017-09-08,30630.003526925913,213.77835083007812
2017-09-11,30983.548464094685,216.05845642089844
2017-09-12,31114.888693625766,216.78671264648438
2017-09-13,31127.5260302762,216.89071655273438
2017-09-14,31133.314881456125,216.8214111328125
2017-09-15,31297.96836077451,217.11329650878906
2017-09-18,31427.37598855532,217.57505798339844
2017-09-19,31512.251948738547,217.7928924560547
2017-09-20,31507.104683060497,217.8712921142578
2017-09-21,31472.629956933204,217.28753662109375
2017-09-22,31467.169693658067,217.3311309814453
2017-09-25,31206.49676478961,216.88674926757812
2017-09-26,31218.990202149816,217.0174560546875
2017-09-27,31426.62480971555,217.86253356933594
2017-09-28,31515.123158065973,218.12399291992188
2017-09-29,31599.614206445796,218.89068603515625
2017-10-02,30790.38335717059,219.8404083251953
2017-10-03,30864.244769366203,220.3108367919922
2017-10-04,30929.93960129611,220.5722198486328
2017-10-05,31206.576654843524,221.87916564941406
2017-10-06,31262.011522184002,221.62646484375
2017-10-09,31265.997007423528,221.26052856445312
2017-10-10,31319.122894333905,221.84429931640625
2017-10-11,31431.933392939634,222.19288635253906
2017-10-12,31400.490437369273,221.86170959472656
2017-10-13,31495.772355143727,222.1317901611328
2017-10-16,31604.614391952,222.4280242919922
2017-10-17,31520.69807290599,222.5848846435547
2017-10-18,31568.230624100368,222.80276489257812
2017-10-19,31503.81169511665,222.8636932373047
2017-10-20,31646.643400720975,224.0137939453125
2017-10-23,31584.822396340624,223.14247131347656
2017-10-24,31882.963702851575,223.5346221923828
2017-10-25,31763.04958581682,222.4280242919922
2017-10-26,31831.580668144936,222.71560668945312
2017-10-27,32263.75149999968,224.53656005859375
2017-10-30,32267.070040932325,223.7001495361328
2017-10-31,32270.601146385507,224.048583984375
2017-11-01,32285.724049723765,224.34490966796875
2017-11-02,32369.769142079975,224.43202209472656
2017-11-03,32526.139396787778,225.1812744140625
2017-11-06,32583.87811065915,225.5298309326172
2017-11-07,32505.674590653638,225.3730010986328
2017-11-08,32483.81474671575,225.7563018798828
2017-11-09,32248.010272558957,224.93743896484375
2017-11-10,32267.944886139572,224.86766052246094
2017-11-13,32294.69145440051,225.0767822265625
2017-11-14,32310.888471342383,224.5540008544922
2017-11-15,32170.601921543326,223.43003845214844
2017-11-16,32389.04826005104,225.32937622070312
2017-11-17,32267.866961550728,224.66726684570312
2017-11-20,32390.198557440483,225.05059814453125
2017-11-21,32605.102793882103,226.52308654785156
2017-11-22,32551.38266442026,226.32269287109375
2017-11-24,32660.122228794375,226.84542846679688
2017-11-27,32687.341157094594,226.73220825195312
2017-11-28,32925.4104039368,229.0323486328125
2017-11-29,32660.900689662103,228.89295959472656
2017-11-30,32985.11335609516,230.89688110351562
2017-12-01,32879.428458020426,230.41763305664062
2017-12-04,32705.04474413517,230.13890075683594
2017-12-05,32686.112698597542,229.31118774414062
2017-12-06,32740.14057988141,229.35472106933594
2017-12-07,32873.248461110335,230.07786560058594
2017-12-08,33015.16061599186,231.33251953125
2017-12-11,33071.06109980151,232.02952575683594
2017-12-12,33131.2901966368,232.43902587890625
2017-12-13,33139.465705044946,232.41287231445312
2017-12-14,33074.26803361922,231.463134765625
2017-12-15,33268.75797426084,233.3907012939453
2017-12-18,33473.408207012966,234.87066650390625
2017-12-19,33369.39109167584,233.96868896484375
2017-12-20,33376.1094895231,233.84603881835938
2017-12-21,33384.362628816634,234.32769775390625
2017-12-22,33380.34720659591,234.26638793945312
2017-12-26,33348.45982030625,233.9862060546875
2017-12-27,33382.0222835106,234.09999084472656
2017-12-28,33474.47313019048,234.58164978027344
2017-12-29,33310.28456393664,233.6972198486328
2018-01-02,34730.670024364204,235.3697967529297
2018-01-03,34954.74473539121,236.85858154296875
2018-01-04,35130.006699228936,237.85682678222656
2018-01-05,35432.769656508775,239.4419708251953
2018-01-08,35542.022888697065,239.87982177734375
2018-01-09,35601.465943714175,240.42274475097656
2018-01-10,35596.38403157836,240.05494689941406
2018-01-11,35822.65137430402,241.80645751953125
2018-01-12,36157.28108713079,243.38282775878906
2018-01-16,36114.91194186129,242.55081176757812
2018-01-17,36475.52387433943,244.8627471923828
2018-01-18,36442.34620738283,244.45120239257812
2018-01-19,36577.26614181606,245.56326293945312
2018-01-22,36829.01861307127,247.55995178222656
2018-01-23,37000.57073275628,248.08543395996094
2018-01-24,36916.444964975926,247.9890594482422
2018-01-25,37017.94315915785,248.09413146972656
2018-01-26,37476.307626928734,250.9665069580078
2018-01-29,37329.57517731054,249.30262756347656
2018-01-30,36951.699689328125,246.74557495117188
2018-01-31,37025.246755177664,246.8682098388672
2018-02-01,36960.706174372266,246.58790588378906
2018-02-02,36334.02943670693,241.2197265625
2018-02-05,35035.4727471069,231.13128662109375
2018-02-06,35846.574954226155,235.6851348876953
2018-02-07,35706.60795657048,234.40650939941406
2018-02-08,34433.277212223766,225.6142578125
2018-02-09,35008.13144479807,229.0032501220703
2018-02-12,35504.746767897836,232.3660888671875
2018-02-13,35607.54950619442,232.94406127929688
2018-02-14,36097.595048347495,236.0879364013672
2018-02-15,36599.774796938575,239.1004180908203
2018-02-16,36510.51011257929,239.1705322265625
2018-02-20,36538.07646717245,237.67298889160156
2018-02-21,36388.49090781648,236.49073791503906
2018-02-22,36444.764990368145,236.79722595214844
2018-02-23,36954.54969822718,240.5717315673828
2018-02-26,37397.892730644,243.36521911621094
2018-02-27,37105.459716854464,240.32644653320312
2018-02-28,36809.29966961506,237.89187622070312
2018-03-01,36221.05371942316,234.43280029296875
2018-03-02,36368.11509970641,235.64129638671875
2018-03-05,36760.46190514604,238.3648223876953
2018-03-06,36906.32821629471,238.9690704345703
2018-03-07,36892.55743647509,238.8814239501953
2018-03-08,37006.15828175608,240.0374298095703
2018-03-09,37706.91195040873,244.21466064453125
2018-03-12,37603.022094542306,243.908203125
2018-03-13,37311.432829879996,242.3318634033203
2018-03-14,37177.39781284845,241.0883331298828
2018-03-15,37254.04397140109,240.82557678222656
2018-03-16,37256.83892920889,241.0867156982422
2018-03-19,36769.294486564584,237.8248291015625
2018-03-20,36904.42055851071,238.22927856445312
2018-03-21,36877.49669738518,237.77203369140625
2018-03-22,35959.416982866795,231.82838439941406
2018-03-23,35287.45884098131,226.88706970214844
2018-03-26,36335.21824009158,233.09451293945312
2018-03-27,35505.91607839924,229.129150390625
2018-03-28,35166.54197609865,228.4521026611328
2018-03-29,35691.5291335412,231.3711395263672
2018-04-02,34174.07230588223,226.37713623046875
2018-04-03,34528.09899754188,229.2786102294922
2018-04-04,34811.18558071946,231.73162841796875
2018-04-05,35038.64297145326,233.5604248046875
2018-04-06,34323.04277651391,228.3554229736328
2018-04-09,34427.38755789018,229.48081970214844
2018-04-10,35026.27115578859,233.1296844482422
2018-04-11,34819.00097348897,231.9075164794922
2018-04-12,35288.31079202794,233.8154754638672
2018-04-13,35078.39545350341,233.1296844482422
2018-04-16,35236.0445730663,235.0464324951172
2018-04-17,35756.009751495585,237.56101989746094
2018-04-18,35792.00272777569,237.73680114746094
2018-04-19,35693.04493974911,236.41807556152344
2018-04-20,35466.62146579444,234.4132843017578
2018-04-23,35311.503831656606,234.37815856933594
2018-04-24,34809.59885498688,231.22171020507812
2018-04-25,34849.980967416705,231.79319763183594
2018-04-26,35286.18765077604,234.14959716796875
2018-04-27,35302.73365673713,234.36941528320312
2018-04-30,35186.12401626621,232.56687927246094
2018-05-01,35325.25069263287,232.98020935058594
2018-05-02,35174.95068453247,231.41514587402344
2018-05-03,35224.18350428126,230.90521240234375
2018-05-04,35654.653532082324,233.89456176757812
2018-05-07,35881.17507622377,234.6858673095703
2018-05-08,35988.22021319994,234.6858673095703
2018-05-09,36314.062020262776,236.95436096191406
2018-05-10,36578.95777794926,239.17002868652344
2018-05-11,36571.20604432538,239.8997802734375
2018-05-14,36646.596045152895,240.01402282714844
2018-05-15,36347.95447964678,238.361083984375
2018-05-16,36426.91659437275,239.36338806152344
2018-05-17,36335.22538456203,239.16122436523438
2018-05-18,36269.90426125948,238.56336975097656
2018-05-21,36568.943081753554,240.35696411132812
2018-05-22,36479.66770922352,239.68878173828125
2018-05-23,36649.158105749535,240.34812927246094
2018-05-24,36608.73649204304,239.85580444335938
2018-05-25,36616.763717409434,239.2843017578125
2018-05-29,36209.26575232769,236.53225708007812
2018-05-30,36525.44678752215,239.68878173828125
2018-05-31,36364.069498635,238.22044372558594
2018-06-01,36771.82887041973,240.55918884277344
2018-06-04,36988.83209178349,241.7022247314453
2018-06-05,37035.3373229011,241.87811279296875
2018-06-06,37414.551581707776,243.9003143310547
2018-06-07,37346.25858914459,243.8739471435547
2018-06-08,37321.10354813389,244.5949249267578
2018-06-11,37296.31216071836,244.92022705078125
2018-06-12,37369.810662806216,245.2367706298828
2018-06-13,37282.24766244997,244.4542236328125
2018-06-14,37361.94854165798,245.0697021484375
2018-06-15,37279.01531380959,244.75704956054688
2018-06-18,37244.50584114694,244.25369262695312
2018-06-19,37034.89894023992,243.31747436523438
2018-06-20,37142.20851669947,243.73251342773438
2018-06-21,36905.99559244098,242.20468139648438
2018-06-22,36858.11421473521,242.646240234375
2018-06-25,36215.65184722398,239.3431854248047
2018-06-26,36333.74859732747,239.873046875
2018-06-27,35963.592449404256,237.8858184814453
2018-06-28,36210.9516882176,239.24594116210938
2018-06-29,36188.493091913835,239.59042358398438
2018-07-02,35809.53319982871,240.10267639160156
2018-07-03,35514.3564169452,239.25477600097656
2018-07-05,35812.25520423878,241.20663452148438
2018-07-06,35991.02778810968,243.2468719482422
2018-07-09,36352.877636360485,245.43710327148438
2018-07-10,36457.23845387723,246.32034301757812
2018-07-11,36266.95099958269,244.51856994628906
2018-07-12,36491.47904001739,246.73536682128906
2018-07-13,36387.61497302514,246.9296417236328
2018-07-16,36441.71273526894,246.70889282226562
2018-07-17,36528.315280783136,247.70692443847656
2018-07-18,36619.24620330381,248.22799682617188
2018-07-19,36432.117493543214,247.2918243408203
2018-07-20,36493.76713278583,247.0091552734375
2018-07-23,36619.912140631335,247.46847534179688
2018-07-24,36747.23427748393,248.71371459960938
2018-07-25,37066.07225208838,250.83334350585938
2018-07-26,37003.21520704353,250.2416534423828
2018-07-27,36712.090412559715,248.5458984375
2018-07-30,36346.93570534352,247.2476043701172
2018-07-31,36393.77936422858,248.4664306640625
2018-08-01,36380.19521394441,248.05130004882812
2018-08-02,36568.056737338964,249.40255737304688
2018-08-03,36650.16498902797,250.47125244140625
2018-08-06,36726.93535678092,251.3897247314453
2018-08-07,36936.15105014735,252.22003173828125
2018-08-08,36975.54376560271,252.1139678955078
2018-08-09,36890.44519172861,251.7694854736328
2018-08-10,36629.19331613197,250.08270263671875
2018-08-13,36521.992251568714,249.14646911621094
2018-08-14,36650.27346618083,250.73623657226562
2018-08-15,36361.09816778799,248.8639373779297
2018-08-16,36597.001780169005,250.8775634765625
2018-08-17,36613.19548868779,251.7606964111328
2018-08-20,36676.69936493107,252.2994384765625
2018-08-21,36835.16412809943,252.89114379882812
2018-08-22,36917.712038030906,252.740966796875
2018-08-23,36896.54372968564,252.40545654296875
2018-08-24,37176.156346094154,253.92449951171875
2018-08-27,37495.747283729805,255.92935180664062
2018-08-28,37534.2220620402,256.052978515625
2018-08-29,37703.41194347835,257.43072509765625
2018-08-30,37567.51742165944,256.388671875
2018-08-31,37616.921444628366,256.3975524902344
2018-09-04,37686.96357655069,255.95579528808594
2018-09-05,37422.147894098,255.2669219970703
2018-09-06,37387.07782630484,254.49855041503906
2018-09-07,37374.36188758178,254.00396728515625
2018-09-10,37405.24161561395,254.44561767578125
2018-09-11,37508.485083776424,255.2846221923828
2018-09-12,37480.87652121348,255.34642028808594
2018-09-13,37662.58170030646,256.8566589355469
2018-09-14,37663.45424812763,256.9008483886719
2018-09-17,37395.16693831585,255.54067993164062
2018-09-18,37669.72565468502,256.92742919921875
2018-09-19,37819.22361664865,257.20111083984375
2018-09-20,38030.14506190793,259.2854309082031
2018-09-21,38032.34510353871,259.048583984375
2018-09-24,37975.26148501169,258.1879577636719
2018-09-25,37952.07200552595,257.9484558105469
2018-09-26,37839.65215289727,257.17657470703125
2018-09-27,37944.177147951305,257.8951721191406
2018-09-28,38000.983918085105,257.921875
2018-10-01,38063.673811628156,258.8179016113281
2018-10-02,38120.04760331222,258.6671142578125
2018-10-03,38175.59892113961,258.8089599609375
2018-10-04,37799.27693430689,256.7862548828125
2018-10-05,37413.09592502267,255.3489532470703
2018-10-08,37317.01355563529,255.3489532470703
2018-10-09,37279.034952782145,254.97634887695312
2018-10-10,36163.77521335562,246.90296936035156
2018-10-11,35647.346833195035,241.46461486816406
2018-10-12,36237.18431145754,244.81813049316406
2018-10-15,35908.67159264029,243.44300842285156
2018-10-16,36638.26330345557,248.76605224609375
2018-10-17,36609.97657643277,248.81045532226562
2018-10-18,36118.69100059048,245.21737670898438
2018-10-19,36000.16461904938,245.08432006835938
2018-10-22,35964.82741698469,243.9842071533203
2018-10-23,35738.85750569764,242.74209594726562
2018-10-24,34662.97399297099,235.3874053955078
2018-10-25,35320.03522525347,239.61032104492188
2018-10-26,34816.29629372925,235.39620971679688
2018-10-29,34437.75739670657,234.09210205078125
2018-10-30,34852.75895728652,237.56101989746094
2018-10-31,35359.19449452846,240.0983428955078
2018-11-01,35728.007569719084,242.65341186523438
2018-11-02,35447.4167803905,241.21620178222656
2018-11-05,35580.57119446035,242.5470428466797
2018-11-06,35721.259888622146,244.08177185058594
2018-11-07,36442.89147274522,249.3073272705078
2018-11-08,36329.05235047006,248.85488891601562
2018-11-09,35935.722808515326,246.4239959716797
2018-11-12,35218.09479759832,241.8195343017578
2018-11-13,35236.862458493524,241.36697387695312
2018-11-14,35001.09541392093,239.7168426513672
2018-11-15,35419.82163290582,242.21861267089844
2018-11-16,35287.72177800341,242.84854125976562
2018-11-19,34645.68672987816,238.7409210205078
2018-11-20,34268.36110841641,234.32281494140625
2018-11-21,34259.270861499936,235.1212921142578
2018-11-23,34065.46926284801,233.55091857910156
2018-11-26,34564.193216892265,237.3214111328125
2018-11-27,34732.11064445887,238.1199493408203
2018-11-28,35525.189468094184,243.6027374267578
2018-11-29,35461.81619093211,243.07049560546875
2018-11-30,35834.584235075235,244.55194091796875
2018-12-03,36239.82712357645,247.7902069091797
2018-12-04,35131.40415650413,239.76121520996094
2018-12-06,35236.49490030061,239.3973846435547
2018-12-07,34384.558958256675,233.83480834960938
2018-12-10,34498.71712994306,234.27838134765625
2018-12-11,34481.36975834578,234.3316650390625
2018-12-12,34737.219727975564,235.5115966796875
2018-12-13,34776.26918909027,235.43174743652344
2018-12-14,34220.47463873009,231.0845947265625
2018-12-17,33695.82860773344,226.55105590820312
2018-12-18,33867.96373486693,226.30264282226562
2018-12-19,33393.73063074879,222.9136199951172
2018-12-20,33024.01769931209,219.28500366210938
2018-12-21,32412.24778929488,214.7919921875
2018-12-24,31848.20857568701,209.11656188964844
2018-12-26,33148.50805609796,219.68212890625
2018-12-27,33352.713205522414,221.36871337890625
2018-12-28,33343.22666920693,221.0831298828125
2018-12-31,33611.49487320269,223.01954650878906
2019-01-02,32903.79689976461,223.25155639648438
2019-01-03,32300.876081522536,217.92420959472656
2019-01-04,33208.25482535972,225.22369384765625
2019-01-07,33377.16614801861,226.99952697753906
2019-01-08,33618.969724802715,229.1322479248047
2019-01-09,33645.68833603179,230.20306396484375
2019-01-10,33752.52155346208,231.01513671875
2019-01-11,33795.21755322313,231.10438537597656
2019-01-14,33615.77280262561,229.69442749023438
2019-01-15,33987.149904240614,232.32691955566406
2019-01-16,33984.93100845697,232.88906860351562
2019-01-17,34152.07041052126,234.6559295654297
2019-01-18,34365.50095309841,237.7792510986328
2019-01-22,34048.90842960859,234.56671142578125
2019-01-23,34139.40858426863,235.05752563476562
2019-01-24,34139.15099147886,235.1824493408203
2019-01-25,34249.82808019303,237.1724853515625
2019-01-28,34055.275664303976,235.36988830566406
2019-01-29,33987.06683570169,235.05752563476562
2019-01-30,34445.37570054648,238.7787322998047
2019-01-31,34561.74591530851,240.87576293945312
2019-02-01,34632.00347013766,240.99176025390625
2019-02-04,34885.59902982217,242.68727111816406
2019-02-05,35052.99336440998,243.70460510253906
2019-02-06,35029.8740866075,243.38327026367188
2019-02-07,34744.11068120167,241.06317138671875
2019-02-08,34761.599189183944,241.35765075683594
2019-02-11,34738.062718310015,241.4915008544922
2019-02-12,35122.80469170106,244.59693908691406
2019-02-13,35155.651529544164,245.3910675048828
2019-02-14,35088.8882318001,244.84677124023438
2019-02-15,35338.87621242612,247.51495361328125
2019-02-19,35342.776150715894,247.9432830810547
2019-02-20,35367.06883763247,248.44305419921875
2019-02-21,35317.14162373496,247.55958557128906
2019-02-22,35547.75109187311,249.094482421875
2019-02-25,35610.670079997726,249.4335174560547
2019-02-26,35648.64607788204,249.2550811767578
2019-02-27,35639.71657518558,249.14791870117188
2019-02-28,35609.529839894865,248.68397521972656
2019-03-01,35781.37688295101,250.23667907714844
2019-03-04,35645.44827457036,249.32650756835938
2019-03-05,35693.0948738172,248.98733520507812
2019-03-06,35588.11909729504,247.479248046875
2019-03-07,35358.7179069763,245.40899658203125
2019-03-08,35370.49372392239,244.91815185546875
2019-03-11,35719.746584812274,248.46978759765625
2019-03-12,35755.16359194909,249.4067840576172
2019-03-13,35983.93471074644,251.05760192871094
2019-03-14,35974.26112161192,250.89694213867188
2019-03-15,36152.33906630055,252.13661193847656
2019-03-18,36218.89954612024,253.05078125
2019-03-19,36253.33876102061,253.11361694335938
2019-03-20,36247.97105719139,252.35165405273438
2019-03-21,36535.41329707006,255.20187377929688
2019-03-22,36008.124567787665,250.29019165039062
2019-03-25,36008.49060784438,250.10202026367188
2019-03-26,36140.51372946484,251.96629333496094
2019-03-27,36032.03638556945,250.6487579345703
2019-03-28,36139.81013190202,251.5988006591797
2019-03-29,36336.97088899109,253.18527221679688
2019-04-01,35608.26330874845,256.1878356933594
2019-04-02,35570.70422016256,256.3133544921875
2019-04-03,35621.3386744859,256.7166748046875
2019-04-04,35616.68463211233,257.3977355957031
2019-04-05,35691.93762311144,258.6436462402344
2019-04-08,35646.51057021912,258.8408508300781
2019-04-09,35523.53557670359,257.51434326171875
2019-04-10,35575.424612413844,258.3927001953125
2019-04-11,35516.274899181684,258.32098388671875
2019-04-12,35602.565239047064,260.06878662109375
2019-04-15,35650.107574828515,259.8985595703125
2019-04-16,35694.82945239407,260.06878662109375
2019-04-17,35592.05721193431,259.4324951171875
2019-04-18,35648.26221485725,259.94329833984375
2019-04-22,35697.55675645517,260.1673889160156
2019-04-23,35898.42091264295,262.5067138671875
2019-04-24,35889.38681328355,261.92413330078125
2019-04-25,35855.745752624025,261.7628173828125
2019-04-26,36001.71124088709,262.9817199707031
2019-04-29,36000.03194243768,263.39410400390625
2019-04-30,36028.763279978186,263.5285339355469
2019-05-01,35797.42385008186,261.5476989746094
2019-05-02,35769.11409218218,260.9830322265625
2019-05-03,35992.37797114594,263.5374755859375
2019-05-06,35926.13010705073,262.4529113769531
2019-05-07,35498.20703771427,258.070068359375
2019-05-08,35463.40943283517,257.7115173339844
2019-05-09,35398.592077134344,256.9317932128906
2019-05-10,35520.40140861299,258.2223815917969
2019-05-13,34958.821041098716,251.7332305908203
2019-05-14,35112.428819650086,254.00982666015625
2019-05-15,35388.68756104912,255.4976348876953
2019-05-16,35700.30976468917,257.8638610839844
2019-05-17,35600.132874788076,256.1968688964844
2019-05-20,35438.83428106804,254.5028076171875
2019-05-21,35611.628757204395,256.79736328125
2019-05-22,35458.791897313706,256.0085144042969
2019-05-23,35141.16389542256,252.88059997558594
2019-05-24,35162.65958164774,253.4542694091797
2019-05-28,34968.29417527311,251.09681701660156
2019-05-29,34776.300382260895,249.41180419921875
2019-05-30,34891.20043033854,250.09307861328125
2019-05-31,34541.55236619192,246.7229766845703
2019-06-03,34364.21219007311,246.09561157226562
2019-06-04,34889.47425845114,251.4374237060547
2019-06-05,35104.50901180014,253.61544799804688
2019-06-06,35280.40719649966,255.2646942138672
2019-06-07,35643.76440741846,257.819091796875
2019-06-10,35743.92699004885,259.002197265625
2019-06-11,35759.45338807623,258.939453125
2019-06-12,35724.28171747497,258.4822998046875
2019-06-13,35795.22260596644,259.54888916015625
2019-06-14,35689.68230807702,259.2620849609375
2019-06-17,35781.642691652734,259.3607482910156
2019-06-18,36034.82988119237,262.076416015625
2019-06-19,36113.4477264277,262.6680603027344
2019-06-20,36439.61205704443,265.1776428222656
2019-06-21,36387.28652594675,264.7921447753906
2019-06-24,36404.201484747035,264.4680480957031
2019-06-25,36114.66477734461,261.8740539550781
2019-06-26,36127.82179172551,261.6129150390625
2019-06-27,36177.68674031781,262.5404968261719
2019-06-28,36204.22509050203,263.89154052734375
2019-07-01,39226.69562220423,266.28729248046875
2019-07-02,39350.668153113074,266.9808654785156
2019-07-03,39540.28732983163,269.1153869628906
2019-07-05,39486.40336856526,268.80914306640625
2019-07-08,39421.577916212475,267.3320617675781
2019-07-09,39473.84537144127,267.665283203125
2019-07-10,39554.54773328255,268.9442443847656
2019-07-11,39672.204233694174,269.5746765136719
2019-07-12,39855.19629550036,270.78155517578125
2019-07-15,39918.15875557001,270.8716125488281
2019-07-16,39788.82528918274,269.99798583984375
2019-07-17,39653.95752580136,268.1606140136719
2019-07-18,39703.15713237949,269.14239501953125
2019-07-19,39505.67682585638,267.6473388671875
2019-07-22,39585.6206816293,268.3047790527344
2019-07-23,39750.67353657384,270.22314453125
2019-07-24,39872.699717778756,271.49298095703125
2019-07-25,39719.37611787041,270.1961669921875
2019-07-26,39867.282422681135,272.0064697265625
2019-07-29,39905.725984989855,271.5110778808594
2019-07-30,39844.536265358474,270.84466552734375
2019-07-31,39328.91374067879,267.8814697265625
2019-08-01,39151.33595786847,265.54876708984375
2019-08-02,39035.101370813834,263.5492858886719
2019-08-05,38185.95882903998,255.6235809326172
2019-08-06,38548.75765741903,259.2081298828125
2019-08-07,38682.80264022641,259.36126708984375
2019-08-08,39163.45620248714,264.4499206542969
2019-08-09,39056.22858581631,262.6487121582031
2019-08-12,38703.42290688287,259.45135498046875
2019-08-13,39161.415889306045,263.4862060546875
2019-08-14,38392.59874845145,255.69554138183594
2019-08-15,38452.04895238809,256.3711242675781
2019-08-16,38840.99058907378,260.1537780761719
2019-08-19,39138.11821799881,263.28802490234375
2019-08-20,39009.19863449568,261.270751953125
2019-08-21,39396.23746593043,263.39617919921875
2019-08-22,39391.72775042984,263.315185546875
2019-08-23,38632.679537643686,256.5511779785156
2019-08-26,38921.52509380333,259.38824462890625
2019-08-27,38962.302540509336,258.37054443359375
2019-08-28,39158.91462270716,260.1899108886719
2019-08-29,39529.02817409146,263.5132141113281
2019-08-30,39532.62149439571,263.39617919921875
2019-09-03,39282.335962794146,261.85595703125
2019-09-04,39620.06186928758,264.82818603515625
2019-09-05,39971.8881899766,268.23272705078125
2019-09-06,40055.84645166011,268.4398193359375
2019-09-09,39891.93718309368,268.574951171875
2019-09-10,39785.91011266513,268.5118713378906
2019-09-11,39972.8707628632,270.42132568359375
2019-09-12,40013.87495662193,271.3578796386719
2019-09-13,39955.98289717907,271.1778869628906
2019-09-16,39690.48575490154,270.3402099609375
2019-09-17,39806.73713776729,271.0248107910156
2019-09-18,39823.92035525365,271.186767578125
2019-09-19,39838.13059014741,271.1687927246094
2019-09-20,39676.88547035562,269.8876953125
2019-09-23,39729.672337298645,269.82427978515625
2019-09-24,39535.28648793625,267.7069091796875
2019-09-25,39668.928418903444,269.2904357910156
2019-09-26,39641.57891343474,268.72943115234375
2019-09-27,39512.32913447174,267.2817077636719
2019-09-30,39679.82113591105,268.52130126953125
2019-10-01,38365.41541241272,265.32733154296875
2019-10-02,37813.601025890646,260.640380859375
2019-10-03,38140.33708833611,262.7758483886719
2019-10-04,38585.71927393593,266.3316650390625
2019-10-07,38429.287727310984,265.1825866699219
2019-10-08,38006.92507321076,261.0656433105469
2019-10-09,38306.11693314274,263.54486083984375
2019-10-10,38463.26739857341,265.32733154296875
2019-10-11,38744.76973167131,268.0780029296875
2019-10-14,38707.42836101848,267.7794189453125
2019-10-15,38928.9893540194,270.4305114746094
2019-10-16,38873.23045023383,269.9961853027344
2019-10-17,38921.998255626735,270.7923889160156
2019-10-18,38745.434696243596,269.6070861816406
2019-10-21,38891.85238195933,271.4348449707031
2019-10-22,38642.177875815934,270.54815673828125
2019-10-23,38482.67861989885,271.3353271484375
2019-10-24,38589.991426841465,271.77862548828125
2019-10-25,38780.03038530319,272.89154052734375
2019-10-28,39017.527248663544,274.4298400878906
2019-10-29,38962.599871369624,274.34832763671875
2019-10-30,39143.34410129578,275.18975830078125
2019-10-31,39071.95215275039,274.4569091796875
2019-11-01,39329.04989850828,276.9993591308594
2019-11-04,39372.63612934278,278.1123046875
2019-11-05,39345.02747662764,277.8047790527344
2019-11-06,39432.664633807944,277.8680725097656
2019-11-07,39588.176611650706,278.8453369140625
2019-11-08,39751.62856004083,279.5328369140625
2019-11-11,39688.7747591442,278.99908447265625
2019-11-12,39704.25111344984,279.587158203125
2019-11-13,39709.49958991949,279.6777038574219
2019-11-14,39741.88910598846,280.0848083496094
2019-11-15,39902.86267579878,282.1116027832031
2019-11-18,39885.60417739174,282.31976318359375
2019-11-19,39770.21149230349,282.23834228515625
2019-11-20,39631.44696465309,281.1886901855469
2019-11-21,39586.487286293086,280.7362976074219
2019-11-22,39631.87738505765,281.360595703125
2019-11-25,39797.093795318215,283.541259765625
2019-11-26,39942.11881385915,284.18365478515625
2019-11-27,40028.193813659316,285.45037841796875
2019-11-29,39886.55022305095,284.39166259765625
2019-12-02,39591.396532861676,281.9759216308594
2019-12-03,39364.031265873055,280.0848083496094
2019-12-04,39579.329826370136,281.8130187988281
2019-12-05,39602.061662617045,282.31976318359375
2019-12-06,39858.335681894314,284.89849853515625
2019-12-09,39856.6404258744,284.0027160644531
2019-12-10,39818.41087017431,283.6860046386719
2019-12-11,39946.508046426025,284.4912414550781
2019-12-12,40206.376250711655,286.9432678222656
2019-12-13,40178.51153693883,287.1152648925781
2019-12-16,40271.026897576456,289.08770751953125
2019-12-17,40241.86228944079,289.151123046875
2019-12-18,40166.447100428646,289.16912841796875
2019-12-19,40314.894582568,290.3544006347656
2019-12-20,40457.66286974276,291.6274108886719
2019-12-23,40438.454847227666,292.072998046875
2019-12-24,40437.51342671872,292.08203125
2019-12-26,40506.706199796856,293.636962890625
2019-12-27,40545.59517395555,293.5641174316406
2019-12-30,40329.38098106862,291.9456481933594
2019-12-31,40393.05925184863,292.6548767089844
2020-01-02,42643.85485701269,295.3917236328125
2020-01-03,42310.37345092525,293.1550598144531
2020-01-06,42336.351256909875,294.27349853515625
2020-01-07,42269.62780673317,293.4459533691406
2020-01-08,42502.1828533975,295.0099182128906
2020-01-09,42798.9058915305,297.01031494140625
2020-01-10,42657.85667755569,296.1556701660156
2020-01-13,42972.99329179485,298.1922912597656
2020-01-14,42976.29062312478,297.73773193359375
2020-01-15,42980.42111213634,298.4104919433594
2020-01-16,43273.745925889976,300.8928527832031
2020-01-17,43550.81181892696,301.8294677734375
2020-01-21,43421.48794462838,301.23834228515625
2020-01-22,43567.23783079387,301.274658203125
2020-01-23,43619.02120661832,301.6202697753906
2020-01-24,43399.737132909155,298.9378662109375
2020-01-27,42701.598585883236,294.1460876464844
2020-01-28,43192.6346040858,297.2285461425781
2020-01-29,43112.868229043444,296.9830017089844
2020-01-30,43228.127708730055,297.94677734375
2020-01-31,42307.68938583913,292.5367126464844
2020-02-03,42514.24309410547,294.7098388671875
2020-02-04,43123.156819290576,299.2016296386719
2020-02-05,43692.62346363815,302.6567687988281
2020-02-06,43825.638363839025,303.67510986328125
2020-02-07,43544.08760470636,302.05670166015625
2020-02-10,43779.52260007582,304.31158447265625
2020-02-11,43907.669358774314,304.83905029296875
2020-02-12,44177.32962277062,306.8030090332031
2020-02-13,44131.223893291615,306.47564697265625
2020-02-14,44307.85059925223,306.9666748046875
2020-02-18,44108.08018745868,306.1756591796875
2020-02-19,44503.902596064625,307.6395568847656
2020-02-20,44354.17745792285,306.3757019042969
2020-02-21,43808.24409911385,303.2205810546875
2020-02-24,42464.65689928909,293.1641540527344
2020-02-25,41264.131878668624,284.28057861328125
2020-02-26,41198.55073761907,283.2349853515625
2020-02-27,39615.040112448114,270.5143127441406
2020-02-28,39450.56015480788,269.37786865234375
2020-03-02,40973.742857387966,281.04364013671875
2020-03-03,39957.4773025234,272.99676513671875
2020-03-04,41420.291788466864,284.471435546875
2020-03-05,40234.80169161984,275.0151672363281
2020-03-06,39617.850221776665,270.4689025878906
2020-03-09,37168.22109865432,249.34678649902344
2020-03-10,38975.87408402783,262.2492980957031
2020-03-11,37368.26057179118,249.4648895263672
2020-03-12,34503.93649438519,225.59683227539062
2020-03-13,37692.64808711675,244.88232421875
2020-03-16,33772.60673551375,218.08636474609375
2020-03-17,35483.86595740205,229.86134338378906
2020-03-18,33948.45601776085,218.22274780273438
2020-03-19,34194.79167610353,218.6864776611328
2020-03-20,32912.599540438096,209.2623748779297
2020-03-23,32441.97994119446,203.91189575195312
2020-03-24,34903.05990731533,222.38697814941406
2020-03-25,35091.355226587184,225.7161407470703
2020-03-26,36883.5495539558,238.8957061767578
2020-03-27,35924.676503122275,231.78001403808594
2020-03-30,36758.967185575624,239.30723571777344
2020-03-31,35953.27001711969,235.74024963378906
2020-04-01,36458.24066541107,225.13079833984375
2020-04-02,37271.652429024645,230.32582092285156
2020-04-03,36739.591475625515,226.9966278076172
2020-04-06,38708.09886628655,242.2431182861328
2020-04-07,38576.447430401066,242.49005126953125
2020-04-08,39367.881920339394,250.630126953125
2020-04-09,39598.95756536965,254.4440155029297
2020-04-13,39435.1881671079,252.12088012695312
2020-04-14,40422.616636604995,259.5566711425781
2020-04-15,39776.477813111705,254.04161071777344
2020-04-16,40109.9617104837,255.2671661376953
2020-04-17,40707.6908115243,262.1632080078125
2020-04-20,40108.51299668133,257.5445861816406
2020-04-21,39195.54467019291,249.72462463378906
2020-04-22,39885.08566909365,255.2671661376953
2020-04-23,39788.06685741307,255.24888610839844
2020-04-24,40239.30608555003,258.80670166015625
2020-04-27,40701.49446219912,262.53839111328125
2020-04-28,40503.994105057514,261.3310241699219
2020-04-29,41338.60303282245,268.1722106933594
2020-04-30,41081.67987182486,265.6753845214844
2020-05-01,40225.195406918974,258.64208984375
2020-05-04,40330.966441926066,259.35546875
2020-05-05,40609.0459947479,261.751708984375
2020-05-06,40512.96769333579,259.97735595703125
2020-05-07,40778.73953323002,263.11456298828125
2020-05-08,41279.99056176782,267.468017578125
2020-05-11,41329.64976781139,267.52294921875
2020-05-12,40569.95377612324,262.190673828125
2020-05-13,40209.59441848765,257.5536804199219
2020-05-14,40695.155239613836,260.6358947753906
2020-05-15,40783.927707320836,261.8340148925781
2020-05-18,41635.09893101677,269.8094482421875
2020-05-19,41237.991279476424,267.03814697265625
2020-05-20,41831.327112552586,271.5745544433594
2020-05-21,41503.27042164536,269.6996765136719
2020-05-22,41627.83617766966,270.2118225097656
2020-05-26,41971.35405110015,273.541015625
2020-05-27,42455.289784371365,277.6110534667969
2020-05-28,42263.824786185825,277.0988464355469
2020-05-29,42419.83472169391,278.3336486816406
2020-06-01,42496.69384461741,279.4585876464844
2020-06-02,42803.687963627934,281.7724914550781
2020-06-03,43131.192572315085,285.5223693847656
2020-06-04,43145.23301997149,284.7723693847656
2020-06-05,43966.66612159396,292.0708923339844
2020-06-08,44210.41872406865,295.6013488769531
2020-06-09,44118.97937764128,293.39715576171875
2020-06-10,44158.22870072065,291.7599792480469
2020-06-11,42189.815462254875,274.9403381347656
2020-06-12,42510.52657366639,278.2330017089844
2020-06-15,42801.76756398113,280.83038330078125
2020-06-16,43340.346784094116,286.23577880859375
2020-06-17,43308.75037471145,285.0468444824219
2020-06-18,43338.55767576849,285.156494140625
2020-06-19,43157.34505358408,283.5269470214844
2020-06-22,43367.23289882588,285.3457336425781
2020-06-23,43573.96381692661,286.6594543457031
2020-06-24,42843.18383387714,279.3471374511719
2020-06-25,43253.516014185814,282.3418273925781
2020-06-26,42353.92176477345,275.63580322265625
2020-06-29,42794.81289437469,279.6869812011719
2020-06-30,43337.89704340174,283.2696838378906
2020-07-01,44704.63957424671,285.2539978027344
2020-07-02,44862.16182684659,286.8247375488281
2020-07-06,45433.45140098703,291.2525939941406
2020-07-07,45137.496221889116,288.2486572265625
2020-07-08,45505.40956092857,290.45330810546875
2020-07-09,45543.69266483644,288.7998352050781
2020-07-10,45817.52501277803,291.7486267089844
2020-07-13,45409.40549727859,289.22247314453125
2020-07-14,45920.747332117455,292.9705505371094
2020-07-15,45959.10881292252,295.6620178222656
2020-07-16,45869.66397488873,294.6882629394531
2020-07-17,45937.673621079644,295.54254150390625
2020-07-20,46418.35481972809,297.93109130859375
2020-07-21,46211.41290331147,298.56500244140625
2020-07-22,46319.24936407419,300.2644348144531
2020-07-23,45697.49028166583,296.6817626953125
2020-07-24,45325.08375988088,294.77093505859375
2020-07-27,45766.110225842924,296.9205322265625
2020-07-28,45476.14777719401,295.0373229980469
2020-07-29,45723.41129859032,298.6659851074219
2020-07-30,46182.76386645227,297.600341796875
2020-07-31,46403.352287646245,299.9519958496094
2020-08-03,46790.297437843496,302.03729248046875
2020-08-04,47047.588802189755,303.2040100097656
2020-08-05,47250.480420487795,305.087158203125
2020-08-06,47562.80204131474,307.1265869140625
2020-08-07,47525.52893660505,307.34710693359375
2020-08-10,47471.54329683066,308.2657470703125
2020-08-11,47121.39571982834,305.72100830078125
2020-08-12,47916.01606632481,309.98345947265625
2020-08-13,47841.00330194958,309.4230651855469
2020-08-14,47846.04418424964,309.43231201171875
2020-08-17,48138.036210899576,310.4153137207031
2020-08-18,48244.00826411359,311.08587646484375
2020-08-19,48120.412434843995,309.7906188964844
2020-08-20,48352.89513133575,310.755126953125
2020-08-21,48639.79080400122,311.8575439453125
2020-08-24,48936.196175486846,315.01763916015625
2020-08-25,49177.58853099833,316.1200256347656
2020-08-26,49792.723177971384,319.2892761230469
2020-08-27,49642.84423676256,319.9873962402344
2020-08-28,49995.98134653286,322.0543518066406
2020-08-31,50017.29075571586,320.88775634765625
2020-09-01,50473.90606058177,323.9099426269531
2020-09-02,51193.686152830705,328.5950622558594
2020-09-03,49376.101602137765,317.2867736816406
2020-09-04,48956.385085584334,314.6960144042969
2020-09-08,47793.610494011984,306.0976867675781
2020-09-09,48687.04154671458,312.14239501953125
2020-09-10,47952.334884784075,306.7223205566406
2020-09-11,47965.60838327755,306.87860107421875
2020-09-14,48401.378197801925,310.9205627441406
2020-09-15,48790.32450802962,312.49139404296875
2020-09-16,48408.57981112329,311.251220703125
2020-09-17,48039.39746760053,308.51373291015625
2020-09-18,47627.06362620664,304.9619445800781
2020-09-21,47529.96464313032,301.56781005859375
2020-09-22,47998.19433708697,304.63909912109375
2020-09-23,47124.40576092995,297.57415771484375
2020-09-24,47331.932732040565,298.36737060546875
2020-09-25,47964.033830968154,303.1910095214844
2020-09-28,48633.44991196678,308.22686767578125
2020-09-29,48580.71811022868,306.5481872558594
2020-09-30,48971.62672956316,308.8725280761719
2020-10-01,49549.11320718599,310.8554382324219
2020-10-02,48913.37961401355,307.904052734375
2020-10-05,49703.10916404678,313.3641052246094
2020-10-06,49237.314799720705,308.909423828125
2020-10-07,49981.74544329778,314.2864685058594
2020-10-08,50079.014973974176,317.0718688964844
2020-10-09,50547.32475449485,319.90325927734375
2020-10-12,51207.68013851804,325.0498046875
2020-10-13,51237.57567591239,322.928466796875
2020-10-14,50980.58539536248,320.8993835449219
2020-10-15,50863.42921290293,320.50286865234375
2020-10-16,50945.56754700641,320.3091125488281
2020-10-19,50281.28223981987,315.4393615722656
2020-10-20,50523.85425270605,316.7029113769531
2020-10-21,50293.57471723247,316.10345458984375
2020-10-22,50272.171481390054,317.8372802734375
2020-10-23,50439.77020198995,318.9163818359375
2020-10-26,49621.926552652476,313.0229187011719
2020-10-27,49633.444817496194,311.9438171386719
2020-10-28,48129.51299048349,301.28192138671875
2020-10-29,48723.65526582703,304.3439636230469
2020-10-30,48117.56789489839,301.1711120605469
2020-11-02,48513.239889222335,304.5468444824219
2020-11-03,49146.06663449073,309.92388916015625
2020-11-04,50199.848414093336,316.85040283203125
2020-11-05,51181.15593441597,323.02996826171875
2020-11-06,51197.99426730843,322.9560852050781
2020-11-09,50683.83017330977,327.01434326171875
2020-11-10,50463.29015691128,326.5347595214844
2020-11-11,51033.35668782613,328.96038818359375
2020-11-12,50755.39126083181,325.7691345214844
2020-11-13,51060.41303958453,330.279296875
2020-11-16,51389.66822031741,334.4020690917969
2020-11-17,51103.419298715846,332.6035461425781
2020-11-18,50659.41213925493,328.6007385253906
2020-11-19,50756.60699518379,329.984130859375
2020-11-20,50432.395250037116,327.7245178222656
2020-11-23,50527.42774251562,329.6890869140625
2020-11-24,51015.96276697632,335.00152587890625
2020-11-25,51014.30968406785,334.4850158691406
2020-11-27,51218.296395991165,335.4165954589844
2020-11-30,51239.526974825574,333.93157958984375
2020-12-01,51698.25624776306,337.583984375
2020-12-02,51739.46821204393,338.2941589355469
2020-12-03,51531.79447039209,338.20196533203125
2020-12-04,51873.117871573806,341.1164855957031
2020-12-07,51940.69361737368,340.4154357910156
2020-12-08,51989.73657336975,341.41156005859375
2020-12-09,51668.66600493876,338.3495788574219
2020-12-10,51456.3952284999,338.2389221191406
2020-12-11,51307.2167463665,337.84222412109375
2020-12-14,51391.25102361836,336.3296813964844
2020-12-15,51807.56494470565,340.8766784667969
2020-12-16,51932.22184438256,341.41156005859375
2020-12-17,52216.6369189752,343.32073974609375
2020-12-18,52204.20954688996,341.9499816894531
2020-12-21,52034.98030192441,340.7272644042969
2020-12-22,51913.58492546053,340.1530456542969
2020-12-23,51772.38487534399,340.4587097167969
2020-12-24,51982.667562043585,341.7832336425781
2020-12-28,52333.63091477953,344.71942138671875
2020-12-29,52303.969853501054,344.0616760253906
2020-12-30,52362.68168769065,344.5527038574219
2020-12-31,52656.109674624146,346.3033447265625
2021-01-04,53135.68916843442,341.5886535644531
2021-01-05,53237.83878788328,343.9413757324219
2021-01-06,53073.76839443465,345.99755859375
2021-01-07,53620.364161499354,351.13824462890625
2021-01-08,53831.26689541978,353.1388854980469
2021-01-11,53550.90646984238,350.7584533691406
2021-01-12,53474.76347518862,350.8325500488281
2021-01-13,53625.90971060134,351.77728271484375
2021-01-14,53130.73648957283,350.54541015625
2021-01-15,52880.31695268603,347.9890441894531
2021-01-19,53207.29401282074,350.72149658203125
2021-01-20,54059.24233892973,355.574951171875
2021-01-21,54266.24139852115,355.8990783691406
2021-01-22,54024.7968231694,354.63946533203125
2021-01-25,54150.93886189314,356.0381164550781
2021-01-26,54208.37190294703,355.4822692871094
2021-01-27,52891.79394528869,346.7941589355469
2021-01-28,53339.4315112262,349.7767333984375
2021-01-29,52627.22150083655,342.7742614746094
2021-02-01,53258.415919366074,348.47998046875
2021-02-02,53957.01655994962,353.40753173828125
2021-02-03,53869.52499954081,353.6854553222656
2021-02-04,54121.07548650143,357.7053527832031
2021-02-05,54154.30891673351,359.11309814453125
2021-02-08,54379.94518796906,361.7066345214844
2021-02-09,54391.449933544245,361.4659423828125
2021-02-10,54390.19418632955,361.3083801269531
2021-02-11,54456.02562915463,361.89190673828125
2021-02-12,54496.721385303856,363.6796569824219
2021-02-16,54508.32110032081,363.3646240234375
2021-02-17,54393.13416463545,363.4480285644531
2021-02-18,54329.99676712556,361.9012451171875
2021-02-19,54129.21922425577,361.2620849609375
2021-02-22,53808.7608474937,358.4833984375
2021-02-23,53808.360887248455,358.918701171875
2021-02-24,54156.099261284035,362.8736267089844
2021-02-25,53060.92510295405,354.1299743652344
2021-02-26,53092.77209184567,352.3052978515625
2021-03-01,53965.57808274641,360.84527587890625
2021-03-02,53631.63324905852,358.029541015625
2021-03-03,52865.16701391353,353.2872314453125
2021-03-04,52233.7592689784,348.9153137207031
2021-03-05,53186.43317052119,355.3340759277344
2021-03-08,52689.191758734,353.5649719238281
2021-03-09,53541.63625360594,358.613037109375
2021-03-10,53715.5001621688,360.84527587890625
2021-03-11,54186.41609196827,364.50384521484375
2021-03-12,54137.01691629068,364.99481201171875
2021-03-15,54459.19460128184,367.1714782714844
2021-03-16,54638.511051529495,366.7083740234375
2021-03-17,54739.52913435764,367.95880126953125
2021-03-18,54096.143405415634,362.6051025390625
2021-03-19,54227.16394158323,361.9341735839844
2021-03-22,54706.71153562269,364.8242492675781
2021-03-23,54593.308427778466,361.95269775390625
2021-03-24,54359.440278733025,360.11279296875
2021-03-25,54512.66165803148,362.138671875
2021-03-26,55459.44445918346,367.97442626953125
2021-03-29,55572.37040991576,367.7886047363281
2021-03-30,55253.61665815425,366.8129577636719
2021-03-31,55545.750131663735,368.2997131347656
2021-04-01,51508.056427777236,372.2770080566406
2021-04-05,52065.824726113875,377.6202697753906
2021-04-06,51915.68692170243,377.3973083496094
2021-04-07,52110.86958131739,377.83404541015625
2021-04-08,52347.93026111973,379.6275939941406
2021-04-09,52637.051195135384,382.3876037597656
2021-04-12,52663.34855751915,382.5269775390625
2021-04-13,52666.826393272226,383.66070556640625
2021-04-14,52500.07721791599,382.35040283203125
2021-04-15,52924.130682136194,386.45782470703125
2021-04-16,52964.34435245306,387.74951171875
2021-04-19,52585.45713654909,385.84442138671875
2021-04-20,52042.90954440645,383.0194396972656
2021-04-21,52398.85286475878,386.6435852050781
2021-04-22,51925.72013968197,383.11236572265625
2021-04-23,52401.83467450901,387.2662658691406
2021-04-26,52672.702056086324,388.07470703125
2021-04-27,52873.31527994217,387.9910888671875
2021-04-28,52832.18045759522,387.87957763671875
2021-04-29,53310.64962097957,390.3514404296875
2021-04-30,52849.0393988739,387.78662109375
2021-05-03,52892.91013126567,388.62298583984375
2021-05-04,52718.01186463241,386.22552490234375
2021-05-05,52870.78812686328,386.3462219238281
2021-05-06,53321.925061173344,389.43145751953125
2021-05-07,53662.88030126774,392.2657470703125
2021-05-10,53047.88793683879,388.38134765625
2021-05-11,52739.816925879124,384.9151916503906
2021-05-12,51848.81375332209,376.7376403808594
2021-05-13,52366.25085065308,381.2631530761719
2021-05-14,53065.38759448119,387.1175537109375
2021-05-17,53016.792601126,386.1324157714844
2021-05-18,52585.11285763756,382.8056945800781
2021-05-19,52556.16771083572,381.8021240234375
2021-05-20,52927.072108844484,385.9094543457031
2021-05-21,53076.6750066396,385.5935974121094
2021-05-24,53560.057003082664,389.52435302734375
2021-05-25,53496.024087673046,388.66021728515625
2021-05-26,53568.53229757482,389.43145751953125
2021-05-27,53806.56480786777,389.63592529296875
2021-05-28,53882.891349743855,390.3328857421875
2021-06-01,54068.3230617148,389.9890441894531
2021-06-02,54245.93932069241,390.60235595703125
2021-06-03,54058.526009508096,389.152587890625
2021-06-04,54408.53016771986,392.7118225097656
2021-06-07,54360.94803794231,392.330810546875
2021-06-08,54324.18157748141,392.41448974609375
2021-06-09,53973.22853490067,391.8289794921875
2021-06-10,53879.88901185535,393.6502990722656
2021-06-11,53999.36993260318,394.30084228515625
2021-06-14,54004.93400839578,395.1836853027344
2021-06-15,53873.92689551738,394.4588928222656
2021-06-16,53609.568263784415,392.2564392089844
2021-06-17,53478.52356535195,392.1263732910156
2021-06-18,52939.428027976115,386.8363952636719
2021-06-21,53533.50293030911,392.374267578125
2021-06-22,53797.36482453133,394.47198486328125
2021-06-23,53853.92680124462,393.99658203125
2021-06-24,54222.443465681215,396.327392578125
2021-06-25,54199.107530548004,397.73516845703125
2021-06-28,54367.451021449844,398.5369567871094
2021-06-29,54374.21770176196,398.7513732910156
2021-06-30,54514.02331645298,399.08697509765625
2021-07-01,54218.02230891442,401.2966003417969
2021-07-02,54426.655754173575,404.3639221191406
2021-07-06,54182.332645251845,403.62738037109375
2021-07-07,54284.912952015344,405.0538024902344
2021-07-08,53819.439670201304,401.7535400390625
2021-07-09,54577.74987839207,406.04205322265625
2021-07-12,54845.55198450275,407.4964599609375
2021-07-13,54514.5861321586,406.1073913574219
2021-07-14,54416.81006055544,406.71337890625
2021-07-15,54255.44086401382,405.32415771484375
2021-07-16,53712.895102067,402.1450500488281
2021-07-19,52905.764658467524,396.2061767578125
2021-07-20,53723.71670535004,401.8839416503906
2021-07-21,54346.34661410555,405.1377258300781
2021-07-22,54178.69206636274,405.98614501953125
2021-07-23,54462.02801990379,410.1629638671875
2021-07-26,54570.85943401141,411.16986083984375
2021-07-27,54212.05742541614,409.2958679199219
2021-07-28,54280.698144042726,409.12799072265625
2021-07-29,54593.29941135396,410.8248596191406
2021-07-30,54316.109633014064,408.8297424316406
2021-08-02,54200.23345842323,407.9719543457031
2021-08-03,54543.29544777126,411.291015625
2021-08-04,54391.749552929454,409.26788330078125
2021-08-05,54606.01361690326,411.8597412109375
2021-08-06,54861.28350801147,412.54034423828125
2021-08-09,54809.967740965425,412.2046813964844
2021-08-10,55029.434286017575,412.7174377441406
2021-08-11,55322.52419264638,413.74298095703125
2021-08-12,55360.27309777598,414.98297119140625
2021-08-13,55271.89814632528,415.7381591796875
2021-08-16,55329.20104582961,416.7171630859375
2021-08-17,54755.847930259944,413.98541259765625
2021-08-18,54379.41920447019,409.45428466796875
2021-08-19,54246.94182318002,410.08831787109375
2021-08-20,54589.98297776619,413.3514709472656
2021-08-23,55059.06087453041,416.9874572753906
2021-08-24,55224.649424635456,417.6494140625
2021-08-25,55510.51361155441,418.5258483886719
2021-08-26,55307.69525226587,416.05511474609375
2021-08-27,55837.87045868491,419.7750549316406
2021-08-30,55738.957802715195,421.62103271484375
2021-08-31,55714.75250509066,420.9963684082031
2021-09-01,55601.023984881525,421.2202453613281
2021-09-02,55743.00842430725,422.51617431640625
2021-09-03,55639.099043310845,422.4134826660156
2021-09-07,55374.02800397595,420.9031982421875
2021-09-08,55146.67686854784,420.39044189453125
2021-09-09,55054.16228351103,418.59112548828125
2021-09-10,54887.07338963618,415.2906494140625
2021-09-13,55235.953191471875,416.353515625
2021-09-14,54737.76258277954,414.10662841796875
2021-09-15,55083.895791859744,417.5654296875
2021-09-16,54950.29631130168,416.9035949707031
2021-09-17,54591.049705489306,412.8424987792969
2021-09-20,53752.023958337326,405.958740234375
2021-09-21,53704.080368986426,405.5751647949219
2021-09-22,54192.68325774318,409.53155517578125
2021-09-23,54899.60209260333,414.5073547363281
2021-09-24,55041.52841070571,415.1900939941406
2021-09-27,55260.832886859534,414.0022888183594
2021-09-28,54502.512916962914,405.6593933105469
2021-09-29,54461.40090110673,406.3421325683594
2021-09-30,53790.633664274894,401.3757019042969
2021-10-01,54564.547594639844,406.1457824707031
2021-10-04,54001.50683195674,400.90802001953125
2021-10-05,54576.85802274193,405.0794982910156
2021-10-06,54652.795165643,406.7630615234375
2021-10-07,54981.53474916102,410.2797546386719
2021-10-08,55045.4316482546,409.53155517578125
2021-10-11,54779.80992341047,406.5666198730469
2021-10-12,54494.3330476272,405.5657958984375
2021-10-13,54468.26240389799,407.02496337890625
2021-10-14,55162.812361494915,413.87127685546875
2021-10-15,55607.56067491142,417.0233154296875
2021-10-18,55790.13388660392,418.2579040527344
2021-10-19,56049.74588663217,421.48468017578125
2021-10-20,56218.358048048794,423.14007568359375
2021-10-21,56215.270506647204,424.24383544921875
2021-10-22,56275.165167978506,423.80419921875
2021-10-25,56377.23017214938,426.0770568847656
2021-10-26,56537.48117461568,426.46051025390625
2021-10-27,56198.482174363824,424.5711975097656
2021-10-28,56599.46833614288,428.6678161621094
2021-10-29,56695.74989326881,429.53765869140625
2021-11-01,56733.69459585433,430.2765808105469
2021-11-02,57025.80338377134,432.01617431640625
2021-11-03,57146.04167376228,434.6538391113281
2021-11-04,57361.308527564644,436.7019958496094
2021-11-05,57652.58641760889,438.21728515625
2021-11-08,57902.95947404612,438.5914306640625
2021-11-09,57831.19318669719,437.1417236328125
2021-11-10,57351.730525641426,433.62493896484375
2021-11-11,57475.40012212271,433.7652282714844
2021-11-12,57742.31951965142,437.03875732421875
2021-11-15,57769.69728308958,437.1883544921875
2021-11-16,57618.06657446945,438.9187316894531
2021-11-17,57340.12698952043,437.8525085449219
2021-11-18,57479.62781517388,439.3396301269531
2021-11-19,57296.143272551926,438.55401611328125
2021-11-22,57241.683447213494,437.3193664550781
2021-11-23,57482.094640153446,437.89923095703125
2021-11-24,57605.02941532362,439.06842041015625
2021-11-26,56361.40322899642,429.2757873535156
2021-11-29,56935.84163869645,434.54144287109375
2021-11-30,56176.75680051924,426.08636474609375
2021-12-01,55661.6574901396,421.353759765625
2021-12-02,56295.91290580051,427.80731201171875
2021-12-03,55859.714186325735,424.0848083496094
2021-12-06,56363.10799035896,429.107421875
2021-12-07,57343.26731712436,437.9834899902344
2021-12-08,57245.52825196865,439.1431884765625
2021-12-09,57016.94747376112,436.1783447265625
2021-12-10,57737.58081291696,440.2842712402344
2021-12-13,57048.928989462656,436.3840637207031
2021-12-14,56787.11735981696,433.3816833496094
2021-12-15,57582.24434941234,440.15338134765625
2021-12-16,57178.277228455,436.2718505859375
2021-12-17,56589.47391252282,431.62860107421875
2021-12-20,56022.80363390123,427.0389099121094
2021-12-21,56762.91936491724,434.6227722167969
2021-12-22,57046.66871056893,438.9683837890625
2021-12-23,57350.09164020657,441.69970703125
2021-12-27,57892.075606553,447.9506530761719
2021-12-28,57830.88446127621,447.5845947265625
2021-12-29,57764.9858659292,448.1572570800781
2021-12-30,57602.309866532974,446.9183044433594
2021-12-31,57459.077738578366,445.7918701171875
2022-01-03,62541.30557194202,448.3730163574219
2022-01-04,62847.84497880928,448.2228698730469
2022-01-05,61962.49625991794,439.61602783203125
2022-01-06,62068.022418104876,439.20306396484375
2022-01-07,61729.82533611739,437.4666442871094
2022-01-10,61621.986933793734,436.9222717285156
2022-01-11,61997.3816918555,440.90191650390625
2022-01-12,62025.74882936397,442.0939025878906
2022-01-13,61465.68670830365,436.00244140625
2022-01-14,61114.19716074592,436.1808776855469
2022-01-18,60116.416963619085,428.45623779296875
2022-01-19,59573.44986996013,424.00726318359375
2022-01-20,59015.818700987744,419.3143005371094
2022-01-21,58557.59275267866,411.0828857421875
2022-01-24,58829.77196908005,412.8286437988281
2022-01-25,58651.8972787623,407.7885437011719
2022-01-26,58864.88219546744,406.7655029296875
2022-01-27,58494.73236903165,404.7568359375
2022-01-28,59444.711880246265,414.80914306640625
2022-01-31,60181.00120396179,422.2802429199219
2022-02-01,60861.836810670036,425.13360595703125
2022-02-02,61504.21258304307,429.263427734375
2022-02-03,60672.182335458085,419.1735534667969
2022-02-04,60838.63236691546,421.14471435546875
2022-02-07,60742.497103700225,419.7930603027344
2022-02-08,61118.736675290456,423.2470703125
2022-02-09,61670.50470073191,429.4418029785156
2022-02-10,60759.25550078317,421.72662353515625
2022-02-11,59911.16168743396,413.4106750488281
2022-02-14,59756.85923322057,412.0591125488281
2022-02-15,60508.40126118534,418.70428466796875
2022-02-16,60479.623329780516,419.1735534667969
2022-02-17,59606.07572010046,410.2193603515625
2022-02-18,59437.79376759692,407.5632629394531
2022-02-22,58927.21863514141,403.18939208984375
2022-02-23,58244.57419067981,396.0373840332031
2022-02-24,58612.38592325821,401.9973449707031
2022-02-25,59438.11036870676,410.8670349121094
2022-02-28,59307.29175859302,409.8158264160156
2022-03-01,58473.9964171879,403.5741882324219
2022-03-02,59306.007878688884,410.99847412109375
2022-03-03,59093.98989473044,408.95233154296875
2022-03-04,58711.19143840113,405.6297607421875
2022-03-07,57540.611280310004,393.67218017578125
2022-03-08,57459.50061947008,390.6874084472656
2022-03-09,58429.6121869499,401.162109375
2022-03-10,58333.10934883289,399.3505554199219
2022-03-11,57929.289874402624,394.2728271484375
2022-03-14,57603.147003065096,391.3913879394531
2022-03-15,58403.976390767144,399.9981994628906
2022-03-16,59217.22459076321,408.86785888671875
2022-03-17,59707.30574447238,413.9832458496094
2022-03-18,60076.45044873458,418.51739501953125
2022-03-21,59978.78857205548,418.3951110839844
2022-03-22,60377.310686958815,423.2908935546875
2022-03-23,59715.158224243016,417.839599609375
2022-03-24,60373.889468895286,424.13824462890625
2022-03-25,60439.0129910372,426.2095947265625
2022-03-28,60584.65866540895,429.2412414550781
2022-03-29,61060.59179692017,434.55133056640625
2022-03-30,60704.64685417895,431.8680725097656
2022-03-31,60008.10708813669,425.2209777832031
2022-04-01,61101.51708666157,426.4261779785156
2022-04-04,61354.08235720169,430.0791320800781
2022-04-05,60821.91297275046,424.6466064453125
2022-04-06,60525.09191573231,420.4004821777344
2022-04-07,60716.254198330855,422.5188293457031
2022-04-08,60622.58256602765,421.3890075683594
2022-04-11,59899.50317845121,414.1865234375
2022-04-12,59768.53641927093,412.6518859863281
2022-04-13,60212.32630154753,417.3782653808594
2022-04-14,59746.64726764608,412.1810607910156
2022-04-18,59852.77250938277,412.3505554199219
2022-04-19,60472.952198950064,419.0070495605469
2022-04-20,60741.30545115559,418.6963195800781
2022-04-21,60167.54451523143,412.435302734375
2022-04-22,59138.38714113731,401.11846923828125
2022-04-25,59495.88401551227,403.4439697265625
2022-04-26,58565.7877980119,391.7599182128906
2022-04-27,58586.15315083538,392.86151123046875
2022-04-28,59758.88922871163,402.7849426269531
2022-04-29,58324.87999601955,387.8997497558594
2022-05-02,58547.14604768018,390.2347717285156
2022-05-03,58597.544963189015,392.02349853515625
2022-05-04,59835.13047797073,403.96185302734375
2022-05-05,58457.985163488025,389.60382080078125
2022-05-06,58373.397467436065,387.2782897949219
2022-05-09,57504.798695387,374.8787536621094
2022-05-10,57671.51939006911,375.744873046875
2022-05-11,57100.60350306324,369.7758483886719
2022-05-12,56933.33769431134,369.38983154296875
2022-05-13,57699.24701442792,378.2210998535156
2022-05-16,57667.181848286724,376.6863708496094
2022-05-17,58305.66394246215,384.43499755859375
2022-05-18,56336.52613675276,368.9378356933594
2022-05-19,55769.46068358715,366.6781921386719
2022-05-20,55923.76951720969,366.8382873535156
2022-05-23,56715.00259104314,373.70184326171875
2022-05-24,56649.74349714663,370.8491516113281
2022-05-25,56930.178485859484,374.12554931640625
2022-05-26,57687.92419757643,381.6010437011719
2022-05-27,58524.224978172395,390.96905517578125
2022-05-31,58222.52942818745,388.77532958984375
2022-06-01,57897.50278116426,385.6307373046875
2022-06-02,58512.11883416563,392.9744873046875
2022-06-03,57981.998970610235,386.52520751953125
2022-06-06,58057.375745080986,387.70208740234375
2022-06-07,58430.53240942628,391.42095947265625
2022-06-08,58005.1677986987,387.1653137207031
2022-06-09,57248.04595008608,377.95745849609375
2022-06-10,56280.151325364015,366.9983825683594
2022-06-13,55187.311111695104,353.0641174316406
2022-06-14,55110.1022138421,352.0001525878906
2022-06-15,55454.90180597196,357.0184326171875
2022-06-16,54507.765186639335,345.20245361328125
2022-06-17,54413.99906903616,345.9466857910156
2022-06-21,55426.72818794933,354.6553649902344
2022-06-22,55371.80822427421,354.012451171875
2022-06-23,55614.129723064165,357.482666015625
2022-06-24,56556.81996350023,368.84844970703125
2022-06-27,56547.75757035357,367.43951416015625
2022-06-28,55976.413148040505,359.9317321777344
2022-06-29,55998.320856510785,359.6384582519531
2022-06-30,55724.48960535413,356.71673583984375
2022-07-01,54357.10405188061,360.4895935058594
2022-07-05,54211.2267440242,361.17041015625
2022-07-06,54296.722368887364,362.39019775390625
2022-07-07,54789.0858041257,367.8177490234375
2022-07-08,54855.88563051207,367.51519775390625
2022-07-11,54602.31993139421,363.3168640136719
2022-07-12,54349.39292807702,360.1019287109375
2022-07-13,54346.53057486394,358.2107238769531
2022-07-14,54454.03893798991,357.3407897949219
2022-07-15,55026.2172311856,364.1678466796875
2022-07-18,54666.47642887102,361.16094970703125
2022-07-19,55302.24525848072,370.919189453125
2022-07-20,55255.562998595065,373.28314208984375
2022-07-21,55312.887281089745,377.0843200683594
2022-07-22,55254.447376342534,373.58575439453125
2022-07-25,55406.8431916188,374.03961181640625
2022-07-26,55207.893160002815,369.6143798828125
2022-07-27,55716.00718703692,379.2119445800781
2022-07-28,55985.95233731596,383.9681396484375
2022-07-29,56227.07131378736,389.56585693359375
2022-08-01,56194.950470815216,388.41229248046875
2022-08-02,55761.23514631327,385.8498229980469
2022-08-03,56186.652600699534,391.89202880859375
2022-08-04,56072.84738003522,391.6272277832031
2022-08-05,56108.807755905276,390.96539306640625
2022-08-08,56014.05222571751,390.511474609375
2022-08-09,55903.945575594,388.9607849121094
2022-08-10,56444.949540637564,397.1304626464844
2022-08-11,56372.93186609991,397.1304626464844
2022-08-12,56875.49479115927,403.8534240722656
2022-08-15,57051.504510995765,405.5176696777344
2022-08-16,57175.48727749252,406.3118896484375
2022-08-17,57090.6331444086,403.4279479980469
2022-08-18,57335.52062910887,404.6004638671875
2022-08-19,57087.378847826716,399.1634826660156
2022-08-22,56449.074171878456,390.85186767578125
2022-08-23,56382.70116068935,389.9062805175781
2022-08-24,56398.31128715173,391.15447998046875
2022-08-25,56847.42208003939,396.6766052246094
2022-08-26,55740.45135847474,383.2494201660156
2022-08-29,55560.12705533407,380.7153625488281
2022-08-30,55119.264096513536,376.5359191894531
2022-08-31,54788.9353430277,373.67083740234375
2022-09-01,54902.80173194732,374.8434143066406
2022-09-02,54597.4768469157,370.890869140625
2022-09-06,54413.0897903972,369.4914245605469
2022-09-07,54878.067812012596,376.1294250488281
2022-09-08,55041.029270333405,378.5878601074219
2022-09-09,55517.99965298029,384.46929931640625
2022-09-12,55823.969603815545,388.6014099121094
2022-09-13,54369.83634674899,371.7040100097656
2022-09-14,54605.93685964885,373.1224365234375
2022-09-15,54230.85353407974,368.8862609863281
2022-09-16,54203.99515770905,366.0720520019531
2022-09-19,54390.3655784868,368.91094970703125
2022-09-20,54090.82740592127,364.6763610839844
2022-09-21,53539.944730848736,358.3150329589844
2022-09-22,53483.79169598793,355.3052673339844
2022-09-23,52928.45692787409,349.3521423339844
2022-09-26,52688.90248235297,345.89605712890625
2022-09-27,52561.098769600605,345.01312255859375
2022-09-28,52996.77736799375,351.8017883300781
2022-09-29,52436.300924617666,344.4529724121094
2022-09-30,51956.81410932944,339.12652587890625
2022-10-03,52676.642198816975,348.0798645019531
2022-10-04,53442.81525901454,358.86566162109375
2022-10-05,53542.64273647796,358.03021240234375
2022-10-06,53278.47243931147,354.3368225097656
2022-10-07,52585.412614344576,344.4529724121094
2022-10-10,52367.13119048744,341.8229675292969
2022-10-11,52414.12311477883,339.6581726074219
2022-10-12,52413.31933654775,338.5378112792969
2022-10-13,53177.000581071836,347.47222900390625
2022-10-14,52594.887487179534,339.55377197265625
2022-10-17,53197.220408950394,348.279296875
2022-10-18,53439.11518056435,352.37139892578125
2022-10-19,53299.39349645384,349.8743591308594
2022-10-20,53130.58683846046,346.9405822753906
2022-10-21,54015.43067758779,355.3717346191406
2022-10-24,54649.893618793765,359.72021484375
2022-10-25,54958.13782918049,365.4643859863281
2022-10-26,55013.40302695782,362.71099853515625
2022-10-27,55063.13224296835,360.7741394042969
2022-10-28,56024.753487661284,369.3571472167969
2022-10-31,55761.14319516483,366.689208984375
2022-11-01,55649.91533909827,365.08465576171875
2022-11-02,54959.55344609876,355.9223327636719
2022-11-03,54601.35348098375,352.2574462890625
2022-11-04,55063.36015948035,357.32757568359375
2022-11-07,55556.93810662388,360.74560546875
2022-11-08,55916.749480918974,362.6919860839844
2022-11-09,55343.540851087266,355.2197570800781
2022-11-10,56737.10650173498,374.7405700683594
2022-11-11,56831.988779388696,378.3675842285156
2022-11-14,56671.03443831363,375.1488037109375
2022-11-15,56880.526150925914,378.3485107421875
2022-11-16,56808.51122393392,375.46221923828125
2022-11-17,56877.70325111062,374.31329345703125
2022-11-18,57126.94967388983,376.01287841796875
2022-11-21,57137.73091636125,374.6456604003906
2022-11-22,57643.01386764248,379.6871643066406
2022-11-23,57642.1180002994,382.0799255371094
2022-11-25,57610.68199341249,381.994384765625
2022-11-28,57168.64222745755,375.8988952636719
2022-11-29,57123.245265489895,375.2532653808594
2022-11-30,58100.50072736076,387.07403564453125
2022-12-01,57991.01265541988,386.7891845703125
2022-12-02,57907.46998740629,386.3429260253906
2022-12-05,57323.69896565191,379.3929443359375
2022-12-06,56904.137938586406,373.9240417480469
2022-12-07,56955.41299524837,373.2879943847656
2022-12-08,57253.37190563777,376.2122497558594
2022-12-09,56922.87876840674,373.4018859863281
2022-12-12,57497.680855043705,378.7853088378906
2022-12-13,57758.063552023596,381.65264892578125
2022-12-14,57691.092101445916,379.2125244140625
2022-12-15,56861.394733538415,369.93634033203125
2022-12-16,56583.912905744844,365.5688171386719
2022-12-19,56375.06228979718,362.46893310546875
2022-12-20,56377.52429497739,362.9649658203125
2022-12-21,56895.04689022525,368.3921203613281
2022-12-22,56495.853374746795,363.1366882324219
2022-12-23,56730.64501294718,365.2254638671875
2022-12-27,56785.98237845382,363.78515625
2022-12-28,56317.25436613703,359.26409912109375
2022-12-29,56680.7100720276,365.7309265136719
2022-12-30,56563.648386105226,364.7676086425781
2023-01-03,57591.72860249131,363.23199462890625
2023-01-04,57978.72409474573,366.0361328125
2023-01-05,57706.120891244886,361.8584899902344
2023-01-06,58715.779693090706,370.15667724609375
2023-01-09,58539.71475677486,369.9468078613281
2023-01-10,58777.896198408074,372.54119873046875
2023-01-11,59077.604593501375,377.2530517578125
2023-01-12,59209.31484106191,378.6265869140625
2023-01-13,59329.74648232957,380.095458984375
2023-01-17,58983.05623360293,379.3992004394531
2023-01-18,58183.48482877112,373.4091491699219
2023-01-19,57887.18074586924,370.6908264160156
2023-01-20,58287.590111097255,377.5964660644531
2023-01-23,58542.32336834945,382.1271057128906
2023-01-24,58682.11241375097,381.7169494628906
2023-01-25,58844.388506567986,381.8600158691406
2023-01-26,58882.655414933746,386.0567626953125
2023-01-27,59068.63583006282,386.9438171386719
2023-01-30,58770.36684087681,382.0888977050781
2023-01-31,59170.92972600242,387.7069396972656
2023-02-01,59205.28012326099,391.8273620605469
2023-02-02,59009.45955678058,397.5311584472656
2023-02-03,58916.49930893418,393.3057556152344
2023-02-06,58889.515980855154,390.90216064453125
2023-02-07,59007.90700657677,396.01458740234375
2023-02-08,58706.32105654901,391.6842346191406
2023-02-09,58490.747589405204,388.2887268066406
2023-02-10,58810.441022283536,389.19482421875
2023-02-13,59220.5336293525,393.7635192871094
2023-02-14,58999.98570986253,393.5823669433594
2023-02-15,59044.292319375345,394.8604736328125
2023-02-16,58664.16122478563,389.4237060546875
2023-02-17,58770.31112327058,388.4508361816406
2023-02-21,58218.95670269997,380.658203125
2023-02-22,58129.47603667255,380.1336364746094
2023-02-23,58311.260096364436,382.15570068359375
2023-02-24,58070.075484228924,378.0733947753906
2023-02-27,58120.431921195246,379.3609619140625
2023-02-28,57824.92580480978,377.95892333984375
2023-03-01,57835.43408546835,376.5091247558594
2023-03-02,58159.02750522347,379.43731689453125
2023-03-03,58512.18875159608,385.52264404296875
2023-03-06,58738.37292679399,385.7897033691406
2023-03-07,58164.99530782491,379.8760681152344
2023-03-08,58129.24908333977,380.4960632324219
2023-03-09,57706.463623418866,373.47589111328125
2023-03-10,57208.663395325886,368.0869140625
2023-03-13,57030.71247665955,367.562255859375
2023-03-14,57456.710854081786,373.6380920410156
2023-03-15,57079.82379611291,371.30126953125
2023-03-16,57383.463740327104,377.8158264160156
2023-03-17,56916.46277651008,373.3981018066406
2023-03-20,57431.84801833759,376.9885559082031
2023-03-21,57841.79634587837,381.9385986328125
2023-03-22,57373.893924990414,375.4278564453125
2023-03-23,57457.11392363586,376.44287109375
2023-03-24,57615.09318023663,378.9129943847656
2023-03-27,57988.52934250625,379.62152099609375
2023-03-28,57893.098138593436,378.76947021484375
2023-03-29,58302.414782513886,384.2748718261719
2023-03-30,58384.068301496205,386.52484130859375
2023-03-31,58831.990507968185,391.9728088378906
2023-04-03,58869.04098642105,393.4664306640625
2023-04-04,58491.90748066229,391.2834167480469
2023-04-05,58479.36132305169,390.2589111328125
2023-04-06,58374.50543087251,391.7812805175781
2023-04-10,58504.298982495035,392.1833801269531
2023-04-11,58705.73688575246,392.2887268066406
2023-04-12,58618.3062412385,390.6897277832031
2023-04-13,59044.214186525845,395.87921142578125
2023-04-14,59274.014602071285,394.912109375
2023-04-17,59428.44914677926,396.3291931152344
2023-04-18,59615.76212342535,396.5877380371094
2023-04-19,59587.33767355885,396.5206298828125
2023-04-20,59285.03995721443,394.35687255859375
2023-04-21,59352.18564762947,394.6632080078125
2023-04-24,59364.877671593444,395.07489013671875
2023-04-25,58827.855685526156,388.8035888671875
2023-04-26,58237.803937457844,387.15679931640625
2023-04-27,58764.04887194338,394.8643493652344
2023-04-28,59167.09753791769,398.2344665527344
2023-05-01,59161.81820282818,397.8323974609375
2023-05-02,58561.02079121717,393.361083984375
2023-05-03,58287.9629524924,390.6610412597656
2023-05-04,57893.66999005899,387.8939514160156
2023-05-05,58605.24183441982,395.07489013671875
2023-05-08,58561.17718485972,395.18023681640625
2023-05-09,58526.87778046819,393.447265625
2023-05-10,58394.08893985193,395.2856140136719
2023-05-11,58210.01912098814,394.5962219238281
2023-05-12,58196.52017420287,394.0792236328125
2023-05-15,58390.68269227542,395.438720703125
2023-05-16,57951.93925310197,392.796142578125
2023-05-17,58671.967538846926,397.5643310546875
2023-05-18,58935.22647789555,401.39410400390625
2023-05-19,58830.25367449443,400.81005859375
2023-05-22,58605.81760852132,400.9728698730469
2023-05-23,58275.40583946429,396.47283935546875
2023-05-24,57850.826653907614,393.6004333496094
2023-05-25,57970.5148226808,397.00897216796875
2023-05-26,58637.444633712505,402.1505126953125
2023-05-30,58503.070834348415,402.3037109375
2023-05-31,58275.74093249404,400.07281494140625
2023-06-01,58613.383188363114,403.8739929199219
2023-06-02,59428.55335448716,409.71441650390625
2023-06-05,59148.90297948545,408.9293212890625
2023-06-06,59291.73158064861,409.8197326660156
2023-06-07,59568.20669937569,408.4027404785156
2023-06-08,59699.71184744612,410.87298583984375
2023-06-09,59721.6908905368,411.6102600097656
2023-06-12,60225.239511147876,415.3442687988281
2023-06-13,60441.10543251928,418.0826110839844
2023-06-14,60491.852633648516,418.5804443359375
2023-06-15,61003.51952598683,423.7698669433594
2023-06-16,60875.70287699796,422.3263854980469
2023-06-20,60362.19247537118,420.1352844238281
2023-06-21,60258.65638747148,417.982666015625
2023-06-22,60109.73860912315,419.491455078125
2023-06-23,59755.915765468104,416.3200988769531
2023-06-26,59804.68016307798,414.619140625
2023-06-27,60258.95284781958,419.1647033691406
2023-06-28,60166.631991831884,419.37615966796875
2023-06-29,60672.3321734251,421.02899169921875
2023-06-30,61046.84624189232,425.9974060058594
2023-07-03,69657.4305768053,426.48760986328125
2023-07-05,69609.5195797128,425.8533020019531
2023-07-06,69053.2327812923,422.5185546875
2023-07-07,68973.13865444156,421.45184326171875
2023-07-10,69393.23787033006,422.5185546875
2023-07-11,69817.58286474828,425.2094421386719
2023-07-12,70210.01841041663,428.630615234375
2023-07-13,70663.16196214235,432.0326232910156
2023-07-14,70406.55396562036,431.7635498046875
2023-07-17,70685.35516369688,433.2627258300781
2023-07-18,71086.00751761858,436.4821472167969
2023-07-19,71119.98147129377,437.4527282714844
2023-07-20,70754.28450782089,434.55047607421875
2023-07-21,70574.6601994381,434.55047607421875
2023-07-24,70848.86305801649,436.49176025390625
2023-07-25,71082.83137438384,437.68341064453125
2023-07-26,70961.09303956974,437.7506408691406
2023-07-27,70667.36425667573,434.8484191894531
2023-07-28,71117.25701413775,439.105712890625
2023-07-31,71350.36703552217,439.9418029785156
2023-08-01,71511.23401702112,438.6828918457031
2023-08-02,70603.17761552354,432.5804443359375
2023-08-03,70546.76806885935,431.3407287597656
2023-08-04,70321.59794725967,429.3898620605469
2023-08-07,70921.19875451337,433.13775634765625
2023-08-08,70514.78612792428,431.25421142578125
2023-08-09,70014.29347349418,428.3711853027344
2023-08-10,70064.6862677628,428.52496337890625
2023-08-11,70023.42679626816,428.27508544921875
2023-08-14,70574.98435704962,430.6391906738281
2023-08-15,69895.82788673414,425.6227111816406
2023-08-16,69437.10108011603,422.4993896484375
2023-08-17,69090.69482638781,419.2799987792969
2023-08-18,69150.12206163727,419.4818115234375
2023-08-21,69577.57722844805,422.2110900878906
2023-08-22,69437.30675649349,421.0674743652344
2023-08-23,70169.63171212432,425.75726318359375
2023-08-24,69201.90768217288,419.856689453125
2023-08-25,69611.22274508528,422.8165588378906
2023-08-28,70013.04241145829,425.49774169921875
2023-08-29,70852.05378822224,431.64825439453125
2023-08-30,71055.49417555651,433.4261474609375
2023-08-31,70991.24132723514,432.7919006347656
2023-09-01,71087.01356392048,433.59912109375
2023-09-05,70921.86026823209,431.72515869140625
2023-09-06,70579.54656223035,428.8228454589844
2023-09-07,70425.19728358967,427.5062561035156
2023-09-08,70474.02661390434,428.15020751953125
2023-09-11,70751.34400907143,430.9659729003906
2023-09-12,70292.45972586676,428.6018371582031
2023-09-13,70261.81158988096,429.1015625
2023-09-14,70738.37681063444,432.8014831542969
2023-09-15,70070.3528022665,427.58697509765625
2023-09-18,70092.01940369855,427.83770751953125
2023-09-19,69967.96671194982,426.9504089355469
2023-09-20,69348.5002305232,423.02532958984375
2023-09-21,68373.11812227014,416.03338623046875
2023-09-22,68285.5812683193,415.097900390625
2023-09-25,68475.07439795742,416.843505859375
2023-09-26,67663.10947411454,410.71954345703125
2023-09-27,67718.25728830896,410.8834228515625
2023-09-28,68029.58185403183,413.26556396484375
2023-09-29,67769.44082161906,412.2625732421875
2023-10-02,66737.39457935873,412.0986328125
2023-10-03,66066.0454079098,406.5822448730469
2023-10-04,66283.37630460247,409.5429382324219
2023-10-05,66242.02806714454,409.388671875
2023-10-06,66837.01965482833,414.249267578125
2023-10-09,67072.21342000442,416.9013366699219
2023-10-10,67262.5208716299,419.0712585449219
2023-10-11,67435.99481199554,420.787841796875
2023-10-12,67198.9197328534,418.22259521484375
2023-10-13,66801.92218901278,416.1394348144531
2023-10-16,67259.34470560406,420.5178527832031
2023-10-17,67162.27821060305,420.4985656738281
2023-10-18,66527.71199912869,414.8954162597656
2023-10-19,66495.5559811837,411.2499694824219
2023-10-20,65838.07873391017,406.19647216796875
2023-10-23,65955.978127318,405.4925231933594
2023-10-24,66378.63855191042,408.5496520996094
2023-10-25,65643.27270447536,402.6860656738281
2023-10-26,64914.13326151301,397.86407470703125
2023-10-27,64821.311467190055,396.0606384277344
2023-10-30,65549.54008618032,400.7958068847656
2023-10-31,65699.84193148895,403.31292724609375
2023-11-01,66263.21910335294,407.61419677734375
2023-11-02,67063.23764184529,415.4258728027344
2023-11-03,67479.15957943223,419.2159118652344
2023-11-06,67664.83103867083,420.1802673339844
2023-11-07,67748.1656286645,421.3762512207031
2023-11-08,67945.7719046622,421.68475341796875
2023-11-09,67679.60764277003,418.3962097167969
2023-11-10,68601.98111728337,424.92510986328125
2023-11-13,68627.14008920162,424.5201110839844
2023-11-14,69528.5415209219,432.756103515625
2023-11-15,69660.97852849224,433.6722717285156
2023-11-16,69703.49317832399,434.2027282714844
2023-11-17,69920.54377412223,434.7428283691406
2023-11-20,70456.8984694721,438.08929443359375
2023-11-21,70200.26734582549,437.1344299316406
2023-11-22,70339.98975621226,438.822265625
2023-11-24,70368.5173967993,439.0922546386719
2023-11-27,70247.61641951541,438.30145263671875
2023-11-28,70317.90082478749,438.7354431152344
2023-11-29,70294.08937692341,438.4267578125
2023-11-30,70487.47821763299,440.1530456542969
2023-12-01,70707.03788053202,442.7569580078125
2023-12-04,70341.16342849428,440.4327392578125
2023-12-05,70270.93452255175,440.3459777832031
2023-12-06,69926.07734794774,438.571533203125
2023-12-07,70338.94630999277,441.91790771484375
2023-12-08,70675.24101936616,443.8178405761719
2023-12-11,71046.09534895704,445.54412841796875
2023-12-12,71212.06490528214,447.5789794921875
2023-12-13,71931.15833396323,453.7511291503906
2023-12-14,72218.46661748247,455.2073974609375
2023-12-15,72635.09933791711,454.4579162597656
2023-12-18,73030.32543642305,457.0142822265625
2023-12-19,73450.20853091986,459.7933349609375
2023-12-20,72697.85478034306,453.42181396484375
2023-12-21,73248.0870310556,457.72113037109375
2023-12-22,73285.86820577436,458.6409912109375
2023-12-26,73588.30282326913,460.5776062011719
2023-12-27,73664.18735090592,461.410400390625
2023-12-28,73667.4804246767,461.5847473144531
2023-12-29,73528.46965692412,460.2484130859375
2024-01-02,73296.70108847696,457.6726989746094
2024-01-03,72836.06332967669,453.9350280761719
2024-01-04,72829.13133095086,452.472900390625
2024-01-05,73017.40701096272,453.0926208496094
2024-01-08,73709.51724954473,459.5609436035156
2024-01-09,73662.25521039644,458.86376953125
2024-01-10,73949.17742706815,461.45880126953125
2024-01-11,74009.64842560815,461.2554931640625
2024-01-12,74077.15467474521,461.5750427246094
2024-01-16,73724.63141283579,459.8804626464844
2024-01-17,73487.80685723093,457.32415771484375
2024-01-18,74222.97069320982,461.3909912109375
2024-01-19,75212.12823939457,467.1427917480469
2024-01-22,75456.06688839226,468.13055419921875
2024-01-23,75626.0649159363,469.49578857421875
2024-01-24,76176.46980083598,470.0090026855469
2024-01-25,76474.08826060411,472.5653381347656
2024-01-26,76370.92289267939,471.96502685546875
2024-01-29,76736.3914469381,475.7027587890625
2024-01-30,76806.30068620684,475.33477783203125
2024-01-31,76046.70216196124,467.5785827636719
2024-02-01,76722.74699095912,473.6982727050781
2024-02-02,77660.98865194856,478.6850891113281
2024-02-05,77611.01669189641,476.9421081542969
2024-02-06,77505.36721229197,478.3267822265625
2024-02-07,78018.20842699578,482.3162536621094
2024-02-08,78027.52303500682,482.5292663574219
2024-02-09,78346.06861870071,485.3180236816406
2024-02-12,78306.16760028595,485.1050109863281
2024-02-13,77573.33986691378,478.4236145019531
2024-02-14,78365.91507777841,482.7713623046875
2024-02-15,78708.13308035313,486.1024475097656
2024-02-16,78228.32967118123,483.6815490722656
2024-02-20,77701.9621381882,481.0187683105469
2024-02-21,77659.32409749097,481.4544677734375
2024-02-22,79288.31767914048,491.4183654785156
2024-02-23,79395.6820769237,491.75726318359375
2024-02-26,79301.10633891542,489.9562072753906
2024-02-27,79294.93063424005,490.866455078125
2024-02-28,79183.36589464858,490.2176818847656
2024-02-29,79494.18134764119,491.97998046875
2024-03-01,80279.00624362436,496.598876953125
2024-03-04,80512.6126849368,496.06634521484375
2024-03-05,79694.14107714378,491.1085205078125
2024-03-06,80268.89621723336,493.5970764160156
2024-03-07,81319.44775140804,498.49676513671875
2024-03-08,80427.56774942276,495.5046691894531
2024-03-11,80111.12522791894,495.07861328125
2024-03-12,81230.50244309747,500.4043273925781
2024-03-13,80932.78641083649,499.61993408203125
2024-03-14,80667.90183749294,498.63226318359375
2024-03-15,80313.10758956146,495.20843505859375
2024-03-18,80875.66600676565,498.1515808105469
2024-03-19,81213.40854172838,500.9197998046875
2024-03-20,82038.5391370215,505.5529479980469
2024-03-21,82519.64516044487,507.2236328125
2024-03-22,82373.10523472901,506.2621154785156
2024-03-25,82051.9121541744,504.8633728027344
2024-03-26,81861.2414275284,503.9309387207031
2024-03-27,82245.49809466745,508.1658935546875
2024-03-28,82176.97020629115,508.0687561035156
2024-04-01,83548.99301960018,507.184814453125
2024-04-02,83124.46122403006,503.9600830078125
2024-04-03,83450.5684681516,504.51373291015625
2024-04-04,82501.31495871257,498.3554992675781
2024-04-05,83472.06610041042,503.5619201660156
2024-04-08,83509.93382155431,503.8435363769531
2024-04-09,83345.97734815786,504.42626953125
2024-04-10,82763.35535216852,499.3753967285156
2024-04-11,83307.72542367234,503.1441955566406
2024-04-12,82193.6515007484,496.1991882324219
2024-04-15,81568.86823839256,489.9827575683594
2024-04-16,81458.28437631346,489.0890808105469
2024-04-17,81139.7453435017,486.194580078125
2024-04-18,80835.42339042299,485.1940612792969
2024-04-19,80117.21766277803,480.9591369628906
2024-04-22,80848.14423012234,485.3883361816406
2024-04-23,82008.29885635115,491.1483154296875
2024-04-24,81738.23424116889,490.9151611328125
2024-04-25,81075.46741163259,489.05029296875
2024-04-26,81909.30454283734,493.6835021972656
2024-04-29,81806.42210580432,495.43182373046875
2024-04-30,80746.81781201967,487.5835876464844
2024-05-01,80462.17511985706,486.0003356933594
2024-05-02,81261.93592528037,490.54608154296875
2024-05-03,81908.20392753229,496.6265869140625
2024-05-06,82892.91044690991,501.755126953125
2024-05-07,83041.48546354227,502.3088073730469
2024-05-08,83158.61768707751,502.35736083984375
2024-05-09,83518.18904269265,505.2519226074219
2024-05-10,83663.68718325433,505.90264892578125
2024-05-13,83431.93394841316,505.9705810546875
2024-05-14,83909.91709307958,508.2921447753906
2024-05-15,84847.13025951822,514.5862426757812
2024-05-16,84516.15666203559,513.5275268554688
2024-05-17,84667.47430890406,514.2657470703125
2024-05-20,84672.0494567333,514.8582763671875
2024-05-21,84976.26139750282,516.1209106445312
2024-05-22,84661.83117802364,514.6348876953125
2024-05-23,84398.41481619899,510.8758850097656
2024-05-24,84962.70186719789,514.2559814453125
2024-05-28,85120.78760189994,514.6154174804688
2024-05-29,84532.42002398675,511.0118103027344
2024-05-30,83982.43413459806,507.6218566894531
2024-05-31,84235.57237029912,512.245361328125
2024-06-03,84210.70397634823,512.6629638671875
2024-06-04,84282.37340255245,513.236083984375
2024-06-05,85335.13256842266,519.3359985351562
2024-06-06,85277.5052353357,519.3263549804688
2024-06-07,85264.61524353876,518.6949462890625
2024-06-10,85555.9229354693,520.2976684570312
2024-06-11,85212.26831192263,521.5506591796875
2024-06-12,86084.72417900644,525.8341674804688
2024-06-13,86423.4077820489,526.8928833007812
2024-06-14,86581.64044440805,527.2135009765625
2024-06-17,87447.80112879607,531.4094848632812
2024-06-18,87926.1712833361,532.7597045898438
2024-06-20,87615.53543179098,531.3123168945312
2024-06-21,87215.49503982761,530.60009765625
2024-06-24,86717.575630992,528.8753051757812
2024-06-25,86763.92075331353,530.911865234375
2024-06-26,86783.46668296446,531.5745849609375
2024-06-27,86634.50050871084,532.41259765625
2024-06-28,86622.26889208998,530.3174438476562
2024-07-01,84463.19282023821,531.408935546875
2024-07-02,85067.37899287051,534.9850463867188
2024-07-03,85387.4758504462,537.37255859375
2024-07-05,85571.79234240724,540.4713134765625
2024-07-08,85658.87765146907,541.0950927734375
2024-07-09,85942.17203879094,541.6211547851562
2024-07-10,86369.00352125165,546.9806518554688
2024-07-11,85445.43773796172,542.2643432617188
2024-07-12,85314.16692371915,545.6846313476562
2024-07-15,85832.71108682171,547.1853637695312
2024-07-16,86618.86800494992,550.4302368164062
2024-07-17,85698.24823811886,542.7125244140625
2024-07-18,85166.24293846825,538.5418701171875
2024-07-19,84580.71358856084,534.965576171875
2024-07-22,85329.28142092156,540.4811401367188
2024-07-23,85415.96370826267,539.6333618164062
2024-07-24,83763.8021860775,527.4039306640625
2024-07-25,83595.3422088507,524.6559448242188
2024-07-26,84701.19913121946,530.5319213867188
2024-07-29,84452.67848672013,530.84375
2024-07-30,84240.21062328662,528.1541748046875
2024-07-31,85370.04604817189,536.7391967773438
2024-08-01,84083.5032820278,529.1384887695312
2024-08-02,82112.77816662575,519.2866821289062
2024-08-05,80405.58411602047,504.16314697265625
2024-08-06,81410.02720935673,508.811279296875
2024-08-07,80877.1160940885,505.4104309082031
2024-08-08,82635.31634210152,517.0941772460938
2024-08-09,82987.80091803161,519.3743896484375
2024-08-12,82850.98001760965,519.647216796875
2024-08-13,83883.78595896017,528.1932983398438
2024-08-14,84186.15515388186,529.8595581054688
2024-08-15,85293.91674798752,538.9414672851562
2024-08-16,85437.97603148883,540.1497802734375
2024-08-19,86040.07772444467,545.314453125
2024-08-20,85849.479407171,544.4275512695312
2024-08-21,85938.09477630188,546.298583984375
2024-08-22,85457.73590540333,542.0110473632812
2024-08-23,86268.49208916459,547.7700805664062
2024-08-26,86110.02533080913,546.4641723632812
2024-08-27,86328.56210454858,547.2145385742188
2024-08-28,86014.97068503962,544.0377807617188
2024-08-29,86210.74854890465,544.0865478515625
2024-08-30,87060.01529270022,549.2803955078125
2024-09-03,85289.44985936485,537.9766845703125
2024-09-04,85367.55249294477,536.8756103515625
2024-09-05,85066.73004567043,535.5698852539062
2024-09-06,83509.08407676913,526.5560913085938
2024-09-09,84623.48094566006,532.4515380859375
2024-09-10,84561.63318421335,534.7706909179688
2024-09-11,85388.30417623473,540.2570190429688
2024-09-12,85833.43379615551,544.8076782226562
2024-09-13,86486.36359366258,547.653076171875
2024-09-16,86878.57127331763,548.4619140625
2024-09-17,87100.3233838497,548.68603515625
2024-09-18,86927.2190570787,547.0586547851562
2024-09-19,88301.33342500745,556.3938598632812
2024-09-20,88239.52052268245,555.4320678710938
2024-09-23,88380.96553044661,556.820068359375
2024-09-24,88325.48903292387,558.4132080078125
2024-09-25,88034.66930951035,557.181640625
2024-09-26,88597.03418359453,559.3907470703125
2024-09-27,88380.8565322862,558.5794067382812
2024-09-30,88539.9295302615,560.8178100585938
2024-10-01,90062.10153803517,555.7938232421875
2024-10-02,90303.5999767238,556.0283203125
2024-10-03,90122.92413024294,555.0117797851562
2024-10-04,91126.15565898886,560.0553588867188
2024-10-07,90604.50269306063,554.9922485351562
2024-10-08,91229.11371958743,560.2410888671875
2024-10-09,92109.252549051,564.1215209960938
2024-10-10,91751.39944529235,563.1343383789062
2024-10-11,92709.92765710941,566.506591796875
2024-10-14,93118.16935814386,571.1395874023438
2024-10-15,92552.41751802694,566.7020263671875
2024-10-16,92886.30504458761,569.165283203125
2024-10-17,92895.86334572331,569.2140502929688
2024-10-18,93134.44254241303,571.4036254882812
2024-10-21,92778.94699257777,570.4652709960938
2024-10-22,92778.59716506775,570.1621704101562
2024-10-23,92143.06882960297,564.9523315429688
2024-10-24,92113.71380376906,566.1741333007812
2024-10-25,91795.43088445325,565.9786987304688
2024-10-28,92249.6348316693,567.7283325195312
2024-10-29,92476.18366201181,568.6471557617188
2024-10-30,92010.97303355139,566.9268798828125
2024-10-31,90908.1341606691,555.8133544921875
2024-11-01,91194.74483329311,558.1591186523438
2024-11-04,90815.23959190611,556.9569091796875
2024-11-05,91792.5862489473,563.6915283203125
2024-11-06,95048.73987196702,577.7080688476562
2024-11-07,95083.32942114936,582.1748046875
2024-11-08,95397.68424545901,584.6968383789062
2024-11-11,95469.00630394873,585.2538452148438
2024-11-12,94938.15163262592,583.4358520507812
2024-11-13,94923.40189820329,583.7192993164062
2024-11-14,94684.62277311315,579.9659423828125
2024-11-15,93853.00097860211,572.5372924804688
2024-11-18,94210.75702668236,574.8832397460938
2024-11-19,94363.83256207618,576.9847412109375
2024-11-20,94218.8452772995,577.1802978515625
2024-11-21,94996.4891549434,580.2786865234375
2024-11-22,95552.59604763213,582.0772705078125
2024-11-25,95805.75077130678,584.0516967773438
2024-11-26,96138.55913113478,587.1012573242188
2024-11-27,95616.15485712622,585.3223266601562
2024-11-29,96067.40120372635,588.9583129882812
2024-12-02,96101.98185208974,590.0139770507812
2024-12-03,96422.19761299474,590.2877197265625
2024-12-04,96722.06198458034,593.9530029296875
2024-12-05,96669.04526672247,592.9756469726562
2024-12-06,97328.71409095,594.0997314453125
2024-12-09,96638.06476739574,591.0404052734375
2024-12-10,96005.37525255435,589.2027587890625
2024-12-11,96602.72776472855,593.7576904296875
2024-12-12,96120.5631512135,590.6982421875
2024-12-13,96560.07417012127,590.5809936523438
2024-12-16,96956.30432973737,593.102783203125
2024-12-17,96378.22171202555,590.6590576171875
2024-12-18,93835.71118499986,573.055419921875
2024-12-19,94046.81157368494,572.8795166015625
2024-12-20,94931.97479454946,579.7603149414062
2024-12-23,95524.25561990701,583.2319946289062
2024-12-24,96554.24644005043,589.7147216796875
2024-12-26,96576.54300339188,589.75390625
2024-12-27,95783.84745511126,583.5460205078125
2024-12-30,94908.56523315239,576.88671875
