cash_change,cost_basis,date,price,realized_pnl,shares,ticker,type
-326.7058439438459,,2010-01-04,6.6996866717815395,,48.764346744736685,AMZN,buy
-326.70584394384593,,2010-01-04,32.31515391769409,,10.109988792748991,AXP,buy
-326.7058439438459,,2010-01-04,6.405441117715835,,51.004425447025014,AAPL,buy
-326.70584394384593,,2010-01-04,0.7645347985684872,,427.3263225631705,NFLX,buy
-326.7058439438459,,2010-01-04,128.84688937530515,,2.53561297077353,GS,buy
-326.7058439438459,,2010-01-04,15.547467143917082,,21.013444885887342,GOOGL,buy
-326.7058439438459,,2010-01-04,155.8846471710205,,2.095817964583889,BLK,buy
-326.70584394384593,,2010-01-04,16.864234679603577,,19.3727050263941,TXN,buy
-326.70584394384593,,2010-01-04,23.519146970176696,,13.891058394172338,MA,buy
-326.7058439438459,,2010-01-04,0.4231132917553186,,772.1474373647803,NVDA,buy
-326.7058439438458,,2010-01-04,19.542051214599606,,16.71809373315777,V,buy
-326.7058439438459,,2010-01-04,23.00032854595184,,14.204399006350174,MSFT,buy
-326.70584394384593,,2010-01-04,71.47645115356445,,4.570817922142368,IBM,buy
-326.7058439438459,,2010-01-04,45.088649809646604,,7.245855560614902,SLB,buy
-326.7058439438459,,2010-01-04,15.841453116989134,,20.623476996152004,CSCO,buy
-326.7058439438459,,2010-01-04,42.40463959579468,,7.704483449406459,MMM,buy
-326.7058439438459,,2010-01-04,28.17208092956543,,11.596794882162278,JPM,buy
-326.7058439438458,,2010-01-04,13.528886126899717,,24.1487614633884,INTC,buy
-326.7058439438459,,2010-01-04,39.07927727661132,,8.360078965415696,CAT,buy
-326.7058439438459,,2010-01-04,17.115167427062985,,19.0886735602276,KO,buy
-326.7058439438459,,2010-01-04,19.892122906112668,,16.42388022062,ORCL,buy
-326.7058439438459,,2010-01-04,20.209603822135925,,16.165870781989273,MRK,buy
-326.7058439438459,,2010-01-04,30.905008799934386,,10.571291082904967,QCOM,buy
-326.7058439438459,,2010-01-04,43.80819784584045,,7.457641720244064,BA,buy
-326.7058439438459,,2010-01-04,19.169321537971495,,17.043161558779822,HD,buy
-326.7058439438459,,2010-01-04,26.485817981910703,,12.335123807276014,HON,buy
-326.7058439438459,,2010-01-04,36.86694099769592,,8.861756226649346,PEP,buy
-326.7058439438459,,2010-01-04,42.006022441101074,,7.777595329382541,COST,buy
-326.7058439438459,,2010-01-04,11.985506292438506,,27.258409947184308,BAC,buy
-326.7058439438459,,2010-01-04,39.8064743434906,,8.207354440001312,JNJ,buy
-3.770409256143237,,2010-04-01,33.218782078170776,,0.11350233272462162,AXP,buy
36.20446998540326,11.985506292438506,2010-04-01,13.769741902828216,4.691250210722831,2.6292773125956046,BAC,sell
19.857056527706256,39.07927727661132,2010-04-01,42.94144321861267,1.785949462370688,0.46242173153368427,CAT,sell
20.589048670665886,6.405441117715835,2010-04-01,7.052836007595062,1.8899127787048755,2.919258103902308,AAPL,sell
87.62476944481544,43.80819784584045,2010-04-01,57.22473472480774,20.543930110308125,1.5312394171191999,BA,sell
-18.00553551182477,,2010-04-01,6.595113227844238,,2.730132886241634,AMZN,buy
-49.26128195225159,,2010-04-01,138.53810146179197,,0.35557930585498587,BLK,buy
-7.472926176521296,,2010-04-01,43.109833356094356,,0.17334620885201968,MMM,buy
-35.34618791867205,,2010-04-01,0.3940513445138931,,89.6994475739591,NVDA,buy
3.950702089031087,19.542051214599606,2010-04-01,20.52192715473175,0.18863715354231614,0.1925112616979625,V,sell
118.3925259849245,0.7645347985684872,2010-04-01,1.0706790138959885,33.85252395711623,110.5770491887364,NFLX,sell
-24.248654543495615,,2010-04-01,43.52326189689636,,0.5571423989529789,SLB,buy
-43.11365670489812,,2010-04-01,14.109931459617613,,3.0555539428585234,GOOGL,buy
-28.654093018202097,,2010-04-01,16.051337711143493,,1.7851529594514268,TXN,buy
-30.361789032798956,,2010-04-01,21.77143394832611,,1.3945700179814438,MSFT,buy
27.80875405671581,26.485817981910703,2010-04-01,29.74802356739044,3.049542857983173,0.9348101393599659,HON,sell
5.236745931757128,28.17208092956543,2010-04-01,29.695579606246948,0.2686654243809059,0.17634765851330592,JPM,sell
-16.405614884637654,,2010-04-01,23.26721979846954,,0.7050956249494309,MA,buy
-17.5840983907285,,2010-04-01,127.00196327133177,,0.13845532728624965,GS,buy
-3.241200509254192,,2010-04-01,20.807460841560363,,0.155771073363276,MRK,buy
2.1758667526959283,15.841453116989134,2010-04-01,16.54971499156952,0.09311842928331915,0.13147457547180252,CSCO,sell
13.504100728502344,13.528886126899717,2010-04-01,14.602856586742401,0.9931622065177663,0.9247574711349564,INTC,sell
32.07077813532551,19.169321537971495,2010-04-01,21.78044117717743,3.8447631961427895,1.4724576914874792,HD,sell
-4.210083674653588,,2010-04-01,20.42159560317993,,0.2061584097766591,ORCL,buy
-7.875446078179132,,2010-04-01,42.652833382034295,,0.18464063120121654,COST,buy
173.5536934044432,0.7645347985684872,2010-07-01,1.5654743975400924,88.79482527074397,110.86332275836432,NFLX,sell
-2.4986265045581857,,2010-07-01,40.55153287315368,,0.06161608026936882,CAT,buy
34.806947824429365,6.405441117715835,2010-07-01,7.426742009210586,4.786535845625739,4.686704854061453,AAPL,sell
0.22100491929281948,32.31515391769409,2010-07-01,31.54795025138855,-0.005374542022600903,0.007005365405097663,AXP,sell
-31.392789679837463,,2010-07-01,49.16438825149536,,0.6385270069720157,BA,buy
-36.86938376467616,,2010-07-01,5.5518834587574,,6.640878548435545,AMZN,buy
-27.87132325983921,,2010-07-01,18.938733450889586,,1.4716571903877789,HD,buy
-322.76073344522456,,2010-07-01,49.50797805290222,,6.519368112758221,GE,buy
-30.068738796286127,,2010-07-01,25.674029958724972,,1.17117331578355,HON,buy
-2.614514439481305,,2010-07-01,40.63888569488525,,0.06433528859799331,MMM,buy
-28.71694286298889,,2010-07-01,12.661201344966887,,2.2681056939675415,INTC,buy
93.20243056198028,0.7645347985684872,2010-10-01,2.2078824253320692,60.92874575963855,42.2134935686,NFLX,sell
85.11700277647222,6.6996866717815395,2010-10-01,7.680120294857025,10.865919831144566,11.082769476081076,AMZN,sell
61.8239268338416,39.07927727661132,2010-10-01,53.16986256866455,16.38400537554339,1.1627625848007606,CAT,sell
5.0937756381165045,6.405441117715835,2010-10-01,8.44415437889099,1.2298150266934056,0.6032309938399649,AAPL,sell
-20.31208755454708,,2010-10-01,33.43260428695678,,0.607553254906664,AXP,buy
-13.318548022839336,,2010-10-01,53.09383371658325,,0.2508492435097871,BA,buy
-25.11381469908902,,2010-10-01,20.632850632286072,,1.2171761986097636,MRK,buy
10.41780266142941,26.485817981910703,2010-10-01,29.57385586681366,1.0878043580389907,0.3522639289359546,HON,sell
0.41461529996134816,42.40463959579468,2010-10-01,45.55233480377197,0.028650180028408467,0.009101954965588632,MMM,sell
3.600320832235582,36.86694099769592,2010-10-01,41.18482306709289,0.3774633374109997,0.08741863055646526,PEP,sell
9.084666941396428,19.169321537971495,2010-10-01,21.737258535575865,1.073219620199323,0.41793066621203323,HD,sell
2.9525835886140843,19.892122906112668,2010-10-01,21.907473164176942,0.2716191891541362,0.13477517769790737,ORCL,sell
-14.988642061361007,,2010-10-01,18.172408366584776,,0.8248021813620454,KO,buy
-22.408630717503865,,2010-10-01,74.26836689605712,,0.3017251038906785,IBM,buy
17.323486587662263,16.864234679603577,2010-10-01,17.89845778656006,1.000999657940607,0.9678759362535949,TXN,sell
8.054684102367338,42.006022441101074,2010-10-01,46.397045673751826,0.7622964891742354,0.17360338326291558,COST,sell
27.736130859404668,0.7645347985684872,2011-01-03,2.54692982275486,19.410327364462773,10.89002555610432,NFLX,sell
48.234387774983944,39.07927727661132,2011-01-03,64.35074354324341,18.94234062312002,0.7495544747291172,CAT,sell
32.42465664840744,6.405441117715835,2011-01-03,9.850414942932128,11.339836351314073,3.2917046475968803,AAPL,sell
43.97190321828143,6.6996866717815395,2011-01-03,9.20455274219513,11.966222749538602,4.777190641399365,AMZN,sell
57.37776063010811,26.485817981910703,2011-01-03,36.54110329170227,15.789062223079519,1.5702251837354186,HON,sell
-389.67128935271774,,2011-01-03,35.84228319892883,,10.871832220899456,C,buy
46.84038427311577,16.864234679603577,2011-01-03,21.59320966014862,10.258178788282812,2.1692182408418006,TXN,sell
54.659237082662436,45.088649809646604,2011-01-03,56.87370040855407,11.326181874741721,0.9610634913855796,SLB,sell
-27.946668705164107,,2011-01-03,53.07165099372863,,0.5265837444639985,BA,buy
14.985876909274147,19.169321537971495,2011-01-03,24.308322062873838,3.1681507717269817,0.6164916225197672,HD,sell
14.763558766235564,42.006022441101074,2011-01-03,51.85630287666321,2.804388010850026,0.28470133710360557,COST,sell
12.284372351845837,17.115167427062985,2011-01-03,20.157731815338135,1.8541765607576135,0.6094124311396278,KO,sell
31.120456686857658,19.892122906112668,2011-01-03,25.476803632164,6.821806108580777,1.2215212369721549,ORCL,sell
-11.987772781686843,,2011-01-03,34.893029861450195,,0.3435578059367934,AXP,buy
5.533657625774069,71.47645115356445,2011-01-03,80.9966760017395,0.6504176150272665,0.06831956444305476,IBM,sell
34.541740724709896,49.50797805290222,2011-01-03,64.9860330871582,8.226982607155172,0.5315256076391535,GE,sell
-31.889520844722625,,2011-01-03,40.77592919006347,,0.7820672999523861,PEP,buy
-34.65911485341988,,2011-01-03,13.926355208301542,,2.488742699364689,INTC,buy
-28.975620949357758,,2011-01-03,45.467389931488036,,0.6372835782528821,MMM,buy
123.80264590065929,0.7645347985684872,2011-04-01,3.456008197760582,96.415144040207,35.82243988335465,NFLX,sell
65.51415721906005,39.07927727661132,2011-04-01,77.68021253128052,32.555365886245575,0.8433828266455707,CAT,sell
2.6101842316245776,6.405441117715835,2011-04-01,10.298444379615784,0.9866981219015332,0.25345422428954834,AAPL,sell
4.292198163928004,16.864234679603577,2011-04-01,22.66867777118683,1.099041604093252,0.18934488404011063,TXN,sell
32.87161064232937,45.088649809646604,2011-04-01,63.883438592147826,9.670972517736985,0.5145560628348793,SLB,sell
-17.22698798066269,,2011-04-01,36.660990200805664,,0.46989969136960497,QCOM,buy
-23.761076446884367,,2011-04-01,9.012804794311522,,2.6363686986631834,AMZN,buy
15.118970379503292,19.892122906112668,2011-04-01,27.454546126556394,4.164558107794065,0.5506909606084847,ORCL,sell
23.64458315232475,26.485817981910703,2011-04-01,40.178360268402095,8.057930998102039,0.5884904957388173,HON,sell
30.927721525430073,71.47645115356445,2011-04-01,90.57497321090698,6.521379480415291,0.3414599025429883,IBM,sell
-0.24819820090654898,,2011-04-01,20.955836192321776,,0.011843870062197226,KO,buy
-4.441456471170773,,2011-04-01,53.35063948402404,,0.0832502949191598,COST,buy
-45.84147281531334,,2011-04-01,0.4164771263182163,,110.06960507186989,NVDA,buy
12.532936831387023,19.169321537971495,2011-04-01,26.033809390068054,3.3046332690355804,0.4814100250794784,HD,sell
31.75901154923933,49.50797805290222,2011-04-01,72.80981438369751,10.16405954900926,0.4361913543945297,GE,sell
15.848538688518053,42.40463959579468,2011-04-01,49.01356381072998,2.136996026535739,0.32335005774561765,MMM,sell
-50.895644406436375,,2011-04-01,32.55066259155273,,1.5635824390144482,C,buy
-51.43646228457742,,2011-04-01,14.680482848930358,,3.5037309612963554,GOOGL,buy
4.1572334221253096,32.31515391769409,2011-04-01,36.5675740070343,0.4834420494212046,0.11368633372631187,AXP,sell
35.784733469762266,0.7645347985684872,2011-07-01,3.8257490833997725,28.633539442468855,9.353654066084744,NFLX,sell
-53.064128919918026,,2011-07-01,0.3695661823838949,,143.58491509592864,NVDA,buy
19.491189629366946,30.905008799934386,2011-07-01,39.05068263587952,4.065713136842929,0.4991254522003814,QCOM,sell
58.42414055020564,6.6996866717815395,2011-07-01,10.467167552661895,21.02878657452942,5.581657144233624,AMZN,sell
-21.954529000524477,,2011-07-01,75.00558455276489,,0.2927052583008658,CAT,buy
-32.708662923153604,,2011-07-01,59.984231776809686,,0.5452876856847402,SLB,buy
1.214515134011823,26.485817981910703,2011-07-01,41.04061027450562,0.4307200939147853,0.029593008629461792,HON,sell
-18.3072230683488,,2011-07-01,26.75697896003723,,0.6842036649836842,ORCL,buy
-14.425975615736256,,2011-07-01,22.310373716926573,,0.6466039430254575,TXN,buy
33.525830395049006,42.006022441101074,2011-07-01,58.67800520553589,9.525580574045986,0.5713525924682603,COST,sell
-85.52746264613381,,2011-07-01,133.28077705841062,,0.6417089135716187,BLK,buy
-27.015103802644198,,2011-07-01,69.39133628311157,,0.389315226506441,GE,buy
-8.997658762443605,,2011-07-01,10.273966645526885,,0.8757726273484678,AAPL,buy
9.65690851009965,23.519146970176696,2011-07-01,28.865943396949767,1.7887350226333263,0.3345433190006215,MA,sell
19.73172897062657,71.47645115356445,2011-07-01,96.66803326721191,5.1420666564484065,0.20411844850596772,IBM,sell
0.7357945732187448,17.115167427062985,2011-07-01,21.350829548835755,0.14596984140874014,0.034462107035970746,KO,sell
-13.440152577922277,,2011-07-01,25.68580844631195,,0.523252075402441,HD,buy
58.29432816771961,32.31515391769409,2011-07-01,42.51610106048584,13.986639073923314,1.3711118073782629,AXP,sell
28.412659294148632,43.80819784584045,2011-07-01,59.938135527420044,7.646124120309242,0.4740330850156429,BA,sell
-55.87612737677148,,2011-07-01,12.924925136756896,,4.32312967274887,GOOGL,buy
-196.6822981539531,,2011-10-03,1.618989479255676,,121.48460547401272,NFLX,buy
36.79159769076746,23.519146970176696,2011-10-03,28.549968292808533,6.4830879060215345,1.2886738546758707,MA,sell
46.19109343991976,6.6996866717815395,2011-10-03,10.591580677127837,16.972994413140196,4.361114251781878,AMZN,sell
78.88439652637487,6.405441117715835,2011-10-03,11.196308247756958,33.75439957782977,7.045572056501605,AAPL,sell
-28.429297763013576,,2011-10-03,35.3685478855133,,0.8038016673751542,AXP,buy
40.12954559552287,71.47645115356445,2011-10-03,96.39368168563843,10.373264318422578,0.416308879314252,IBM,sell
-98.37958001364335,,2011-10-03,39.652187799072266,,2.4810631007841923,SLB,buy
43.06083074818697,42.006022441101074,2011-10-03,58.92928258781433,12.366171941754597,0.730720430611373,COST,sell
27.852670073275608,17.115167427062985,2011-10-03,20.65351451396942,4.7717018791006645,1.3485680635340245,KO,sell
-58.354068031874775,,2011-10-03,18.91260166130066,,3.0854595828177374,V,buy
-29.982484763956904,,2011-10-03,32.33838259925842,,0.9271485570414537,QCOM,buy
-37.54005506839077,,2011-10-03,40.6167144241333,,0.9242513975006688,JNJ,buy
24.580956863279933,13.528886126899717,2011-10-03,14.115291665267943,1.0211910306101473,1.7414416539308064,INTC,sell
-13.707695016616096,,2011-10-03,22.255016161346433,,0.615937320253412,HD,buy
36.01415050269569,23.519146970176696,2012-01-03,33.846114579391475,10.988468553527284,1.064055681139374,MA,sell
50.681874925382765,19.542051214599606,2012-01-03,23.137538029289246,7.875773680297691,2.190461010208857,V,sell
-3.2899743284133396,,2012-01-03,104.19287911376952,,0.031575807832519676,IBM,buy
41.63441002670299,13.528886126899717,2012-01-03,16.94793267173767,8.39925367331368,2.4566069993971844,INTC,sell
-18.144430064057918,,2012-01-03,61.333804814910884,,0.29583082475990174,COST,buy
3.5243933650779082,6.405441117715835,2012-01-03,12.291124301719664,1.6876782183181953,0.2867429600874516,AAPL,sell
94.87250185104853,19.169321537971495,2012-01-03,29.878211912727355,34.004016869192895,3.175307214774632,HD,sell
10.847971146305387,32.31515391769409,2012-01-03,39.47106915893554,1.9666850611473947,0.27483347620062126,AXP,sell
28.20225331159756,30.905008799934386,2012-01-03,37.60254314346313,5.023212376851113,0.7500092002819834,QCOM,sell
13.75978214961766,43.80819784584045,2012-01-03,60.68857878227234,3.8272500188406102,0.22672770438376144,BA,sell
-90.38997143946251,,2012-01-03,8.957765988922118,,10.090682381214904,AMZN,buy
-6.382364074894122,,2012-01-03,43.5029382320404,,0.14671110353170214,JNJ,buy
-3.0897628384540736,,2012-01-03,22.335751576423643,,0.1383326111898313,KO,buy
-43.45703010944082,,2012-01-03,65.53106915283203,,0.663151550420916,CAT,buy
-17.554285060392306,,2012-01-03,38.48899009704589,,0.45608588368078884,HON,buy
57.16758972334532,23.519146970176696,2012-04-02,39.7138076007843,23.312036054208633,1.4394890134436853,MA,sell
190.57421523811084,6.405441117715835,2012-04-02,18.49003862915039,124.55423882020791,10.306858685393003,AAPL,sell
50.760209627788,19.542051214599606,2012-04-02,26.780945711517333,13.72049389499196,1.8953852554190505,V,sell
54.08677758932939,13.528886126899717,2012-04-02,19.756552190208435,17.04924958686526,2.7376627798516076,INTC,sell
-416.36192452157206,,2012-04-02,66.81351378250122,,6.231702255279669,MCD,buy
-21.51694435492152,,2012-04-02,25.312248492240904,,0.8500605689580372,MSFT,buy
65.31926429492563,19.169321537971495,2012-04-02,35.66227096824646,30.208601235692583,1.831606976265915,HD,sell
39.18434077951161,71.47645115356445,2012-04-02,117.44297799453734,15.336532527904964,0.33364566744326085,IBM,sell
-8.820550954791017,,2012-04-02,23.236535798072815,,0.3795983631743667,MRK,buy
69.22475336201475,32.31515391769409,2012-04-02,47.49463878936768,22.124520223517806,1.4575277363202446,AXP,sell
23.02952334033127,42.006022441101074,2012-04-02,66.67877129058837,8.521477443295362,0.3453801396544609,COST,sell
-133.6679734514879,,2012-04-02,13.795330747413635,,9.689363444696543,CSCO,buy
84.17483803291945,30.905008799934386,2012-04-02,46.64098490409851,28.399341106999458,1.8047397199265127,QCOM,sell
-7.122752920828411,,2012-04-02,44.10704809951782,,0.16148786254653658,JNJ,buy
13.396771795020248,17.115167427062985,2012-04-02,23.749168227767942,3.742202420003604,0.5640943576018174,KO,sell
-23.83668816349558,,2012-07-02,17.734455147933957,,1.3440891171822962,AAPL,buy
21.46438484768534,19.169321537971495,2012-07-02,38.03980932197571,10.64788229170793,0.5642611051492654,HD,sell
21.27983240804122,19.542051214599606,2012-07-02,28.55449507484436,6.71639594502386,0.7452358149658931,V,sell
1.5895637747398723,23.519146970176696,2012-07-02,40.46308056335449,0.6656305616460105,0.03928429948014056,MA,sell
-28.51470163419078,,2012-07-02,18.72692872085571,,1.5226576690300888,INTC,buy
-25.985560223877872,,2012-07-02,24.113276330184934,,1.077645354702348,MSFT,buy
-31.74529867414028,,2012-07-02,110.40984391174315,,0.2875223580563713,IBM,buy
23.57346632348025,17.115167427062985,2012-07-02,25.452951779365538,7.722109417611296,0.9261584482547534,KO,sell
36.605177406108346,15.547467143917082,2012-07-02,14.379279298496245,-2.973843294758254,2.545689296815901,GOOGL,sell
34.74423608788535,20.209603822135925,2012-07-02,25.49212607460022,7.199760417864859,1.3629399127483417,MRK,sell
6.7490983243399745,42.006022441101074,2012-07-02,68.76422451324463,2.626274607847434,0.09814839579903989,COST,sell
-46.86025799852164,,2012-07-02,60.298981366348265,,0.7771318343475944,MCD,buy
2.6635700727254052,32.31515391769409,2012-07-02,48.51339537506103,0.8893451147474598,0.054903806508143305,AXP,sell
-84.17217761314913,,2012-07-02,11.213984816551207,,7.506000675952027,CSCO,buy
94.25829490887898,6.6996866717815395,2012-07-02,11.457973403549193,39.143745427531954,8.226436874053292,AMZN,sell
16.88766624584145,36.86694099769592,2012-07-02,45.929611113739014,3.332215198532687,0.36768580957546604,PEP,sell
34.906628127011295,49.50797805290222,2012-07-02,76.91356816177368,12.437815139710644,0.45384226686235074,GE,sell
60.44835251835617,19.169321537971495,2012-10-01,43.68842515296936,33.925219633437756,1.38362397606927,HD,sell
47.425561743164735,6.405441117715835,2012-10-01,19.792918927574156,32.07756560717135,2.39608730358081,AAPL,sell
32.25004108644248,19.542051214599606,2012-10-01,30.886740830039976,11.845429345366632,1.044138689281084,V,sell
49.152941841755705,49.50797805290222,2012-10-01,86.27610464401245,20.947417543016954,0.569716748856103,GE,sell
-424.8491248129302,,2012-10-01,10.782272993850707,,39.40255686859608,T,buy
36.1060406758387,20.209603822135925,2012-10-01,27.80716052799225,9.865001900589451,1.298443997526908,MRK,sell
25.216991521944657,26.485817981910703,2012-10-01,42.859896337509156,9.63383093186408,0.5883586680510895,HON,sell
14.37753116448318,23.519146970176696,2012-10-01,42.054434097290034,6.3368268776654055,0.34187907822565755,MA,sell
129.6020501244602,15.547467143917082,2012-10-01,18.87065046272278,22.8233452740496,6.86791641763897,GOOGL,sell
-2.9867338173392883,,2012-10-01,51.15345815429687,,0.05838772050034713,MMM,buy
-10.266814810766983,,2012-10-01,47.656780014038084,,0.21543240663222996,AXP,buy
-44.36480714278372,,2012-10-01,42.68167741127014,,1.0394344794675092,QCOM,buy
-102.35281199704346,,2012-10-01,28.23850121631622,,3.6245837274785657,JPM,buy
-14.319126513244562,,2012-10-01,23.423153536987304,,0.6113235987047325,MSFT,buy
46.20967529788473,15.841453116989134,2012-10-01,12.483345762062072,-12.430725980386931,3.701705951165735,CSCO,sell
-31.349599803216208,,2012-10-01,127.21824004745483,,0.24642378161749612,BLK,buy
48.49044495774308,45.088649809646604,2012-10-01,50.54082573509216,5.23098767714005,0.9594311975016776,SLB,sell
26.38935766550151,42.006022441101074,2012-10-01,73.42576932678223,11.29231529921926,0.35940185451861417,COST,sell
9.768538560333552,19.169321537971495,2013-01-02,45.9936302947998,5.697186605315579,0.21238894381072626,HD,sell
46.37065586357277,19.542051214599606,2013-01-02,35.181189351654055,20.613205690902348,1.3180525365437266,V,sell
-82.12471164530393,,2013-01-02,16.578708947372434,,4.953625273596465,AAPL,buy
36.674488717922316,6.6996866717815395,2013-01-02,12.856494599819182,17.56293530418524,2.8526040619531017,AMZN,sell
37.24928278914028,23.519146970176696,2013-01-02,46.9974627948761,18.60846040527795,0.7925807176382591,MA,sell
-61.47443182965064,,2013-01-02,30.23698856487274,,2.0330871144048857,C,buy
32.20976773998571,28.17208092956543,2013-01-02,31.17850956287384,3.105869054145412,1.0330759292721243,JPM,sell
2.919896805466804,19.892122906112668,2013-01-02,28.54445991382599,0.8850730146905783,0.10229294280857992,ORCL,sell
22.965673775562745,42.006022441101074,2013-01-02,79.58408366088867,10.843945866978531,0.2885711906091739,COST,sell
-37.50673744437071,,2013-01-02,10.151046455955505,,3.6948641312114106,T,buy
-45.36246948835121,,2013-01-02,25.70103019943237,,1.7650058825016703,MRK,buy
-36.387117536653065,,2013-01-02,81.5667232093811,,0.44610248033683586,GE,buy
-2.095686438190173,,2013-01-02,48.83898820648193,,0.042910111678194696,AXP,buy
8.599374466581727,30.905008799934386,2013-01-02,44.753440686035155,2.6609764464588155,0.19215001874180082,QCOM,sell
18.08932096866024,26.485817981910703,2013-01-02,45.96198284683227,7.665261062695668,0.3935713789577502,HON,sell
-2.987151486115534,,2013-01-02,52.31507164878845,,0.05709925250928549,MMM,buy
134.31212294227296,0.7645347985684872,2013-04-01,2.6043186976432797,94.88288874297922,51.57284439259132,NFLX,sell
19.794363739000335,19.169321537971495,2013-04-01,50.75607183837891,12.318518792592439,0.3899900646770096,HD,sell
9.205965803652488,19.542051214599606,2013-04-01,37.97136818962097,4.468094512936025,0.2424449326576763,V,sell
-18.16654952406611,,2013-04-01,13.089655998802185,,1.3878553818166424,AMZN,buy
-16.13303712617275,,2013-04-01,19.874713801383972,,0.811736827377576,GOOGL,buy
10.604429423083761,10.782272993850707,2013-04-01,10.973235100078583,0.1845439525817163,0.9663904333014628,T,sell
143.15393582725335,155.8846471710205,2013-04-01,181.30325089874268,20.07009333158051,0.7895828404489249,BLK,sell
70.77797465703425,39.8064743434906,2013-04-01,56.472743787002564,20.888037612432875,1.2533121274217969,JNJ,sell
-160.13272676025065,,2013-04-01,113.24642285461425,,1.4140201758587025,GS,buy
-2.092388431845877,,2013-04-01,49.57900781097412,,0.04220311224910667,MA,buy
-5.457963365655463,,2013-04-01,83.34249388275146,,0.06548836147540626,COST,buy
14.045433612578723,49.50797805290222,2013-04-01,88.81481549835205,6.216097762098406,0.1581429126859959,GE,sell
27.668788220911484,42.40463959579468,2013-04-01,58.592939823532106,7.644447471091219,0.47222051503548457,MMM,sell
20.098548262829915,36.86694099769592,2013-04-01,52.50048969154358,5.9849276604597055,0.3828259199278907,PEP,sell
-54.23102623100141,,2013-04-01,26.705742252731323,,2.030687846747826,ORCL,buy
-231.26801149638897,,2013-04-01,9.407289648628234,,24.583915254497594,BAC,buy
42.134963935108544,26.485817981910703,2013-04-01,53.07153514480591,21.10713833302819,0.7939277396092486,HON,sell
1.5695291903799615,35.84228319892883,2013-04-01,32.061594202423095,-0.18507818738831183,0.04895356046460542,C,sell
10.884844359615714,20.209603822135925,2013-04-01,27.799170519447326,2.971716447415772,0.3915528469455971,MRK,sell
-26.31631759922285,,2013-04-01,52.01686653022766,,0.5059189327355984,SLB,buy
82.68252438074154,0.7645347985684872,2013-07-01,3.2017571961879727,62.939094992083724,25.824108236309655,NFLX,sell
23.823739901863256,35.84228319892883,2013-07-01,35.33474542236328,-0.3421971160322883,0.6742298442253745,C,sell
-3.784682653947592,,2013-07-01,118.04614413986205,,0.03206104427657941,GS,buy
6.674270414140365,11.985506292438506,2013-07-01,10.004696251773835,-1.321425610307399,0.6671137480017961,BAC,sell
-14.67310222532789,,2013-07-01,184.98213434295653,,0.07932172627073264,BLK,buy
26.93192369119004,19.169321537971495,2013-07-01,56.2789708316803,17.758573552705997,0.47854328700747395,HD,sell
26.64941620040422,15.547467143917082,2013-07-01,21.99437403717041,7.811375068606676,1.2116469491410307,GOOGL,sell
30.989450491937603,28.17208092956543,2013-07-01,36.87399617156982,7.313217974054261,0.8404147559094977,JPM,sell
16.459734517671098,26.485817981910703,2013-07-01,57.64422542152405,8.89697295261018,0.285540041475258,HON,sell
73.07609559855564,15.841453116989134,2013-07-01,16.441152275276185,2.6654867181820947,4.444706452141176,CSCO,sell
26.931392475255336,19.542051214599606,2013-07-01,42.10308699760437,14.431248458217633,0.6396536310220604,V,sell
95.16252184706548,43.80819784584045,2013-07-01,87.45629294815063,47.494155808992794,1.0881152017669393,BA,sell
-34.17013037516399,,2013-07-01,24.472187136268612,,1.3962842873378776,TXN,buy
78.44830476864553,32.31515391769409,2013-07-01,62.97788777160644,38.1949851848806,1.2456483941338838,AXP,sell
16.75892638806145,23.519146970176696,2013-07-01,53.80748126106262,9.43363177204274,0.3114608971706119,MA,sell
-486.3677639026375,,2013-07-01,53.62954399223327,,9.069026653910653,PG,buy
6.822366758283603,39.8064743434906,2013-07-01,60.16125727844238,2.3082595136729953,0.11340133279974296,JNJ,sell
-1.8436536101160632,,2013-07-01,87.22422225341796,,0.021136945248529493,COST,buy
-4.637098942511589,,2013-07-01,61.0538161743164,,0.07595100901264029,MMM,buy
-29.202808869689374,,2013-07-01,51.365596903991694,,0.5685285605513908,SLB,buy
139.99581911911056,0.7645347985684872,2013-10-01,4.634183036899566,116.89969310975303,30.20938491302509,NFLX,sell
60.24264042200852,1.618989479255676,2013-10-01,4.634183036899566,39.19638474561059,12.999624732628817,NFLX,sell
19.750726474432028,11.985506292438506,2013-10-01,10.762795962810516,-2.2437865923864315,1.8350925301081773,BAC,sell
53.73094210551511,43.80819784584045,2013-10-01,100.20195762863159,30.23982678294164,0.5362264707906474,BA,sell
12.79810121417349,155.8846471710205,2013-10-01,196.07631925506593,2.6233514034367236,0.06527101927859569,BLK,sell
-13.453700665848313,,2013-10-01,35.64776541786193,,0.3774065641462929,C,buy
61.280918254689034,16.864234679603577,2013-10-01,28.37936293144226,24.865168213884374,2.159347917806649,TXN,sell
3.0124436032203583,26.485817981910703,2013-10-01,60.02558342628479,1.6832264860948054,0.05018599455880057,HON,sell
62.291144143344354,23.519146970176696,2013-10-01,62.59760377235413,38.88714006396134,0.995104291369934,MA,sell
7.818239431808149,128.84688937530515,2013-10-01,123.91722550048827,-0.3110244950691028,0.06309243448786983,GS,sell
4.860322594145948,19.542051214599606,2013-10-01,44.00260860443115,2.7017989050592286,0.11045532863377794,V,sell
-8.659930641210135,,2013-10-01,61.28800403900146,,0.14129895037370233,JNJ,buy
-13.7219682361715,,2013-10-01,63.50100453987121,,0.2160905695209232,AXP,buy
-35.66232721533177,,2013-10-01,15.835008446216582,,2.2521192417710694,CSCO,buy
-18.475885195369802,,2013-10-01,36.81936132850647,,0.5017980901549564,JPM,buy
-18.395882424458815,,2013-10-01,56.204854664993285,,0.32730059590237737,HD,buy
31.697680880051124,42.40463959579468,2013-10-01,67.08794664230346,11.662357084740385,0.47247952078568467,MMM,sell
4.363208815862698,42.006022441101074,2013-10-01,90.94274232559204,2.347863305627718,0.047977537341480136,COST,sell
-25.11457565642552,,2013-10-01,52.74314742889404,,0.4761675569377779,PG,buy
-29.63895947239225,,2013-10-01,53.80540248069763,,0.5508547117183085,PEP,buy
-4.71982143477604,,2013-10-01,27.49607476158142,,0.17165437160400643,MSFT,buy
-97.41726080097413,,2013-10-01,0.36398548925220964,,267.64050677161094,NVDA,buy
5.529068525994139,1.618989479255676,2014-01-02,5.179514938688278,3.8008171589008364,1.067487707139307,NFLX,sell
29.275139836970617,43.80819784584045,2014-01-02,116.72619493789672,18.287964947692387,0.2508018003375012,BA,sell
146.91680170782587,6.6996866717815395,2014-01-02,19.88457149219513,97.41628626302298,7.388482158918638,AMZN,sell
62.89012726811531,23.519146970176696,2014-01-02,77.10603740386962,43.70716577776527,0.8156316857356636,MA,sell
29.065672454073955,155.8846471710205,2014-01-02,228.3294373168945,9.22201081966358,0.12729708790782945,BLK,sell
37.6854797796518,32.31515391769409,2014-01-02,74.93024676589965,21.43286975760906,0.5029408203791244,AXP,sell
52.52743973257083,15.547467143917082,2014-01-02,27.573973119735715,22.91006686251064,1.9049644933096346,GOOGL,sell
4.185490796447177,23.00032854595184,2014-01-02,30.615326415252685,1.041063651081784,0.1367122708305324,MSFT,sell
-557.1499741861372,,2014-01-02,3.8965850880146022,,142.98416731610953,AVGO,buy
-7.967599721316045,,2014-01-02,65.5707545059204,,0.1215114845231291,HON,buy
27.01152027989372,42.40463959579468,2014-01-02,77.8493064239502,12.298302718702864,0.34697188094130116,MMM,sell
-29.558973781724806,,2014-01-02,64.22765190582275,,0.4602219278554234,JNJ,buy
19.83807697156347,19.542051214599606,2014-01-02,50.43306354446411,12.151121452082313,0.3933545887822838,V,sell
26.314088190559914,11.985506292438506,2014-01-02,12.474290291976928,1.0310731086850673,2.109465755136732,BAC,sell
4.771596542812826,128.84688937530515,2014-01-02,138.31259822387696,0.3265540825428648,0.0344986400666798,GS,sell
14.70071778898254,28.17208092956543,2014-01-02,41.76531091117859,4.784598353054433,0.35198391843044696,JPM,sell
7.682972904725227,49.50797805290222,2014-01-02,108.35998507461548,4.172743056628981,0.07090230678266352,GE,sell
-15.580513876552216,,2014-01-02,38.34737721290588,,0.40629933541604935,C,buy
-13.020435951689398,,2014-01-02,60.74706778717041,,0.21433850926446318,HD,buy
-9.41759082888188,,2014-04-01,5.213503886890411,,1.8063841579868836,NFLX,buy
121.70239001886439,3.8965850880146022,2014-04-01,4.8281208623886105,23.48121212386198,25.206989113908534,AVGO,sell
-43.82930598532977,,2014-04-01,110.27261718292236,,0.39746318809704917,BA,buy
40.32426659881472,0.4231132917553186,2014-04-01,0.4402778287321329,1.5720695432051386,91.58822899380698,NVDA,sell
-1.3925975199363547,,2014-04-01,28.152640985298156,,0.049465963802955315,GOOGL,buy
-69.09214027835557,,2014-04-01,69.34187083435059,,0.9963985604514249,MA,buy
-89.26003899060407,,2014-04-01,17.161504543113708,,5.20117794837638,AMZN,buy
56.160366530764634,23.00032854595184,2014-04-01,34.38094196434021,18.589933387646624,1.633473759648993,MSFT,sell
-0.11069024173004409,,2014-04-01,76.67537746810912,,0.001443621738622447,AXP,buy
30.93706274028818,11.985506292438506,2014-04-01,13.443072157001495,3.354352790303377,2.301338740056927,BAC,sell
-27.22072709299751,,2014-04-01,49.15022200050354,,0.5538271443152105,V,buy
31.377277511375237,16.864234679603577,2014-04-01,33.87079364204406,15.754562048870183,0.926381526307857,TXN,sell
39.85186588518659,20.209603822135925,2014-04-01,36.589089087295534,17.840101143217023,1.089173490766786,MRK,sell
8.608865484477397,26.485817981910703,2014-04-01,67.93647335128784,5.252599946912523,0.12671934617451264,HON,sell
-15.124697296464214,,2014-04-01,77.56160988464354,,0.19500236417164363,MMM,buy
-124.34489544774466,,2014-04-01,16.867105340003967,,7.372035268721184,AAPL,buy
92.8602002891048,45.088649809646604,2014-04-01,69.86169945602417,32.92834800537036,1.3292004204329082,SLB,sell
11.240692773779163,28.17208092956543,2014-04-01,43.53034420623779,3.9659121052194752,0.258226599829376,JPM,sell
29.504528936155253,19.892122906112668,2014-04-01,34.50386839828491,12.494618362935832,0.8551078561852457,ORCL,sell
-1.4356284043773069,,2014-04-01,233.10350325775144,,0.006158759453691598,BLK,buy
-128.7918779340908,,2014-04-01,19.52548574810028,,6.59609085252189,INTC,buy
58.56460893566151,3.8965850880146022,2014-07-01,5.51720430150032,17.20272175630705,10.614906705509483,AVGO,sell
146.4444616536009,1.618989479255676,2014-07-01,6.753840148115158,111.33968607216994,21.68314002730287,NFLX,sell
99.86548556672885,6.405441117715835,2014-07-01,20.470817403030395,68.6169782455172,4.878431749967408,AAPL,sell
95.50496432818967,45.088649809646604,2014-07-01,84.37094504928588,44.46618683007057,1.1319650890765747,SLB,sell
-30.838735094901853,,2014-07-01,34.05383886528015,,0.9055876260207398,ORCL,buy
-7.338523948314865,,2014-07-01,34.8287950176239,,0.21070278040344093,TXN,buy
-16.93543252001723,,2014-07-01,0.4453001302093267,,38.031501387740946,NVDA,buy
-37.44425500877588,,2014-07-01,56.81565637779235,,0.659048181363822,QCOM,buy
-19.698304452509976,,2014-07-01,110.83944282150267,,0.1777192662744831,BA,buy
14.54483902504152,42.40463959579468,2014-07-01,82.5116288909912,7.069908943966907,0.17627623185402364,MMM,sell
-16.26751080640208,,2014-07-01,70.1160787826538,,0.23200827953925085,MA,buy
-94.4324033578855,,2014-07-01,80.79189684753418,,1.1688350817668374,CAT,buy
3.4430524335876633,20.209603822135925,2014-07-01,38.26441395149231,1.6245814722956005,0.08998053486334356,MRK,sell
0.9092672625449805,15.547467143917082,2014-07-01,29.275223579406738,0.426374182288478,0.03105927645876605,GOOGL,sell
4.981795633384808,32.31515391769409,2014-07-01,80.28116616210937,2.9764997417649837,0.062054350622227084,AXP,sell
-12.378175901508657,,2014-07-01,35.04866775398254,,0.3531710816626443,MSFT,buy
-9.139817950700463,,2014-07-01,238.62389009399413,,0.03830219156640302,BLK,buy
65.034208784272,39.8064743434906,2014-07-01,75.65414306488037,30.815559830701595,0.8596252121777281,JNJ,sell
-11.662176984559741,,2014-07-01,69.34143565444946,,0.16818482159319714,HON,buy
92.40832234714672,13.528886126899717,2014-07-01,23.441470940208433,39.07627362882195,3.942087191663454,INTC,sell
-79.43641695389391,,2014-07-01,12.118855530166625,,6.554778770665131,BAC,buy
107.54215440033789,3.8965850880146022,2014-10-01,6.398293821430206,42.04857644588702,16.80794246118242,AVGO,sell
74.88191337078634,13.528886126899717,2014-10-01,25.890118845176694,35.75235645311032,2.8922970117897613,INTC,sell
52.02412026473742,6.405441117715835,2014-10-01,21.817734237098694,36.750424314673616,2.3844877611661452,AAPL,sell
-29.784024843096475,,2014-10-01,6.272958899593353,,4.748002548689939,NFLX,buy
74.07780057563913,23.00032854595184,2014-10-01,38.608022439193725,29.94671994635678,1.918715227963542,MSFT,sell
-46.20540155661869,,2014-10-01,72.69361116333008,,0.6356184651881316,CAT,buy
1.267698290410867,15.547467143917082,2014-10-01,28.688224793243407,0.5806743403195127,0.044188802184422116,GOOGL,sell
0.5352716090040889,0.4231132917553186,2014-10-01,0.43521003668010233,0.014877975170320967,1.2299155899236212,NVDA,sell
-24.167691206041443,,2014-10-01,31.90795150337219,,0.7574190779212913,ORCL,buy
19.47082045330535,20.209603822135925,2014-10-01,38.67526659507752,9.296422133751802,0.5034437294811962,MRK,sell
18.149965418439475,155.8846471710205,2014-10-01,240.31626465911864,6.376725852516049,0.0755253309391466,BLK,sell
-5.494657406964581,,2014-10-01,80.02647647933959,,0.06866049398517671,MMM,buy
-80.50280829582695,,2014-10-01,71.1259328300476,,1.1318348328476056,SLB,buy
49.645680944558784,19.169321537971495,2014-10-01,68.44572203521729,35.74161225041705,0.7253292020064404,HD,sell
-2.86734670318177,,2014-10-01,33.887088615798945,,0.08461472555789129,TXN,buy
8.29462052230456,39.8064743434906,2014-10-01,75.03635834884643,3.8943590187399613,0.1105413522834171,JNJ,sell
-43.035896881209034,,2014-10-01,72.7656448890686,,0.5914315326527699,AXP,buy
22.251541277768524,36.86694099769592,2014-10-01,64.16386273269653,9.466365565813504,0.3467924206880646,PEP,sell
-10.449284648788549,,2014-10-01,43.51746331558227,,0.24011704388676947,JPM,buy
61.32519381307251,11.985506292438506,2014-10-01,13.08855078907013,5.16821293896534,4.685407483331417,BAC,sell
81.9135616358705,3.8965850880146022,2015-01-02,7.513637640666961,39.43305112403203,10.901984571696659,AVGO,sell
25.502017867105003,13.528886126899717,2015-01-02,27.876933963775635,13.125696418750964,0.9148071269330877,INTC,sell
-597.8124780253579,,2015-01-02,114.18165500106811,,5.235626318604032,AMGN,buy
43.06463723786238,6.405441117715835,2015-01-02,24.154838420677184,31.644647864355044,1.7828575992873503,AAPL,sell
-4.322563408546806,,2015-01-02,39.634898941421504,,0.10905952895036641,MSFT,buy
42.68875084895134,0.4231132917553186,2015-01-02,0.4815465349763632,5.180064604310331,88.64927426182544,NVDA,sell
67.1829904620031,16.864234679603577,2015-01-02,38.876328145980835,38.03955609818134,1.7281207785295614,TXN,sell
23.535063131871958,15.841453116989134,2015-01-02,19.517181674194337,4.432428057163129,1.2058638139844788,CSCO,sell
-29.61413064366653,,2015-01-02,38.01194894332885,,0.779074250778816,MRK,buy
-3.8289072529544055,,2015-01-02,65.92525052642821,,0.05807952525594828,PEP,buy
30.76524759980975,42.006022441101074,2015-01-02,113.5549315750122,19.384626228645843,0.2709283266969944,COST,sell
-13.889658329730262,,2015-01-02,75.79037424392699,,0.18326414756875575,JNJ,buy
63.09705074399096,19.169321537971495,2015-01-02,78.14932819519042,47.61991636878203,0.8073908272940749,HD,sell
88.139265329148,42.40463959579468,2015-01-02,94.70573138809203,48.67477119832517,0.9306645335746841,MMM,sell
108.96474102608165,19.542051214599606,2015-01-02,60.932152058029175,74.01776348146242,1.788296282762314,V,sell
23.694957108411742,53.62954399223327,2015-01-02,65.02445831909179,4.152314578369413,0.36440068431073236,PG,sell
44.48191024775084,155.8846471710205,2015-01-02,266.647962991333,18.47741050706082,0.16681886390107792,BLK,sell
-48.72206484282485,,2015-01-02,68.94756730499267,,0.7066538639035747,CAT,buy
77.9275175232842,19.892122906112668,2015-01-02,37.19799559249878,36.254741029541755,2.094938619192664,ORCL,sell
-113.04535244551651,,2015-01-02,29.236378273010253,,3.8665990496461404,KO,buy
116.20489221534936,3.8965850880146022,2015-04-01,9.458732983016967,68.33354930148604,12.285460687387385,AVGO,sell
45.807934387527226,6.405441117715835,2015-04-01,27.55952934951782,35.161162350085675,1.6621450173033772,AAPL,sell
21.008620951439088,19.169321537971495,2015-04-01,85.91824679946899,16.321362713646582,0.24451873419243153,HD,sell
20.597629583457024,42.006022441101074,2015-04-01,124.76538625488281,13.66281764171688,0.16509089741747918,COST,sell
-126.00822181320389,,2015-04-01,23.824545917892454,,5.289008329790267,INTC,buy
-41.67059801055616,,2015-04-01,19.43731028366089,,2.143845902670222,CSCO,buy
-91.16068464644809,,2015-04-01,5.905845047807693,,15.435671594582018,NFLX,buy
-47.02187010405301,,2015-04-01,60.13660200271606,,0.7819176431340313,V,buy
-45.712947871678224,,2015-04-01,112.78320820617675,,0.4053169669381216,AMGN,buy
-0.24219530200452033,,2015-04-01,41.415135934829706,,0.005847990029192118,TXN,buy
-40.31949298528964,,2015-04-01,94.53250372238159,,0.42651459971586014,MMM,buy
62.92649115873476,43.80819784584045,2015-04-01,130.7164178100586,41.837356216006434,0.48139699827279525,BA,sell
46.966570512686616,23.519146970176696,2015-04-01,80.8000059059143,33.29561019296479,0.5812693945514775,MA,sell
-30.242937486344488,,2015-04-01,66.82382067489624,,0.4525771974858941,PEP,buy
-9.854860904493487,,2015-04-01,0.5052398092508316,,19.505313564080097,NVDA,buy
-25.038871377407403,,2015-04-01,272.9855423919677,,0.09172233502921268,BLK,buy
-20.852664953250756,,2015-04-01,152.9750343521118,,0.1363141707505875,GS,buy
-54.314749746384656,,2015-04-01,28.457627657318113,,1.908618328991917,KO,buy
19.801469720023455,26.485817981910703,2015-04-01,76.72580296096801,12.965984100594225,0.2580809708840306,HON,sell
-85.42103816244823,,2015-04-01,37.90912814826965,,2.2533105437917396,C,buy
-21.490333412839064,,2015-04-01,18.525959588623046,,1.1600118908839931,AMZN,buy
23.235129215840345,3.8965850880146022,2015-07-01,10.230670351982116,14.385498164733816,2.2711248057502615,AVGO,sell
-13.913004224241407,,2015-07-01,28.23757741336822,,0.49271238890538527,AAPL,buy
-31.266965969882904,,2015-07-01,85.68518944625853,,0.36490513905548916,HD,buy
-34.10428764368885,,2015-07-01,111.81693322677611,,0.3050011000974413,AMGN,buy
344.0519948018193,1.618989479255676,2015-07-01,9.357016667175293,284.5227046750735,36.76941134547344,NFLX,sell
-1.4335768802303184,,2015-07-01,62.709549724960326,,0.022860583220863262,V,buy
86.57200869029414,6.6996866717815395,2015-07-01,21.854190557098388,60.03223219954099,3.9613459242110878,AMZN,sell
-85.29773041665626,,2015-07-01,113.81618023147583,,0.7494341335579913,COST,buy
32.08157337235333,128.84688937530515,2015-07-01,167.3551356765747,7.3819373642786665,0.19169757320356862,GS,sell
29.493456371027914,23.519146970176696,2015-07-01,88.19012338943482,21.627939140877395,0.3344303787941092,MA,sell
-21.397881350220025,,2015-07-01,19.658986726188658,,1.0884529120575124,CSCO,buy
-44.26551818305745,,2015-07-01,0.49284162572324275,,89.81692266374216,NVDA,buy
11.989362336851052,28.17208092956543,2015-07-01,50.808391908645625,5.341537570915547,0.2359720882016525,JPM,sell
-77.15517065511318,,2015-07-01,38.25781413536072,,2.0167166472744356,TXN,buy
22.004318234966654,35.84228319892883,2015-07-01,40.872229230880734,2.7079641916901735,0.5383684386449232,C,sell
-88.81349387830734,,2015-07-01,38.19163625144958,,2.3254697257160952,MSFT,buy
-51.53602249563814,,2015-07-01,263.1670287322998,,0.1958300883811015,BLK,buy
-58.649505422523326,,2015-07-01,124.72785816802977,,0.4702197751484869,BA,buy
-28.02899152659489,,2015-07-01,76.90872551193236,,0.3644448837244898,HON,buy
-51.69393795952327,,2015-07-01,91.108973979187,,0.567385798585903,MMM,buy
-37.156120472861836,,2015-07-01,23.506143107604977,,1.5806983009833147,INTC,buy
103.99940475786615,1.618989479255676,2015-10-01,10.590580973052978,88.10094341941321,9.819990520112697,NFLX,sell
13.86087059841602,6.6996866717815395,2015-10-01,26.017774098587036,10.291637901736575,0.5327462121046231,AMZN,sell
71.03198069335825,6.595113227844238,2015-10-01,26.017774098587036,53.026445181533475,2.730132886241634,AMZN,sell
58.068058078145505,5.5518834587574,2015-10-01,26.017774098587036,45.677025320899446,2.231861106108191,AMZN,sell
-47.1794255580967,,2015-10-01,9.263824386882781,,5.092867004787024,AVGO,buy
38.534527552286384,19.542051214599606,2015-10-01,64.70277661056518,26.896020668886003,0.5955621933231559,V,sell
49.38604554901009,19.169321537971495,2015-10-01,89.8072157295227,38.84460988676777,0.549911776551995,HD,sell
-8.946482968887187,,2015-10-01,84.93426744003295,,0.10533419829874635,MA,buy
142.47758371994053,0.4231132917553186,2015-10-01,0.5855569465219974,39.525753317868165,243.31977370639584,NVDA,sell
57.659776603612855,42.006022441101074,2015-10-01,120.70786473999023,37.59432457049596,0.47768036264923097,COST,sell
-70.28306528882567,,2015-10-01,24.551973935508727,,2.8626238148280834,AAPL,buy
-7.144920851147454,,2015-10-01,31.819682513427733,,0.22454406476659017,GOOGL,buy
-44.022821572759206,,2015-10-01,101.6389456993103,,0.43312945908546485,AMGN,buy
-33.06631621828753,,2015-10-01,71.1756273208618,,0.46457358316244424,HON,buy
-48.45743474504804,,2015-10-01,45.90896010589599,,1.0555114869357443,JPM,buy
-27.378734757556284,,2015-10-01,116.49711746444702,,0.23501641374012383,BA,buy
-119.84957027701262,,2015-10-01,75.40666009216308,,1.5893764573385267,MCD,buy
-17.841939926074325,,2015-10-01,18.643689112663267,,0.9569962156232066,CSCO,buy
-89.00465987814904,,2015-10-01,140.9964708969116,,0.6312545222725756,GS,buy
-42.75119668630759,,2015-10-01,82.99015849227905,,0.5151357397429832,MMM,buy
74.58134701313826,5.5518834587574,2016-01-04,31.82720600566864,61.57150421574222,2.343320585534741,AMZN,sell
152.96377437488331,0.4231132917553186,2016-01-04,0.7871931009292602,70.74632859357078,194.3154407658219,NVDA,sell
48.45097526462836,15.547467143917082,2016-01-04,37.587748666763304,28.410138217007045,1.2890097700230392,GOOGL,sell
39.09702073169645,3.8965850880146022,2016-01-04,10.80946089105606,25.003360603375068,3.6169260544756696,AVGO,sell
10.897495184011118,19.169321537971495,2016-01-04,101.02654480819702,8.829745667907153,0.10786764215979527,HD,sell
59.280647623318515,66.81351378250122,2016-01-04,90.33541781158446,15.435736480302026,0.656228188892225,MCD,sell
-52.03204061654098,,2016-01-04,129.79257347412107,,0.4008861156213648,GE,buy
112.02846688109928,23.00032854595184,2016-01-04,47.64758874778747,57.950356897323495,2.351188587403625,MSFT,sell
-15.92958349131975,,2016-01-04,70.20539754867553,,0.226899697851227,V,buy
-1.0489715369608044,,2016-01-04,133.74767164916992,,0.007842914377697241,COST,buy
-16.677590846870814,,2016-01-04,126.09332290725708,,0.13226386982550498,BA,buy
-39.77300251765088,,2016-01-04,88.90509316940307,,0.4473647245593222,MA,buy
-13.121724525607375,,2016-01-04,40.58648469047546,,0.32330280943712,TXN,buy
-37.47789135777715,,2016-01-04,48.21779561920166,,0.7772626449736002,JPM,buy
-42.88687879385356,,2016-01-04,70.95767853775024,,0.6044008157769323,PEP,buy
-92.44501512010166,,2016-01-04,23.705255090522765,,3.8997688388960086,AAPL,buy
-12.195898044867697,,2016-01-04,77.53055941696167,,0.15730439889228442,HON,buy
-38.909465348956175,,2016-01-04,30.395985740852353,,1.280085656069435,KO,buy
-72.58988095827331,,2016-01-04,255.6464634536743,,0.2839463530127313,BLK,buy
69.48820807855577,0.4231132917553186,2016-04-01,0.8823202090144157,36.165402868031705,78.756224065384,NVDA,sell
-60.64616483974136,,2016-04-01,29.945946736526487,,2.025187761580046,AMZN,buy
-7.556329025150828,,2016-04-01,38.14743876991272,,0.19808221125216363,GOOGL,buy
-1.9083724660033983,,2016-04-01,48.73217062759399,,0.03916042403665898,MSFT,buy
46.26185220116614,66.81351378250122,2016-04-01,98.32735524215698,14.826887922563792,0.47048811683416236,MCD,sell
17.263674061081467,49.50797805290222,2016-04-01,135.8388976776123,10.971738458387449,0.1270893268145734,GE,sell
2.153308381220248,19.542051214599606,2016-04-01,71.99932407989502,1.5688575797108066,0.02990734161380182,V,sell
7.5396503676360815,19.169321537971495,2016-04-01,104.51165997619628,6.156742640268442,0.07214171480343268,HD,sell
-87.98880358478766,,2016-04-01,82.11416425552368,,1.0715423384324199,JNJ,buy
63.92877841969629,17.115167427062985,2016-04-01,33.786269567871095,31.54426956284422,1.8921526181300905,KO,sell
63.68374907600554,3.8965850880146022,2016-04-01,12.028259310436248,43.05323716285434,5.294510820925744,AVGO,sell
24.56769016121224,36.86694099769592,2016-04-01,74.98459102249146,12.488734054731472,0.3276365160655903,PEP,sell
61.859410982736996,26.485817981910703,2016-04-01,85.95478889007568,42.79826126771339,0.7196738166834038,HON,sell
-7.745617429498546,,2016-04-01,90.07925435104369,,0.08598669566372585,MA,buy
-160.5057099563667,,2016-04-01,62.649899539566036,,2.5619468049585716,PG,buy
-21.11144988124444,,2016-04-01,133.0258532531738,,0.15870185655614844,COST,buy
-3.411450990786233,,2016-04-01,25.889533717918393,,0.131769502995148,INTC,buy
-59.58194607833124,,2016-04-01,45.375666223907466,,1.3130814605414827,JPM,buy
-7.097554292099644,,2016-04-01,20.950465156173703,,0.3387778857983079,CSCO,buy
46.38243889790687,42.40463959579468,2016-04-01,99.9721762664795,26.70865886738068,0.46395347815849064,MMM,sell
84.82250602017288,0.4231132917553186,2016-07-01,1.1417973804473878,53.390020404320296,74.28857998162255,NVDA,sell
102.4185942675243,0.3940513445138931,2016-07-01,1.1417973804473878,67.07240634885224,89.6994475739591,NVDA,sell
17.769105761874417,0.4164771263182163,2016-07-01,1.1417973804473878,11.28772278475616,15.562398430894973,NVDA,sell
74.89927934948403,5.5518834587574,2016-07-01,36.2586015964508,63.43077113944997,2.065696856792613,AMZN,sell
70.17279218565456,9.012804794311522,2016-07-01,36.2586015964508,52.72993311237464,1.9353419353195207,AMZN,sell
-67.8514814180965,,2016-07-01,35.202385510635374,,1.9274682790345885,GOOGL,buy
-44.27156914006612,,2016-07-01,94.01940371475219,,0.4708769401939916,MCD,buy
-64.70138654514918,,2016-07-01,45.178621345520014,,1.43212396966082,MSFT,buy
-35.92634371843308,,2016-07-01,101.11995167617798,,0.35528442333004673,HD,buy
85.80559065721687,16.864234679603577,2016-07-01,46.97292477722168,54.99963968592429,1.8267031713304362,TXN,sell
76.19736138468397,39.8064743434906,2016-07-01,91.73641396636962,43.13362824036192,0.8306119466651243,JNJ,sell
-39.29279217798295,,2016-07-01,69.33280840377807,,0.5667272548538769,V,buy
-67.76810605684017,,2016-07-01,16.11564890232086,,4.20511184300377,T,buy
-32.4831396023357,,2016-07-01,32.84815767974853,,0.9888877153790006,KO,buy
-15.696899100404583,,2016-07-01,135.17100004577637,,0.116126233401312,GE,buy
14.112624451082114,26.485817981910703,2016-07-01,88.89766609268189,9.907965106384273,0.1587513494040298,HON,sell
-25.477304375507416,,2016-07-01,11.80898644504547,,2.15745055632582,AVGO,buy
-18.857442506483906,,2016-07-01,131.61510690002441,,0.14327718869542938,COST,buy
29.211195187879298,42.40463959579468,2016-07-01,105.44960158996582,17.464444271541055,0.2770156998929707,MMM,sell
7.6633282435824635,36.86694099769592,2016-07-01,76.89360838851928,3.9891155733351664,0.09966144656474007,PEP,sell
-1.4812604065865438,,2016-07-01,21.223116816329956,,0.06979466868159534,CSCO,buy
-155.33118298443915,,2016-07-01,9.673766716766357,,16.056949431623423,NFLX,buy
2.1561180671455964,13.528886126899717,2016-07-01,26.31770247516632,1.0477433587496445,0.0819265309796755,INTC,sell
-0.7655877375790395,,2016-07-01,265.44037799682616,,0.0028842173272831673,BLK,buy
158.5923426903932,0.4164771263182163,2016-10-03,1.6780978755712508,119.23225285219812,94.50720664097491,NVDA,sell
159.10433294085897,0.3695661823838949,2016-10-03,1.6780978755712508,124.06491016245093,94.81230818357204,NVDA,sell
62.57432495681971,16.864234679603577,2016-10-03,52.965274892807,42.65055219956939,1.1814216972055718,TXN,sell
46.564994699738996,3.8965850880146022,2016-10-03,13.04366035938263,32.65444666557737,3.569933087551121,AVGO,sell
29.30832775966135,9.012804794311522,2016-10-03,41.80771589927673,22.990110386056898,0.7010267633436627,AMZN,sell
52.260569969825845,8.957765988922118,2016-10-03,41.80771589927673,41.063164271671226,1.2500221273922776,AMZN,sell
-68.56044161242681,,2016-10-03,15.339559946155546,,4.469518151308485,T,buy
-42.988257615112154,,2016-10-03,90.58688788833618,,0.4745527594247694,JNJ,buy
63.906358227217865,23.00032854595184,2016-10-03,50.95139247665405,35.05793693873596,1.2542612698269195,MSFT,sell
-164.2484330873686,,2016-10-03,70.94001176071167,,2.3153144327265736,CAT,buy
-30.086589489886492,,2016-10-03,105.95268555603026,,0.2839625001668882,MMM,buy
-87.50285340011311,,2016-10-03,43.99029009552002,,1.9891401763914356,MRK,buy
14.07299782249119,53.62954399223327,2016-10-03,67.47310622406006,2.8873788691019104,0.20857195718481591,PG,sell
13.323218181925936,155.8846471710205,2016-10-03,281.37681183471676,5.942065655782344,0.047350092905850794,BLK,sell
51.58688358662954,15.841453116989134,2016-10-03,23.584801248550413,16.936975403095616,2.187293547356063,CSCO,sell
-70.98396371746794,,2016-10-03,128.22281085815428,,0.5535985620841952,GE,buy
-27.672356195529215,,2016-10-03,89.60959598617553,,0.3088101881387608,HON,buy
13.412682903312227,114.18165500106811,2016-10-03,124.10247476348877,1.0722172129754313,0.10807748136267037,AMGN,sell
85.74303853520094,13.528886126899717,2016-10-03,30.492752593803406,47.700956209289856,2.811915332059108,INTC,sell
62.07376036152208,15.547467143917082,2016-10-03,39.61403541870117,37.71144181660193,1.5669638224289066,GOOGL,sell
-245.0497863280298,,2016-10-03,51.27118958702087,,4.779483142518373,QCOM,buy
-62.79817830874722,,2016-10-03,90.21717584075927,,0.6960778557244041,MCD,buy
-8.665247039277405,,2016-10-03,79.4693622238159,,0.10903883958289207,PEP,buy
-35.25553330915506,,2016-10-03,100.76027930526733,,0.3498951526557752,HD,buy
52.78617436267272,19.542051214599606,2016-10-03,77.159436277771,39.41710153657541,0.6841181961548362,V,sell
122.15527298408657,0.3695661823838949,2017-01-03,2.504587733101845,104.13056684257657,48.77260691235659,NVDA,sell
264.2799028372566,0.36398548925220964,2017-01-03,2.504587733101845,225.8727636253224,105.51832516960991,NVDA,sell
60.78792491371124,39.07927727661132,2017-01-03,76.08854641113281,29.567087023907956,0.7989103193699219,CAT,sell
52.94549004053493,16.864234679603577,2017-01-03,56.35513131866455,37.10158819207139,0.9394972347974928,TXN,sell
23.316549384020377,11.985506292438506,2017-01-03,18.0764508562088,7.856620242889125,1.2898853635315106,BAC,sell
-10.776687188666092,,2017-01-03,50.35557107505798,,0.21401181554674054,QCOM,buy
319.4899885570579,28.17208092956543,2017-01-03,67.51316300354004,186.17231518211298,4.732262189231239,JPM,sell
130.36027669877222,128.84688937530515,2017-01-03,196.9084999923706,45.05915383514942,0.6620347862272231,GS,sell
-776.1955045295734,,2017-01-03,78.55779775619506,,9.880565987077492,UPS,buy
-251.43828615344538,,2017-01-03,64.47112360839843,,3.9000140230329627,SLB,buy
59.37777780731039,10.782272993850707,2017-01-03,16.425086487579346,20.39914530082278,3.6150663713224205,T,sell
21.594477399126223,42.40463959579468,2017-01-03,108.3138519241333,13.14028603668744,0.1993694898252878,MMM,sell
-20.648499535197004,,2017-01-03,42.64747379798889,,0.484167002083268,MRK,buy
45.645704841264084,3.8965850880146022,2017-01-03,13.756127248477934,32.71602124619081,3.318208970937995,AVGO,sell
65.1769555517269,155.8846471710205,2017-01-03,303.80766296081543,31.73445900359782,0.2145336128672084,BLK,sell
-20.610170851854978,,2017-01-03,22.898063177871702,,0.9000835874962689,CSCO,buy
-11.089929046393717,,2017-01-03,88.93274617996215,,0.12470017538817935,JNJ,buy
8.61568627897136,26.485817981910703,2017-01-03,90.11422875823975,6.083416939061865,0.09560850042988989,HON,sell
-44.72616783147398,,2017-01-03,45.03021736450195,,0.9932478777402558,C,buy
53.52352420471469,43.80819784584045,2017-01-03,145.4318025741577,37.40071546368199,0.3680317733627918,BA,sell
78.80300076966788,23.00032854595184,2017-01-03,55.90523589477539,46.38215719214094,1.4095817593541788,MSFT,sell
-238.7895167563515,,2017-01-03,33.486139049530024,,7.130995795100567,ORCL,buy
42.655614863638846,43.80819784584045,2017-04-03,165.07304285430908,31.335379997480118,0.2584044864386854,BA,sell
-7.9599170038692195,,2017-04-03,44.60670333862304,,0.1784466550563728,AMZN,buy
118.13541038270127,3.8965850880146022,2017-04-03,16.953521103286743,90.98325268877673,6.968193194969899,AVGO,sell
14.769856870831914,16.864234679603577,2017-04-03,61.93869109725952,10.748423288021097,0.23845929917439612,TXN,sell
296.17429107321186,1.618989479255676,2017-04-03,14.68171598882675,263.5144125114378,20.17300234513526,NFLX,sell
-69.99511091056125,,2017-04-03,75.42144093933105,,0.9280532172126659,CAT,buy
167.58313759740003,6.405441117715835,2017-04-03,33.150827542877195,135.2025305427548,5.0551720731752,AAPL,sell
-13.36057538332823,,2017-04-03,45.32616260147094,,0.2947651999751386,MRK,buy
22.447344082987193,15.841453116989134,2017-04-03,25.35803993167877,8.424235441718345,0.8852160554785087,CSCO,sell
-409.75879780022154,,2017-04-03,111.95762612533568,,3.6599453916743445,IBM,buy
-64.58431473530831,,2017-04-03,123.38144972763061,,0.5234523899490622,AMGN,buy
-20.34687712058301,,2017-04-03,58.995995481872555,,0.3448857325720507,MSFT,buy
29.97200384219097,23.519146970176696,2017-04-03,106.17156137924194,23.332599144757452,0.28229785314291256,MA,sell
-65.9773692043687,,2017-04-03,302.7188044952392,,0.21794935836371643,BLK,buy
2.7115747819781313,39.8064743434906,2017-04-03,96.22570852890014,1.5898555071665486,0.028179317392750036,JNJ,sell
-1.464733179864665,,2017-04-03,116.94064976577758,,0.012525440749631578,MMM,buy
98.97853165579038,0.36398548925220964,2017-07-03,3.4288067645072937,88.47145098763406,28.866756995567584,NVDA,sell
-107.8427063456455,,2017-07-03,19.95497586288452,,5.4043015179100635,BAC,buy
-13.860684055290548,,2017-07-03,187.25780456695554,,0.07401925963697042,BA,buy
16.411492674575555,39.07927727661132,2017-07-03,88.04017349624634,9.126758362004509,0.18640913599829823,CAT,sell
95.42610156000555,66.81351378250122,2017-07-03,122.42714989929199,43.34816658369958,0.7794521202078348,MCD,sell
-80.41591025506789,,2017-07-03,87.55387484588623,,0.91847345873175,V,buy
-16.884574313034882,,2017-07-03,341.82990334777827,,0.049394667194626596,BLK,buy
-13.317320933452061,,2017-07-03,122.84928578643797,,0.10840373102862788,HD,buy
232.62001975269885,0.36398548925220964,2017-10-02,4.408934174823761,213.4157612307559,52.761055286564215,NVDA,sell
243.08356749186132,43.80819784584045,2017-10-02,242.4823498764038,199.16675035781373,1.0024794283615446,BA,sell
4.018751572489846,1.618989479255676,2017-10-02,17.68860951347351,3.650926362110965,0.22719431787042055,NFLX,sell
-0.6585977333004914,,2017-10-02,20.820970505332944,,0.03163146180586551,BAC,buy
-76.93389595275646,,2017-10-02,18.814756804847715,,4.089018888244894,AVGO,buy
-101.44462995913415,,2017-10-02,35.819646209335325,,2.8320946936850433,AAPL,buy
-50.91087357171683,,2017-10-02,55.407085924148554,,0.9188513115707444,C,buy
-8.40965923860628,,2017-10-02,126.93286891860961,,0.06625280993214311,MCD,buy
-225.44759354497,,2017-10-02,198.28475936889646,,1.1369890165160843,GS,buy
125.33945160881146,39.07927727661132,2017-10-02,103.3900244064331,77.96374770275476,1.2122973403709985,CAT,sell
-41.21642544446852,,2017-10-02,67.89486712417602,,0.6070624656954688,MSFT,buy
57.20399567992544,23.519146970176696,2017-10-02,134.6613930404663,47.213090704857905,0.4247987815092289,MA,sell
-15.441870856518781,,2017-10-02,42.73294465751648,,0.36135751889503,ORCL,buy
83.94817202502766,19.542051214599606,2017-10-02,98.91385084075928,67.3628357638182,0.8486998667171015,V,sell
-38.2230854784605,,2017-10-02,112.51078558807372,,0.3397281894235764,HON,buy
-59.216584467938226,,2017-10-02,70.04948862304687,,0.845353558347826,TXN,buy
26.182766878220466,19.169321537971495,2017-10-02,131.42353356628416,22.363771425711047,0.19922434108815867,HD,sell
-59.792845831860014,,2017-10-02,131.98847598571777,,0.4530156544752444,MMM,buy
-63.94144082987247,,2017-10-02,47.95107233085632,,1.3334725944955856,GOOGL,buy
11.097822704625575,155.8846471710205,2017-10-02,360.3360585296631,6.296803945259073,0.03079853498400853,BLK,sell
-13.567629481599564,,2018-01-02,4.920469869852066,,2.75738493283518,NVDA,buy
38.03474593884781,43.80819784584045,2018-01-02,282.688362588501,32.14050374278403,0.13454655717191155,BA,sell
-10.281301261813372,,2018-01-02,21.029780510520933,,0.48889246640828077,AVGO,buy
-16.63182073834767,,2018-01-02,59.49211583862304,,0.27956344305290415,AMZN,buy
139.33609466964572,39.07927727661132,2018-01-02,130.9590609512329,97.75704058446914,1.0639668126631747,CAT,sell
8.012720872919477,1.618989479255676,2018-01-02,20.09292545070648,7.367095086605077,0.3987831882707624,NFLX,sell
-3.9930335042779315,,2018-01-02,40.260527309799194,,0.09917986104732535,AAPL,buy
-55.47025494329587,,2018-01-02,144.66813716583252,,0.3834310445271756,MA,buy
-40.24241820145765,,2018-01-02,107.76357601089477,,0.37343246847514777,V,buy
-17.882349545116675,,2018-01-02,140.91732923278806,,0.12689957752162595,MCD,buy
-14.91021984649778,,2018-01-02,146.91988013000488,,0.10148537987714246,MMM,buy
29.963567134326368,23.00032854595184,2018-01-02,78.49704604797363,21.18397703259181,0.3817158561102296,MSFT,sell
-45.24784626483645,,2018-01-02,121.84570749130248,,0.37135363400525456,HON,buy
24.354866714745693,19.169321537971495,2018-01-02,151.4251933731079,21.271718787577107,0.16083761342629366,HD,sell
57.42880273499033,16.864234679603577,2018-01-02,82.9006233718872,45.746227052212454,0.6927427128909294,TXN,sell
8.933051342785301,155.8846471710205,2018-01-02,409.64468847656246,5.533701623619176,0.02180682819544577,BLK,sell
-18.764407841021995,,2018-01-02,53.19189807167053,,0.35276815682980356,GOOGL,buy
44.28303238917004,11.985506292438506,2018-01-02,24.368660731887818,22.502821765853664,1.8172123973650756,BAC,sell
-116.72081607006037,,2018-01-02,56.067574493026726,,2.0817882194025934,C,buy
142.2402608934905,0.36398548925220964,2018-04-02,5.45183566288948,132.74375473408818,26.09034271919029,NVDA,sell
121.91325860895638,43.80819784584045,2018-04-02,308.58370581665037,104.60579858271122,0.395073545073676,BA,sell
464.54934030116624,1.618989479255676,2018-04-02,28.009379029083252,437.69760275418895,16.585492303089126,NFLX,sell
192.49282328513965,8.957765988922118,2018-04-02,68.55148291168213,167.33938250900476,2.8080037821083543,AMZN,sell
-72.0472479229891,,2018-04-02,120.71879005050658,,0.5968188373396206,CAT,buy
167.00039212780936,23.519146970176696,2018-04-02,163.44779277648925,142.97004763792,1.021735376727774,MA,sell
57.47983318122338,23.00032854595184,2018-04-02,81.22396429824829,41.203170753369506,0.7076708663241522,MSFT,sell
46.581429065581254,155.8846471710205,2018-04-02,419.93533154296875,29.289886560858577,0.11092524388083058,BLK,sell
-1116.545053358064,,2018-04-02,188.1542446243286,,5.9342007170094595,UNH,buy
-60.54081441943535,,2018-04-02,41.375694893264765,,1.4631975263644534,INTC,buy
58.54972749099203,19.542051214599606,2018-04-02,111.45279692230224,48.283661453838505,0.5253320608168242,V,sell
-28.752083450333217,,2018-04-02,79.58584537734984,,0.36127132047171884,TXN,buy
-0.07450602960006376,,2018-04-02,24.01102623157501,,0.0031029923036811624,BAC,buy
-14.136431051278835,,2018-04-02,39.11522542686462,,0.3614048211919503,AAPL,buy
70.04968457324259,1.618989479255676,2018-07-02,39.79012819290161,67.19948761485504,1.760478986990023,NFLX,sell
71.87625721192474,5.213503886890411,2018-07-02,39.79012819290161,62.45866638304286,1.8063841579868836,NFLX,sell
188.92363007259627,6.272958899593353,2018-07-02,39.79012819290161,159.1396052294998,4.748002548689939,NFLX,sell
84.75612153383793,5.905845047807693,2018-07-02,39.79012819290161,72.17620426879878,2.13007912723835,NFLX,sell
-0.392845999774301,,2018-07-02,323.69493381347655,,0.0012136303622245492,BA,buy
54.281730219649624,0.36398548925220964,2018-07-02,5.978144120550155,50.97673092002796,9.080030378165958,NVDA,sell
-17.603737648851364,,2018-07-02,42.703344789505,,0.4122332275287661,INTC,buy
224.40811404849197,8.957765988922118,2018-07-02,85.62902068862915,200.93248212492526,2.6207016294686127,AMZN,sell
117.86419702934371,23.519146970176696,2018-07-02,188.54738299713134,103.16197561215664,0.6251171199291425,MA,sell
60.23265072895203,16.864234679603577,2018-07-02,87.57097396774292,48.633173056797695,0.6878152428810367,TXN,sell
96.82989885667985,23.00032854595184,2018-07-02,92.16468757324219,72.66533490690182,1.0506182075399568,MSFT,sell
-107.07998525433293,,2018-07-02,114.91836876525878,,0.9317917266391316,CAT,buy
-55.38519354642899,,2018-07-02,33.76253936462402,,1.640433290526154,CSCO,buy
81.5356854707035,19.542051214599606,2018-07-02,124.93649289779663,68.78220965007661,0.6526170503073363,V,sell
88.60327283249237,6.405441117715835,2018-07-02,44.03368424835205,75.71443428415579,2.012170326987988,AAPL,sell
106.57840358398441,188.1542446243286,2018-07-02,214.84236388549803,13.239368130534785,0.49607722451232306,UNH,sell
-89.51578384513869,,2018-07-02,406.93309140624996,,0.21997666381909742,BLK,buy
14.10856874146323,19.169321537971495,2018-07-02,158.01995429992675,12.397065331378977,0.0892834629902799,HD,sell
-110.69167749722499,,2018-07-02,186.70272878570555,,0.5928765916660765,COST,buy
-88.26626091329122,,2018-07-02,23.261904114150997,,3.7944555389855594,BAC,buy
37.505669014813,15.547467143917082,2018-07-02,56.527625539398194,27.19003747794583,0.6634927375230468,GOOGL,sell
-203.7544225817664,,2018-07-02,84.1593036529541,,2.4210564220206017,JPM,buy
-463.4062974919775,,2018-07-02,88.80968188476562,,5.217970469630407,AXP,buy
-90.34225141076823,,2018-07-02,115.93391832504271,,0.7792564308701841,HON,buy
124.55884510270438,8.957765988922118,2018-10-01,100.1478497177124,113.41762749867742,1.2437495707975703,AMZN,sell
-122.85862124723181,,2018-10-01,38.16970165748596,,3.2187472239028203,NFLX,buy
154.48740571611768,0.36398548925220964,2018-10-01,7.144906465673446,146.61729933711337,21.62203332658413,NVDA,sell
113.90106305826832,23.00032854595184,2018-10-01,106.9509302947998,89.4060739557684,1.0649843133136958,MSFT,sell
82.3914551306692,23.519146970176696,2018-10-01,213.71153370666502,73.32420120807713,0.3855264790891333,MA,sell
77.23160635947283,6.405441117715835,2018-10-01,53.64993399810791,68.01067223903836,1.4395470898845204,AAPL,sell
46.98514365459486,10.273966645526885,2018-10-01,53.64993399810791,37.98748489215125,0.8757726273484678,AAPL,sell
57.39086687468751,17.734455147933957,2018-10-01,53.64993399810791,38.41981362928949,1.0697285643764545,AAPL,sell
102.24109787622602,15.841453116989134,2018-10-01,38.78787005996704,60.48454985923733,2.6359038977432547,CSCO,sell
79.48943608580774,42.006022441101074,2018-10-01,210.86152510528564,63.65423317534937,0.3769745857909248,COST,sell
89.73400564281488,19.542051214599606,2018-10-01,142.39610251464842,77.41915640891351,0.6301717817984791,V,sell
93.67087776528017,43.80819784584045,2018-10-01,369.5036784484863,82.56529861985626,0.2535045879883957,BA,sell
32.81483397078277,188.1542446243286,2018-10-01,234.39943460998535,6.474112166062305,0.13999536315172012,UNH,sell
-322.69733687887594,,2018-10-01,59.744600345993035,,5.40128036692974,QCOM,buy
-154.4570083149194,,2018-10-01,39.75364961128235,,3.8853541706289896,INTC,buy
-5.601398798169151,,2018-10-01,59.898818177795405,,0.0935143458347163,GOOGL,buy
-93.84401450082379,,2018-10-01,86.17944692764281,,1.0889373028770564,TXN,buy
14.644262707623788,19.169321537971495,2018-10-01,169.94688707427977,12.99244910066864,0.08616964370299485,HD,sell
-11.033953004633311,,2018-10-01,24.506699956321714,,0.45024230207653915,BAC,buy
26.93737605372914,28.17208092956543,2018-10-01,91.26907470703125,18.622599765574968,0.29514242518834166,JPM,sell
36.06519430294775,32.31515391769409,2018-10-01,97.00518418121338,24.05086419462959,0.3717862566558825,AXP,sell
122.38004966403429,26.485817981910703,2018-10-01,135.1855010055542,98.40310172280772,0.905274964798231,HON,sell
71.53885923637695,39.07927727661132,2018-10-01,129.00754710845948,49.868135477863454,0.5545323575234917,CAT,sell
-139.04349396926662,,2018-10-01,162.57015566253662,,0.8552830216752287,AMGN,buy
-254.17261600187612,,2018-10-01,53.497898254776,,4.751076664571304,MRK,buy
-202.3495741020429,,2019-01-02,26.78473694820404,,7.554659748697318,NFLX,buy
248.03878858537132,20.209603822135925,2019-01-02,56.85104172019958,159.8651070105654,4.362959430121425,MRK,sell
17.392825809754292,23.00032854595184,2019-01-02,93.95033249816895,13.134823764102606,0.18512787924506036,MSFT,sell
-19.315927028246612,,2019-01-02,181.67517937011718,,0.10632122172779201,MA,buy
53.75334115358943,188.1542446243286,2019-01-02,212.7695208480835,6.218716549115413,0.2526364722697716,UNH,sell
25.29214585784536,15.841453116989134,2019-01-02,34.31966744270325,13.61766376957868,0.7369577779292484,CSCO,sell
12.73545237649106,42.006022441101074,2019-01-02,184.43911577911376,9.834952143313092,0.06904962823473504,COST,sell
23.14315239035483,19.542051214599606,2019-01-02,125.74625129241943,19.54650704601078,0.184046459854585,V,sell
86.30346817803384,114.18165500106811,2019-01-02,151.61712130737305,21.30900881930235,0.569219804688621,AMGN,sell
-16.788377947300802,,2019-01-02,314.86539320068357,,0.053319222467235416,BA,buy
31.679755602607166,32.31515391769409,2019-01-02,86.32953401412964,19.821285728257717,0.36696312524311914,AXP,sell
107.31732807119046,66.81351378250122,2019-01-02,146.64956221618652,58.42357298711106,0.7317943978106554,MCD,sell
-230.58922090306126,,2019-01-02,37.14607836532593,,6.207632973668229,KO,buy
-207.84150114721496,,2019-01-02,37.46313364486694,,5.547894180915446,AAPL,buy
-175.8816307488015,,2019-01-02,103.35388280334472,,1.7017418792427765,JNJ,buy
193.11671515154362,13.528886126899717,2019-01-02,40.489684699630736,128.59030384782727,4.769528747486266,INTC,sell
20.698471802278323,28.17208092956543,2019-01-02,80.41765197601318,13.447339639080566,0.2573871692803493,JPM,sell
-211.78722557516446,,2019-01-02,74.84229283828735,,2.829780028690138,PG,buy
10.256188639715537,15.547467143917082,2019-01-02,52.200368807601926,7.201463940633121,0.19647732140585816,GOOGL,sell
-52.81215808349747,,2019-01-02,111.27430969848632,,0.4746123182125288,HON,buy
29.255953566465397,20.209603822135925,2019-04-01,63.074869549942015,19.88215326793408,0.4638289983826418,MRK,sell
142.79698504095884,43.80819784584045,2019-04-01,382.1018786773682,126.42522943976252,0.3737144280348619,BA,sell
193.05890334687462,23.519146970176696,2019-04-01,228.9642008010864,173.22793979086907,0.8431837932367223,MA,sell
66.73482304906106,53.62954399223327,2019-04-01,85.52879487533569,24.88975632340324,0.7802614680392939,PG,sell
110.52864058729357,19.542051214599606,2019-04-01,149.03223155822752,96.03542437189348,0.7416425254567134,V,sell
107.15966814045379,23.00032854595184,2019-04-01,111.05343372802734,84.9657792045949,0.9649379091050037,MSFT,sell
207.83099000412147,15.841453116989134,2019-04-01,44.27253442268371,133.4655865471004,4.694354924881736,CSCO,sell
15.227374940146447,13.795330747413635,2019-04-01,44.27253442268371,10.482521805952096,0.3439463120580797,CSCO,sell
-5.781919203525388,,2019-04-01,158.14016169433592,,0.0365619912208075,MCD,buy
310.0013918621619,5.905845047807693,2019-04-01,36.670311946105954,260.07489580089623,8.453742971092481,NFLX,sell
-1163.4240277920799,,2019-04-01,94.80765957565306,,12.271413860435082,LOW,buy
208.86463276765556,3.8965850880146022,2019-04-01,25.40320863933563,176.8269943334354,8.22197840174563,AVGO,sell
96.60343767191804,32.31515391769409,2019-04-01,101.19641635437011,65.75496427919806,0.9546132279391362,AXP,sell
121.9144084865858,42.006022441101074,2019-04-01,220.5501271270752,98.69456524509712,0.5527741474224674,COST,sell
-11.154773891332281,,2019-04-01,48.947412897109984,,0.22789302296283154,ORCL,buy
-75.20499409673192,,2019-04-01,215.68146528778075,,0.3486854746483985,UNH,buy
-37.79813167358029,,2019-04-01,90.7729998260498,,0.4164028042040435,AMZN,buy
-80.81439498504616,,2019-04-01,152.89990855865477,,0.5285444297963364,AMGN,buy
160.10924248736697,26.485817981910703,2019-04-01,136.8278289642334,129.11683190946837,1.1701511578409924,HON,sell
13.84566964110214,39.8064743434906,2019-04-01,113.02668374862671,8.969411442084816,0.12249912305571264,JNJ,sell
58.608904975804435,15.547467143917082,2019-04-01,59.342350019073486,43.253597608310585,0.9876404449262068,GOOGL,sell
-334.64846824857693,,2019-04-01,83.87936082077026,,3.9896401805402295,UPS,buy
-32.49749830903316,,2019-07-01,91.95408571243286,,0.35341005304171347,PG,buy
-89.99194205376061,,2019-07-01,64.69190487823487,,1.3910850549716578,MRK,buy
18.547476210425828,23.519146970176696,2019-07-01,255.87145421447752,16.842632580025345,0.07248747722705673,MA,sell
49.54280945932943,23.00032854595184,2019-07-01,127.06690516662597,40.57508577738557,0.3898954601464695,MSFT,sell
88.63440269904017,30.905008799934386,2019-07-01,65.73993766250611,46.96647460556622,1.3482580886229165,QCOM,sell
7.220683965893672,19.542051214599606,2019-07-01,165.09312461242675,6.365972564693921,0.04373703618999869,V,sell
-1.4211247580940432,,2019-07-01,150.7668704559326,,0.00942597504210596,HON,buy
24.117435806400746,32.31515391769409,2019-07-01,113.5739078453064,17.255308184223,0.212350145063688,AXP,sell
-39.4976302490493,,2019-07-01,52.256421613693234,,0.7558426128186966,ORCL,buy
-22.518975243763443,,2019-07-01,239.01307835083006,,0.09421649810605537,COST,buy
-79.93960792081626,,2019-07-01,41.52064033927917,,1.9252980509838657,KO,buy
-48.88961756591045,,2019-07-01,96.17677371826171,,0.508330812895915,AMZN,buy
4.019739495445903,19.169321537971495,2019-07-01,175.6837132095337,3.581134928867877,0.022880547217553726,HD,sell
102.14770444874303,16.864234679603577,2019-07-01,95.76394245300293,84.15927565518336,1.0666614367811036,TXN,sell
192.101360435693,53.62954399223327,2019-10-01,103.59514957809448,92.65357352277836,1.8543470540662597,PG,sell
51.71140669719117,66.81351378250122,2019-10-01,177.17009876861573,32.21025606235652,0.2918743459342217,MCD,sell
49.64867507930715,23.519146970176696,2019-10-01,260.1866077606201,45.160763514161985,0.19081948723888775,MA,sell
130.08007531493143,42.006022441101074,2019-10-01,257.70433777770995,108.8769143206746,0.504764787572709,COST,sell
-171.4877126927392,,2019-10-01,110.33010673828124,,1.5543147538099689,PEP,buy
19.24167224268361,20.209603822135925,2019-10-01,64.15597183685303,13.180403715898557,0.29992020527122065,MRK,sell
45.48172911045601,23.00032854595184,2019-10-01,128.79610159606932,37.35962992100045,0.35312970304874547,MSFT,sell
113.62174827059009,17.115167427062985,2019-10-01,44.23441034088135,69.65924871377996,2.5686280747271795,KO,sell
32.49099799502406,19.542051214599606,2019-10-01,165.6639832763672,28.658295591792694,0.19612590107061045,V,sell
160.9291282730834,16.864234679603577,2019-10-01,105.70589941177367,135.25462381227538,1.522423338419264,TXN,sell
-188.01951345806393,,2019-10-01,23.296516185760495,,8.070713747877328,AVGO,buy
-52.48099132535857,,2019-10-01,106.58142126159667,,0.4924028100220923,AXP,buy
-425.84341418144635,,2019-10-01,17.53791225337982,,24.281306008893957,T,buy
163.24457789831578,19.169321537971495,2019-10-01,194.2405842956543,147.1342072751501,0.8404246645481699,HD,sell
4.1146708692783625,30.905008799934386,2019-10-01,64.50961357955933,2.1434307336193426,0.06378383997299508,QCOM,sell
-57.38959986316227,,2019-10-01,140.70909946746826,,0.40785990444371123,HON,buy
-54.64476529852751,,2019-10-01,86.43153061141967,,0.6322318361362864,UPS,buy
-62.96389009137197,,2019-10-01,156.45882505950925,,0.402431055374624,AMGN,buy
-71.99382069801867,,2019-10-01,44.56107816162109,,1.6156211579284552,INTC,buy
26.126625579869813,28.17208092956543,2019-10-01,95.7227725616455,18.43732249602385,0.27294054362084275,JPM,sell
19.814579136317697,17.734455147933957,2020-01-02,72.22094770431518,14.94894421822013,0.2743605528058417,AAPL,sell
357.75551183118426,16.578708947372434,2020-01-02,72.22094770431518,275.63080018588033,4.953625273596465,AAPL,sell
303.54280466824093,16.867105340003967,2020-01-02,72.22094770431518,232.65079031111617,4.202974542940044,AAPL,sell
-357.11384255815716,,2020-01-02,5.961306626653671,,59.905296761864435,NVDA,buy
12.01422210338892,23.519146970176696,2020-01-02,291.70249505310056,11.045549362586645,0.04118655927575077,MA,sell
60.936601930903045,23.00032854595184,2020-01-02,151.43820000915528,51.68159318938392,0.40238593648907006,MSFT,sell
19.50883468946082,21.77143394832611,2020-01-02,151.43820000915528,16.704157231430205,0.1288237359416673,MSFT,sell
91.06374530154835,30.905008799934386,2020-01-02,76.39751119766235,54.22581948721306,1.1919726686637766,QCOM,sell
-103.62849721608922,,2020-01-02,265.51220558471675,,0.3902965477156739,COST,buy
-90.26609039084322,,2020-01-02,64.38433957443237,,1.4019882938535062,C,buy
-136.2735617953618,,2020-01-02,104.03206105346679,,1.3099188886138151,PG,buy
-16.45786481352702,,2020-01-02,182.22023837890623,,0.0903185340988566,V,buy
-67.32694963544313,,2020-01-02,18.551906235885617,,3.629112220565787,T,buy
149.3057702322137,28.17208092956543,2020-01-02,117.81662525482177,113.60406656233303,1.2672725085214847,JPM,sell
143.94272931056148,11.985506292438506,2020-01-02,30.25379568271637,86.9176040669178,4.757840332503939,BAC,sell
-6.209340303306129,,2020-01-02,155.70532251281736,,0.039878792857546586,HON,buy
-120.72504978364384,,2020-01-02,107.46476774826048,,1.1233919014876204,TXN,buy
-194.1246336365788,,2020-01-02,186.0824829055786,,1.0432182041287623,HD,buy
-87.84927852262827,,2020-01-02,106.37874958343505,,0.8258160475342518,LOW,buy
91.77388313979047,3.8965850880146022,2020-01-02,27.564221954727174,78.80037185769987,3.3294566881127423,AVGO,sell
46.964475753521896,13.528886126899717,2020-01-02,53.6289068572998,35.116815942562035,0.8757306181624926,INTC,sell
70.25656251314703,12.661201344966887,2020-01-02,53.6289068572998,53.66975260200809,1.3100502439867263,INTC,sell
174.6719107933538,114.18165500106811,2020-01-02,195.46802648620604,72.63820116263054,0.8936086066519948,AMGN,sell
-191.22637551935105,,2020-01-02,49.01346862525939,,3.9015066854664795,ORCL,buy
-31.6463728139887,,2020-01-02,115.77755895004272,,0.273337709837568,AXP,buy
-70.95576494472674,,2020-04-01,58.14709310264587,,1.220280518915537,AAPL,buy
143.04104176329847,0.36398548925220964,2020-04-01,6.034987160825729,134.41387120238608,23.701962895928858,NVDA,sell
77.9684736053731,0.4453001302093267,2020-04-01,6.034987160825729,72.2154586405584,12.919410021529387,NVDA,sell
131.72355307826783,21.77143394832611,2020-04-01,143.8063847671509,111.78138820202918,0.9159784754449714,MSFT,sell
-147.65911529041358,,2020-04-01,57.29796549873352,,2.577039411524609,QCOM,buy
182.24439051545622,42.006022441101074,2020-04-01,261.4064868896484,152.9591112982319,0.6971685847734523,COST,sell
-167.55363757096148,,2020-04-01,13.629519570350645,,12.293436808693826,T,buy
-209.31634820834873,,2020-04-01,34.696882064437865,,6.032713481851584,KO,buy
-50.5436711968857,,2020-04-01,152.33678576660154,,0.3317890090862541,HD,buy
50.42567570889509,53.62954399223327,2020-04-01,92.58077031784057,21.21544139690913,0.5446668410273308,PG,sell
-98.44983662587143,,2020-04-01,96.17885036621092,,1.0236121169156576,PEP,buy
2.7810137506776984,12.661201344966887,2020-04-01,45.95610470123291,2.014826640839661,0.060514566427190886,INTC,sell
80.6548743566304,8.957765988922118,2020-04-01,95.31823263473511,73.07513362516696,0.8461641821004431,AMZN,sell
237.78188701807295,0.4453001302093267,2020-07-01,9.46882055940628,226.59946946287045,25.11209136621156,NVDA,sell
169.92443834171985,0.5052398092508316,2020-07-01,9.46882055940628,160.85756562233564,17.94568154245121,NVDA,sell
278.87029629664283,16.867105340003967,2020-07-01,87.99777613220215,225.41741520602292,3.16906072578114,AAPL,sell
43.35759449645862,28.23757741336822,2020-07-01,87.99777613220215,29.444590272217212,0.49271238890538527,AAPL,sell
21.838411126672742,24.551973935508727,2020-07-01,87.99777613220215,15.745346911396702,0.24817003436386997,AAPL,sell
67.87751420404369,21.77143394832611,2020-07-01,194.0644991455078,60.26256750551399,0.3497678065948051,MSFT,sell
78.73471264428565,25.312248492240904,2020-07-01,194.0644991455078,68.46517535027989,0.4057141465387293,MSFT,sell
-102.7316575515972,,2020-07-01,52.46247166213989,,1.9581932436045442,INTC,buy
124.18631008897881,94.80765957565306,2020-07-01,120.84663777008056,26.758581621489952,1.0276356246274077,LOW,sell
-61.37615819773031,,2020-07-01,71.47037390441893,,0.8587636365217826,GOOGL,buy
190.15477938093673,8.957765988922118,2020-07-01,143.83424306030273,178.31224467482085,1.3220410893476462,AMZN,sell
146.18540978817765,13.089655998802185,2020-07-01,143.83424306030273,132.88178552278674,1.0163463628538665,AMZN,sell
-19.126260138231945,,2020-07-01,267.23020421752926,,0.07157222438322464,UNH,buy
40.35666527407719,114.18165500106811,2020-07-01,210.5861290283203,18.47492570946147,0.19163971274029112,AMGN,sell
203.70075392109314,19.169321537971495,2020-07-01,212.5896541671753,185.33294921894145,0.9581875219614773,HD,sell
-1460.6133166343743,,2020-07-01,235.46113999786374,,6.2032032829180475,META,buy
78.96770261959384,5.905845047807693,2020-07-01,48.53000437660217,69.3577505612023,1.6271933957967377,NFLX,sell
-73.55483984341585,,2020-07-01,290.8095033569336,,0.25293134850939225,MA,buy
-43.53997055297948,,2020-07-01,185.33379024200437,,0.2349273194927166,V,buy
174.47817546910272,30.905008799934386,2020-07-01,78.55498885803222,105.83518249491736,2.221096050111175,QCOM,sell
-98.38142142295217,,2020-07-01,105.07098817214965,,0.9363328844091843,TXN,buy
-71.96027911763181,,2020-07-01,27.51143012256622,,2.615650251442453,AVGO,buy
21.103613332712197,0.5052398092508316,2020-10-01,13.531149040317535,20.31562514760293,1.559632021628886,NVDA,sell
446.6101665086758,0.49284162572324275,2020-10-01,13.531149040317535,430.34339715517683,33.0060784326558,NVDA,sell
258.13267775845804,24.551973935508727,2020-10-01,113.10637036056518,202.09987645800734,2.282211664432092,AAPL,sell
-32.33718029732734,,2020-10-01,52.78792515029907,,0.6125866891956093,NFLX,buy
15.522997606601002,13.089655998802185,2020-10-01,160.95025943756102,14.26055354810315,0.0964459309406891,AMZN,sell
-99.23062960402734,,2020-10-01,202.19105631713865,,0.4907765526897645,MSFT,buy
20.508368950380977,235.46113999786374,2020-10-01,263.9156545349121,2.211144630500012,0.07770804269463305,META,sell
262.85831546154776,30.905008799934386,2020-10-01,105.1367637840271,185.59097090866885,2.5001560443834254,QCOM,sell
49.40373285371339,36.660990200805664,2020-10-01,105.1367637840271,32.1767448730507,0.46989969136960497,QCOM,sell
23.250905267015682,32.33838259925842,2020-10-01,105.1367637840271,16.099299651225387,0.221149143555321,QCOM,sell
188.026354069834,94.80765957565306,2020-10-01,149.51956108703612,68.80223089622983,1.2575368246324832,LOW,sell
-76.68150922940413,,2020-10-01,282.15663051452634,,0.271769297391919,UNH,buy
258.84246704119073,78.55779775619506,2020-10-01,129.32008757629393,101.60398570672592,2.0015642727467498,UPS,sell
-200.21266970563408,,2020-10-01,493.4307922668457,,0.4057563347148383,BLK,buy
-111.77325905756169,,2020-10-01,73.74532646331787,,1.5156656620560156,GOOGL,buy
118.20640205622357,3.8965850880146022,2020-10-01,32.67626830444336,104.11050532564414,3.6175000448306918,AVGO,sell
-146.92549791646042,,2020-10-01,212.51842507171628,,0.6913541631361095,AMGN,buy
48.551435535984155,23.519146970176696,2020-10-01,331.53604223327636,45.10719960829454,0.14644391363585818,MA,sell
23.779023975680758,19.169321537971495,2020-10-01,239.09077422637938,21.8725189759631,0.09945604991502499,HD,sell
-83.81494792508727,,2020-10-01,194.78066026611327,,0.43030426024112245,V,buy
-349.3379782591553,,2020-10-01,131.88117741851806,,2.6488842843019924,CAT,buy
-123.39951570618554,,2020-10-01,328.65512959594724,,0.3754680958666139,COST,buy
-333.91332100808734,,2020-10-01,125.00934321670532,,2.6711069142187576,JNJ,buy
88.64519803478346,16.864234679603577,2020-10-01,122.66989215316772,76.4585612273432,0.7226320695228097,TXN,sell
-82.11296696648924,,2020-10-01,119.61128010635375,,0.6864985216567998,PG,buy
-56.84335489708095,,2020-10-01,54.9505478515625,,1.0344456446663912,ORCL,buy
92.6222222945988,32.33838259925842,2021-01-04,131.19305841522217,69.7913431464322,0.7059994134861327,QCOM,sell
136.36658838357698,42.68167741127014,2021-01-04,131.19305841522217,92.00178124079326,1.0394344794675092,QCOM,sell
54.662682575189876,56.81565637779235,2021-01-04,131.19305841522217,30.98996522721184,0.41665834485071684,QCOM,sell
-134.56548163321165,,2021-01-04,159.44302924041747,,0.8439721841354757,AMZN,buy
41.71119938786183,24.551973935508727,2021-01-04,125.54458744125365,33.553999614762915,0.3322421160321216,AAPL,sell
19.068731782253305,23.705255090522765,2021-01-04,125.54458744125365,15.4681850731999,0.1518881233424434,AAPL,sell
-131.43215909366336,,2021-01-04,52.322599497604365,,2.5119577459006237,NFLX,buy
-144.6927042681459,,2021-01-04,127.29893919754028,,1.1366371564464828,UPS,buy
276.4040504620612,155.8846471710205,2021-01-04,619.8671806274414,206.8937598231767,0.4459085092749704,BLK,sell
23.683462265535926,138.53810146179197,2021-01-04,619.8671806274414,18.39029301758803,0.0382073176411164,BLK,sell
-103.13589386888421,,2021-01-04,266.5751439453125,,0.3868923874239467,META,buy
-72.96800701288885,,2021-01-04,207.71066441040037,,0.35129639212321173,MSFT,buy
29.11026435558622,42.006022441101074,2021-01-04,357.8573261077881,25.693242183406838,0.08134600644397061,COST,sell
141.8412217833422,15.547467143917082,2021-01-04,85.43313587036133,116.02838332361493,1.6602600424099627,GOOGL,sell
147.21773680843194,3.8965850880146022,2021-01-04,38.01679992713928,132.12844893995245,3.8724389504266696,AVGO,sell
89.11333522117528,16.864234679603577,2021-01-04,138.30976207580565,78.24766546875098,0.6443025704312433,TXN,sell
-177.57720478444267,,2021-01-04,144.1412488265991,,1.2319666038003234,LOW,buy
-188.65854762011625,,2021-01-04,228.85164292907714,,0.8243705188456216,HD,buy
77.61108117885799,188.1542446243286,2021-01-04,315.68054119262695,31.35275211455601,0.2458532315157811,UNH,sell
218.1124558859113,39.07927727661132,2021-01-04,164.5087103805542,166.2995329024987,1.3258413817806778,CAT,sell
10.136381903818576,40.55153287315368,2021-01-04,164.5087103805542,7.63775539926039,0.06161608026936882,CAT,sell
48.152564564682436,75.00558455276489,2021-01-04,164.5087103805542,26.19803556415796,0.2927052583008658,CAT,sell
9.37785516703113,65.53106915283203,2021-01-04,164.5087103805542,5.642242177090616,0.057005219634495674,CAT,sell
-96.07959034940609,,2021-01-04,183.27476326141357,,0.5242379727554916,HON,buy
-124.77381762058549,,2021-01-04,119.04885970993041,,1.0480891452854255,PG,buy
-76.94880873222715,,2021-01-04,340.2474059936523,,0.22615546034071077,MA,buy
0.242766725869053,19.892122906112668,2021-01-04,58.853236461639405,0.1607126904610019,0.0041249511575678355,ORCL,sell
-248.8397069243224,,2021-01-04,120.08391601791381,,2.0722151240237796,PEP,buy
275.05078694713904,3.8965850880146022,2021-04-01,42.88494897880554,250.05929645021473,6.413690432115793,AVGO,sell
-39.52327164540023,,2021-04-01,13.7552293012619,,2.8733269929403775,NVDA,buy
-64.39740824461187,,2021-04-01,122.48271161499022,,0.5257673298990753,QCOM,buy
-30.39338611936487,,2021-04-01,119.67176247787475,,0.2539729129917685,AAPL,buy
394.7676397462049,94.80765957565306,2021-04-01,172.31136542358396,177.5620253136489,2.291013356987616,LOW,sell
128.08931151313604,65.53106915283203,2021-04-01,211.31747402801514,88.36789439363574,0.6061463307864203,CAT,sell
246.9952770342966,80.79189684753418,2021-04-01,211.31747402801514,152.5628736764111,1.1688350817668374,CAT,sell
134.31728850911983,72.69361116333008,2021-04-01,211.31747402801514,88.11188695250115,0.6356184651881316,CAT,sell
36.931636105959164,68.94756730499267,2021-04-01,211.31747402801514,24.881773794234114,0.1747684912278622,CAT,sell
-366.6546492525997,,2021-04-01,60.825507055664055,,6.027975219623869,C,buy
-98.56841454258058,,2021-04-01,134.16177968139647,,0.7346981739259721,JPM,buy
-89.85974322538719,,2021-04-01,34.640388842010495,,2.5940743227572796,BAC,buy
-48.86079643660072,,2021-04-01,135.78597795867918,,0.3598368341940983,AXP,buy
143.70056592193768,78.55779775619506,2021-04-01,133.76745746612548,59.309337973203824,1.0742565392507935,UPS,sell
215.47516528404472,15.547467143917082,2021-04-01,105.41138983154296,183.6940355793938,2.0441355116215973,GOOGL,sell
242.98152081521187,14.109931459617613,2021-04-01,105.41138983154296,210.45702218052665,2.3050784284650696,GOOGL,sell
281.67304311420867,16.864234679603577,2021-04-01,164.74449187316893,252.8393003408653,1.7097569691802441,TXN,sell
102.72432044021447,16.051337711143493,2021-04-01,164.74449187316893,92.71571414457574,0.6235372076615366,TXN,sell
-913.2353860147005,,2021-04-01,253.13707871856687,,3.6076713480209617,BA,buy
200.73544588980334,138.53810146179197,2021-04-01,672.6707074035644,159.39351251351394,0.29841561953042417,BLK,sell
134.83727909012512,26.485817981910703,2021-04-01,191.65191301574706,116.2031022903156,0.7035530038202449,HON,sell
244.6347133533782,235.46113999786374,2021-04-01,295.6195814941406,49.78304555078793,0.8275321685963046,META,sell
113.57767353478476,23.519146970176696,2021-04-01,351.6328044891357,105.9809704903227,0.3230007897010472,MA,sell
39.11397910741744,13.089655998802185,2021-04-01,157.93936804962158,35.87230138271252,0.24765186533561767,AMZN,sell
102.84333273458275,25.312248492240904,2021-04-01,231.44854452667235,91.59592567366698,0.4443464224193079,MSFT,sell
151.04336816887314,24.113276330184934,2021-04-01,231.44854452667235,135.30703903383218,0.652600207436028,MSFT,sell
-1372.4814786973106,,2021-07-01,65.64387236404419,,20.907990788323367,GE,buy
-93.08594029061936,,2021-07-01,330.8202488555908,,0.28137921004724564,GS,buy
303.5195188490301,78.55779775619506,2021-07-01,164.96563518218994,158.98138549497517,1.8398954334569115,UPS,sell
6.252117168481073,11.985506292438506,2021-07-01,36.54085169792175,4.201404440617792,0.17109938268999514,BAC,sell
-41.528703313859914,,2021-07-01,137.9107247390747,,0.30112743872843595,JPM,buy
176.67282064964203,32.31515391769409,2021-07-01,156.98599535064696,140.30518556465154,1.125404978036558,AXP,sell
690.8877820948416,0.49284162572324275,2021-07-01,20.1057357673645,673.9524029741907,34.36272067278861,NVDA,sell
14.688820679358713,138.53810146179197,2021-07-01,774.8752371643067,12.062641351344432,0.0189563686834453,BLK,sell
152.2208789378518,133.28077705841062,2021-07-01,774.8752371643067,126.03844845575706,0.19644566200735936,BLK,sell
-126.20146887443306,,2021-07-01,59.46484838218689,,2.122286902395224,C,buy
90.96171567974498,14.109931459617613,2021-07-01,121.20544099731445,80.37255760953208,0.7504755143934538,GOOGL,sell
72.40884280965003,14.680482848930358,2021-07-01,121.20544099731445,63.638636074446495,0.5974058772762056,GOOGL,sell
-51.63354561907969,,2021-07-01,196.13097005615234,,0.26326054270927735,HON,buy
-90.01545184820942,,2021-07-01,164.8321291717529,,0.5461037984555457,TXN,buy
-97.86763561003434,,2021-07-01,42.70738738174438,,2.2915856391596705,AVGO,buy
-43.01673497758289,,2021-07-01,125.79700356826781,,0.3419535740709314,QCOM,buy
411.6894223991703,19.892122906112668,2021-07-01,74.03028818893432,301.0674487468384,5.561094417848121,ORCL,sell
-43.89082875617937,,2021-07-01,177.13229820861815,,0.24778557722142125,LOW,buy
-176.57250294497246,,2021-07-01,239.89780672454833,,0.7360321686796985,BA,buy
225.1605862693047,235.46113999786374,2021-07-01,350.7822345336914,74.02246379273507,0.6418813842400528,META,sell
109.72624332664095,23.705255090522765,2021-07-01,133.59532157592773,90.25633556715037,0.8213329780734799,AAPL,sell
253.89155397374,188.1542446243286,2021-07-01,368.354062600708,124.20444473664429,0.6892595460497359,UNH,sell
-699.784796773815,,2021-07-01,138.761554888916,,5.04307405126744,MMM,buy
-317.84358321161784,,2021-07-01,205.74829317626953,,1.5448175938903832,MCD,buy
21.10802664559305,128.84688937530515,2021-10-01,336.3978709442139,13.023244282072266,0.0627472064146728,GS,sell
-43.083601869050085,,2021-10-01,64.46434396362304,,0.6683322782802534,GE,buy
192.44733121438094,14.680482848930358,2021-10-01,135.16127176208497,171.5447478901564,1.4238348656050874,GOOGL,sell
63.74467920906595,11.985506292438506,2021-10-01,38.08970494308472,43.686444184369535,1.673540903094839,BAC,sell
6.238493473104653,35.84228319892883,2021-10-01,59.96828103675842,2.509824818076404,0.10402988655420486,C,sell
112.78916905861323,28.17208092956543,2021-10-01,147.37338989868164,91.2282508977281,0.7653292710180253,JPM,sell
-79.08413627928078,,2021-10-01,746.2484489379882,,0.10597561226670305,BLK,buy
35.46903538877194,0.49284162572324275,2021-10-01,20.63658339614868,34.621966049420934,1.7187455262285027,NVDA,sell
62.93818395075848,32.31515391769409,2021-10-01,163.5685730392456,50.50390599700441,0.3847816410042135,AXP,sell
-523.6398199166022,,2021-10-01,47.97960715332031,,10.913799653325526,CSCO,buy
222.97501329548206,19.892122906112668,2021-10-01,83.8318329460144,170.06615739199546,2.659789312242193,ORCL,sell
-363.61856825585613,,2021-10-01,178.4412582733154,,2.037749407140516,CAT,buy
117.84929024604803,24.113276330184934,2021-10-01,277.2629943054199,107.6000591572111,0.4250451472663199,MSFT,sell
115.14250220664638,23.423153536987304,2021-10-01,277.2629943054199,105.4152736791773,0.41528261820548185,MSFT,sell
-68.13724046807144,,2021-10-01,339.99374955444335,,0.20040733265645105,META,buy
-44.25541702721987,,2021-10-01,192.47703164215088,,0.22992570411984836,HON,buy
68.92373705308444,3.8965850880146022,2021-10-01,44.58019930801392,62.89937623415446,1.5460616624182393,AVGO,sell
-59.740999426548505,,2021-10-01,358.7734877380371,,0.1665145320608783,UNH,buy
26.126318900919003,16.051337711143493,2021-10-01,168.07813996124267,23.631274822466068,0.15544150421312075,TXN,sell
276.58623571154567,42.006022441101074,2021-10-01,424.5726471130371,249.22157220060205,0.6514461955857183,COST,sell
60.84893090232672,23.705255090522765,2021-10-01,139.03932304687498,50.47460371620433,0.43763828511889713,AAPL,sell
-112.70948923777416,,2021-10-01,226.1582,,0.49836569816073073,BA,buy
544.9569965879872,0.49284162572324275,2022-01-03,29.97159132556915,535.9959277801875,18.182451197480376,NVDA,sell
-150.39124693219202,,2022-01-03,143.72536953582764,,1.0463792677513535,GOOGL,buy
285.66001833374116,94.80765957565306,2022-01-03,232.6028720397949,169.22655586158953,1.2281018537246133,LOW,sell
381.29652659811893,19.169321537971495,2022-01-03,361.23831957092284,361.06280463763346,1.0555262438686492,HD,sell
318.45941577027656,18.938733450889586,2022-01-03,361.23831957092284,301.76346281223175,0.8815770601207014,HD,sell
-2043.4126963485646,,2022-01-03,54.078974126434325,,37.78571486158656,XOM,buy
24.543767998652587,23.423153536987304,2022-01-03,321.63117629699707,22.756340384117564,0.076310288950312,MSFT,sell
-123.21474242078018,,2022-01-03,41.084616799926756,,2.999048111384596,BAC,buy
-178.9896549777568,,2022-01-03,352.3086688995361,,0.5080478307185716,GS,buy
213.37114029305005,42.006022441101074,2022-01-03,537.5478303771972,196.6975116391237,0.396934241448482,COST,sell
-315.13667088238606,,2022-01-03,158.79564951171875,,1.9845422204663716,AXP,buy
397.9634091391204,3.8965850880146022,2022-01-03,61.065157491302486,372.56925068062765,6.517029112645822,AVGO,sell
-308.22272027512724,,2022-01-03,143.64540332031248,,2.145719341870109,JPM,buy
12.374102840774931,13.795330747413635,2022-01-03,55.25200313987732,9.284534468767852,0.2239575424885203,CSCO,sell
245.42515439441434,188.1542446243286,2022-01-03,460.05548215942383,145.05077276518253,0.5334686008792451,UNH,sell
234.1829531361978,23.705255090522765,2022-01-03,177.66195698547364,202.93615874003223,1.3181378676096962,AAPL,sell
-225.86698850180997,,2022-01-03,169.49406639251708,,1.3325952542712827,UPS,buy
-279.2423538649069,,2022-01-03,166.5625571533203,,1.676501361634747,TXN,buy
40.61006433892804,56.81565637779235,2022-01-03,167.54029345092772,26.83852667813019,0.2423898365131052,QCOM,sell
278.1259427148602,51.27118958702087,2022-01-03,167.54029345092772,193.01299678236907,1.660054050199708,QCOM,sell
27.588032570774327,66.81351378250122,2022-01-03,240.20621906433104,19.91440362986056,0.11485145005086572,MCD,sell
-183.83778319144847,,2022-04-01,26.62126963481903,,6.9056730093368515,NVDA,buy
705.4485699138909,54.078974126434325,2022-04-01,71.42772588272095,171.34315792663574,9.876396892044209,XOM,sell
82.09823169382204,42.006022441101074,2022-04-01,546.7794008605957,75.79108084381289,0.15014872828896753,COST,sell
95.1025134801918,188.1542446243286,2022-04-01,470.8881344696045,57.102104729404815,0.20196413228231513,UNH,sell
-36.83355151372488,,2022-04-01,170.60133202514646,,0.21590424339884784,AAPL,buy
-4.166196930496284,,2022-04-01,165.23999199066162,,0.025213006127062343,UPS,buy
282.756981758399,32.31515391769409,2022-04-01,176.89014350738526,231.10155763102924,1.5984891874237963,AXP,sell
-51.76662094363168,,2022-04-01,58.19142800941467,,0.8895918645484429,AVGO,buy
-101.62558951226858,,2022-04-01,55.189797545623776,,1.841383625809783,KO,buy
-21.105431181756025,,2022-04-01,138.92661786193847,,0.15191783624020871,GOOGL,buy
-376.53898453972516,,2022-04-01,132.99030592651366,,2.83132655358947,QCOM,buy
-103.59544329981772,,2022-04-01,298.32596114807126,,0.3472558770988057,MSFT,buy
-372.2829842411429,,2022-04-01,185.1208880187988,,2.0110263527006094,LOW,buy
119.82001747664472,36.86694099769592,2022-04-01,146.18069814605713,89.601270605969,0.8196705789223007,PEP,sell
17.214301983255744,53.62954399223327,2022-04-01,137.88452284240722,10.518879273908208,0.1248457885511236,PG,sell
-184.91482777382265,,2022-04-01,49.046591923522946,,3.770187091942198,CSCO,buy
-177.66478342043575,,2022-04-01,36.56510556259155,,4.858861493406934,BAC,buy
-89.39641869707712,,2022-04-01,224.47246575775145,,0.39825115474765127,MCD,buy
38.0322790301686,39.8064743434906,2022-04-01,156.87424196777343,28.38167660845371,0.24243800991868092,JNJ,sell
347.7806138504755,54.078974126434325,2022-07-01,76.00520787734985,100.32890174615102,4.575747156848667,XOM,sell
-241.91132917025783,,2022-07-01,44.717074886703486,,5.409820069473945,AVGO,buy
245.90848006109377,188.1542446243286,2022-07-01,477.0018328399658,148.9094307343063,0.5155294238535895,UNH,sell
-185.9376121132156,,2022-07-01,81.4956514602661,,2.2815648293071327,MRK,buy
282.6545997306471,17.115167427062985,2022-07-01,56.844019966506956,197.5501190610902,4.972459722186958,KO,sell
-88.41919930518151,,2022-07-01,462.8600913391113,,0.19102791741965452,COST,buy
229.51647295162323,36.86694099769592,2022-07-01,146.87660654296874,171.9064119251157,1.562648255251446,PEP,sell
115.13566474404502,53.62954399223327,2022-07-01,130.62954933929444,67.8670855542951,0.8813906602785107,PG,sell
247.8114673897573,39.8064743434906,2022-07-01,159.0607444015503,185.79427480218766,1.557967481682061,JNJ,sell
260.9116440193831,66.81351378250122,2022-07-01,228.7557744140625,184.70625087310867,1.1405685591442882,MCD,sell
-182.51859779705768,,2022-07-01,136.17386831054685,,1.340334970736242,AAPL,buy
-133.45629476616483,,2022-07-01,215.61944069976806,,0.6189437016117276,AMGN,buy
-302.7735576851562,,2022-07-01,16.856722100257873,,17.96159157660459,T,buy
-115.45006455207408,,2022-07-01,166.2086871810913,,0.6946090875881019,CAT,buy
-89.44773786919234,,2022-07-01,112.35302905654906,,0.7961310755954063,QCOM,buy
-97.31905596328139,,2022-07-01,250.85580459899901,,0.38794819246398937,MSFT,buy
-268.6281274009133,,2022-07-01,133.75060338745115,,2.0084255367637223,AXP,buy
-19.559029070942582,,2022-07-01,162.87499536590576,,0.120086137390226,LOW,buy
161.49194124082308,54.078974126434325,2022-10-03,80.57430341262817,53.10355757381174,2.004261090707896,XOM,sell
53.944459066502674,188.1542446243286,2022-10-03,476.75057451782226,32.65475436590269,0.11315027595102789,UNH,sell
-146.88727762396047,,2022-10-03,50.454116418457026,,2.9113041323666202,KO,buy
28.572438210244748,42.006022441101074,2022-10-03,455.356472744751,25.936669197405237,0.06274740762554387,COST,sell
-41.457268989248256,,2022-10-03,203.9139411804199,,0.20330767356689705,AMGN,buy
23.16104598608738,36.86694099769592,2022-10-03,144.24979974517822,17.2416137420052,0.16056206682437058,PEP,sell
-120.0104373206321,,2022-10-03,132.5196092376709,,0.9056051252414736,UPS,buy
102.33816093325606,23.705255090522765,2022-10-03,139.62238019714354,84.96306528603662,0.7329638757680321,AAPL,sell
-25.06445399996022,,2022-10-03,77.8236721672058,,0.3220672232750559,MRK,buy
-59.70532296238453,,2022-10-03,214.2864464889526,,0.2786238884476653,MCD,buy
-9.081436080485895,,2022-10-03,43.104679909896845,,0.210683297021788,AVGO,buy
-26.305212894721265,,2022-10-03,107.21220307617186,,0.2453565185674993,QCOM,buy
231.4870634440211,94.80765957565306,2022-10-03,178.8440817993164,108.77264937805762,1.294351264604753,LOW,sell
-3.4895477567524695,,2022-10-03,160.73891863861084,,0.021709414162465634,CAT,buy
-70.44501501146392,,2022-10-03,233.1428526824951,,0.3021538691876575,MSFT,buy
128.42926265787852,54.078974126434325,2023-01-03,94.11505780792235,54.63317801298537,1.3645984569226677,XOM,sell
317.13761040136933,20.209603822135925,2023-01-03,99.30838800888061,252.59899899286046,3.1934624734117065,MRK,sell
85.81536704741181,114.18165500106811,2023-01-03,232.79993858642578,43.7254047669452,0.36862280792893465,AMGN,sell
119.90221907584018,68.94756730499267,2023-01-03,225.42868301239014,83.23001654474038,0.5318853726757125,CAT,sell
414.74120658787604,70.94001176071167,2023-01-03,225.42868301239014,284.2265547705712,1.839788979138386,CAT,sell
-270.9260300006896,,2023-01-03,15.288030255889892,,17.72144779058847,T,buy
44.2818952723892,17.115167427062985,2023-01-03,56.38371008491516,30.840210600819923,0.7853668232491202,KO,sell
-1.4852551732981176,,2023-01-03,157.80802017822265,,0.009411785102054537,PEP,buy
-144.82335042026023,,2023-01-03,481.79792961730953,,0.30058939965826115,UNH,buy
-95.51362377613435,,2023-01-03,160.19314196472166,,0.5962404045809198,JNJ,buy
-65.5961450050454,,2023-01-03,196.0723047515869,,0.33455079282182254,HON,buy
62.18782160393065,66.81351378250122,2023-01-03,241.6998627227783,44.997133826819336,0.2572935743668916,MCD,sell
-44.828991069033094,,2023-01-03,316.683315246582,,0.14155779262992585,GS,buy
-259.85299437712007,,2023-01-03,339.33071861877437,,0.7657809332289052,MA,buy
-205.34111663577372,,2023-01-03,201.6860033203125,,1.0181227911470696,V,buy
-183.742175683267,,2023-01-03,79.95379380111693,,2.2981045294776266,ORCL,buy
-13.54718088462041,,2023-01-03,140.68740155029295,,0.09629277913543355,AXP,buy
-14.168833791471132,,2023-01-03,137.551189793396,,0.10300771525679231,PG,buy
-14.673238161334583,,2023-01-03,143.75697733917235,,0.10206974599024399,UPS,buy
143.78483585901176,54.078974126434325,2023-04-03,103.40514290542602,68.58803036448462,1.3904998515452647,XOM,sell
-67.36422268900144,,2023-04-03,98.09361139221191,,0.686734046518648,MRK,buy
180.77517093298246,49.50797805290222,2023-04-03,75.9897539199829,62.99859273161229,2.3789413915373174,GE,sell
-104.08215565380726,,2023-04-03,218.265960546875,,0.4768593114245796,CAT,buy
51.55733095999932,10.782272993850707,2023-04-03,16.024265192985535,16.86586707381965,3.217453676600911,T,sell
96.49273306880514,66.81351378250122,2023-04-03,259.4746736022949,71.64630601178386,0.3718772692887269,MCD,sell
-136.10567449887918,,2023-04-03,300.80242490539547,,0.4524753234342622,GS,buy
195.13977504951168,19.892122906112668,2023-04-03,89.90530680770874,151.9638544394145,2.1705034105148044,ORCL,sell
-214.07074692085766,,2023-04-03,120.15757594223021,,1.7815834352698605,JPM,buy
3.588674582868192,36.86694099769592,2023-04-03,161.38461703948974,2.7688724447613184,0.022236782220637963,PEP,sell
529.3953399546333,3.8965850880146022,2023-04-03,61.48730517082214,495.84639872846077,8.609831549518773,AVGO,sell
4.884297478712501,9.263824386882781,2023-04-03,61.48730517082214,4.1484175443035625,0.07943586834946004,AVGO,sell
-685.563055480197,,2023-04-03,41.69620870780945,,16.44185590791604,C,buy
68.10657533255305,23.519146970176696,2023-04-03,358.65657093200684,63.64044063796413,0.1898935663037511,MA,sell
158.1638964074201,19.542051214599606,2023-04-03,222.82564801483153,144.29275100099588,0.7098101040724565,V,sell
-93.77504147028614,,2023-04-03,190.3942148269653,,0.49253093932245307,LOW,buy
-150.00815561900276,,2023-04-03,219.7129108139038,,0.6827462030488469,AMGN,buy
121.13528272839838,16.051337711143493,2023-04-03,166.43145104370117,109.45249489223502,0.7278388908391538,TXN,sell
-43.8802942433535,,2023-04-03,56.398700589370726,,0.7780373268320204,KO,buy
0.9240964263817297,32.31515391769409,2023-04-03,156.94197406311034,0.7338202530916687,0.005888140708680822,AXP,sell
17.813280158570088,33.218782078170776,2023-04-03,156.94197406311034,14.04287090242685,0.11350233272462162,AXP,sell
95.35060717351993,33.43260428695678,2023-04-03,156.94197406311034,75.03851961897286,0.607553254906664,AXP,sell
53.918640268511325,34.893029861450195,2023-04-03,156.94197406311034,41.93086748682448,0.3435578059367934,AXP,sell
10.33223637925178,35.3685478855133,2023-04-03,156.94197406311034,8.003756701807058,0.0658347547934941,AXP,sell
107.61687896996582,0.49284162572324275,2023-07-03,42.25362013092041,106.3616474082089,2.5469268345888736,NVDA,sell
116.50949550674117,4.920469869852066,2023-07-03,42.25362013092041,102.94186602514161,2.75738493283518,NVDA,sell
671.7699241867759,5.961306626653671,2023-07-03,42.25362013092041,576.9939857409538,15.898517620628375,NVDA,sell
-810.1241407189069,,2023-07-03,44.174901807785034,,18.339013955117316,NFLX,buy
-127.03071144222422,,2023-07-03,85.01546284790038,,1.494207138170765,GE,buy
361.438754070575,9.263824386882781,2023-07-03,84.32616135635375,321.7321542388345,4.286199540652298,AVGO,sell
120.38682175214575,19.892122906112668,2023-07-03,112.61194283752441,99.12132011680778,1.069041335392276,ORCL,sell
12.725684149513473,20.42159560317993,2023-07-03,112.61194283752441,10.417946897789543,0.11300474735502952,ORCL,sell
-612.0638886438339,,2023-07-03,211.06764216766356,,2.899847093367515,BA,buy
59.92311618926134,23.705255090522765,2023-07-03,189.50287518310546,52.42722593581302,0.3162121742551989,AAPL,sell
39.43048592809687,23.423153536987304,2023-07-03,329.32646941223146,36.626015556856416,0.11973069154893867,MSFT,sell
56.53032815952263,27.49607476158142,2023-07-03,329.32646941223146,51.810506724746595,0.17165437160400643,MSFT,sell
62.400600631700364,35.04866775398254,2023-07-03,329.32646941223146,55.759598093724016,0.18947945709638958,MSFT,sell
-92.38577000405682,,2023-07-03,136.40562832946776,,0.6772870821789887,JPM,buy
-195.14396095156332,,2023-07-03,236.1193457809448,,0.8264632459747894,CAT,buy
222.45007888389554,5.961306626653671,2023-10-02,44.61740087928772,192.72864502140004,4.985724728469364,NVDA,sell
109.34917215705775,49.50797805290222,2023-10-02,85.42088401565552,45.9729091080538,1.280122225579131,GE,sell
-0.48180276056813853,,2023-10-02,80.884918460083,,0.005956645190980936,AVGO,buy
-100.09315373286782,,2023-10-02,103.0805440170288,,0.9710188735163499,ORCL,buy
-219.6045505905958,,2023-10-02,38.05962404670715,,5.770013658597755,NFLX,buy
123.79056893863321,70.94001176071167,2023-10-02,260.32374924316406,90.05678766856943,0.47552545358818765,CAT,sell
207.99892191155868,75.42144093933105,2023-10-02,260.32374924316406,147.73711925234895,0.7990009460000147,CAT,sell
-133.66562260570993,,2023-10-02,50.285461302566524,,2.65813654967679,CSCO,buy
-96.55749436255145,,2023-10-02,389.12345320434565,,0.24814102971029328,MA,buy
66.59471473640443,28.17208092956543,2023-10-02,134.4935571166992,52.64526070116452,0.4951517095991491,JPM,sell
-8.980990395316164,,2023-10-02,314.6554685241699,,0.028542298779804298,MSFT,buy
-123.024281027633,,2023-10-02,171.55138319244384,,0.717127887506603,AAPL,buy
-49.27135876968186,,2024-01-02,48.062409672927856,,1.0251537345917754,NVDA,buy
50.75437989386692,49.50797805290222,2024-01-02,98.95686575317383,25.36203640411129,0.5128939716064025,GE,sell
38.52541460506435,69.39133628311157,2024-01-02,98.95686575317383,11.51031080242015,0.389315226506441,GE,sell
41.70725987387316,81.5667232093811,2024-01-02,98.95686575317383,7.329407502929115,0.421469087126332,GE,sell
76.70895885165096,9.263824386882781,2024-01-02,105.48078397064208,69.97201305970373,0.7272315957852662,AVGO,sell
227.5695760591454,11.80898644504547,2024-01-02,105.48078397064208,202.092271683638,2.15745055632582,AVGO,sell
147.7549372162386,18.814756804847715,2024-01-02,105.48078397064208,121.39967983388156,1.4007758726685466,AVGO,sell
150.96938079248613,5.905845047807693,2024-01-02,46.81720347518921,131.92506153073435,3.2246561004544496,NFLX,sell
139.75263513614112,9.673766716766357,2024-01-02,46.81720347518921,110.87576317438774,2.985070118726828,NFLX,sell
59.397759659551234,35.04866775398254,2024-01-02,362.8637678741455,53.66058629601893,0.16369162456625475,MSFT,sell
39.57375159750941,39.634898941421504,2024-01-02,362.8637678741455,35.2511881889626,0.10905952895036641,MSFT,sell
24.09704953667504,38.19163625144958,2024-01-02,362.8637678741455,21.560820152216213,0.06640797916487706,MSFT,sell
-426.6375419092127,,2024-01-02,136.963422076416,,3.1149743153407687,GOOGL,buy
-62.06189098903691,,2024-01-02,183.532359223938,,0.3381523086798648,AAPL,buy
-260.70406659042044,,2024-01-02,100.88850468139648,,2.584080985378044,ORCL,buy
24.999837513474624,42.006022441101074,2024-01-02,640.2379818786621,23.359597844260623,0.039047726347189116,COST,sell
-207.5009885367568,,2024-01-02,253.7492928573608,,0.8177401647120988,V,buy
20.968559675609725,43.80819784584045,2024-01-02,251.58376251068114,17.317311273708498,0.0833462361257098,BA,sell
160.64302687870364,49.16438825149536,2024-01-02,251.58376251068114,129.25023719886616,0.6385270069720157,BA,sell
63.1095965051503,53.09383371658325,2024-01-02,251.58376251068114,49.79104848231096,0.2508492435097871,BA,sell
76.60065566671524,53.07165099372863,2024-01-02,251.58376251068114,60.44173021435384,0.3044737661217827,BA,sell
99.7779908258725,28.17208092956543,2024-01-02,162.1646644958496,82.44404423969829,0.6152881155464431,JPM,sell
134.15502071671736,28.23850121631622,2024-01-02,162.1646644958496,110.79397145569966,0.8272765286678769,JPM,sell
-267.32167844138326,,2024-01-02,132.52919846496582,,2.017077606577768,QCOM,buy
-67.53770052713355,,2024-01-02,415.322199420166,,0.16261519519405265,MA,buy
-158.3357856096123,,2024-01-02,182.73970575561523,,0.8664552947314075,AXP,buy
-132.15000911389427,,2024-01-02,49.04988249435424,,2.6941962425517545,C,buy
5.205766354106244,114.18165500106811,2024-01-02,273.77014072265627,3.034590869841548,0.019015099091394205,AMGN,sell
1760.4563049973692,5.961306626653671,2024-04-01,90.04301247024536,1643.9051196360067,19.551281734150226,NVDA,sell
-173.38459536432748,,2024-04-01,487.54606060180663,,0.35562710762201366,META,buy
261.6812100732155,18.814756804847715,2024-04-01,131.78151339569092,224.32036786507913,1.9857201767556276,AVGO,sell
409.6733223778987,9.673766716766357,2024-04-01,61.38799805603027,345.1153586673179,6.673508427559085,NFLX,sell
-802.8144636139897,,2024-04-01,181.0966802215576,,4.433071123290659,AMZN,buy
3.3939279949398027,81.5667232093811,2024-04-01,137.77752686920167,1.3846628292307885,0.02463339321050384,GE,sell
55.23309756651247,129.79257347412107,2024-04-01,137.77752686920167,3.2010569499714876,0.4008861156213648,GE,sell
15.999585242668449,135.17100004577637,2024-04-01,137.77752686920167,0.30268614226386603,0.116126233401312,GE,sell
76.27344076230662,128.22281085815428,2024-04-01,137.77752686920167,5.2894770448386765,0.5535985620841952,GE,sell
452.6450614221823,65.64387236404419,2024-04-01,137.77752686920167,236.98307856179244,3.285333041664323,GE,sell
-71.3458161829583,,2024-04-01,711.737430682373,,0.1002417648802818,COST,buy
45.4145072819445,75.42144093933105,2024-04-01,351.90784985961915,35.681199030593,0.12905227121265117,CAT,sell
171.96525113845436,120.71879005050658,2024-04-01,351.90784985961915,112.97413441159836,0.488665573123912,CAT,sell
-1406.3434046189827,,2024-04-01,176.74654558258055,,7.956836723362736,IBM,buy
16.73374873660651,38.19163625144958,2024-04-01,416.17267793884275,15.1981139418458,0.04020866727600403,MSFT,sell
55.731089442657115,28.23850121631622,2024-04-01,188.6330468673706,47.38810573355324,0.29544711474571095,JPM,sell
-779.0351723810539,,2024-04-01,345.3384916748047,,2.2558596599033303,HD,buy
-34.8701838394815,,2024-04-01,154.1321700744629,,0.22623559911363955,GOOGL,buy
163.29786467215953,35.3685478855133,2024-04-01,221.28074021759033,137.1970465865907,0.7379669125816601,AXP,sell
10.528649570211062,47.656780014038084,2024-04-01,221.28074021759033,8.261115866559077,0.047580505921382965,AXP,sell
-10.01478857899298,,2024-04-01,471.694731954956,,0.02123150398031015,MA,buy
217.29391220663007,51.27118958702087,2024-04-01,162.8860829772949,148.89692478318912,1.3340238050719115,QCOM,sell
-330.536572639646,,2024-04-01,237.50159930267333,,1.391723565694429,LOW,buy
162.5191874461704,35.84228319892883,2024-04-01,59.16323049545288,64.0617723773104,2.7469627010759865,C,sell
-216.98646261515182,,2024-04-01,392.98562138366697,,0.5521486049570008,GS,buy
11.360669231342353,20.42159560317993,2024-04-01,121.95622733459473,9.458322808412694,0.09315366242162959,ORCL,sell
83.44289770991308,26.75697896003723,2024-04-01,121.95622733459473,65.13567464156428,0.6842036649836842,ORCL,sell
74.03019895345471,26.705742252731323,2024-04-01,121.95622733459473,57.819207064165866,0.6070227045507739,ORCL,sell
994.2277778338139,5.961306626653671,2024-07-01,123.86999448623656,946.3800592237802,8.026381061511103,NVDA,sell
346.08566996304654,65.64387236404419,2024-07-01,156.7782703765869,201.17781065634196,2.207484934817412,GE,sell
340.1505698399347,51.27118958702087,2024-07-01,190.51728605804442,248.61071686783694,1.7854052872467534,QCOM,sell
40.772950282319805,50.35557107505798,2024-07-01,190.51728605804442,29.996263093653713,0.21401181554674054,QCOM,sell
51.64653505606964,59.744600345993035,2024-07-01,190.51728605804442,35.45062097381614,0.27108582178907703,QCOM,sell
46.88542646567906,235.46113999786374,2024-07-01,500.56875949401854,24.831121726298456,0.09366430800250392,META,sell
112.85740806151112,18.814756804847715,2024-07-01,160.6458919555664,99.63961169924805,0.7025228388207196,AVGO,sell
78.53856633651506,21.029780510520933,2024-07-01,160.6458919555664,68.25726507470169,0.48889246640828077,AVGO,sell
375.8279407853878,23.296516185760495,2024-07-01,160.6458919555664,321.3261941239199,2.3394805569590247,AVGO,sell
318.5514916957064,42.006022441101074,2024-07-01,834.6979559509277,302.52044595824356,0.3816368417157525,COST,sell
127.01852388847604,42.652833382034295,2024-07-01,834.6979559509277,120.52791264734151,0.1521730381426063,COST,sell
233.29162530525517,9.673766716766357,2024-07-01,67.31384736099243,199.76496105034437,3.465730075628464,NFLX,sell
268.8439069749426,14.680482848930358,2024-07-01,181.34615907440184,247.08023474979328,1.4824902184150623,GOOGL,sell
187.1036265301633,12.924925136756896,2024-07-01,181.34615907440184,173.76835448436324,1.0317484940687347,GOOGL,sell
-2759.664147556623,,2024-07-01,57.60721807899475,,47.90483275502721,WFC,buy
319.24946289761476,128.84688937530515,2024-07-01,442.69279714050293,226.33107684120182,0.7211535063587009,GS,sell
75.77616908589012,28.23850121631622,2024-07-01,195.94210540924072,64.8555686440885,0.3867273393210997,JPM,sell
-281.0015976494175,,2024-07-01,319.98350584411617,,0.8781752575281514,CAT,buy
-217.76584477744206,,2024-07-01,291.00308970031733,,0.7483282909528661,AMGN,buy
5.401709184998213,13.089655998802185,2024-07-01,197.0619569503784,5.04290570952577,0.027411222686469117,AMZN,sell
209.22332497058966,17.161504543113708,2024-07-01,197.0619569503784,191.00272522838642,1.0617134235771015,AMZN,sell
38.272352891613274,47.656780014038084,2024-07-01,228.0126273788452,30.273071784498278,0.167851900710847,AXP,sell
9.78404730486484,48.83898820648193,2024-07-01,228.0126273788452,7.6883608666746674,0.042910111678194696,AXP,sell
5.025873212505233,63.50100453987121,2024-07-01,228.0126273788452,3.626178812449729,0.022042082801645435,AXP,sell
-7.4777019731414,,2024-07-01,59.73253746452331,,0.12518641079968518,C,buy
-682.1434699742592,,2024-07-01,38.052932201385495,,17.926173635298007,BAC,buy
-216.71280629829337,,2024-07-01,164.65017816467284,,1.3162014685556596,IBM,buy
181.9250979739629,38.19163625144958,2024-07-01,448.50412553100585,166.4335634008866,0.40562636465957347,MSFT,sell
-315.46312619940244,,2024-07-01,258.99244719238277,,1.218039868031644,V,buy
301.4598203051731,65.64387236404419,2024-10-01,184.31505717315673,194.0947993974699,1.6355680589999952,GE,sell
-116.54905135513921,,2024-10-01,164.734694682312,,0.7074954767719213,AVGO,buy
-49.60088256341091,,2024-10-01,70.66242806167602,,0.7019413841839395,NFLX,buy
50.98045779842802,63.50100453987121,2024-10-01,262.72020287475584,38.65818396231202,0.19404848671927777,AXP,sell
0.37926859604529706,76.67537746810912,2024-10-01,262.72020287475584,0.26857835431525295,0.001443621738622447,AXP,sell
155.3810122450635,72.7656448890686,2024-10-01,262.72020287475584,112.34511536385446,0.5914315326527699,AXP,sell
30.16762569356288,88.80968188476562,2024-10-01,262.72020287475584,19.969790842083185,0.11482796284206742,AXP,sell
212.4382592724679,235.46113999786374,2024-10-01,572.3194326782226,125.03784640621369,0.37118826854846265,META,sell
-75.2744756898266,,2024-10-01,868.4444609802246,,0.08667736288497174,COST,buy
-7.784581236203113,,2024-10-01,471.4322803009033,,0.0165126181669919,GS,buy
-643.5318389326414,,2024-10-01,158.93441845703123,,4.049040133535479,QCOM,buy
544.0463027448939,71.47645115356445,2024-10-01,207.77225844268798,356.88705793094186,2.618474221836328,IBM,sell
-400.39894865346935,,2024-10-01,53.065520301437374,,7.545369316629952,WFC,buy
232.69842016508917,26.705742252731323,2024-10-01,163.45024772186278,194.67838582337663,1.423665142197052,ORCL,sell
148.01852180694357,34.05383886528015,2024-10-01,163.45024772186278,117.17978671204172,0.9055876260207398,ORCL,sell
123.80033591549994,31.90795150337219,2024-10-01,163.45024772186278,99.6326447094585,0.7574190779212913,ORCL,sell
210.53196287735653,33.486139049530024,2024-10-01,163.45024772186278,167.40016784160832,1.28804921259961,ORCL,sell
-13.355625024805258,,2024-10-01,224.4904379241943,,0.05949306860595627,AAPL,buy
-396.01010527148526,,2024-10-01,414.4375779327392,,0.9555361925596317,MSFT,buy
41.375263703259456,120.71879005050658,2024-10-01,382.5613956573486,28.319132507126362,0.10815326421570859,CAT,sell
319.60810977915816,114.91836876525878,2024-10-01,382.5613956573486,223.60040216177538,0.8354426594193622,CAT,sell
-628.2396576579725,,2024-10-01,67.8609001876831,,9.257756026230837,KO,buy
-80.43017736852664,,2024-10-01,301.8009871795654,,0.26650071002144315,AMGN,buy
131.00143615347415,18.938733450889586,2024-10-01,388.3011494293213,124.61206212086915,0.33737071431800914,HD,sell
