date,nav,spy
2010-01-04,10000.0,84.36896514892578
2010-01-05,10004.328455534946,84.59230041503906
2010-01-06,10002.059042869087,84.6518783569336
2010-01-07,10027.629933398617,85.00919342041016
2010-01-08,10060.595234484357,85.2921142578125
2010-01-11,10050.890407155892,85.41120147705078
2010-01-12,9953.405205850211,84.61463928222656
2010-01-13,10032.966934845515,85.3293228149414
2010-01-14,10040.817433271835,85.56010437011719
2010-01-15,9957.552084443014,84.59974670410156
2010-01-19,10053.79562551983,85.6568603515625
2010-01-20,9975.405802010202,84.785888671875
2010-01-21,9806.492002549336,83.15550231933594
2010-01-22,9553.947195801198,81.30179595947266
2010-01-25,9572.69332940569,81.71871948242188
2010-01-26,9546.660008660185,81.37622833251953
2010-01-27,9626.037159786727,81.7634048461914
2010-01-28,9547.60497712305,80.82539367675781
2010-01-29,9450.46182153126,79.9469223022461
2010-02-01,9541.621616357414,81.19017028808594
2010-02-02,9622.94180548871,82.17282104492188
2010-02-03,9610.223376587315,81.7634048461914
2010-02-04,9355.023201822372,79.23970031738281
2010-02-05,9386.738253691414,79.40348052978516
2010-02-08,9326.921670741778,78.83025360107422
2010-02-09,9430.947052665002,79.82038116455078
2010-02-10,9426.701218455137,79.66401672363281
2010-02-11,9529.011891020597,80.49781036376953
2010-02-12,9515.538081202978,80.43083953857422
2010-02-16,9658.456418672344,81.6963882446289
2010-02-17,9684.889090622639,82.08350372314453
2010-02-18,9729.79002681601,82.56739044189453
2010-02-19,9733.20644868309,82.73863220214844
2010-02-22,9718.771937381647,82.75352478027344
2010-02-23,9623.392917673813,81.74848937988281
2010-02-24,9701.331216829945,82.50040435791016
2010-02-25,9673.533102216043,82.38873291015625
2010-02-26,9680.945019623425,82.44084930419922
2010-03-01,9783.207755939753,83.29694366455078
2010-03-02,9793.89510499764,83.52774810791016
2010-03-03,9783.84110199,83.60218811035156
2010-03-04,9835.046304327863,83.8553237915039
2010-03-05,9948.237382123902,85.05381774902344
2010-03-08,9963.28297512806,85.0687484741211
2010-03-09,9975.741463884984,85.210205078125
2010-03-10,10028.34661789989,85.58988189697266
2010-03-11,10053.681196863932,85.94720458984375
2010-03-12,10055.79155338266,85.95464324951172
2010-03-15,10047.76277582776,85.97698211669922
2010-03-16,10104.831328421771,86.66188049316406
2010-03-17,10161.638920428948,87.17555236816406
2010-03-18,10161.334600211027,87.13087463378906
2010-03-19,10101.693118327672,86.68985748291016
2010-03-22,10155.914417221058,87.15330505371094
2010-03-23,10222.335962838615,87.76628112792969
2010-03-24,10164.456613894146,87.3401870727539
2010-03-25,10207.874547502257,87.19815063476562
2010-03-26,10207.921548283806,87.14588165283203
2010-03-29,10249.871116732293,87.69902801513672
2010-03-30,10268.797513049522,87.7588119506836
2010-03-31,10228.694068552937,87.45980072021484
2010-04-01,10292.892933374198,88.05782318115234
2010-04-05,10370.127356351679,88.77544403076172
2010-04-06,10410.9775398356,88.98474884033203
2010-04-07,10361.22745604607,88.4764175415039
2010-04-08,10403.967091665305,88.78291320800781
2010-04-09,10455.436563215404,89.3659896850586
2010-04-12,10494.227830382493,89.50801849365234
2010-04-13,10523.124674666913,89.57532501220703
2010-04-14,10669.201066415224,90.59191131591797
2010-04-15,10689.796397770246,90.66665649414062
2010-04-16,10472.617868779485,89.22398376464844
2010-04-19,10507.728248593443,89.56031036376953
2010-04-20,10581.978866576956,90.36019134521484
2010-04-21,10559.20666413008,90.19575500488281
2010-04-22,10635.751651591889,90.46482849121094
2010-04-23,10687.251789294141,91.05538940429688
2010-04-26,10665.13848295007,90.71153259277344
2010-04-27,10422.808940444089,88.56613159179688
2010-04-28,10472.816989012257,89.23892211914062
2010-04-29,10645.252570721503,90.3452377319336
2010-04-30,10421.930177466862,88.81278991699219
2010-05-03,10551.949550218147,89.96398162841797
2010-05-04,10300.020267572363,87.84854888916016
2010-05-05,10221.5511449028,87.32523345947266
2010-05-06,9897.551712106138,84.42487335205078
2010-05-07,9734.788054611807,83.16903686523438
2010-05-10,10163.865221268428,86.8318862915039
2010-05-11,10125.86787378965,86.58519744873047
2010-05-12,10306.32113846156,87.79618072509766
2010-05-13,10192.784751276758,86.70482635498047
2010-05-14,9929.137693091998,85.1350326538086
2010-05-17,9957.167159367067,85.17984771728516
2010-05-18,9759.227546226628,84.021240234375
2010-05-19,9716.883223472547,83.54283905029297
2010-05-20,9369.90019280992,80.3882827758789
2010-05-21,9526.370167818744,81.5618667602539
2010-05-24,9417.797840132205,80.51537322998047
2010-05-25,9443.49138385104,80.59758758544922
2010-05-26,9377.546369971973,80.11170959472656
2010-05-27,9674.746416252678,82.7952880859375
2010-05-28,9554.492669463983,81.75621032714844
2010-06-01,9409.117294862912,80.38078308105469
2010-06-02,9618.697320463498,82.47388458251953
2010-06-03,9650.217695919015,82.75789642333984
2010-06-04,9353.07583750463,79.85005950927734
2010-06-07,9234.398236334418,78.85585021972656
2010-06-08,9308.064101267895,79.70054626464844
2010-06-09,9257.2001878535,79.27447509765625
2010-06-10,9518.998256973728,81.59180450439453
2010-06-11,9553.723132087842,81.98796081542969
2010-06-14,9536.897325488366,81.86092376708984
2010-06-15,9756.698572154479,83.72220611572266
2010-06-16,9775.925970419461,83.69231414794922
2010-06-17,9807.125749259196,83.82685089111328
2010-06-18,9822.906788438157,83.91776275634766
2010-06-21,9770.110990868858,83.6773910522461
2010-06-22,9632.240063790028,82.29540252685547
2010-06-23,9596.661558419766,82.04005432128906
2010-06-24,9435.709930363639,80.68057250976562
2010-06-25,9495.129710633162,81.01856994628906
2010-06-28,9454.141496524708,80.76322937011719
2010-06-29,9143.862826338553,78.26964569091797
2010-06-30,9038.234029056734,77.52609252929688
2010-07-01,9045.19047953943,77.18059539794922
2010-07-02,9007.417174361977,76.75997161865234
2010-07-06,9062.141726978525,77.26322937011719
2010-07-07,9379.252009773252,79.69669342041016
2010-07-08,9464.214741046248,80.48530578613281
2010-07-09,9550.839692043248,81.08617401123047
2010-07-12,9581.542053265133,81.13876342773438
2010-07-13,9727.548580405932,82.36302185058594
2010-07-14,9738.532019201988,82.35551452636719
2010-07-15,9747.400104083625,82.3780288696289
2010-07-16,9434.910797598284,80.10979461669922
2010-07-19,9501.48009284038,80.58296203613281
2010-07-20,9610.057607714263,81.47677612304688
2010-07-21,9491.017244768671,80.4177474975586
2010-07-22,9686.707152312618,82.21282958984375
2010-07-23,9755.70794908859,82.92633056640625
2010-07-26,9838.054330390587,83.79005432128906
2010-07-27,9848.619895800059,83.78254699707031
2010-07-28,9768.708750083963,83.24176788330078
2010-07-29,9704.303118177993,82.83616638183594
2010-07-30,9710.305232268982,82.8211669921875
2010-08-02,9889.789080764178,84.69132995605469
2010-08-03,9866.95675835739,84.28577423095703
2010-08-04,9942.57401149248,84.84909057617188
2010-08-05,9931.848037993303,84.75894165039062
2010-08-06,9933.177239020382,84.41345977783203
2010-08-09,10007.477861255393,84.86408996582031
2010-08-10,9967.043141681874,84.40595245361328
2010-08-11,9708.302273091647,82.09264373779297
2010-08-12,9640.219061952042,81.58940887451172
2010-08-13,9605.336471983102,81.34906768798828
2010-08-16,9632.629841431632,81.31149291992188
2010-08-17,9723.720384987944,82.31043243408203
2010-08-18,9715.8957492136,82.46067810058594
2010-08-19,9564.539180535108,81.0261001586914
2010-08-20,9541.038233492047,80.76322937011719
2010-08-23,9474.354261545754,80.45527648925781
2010-08-24,9344.84746440816,79.26104736328125
2010-08-25,9392.609753606763,79.5689926147461
2010-08-26,9308.734959434081,79.0357437133789
2010-08-27,9450.78100357245,80.2599868774414
2010-08-30,9282.640434134184,79.09584045410156
2010-08-31,9278.196630878558,79.09584045410156
2010-09-01,9561.02347273654,81.46172332763672
2010-09-02,9650.037814909276,82.2203140258789
2010-09-03,9805.25338603413,83.28683471679688
2010-09-07,9719.232357350038,82.34799194335938
2010-09-08,9781.752718513733,82.92633056640625
2010-09-09,9816.201910600188,83.30935668945312
2010-09-10,9873.400995393547,83.72997283935547
2010-09-13,10005.385704081245,84.66132354736328
2010-09-14,9999.985035876149,84.6087417602539
2010-09-15,10030.3633671953,84.93169403076172
2010-09-16,10038.159031454295,84.90917205810547
2010-09-17,10081.177449711773,84.94088745117188
2010-09-20,10246.07812898384,86.23966217041016
2010-09-21,10247.174821254628,86.06598663330078
2010-09-22,10258.994265206247,85.64311218261719
2010-09-23,10193.143811367896,84.94844818115234
2010-09-24,10416.037534529998,86.70027160644531
2010-09-27,10369.259566142317,86.28497314453125
2010-09-28,10386.159715665173,86.58699035644531
2010-09-29,10389.339644758786,86.43598175048828
2010-09-30,10332.841638330521,86.17923736572266
2010-10-01,10385.074527329572,86.54169464111328
2010-10-04,10295.722351039105,85.89229583740234
2010-10-05,10480.435223536097,87.62147521972656
2010-10-06,10469.935637235501,87.61392211914062
2010-10-07,10451.263047392253,87.50823974609375
2010-10-08,10496.482182492598,87.99903869628906
2010-10-11,10498.337356841334,88.08208465576172
2010-10-12,10551.723630976438,88.35391235351562
2010-10-13,10613.101449373184,89.04108428955078
2010-10-14,10568.373152074799,88.69371032714844
2010-10-15,10597.577444454208,88.87493896484375
2010-10-18,10671.730721908512,89.31289672851562
2010-10-19,10527.797064970531,88.14247131347656
2010-10-20,10629.75681486379,89.00328826904297
2010-10-21,10701.226208839096,89.19963073730469
2010-10-22,10727.065514583395,89.36575317382812
2010-10-25,10740.03252574858,89.6300277709961
2010-10-26,10766.772753907819,89.64511108398438
2010-10-27,10761.245867764255,89.388427734375
2010-10-28,10752.368281475618,89.40351104736328
2010-10-29,10744.961859153766,89.47145080566406
2010-11-01,10725.04943233281,89.50162506103516
2010-11-02,10813.213361973252,90.21146392822266
2010-11-03,10851.954142932425,90.57389831542969
2010-11-04,11073.98174838447,92.31815338134766
2010-11-05,11144.600180167185,92.66551971435547
2010-11-08,11099.43788326398,92.49185180664062
2010-11-09,11022.2354490302,91.82733154296875
2010-11-10,11069.449079217884,92.19735717773438
2010-11-11,10979.61259505671,91.85003662109375
2010-11-12,10855.950851056283,90.76265716552734
2010-11-15,10822.233101728323,90.63429260253906
2010-11-16,10674.413154832178,89.2222900390625
2010-11-17,10695.137474322924,89.26758575439453
2010-11-18,10846.355202345028,90.58145141601562
2010-11-19,10873.262114030877,90.83063507080078
2010-11-22,10884.001104403977,90.755126953125
2010-11-23,10740.43903261938,89.4412612915039
2010-11-24,10895.63754899876,90.76265716552734
2010-11-26,10818.71809643246,89.70555114746094
2010-11-29,10843.776744454006,89.97738647460938
2010-11-30,10784.95354594704,89.47145080566406
2010-12-01,11008.958332697452,91.37430572509766
2010-12-02,11131.102703925648,92.544677734375
2010-12-03,11154.130616525645,92.79387664794922
2010-12-06,11161.79524484144,92.69571685791016
2010-12-07,11135.458600506645,92.74858093261719
2010-12-08,11206.598237307375,93.0883560180664
2010-12-09,11266.883205961674,93.45081329345703
2010-12-10,11345.083056879745,93.9944839477539
2010-12-13,11330.44334627547,94.05487823486328
2010-12-14,11319.657864560892,94.137939453125
2010-12-15,11254.203484944506,93.70756530761719
2010-12-16,11259.200551190586,94.25121307373047
2010-12-17,11254.893095212808,94.35215759277344
2010-12-20,11273.50430076584,94.57987213134766
2010-12-21,11363.656883439633,95.17957305908203
2010-12-22,11408.076193004636,95.4755859375
2010-12-23,11381.44237723466,95.33898162841797
2010-12-27,11402.576601717174,95.3769302368164
2010-12-28,11416.27360124454,95.51355743408203
2010-12-29,11418.215452157663,95.5818862915039
2010-12-30,11388.434568920726,95.4300537109375
2010-12-31,11395.245318974747,95.45279693603516
2011-01-03,11552.356409485572,96.43962097167969
2011-01-04,11576.888451922276,96.38650512695312
2011-01-05,11657.286149033143,96.88748168945312
2011-01-06,11685.654300696255,96.69770812988281
2011-01-07,11667.063658335484,96.50794982910156
2011-01-10,11672.66125002758,96.38650512695312
2011-01-11,11706.684833402083,96.72805786132812
2011-01-12,11860.185935040321,97.60096740722656
2011-01-13,11853.432175945121,97.44158172607422
2011-01-14,11972.975625318157,98.14752960205078
2011-01-18,11980.007754599374,98.31450653076172
2011-01-19,11846.521220307794,97.35051727294922
2011-01-20,11838.817151961863,97.22144317626953
2011-01-21,11850.091472610402,97.44158172607422
2011-01-24,11964.228903928588,97.99571990966797
2011-01-25,11953.38395271675,98.04882049560547
2011-01-26,11964.762133064773,98.42835998535156
2011-01-27,12093.921893301873,98.67130279541016
2011-01-28,11889.71778171968,96.9482192993164
2011-01-31,11940.536440933063,97.67688751220703
2011-02-01,12119.230135808446,99.2406005859375
2011-02-02,12104.89495192884,99.05082702636719
2011-02-03,12141.686756197289,99.2709732055664
2011-02-04,12174.702092041489,99.55180358886719
2011-02-07,12227.76682128941,100.17423248291016
2011-02-08,12295.378803558398,100.62966918945312
2011-02-09,12263.753346146394,100.40198516845703
2011-02-10,12248.038647438269,100.43992614746094
2011-02-11,12346.960287046284,101.03958892822266
2011-02-14,12396.955491894423,101.28243255615234
2011-02-15,12354.786698291877,100.96365356445312
2011-02-16,12404.46773208054,101.60131072998047
2011-02-17,12448.813380702853,101.90494537353516
2011-02-18,12476.339731549004,102.11746978759766
2011-02-22,12171.526547214724,100.06794738769531
2011-02-23,12044.656762817649,99.453125
2011-02-24,12074.577211049964,99.38478088378906
2011-02-25,12182.75894511121,100.44749450683594
2011-02-28,12200.87298743723,101.06993103027344
2011-03-01,11996.819766937155,99.38478088378906
2011-03-02,12000.593803183654,99.59734344482422
2011-03-03,12224.13095225747,101.3128662109375
2011-03-04,12125.31810462307,100.55377197265625
2011-03-07,12020.87764712675,99.76432800292969
2011-03-08,12111.05978526424,100.63729858398438
2011-03-09,12090.962697172119,100.4930648803711
2011-03-10,11865.085173512574,98.63335418701172
2011-03-11,11930.49780870053,99.31646728515625
2011-03-14,11854.552862879435,98.71685791015625
2011-03-15,11731.505856924723,97.58580017089844
2011-03-16,11479.122521323485,95.77922058105469
2011-03-17,11610.798303179028,97.04686737060547
2011-03-18,11664.144571100946,97.39984130859375
2011-03-21,11828.895881789967,98.9093246459961
2011-03-22,11808.589850617007,98.5662612915039
2011-03-23,11859.522469945829,98.84835815429688
2011-03-24,11989.564071192712,99.7936782836914
2011-03-25,11985.11143740413,100.09861755371094
2011-03-28,12002.775587111844,99.85467529296875
2011-03-29,12107.533722917342,100.52555084228516
2011-03-30,12179.231772651876,101.21929168701172
2011-03-31,12149.503584920663,101.08206176757812
2011-04-01,12244.099882843497,101.5090103149414
2011-04-04,12242.459583618169,101.59285736083984
2011-04-05,12235.250766974634,101.57766723632812
2011-04-06,12297.308056682134,101.89781951904297
2011-04-07,12298.18900204374,101.63862609863281
2011-04-08,12241.695915640557,101.28792572021484
2011-04-11,12205.123092090145,100.98299407958984
2011-04-12,12126.027499571319,100.22823333740234
2011-04-13,12135.533795397267,100.22062683105469
2011-04-14,12131.242673283075,100.29684448242188
2011-04-15,12137.587621593793,100.66280364990234
2011-04-18,12012.366945789505,99.53447723388672
2011-04-19,12072.982694234082,100.10623168945312
2011-04-20,12233.971256702498,101.47091674804688
2011-04-21,12336.135426302617,101.98930358886719
2011-04-25,12322.675774678364,101.88256072998047
2011-04-26,12399.243571929122,102.75929260253906
2011-04-27,12516.547889058702,103.43016815185547
2011-04-28,12551.800640415524,103.76560974121094
2011-04-29,12586.033387363077,104.00955200195312
2011-05-02,12584.226309851849,103.84949493408203
2011-05-03,12572.187154925303,103.47590637207031
2011-05-04,12511.774699537063,102.7898178100586
2011-05-05,12398.375109425671,101.85970306396484
2011-05-06,12461.029248092738,102.30949401855469
2011-05-09,12512.087730494417,102.70591735839844
2011-05-10,12596.211871184241,103.58262634277344
2011-05-11,12500.1739975666,102.49246978759766
2011-05-12,12571.127703529655,102.9803466796875
2011-05-13,12431.22221634512,102.18751525878906
2011-05-16,12327.83623105005,101.53949737548828
2011-05-17,12349.31576528904,101.52425384521484
2011-05-18,12435.09757005797,102.43148040771484
2011-05-19,12463.642603858221,102.67544555664062
2011-05-20,12363.496645737981,101.85970306396484
2011-05-23,12229.138040344222,100.67799377441406
2011-05-24,12192.735034395822,100.59416961669922
2011-05-25,12237.467514177202,100.92961883544922
2011-05-26,12285.098703551828,101.3946304321289
2011-05-27,12362.772136593918,101.78346252441406
2011-05-31,12519.164936184714,102.84317016601562
2011-06-01,12213.91861300503,100.53317260742188
2011-06-02,12229.753009352551,100.42646789550781
2011-06-03,12103.094511586545,99.42774200439453
2011-06-06,11967.838941132566,98.37567901611328
2011-06-07,11950.290717050428,98.314697265625
2011-06-08,11892.945053238369,97.90301513671875
2011-06-09,11976.282202144672,98.65011596679688
2011-06-10,11816.927870740195,97.27788543701172
2011-06-13,11854.201846635051,97.35413360595703
2011-06-14,11989.869497009551,98.5891342163086
2011-06-15,11783.322454189185,96.835693359375
2011-06-16,11793.135188498596,97.04917907714844
2011-06-17,11808.52953153761,97.3387680053711
2011-06-20,11871.212547322899,97.83674621582031
2011-06-21,12036.443721302288,99.17753601074219
2011-06-22,11935.12816059474,98.57994842529297
2011-06-23,11939.760611362353,98.29645538330078
2011-06-24,11796.555820505895,97.15489959716797
2011-06-27,11920.365271473032,98.02066802978516
2011-06-28,12063.663923983238,99.30010223388672
2011-06-29,12211.842123768036,100.15052795410156
2011-06-30,12318.39178980401,101.10820770263672
2011-07-01,12570.091564665827,102.6021957397461
2011-07-05,12572.657996721056,102.51791381835938
2011-07-06,12601.563881610029,102.64051818847656
2011-07-07,12732.63157461837,103.70543670654297
2011-07-08,12642.361452580424,102.96993255615234
2011-07-11,12421.871033373764,101.10820770263672
2011-07-12,12340.318272935434,100.6714859008789
2011-07-13,12385.923980490465,101.00859069824219
2011-07-14,12280.107431306282,100.31140899658203
2011-07-15,12361.013052880397,100.8936767578125
2011-07-18,12258.370462169949,100.06624603271484
2011-07-19,12464.950036600158,101.69051361083984
2011-07-20,12490.688246464675,101.62919616699219
2011-07-21,12641.36913190048,103.0389175415039
2011-07-22,12657.186314297927,103.10783386230469
2011-07-25,12601.8422848736,102.533203125
2011-07-26,12513.145970617237,102.150146484375
2011-07-27,12275.703008695213,100.05857849121094
2011-07-28,12255.072768353988,99.76744842529297
2011-07-29,12181.87995589438,99.08557891845703
2011-08-01,12175.148392717929,98.66417694091797
2011-08-02,11890.003753093211,96.14356994628906
2011-08-03,12014.382683533811,96.6645736694336
2011-08-04,11483.125190907218,92.13665771484375
2011-08-05,11441.60784274421,91.99872589111328
2011-08-08,10686.539554006169,86.00748443603516
2011-08-09,11237.348297533921,90.0067367553711
2011-08-10,10697.057061653588,86.03048706054688
2011-08-11,11197.155760203272,89.89183807373047
2011-08-12,11235.882286957029,90.49708557128906
2011-08-15,11465.368342557034,92.41248321533203
2011-08-16,11344.116970715,91.62332153320312
2011-08-17,11346.856602097125,91.68462371826172
2011-08-18,10850.346205203354,87.73128509521484
2011-08-19,10676.784994462914,86.29862213134766
2011-08-22,10681.283783718545,86.36756134033203
2011-08-23,11084.044745502433,89.2099609375
2011-08-24,11243.012071478463,90.46643829345703
2011-08-25,11100.508057103165,89.0873794555664
2011-08-26,11264.274486858641,90.38219451904297
2011-08-29,11532.60119620732,92.97940063476562
2011-08-30,11581.56512583851,93.22457122802734
2011-08-31,11630.345325063634,93.6383056640625
2011-09-01,11503.83571954917,92.6576156616211
2011-09-02,11207.572076851498,90.29021453857422
2011-09-06,11153.289747164004,89.63131713867188
2011-09-07,11475.310577409336,92.15962982177734
2011-09-08,11360.521968983026,91.2019271850586
2011-09-09,11070.426861861637,88.81158447265625
2011-09-12,11184.628420774148,89.38619232177734
2011-09-13,11291.459145272263,90.20596313476562
2011-09-14,11449.398773270974,91.45476531982422
2011-09-15,11613.814504103942,93.03303527832031
2011-09-16,11681.542194062087,93.5836410522461
2011-09-19,11574.706115794044,92.65185546875
2011-09-20,11550.623982163013,92.54400634765625
2011-09-21,11262.280749199737,89.81783294677734
2011-09-22,10936.840888444487,86.91447448730469
2011-09-23,11055.726988074308,87.43817901611328
2011-09-26,11272.219634558845,89.5174789428711
2011-09-27,11336.170328420309,90.51861572265625
2011-09-28,11152.185654879335,88.67036437988281
2011-09-29,11199.621134070254,89.37116241455078
2011-09-30,10934.339357927665,87.13784790039062
2011-10-03,10666.486234155136,84.65807342529297
2011-10-04,10850.295212636513,86.5140609741211
2011-10-05,11026.546694643663,88.11589050292969
2011-10-06,11217.431436774285,89.71000671386719
2011-10-07,11142.196665119827,89.10931396484375
2011-10-10,11498.109454064355,92.08963775634766
2011-10-11,11507.029873461293,92.18207550048828
2011-10-12,11628.434765050357,92.99066162109375
2011-10-13,11635.358752132604,92.80583190917969
2011-10-14,11829.53029201909,94.39228820800781
2011-10-17,11598.675374452741,92.59024047851562
2011-10-18,11811.115970334055,94.39998626708984
2011-10-19,11635.992666013615,93.28331756591797
2011-10-20,11667.205101168922,93.69148254394531
2011-10-21,11855.532439426433,95.47044372558594
2011-10-24,12015.296334798108,96.64100646972656
2011-10-25,11667.601924347457,94.76192474365234
2011-10-26,11754.199476513424,95.72453308105469
2011-10-27,12169.651493252053,99.05912017822266
2011-10-28,12186.423042253646,99.03602600097656
2011-10-31,11894.527418364585,96.64868927001953
2011-11-01,11559.15339724511,93.95330810546875
2011-11-02,11755.144390653937,95.48583221435547
2011-11-03,12027.479566652404,97.2262954711914
2011-11-04,11932.705828181117,96.63329315185547
2011-11-07,12010.023267039207,97.2339859008789
2011-11-08,12155.793918301493,98.48158264160156
2011-11-09,11744.142805559517,94.84663391113281
2011-11-10,11813.534202718212,95.73995208740234
2011-11-11,12062.587528653734,97.54202270507812
2011-11-14,11977.078076307427,96.6178970336914
2011-11-15,12046.884321657135,97.09535217285156
2011-11-16,11833.201038882426,95.5551528930664
2011-11-17,11630.925562293098,94.03801727294922
2011-11-18,11616.762365995008,93.93791961669922
2011-11-21,11407.018824625658,92.15126037597656
2011-11-22,11356.818614207265,91.7892837524414
2011-11-23,11096.661057981131,89.76390838623047
2011-11-25,11054.897247106828,89.5945053100586
2011-11-28,11414.955987098114,92.18976593017578
2011-11-29,11430.298339861198,92.45159912109375
2011-11-30,11916.012599115345,96.25593566894531
2011-12-01,11944.299584178674,96.24053192138672
2011-12-02,11956.86021506393,96.15579223632812
2011-12-05,12073.507110382232,97.20316314697266
2011-12-06,12075.631590329054,97.2339859008789
2011-12-07,12134.16475649284,97.5959243774414
2011-12-08,11880.761604951418,95.45502471923828
2011-12-09,12082.738668991491,97.07225036621094
2011-12-12,11910.88759808201,95.65523529052734
2011-12-13,11797.300607238456,94.76192474365234
2011-12-14,11658.163023484823,93.75309753417969
2011-12-15,11678.830642064364,94.0919418334961
2011-12-16,11729.587737937984,94.2314453125
2011-12-19,11593.521331576663,93.22393798828125
2011-12-20,11953.706972208778,96.04490661621094
2011-12-21,11910.42311041536,96.23092651367188
2011-12-22,12032.071373305393,97.08341217041016
2011-12-23,12129.556949747483,97.95137786865234
2011-12-27,12103.304535982976,98.02888488769531
2011-12-28,11962.191058084522,96.74242401123047
2011-12-29,12091.439796056802,97.74214935302734
2011-12-30,12027.340096226097,97.26162719726562
2012-01-03,12256.300614115615,98.8116455078125
2012-01-04,12286.41330980867,98.96664428710938
2012-01-05,12319.769902619531,99.23014831542969
2012-01-06,12295.338842532265,98.9743881225586
2012-01-09,12338.751784922197,99.21463012695312
2012-01-10,12407.929999573274,100.07488250732422
2012-01-11,12409.057470691247,100.129150390625
2012-01-12,12457.141354722737,100.3693618774414
2012-01-13,12401.765104631211,99.85011291503906
2012-01-17,12435.602634684183,100.23765563964844
2012-01-18,12627.945114752434,101.34587860107422
2012-01-19,12687.4198181771,101.880615234375
2012-01-20,12652.665282289732,102.26038360595703
2012-01-23,12640.907090375107,101.99687957763672
2012-01-24,12622.962851424494,101.880615234375
2012-01-25,12711.133176519748,102.73310852050781
2012-01-26,12710.169438158335,102.20614624023438
2012-01-27,12736.221453684002,102.15962982177734
2012-01-30,12708.306599545393,101.8108901977539
2012-01-31,12709.482709296677,101.7721176147461
2012-02-01,12809.986476786498,102.6633529663086
2012-02-02,12886.787055462775,102.82610321044922
2012-02-03,13072.305681742493,104.26760864257812
2012-02-06,13070.357320171695,104.19784545898438
2012-02-07,13088.245085967557,104.46135711669922
2012-02-08,13126.78831859031,104.77136993408203
2012-02-09,13151.570946192774,104.90306091308594
2012-02-10,13067.282405251302,104.12808990478516
2012-02-13,13130.096393738808,104.90306091308594
2012-02-14,13142.006915272828,104.77136993408203
2012-02-15,13041.321916696985,104.28312683105469
2012-02-16,13166.503756894588,105.43783569335938
2012-02-17,13214.644571805846,105.71685028076172
2012-02-21,13219.183482950066,105.76334381103516
2012-02-22,13166.435361781221,105.4223403930664
2012-02-23,13209.796036208001,105.88732147216797
2012-02-24,13230.828097268557,106.11981201171875
2012-02-27,13250.179816414615,106.29810333251953
2012-02-28,13320.733119610613,106.60807037353516
2012-02-29,13251.994078114903,106.1895523071289
2012-03-01,13327.630423000162,106.73982238769531
2012-03-02,13295.574399234249,106.41429901123047
2012-03-05,13219.947194441387,105.98031616210938
2012-03-06,13031.000594809275,104.43035125732422
2012-03-07,13141.033517373926,105.15884399414062
2012-03-08,13262.980663718425,106.20504760742188
2012-03-09,13295.382222642242,106.61581420898438
2012-03-12,13279.553896565592,106.62358093261719
2012-03-13,13531.936697861873,108.54557037353516
2012-03-14,13532.563257683989,108.42929077148438
2012-03-15,13637.176182771014,109.05705261230469
2012-03-16,13645.289657409967,109.20806121826172
2012-03-19,13722.109313200885,109.63619995117188
2012-03-20,13698.791074535791,109.3170166015625
2012-03-21,13670.94321848826,109.13799285888672
2012-03-22,13598.55348498292,108.35184478759766
2012-03-23,13649.88367680118,108.7021255493164
2012-03-26,13853.275883106802,110.2277603149414
2012-03-27,13807.159931045051,109.88522338867188
2012-03-28,13777.365736556985,109.34040069580078
2012-03-29,13742.990551389346,109.153564453125
2012-03-30,13784.457565663499,109.60502624511719
2012-04-02,13889.384875218957,110.40675354003906
2012-04-03,13838.560120757402,109.95531463623047
2012-04-04,13672.460771263193,108.8656005859375
2012-04-05,13689.902367937379,108.81105041503906
2012-04-09,13538.615722276985,107.58898162841797
2012-04-10,13303.423126311713,105.78316497802734
2012-04-11,13407.453295519705,106.63937377929688
2012-04-12,13618.351533016292,108.03266906738281
2012-04-13,13433.47587434493,106.74835968017578
2012-04-16,13429.749802609094,106.67826080322266
2012-04-17,13635.483227510023,108.2584228515625
2012-04-18,13572.588632008092,107.89260864257812
2012-04-19,13455.671192774058,107.19979858398438
2012-04-20,13477.689258950242,107.37885284423828
2012-04-23,13337.189446041213,106.47592163085938
2012-04-24,13343.059676225756,106.88068389892578
2012-04-25,13520.959216274961,108.34403991699219
2012-04-26,13607.899468098862,109.09906005859375
2012-04-27,13666.889770430786,109.27810668945312
2012-04-30,13597.837156365758,108.87337493896484
2012-05-01,13657.876834678029,109.55052185058594
2012-05-02,13628.14741408643,109.22367095947266
2012-05-03,13477.843437433175,108.39076232910156
2012-05-04,13255.300047507024,106.63937377929688
2012-05-07,13271.76352243479,106.71722412109375
2012-05-08,13228.151849107135,106.28913116455078
2012-05-09,13136.043216988257,105.65857696533203
2012-05-10,13155.058065526064,105.8765640258789
2012-05-11,13142.264878360536,105.55738830566406
2012-05-14,13005.30713514558,104.38983917236328
2012-05-15,12955.126247730532,103.79045867919922
2012-05-16,12904.506138847017,103.39348602294922
2012-05-17,12722.857690519522,101.86004638671875
2012-05-18,12600.491730949876,100.9882583618164
2012-05-21,12783.308947809839,102.72407531738281
2012-05-22,12789.348964548386,102.9030990600586
2012-05-23,12852.263467662891,102.95759582519531
2012-05-24,12841.213182987474,103.15996551513672
2012-05-25,12803.975446588216,102.82527923583984
2012-05-29,12948.656157929463,104.07069396972656
2012-05-30,12779.411650417342,102.56061553955078
2012-05-31,12751.603175188258,102.33489227294922
2012-06-01,12432.576662331756,99.7584228515625
2012-06-04,12446.321325509625,99.71170806884766
2012-06-05,12527.45281467746,100.46674346923828
2012-06-06,12829.265485649146,102.72407531738281
2012-06-07,12819.45752592813,102.78633117675781
2012-06-08,12940.687435741,103.60364532470703
2012-06-11,12782.973870595422,102.28819274902344
2012-06-12,12947.257664031365,103.46355438232422
2012-06-13,12865.433479877374,102.80192565917969
2012-06-14,12974.645864931796,103.89167022705078
2012-06-15,13123.204013302857,104.95419311523438
2012-06-18,13140.067964887456,105.15758514404297
2012-06-19,13286.160055514707,106.17474365234375
2012-06-20,13282.567474483296,106.00261688232422
2012-06-21,13006.05890351693,103.62409210205078
2012-06-22,13127.829285239313,104.42216491699219
2012-06-25,12912.484519605225,102.74775695800781
2012-06-26,12974.27391475751,103.26415252685547
2012-06-27,13082.8380997232,104.1951904296875
2012-06-28,13030.590887390012,103.89793395996094
2012-06-29,13357.03227086069,106.48776245117188
2012-07-02,13399.130098677504,106.80854797363281
2012-07-03,13479.55236962649,107.51274871826172
2012-07-05,13454.864958294344,107.02762603759766
2012-07-06,13323.469420015483,106.01049041748047
2012-07-09,13305.187720502456,105.87745666503906
2012-07-10,13200.202101674096,104.95419311523438
2012-07-11,13188.012241683178,104.9698486328125
2012-07-12,13108.732607197779,104.4612808227539
2012-07-13,13336.180176078515,106.21391296386719
2012-07-16,13311.066319124899,105.96349334716797
2012-07-17,13379.763115211486,106.69114685058594
2012-07-18,13502.53816934363,107.48139953613281
2012-07-19,13540.9410750583,107.7630844116211
2012-07-20,13428.809066205316,106.77723693847656
2012-07-23,13326.679208372929,105.69744110107422
2012-07-24,13219.074992252872,104.78984832763672
2012-07-25,13173.928832494637,104.81333923339844
2012-07-26,13396.803012903261,106.54251861572266
2012-07-27,13687.392270400047,108.50640869140625
2012-07-30,13658.548927197598,108.50640869140625
2012-07-31,13593.065095359081,107.74745178222656
2012-08-01,13530.523743179214,107.65349578857422
2012-08-02,13428.268354782896,106.91022491455078
2012-08-03,13664.862567095119,109.03060913085938
2012-08-06,13680.152270871564,109.24186706542969
2012-08-07,13746.77991256727,109.78960418701172
2012-08-08,13764.335213068522,109.92256927490234
2012-08-09,13784.26726768844,110.01644134521484
2012-08-10,13809.123476234503,110.19647216796875
2012-08-13,13793.080415567387,110.14163208007812
2012-08-14,13814.308947015756,110.1572494506836
2012-08-15,13846.51283198353,110.282470703125
2012-08-16,13953.643280172062,111.09624481201172
2012-08-17,13958.298807274106,111.2448501586914
2012-08-20,13952.756369982646,111.25267791748047
2012-08-21,13914.131077913922,110.91627502441406
2012-08-22,13915.320408038366,110.96318054199219
2012-08-23,13803.651368513565,110.0555191040039
2012-08-24,13896.188451557586,110.72061157226562
2012-08-27,13885.947272793,110.7441177368164
2012-08-28,13881.540836966224,110.63459014892578
2012-08-29,13897.76752619951,110.72061157226562
2012-08-30,13781.681067862482,109.92256927490234
2012-08-31,13860.027791568791,110.44676971435547
2012-09-04,13794.727798685024,110.3449935913086
2012-09-05,13773.845103026293,110.25122833251953
2012-09-06,14077.933417998434,112.48888397216797
2012-09-07,14100.87459451865,112.92705535888672
2012-09-10,13980.194779243164,112.28553009033203
2012-09-11,14018.146066591526,112.59847259521484
2012-09-12,14057.645206667421,112.97400665283203
2012-09-13,14294.26687607986,114.6954116821289
2012-09-14,14341.730908224423,115.20393371582031
2012-09-17,14275.511147467634,114.81269836425781
2012-09-18,14278.530987266355,114.71884155273438
2012-09-19,14294.764317024501,114.78142547607422
2012-09-20,14288.444250203693,114.78926849365234
2012-09-21,14296.373081575122,114.74125671386719
2012-09-24,14265.105908663467,114.5682144165039
2012-09-25,14119.14018003143,113.34898376464844
2012-09-26,14055.394059104648,112.71183776855469
2012-09-27,14191.872999932568,113.77375030517578
2012-09-28,14133.545720329226,113.24671936035156
2012-10-01,14231.477961449244,113.54563903808594
2012-10-02,14224.466983909797,113.6635971069336
2012-10-03,14333.085494768895,114.12779235839844
2012-10-04,14464.757033018863,114.94573974609375
2012-10-05,14470.382354215526,114.95360565185547
2012-10-08,14432.094790422323,114.56037139892578
2012-10-09,14267.649663083703,113.42766571044922
2012-10-10,14188.926513480685,112.70401000976562
2012-10-11,14190.14099780277,112.76689147949219
2012-10-12,14138.575186630038,112.397216796875
2012-10-15,14271.893956676799,113.3332290649414
2012-10-16,14404.990183469601,114.48172760009766
2012-10-17,14449.17258477848,115.0008544921875
2012-10-18,14373.143109318205,114.70196533203125
2012-10-19,14143.43804709092,112.79051208496094
2012-10-22,14143.003383977517,112.80622863769531
2012-10-23,13979.658092804098,111.24089813232422
2012-10-24,13889.078748151449,110.9262924194336
2012-10-25,13923.536410870305,111.24873352050781
2012-10-26,13971.225282365094,111.18582916259766
2012-10-31,14003.939153371082,111.18582916259766
2012-11-01,14167.314459569425,112.35004425048828
2012-11-02,14051.896078032147,111.35102844238281
2012-11-05,14087.530026596805,111.57913208007812
2012-11-06,14210.683051377497,112.4522705078125
2012-11-07,13875.661278505135,109.90367126464844
2012-11-08,13743.314526094386,108.58219146728516
2012-11-09,13782.229842304308,108.67658996582031
2012-11-12,13780.322173641325,108.76312255859375
2012-11-13,13736.467953927637,108.3855209350586
2012-11-14,13541.73058730483,106.92247772216797
2012-11-15,13514.819299967134,106.7415771484375
2012-11-16,13564.664332150172,107.2685775756836
2012-11-19,13804.190522564631,109.43961334228516
2012-11-20,13833.885366133967,109.48676300048828
2012-11-21,13862.637656428573,109.69134521484375
2012-11-23,14028.912377905574,111.18582916259766
2012-11-26,14007.813921578156,110.94985961914062
2012-11-27,13952.954004625744,110.3835220336914
2012-11-28,14082.65512537178,111.27236938476562
2012-11-29,14137.853732973559,111.79149627685547
2012-11-30,14164.204543685366,111.81511688232422
2012-12-03,14079.088592337255,111.2645263671875
2012-12-04,14085.349197277648,111.10719299316406
2012-12-05,14143.056267443939,111.3038330078125
2012-12-06,14193.337745147011,111.68138122558594
2012-12-07,14219.30388976884,112.0196533203125
2012-12-10,14231.942739638427,112.0668716430664
2012-12-11,14335.804316517615,112.82984161376953
2012-12-12,14339.6591910391,112.88490295410156
2012-12-13,14272.07852543771,112.19269561767578
2012-12-14,14179.121390151631,111.7757568359375
2012-12-17,14373.019155844515,113.0893783569336
2012-12-18,14528.1439576445,114.34796905517578
2012-12-19,14416.643638146794,113.49844360351562
2012-12-20,14507.202856838181,114.15132141113281
2012-12-21,14371.20111298112,113.11512756347656
2012-12-24,14331.562344568005,112.7665786743164
2012-12-26,14263.47761327331,112.29127502441406
2012-12-27,14237.091208951486,112.14079284667969
2012-12-28,14091.545327645355,110.9287338256836
2012-12-31,14302.4680719418,112.81413269042969
2013-01-02,14722.514739020331,115.70552825927734
2013-01-03,14707.204217854434,115.44415283203125
2013-01-04,14775.55872758931,115.951171875
2013-01-07,14762.898590086383,115.63428497314453
2013-01-08,14700.171112612996,115.30157470703125
2013-01-09,14750.054489009348,115.59469604492188
2013-01-10,14862.069725149413,116.51358795166016
2013-01-11,14872.326159002037,116.50566101074219
2013-01-14,14859.362341628856,116.42639923095703
2013-01-15,14842.317470999298,116.50566101074219
2013-01-16,14837.45017718705,116.4898452758789
2013-01-17,14889.016727376404,117.24240112304688
2013-01-18,14923.805430692684,117.50385284423828
2013-01-22,14973.593808302865,118.13751983642578
2013-01-23,15015.033342163826,118.32774353027344
2013-01-24,15149.136804243284,118.359375
2013-01-25,15270.126862847463,119.02479553222656
2013-01-28,15241.32061789457,118.8822021484375
2013-01-29,15315.165391727438,119.34961700439453
2013-01-30,15285.328907039077,118.8822021484375
2013-01-31,15274.50100617843,118.589111328125
2013-02-01,15426.342613441324,119.80904388427734
2013-02-04,15276.242709624032,118.46236419677734
2013-02-05,15456.432490357154,119.65858459472656
2013-02-06,15487.96351254331,119.7457046508789
2013-02-07,15432.43401133815,119.58723449707031
2013-02-08,15509.472931811151,120.25267028808594
2013-02-11,15486.110187903558,120.22896575927734
2013-02-12,15518.351140399533,120.427001953125
2013-02-13,15552.054543168477,120.52995300292969
2013-02-14,15595.511061788886,120.64082336425781
2013-02-15,15567.846452926271,120.49820709228516
2013-02-19,15680.563644107093,121.40133666992188
2013-02-20,15482.28683006698,119.8882064819336
2013-02-21,15390.356809701241,119.15948486328125
2013-02-22,15513.373562561064,120.32403564453125
2013-02-25,15271.007572227509,118.03458404541016
2013-02-26,15366.811695666389,118.84260559082031
2013-02-27,15563.584352019003,120.33979797363281
2013-02-28,15544.71879876267,120.10216522216797
2013-03-01,15571.574129325138,120.49820709228516
2013-03-04,15642.318959030543,121.139892578125
2013-03-05,15796.288103752227,122.22520446777344
2013-03-06,15849.350796985085,122.39154815673828
2013-03-07,15896.373454191107,122.61333465576172
2013-03-08,15950.860572516698,123.13614654541016
2013-03-11,15982.036067905354,123.60360717773438
2013-03-12,15955.967510028955,123.32637023925781
2013-03-13,16007.280049764666,123.50057983398438
2013-03-14,16054.103008310643,124.15811157226562
2013-03-15,16021.590374002042,123.99423217773438
2013-03-18,15915.539822930265,123.30990600585938
2013-03-19,15878.822857553048,123.02342987060547
2013-03-20,15985.205356210687,123.88275146484375
2013-03-21,15821.49165361545,122.82453155517578
2013-03-22,15922.60734691594,123.81116485595703
2013-03-25,15876.75333902927,123.29396057128906
2013-03-26,16062.204056942495,124.28069305419922
2013-03-27,16064.391712211502,124.28069305419922
2013-03-28,16127.179156671165,124.66259765625
2013-04-01,16072.84157653921,124.16922760009766
2013-04-02,16178.365909563292,124.78192901611328
2013-04-03,15989.798021853967,123.51675415039062
2013-04-04,16052.629150272138,124.01807403564453
2013-04-05,15975.523933294477,123.46112060546875
2013-04-08,16071.962200594638,124.29657745361328
2013-04-09,16155.566403217606,124.72627258300781
2013-04-10,16363.299652520534,126.2540054321289
2013-04-11,16407.15125987098,126.66777038574219
2013-04-12,16388.982450830503,126.357421875
2013-04-15,16091.973541216084,123.42925262451172
2013-04-16,16276.206129569433,125.25141143798828
2013-04-17,16027.48449040065,123.42124938964844
2013-04-18,15885.111629939003,122.64946746826172
2013-04-19,16019.893781623405,123.71568298339844
2013-04-22,16099.534195487135,124.26469421386719
2013-04-23,16373.501853661362,125.54581451416016
2013-04-24,16388.15538013651,125.62541198730469
2013-04-25,16422.217603590223,126.13468933105469
2013-04-26,16381.388496702897,125.91184997558594
2013-04-29,16454.54175312114,126.75532531738281
2013-04-30,16491.24165223818,127.05764770507812
2013-05-01,16344.573089475722,125.94374084472656
2013-05-02,16501.455160577905,127.1133041381836
2013-05-03,16635.380364477383,128.40234375
2013-05-06,16669.813171545615,128.7285919189453
2013-05-07,16720.18135300904,129.38108825683594
2013-05-08,16818.51992091076,129.96990966796875
2013-05-09,16785.08797090922,129.6038818359375
2013-05-10,16862.24121570855,130.02565002441406
2013-05-13,16877.289402695456,130.12908935546875
2013-05-14,17045.124687936055,131.47381591796875
2013-05-15,17198.95011626509,132.18194580078125
2013-05-16,17120.176169485363,131.56130981445312
2013-05-17,17304.33957831949,132.8343963623047
2013-05-20,17300.41798363453,132.8264617919922
2013-05-21,17356.096934466943,133.01744079589844
2013-05-22,17198.945831656903,132.03076171875
2013-05-23,17133.75389718388,131.6488800048828
2013-05-24,17155.37419518145,131.5374298095703
2013-05-28,17232.9117002837,132.32522583007812
2013-05-29,17135.02874995044,131.46583557128906
2013-05-30,17274.764483201165,131.95126342773438
2013-05-31,17063.069042691826,130.0574951171875
2013-06-03,17158.47508406856,130.7736053466797
2013-06-04,17088.101045067935,130.14492797851562
2013-06-05,16863.686420297316,128.3228302001953
2013-06-06,16975.646361150808,129.48451232910156
2013-06-07,17203.89786400541,131.131591796875
2013-06-10,17217.922192788243,131.131591796875
2013-06-11,17008.292209652252,129.77890014648438
2013-06-12,16853.97474131074,128.70477294921875
2013-06-13,17097.228418136314,130.6621551513672
2013-06-14,16980.483183579123,129.84262084960938
2013-06-17,17164.220350715335,130.84518432617188
2013-06-18,17316.26510974586,131.87962341308594
2013-06-19,17117.475478379045,130.0574951171875
2013-06-20,16700.9736571334,126.8348159790039
2013-06-21,16702.044721892322,127.2419662475586
2013-06-24,16497.08453638545,125.6341552734375
2013-06-25,16641.656440812756,126.84207153320312
2013-06-26,16801.819974145325,128.097900390625
2013-06-27,16903.7025265273,128.84979248046875
2013-06-28,16820.24167766755,128.3218536376953
2013-07-01,16933.702002775124,129.0738525390625
2013-07-02,16896.12860097493,128.95379638671875
2013-07-03,16914.27224397095,129.00982666015625
2013-07-05,17110.355677743828,130.40164184570312
2013-07-08,17202.761416132038,131.1456298828125
2013-07-09,17340.99165971949,132.0894775390625
2013-07-10,17345.823790720387,132.13748168945312
2013-07-11,17581.33327060405,133.93727111816406
2013-07-12,17670.484685909218,133.99327087402344
2013-07-15,17710.388727777445,134.50521850585938
2013-07-16,17623.93038521435,134.0012969970703
2013-07-17,17707.12602343117,134.3452606201172
2013-07-18,17751.67050145927,135.0811767578125
2013-07-19,17759.90017236834,135.3211212158203
2013-07-22,17826.538874936134,135.58505249023438
2013-07-23,17813.604659451907,135.29718017578125
2013-07-24,17725.269774255943,134.80117797851562
2013-07-25,17790.02136938095,135.12913513183594
2013-07-26,17816.483102685725,135.2731475830078
2013-07-29,17773.6913701516,134.85716247558594
2013-07-30,17796.434109865284,134.85716247558594
2013-07-31,17747.34569786415,134.95321655273438
2013-08-01,17968.975672932494,136.51300048828125
2013-08-02,18011.515424013076,136.7449951171875
2013-08-05,18014.251950250946,136.54498291015625
2013-08-06,17908.430122968057,135.76907348632812
2013-08-07,17836.20396033597,135.3291778564453
2013-08-08,17931.24149276026,135.82508850097656
2013-08-09,17854.468627285238,135.43313598632812
2013-08-12,17834.69755961632,135.2731475830078
2013-08-13,17890.808956033277,135.67311096191406
2013-08-14,17788.14359153255,134.97714233398438
2013-08-15,17521.78074504415,133.08935546875
2013-08-16,17505.343694304873,132.6494598388672
2013-08-19,17440.6969829141,131.80148315429688
2013-08-20,17522.12687200091,132.44947814941406
2013-08-21,17416.520238023324,131.63352966308594
2013-08-22,17579.28981181742,132.83343505859375
2013-08-23,17665.96153583301,133.28135681152344
2013-08-26,17654.512933396458,132.78536987304688
2013-08-27,17376.29261477739,130.6496124267578
2013-08-28,17439.98520713944,131.11361694335938
2013-08-29,17484.42006908675,131.3216094970703
2013-08-30,17430.3961212609,130.90560913085938
2013-09-03,17511.05625824069,131.49757385253906
2013-09-04,17645.289245393207,132.58544921875
2013-09-05,17677.983910237217,132.75340270996094
2013-09-06,17647.836070568745,132.81736755371094
2013-09-09,17792.43195426794,134.0893096923828
2013-09-10,18025.344636949223,135.0811767578125
2013-09-11,18031.091506372584,135.5050811767578
2013-09-12,17999.789196136022,135.14515686035156
2013-09-13,18071.5116023205,135.44911193847656
2013-09-16,18184.302257934607,136.23300170898438
2013-09-17,18268.199155135324,136.84091186523438
2013-09-18,18509.13301244551,138.42477416992188
2013-09-19,18520.677683171445,138.1927947998047
2013-09-20,18441.257175524894,137.2266845703125
2013-09-23,18332.789742336092,136.59156799316406
2013-09-24,18291.769531309605,136.27011108398438
2013-09-25,18232.25068450211,135.8762664794922
2013-09-26,18291.792076350117,136.39871215820312
2013-09-27,18215.422128082642,135.77175903320312
2013-09-30,18129.614605297138,135.04830932617188
2013-10-01,18312.635737018092,136.1173858642578
2013-10-02,18289.684005868516,135.98878479003906
2013-10-03,18106.441482327515,134.7348175048828
2013-10-04,18219.861598498042,135.75564575195312
2013-10-07,18042.042463428912,134.5820770263672
2013-10-08,17819.173482469643,133.01466369628906
2013-10-09,17800.615447593074,133.11114501953125
2013-10-10,18229.327230839306,135.98072814941406
2013-10-11,18349.915861125653,136.8568572998047
2013-10-14,18463.130726026986,137.40345764160156
2013-10-15,18337.578343756057,136.40675354003906
2013-10-16,18605.09883553848,138.31178283691406
2013-10-17,18715.04148622482,139.23617553710938
2013-10-18,18841.245450724968,140.1766815185547
2013-10-21,18856.255577216172,140.18463134765625
2013-10-22,18891.133962425745,140.9965362548828
2013-10-23,18782.18660965048,140.3213348388672
2013-10-24,18876.956210224485,140.7875213623047
2013-10-25,18993.916305591905,141.43057250976562
2013-10-28,18991.117196821397,141.6556396484375
2013-10-29,19133.593009454533,142.41119384765625
2013-10-30,19037.433602504887,141.7038116455078
2013-10-31,18962.786288832172,141.30197143554688
2013-11-01,19036.348900605994,141.63958740234375
2013-11-04,19089.09419096695,142.13790893554688
2013-11-05,19074.096833808213,141.687744140625
2013-11-06,19144.325528037138,142.41119384765625
2013-11-07,18853.139546105704,140.6106719970703
2013-11-08,19100.88006915959,142.50770568847656
2013-11-11,19144.4713392689,142.5318603515625
2013-11-12,19096.545462500555,142.24240112304688
2013-11-13,19263.150164005783,143.38381958007812
2013-11-14,19303.33939825303,144.09925842285156
2013-11-15,19403.828882375747,144.72621154785156
2013-11-18,19323.005545257474,144.21978759765625
2013-11-19,19294.89330527048,143.90631103515625
2013-11-20,19161.271923674885,143.45616149902344
2013-11-21,19319.492571173,144.6136474609375
2013-11-22,19381.752941351864,145.3370819091797
2013-11-25,19398.39625254402,145.19244384765625
2013-11-26,19438.937858453537,145.2326202392578
2013-11-27,19512.46523709739,145.58628845214844
2013-11-29,19523.178790478112,145.4898223876953
2013-12-02,19442.239540031926,145.11199951171875
2013-12-03,19389.391217916,144.48504638671875
2013-12-04,19368.087819289343,144.46896362304688
2013-12-05,19314.962360070083,143.8339385986328
2013-12-06,19520.563146294844,145.44155883789062
2013-12-09,19544.973845896096,145.8113250732422
2013-12-10,19474.00242121015,145.28887939453125
2013-12-11,19306.698778373004,143.6571502685547
2013-12-12,19238.919643875957,143.1829071044922
2013-12-13,19226.239874623334,143.1667938232422
2013-12-16,19399.643506324537,144.0590362548828
2013-12-17,19425.10595074172,143.60084533691406
2013-12-18,19744.686269349615,146.0524444580078
2013-12-19,19712.15806907263,145.8836212158203
2013-12-20,19814.6269984077,146.7322540283203
2013-12-23,19927.821388987333,147.51622009277344
2013-12-24,19991.4612499165,147.8394012451172
2013-12-26,20098.036422488927,148.5911102294922
2013-12-27,20084.01485014601,148.58297729492188
2013-12-30,20091.693363927938,148.5586700439453
2013-12-31,20167.005925753485,149.26185607910156
2014-01-02,20071.051622143594,147.8313751220703
2014-01-03,20077.625327554633,147.80715942382812
2014-01-06,20038.430787872116,147.37879943847656
2014-01-07,20137.843792300755,148.283935546875
2014-01-08,20151.329834909146,148.31629943847656
2014-01-09,20141.761751636346,148.4132843017578
2014-01-10,20153.175839618205,148.8173828125
2014-01-13,19917.909550803306,146.8373260498047
2014-01-14,20176.810098441834,148.4375
2014-01-15,20319.370451753148,149.23760986328125
2014-01-16,20277.871139411727,149.04359436035156
2014-01-17,20256.951108271416,148.4132843017578
2014-01-21,20302.01799975807,148.849609375
2014-01-22,20343.25519411637,148.94664001464844
2014-01-23,20252.887846434693,147.72633361816406
2014-01-24,19830.24111224524,144.57443237304688
2014-01-27,19725.522093649266,143.86322021484375
2014-01-28,19891.894912590156,144.71987915039062
2014-01-29,19654.203334691592,143.3299102783203
2014-01-30,19908.47756843561,144.8492431640625
2014-01-31,19748.99795577224,144.00064086914062
2014-02-03,19321.74528996259,140.75990295410156
2014-02-04,19389.781851776836,141.74583435058594
2014-02-05,19360.049007243015,141.5680389404297
2014-02-06,19634.976028410765,143.43484497070312
2014-02-07,19914.329595100087,145.2128448486328
2014-02-10,19968.521151701007,145.4795684814453
2014-02-11,20192.754160649823,147.0717315673828
2014-02-12,20206.57527347397,147.14443969726562
2014-02-13,20328.749064381802,147.90408325195312
2014-02-14,20408.392775913344,148.72035217285156
2014-02-18,20407.44796857838,148.89816284179688
2014-02-19,20214.07073496831,147.91226196289062
2014-02-20,20361.271346544403,148.78500366210938
2014-02-21,20312.269419082488,148.61529541015625
2014-02-24,20489.89490617744,149.439697265625
2014-02-25,20551.48169102532,149.3831024169922
2014-02-26,20615.750508492696,149.3911590576172
2014-02-27,20708.34237852261,150.1750946044922
2014-02-28,20727.504319359505,150.55496215820312
2014-03-03,20555.409965833136,149.49618530273438
2014-03-04,20889.83827294035,151.59747314453125
2014-03-05,20899.579927239916,151.73487854003906
2014-03-06,20921.60347654115,152.08241271972656
2014-03-07,20907.46386626803,152.14695739746094
2014-03-10,20870.936711357248,152.0662078857422
2014-03-11,20772.78262459406,151.31463623046875
2014-03-12,20822.757721945196,151.3550262451172
2014-03-13,20554.734663213127,149.6578369140625
2014-03-14,20436.411239336052,149.23760986328125
2014-03-17,20665.980249590884,150.5872344970703
2014-03-18,20830.69841365366,151.66209411621094
2014-03-19,20740.90916362238,150.8539581298828
2014-03-20,20900.014146548725,151.73487854003906
2014-03-21,20783.940053599366,151.14637756347656
2014-03-24,20684.71005346417,150.52130126953125
2014-03-25,20759.717081304112,151.2356719970703
2014-03-26,20624.762838044942,150.1478729248047
2014-03-27,20556.707910444668,149.83128356933594
2014-03-28,20646.366275126027,150.57000732421875
2014-03-31,20778.312850864662,151.8038787841797
2014-04-01,20997.35089981296,152.8104248046875
2014-04-02,21033.888656662377,153.32183837890625
2014-04-03,20988.408306082125,153.118896484375
2014-04-04,20656.187274901025,151.30873107910156
2014-04-07,20465.291865164363,149.63648986816406
2014-04-08,20584.730002122607,150.25344848632812
2014-04-09,20808.98699634659,151.86883544921875
2014-04-10,20325.50864568725,148.6786651611328
2014-04-11,20119.852352517584,147.33924865722656
2014-04-14,20309.402667309005,148.50009155273438
2014-04-15,20433.329705364835,149.5228729248047
2014-04-16,20616.00371244735,151.0895233154297
2014-04-17,20626.986139963945,151.3005828857422
2014-04-21,20704.5857319694,151.8282012939453
2014-04-22,20866.324839420427,152.51815795898438
2014-04-23,20754.50500182546,152.16099548339844
2014-04-24,20812.90185617882,152.46949768066406
2014-04-25,20520.091786244713,151.2194366455078
2014-04-28,20537.620315869306,151.69837951660156
2014-04-29,20649.623302501433,152.40455627441406
2014-04-30,20701.59541642676,152.85911560058594
2014-05-01,20715.98208619309,152.87533569335938
2014-05-02,20686.295884262574,152.65618896484375
2014-05-05,20726.576898566087,152.9484405517578
2014-05-06,20514.333640363373,151.61715698242188
2014-05-07,20616.118301810802,152.51007080078125
2014-05-08,20572.951935754354,152.3477325439453
2014-05-09,20594.751301407712,152.57505798339844
2014-05-12,20804.36671037295,154.0605010986328
2014-05-13,20820.15154864963,154.19850158691406
2014-05-14,20729.725509794112,153.46791076660156
2014-05-15,20539.46952062413,152.12042236328125
2014-05-16,20616.80600745242,152.6480712890625
2014-05-19,20710.62918300256,153.2081756591797
2014-05-20,20610.88073693141,152.24215698242188
2014-05-21,20798.944092691992,153.52476501464844
2014-05-22,20878.48564986474,153.8981475830078
2014-05-23,20989.621430936775,154.51512145996094
2014-05-27,21143.39853688722,155.4647674560547
2014-05-28,21106.28527352687,155.35118103027344
2014-05-29,21214.147889976317,156.15478515625
2014-05-30,21271.212595148332,156.4064178466797
2014-06-02,21286.6753336708,156.58499145507812
2014-06-03,21281.80890022584,156.50387573242188
2014-06-04,21292.192207267894,156.82041931152344
2014-06-05,21454.1935162894,157.84324645996094
2014-06-06,21583.23248372344,158.59815979003906
2014-06-09,21591.720067404272,158.7604522705078
2014-06-10,21610.886326784228,158.77674865722656
2014-06-11,21495.071131321474,158.22471618652344
2014-06-12,21342.62787291354,157.10455322265625
2014-06-13,21425.189982952365,157.58346557617188
2014-06-16,21439.134823850014,157.7133331298828
2014-06-17,21530.63204027504,158.1517333984375
2014-06-18,21671.3663034702,159.3125
2014-06-19,21675.756220061543,159.4910430908203
2014-06-20,21688.11535816969,159.81488037109375
2014-06-23,21700.878561663627,159.7659149169922
2014-06-24,21562.79510933597,158.80349731445312
2014-06-25,21695.326660441053,159.52120971679688
2014-06-26,21653.699659994574,159.40704345703125
2014-06-27,21721.47261089817,159.71702575683594
2014-06-30,21739.74940268682,159.63540649414062
2014-07-01,21983.30090839582,160.703857421875
2014-07-02,21981.01974884952,160.86703491210938
2014-07-03,22096.369504987615,161.65814208984375
2014-07-07,21998.2233774693,161.09542846679688
2014-07-08,21827.668536337347,160.05955505371094
2014-07-09,21924.640266860708,160.77732849121094
2014-07-10,21820.83732819855,160.14108276367188
2014-07-11,21879.379730507037,160.361328125
2014-07-14,22036.152710382325,161.16888427734375
2014-07-15,22035.086666456406,160.86703491210938
2014-07-16,22138.396249000896,161.4624481201172
2014-07-17,21887.78267654159,159.627197265625
2014-07-18,22097.870035049316,161.25856018066406
2014-07-21,22087.54107762892,160.9567413330078
2014-07-22,22164.108848067746,161.65814208984375
2014-07-23,22118.020250808324,162.0170440673828
2014-07-24,22062.748247122174,162.02517700195312
2014-07-25,21887.647048434574,161.26669311523438
2014-07-28,21913.98022079032,161.33193969726562
2014-07-29,21832.240392339492,160.63861083984375
2014-07-30,21891.61884779647,160.66310119628906
2014-07-31,21452.93274383725,157.4903106689453
2014-08-01,21385.75654284175,157.00906372070312
2014-08-04,21512.44827046337,158.1427764892578
2014-08-05,21326.730795975986,156.60940551757812
2014-08-06,21392.222606050294,156.6583709716797
2014-08-07,21330.98158502865,155.81008911132812
2014-08-08,21589.5077389073,157.61268615722656
2014-08-11,21667.248349893205,158.0694122314453
2014-08-12,21646.919266558736,157.84918212890625
2014-08-13,21811.599173330116,158.9176483154297
2014-08-14,21906.086229543813,159.6680145263672
2014-08-15,21894.1683846175,159.63540649414062
2014-08-18,22086.830282067174,160.9730682373047
2014-08-19,22213.797909942325,161.81321716308594
2014-08-20,22288.05263167838,162.24539184570312
2014-08-21,22386.839518915207,162.718505859375
2014-08-22,22358.534331732753,162.4656219482422
2014-08-25,22466.50476449822,163.28945922851562
2014-08-26,22514.89177185429,163.3955078125
2014-08-27,22519.824118847097,163.33023071289062
2014-08-28,22480.47928134943,163.24053955078125
2014-08-29,22600.731141678407,163.70542907714844
2014-09-02,22605.54730204093,163.6238555908203
2014-09-03,22615.92442387642,163.53414916992188
2014-09-04,22653.17673183381,163.297607421875
2014-09-05,22740.294075115005,164.03172302246094
2014-09-08,22720.44537640006,163.6075439453125
2014-09-09,22554.00278803822,162.5717010498047
2014-09-10,22653.22752703334,163.18345642089844
2014-09-11,22656.222715920943,163.3709716796875
2014-09-12,22537.25714130776,162.41671752929688
2014-09-15,22445.134995971785,162.2943572998047
2014-09-16,22633.025918278316,163.51783752441406
2014-09-17,22664.13453689786,163.73806762695312
2014-09-18,22843.225345277697,164.61073303222656
2014-09-19,22816.716945631935,164.4624481201172
2014-09-22,22628.38611294305,163.19235229492188
2014-09-23,22495.10462505126,162.25814819335938
2014-09-24,22673.536889007595,163.5283203125
2014-09-25,22284.58244329644,160.88966369628906
2014-09-26,22458.16602984959,162.16806030273438
2014-09-29,22416.46867210768,161.87298583984375
2014-09-30,22370.29432383766,161.44688415527344
2014-10-01,22142.526406438927,159.2589874267578
2014-10-02,22161.037526661035,159.28355407714844
2014-10-03,22407.096024521197,161.03713989257812
2014-10-06,22405.685061672844,160.8487091064453
2014-10-07,22078.953678911752,158.36578369140625
2014-10-08,22490.338130464024,161.13552856445312
2014-10-09,22080.527226168884,157.93966674804688
2014-10-10,21678.94402299775,156.1368865966797
2014-10-13,21362.446260962555,153.572021484375
2014-10-14,21448.26605301832,153.8096466064453
2014-10-15,21229.96905318548,152.7689666748047
2014-10-16,21131.790454507787,152.63787841796875
2014-10-17,21427.19335178937,154.4406280517578
2014-10-20,21584.82064485683,155.94021606445312
2014-10-21,22038.84505620285,159.02951049804688
2014-10-22,21843.823124484417,157.89869689941406
2014-10-23,22147.379995688578,159.73426818847656
2014-10-24,22278.56636938985,160.9634246826172
2014-10-27,22215.652847608744,160.74215698242188
2014-10-28,22567.037180156512,162.58596801757812
2014-10-29,22567.986111128947,162.34011840820312
2014-10-30,22752.488146972297,163.38076782226562
2014-10-31,23060.520925512115,165.2490997314453
2014-11-03,23077.317270923242,165.33924865722656
2014-11-04,23061.816748685047,164.76559448242188
2014-11-05,23175.523358440474,165.80633544921875
2014-11-06,23229.937840250826,166.4700927734375
2014-11-07,23222.779508526735,166.62574768066406
2014-11-10,23326.09862711056,167.15020751953125
2014-11-11,23340.735535522934,167.31410217285156
2014-11-12,23310.73540307835,167.13388061523438
2014-11-13,23356.391431297212,167.32232666015625
2014-11-14,23395.201793843058,167.36329650878906
2014-11-17,23400.966676230466,167.4697723388672
2014-11-18,23521.925365381117,168.43673706054688
2014-11-19,23472.328495569956,168.16636657714844
2014-11-20,23562.498830422897,168.46136474609375
2014-11-21,23666.753110809736,169.3627471923828
2014-11-24,23736.861538935293,169.8379669189453
2014-11-25,23683.6437915899,169.71510314941406
2014-11-26,23800.187205047943,170.1494140625
2014-11-28,23825.76708875186,169.78883361816406
2014-12-01,23623.05041762855,168.60888671875
2014-12-02,23790.279811092994,169.6986846923828
2014-12-03,23879.768786011973,170.35427856445312
2014-12-04,23895.025489343458,170.16575622558594
2014-12-05,23947.707549938168,170.4444122314453
2014-12-08,23790.051678283337,169.30538940429688
2014-12-09,23793.849285462195,169.19065856933594
2014-12-10,23380.985295608894,166.4783172607422
2014-12-11,23479.36809666635,167.32232666015625
2014-12-12,23075.68763443051,164.6181640625
2014-12-15,22941.022233840915,163.4873504638672
2014-12-16,22703.471070743948,162.17623901367188
2014-12-17,23180.55392438468,165.35565185546875
2014-12-18,23770.402341594894,169.44468688964844
2014-12-19,23835.415411272534,170.16561889648438
2014-12-22,23999.916721219917,170.9484100341797
2014-12-23,24035.437479929475,171.1790771484375
2014-12-24,24068.242717054185,171.19561767578125
2014-12-26,24139.684857602657,171.74766540527344
2014-12-29,24144.79661210156,171.9783935546875
2014-12-30,24017.839903390897,171.0554962158203
2014-12-31,23776.313103513115,169.358154296875
2015-01-02,23812.726271759086,169.26751708984375
2015-01-05,23376.987000694095,166.2106170654297
2015-01-06,23147.81188973429,164.6450958251953
2015-01-07,23417.869407608283,166.6967315673828
2015-01-08,23804.73402800815,169.65475463867188
2015-01-09,23590.075562917602,168.29525756835938
2015-01-12,23415.33644151594,166.97689819335938
2015-01-13,23382.08096657919,166.50726318359375
2015-01-14,23215.553996802457,165.50198364257812
2015-01-15,22992.765229406046,163.9858856201172
2015-01-16,23288.88802425861,166.13644409179688
2015-01-20,23327.651712385614,166.4907989501953
2015-01-21,23523.0817374889,167.33120727539062
2015-01-22,23898.344656712834,169.81961059570312
2015-01-23,23833.467728823034,168.88853454589844
2015-01-26,23861.100834245262,169.28399658203125
2015-01-27,23503.819441335632,167.05104064941406
2015-01-28,23243.05616947541,164.90872192382812
2015-01-29,23500.341715199706,166.43309020996094
2015-01-30,23193.4581205796,164.34019470214844
2015-02-02,23493.797590819944,166.37539672851562
2015-02-03,23830.56892172131,168.78138732910156
2015-02-04,23772.063532082753,168.13870239257812
2015-02-05,24025.879304286915,169.83604431152344
2015-02-06,23927.908847331797,169.3663787841797
2015-02-09,23810.733949743306,168.6083984375
2015-02-10,24122.086142022858,170.4046173095703
2015-02-11,24082.496225812993,170.50347900390625
2015-02-12,24319.190260909483,172.1431884765625
2015-02-13,24387.17033056889,172.851806640625
2015-02-17,24432.86183378109,173.12368774414062
2015-02-18,24419.67841537672,173.14013671875
2015-02-19,24394.671081503802,173.0165252685547
2015-02-20,24591.066096508708,174.05477905273438
2015-02-23,24550.860576182877,174.03005981445312
2015-02-24,24658.947153102956,174.5244598388672
2015-02-25,24640.971963236065,174.3761444091797
2015-02-26,24739.86468812598,174.170166015625
2015-02-27,24602.825380350754,173.576904296875
2015-03-02,24799.35396226103,174.67276000976562
2015-03-03,24686.02109465506,173.9558868408203
2015-03-04,24607.818841861288,173.22256469726562
2015-03-05,24691.762164815053,173.41213989257812
2015-03-06,24330.401920025604,170.97312927246094
2015-03-09,24418.777946844635,171.68177795410156
2015-03-10,24008.690093944653,168.89674377441406
2015-03-11,23971.309396164856,168.50115966796875
2015-03-12,24243.334505943163,170.64356994628906
2015-03-13,24096.17781140723,169.59713745117188
2015-03-16,24438.644066156277,171.863037109375
2015-03-17,24335.76144593324,171.35211181640625
2015-03-18,24587.641836665607,173.41213989257812
2015-03-19,24470.734707849788,172.6210479736328
2015-03-20,24685.304731035805,174.144775390625
2015-03-23,24614.09545092241,173.805419921875
2015-03-24,24500.054319253402,172.82884216308594
2015-03-25,24006.972125498145,170.2962646484375
2015-03-26,23928.729726345042,169.8907012939453
2015-03-27,24000.452374508986,170.27967834472656
2015-03-30,24319.919007691115,172.35702514648438
2015-03-31,24090.6824993487,170.85067749023438
2015-04-01,24032.864026024115,170.24652099609375
2015-04-02,24081.23904348955,170.85903930664062
2015-04-06,24262.43480470449,172.00942993164062
2015-04-07,24251.347259598973,171.55422973632812
2015-04-08,24377.794702058996,172.1336212158203
2015-04-09,24481.59096224309,172.89500427246094
2015-04-10,24661.924983867262,173.8385467529297
2015-04-13,24570.81295208877,173.05223083496094
2015-04-14,24585.049705187885,173.38340759277344
2015-04-15,24712.818588288243,174.16128540039062
2015-04-16,24820.17319196036,174.1116485595703
2015-04-17,24506.24556698828,172.10877990722656
2015-04-20,24739.447677330114,173.6813201904297
2015-04-21,24724.574831411643,173.47438049316406
2015-04-22,24937.62810882199,174.3268280029297
2015-04-23,24883.494801574914,174.7654571533203
2015-04-24,24957.03770135798,175.17103576660156
2015-04-27,24914.756063542496,174.4427490234375
2015-04-28,24981.691428589038,174.99728393554688
2015-04-29,24879.670336056053,174.27719116210938
2015-04-30,24622.773694529922,172.5308837890625
2015-05-01,24871.709884020973,174.40133666992188
2015-05-04,24958.864378022612,174.89794921875
2015-05-05,24709.61448621405,172.89500427246094
2015-05-06,24594.38842614411,172.1832733154297
2015-05-07,24758.533620716556,172.87017822265625
2015-05-08,25070.723489335454,175.14617919921875
2015-05-11,25001.23564341342,174.31028747558594
2015-05-12,24951.09036978525,173.78887939453125
2015-05-13,25003.602208663473,173.8219757080078
2015-05-14,25305.02100134929,175.6345672607422
2015-05-15,25362.09953285508,175.8249053955078
2015-05-18,25441.46648300123,176.37110900878906
2015-05-19,25416.4896663666,176.31317138671875
2015-05-20,25374.92398701079,176.1890869140625
2015-05-21,25396.59014942915,176.70220947265625
2015-05-22,25351.337019977407,176.2801055908203
2015-05-26,25098.67433491127,174.3848419189453
2015-05-27,25430.288977256267,176.04006958007812
2015-05-28,25421.36134727608,175.8413848876953
2015-05-29,25257.67524517824,174.74888610839844
2015-06-01,25307.06726669217,175.10484313964844
2015-06-02,25251.82760191421,174.93099975585938
2015-06-03,25325.809949804643,175.39451599121094
2015-06-04,25123.47309083997,173.9130401611328
2015-06-05,25109.881180965418,173.6150665283203
2015-06-08,24921.38029845397,172.54739379882812
2015-06-09,24971.07685750555,172.52256774902344
2015-06-10,25288.950808073514,174.59170532226562
2015-06-11,25331.671148005014,175.15455627441406
2015-06-12,25141.73122898766,173.813720703125
2015-06-15,25028.696474346078,173.06884765625
2015-06-16,25190.382085577614,174.0123291015625
2015-06-17,25245.133357262515,174.293701171875
2015-06-18,25492.685625559014,176.10629272460938
2015-06-19,25340.250735412483,175.3245391845703
2015-06-22,25492.447963836075,176.2227325439453
2015-06-23,25546.78180507606,176.34744262695312
2015-06-24,25333.499299537838,175.06666564941406
2015-06-25,25221.39990943148,174.53440856933594
2015-06-26,25164.82162711126,174.50119018554688
2015-06-29,24654.443364535233,170.84178161621094
2015-06-30,24725.195995404178,171.19940185546875
2015-07-01,24958.6646806678,172.57168579101562
2015-07-02,24982.693009596864,172.41363525390625
2015-07-06,24903.82200451365,171.92295837402344
2015-07-07,24947.65743262483,173.00413513183594
2015-07-08,24541.3789585195,170.10159301757812
2015-07-09,24564.81444926058,170.4093475341797
2015-07-10,24904.134933039957,172.55508422851562
2015-07-13,25210.58189404342,174.4595947265625
2015-07-14,25356.549027030913,175.21633911132812
2015-07-15,25358.572226226028,175.15821838378906
2015-07-16,25710.591930288945,176.56370544433594
2015-07-17,25817.413801680177,176.71336364746094
2015-07-20,25849.47164949531,176.8048858642578
2015-07-21,25714.4756205212,176.1063232421875
2015-07-22,25652.19929424096,175.79025268554688
2015-07-23,25492.08326472666,174.8005828857422
2015-07-24,25325.108919355465,172.9875030517578
2015-07-27,25131.297232110614,171.98117065429688
2015-07-28,25420.711337266068,174.09371948242188
2015-07-29,25604.048275687943,175.29124450683594
2015-07-30,25658.221301594673,175.33277893066406
2015-07-31,25638.63479877994,175.06666564941406
2015-08-03,25580.923577824033,174.47622680664062
2015-08-04,25578.775185788065,174.13525390625
2015-08-05,25783.82702481214,174.70907592773438
2015-08-06,25546.661816215,173.2786407470703
2015-08-07,25577.935238554022,172.94593811035156
2015-08-10,25859.89207488422,175.12489318847656
2015-08-11,25608.541551727772,173.54478454589844
2015-08-12,25619.911467751404,173.752685546875
2015-08-13,25653.022071971423,173.5364227294922
2015-08-14,25759.411915899902,174.16845703125
2015-08-17,25893.186005494517,175.14154052734375
2015-08-18,25847.831672704197,174.63417053222656
2015-08-19,25645.830621095945,173.25367736816406
2015-08-20,24991.92369589919,169.6358642578125
2015-08-21,24141.145177384235,164.52943420410156
2015-08-24,23162.258035640127,157.60162353515625
2015-08-25,22850.917612661942,155.7469940185547
2015-08-26,23847.7240992532,161.7267303466797
2015-08-27,24488.559894150007,165.7270050048828
2015-08-28,24527.50582923694,165.73533630371094
2015-08-31,24314.398333043177,164.3964080810547
2015-09-01,23508.42046913567,159.489501953125
2015-09-02,23972.374914812848,162.51678466796875
2015-09-03,23956.76066957792,162.63320922851562
2015-09-04,23544.23721915372,160.17144775390625
2015-09-08,24166.265490979407,164.1967315673828
2015-09-09,23877.001202504456,162.0011444091797
2015-09-10,24016.246706576236,162.88270568847656
2015-09-11,24129.654700084226,163.6229248046875
2015-09-14,24031.387200694597,163.01577758789062
2015-09-15,24367.445473772274,165.0533905029297
2015-09-16,24597.158243262398,166.48388671875
2015-09-17,24546.069508081022,166.109619140625
2015-09-18,24201.329429191035,163.39512634277344
2015-09-21,24324.820839495256,164.2394561767578
2015-09-22,23996.370105447855,162.1077117919922
2015-09-23,23990.17921153119,161.84854125976562
2015-09-24,23956.308505258334,161.26332092285156
2015-09-25,23968.34133859023,161.2215576171875
2015-09-28,23391.670916149546,157.17538452148438
2015-09-29,23434.658879784096,157.26730346679688
2015-09-30,23905.780377337174,160.20162963867188
2015-10-01,23938.22894779768,160.6195831298828
2015-10-02,24241.710657296302,163.01895141601562
2015-10-05,24721.99664508115,165.91986083984375
2015-10-06,24626.91100971383,165.3513641357422
2015-10-07,24822.949348645132,166.70570373535156
2015-10-08,24994.62369681459,168.21044921875
2015-10-09,24994.664113646715,168.31072998046875
2015-10-12,25076.123210619895,168.4696044921875
2015-10-13,24937.526611640955,167.40792846679688
2015-10-14,24837.003059250943,166.60528564453125
2015-10-15,25153.050238329928,169.1634521484375
2015-10-16,25250.775878158343,169.93260192871094
2015-10-19,25288.487862275215,170.01622009277344
2015-10-20,25183.68261128217,169.798828125
2015-10-21,25053.679542108417,168.74549865722656
2015-10-22,25590.649528110334,171.59622192382812
2015-10-23,25957.700585435625,173.477294921875
2015-10-26,25950.325936582074,173.0509033203125
2015-10-27,25892.782344358773,172.71646118164062
2015-10-28,26247.01468404238,174.68099975585938
2015-10-29,26105.54585952474,174.58071899414062
2015-10-30,25960.903819502277,173.8282928466797
2015-11-02,26198.654724635817,175.88485717773438
2015-11-03,26281.950706833188,176.3948211669922
2015-11-04,26342.647276280466,175.8597869873047
2015-11-05,26321.48918608039,175.68421936035156
2015-11-06,26542.984655014778,175.59231567382812
2015-11-09,26255.107767692167,173.95375061035156
2015-11-10,26262.074491950363,174.3550262451172
2015-11-11,26233.981169726347,173.6694793701172
2015-11-12,25873.514184548803,171.24510192871094
2015-11-13,25499.06546954431,169.3223114013672
2015-11-16,25937.38192890539,171.897216796875
2015-11-17,25987.34841560694,171.77178955078125
2015-11-18,26413.95536975152,174.49710083007812
2015-11-19,26425.54340565033,174.34666442871094
2015-11-20,26569.62396449526,174.98199462890625
2015-11-23,26492.123509415724,174.78140258789062
2015-11-24,26487.58088829857,175.01544189453125
2015-11-25,26504.73704141784,174.9904022216797
2015-11-27,26557.632819864706,175.1909942626953
2015-11-30,26456.113588137454,174.46368408203125
2015-12-01,26780.136504071397,176.1273193359375
2015-12-02,26574.761352508092,174.32994079589844
2015-12-03,26304.848467197815,171.88880920410156
2015-12-04,26901.341505987213,175.24114990234375
2015-12-07,26723.84975387241,174.1794891357422
2015-12-08,26562.239713444666,173.00906372070312
2015-12-09,26290.631029835404,171.66310119628906
2015-12-10,26364.905909660563,172.1061248779297
2015-12-11,25808.263058118777,168.7705535888672
2015-12-14,25992.485251281978,169.62330627441406
2015-12-15,26276.612721378224,171.40394592285156
2015-12-16,26715.98306135493,173.91192626953125
2015-12-17,26357.46286649053,171.26182556152344
2015-12-18,25812.315484538143,168.21078491210938
2015-12-21,26058.50627092645,169.59840393066406
2015-12-22,26228.160790762595,171.1373291015625
2015-12-23,26518.228165407938,173.2566375732422
2015-12-24,26481.320118769334,172.97061157226562
2015-12-28,26476.53049295987,172.57542419433594
2015-12-29,26812.87608801796,174.41714477539062
2015-12-30,26620.50837757536,173.18093872070312
2015-12-31,26333.434165289138,171.44851684570312
2016-01-04,25874.104734153683,169.05178833007812
2016-01-05,25869.803628327154,169.3376922607422
2016-01-06,25600.834844415374,167.20164489746094
2016-01-07,24901.849887503322,163.19020080566406
2016-01-08,24576.17568343635,161.39898681640625
2016-01-11,24722.01795504873,161.55874633789062
2016-01-12,24945.112415429754,162.86224365234375
2016-01-13,24235.024653583714,158.80038452148438
2016-01-14,24606.328529397273,161.4073486328125
2016-01-15,23970.703327941254,157.94252014160156
2016-01-19,24040.997767407578,158.15280151367188
2016-01-20,23777.7857803389,156.12608337402344
2016-01-21,23839.001263813072,157.00070190429688
2016-01-22,24224.05680593652,160.2215576171875
2016-01-25,23896.364504097633,157.799560546875
2016-01-26,24186.573390822297,159.95248413085938
2016-01-27,23884.044291787348,158.21163940429688
2016-01-28,24102.328119744092,159.03587341308594
2016-01-29,24772.68832326192,162.91268920898438
2016-02-01,24809.946468267986,162.85379028320312
2016-02-02,24240.973663535136,159.9188232421875
2016-02-03,24240.589595569443,160.87753295898438
2016-02-04,24351.453725989635,161.12985229492188
2016-02-05,23789.139117500014,158.06031799316406
2016-02-08,23415.500383369006,155.93263244628906
2016-02-09,23414.9214385379,155.94107055664062
2016-02-10,23408.309533899264,155.80645751953125
2016-02-11,23107.53935385207,153.77972412109375
2016-02-12,23610.520539057612,156.95016479492188
2016-02-16,24054.265540807613,159.59927368164062
2016-02-17,24485.691257587245,162.2062530517578
2016-02-18,24356.731430618187,161.54190063476562
2016-02-19,24380.916685954035,161.46621704101562
2016-02-22,24748.72902782029,163.80413818359375
2016-02-23,24397.78070264228,161.73533630371094
2016-02-24,24495.70500546688,162.4753875732422
2016-02-25,24779.678812116243,164.44320678710938
2016-02-26,24726.38002691604,164.06478881835938
2016-02-29,24505.878381619972,162.778076171875
2016-03-01,25158.584708234444,166.60452270507812
2016-03-02,25252.63106921842,167.35301208496094
2016-03-03,25301.09058566757,168.00897216796875
2016-03-04,25432.061003353097,168.5555877685547
2016-03-07,25389.813142707073,168.69012451171875
2016-03-08,25192.716315022044,166.84844970703125
2016-03-09,25318.544404715547,167.672607421875
2016-03-10,25304.452560742986,167.80712890625
2016-03-11,25727.050015735553,170.51502990722656
2016-03-14,25732.864778383144,170.29641723632812
2016-03-15,25761.08365827442,170.0188751220703
2016-03-16,25883.41046150861,171.00279235839844
2016-03-17,26050.156523656984,172.08767700195312
2016-03-18,26261.93636970835,172.763916015625
2016-03-21,26328.175991270367,173.00904846191406
2016-03-22,26289.87784066482,172.9160919189453
2016-03-23,26174.634647590727,171.77493286132812
2016-03-24,26166.144389783294,171.69882202148438
2016-03-28,26185.14883111381,171.8002471923828
2016-03-29,26407.93442461932,173.38941955566406
2016-03-30,26543.955853868927,174.15025329589844
2016-03-31,26485.170392614007,173.72760009765625
2016-04-01,26780.003312136658,174.9110107421875
2016-04-04,26696.680547811717,174.34463500976562
2016-04-05,26503.93911111388,172.60325622558594
2016-04-06,26775.524379964376,174.4883575439453
2016-04-07,26423.59824226372,172.40042114257812
2016-04-08,26463.39151431072,172.8653564453125
2016-04-11,26440.498532197213,172.4596405029297
2016-04-12,26702.764382823025,174.065673828125
2016-04-13,27083.282542799243,175.8239288330078
2016-04-14,27149.04821047636,175.83233642578125
2016-04-15,27109.747763570605,175.6379852294922
2016-04-18,27259.513271713033,176.87208557128906
2016-04-19,27208.18808193016,177.42999267578125
2016-04-20,27310.242602106897,177.5990447998047
2016-04-21,27183.83405699285,176.64389038085938
2016-04-22,27134.59493441207,176.64389038085938
2016-04-25,27074.650171032783,176.33956909179688
2016-04-26,27090.35080615686,176.60157775878906
2016-04-27,27145.765967973442,176.96505737304688
2016-04-28,26856.02174358212,175.35902404785156
2016-04-29,26721.423718471382,174.41226196289062
2016-05-02,26938.03860056824,175.79855346679688
2016-05-03,26648.48773883612,174.26853942871094
2016-05-04,26447.955292534523,173.29638671875
2016-05-05,26390.517782720955,173.26268005371094
2016-05-06,26502.19202863538,173.89662170410156
2016-05-09,26464.17400760027,174.0403289794922
2016-05-10,26807.955391918942,176.20433044433594
2016-05-11,26604.34588338507,174.5559539794922
2016-05-12,26566.329009785153,174.606689453125
2016-05-13,26451.20264765259,173.08514404296875
2016-05-16,26741.75885423841,174.7926025390625
2016-05-17,26455.094851720285,173.1612548828125
2016-05-18,26620.683299547243,173.21185302734375
2016-05-19,26515.102411084154,172.61172485351562
2016-05-20,26724.5386291362,173.70216369628906
2016-05-23,26652.90442998531,173.46554565429688
2016-05-24,27059.659098265503,175.7140350341797
2016-05-25,27286.04197913085,176.90591430664062
2016-05-26,27347.385574045224,176.9566192626953
2016-05-27,27437.693088178406,177.71739196777344
2016-05-31,27421.884535703168,177.37930297851562
2016-06-01,27438.344843044455,177.74281311035156
2016-06-02,27488.23602714437,178.28378295898438
2016-06-03,27404.188827003993,177.75120544433594
2016-06-06,27543.712254777358,178.65565490722656
2016-06-07,27560.134181639278,178.93463134765625
2016-06-08,27647.39599702072,179.5178985595703
2016-06-09,27591.755504801706,179.2727508544922
2016-06-10,27281.11102925852,177.57369995117188
2016-06-13,27077.57600347346,176.20433044433594
2016-06-14,27010.383358194245,175.8577423095703
2016-06-15,26961.87132122593,175.61257934570312
2016-06-16,27067.83406796877,176.1366729736328
2016-06-17,26949.945029057777,175.48072814941406
2016-06-20,27100.619365431943,176.61083984375
2016-06-21,27135.498787583118,177.11215209960938
2016-06-22,27036.918763955193,176.82321166992188
2016-06-23,27439.304654690328,179.1259765625
2016-06-24,26432.09539331185,172.69369506835938
2016-06-27,26029.144157739545,169.6007537841797
2016-06-28,26514.068163459706,172.65969848632812
2016-06-29,26994.590456403595,175.59967041015625
2016-06-30,27283.910134248905,177.99583435058594
2016-07-01,27395.750569289747,178.36973571777344
2016-07-05,27234.525574681204,177.086669921875
2016-07-06,27376.636930293702,178.14877319335938
2016-07-07,27424.56674684809,178.03829956054688
2016-07-08,27877.98602211833,180.6893768310547
2016-07-11,27998.311861043956,181.32667541503906
2016-07-12,28190.06895705055,182.6437225341797
2016-07-13,28177.601034654937,182.61822509765625
2016-07-14,28369.794264954642,183.6378936767578
2016-07-15,28348.582686550588,183.3914794921875
2016-07-18,28472.237615209713,183.88427734375
2016-07-19,28390.53896112574,183.6973419189453
2016-07-20,28568.998963188358,184.46209716796875
2016-07-21,28420.23004611415,183.76528930664062
2016-07-22,28577.439917093256,184.5895538330078
2016-07-25,28565.18468434324,184.08822631835938
2016-07-26,28664.4434197908,184.17320251464844
2016-07-27,28709.512130766634,183.977783203125
2016-07-28,28753.650285991112,184.190185546875
2016-07-29,28806.250645485794,184.48756408691406
2016-08-01,28838.604486806165,184.33460998535156
2016-08-02,28664.642780745617,183.1534881591797
2016-08-03,28706.669741159156,183.68887329101562
2016-08-04,28787.375727519335,183.88427734375
2016-08-05,28983.083471430436,185.38819885253906
2016-08-08,28918.983877354745,185.2777862548828
2016-08-09,28939.04517113868,185.38819885253906
2016-08-10,28822.76194019296,184.92942810058594
2016-08-11,28954.183912365228,185.78756713867188
2016-08-12,28977.658190085443,185.62615966796875
2016-08-15,29058.013557207287,186.16156005859375
2016-08-16,28923.889949886045,185.2013397216797
2016-08-17,28925.834775957457,185.54974365234375
2016-08-18,28954.171462933326,185.966064453125
2016-08-19,28924.913563672246,185.6941375732422
2016-08-22,28926.347625217757,185.68563842773438
2016-08-23,28978.11800186841,186.0594940185547
2016-08-24,28816.6347165377,185.1078643798828
2016-08-25,28800.533053035746,184.98043823242188
2016-08-26,28809.080162156864,184.6320037841797
2016-08-29,28935.22931180276,185.54122924804688
2016-08-30,28865.16964900561,185.23529052734375
2016-08-31,28816.32025010858,184.70852661132812
2016-09-01,28784.52475146083,184.7169952392578
2016-09-02,28844.078094087734,185.54974365234375
2016-09-06,28967.665660769664,186.11045837402344
2016-09-07,28895.271876938983,186.09347534179688
2016-09-08,28853.464392172566,185.6686553955078
2016-09-09,28157.716098360906,181.22474670410156
2016-09-12,28585.667010415586,183.82481384277344
2016-09-13,28199.047006194014,181.1822509765625
2016-09-14,28227.31576370101,181.11424255371094
2016-09-15,28542.010377991468,182.9241485595703
2016-09-16,28508.157448102804,182.2169647216797
2016-09-19,28513.827935938665,182.2511444091797
2016-09-20,28532.596240908675,182.25965881347656
2016-09-21,28775.99574522608,184.30934143066406
2016-09-22,28929.16328475758,185.470703125
2016-09-23,28766.32328679185,184.45443725585938
2016-09-26,28479.41410344455,182.9599609375
2016-09-27,28723.979428882038,184.09576416015625
2016-09-28,28826.838813825078,185.00955200195312
2016-09-29,28577.745999974326,183.3357391357422
2016-09-30,28846.35474239957,184.71920776367188
2016-10-03,28868.54565233404,184.27511596679688
2016-10-04,28771.32250060844,183.3357391357422
2016-10-05,28977.750181170337,184.14703369140625
2016-10-06,28944.363636708014,184.27511596679688
2016-10-07,28859.26335935547,183.6431427001953
2016-10-10,28916.181883610352,184.599609375
2016-10-11,28545.184472530214,182.26820373535156
2016-10-12,28554.30486942597,182.50738525390625
2016-10-13,28467.773451682322,181.90956115722656
2016-10-14,28508.65676078606,182.0034942626953
2016-10-17,28406.01329653147,181.37155151367188
2016-10-18,28751.012944846207,182.50738525390625
2016-10-19,28789.200819351267,182.994140625
2016-10-20,28831.628859027456,182.65255737304688
2016-10-21,28841.488413002906,182.73794555664062
2016-10-24,29018.420618594057,183.51512145996094
2016-10-25,28924.625863337977,182.90023803710938
2016-10-26,28938.318265694117,182.53297424316406
2016-10-27,28916.641152459317,182.0462646484375
2016-10-28,28759.206918705713,181.5081787109375
2016-10-31,28743.037822408754,181.5167236328125
2016-11-01,28499.339134158356,180.2015380859375
2016-11-02,28303.12655412858,179.11700439453125
2016-11-03,28187.9048119558,178.29718017578125
2016-11-04,28130.177851333057,178.1007537841797
2016-11-07,28795.24423772823,182.02906799316406
2016-11-08,28890.44696909062,182.84893798828125
2016-11-09,29182.492306678843,184.7875213623047
2016-11-10,29218.34407477763,185.2487030029297
2016-11-11,29417.09105839678,184.8216552734375
2016-11-14,29315.81837419346,184.9668426513672
2016-11-15,29540.54506646912,186.41009521484375
2016-11-16,29520.1800414063,186.0600128173828
2016-11-17,29643.404804034384,187.0164794921875
2016-11-18,29606.84794379625,186.59800720214844
2016-11-21,29817.834048640434,188.00714111328125
2016-11-22,29934.72221926467,188.3743133544922
2016-11-23,29897.489683708827,188.47679138183594
2016-11-25,30030.07512883587,189.1770782470703
2016-11-28,29875.72087164057,188.28890991210938
2016-11-29,29893.00485712901,188.65614318847656
2016-11-30,29801.342305680668,188.20352172851562
2016-12-01,29605.06295717385,187.51181030273438
2016-12-02,29665.16859574672,187.60569763183594
2016-12-05,29877.5970000199,188.7329864501953
2016-12-06,30005.70727316476,189.33079528808594
2016-12-07,30472.626060454462,191.80735778808594
2016-12-08,30550.03747479135,192.27703857421875
2016-12-09,30733.317272613494,193.43850708007812
2016-12-12,30683.31414201729,193.21649169921875
2016-12-13,30953.398456527477,194.50601196289062
2016-12-14,30826.588958692886,192.9004669189453
2016-12-15,31032.14333563062,193.69468688964844
2016-12-16,30959.937170115423,193.31585693359375
2016-12-19,31055.60938158536,193.73680114746094
2016-12-20,31255.689378626703,194.48419189453125
2016-12-21,31194.375551339584,193.9429931640625
2016-12-22,31136.469780923708,193.60797119140625
2016-12-23,31210.27444055824,193.8914337158203
2016-12-27,31370.151903596903,194.37245178222656
2016-12-28,31044.71952903173,192.76612854003906
2016-12-29,31021.888093509406,192.72315979003906
2016-12-30,30833.37947206786,192.01870727539062
2017-01-03,31122.592632590684,193.48768615722656
2017-01-04,31288.722847971334,194.63877868652344
2017-01-05,31278.31579568853,194.48419189453125
2017-01-06,31439.699802533185,195.17991638183594
2017-01-09,31402.538931224415,194.53567504882812
2017-01-10,31392.695810567126,194.53567504882812
2017-01-11,31462.804284425587,195.08543395996094
2017-01-12,31396.26082571281,194.59584045410156
2017-01-13,31499.10338237138,195.0425262451172
2017-01-17,31322.849600740617,194.35531616210938
2017-01-18,31402.704243253247,194.78480529785156
2017-01-19,31360.102678579962,194.06321716308594
2017-01-20,31405.84325866127,194.77622985839844
2017-01-23,31293.74942965161,194.2693634033203
2017-01-24,31552.166637857048,195.5149688720703
2017-01-25,31823.000035291025,197.20724487304688
2017-01-26,31801.287591840184,197.0011444091797
2017-01-27,31848.46333072093,196.69187927246094
2017-01-30,31671.134474805353,195.47203063964844
2017-01-31,31513.895234710475,195.45481872558594
2017-02-01,31541.63216149992,195.5321807861328
2017-02-02,31577.354850777614,195.6610565185547
2017-02-03,31857.318823523878,197.0097198486328
2017-02-06,31831.799757011417,196.65745544433594
2017-02-07,31901.916624807352,196.66610717773438
2017-02-08,31912.961086213323,196.92381286621094
2017-02-09,32033.230605506193,198.09205627441406
2017-02-10,32134.18984979816,198.87376403808594
2017-02-13,32335.22088577447,199.9561767578125
2017-02-14,32512.45883215612,200.75509643554688
2017-02-15,32731.763021844465,201.80308532714844
2017-02-16,32737.50970945558,201.6313018798828
2017-02-17,32793.30140745318,201.94912719726562
2017-02-21,33039.357403236565,203.15179443359375
2017-02-22,33052.33255084069,202.97140502929688
2017-02-23,32980.517141138705,203.10882568359375
2017-02-24,33040.621233322054,203.3665008544922
2017-02-27,33067.76641761336,203.68434143066406
2017-02-28,32963.43189671251,203.13455200195312
2017-03-01,33441.71076331357,205.97792053222656
2017-03-02,33239.4195777809,204.68084716796875
2017-03-03,33239.65142216781,204.8096466064453
2017-03-06,33153.9169999416,204.19979858398438
2017-03-07,33107.999572995344,203.58985900878906
2017-03-08,33081.824039642896,203.21189880371094
2017-03-09,33122.09343533269,203.46966552734375
2017-03-10,33253.560058312025,204.1826171875
2017-03-13,33260.82629765392,204.2857208251953
2017-03-14,33224.36498861904,203.50396728515625
2017-03-15,33446.483632041025,205.26492309570312
2017-03-16,33464.706618093485,204.86119079589844
2017-03-17,33362.52659510488,204.50140380859375
2017-03-20,33279.84152825278,204.27713012695312
2017-03-21,32825.98282603966,201.654296875
2017-03-22,32933.04751619828,202.12884521484375
2017-03-23,32867.53850990052,201.9131317138672
2017-03-24,32864.5926370415,201.7664794921875
2017-03-27,32849.19720860048,201.5594482421875
2017-03-28,33085.665920319465,203.02613830566406
2017-03-29,33066.89429258198,203.21591186523438
2017-03-30,33185.02980621813,203.86302185058594
2017-03-31,33105.480622867995,203.38845825195312
2017-04-03,33179.80135068731,203.03477478027344
2017-04-04,33182.48829212827,203.16416931152344
2017-04-05,33046.37489181089,202.5602264404297
2017-04-06,33088.88982840807,203.129638671875
2017-04-07,33064.04213239024,202.922607421875
2017-04-10,33075.456268953116,203.0433349609375
2017-04-11,33020.726675687525,202.80177307128906
2017-04-12,32819.477854279605,201.9131317138672
2017-04-13,32597.015275557605,200.60169982910156
2017-04-17,32895.72108725672,202.37901306152344
2017-04-18,32797.79247191989,201.77505493164062
2017-04-19,32686.21874083187,201.4041290283203
2017-04-20,32983.77345044517,203.0433349609375
2017-04-21,32916.382926722225,202.39630126953125
2017-04-24,33324.40025011195,204.6222381591797
2017-04-25,33563.38090756765,205.81288146972656
2017-04-26,33520.66006525766,205.68338012695312
2017-04-27,33583.22151684428,205.85598754882812
2017-04-28,33531.93430417763,205.40733337402344
2017-05-01,33621.36571396636,205.92498779296875
2017-05-02,33672.246807481766,206.00265502929688
2017-05-03,33692.050487173365,205.75245666503906
2017-05-04,33704.83781002319,205.99404907226562
2017-05-05,33766.840670393474,206.8050079345703
2017-05-08,33766.97679780853,206.7705535888672
2017-05-09,33764.685429621946,206.58071899414062
2017-05-10,33938.03547337182,206.95166015625
2017-05-11,33875.052424282185,206.5289306640625
2017-05-12,33910.71543554937,206.18386840820312
2017-05-15,34083.29892912797,207.32266235351562
2017-05-16,34109.563882301,207.1328887939453
2017-05-17,33388.7955741529,203.45750427246094
2017-05-18,33555.47972001383,204.27713012695312
2017-05-19,33759.444972542864,205.60577392578125
2017-05-22,33932.0795190385,206.64979553222656
2017-05-23,33972.88369740507,207.10696411132812
2017-05-24,34059.752588841955,207.59017944335938
2017-05-25,34267.44111973081,208.5823211669922
2017-05-26,34310.32139447433,208.5391845703125
2017-05-30,34319.45300126074,208.35801696777344
2017-05-31,34294.35163995998,208.30624389648438
2017-06-01,34498.03183964146,209.96275329589844
2017-06-02,34680.187113633736,210.66160583496094
2017-06-05,34708.69436900129,210.50628662109375
2017-06-06,34628.35854030449,209.8333282470703
2017-06-07,34735.69066919546,210.22157287597656
2017-06-08,34911.583001961546,210.3251190185547
2017-06-09,34705.308446546005,210.00587463378906
2017-06-12,34633.021307342286,209.96275329589844
2017-06-13,34842.45137795953,210.9894561767578
2017-06-14,34872.12488326529,210.72193908691406
2017-06-15,34793.66961448616,210.3165283203125
2017-06-16,34752.02816942621,210.36241149902344
2017-06-19,35074.45155884619,212.1137237548828
2017-06-20,34906.28906855571,210.68319702148438
2017-06-21,34908.55602820884,210.63121032714844
2017-06-22,34931.08699740143,210.53585815429688
2017-06-23,34916.65078086148,210.7872772216797
2017-06-26,34901.36426665406,210.9259796142578
2017-06-27,34531.87764653297,209.22671508789062
2017-06-28,34877.887469028996,211.09938049316406
2017-06-29,34557.66379940604,209.24404907226562
2017-06-30,34548.93141196301,209.63421630859375
2017-07-03,34592.96468195489,209.98965454101562
2017-07-05,34673.05677878792,210.47515869140625
2017-07-06,34356.02473663187,208.5504913330078
2017-07-07,34618.682327471,209.90292358398438
2017-07-10,34729.95935623559,210.12838745117188
2017-07-11,34759.42421920332,209.97227478027344
2017-07-12,35044.63063438422,211.55018615722656
2017-07-13,35088.86420766501,211.90565490722656
2017-07-14,35281.80338605697,212.8939666748047
2017-07-17,35214.82424883077,212.86801147460938
2017-07-18,35389.36808114219,212.98069763183594
2017-07-19,35537.776416459084,214.13381958007812
2017-07-20,35508.08161262751,214.2291717529297
2017-07-21,35510.217147854375,214.0383758544922
2017-07-24,35511.15768793452,213.98638916015625
2017-07-25,35643.57473455958,214.50656127929688
2017-07-26,35770.419428628105,214.5152130126953
2017-07-27,35599.898559320456,214.3158416748047
2017-07-28,35610.037350343024,214.06442260742188
2017-07-31,35591.563268055645,213.94308471679688
2017-08-01,35727.72042446063,214.41983032226562
2017-08-02,35804.282197511966,214.52392578125
2017-08-03,35805.36898722037,214.10772705078125
2017-08-04,35932.241321757974,214.4979248046875
2017-08-07,36036.83198705256,214.89669799804688
2017-08-08,35977.11538186068,214.3678436279297
2017-08-09,35956.739722438106,214.35919189453125
2017-08-10,35392.989902588175,211.3334503173828
2017-08-11,35413.87012143344,211.6455841064453
2017-08-14,35870.55721001535,213.74362182617188
2017-08-15,35854.01389645437,213.7176513671875
2017-08-16,35898.14568329696,214.0904541015625
2017-08-17,35300.20101208068,210.75254821777344
2017-08-18,35210.82703178984,210.423095703125
2017-08-21,35212.415875950035,210.58782958984375
2017-08-22,35602.91911748539,212.78997802734375
2017-08-23,35542.495479792844,212.02700805664062
2017-08-24,35507.447519260335,211.53285217285156
2017-08-25,35464.00032225464,212.02700805664062
2017-08-28,35517.79317961001,212.0356903076172
2017-08-29,35572.42762442576,212.27847290039062
2017-08-30,35778.057143031525,213.2841033935547
2017-08-31,35983.06517414566,214.5672607421875
2017-09-01,36051.65081834888,214.87071228027344
2017-09-05,35740.63688195919,213.32752990722656
2017-09-06,35846.293760647975,214.05575561523438
2017-09-07,35926.07133234724,214.02975463867188
2017-09-08,35812.923576432964,213.77830505371094
2017-09-11,36340.52342402008,216.05848693847656
2017-09-12,36514.750731842905,216.7867431640625
2017-09-13,36535.26531112729,216.89071655273438
2017-09-14,36578.52157800149,216.8213653564453
2017-09-15,36690.26965526778,217.11325073242188
2017-09-18,36832.390557235834,217.57504272460938
2017-09-19,36877.23366032997,217.7928924560547
2017-09-20,36895.30597162457,217.8712615966797
2017-09-21,36836.75711727801,217.28753662109375
2017-09-22,36814.2804387744,217.33108520507812
2017-09-25,36562.48553566487,216.8867645263672
2017-09-26,36572.97706173124,217.0174102783203
2017-09-27,36747.12505777765,217.86260986328125
2017-09-28,36876.784200604045,218.12396240234375
2017-09-29,37017.625764083576,218.89064025878906
2017-10-02,37202.09432719917,219.84036254882812
2017-10-03,37307.43299020484,220.3108673095703
2017-10-04,37388.50372501959,220.57220458984375
2017-10-05,37694.022888838546,221.87918090820312
2017-10-06,37714.49760237086,221.62648010253906
2017-10-09,37637.15900672403,221.2605438232422
2017-10-10,37783.846703203635,221.84432983398438
2017-10-11,37868.103472294904,222.1928253173828
2017-10-12,37781.25581545769,221.8617706298828
2017-10-13,37861.62479943253,222.1317596435547
2017-10-16,37943.83384587365,222.4281005859375
2017-10-17,37961.81796443697,222.58486938476562
2017-10-18,38054.06394666574,222.8026885986328
2017-10-19,38017.155375980445,222.86367797851562
2017-10-20,38185.56906044674,224.01376342773438
2017-10-23,38044.10957873389,223.14254760742188
2017-10-24,38228.15931918537,223.53451538085938
2017-10-25,38000.28226993217,222.4281005859375
2017-10-26,38080.22760600437,222.71554565429688
2017-10-27,38523.95264369267,224.5365447998047
2017-10-30,38417.526697259236,223.70013427734375
2017-10-31,38454.72220925231,224.0486602783203
2017-11-01,38523.36886438989,224.3448028564453
2017-11-02,38499.64749386091,224.43199157714844
2017-11-03,38773.517949986744,225.18136596679688
2017-11-06,38778.05782740211,225.52981567382812
2017-11-07,38751.84318703673,225.37298583984375
2017-11-08,38760.284541265806,225.7563018798828
2017-11-09,38536.80400569926,224.93731689453125
2017-11-10,38496.18554068851,224.86766052246094
2017-11-13,38579.416084586934,225.07672119140625
2017-11-14,38539.54548293723,224.55406188964844
2017-11-15,38346.17800211158,223.43002319335938
2017-11-16,38729.8283954872,225.3294219970703
2017-11-17,38571.10807416107,224.66725158691406
2017-11-20,38678.66712680669,225.0505828857422
2017-11-21,38973.497147058755,226.52310180664062
2017-11-22,38898.32187827645,226.32266235351562
2017-11-24,39048.2888234857,226.84544372558594
2017-11-27,39092.6205853832,226.732177734375
2017-11-28,39478.06234277782,229.03231811523438
2017-11-29,39284.416926537444,228.8928680419922
2017-11-30,39690.063454709394,230.89682006835938
2017-12-01,39580.864398636084,230.41763305664062
2017-12-04,39473.98973575787,230.13893127441406
2017-12-05,39350.43776184625,229.31114196777344
2017-12-06,39343.45881086561,229.3546600341797
2017-12-07,39478.51008430179,230.07791137695312
2017-12-08,39705.73341620495,231.33248901367188
2017-12-11,39850.055734226946,232.0295867919922
2017-12-12,39966.52684362193,232.43905639648438
2017-12-13,39941.64428212637,232.4128875732422
2017-12-14,39780.47295825281,231.46322631835938
2017-12-15,40120.6346381406,233.3906707763672
2017-12-18,40366.87539101278,234.8706512451172
2017-12-19,40210.76168692499,233.96868896484375
2017-12-20,40215.75402130164,233.84605407714844
2017-12-21,40257.545091735876,234.32774353027344
2017-12-22,40215.661058685255,234.2664337158203
2017-12-26,40130.141567158,233.9861602783203
2017-12-27,40182.2989304499,234.1000518798828
2017-12-28,40308.60582429232,234.5817108154297
2017-12-29,40071.79937152987,233.6971435546875
2018-01-02,40531.3759832816,235.36985778808594
2018-01-03,40798.394296588274,236.85855102539062
2018-01-04,41015.01951567871,237.85691833496094
2018-01-05,41360.633223362005,239.4419708251953
2018-01-08,41499.841423810656,239.87985229492188
2018-01-09,41524.003403432456,240.4228515625
2018-01-10,41514.22936227835,240.05503845214844
2018-01-11,41798.31015319856,241.8064727783203
2018-01-12,42126.46298686986,243.3827667236328
2018-01-16,42101.21643793212,242.55079650878906
2018-01-17,42547.38699784165,244.8627166748047
2018-01-18,42489.218682520055,244.45115661621094
2018-01-19,42638.81447538494,245.56333923339844
2018-01-22,43051.20980543117,247.56002807617188
2018-01-23,43265.770610044056,248.0854034423828
2018-01-24,43200.07559877113,247.98910522460938
2018-01-25,43321.87331524804,248.09414672851562
2018-01-26,43896.45960721893,250.96658325195312
2018-01-29,43721.08526337936,249.30259704589844
2018-01-30,43166.55248148242,246.74557495117188
2018-01-31,43197.22432542426,246.86810302734375
2018-02-01,43113.31456930133,246.58798217773438
2018-02-02,42274.37093257333,241.2197265625
2018-02-05,40398.76443330281,231.13131713867188
2018-02-06,41251.37629851554,235.6851043701172
2018-02-07,41109.911139797645,234.4065399169922
2018-02-08,39430.959526924096,225.61422729492188
2018-02-09,40097.28437135563,229.0032958984375
2018-02-12,40679.97439497131,232.3660888671875
2018-02-13,40818.72904608264,232.94406127929688
2018-02-14,41427.20136170793,236.08795166015625
2018-02-15,42066.042788725266,239.1004180908203
2018-02-16,42052.78824590569,239.1704559326172
2018-02-20,41848.70779807371,237.6729736328125
2018-02-21,41593.94264418945,236.4907989501953
2018-02-22,41659.3554225907,236.7972412109375
2018-02-23,42375.96202829697,240.57167053222656
2018-02-26,42991.551661694364,243.36521911621094
2018-02-27,42519.44328588691,240.326416015625
2018-02-28,42000.16038427984,237.89195251464844
2018-03-01,41331.02124606236,234.43280029296875
2018-03-02,41555.397924437086,235.64125061035156
2018-03-05,42067.19166205362,238.36480712890625
2018-03-06,42154.20154758316,238.96900939941406
2018-03-07,42119.01866506581,238.8814697265625
2018-03-08,42217.25979887348,240.03746032714844
2018-03-09,43047.76572256933,244.21470642089844
2018-03-12,43001.4869513325,243.90818786621094
2018-03-13,42606.78796359079,242.33192443847656
2018-03-14,42385.20475398877,241.0883026123047
2018-03-15,42436.50317813819,240.82557678222656
2018-03-16,42490.49558471423,241.08673095703125
2018-03-19,41772.2836058436,237.8247528076172
2018-03-20,41856.72677185304,238.22923278808594
2018-03-21,41819.02717875037,237.77206420898438
2018-03-22,40671.082800280405,231.8284454345703
2018-03-23,39725.856669425346,226.8870391845703
2018-03-26,41005.57846281142,233.0944366455078
2018-03-27,40018.98049108575,229.1291046142578
2018-03-28,39694.2572312399,228.4520721435547
2018-03-29,40334.622842150064,231.37120056152344
2018-04-02,39379.570567502415,226.37713623046875
2018-04-03,39946.27660252995,229.27859497070312
2018-04-04,40426.81206790799,231.73162841796875
2018-04-05,40801.864654093435,233.56053161621094
2018-04-06,39855.158923872375,228.35537719726562
2018-04-09,39965.65185455529,229.48086547851562
2018-04-10,40793.92831241843,233.129638671875
2018-04-11,40517.61636190484,231.90753173828125
2018-04-12,40933.94297754625,233.81549072265625
2018-04-13,40791.31729826016,233.129638671875
2018-04-16,40978.86421326595,235.04638671875
2018-04-17,41497.888592898555,237.56094360351562
2018-04-18,41462.14655036982,237.73684692382812
2018-04-19,41380.80145261322,236.41798400878906
2018-04-20,40999.048103545116,234.41331481933594
2018-04-23,40835.34697757177,234.37814331054688
2018-04-24,40335.817230928405,231.2217254638672
2018-04-25,40400.253225726694,231.793212890625
2018-04-26,41002.507691969615,234.1496124267578
2018-04-27,41102.37160681825,234.369384765625
2018-04-30,40798.07128999738,232.56700134277344
2018-05-01,40902.801873363576,232.9801483154297
2018-05-02,40681.33942247003,231.41513061523438
2018-05-03,40572.46636124688,230.90521240234375
2018-05-04,41136.30608697508,233.8945770263672
2018-05-07,41387.63265892404,234.6859130859375
2018-05-08,41434.53678825195,234.6859130859375
2018-05-09,41824.57142609859,236.954345703125
2018-05-10,42249.44142285046,239.16993713378906
2018-05-11,42357.320488288206,239.8997802734375
2018-05-14,42429.32543432677,240.0141143798828
2018-05-15,42025.79743189103,238.36111450195312
2018-05-16,42137.910106407864,239.36341857910156
2018-05-17,42019.14148685167,239.1613006591797
2018-05-18,41882.982487048044,238.56326293945312
2018-05-21,42316.52478817124,240.3570098876953
2018-05-22,42164.10441289407,239.6887969970703
2018-05-23,42455.02833777345,240.3481903076172
2018-05-24,42378.37308682989,239.85581970214844
2018-05-25,42372.110365090644,239.28428649902344
2018-05-29,41871.14174219008,236.53228759765625
2018-05-30,42409.02644670181,239.6887969970703
2018-05-31,42177.192297016736,238.22047424316406
2018-06-01,42682.81562084585,240.55923461914062
2018-06-04,42938.83315352651,241.70220947265625
2018-06-05,42916.211750758084,241.8780975341797
2018-06-06,43441.09762499417,243.90042114257812
2018-06-07,43374.65001309456,243.87388610839844
2018-06-08,43388.567006123594,244.5948944091797
2018-06-11,43448.38710109332,244.92018127441406
2018-06-12,43568.25194607701,245.23680114746094
2018-06-13,43433.181021069155,244.45423889160156
2018-06-14,43584.23828143757,245.06973266601562
2018-06-15,43535.417215144735,244.75701904296875
2018-06-18,43483.53971939688,244.25369262695312
2018-06-19,43246.41081255367,243.3174591064453
2018-06-20,43327.54283964245,243.7324981689453
2018-06-21,43031.858621004656,242.2046661376953
2018-06-22,42992.397748720796,242.646240234375
2018-06-25,42315.988502368804,239.3431854248047
2018-06-26,42464.25245351591,239.873046875
2018-06-27,42094.26246204636,237.88587951660156
2018-06-28,42390.694577192284,239.24603271484375
2018-06-29,42336.37978740888,239.59043884277344
2018-07-02,42543.94937169711,240.1026153564453
2018-07-03,42140.42602652003,239.2547607421875
2018-07-05,42557.79933020948,241.20660400390625
2018-07-06,42878.379225363235,243.24679565429688
2018-07-09,43359.58129489135,245.43707275390625
2018-07-10,43593.33231933826,246.3203125
2018-07-11,43295.090953007064,244.51856994628906
2018-07-12,43573.312300364334,246.7354278564453
2018-07-13,43500.93993064057,246.92967224121094
2018-07-16,43562.33960934911,246.70884704589844
2018-07-17,43746.886690866064,247.7068328857422
2018-07-18,43852.521333096534,248.22796630859375
2018-07-19,43652.07484490679,247.2918243408203
2018-07-20,43616.58021199688,247.00917053222656
2018-07-23,43725.51019933163,247.4683837890625
2018-07-24,43991.03302483655,248.7136993408203
2018-07-25,44454.43471618916,250.83334350585938
2018-07-26,44242.218343261804,250.24159240722656
2018-07-27,43926.28417077485,248.54600524902344
2018-07-30,43626.74496160298,247.2476348876953
2018-07-31,43820.894761581985,248.46636962890625
2018-08-01,43701.80956012959,248.0513458251953
2018-08-02,44077.99510263299,249.4026336669922
2018-08-03,44311.86996521118,250.47129821777344
2018-08-06,44428.6028573031,251.38975524902344
2018-08-07,44776.465347250036,252.2200164794922
2018-08-08,44751.873833241254,252.11392211914062
2018-08-09,44555.63602983306,251.76950073242188
2018-08-10,44201.930850187615,250.08262634277344
2018-08-13,43996.1539312096,249.14649963378906
2018-08-14,44186.63972148733,250.73623657226562
2018-08-15,43845.80935978219,248.8638458251953
2018-08-16,44302.487980464844,250.8775634765625
2018-08-17,44268.96344081428,251.76075744628906
2018-08-20,44360.539895326016,252.29934692382812
2018-08-21,44574.89572477915,252.8911590576172
2018-08-22,44685.037758475846,252.74102783203125
2018-08-23,44625.234077653186,252.40541076660156
2018-08-24,44945.62287590992,253.9245147705078
2018-08-27,45326.97804140702,255.9292449951172
2018-08-28,45337.9046153372,256.052978515625
2018-08-29,45518.99231747861,257.43072509765625
2018-08-30,45310.370247131534,256.388671875
2018-08-31,45317.97002085899,256.3973693847656
2018-09-04,45290.333293487056,255.95590209960938
2018-09-05,45073.03252043476,255.2669677734375
2018-09-06,44962.613924163314,254.49862670898438
2018-09-07,44833.03227552102,254.00399780273438
2018-09-10,45077.06723428162,254.44552612304688
2018-09-11,45127.070483960364,255.28468322753906
2018-09-12,45137.889346092146,255.34640502929688
2018-09-13,45359.502892328586,256.8566589355469
2018-09-14,45394.052140653665,256.9008483886719
2018-09-17,45124.49306670884,255.5406951904297
2018-09-18,45412.314125170946,256.92730712890625
2018-09-19,45656.69834865656,257.2011413574219
2018-09-20,45990.79222529752,259.28546142578125
2018-09-21,45993.73485005188,259.04852294921875
2018-09-24,45867.05004770001,258.1880798339844
2018-09-25,45792.8189855413,257.94842529296875
2018-09-26,45651.0828343284,257.1766052246094
2018-09-27,45784.996395177484,257.895263671875
2018-09-28,45647.813414840915,257.9218444824219
2018-10-01,46139.87576703445,258.81793212890625
2018-10-02,46155.48778338237,258.66705322265625
2018-10-03,46155.10991390099,258.80908203125
2018-10-04,45802.220867141616,256.7862548828125
2018-10-05,45367.26997291459,255.34906005859375
2018-10-08,45315.33506999614,255.34906005859375
2018-10-09,45312.14629958192,254.97637939453125
2018-10-10,43794.71741929908,246.9029998779297
2018-10-11,42895.27732573643,241.46456909179688
2018-10-12,43599.96918894664,244.8181915283203
2018-10-15,43299.82294466405,243.44302368164062
2018-10-16,44226.853943347065,248.7660675048828
2018-10-17,44215.087605700326,248.81045532226562
2018-10-18,43459.181063945434,245.2173309326172
2018-10-19,43413.98144677379,245.08424377441406
2018-10-22,43224.09263752913,243.984130859375
2018-10-23,43107.45112614722,242.74212646484375
2018-10-24,41737.11276517071,235.38742065429688
2018-10-25,42605.31395928195,239.6103973388672
2018-10-26,41913.73071527873,235.39625549316406
2018-10-29,41617.95604582711,234.0920867919922
2018-10-30,42244.63231470608,237.5609588623047
2018-10-31,42764.698877910545,240.09835815429688
2018-11-01,43198.41896482734,242.6533966064453
2018-11-02,42908.00706830489,241.21620178222656
2018-11-05,43188.577007983105,242.54698181152344
2018-11-06,43385.586466661516,244.08181762695312
2018-11-07,44351.60847757395,249.30731201171875
2018-11-08,44251.946036443,248.85484313964844
2018-11-09,43814.24345820031,246.42398071289062
2018-11-12,42780.57163499407,241.81944274902344
2018-11-13,42815.77202161869,241.3669891357422
2018-11-14,42531.01654538377,239.7168426513672
2018-11-15,43079.255159142274,242.21865844726562
2018-11-16,43053.513766130345,242.84866333007812
2018-11-19,42339.960875289056,238.740966796875
2018-11-20,41628.60559318182,234.32276916503906
2018-11-21,41566.948143821646,235.12124633789062
2018-11-23,41247.9026095198,233.55093383789062
2018-11-26,41981.13715007683,237.32144165039062
2018-11-27,42191.905406650505,238.1199493408203
2018-11-28,43208.93220532054,243.60275268554688
2018-11-29,43109.70179287862,243.07041931152344
2018-11-30,43646.620496109645,244.55201721191406
2018-12-03,44126.26665803513,247.7902069091797
2018-12-04,42606.59491336722,239.76123046875
2018-12-06,42603.11714367241,239.3974151611328
2018-12-07,41599.528011880604,233.83485412597656
2018-12-10,41775.19009143632,234.2784423828125
2018-12-11,41758.73158072222,234.3316192626953
2018-12-12,42028.8249134745,235.51156616210938
2018-12-13,42158.20014591118,235.43179321289062
2018-12-14,41357.861705793584,231.08457946777344
2018-12-17,40481.83004151801,226.55101013183594
2018-12-18,40592.46520021784,226.30264282226562
2018-12-19,39946.761811011296,222.91358947753906
2018-12-20,39389.3180470177,219.2850341796875
2018-12-21,38643.32752920778,214.79197692871094
2018-12-24,37536.47673396972,209.1165313720703
2018-12-26,39531.80167573312,219.68211364746094
2018-12-27,39850.482928553036,221.3687286376953
2018-12-28,39933.524044260055,221.0831756591797
2018-12-31,40286.72608739542,223.01954650878906
2019-01-02,40338.96473959506,223.25155639648438
2019-01-03,39230.44216968356,217.9241485595703
2019-01-04,40625.80183816594,225.2237091064453
2019-01-07,41017.82806665791,226.99949645996094
2019-01-08,41314.07374082308,229.1322784423828
2019-01-09,41521.61039848752,230.203125
2019-01-10,41717.59033107433,231.01510620117188
2019-01-11,41805.55808364287,231.10440063476562
2019-01-14,41600.84673797528,229.69442749023438
2019-01-15,42078.59465727394,232.32693481445312
2019-01-16,42242.74439526036,232.88912963867188
2019-01-17,42520.567275283734,234.65597534179688
2019-01-18,42867.13228933757,237.7792510986328
2019-01-22,42317.50622490108,234.56675720214844
2019-01-23,42314.46182798187,235.05760192871094
2019-01-24,42462.042000240144,235.18247985839844
2019-01-25,42778.77818798412,237.1724395751953
2019-01-28,42267.61261698036,235.36988830566406
2019-01-29,42152.417673883705,235.05760192871094
2019-01-30,42812.04506235295,238.77871704101562
2019-01-31,43181.05438950885,240.8757781982422
2019-02-01,43234.003077112655,240.99183654785156
2019-02-04,43583.56777636283,242.6872100830078
2019-02-05,43834.472865357675,243.70455932617188
2019-02-06,43857.3804119492,243.38331604003906
2019-02-07,43343.693734020344,241.06314086914062
2019-02-08,43377.78651135805,241.3575897216797
2019-02-11,43398.03516286619,241.49148559570312
2019-02-12,44018.40612131277,244.59689331054688
2019-02-13,44136.390200936105,245.39112854003906
2019-02-14,44041.97983337599,244.8467559814453
2019-02-15,44582.04724228199,247.51492309570312
2019-02-19,44637.94870988561,247.94326782226562
2019-02-20,44748.82714394128,248.44302368164062
2019-02-21,44543.39819937503,247.55955505371094
2019-02-22,44837.85707923625,249.0944366455078
2019-02-25,44990.80589008274,249.43357849121094
2019-02-26,44936.477246256065,249.25515747070312
2019-02-27,45000.40232044708,249.14796447753906
2019-02-28,44956.713845691906,248.68389892578125
2019-03-01,45129.22341295193,250.2366943359375
2019-03-04,44944.42100007389,249.3264923095703
2019-03-05,44931.35788721143,248.98736572265625
2019-03-06,44670.14201706465,247.479248046875
2019-03-07,44271.35674620467,245.40892028808594
2019-03-08,44296.6146129331,244.91819763183594
2019-03-11,44853.70522844425,248.46981811523438
2019-03-12,44904.87750681507,249.40672302246094
2019-03-13,45280.97699296891,251.05764770507812
2019-03-14,45234.251782238345,250.89698791503906
2019-03-15,45528.49748737829,252.13658142089844
2019-03-18,45713.250992174464,253.05081176757812
2019-03-19,45762.14516305705,253.113525390625
2019-03-20,45614.78147909454,252.35166931152344
2019-03-21,46060.57963128756,255.20199584960938
2019-03-22,45176.83385117134,250.29026794433594
2019-03-25,45133.27513025414,250.1020050048828
2019-03-26,45502.161080848724,251.96621704101562
2019-03-27,45285.952958791,250.64874267578125
2019-03-28,45437.05331450899,251.59881591796875
2019-03-29,45756.20676432209,253.18524169921875
2019-04-01,46424.548268780454,256.18780517578125
2019-04-02,46433.153858967715,256.3133239746094
2019-04-03,46595.50345328583,256.71661376953125
2019-04-04,46618.133545535435,257.3978271484375
2019-04-05,46804.4856410321,258.6436767578125
2019-04-08,46796.01034083813,258.8408508300781
2019-04-09,46510.25383341882,257.5143127441406
2019-04-10,46624.939369462205,258.39276123046875
2019-04-11,46589.35113575467,258.321044921875
2019-04-12,46835.13808804719,260.0687561035156
2019-04-15,46817.91093322807,259.8984680175781
2019-04-16,47161.41984658471,260.0687561035156
2019-04-17,47246.474136932964,259.4324951171875
2019-04-18,47311.639666969844,259.94329833984375
2019-04-22,47370.83735859004,260.1674499511719
2019-04-23,47780.129647217305,262.5067138671875
2019-04-24,47695.98362086023,261.9241638183594
2019-04-25,47515.63413686153,261.7627258300781
2019-04-26,47546.89539194786,262.9818115234375
2019-04-29,47635.75784508982,263.3940124511719
2019-04-30,47706.63463079019,263.52850341796875
2019-05-01,47342.68816933009,261.54766845703125
2019-05-02,47350.611609992266,260.98309326171875
2019-05-03,47813.50336261876,263.53741455078125
2019-05-06,47593.742507495444,262.4529113769531
2019-05-07,46715.049639304336,258.070068359375
2019-05-08,46551.89809585732,257.71148681640625
2019-05-09,46353.07261607057,256.93170166015625
2019-05-10,46546.896036920676,258.2223815917969
2019-05-13,45362.18826320517,251.7332763671875
2019-05-14,45729.712794892424,254.00985717773438
2019-05-15,46029.149619867516,255.49771118164062
2019-05-16,46346.7997282316,257.8639221191406
2019-05-17,46009.905679810814,256.19677734375
2019-05-20,45647.42855525951,254.50286865234375
2019-05-21,46026.46284207262,256.7974853515625
2019-05-22,45618.49794892175,256.00860595703125
2019-05-23,45103.476337552325,252.8805694580078
2019-05-24,45132.4935681287,253.4542236328125
2019-05-28,44704.93908944575,251.09689331054688
2019-05-29,44479.643751691816,249.41183471679688
2019-05-30,44573.29848295732,250.09295654296875
2019-05-31,43974.72631954972,246.72291564941406
2019-06-03,43832.355125088274,246.09559631347656
2019-06-04,44894.758331715726,251.4375
2019-06-05,45217.10927153677,253.61541748046875
2019-06-06,45575.85035773193,255.2646484375
2019-06-07,46015.3303269124,257.819091796875
2019-06-10,46286.480500874786,259.0021667480469
2019-06-11,46389.657134504814,258.9394836425781
2019-06-12,46227.460431300904,258.48236083984375
2019-06-13,46390.93668602187,259.5489501953125
2019-06-14,46279.646426111794,259.26220703125
2019-06-17,46396.08972846772,259.3606872558594
2019-06-18,46981.20760962943,262.0765380859375
2019-06-19,47068.5283566017,262.66802978515625
2019-06-20,47550.30475276533,265.1775817871094
2019-06-21,47556.60827432485,264.7922058105469
2019-06-24,47513.550221665304,264.4679870605469
2019-06-25,47038.49850603508,261.87408447265625
2019-06-26,47127.41839965208,261.6128845214844
2019-06-27,47308.03729702995,262.54058837890625
2019-06-28,47528.28375842465,263.89154052734375
2019-07-01,48002.00747704953,266.2872314453125
2019-07-02,48121.92490514812,266.9808654785156
2019-07-03,48453.210625358755,269.1152648925781
2019-07-05,48373.692190551825,268.8091125488281
2019-07-08,48142.42277302615,267.33203125
2019-07-09,48261.85871845468,267.665283203125
2019-07-10,48438.62622419307,268.94415283203125
2019-07-11,48599.12729753821,269.5747375488281
2019-07-12,48884.08365889177,270.7815856933594
2019-07-15,48938.64673830054,270.87164306640625
2019-07-16,48738.400403588494,269.9980163574219
2019-07-17,48566.83517711413,268.1605529785156
2019-07-18,48674.61042978376,269.1423645019531
2019-07-19,48395.05716216975,267.6472473144531
2019-07-22,48550.44755851826,268.3047180175781
2019-07-23,48828.95792024215,270.2232360839844
2019-07-24,49169.34260006143,271.4930725097656
2019-07-25,48815.96835104858,270.1961975097656
2019-07-26,49148.739510376356,272.0065002441406
2019-07-29,49143.600288197056,271.5110168457031
2019-07-30,49027.31293916565,270.8446044921875
2019-07-31,48471.25532072409,267.88134765625
2019-08-01,47962.21624972486,265.54876708984375
2019-08-02,47727.895291566645,263.5492858886719
2019-08-05,46257.10810554045,255.62355041503906
2019-08-06,46810.35682580172,259.2080993652344
2019-08-07,46833.45390879612,259.3612365722656
2019-08-08,47625.050467714966,264.4498596191406
2019-08-09,47369.17100149215,262.6485290527344
2019-08-12,46841.270327110826,259.4513854980469
2019-08-13,47547.995157462676,263.4862365722656
2019-08-14,46158.804277517855,255.69569396972656
2019-08-15,46223.4209052713,256.37109375
2019-08-16,46930.998735906374,260.1537780761719
2019-08-19,47517.9485890352,263.2881164550781
2019-08-20,47145.70377116749,261.2707214355469
2019-08-21,47582.218112622424,263.3961181640625
2019-08-22,47579.90519301558,263.31512451171875
2019-08-23,46333.963562260324,256.5511779785156
2019-08-26,46861.49002489462,259.38818359375
2019-08-27,46815.69716000691,258.3704833984375
2019-08-28,47132.633578848145,260.18994140625
2019-08-29,47801.17439346056,263.5132141113281
2019-08-30,47893.592453002304,263.3961181640625
2019-09-03,47476.336294830486,261.8560791015625
2019-09-04,48002.98074644065,264.8282165527344
2019-09-05,48727.819176400204,268.23272705078125
2019-09-06,48710.7007960192,268.4398498535156
2019-09-09,48807.11268833,268.57501220703125
2019-09-10,48831.389093023114,268.5119323730469
2019-09-11,49179.7397601322,270.4212951660156
2019-09-12,49225.62319219779,271.35797119140625
2019-09-13,49204.10289162284,271.1778259277344
2019-09-16,48906.19203506946,270.3402099609375
2019-09-17,49058.53372486706,271.0247497558594
2019-09-18,49088.516067956356,271.1868896484375
2019-09-19,49058.53020654685,271.1687927246094
2019-09-20,48792.76418775216,269.88763427734375
2019-09-23,48813.1653089134,269.8242492675781
2019-09-24,48334.69975274008,267.70703125
2019-09-25,48672.973965502104,269.2903747558594
2019-09-26,48621.92970743101,268.7294616699219
2019-09-27,48497.904925164796,267.28167724609375
2019-09-30,48682.306584881626,268.5213317871094
2019-10-01,48217.5115020797,265.3273010253906
2019-10-02,47370.41390602182,260.6404724121094
2019-10-03,47742.64872792631,262.77581787109375
2019-10-04,48411.1099629315,266.33172607421875
2019-10-07,48257.40887848717,265.1825256347656
2019-10-08,47529.28643508131,261.0657043457031
2019-10-09,47961.36397707977,263.54473876953125
2019-10-10,48275.85135291349,265.3273010253906
2019-10-11,48830.39631565866,268.0780029296875
2019-10-14,48799.72835624294,267.7793884277344
2019-10-15,49349.08227157825,270.4305114746094
2019-10-16,49275.54786081383,269.9961853027344
2019-10-17,49421.68479539611,270.79241943359375
2019-10-18,49096.929573650115,269.6070556640625
2019-10-21,49435.83460781425,271.434814453125
2019-10-22,49218.432788568156,270.5481262207031
2019-10-23,49180.43292896631,271.3353271484375
2019-10-24,49394.901646533486,271.77874755859375
2019-10-25,49886.11884450378,272.89154052734375
2019-10-28,50233.63382507025,274.42974853515625
2019-10-29,50067.93391964726,274.34832763671875
2019-10-30,50306.52719322374,275.18988037109375
2019-10-31,50158.388969276886,274.4568786621094
2019-11-01,50600.967712608595,276.99951171875
2019-11-04,50923.49645467939,278.1123046875
2019-11-05,50914.40137044996,277.8047180175781
2019-11-06,51043.209303783624,277.8680419921875
2019-11-07,51367.00748024561,278.84521484375
2019-11-08,51524.0220931735,279.5329895019531
2019-11-11,51383.058703770985,278.99908447265625
2019-11-12,51461.53445473166,279.58721923828125
2019-11-13,51360.692820814096,279.67767333984375
2019-11-14,51354.834502716876,280.0847473144531
2019-11-15,51722.60170351725,282.1116638183594
2019-11-18,51762.81196692058,282.3197326660156
2019-11-19,51708.98024342006,282.2383117675781
2019-11-20,51494.98559558916,281.1886901855469
2019-11-21,51506.622686732444,280.7362060546875
2019-11-22,51556.060992082625,281.3606872558594
2019-11-25,51942.702147702315,283.541259765625
2019-11-26,51956.46117041588,284.18365478515625
2019-11-27,52141.84952747098,285.4504089355469
2019-11-29,51953.68827045997,284.3917236328125
2019-12-02,51480.531553010995,281.97601318359375
2019-12-03,51084.633740442456,280.0847473144531
2019-12-04,51382.88993484333,281.8129577636719
2019-12-05,51460.8405576853,282.3197326660156
2019-12-06,51970.63033640481,284.8984375
2019-12-09,51890.41645808005,284.00274658203125
2019-12-10,51891.369706954676,283.68603515625
2019-12-11,52076.6778819354,284.4912414550781
2019-12-12,52577.716352411946,286.943359375
2019-12-13,52493.56254889744,287.1152038574219
2019-12-16,52908.738937952396,289.0877685546875
2019-12-17,53036.106364829124,289.1510314941406
2019-12-18,53072.673869383885,289.1692199707031
2019-12-19,53373.44758543545,290.3544921875
2019-12-20,53538.42138288984,291.6274108886719
2019-12-23,53622.11460175366,292.07293701171875
2019-12-24,53620.31297333599,292.0821228027344
2019-12-26,53876.58091802524,293.63690185546875
2019-12-27,53864.38315756742,293.56402587890625
2019-12-30,53474.65422343743,291.94561767578125
2019-12-31,53629.101445356515,292.65484619140625
2020-01-02,54232.59186914833,295.3917236328125
2020-01-03,53830.942925148505,293.1550598144531
2020-01-06,54028.95721359646,294.2734069824219
2020-01-07,53967.96112634162,293.4460144042969
2020-01-08,54315.58659002798,295.0098571777344
2020-01-09,54670.16051204002,297.0102844238281
2020-01-10,54468.26350349785,296.1554260253906
2020-01-13,55020.479164021,298.19232177734375
2020-01-14,55033.170024509214,297.7376403808594
2020-01-15,55036.274330044194,298.4104919433594
2020-01-16,55435.6542892647,300.892822265625
2020-01-17,55653.168695692664,301.8293151855469
2020-01-21,55631.62474747827,301.2382507324219
2020-01-22,55821.29053063571,301.2747802734375
2020-01-23,55979.69797006398,301.6201171875
2020-01-24,55576.81008274121,298.93780517578125
2020-01-27,54645.28091710905,294.1461181640625
2020-01-28,55219.67368923416,297.2284240722656
2020-01-29,55311.88110691016,296.98291015625
2020-01-30,55647.33157114854,297.94677734375
2020-01-31,54603.08373456783,292.5367126464844
2020-02-03,55391.87930332941,294.70977783203125
2020-02-04,56519.76076062396,299.2015075683594
2020-02-05,56820.93649496509,302.6567687988281
2020-02-06,57019.47233822044,303.67510986328125
2020-02-07,56640.72718801573,302.05670166015625
2020-02-10,57062.88725604045,304.3116760253906
2020-02-11,57235.9353047513,304.8389892578125
2020-02-12,57624.82273607871,306.802978515625
2020-02-13,57654.318520703244,306.4756164550781
2020-02-14,57768.0643704672,306.9667053222656
2020-02-18,57825.36357870583,306.175537109375
2020-02-19,58350.218858711065,307.6395263671875
2020-02-20,58083.9375154326,306.3756103515625
2020-02-21,57433.04802768461,303.22052001953125
2020-02-24,55267.09534629169,293.1640930175781
2020-02-25,53482.242832651405,284.2806091308594
2020-02-26,53249.13643375705,283.23504638671875
2020-02-27,50637.50233472321,270.5143737792969
2020-02-28,50233.69454889362,269.3778076171875
2020-03-02,52773.27906516757,281.0436096191406
2020-03-03,51268.08039677809,272.9966735839844
2020-03-04,53468.15655022545,284.4715270996094
2020-03-05,51659.99819512118,275.01513671875
2020-03-06,50866.74626567369,270.46893310546875
2020-03-09,47025.91769257556,249.3467559814453
2020-03-10,49491.5394388607,262.2491455078125
2020-03-11,47027.99199744433,249.4650421142578
2020-03-12,42384.217777086764,225.5968780517578
2020-03-13,46521.56716843964,244.88229370117188
2020-03-16,40754.126267354586,218.0863800048828
2020-03-17,43363.54245273352,229.86129760742188
2020-03-18,41248.394741636446,218.2227783203125
2020-03-19,41551.37793185013,218.68646240234375
2020-03-20,39696.18472064831,209.2623748779297
2020-03-23,38798.24780671892,203.91192626953125
2020-03-24,42513.03597355632,222.386962890625
2020-03-25,42904.02888127458,225.71617126464844
2020-03-26,45601.52693607299,238.8957061767578
2020-03-27,44223.005943570075,231.78001403808594
2020-03-30,45596.941871196985,239.3071746826172
2020-03-31,44827.038956666445,235.7402801513672
2020-04-01,42926.57161158253,225.1307830810547
2020-04-02,44123.04465949738,230.32574462890625
2020-04-03,43344.18273875603,226.9966278076172
2020-04-06,46394.767864994676,242.24310302734375
2020-04-07,46257.9272739163,242.4900665283203
2020-04-08,47744.73476913632,250.63003540039062
2020-04-09,48215.53498772317,254.44400024414062
2020-04-13,48082.64543561976,252.12088012695312
2020-04-14,49457.26999072726,259.5566711425781
2020-04-15,48480.73573754615,254.0415496826172
2020-04-16,48789.467223225976,255.26715087890625
2020-04-17,50014.189697097354,262.1631774902344
2020-04-20,49158.9104217466,257.5445861816406
2020-04-21,47666.56357738676,249.72457885742188
2020-04-22,48776.128854030016,255.26715087890625
2020-04-23,48708.259031767775,255.24884033203125
2020-04-24,49342.5939251793,258.80670166015625
2020-04-27,50191.98758389862,262.5383605957031
2020-04-28,49831.809946035246,261.3310546875
2020-04-29,51033.678003929366,268.1722717285156
2020-04-30,50528.39182220907,265.6753234863281
2020-05-01,49029.69257367334,258.64215087890625
2020-05-04,49305.96865062714,259.3554382324219
2020-05-05,49753.29253733485,261.751708984375
2020-05-06,49481.54475529642,259.9774475097656
2020-05-07,49931.03773577475,263.1145324707031
2020-05-08,50824.63779287504,267.4680480957031
2020-05-11,50796.001357832414,267.5228271484375
2020-05-12,49726.985178302886,262.1907653808594
2020-05-13,48969.489220124706,257.5536804199219
2020-05-14,49760.580249445986,260.6358337402344
2020-05-15,49808.154860472256,261.8340759277344
2020-05-18,51325.88079074121,269.8094177246094
2020-05-19,50652.64572607505,267.0381774902344
2020-05-20,51511.704188736294,271.57452392578125
2020-05-21,51138.3460088284,269.69964599609375
2020-05-22,51274.08246366282,270.2117614746094
2020-05-26,51882.12910691066,273.541015625
2020-05-27,52788.7700637833,277.61102294921875
2020-05-28,52475.37869265883,277.09893798828125
2020-05-29,52799.33298033837,278.3335266113281
2020-06-01,53058.417884653994,279.45849609375
2020-06-02,53587.880140103756,281.7724914550781
2020-06-03,54257.17520158482,285.5223388671875
2020-06-04,54173.42904136582,284.7723693847656
2020-06-05,55492.40888634398,292.071044921875
2020-06-08,56330.579598337616,295.6014404296875
2020-06-09,55944.65341584275,293.397216796875
2020-06-10,55790.4665322702,291.76007080078125
2020-06-11,52491.4171145948,274.9403076171875
2020-06-12,53040.81378270533,278.23297119140625
2020-06-15,53637.767215009255,280.8303527832031
2020-06-16,54690.341312502984,286.23565673828125
2020-06-17,54523.80194217636,285.0467834472656
2020-06-18,54600.29364507954,285.15655517578125
2020-06-19,54314.53568388619,283.52685546875
2020-06-22,54579.46647597364,285.34576416015625
2020-06-23,54793.910027917016,286.659423828125
2020-06-24,53436.32819296241,279.3471374511719
2020-06-25,54132.33728421878,282.341796875
2020-06-26,52667.52963884388,275.6358337402344
2020-06-29,53550.07146240276,279.6870422363281
2020-06-30,54439.63778848158,283.2696228027344
2020-07-01,54902.89363345937,285.25390625
2020-07-02,55260.84046114466,286.82476806640625
2020-07-06,56251.81459902175,291.2525634765625
2020-07-07,55738.447898986036,288.24859619140625
2020-07-08,56128.00365202058,290.45330810546875
2020-07-09,55910.00298692811,288.79986572265625
2020-07-10,56767.73270103834,291.7486267089844
2020-07-13,56309.88055324724,289.22247314453125
2020-07-14,57099.96631896714,292.9704895019531
2020-07-15,57482.56934544098,295.6619873046875
2020-07-16,57270.42432222359,294.6883239746094
2020-07-17,57353.945079497506,295.54254150390625
2020-07-20,57857.83244055085,297.93109130859375
2020-07-21,57866.64440814193,298.56488037109375
2020-07-22,58093.17103894064,300.2643737792969
2020-07-23,57358.323691723635,296.6817321777344
2020-07-24,56656.75982958133,294.77093505859375
2020-07-27,57199.00967195646,296.9205627441406
2020-07-28,56921.25597670417,295.03741455078125
2020-07-29,57341.87009552598,298.6659240722656
2020-07-30,57311.800409942334,297.6003112792969
2020-07-31,57317.599559018774,299.9520263671875
2020-08-03,57805.50790665263,302.037353515625
2020-08-04,58195.14221934267,303.2039794921875
2020-08-05,58551.51294338168,305.0872497558594
2020-08-06,58880.28333180709,307.1265563964844
2020-08-07,58996.50853759341,307.34716796875
2020-08-10,59129.049809684686,308.26568603515625
2020-08-11,58732.14747728867,305.7210693359375
2020-08-12,59798.62953741782,309.9835510253906
2020-08-13,59572.926673631715,309.4230651855469
2020-08-14,59635.34687347542,309.4322814941406
2020-08-17,59990.57031135029,310.415283203125
2020-08-18,60067.85127208763,311.0859069824219
2020-08-19,59873.49037466488,309.7906494140625
2020-08-20,60085.912385255244,310.75518798828125
2020-08-21,60422.10241824543,311.8575744628906
2020-08-24,61020.382522764856,315.01763916015625
2020-08-25,61250.38512370659,316.1199951171875
2020-08-26,61919.86368238723,319.2892150878906
2020-08-27,62193.250581545195,319.9874572753906
2020-08-28,62652.78592497931,322.0543518066406
2020-08-31,62760.888645025385,320.8876037597656
2020-09-01,63060.1919020035,323.9099426269531
2020-09-02,64025.358166533944,328.594970703125
2020-09-03,61653.23159537335,317.28668212890625
2020-09-04,61349.62986401409,314.69610595703125
2020-09-08,59236.48427562641,306.0976867675781
2020-09-09,60543.84521346107,312.142333984375
2020-09-10,59532.54598251227,306.722412109375
2020-09-11,59711.61956660009,306.8785705566406
2020-09-14,60701.11041298219,310.92059326171875
2020-09-15,61208.05589540058,312.4914855957031
2020-09-16,61005.24502710139,311.251220703125
2020-09-17,60546.09512407001,308.5137634277344
2020-09-18,60061.455218917676,304.9618835449219
2020-09-21,59549.208663403384,301.5677795410156
2020-09-22,59790.70870671375,304.6390686035156
2020-09-23,58209.042904642156,297.57415771484375
2020-09-24,58481.71254944076,298.3673400878906
2020-09-25,59414.23362088215,303.1911315917969
2020-09-28,60382.58568713809,308.226806640625
2020-09-29,60167.47363515732,306.5482177734375
2020-09-30,60892.60721411068,308.87249755859375
2020-10-01,61486.85780848553,310.85546875
2020-10-02,60772.03131003205,307.904052734375
2020-10-05,61878.29891995196,313.36407470703125
2020-10-06,61145.19661121065,308.9093322753906
2020-10-07,62286.926082085505,314.2864074707031
2020-10-08,62827.06691496723,317.07177734375
2020-10-09,63331.504965518754,319.9033203125
2020-10-12,64168.40180640506,325.0498046875
2020-10-13,63884.32479228152,322.928466796875
2020-10-14,63535.382333025846,320.8994140625
2020-10-15,63381.304229022084,320.5027770996094
2020-10-16,63559.39141677666,320.3091735839844
2020-10-19,62622.549748479956,315.4394226074219
2020-10-20,62866.19027784411,316.7029724121094
2020-10-21,62443.91380122263,316.10333251953125
2020-10-22,62877.571669009376,317.8373107910156
2020-10-23,62791.38773055051,318.91650390625
2020-10-26,61649.17633637862,313.02288818359375
2020-10-27,61251.631193425594,311.9437561035156
2020-10-28,59209.83456697695,301.2818908691406
2020-10-29,59902.0862550696,304.34393310546875
2020-10-30,59222.05551669011,301.1712341308594
2020-11-02,60046.061794372145,304.54681396484375
2020-11-03,61161.08655125523,309.9238586425781
2020-11-04,62360.09894906667,316.8504333496094
2020-11-05,63631.09749096847,323.0299377441406
2020-11-06,63553.90279778375,322.9562072753906
2020-11-09,64178.071161211934,327.0142822265625
2020-11-10,64265.3886094416,326.5346984863281
2020-11-11,64824.75021134239,328.96038818359375
2020-11-12,64149.99760080263,325.7691650390625
2020-11-13,64913.1405944567,330.2793273925781
2020-11-16,65716.87029734805,334.4020080566406
2020-11-17,65454.59485454564,332.6034851074219
2020-11-18,64814.96295082647,328.6007080078125
2020-11-19,65080.92304985117,329.9841003417969
2020-11-20,64629.03337117065,327.7245178222656
2020-11-23,65207.21078274709,329.6889953613281
2020-11-24,66478.4371651821,335.0014953613281
2020-11-25,66460.45796241025,334.4850769042969
2020-11-27,66680.61108837534,335.41656494140625
2020-11-30,66275.47178491019,333.9316711425781
2020-12-01,67020.94071952999,337.5839538574219
2020-12-02,67301.3312167342,338.294189453125
2020-12-03,67196.4671126238,338.2019348144531
2020-12-04,67820.14775270717,341.116455078125
2020-12-07,67899.37921619373,340.41552734375
2020-12-08,68082.9501421108,341.4116516113281
2020-12-09,67740.92434922968,338.3494873046875
2020-12-10,67683.54573420814,338.2388610839844
2020-12-11,67330.08037978258,337.8421936035156
2020-12-14,67208.77124234315,336.32965087890625
2020-12-15,67999.8732623474,340.8765869140625
2020-12-16,68038.2571424771,341.4116516113281
2020-12-17,68449.45082573961,343.3208312988281
2020-12-18,68326.5793253939,341.94989013671875
2020-12-21,68016.48917308953,340.7273254394531
2020-12-22,67583.44433907417,340.153076171875
2020-12-23,67717.75822527126,340.4586181640625
2020-12-24,67965.85197758213,341.7832336425781
2020-12-28,68414.55212881221,344.7194519042969
2020-12-29,68378.96097375269,344.0618591308594
2020-12-30,68581.74383116684,344.5526123046875
2020-12-31,69150.62782189602,346.30322265625
2021-01-04,68461.73103050886,341.5887145996094
2021-01-05,68871.68177502004,343.9413146972656
2021-01-06,69480.32156060949,345.99761962890625
2021-01-07,70342.15107985881,351.1382141113281
2021-01-08,70660.81390231468,353.138916015625
2021-01-11,70563.68462309352,350.7585144042969
2021-01-12,70700.5135018956,350.8326110839844
2021-01-13,71036.07180841366,351.77740478515625
2021-01-14,70842.23603181518,350.54541015625
2021-01-15,70229.29371715576,347.9889831542969
2021-01-19,70786.11886095238,350.7215270996094
2021-01-20,71648.80004799613,355.5748596191406
2021-01-21,71709.44308157718,355.899169921875
2021-01-22,71322.3491554758,354.6394348144531
2021-01-25,71558.12434229076,356.0381164550781
2021-01-26,71533.30548974346,355.4822998046875
2021-01-27,69686.63644883728,346.7941589355469
2021-01-28,70325.72708889062,349.7767333984375
2021-01-29,69121.76411898805,342.77435302734375
2021-02-01,69907.7677109165,348.47991943359375
2021-02-02,70986.01046843259,353.40753173828125
2021-02-03,70960.00554275757,353.6854553222656
2021-02-04,71628.22387272613,357.70526123046875
2021-02-05,71804.98251301894,359.1131896972656
2021-02-08,72402.85378719858,361.7066650390625
2021-02-09,72279.35435282424,361.4658203125
2021-02-10,72253.26251602294,361.308349609375
2021-02-11,72315.6803121626,361.8919677734375
2021-02-12,72622.26169980898,363.6795654296875
2021-02-16,72703.34182530575,363.3646545410156
2021-02-17,72735.63577741286,363.4479675292969
2021-02-18,72337.36964415685,361.9011535644531
2021-02-19,72288.1246280815,361.2620849609375
2021-02-22,71937.60144454146,358.48333740234375
2021-02-23,72013.48917586966,358.918701171875
2021-02-24,72942.2057898845,362.8736877441406
2021-02-25,71333.6860868609,354.1300048828125
2021-02-26,70826.33825239773,352.3052978515625
2021-03-01,72479.4071906667,360.84527587890625
2021-03-02,71939.34405846255,358.02947998046875
2021-03-03,71259.59620852304,353.2871398925781
2021-03-04,70374.30291123729,348.915283203125
2021-03-05,71747.03626869323,355.3341979980469
2021-03-08,71573.25631012287,353.56494140625
2021-03-09,72583.47162965467,358.613037109375
2021-03-10,73044.64423712989,360.84527587890625
2021-03-11,73405.06605546492,364.5039367675781
2021-03-12,73696.52335209493,364.994873046875
2021-03-15,74016.04544088317,367.17156982421875
2021-03-16,74007.34873132154,366.7082824707031
2021-03-17,74264.13164289134,367.9588317871094
2021-03-18,73394.64674069588,362.60516357421875
2021-03-19,73400.47209040509,361.9342041015625
2021-03-22,73855.73889573837,364.82427978515625
2021-03-23,73315.66014050126,361.9527587890625
2021-03-24,72922.49357645422,360.1128234863281
2021-03-25,73452.375771601,362.1386413574219
2021-03-26,74790.87677036706,367.9744873046875
2021-03-29,74848.70518218687,367.7887268066406
2021-03-30,74609.20020439418,366.81298828125
2021-03-31,74853.97746381497,368.2997131347656
2021-04-01,75722.25900590794,372.2769775390625
2021-04-05,76731.43834392271,377.6203308105469
2021-04-06,76508.53953139042,377.3973388671875
2021-04-07,76680.94620680912,377.8341369628906
2021-04-08,76989.73018027778,379.6275329589844
2021-04-09,77507.88146992167,382.38751220703125
2021-04-12,77521.40252317992,382.5269775390625
2021-04-13,77646.2930716421,383.6606750488281
2021-04-14,77549.04846129444,382.350341796875
2021-04-15,78330.78798554609,386.4577331542969
2021-04-16,78644.1994104283,387.7494812011719
2021-04-19,78182.66490417472,385.844482421875
2021-04-20,77563.50811470472,383.01947021484375
2021-04-21,78034.41738821068,386.6435852050781
2021-04-22,77170.50950735048,383.1123962402344
2021-04-23,77718.23344032292,387.26629638671875
2021-04-26,77829.82504472428,388.07470703125
2021-04-27,77834.79235405469,387.9910583496094
2021-04-28,77725.70532229639,387.8795471191406
2021-04-29,78494.08383020377,390.35137939453125
2021-04-30,77972.23155101905,387.78668212890625
2021-05-03,78372.60694139067,388.6230163574219
2021-05-04,78203.38079916018,386.2253723144531
2021-05-05,78499.88042459906,386.34625244140625
2021-05-06,79274.01121163559,389.431396484375
2021-05-07,79829.67896168618,392.2657165527344
2021-05-10,79056.90182907772,388.38140869140625
2021-05-11,78261.70526704643,384.9151916503906
2021-05-12,76772.23124252904,376.737548828125
2021-05-13,77711.07478685904,381.2631530761719
2021-05-14,78772.52840628765,387.1175842285156
2021-05-17,78670.3748495824,386.13250732421875
2021-05-18,77975.61593950342,382.80572509765625
2021-05-19,77740.34919780567,381.8021240234375
2021-05-20,78408.64822222418,385.9095458984375
2021-05-21,78570.91390411768,385.5935363769531
2021-05-24,79188.9868310815,389.5244140625
2021-05-25,78914.76628130532,388.6600341796875
2021-05-26,79023.48684402904,389.431396484375
2021-05-27,79285.2935105904,389.63592529296875
2021-05-28,79351.67271009057,390.3327941894531
2021-06-01,79332.72140661725,389.98907470703125
2021-06-02,79732.93759423289,390.6023254394531
2021-06-03,79613.96508816213,389.15264892578125
2021-06-04,80203.42178095318,392.71173095703125
2021-06-07,80262.00617372476,392.33074951171875
2021-06-08,80101.27413731464,392.41436767578125
2021-06-09,79810.13379476934,391.8289794921875
2021-06-10,79932.63079859002,393.6502990722656
2021-06-11,80016.90241587287,394.3009033203125
2021-06-14,79984.16940821099,395.18365478515625
2021-06-15,79759.95819801066,394.4588317871094
2021-06-16,79082.33870571462,392.2563781738281
2021-06-17,78850.9988980863,392.1263427734375
2021-06-18,77702.80202526951,386.8363342285156
2021-06-21,78905.49475812922,392.3742980957031
2021-06-22,79263.8165483245,394.4720764160156
2021-06-23,79177.88101406593,393.99658203125
2021-06-24,79951.87991575745,396.3274230957031
2021-06-25,80179.2830115493,397.7351989746094
2021-06-28,80318.67278545171,398.5369873046875
2021-06-29,80247.67973433543,398.7513427734375
2021-06-30,80482.2302659955,399.0870361328125
2021-07-01,81028.30968562624,401.2966003417969
2021-07-02,81447.3004905521,404.3639221191406
2021-07-06,80968.88965588814,403.62738037109375
2021-07-07,81047.06263366238,405.0538330078125
2021-07-08,80451.59219272039,401.7535095214844
2021-07-09,81476.47272863297,406.0421447753906
2021-07-12,81831.25517359513,407.4964599609375
2021-07-13,81427.48138202907,406.1073913574219
2021-07-14,81439.0833986695,406.7132873535156
2021-07-15,81259.31042801049,405.32415771484375
2021-07-16,80514.25778172402,402.14501953125
2021-07-19,79190.24146518143,396.2061767578125
2021-07-20,80370.70316253696,401.884033203125
2021-07-21,81193.86988094152,405.1377258300781
2021-07-22,81021.9477970278,405.9861755371094
2021-07-23,81613.42756455937,410.1629333496094
2021-07-26,81909.74276919397,411.1697998046875
2021-07-27,81494.21568922147,409.2958679199219
2021-07-28,81516.5254526854,409.1280822753906
2021-07-29,82028.78628485986,410.8248596191406
2021-07-30,81443.94779573644,408.8296813964844
2021-08-02,81273.40932216968,407.9720153808594
2021-08-03,81995.10981404915,411.291015625
2021-08-04,81529.10090556082,409.26788330078125
2021-08-05,82136.50256309213,411.8597412109375
2021-08-06,82379.27105914173,412.540283203125
2021-08-09,82299.70698241719,412.20465087890625
2021-08-10,82678.883688171,412.7174987792969
2021-08-11,83013.17739477362,413.7430725097656
2021-08-12,83105.65627366875,414.98297119140625
2021-08-13,83073.19430601112,415.7382507324219
2021-08-16,83207.81500770671,416.7170715332031
2021-08-17,82444.22276555262,413.9853515625
2021-08-18,81696.77761965783,409.454345703125
2021-08-19,81666.30115105047,410.08831787109375
2021-08-20,82244.68908100521,413.3514404296875
2021-08-23,82958.5843003464,416.98748779296875
2021-08-24,83065.02516102258,417.6494140625
2021-08-25,83317.03583711326,418.5257873535156
2021-08-26,82833.25498322023,416.0551452636719
2021-08-27,83607.20563046513,419.7751159667969
2021-08-30,83629.38103892579,421.6210632324219
2021-08-31,83438.51790972459,420.9964599609375
2021-09-01,83271.72926104238,421.22015380859375
2021-09-02,83670.93117887013,422.51611328125
2021-09-03,83529.41778852859,422.4135437011719
2021-09-07,83169.8959170488,420.9032287597656
2021-09-08,83021.3221570129,420.3904113769531
2021-09-09,82592.60117796912,418.5910339355469
2021-09-10,82235.46245108878,415.2906494140625
2021-09-13,82783.88197014568,416.3534851074219
2021-09-14,82083.80345013374,414.1066589355469
2021-09-15,82812.02466547137,417.5655517578125
2021-09-16,82558.66687905627,416.9035949707031
2021-09-17,81942.57527797349,412.842529296875
2021-09-20,80516.32898043876,405.9586486816406
2021-09-21,80540.4284567238,405.57513427734375
2021-09-22,81375.1139852374,409.5315246582031
2021-09-23,82501.23974044701,414.5072937011719
2021-09-24,82793.9066959082,415.1900939941406
2021-09-27,82931.07660604506,414.0023498535156
2021-09-28,81662.12609524633,405.65936279296875
2021-09-29,81971.77484786871,406.34210205078125
2021-09-30,80942.69566998136,401.375732421875
2021-10-01,81985.05766496014,406.145751953125
2021-10-04,81206.10402471566,400.90802001953125
2021-10-05,82045.45421319235,405.0794677734375
2021-10-06,82266.60313824184,406.7630310058594
2021-10-07,82923.92542611745,410.27972412109375
2021-10-08,83022.54267322442,409.5315246582031
2021-10-11,82465.88117764592,406.56658935546875
2021-10-12,82055.78506490501,405.5658874511719
2021-10-13,82151.11257239402,407.0248718261719
2021-10-14,83301.94591912004,413.871337890625
2021-10-15,84219.23675817948,417.0232849121094
2021-10-18,84478.36057616617,418.2579040527344
2021-10-19,85206.73950162949,421.4847412109375
2021-10-20,85589.21110038146,423.1401062011719
2021-10-21,85700.33124942175,424.24383544921875
2021-10-22,85765.89681792047,423.80426025390625
2021-10-25,86252.23580662902,426.07708740234375
2021-10-26,86605.53306136935,426.46044921875
2021-10-27,85690.1658193199,424.57122802734375
2021-10-28,86525.28790695671,428.6678161621094
2021-10-29,86740.90183392669,429.5376892089844
2021-11-01,87034.210938535,430.27655029296875
2021-11-02,87227.46116067158,432.0162048339844
2021-11-03,87774.95823449227,434.65380859375
2021-11-04,88222.39022808446,436.7020263671875
2021-11-05,88660.6351755153,438.21722412109375
2021-11-08,88836.23247470219,438.5914306640625
2021-11-09,88393.491049821,437.1416931152344
2021-11-10,87942.86864761061,433.6248779296875
2021-11-11,87968.35487503627,433.7652587890625
2021-11-12,88385.12309891696,437.038818359375
2021-11-15,88434.6679240156,437.1883850097656
2021-11-16,88736.70199753992,438.918701171875
2021-11-17,88308.06745564987,437.8525085449219
2021-11-18,88462.53300412429,439.33966064453125
2021-11-19,87973.80866636049,438.5540771484375
2021-11-22,87950.81870090394,437.3193054199219
2021-11-23,88375.71170235082,437.8992614746094
2021-11-24,88631.33112840274,439.0684509277344
2021-11-26,86402.39838930378,429.27581787109375
2021-11-29,87295.12024081817,434.5414733886719
2021-11-30,85558.0146953644,426.0864562988281
2021-12-01,84625.04499658688,421.3537902832031
2021-12-02,85901.97994572758,427.8073425292969
2021-12-03,85314.22503667918,424.0848693847656
2021-12-06,86480.90808915191,429.107421875
2021-12-07,88150.77864477836,437.9833984375
2021-12-08,88039.37816228028,439.1431579589844
2021-12-09,87604.46731114805,436.1783142089844
2021-12-10,88615.99443699731,440.2843017578125
2021-12-13,87583.5922648059,436.384033203125
2021-12-14,87175.56279486846,433.3817443847656
2021-12-15,88712.97995272042,440.1532287597656
2021-12-16,88349.56818449899,436.2718200683594
2021-12-17,86978.05451148412,431.6286315917969
2021-12-20,86065.26676266082,427.0389709472656
2021-12-21,87390.69899253716,434.6227722167969
2021-12-22,88182.59948613669,438.96844482421875
2021-12-23,88782.49828021725,441.6996154785156
2021-12-27,89814.56767734169,447.9507141113281
2021-12-28,89780.69342533131,447.5846252441406
2021-12-29,89810.84983398186,448.1571350097656
2021-12-30,89536.55488660002,446.918212890625
2021-12-31,89374.95745065439,445.7919006347656
2022-01-03,90639.55259029384,448.37298583984375
2022-01-04,91198.07026818267,448.2229309082031
2022-01-05,90028.31428604422,439.61602783203125
2022-01-06,90202.25005887414,439.2030334472656
2022-01-07,90244.19797395202,437.4666442871094
2022-01-10,90148.70503019472,436.92230224609375
2022-01-11,90897.73499273958,440.90185546875
2022-01-12,90997.39590711621,442.0938720703125
2022-01-13,90207.4519519238,436.0024719238281
2022-01-14,90287.28320117465,436.1808166503906
2022-01-18,88780.11239008231,428.4561767578125
2022-01-19,87674.97330092468,424.00738525390625
2022-01-20,86686.50096185057,419.3143005371094
2022-01-21,85043.19312827731,411.0829772949219
2022-01-24,85087.59475385658,412.8287658691406
2022-01-25,84758.01227449719,407.78851318359375
2022-01-26,84690.18834794757,406.7654724121094
2022-01-27,84240.56019792851,404.7568054199219
2022-01-28,85978.54588116254,414.80908203125
2022-01-31,87345.39045141451,422.2803039550781
2022-02-01,88507.86186040642,425.13360595703125
2022-02-02,89336.81055354052,429.2633972167969
2022-02-03,87335.8819055801,419.173583984375
2022-02-04,87590.9324194536,421.14459228515625
2022-02-07,87563.76643463864,419.7930603027344
2022-02-08,88055.350757031,423.2470397949219
2022-02-09,89027.0441260465,429.4417419433594
2022-02-10,87451.24761448435,421.7265319824219
2022-02-11,86169.44080979124,413.4106750488281
2022-02-14,85749.82752884751,412.0590515136719
2022-02-15,87047.45080622363,418.7043151855469
2022-02-16,87063.81617509662,419.173583984375
2022-02-17,85424.7838698502,410.219482421875
2022-02-18,84738.76621285288,407.563232421875
2022-02-22,83877.42249859785,403.1893615722656
2022-02-23,82562.83410719052,396.037353515625
2022-02-24,83044.76748199719,401.9974060058594
2022-02-25,85033.29950987487,410.8671569824219
2022-02-28,84873.3491020184,409.81585693359375
2022-03-01,83182.50108867686,403.5742492675781
2022-03-02,84792.63436202734,410.9985046386719
2022-03-03,84387.65400108234,408.9523620605469
2022-03-04,83890.50046742939,405.6297912597656
2022-03-07,81989.4333677388,393.6721496582031
2022-03-08,81903.83198264794,390.68743896484375
2022-03-09,83422.21886608163,401.16204833984375
2022-03-10,83316.95272124911,399.35064697265625
2022-03-11,82569.49701320173,394.2727966308594
2022-03-14,82273.01334741837,391.3912658691406
2022-03-15,83597.46317230478,399.9982604980469
2022-03-16,84988.52949723827,408.8678894042969
2022-03-17,86150.65293117242,413.9831237792969
2022-03-18,86827.76691272912,418.51739501953125
2022-03-21,86740.49685571219,418.3950500488281
2022-03-22,87541.18962966595,423.2908630371094
2022-03-23,86505.8730790615,417.839599609375
2022-03-24,87617.93300026123,424.13824462890625
2022-03-25,88164.3399596491,426.2095642089844
2022-03-28,88356.33557608441,429.2412109375
2022-03-29,89243.34483042978,434.55120849609375
2022-03-30,88661.4479847119,431.8679504394531
2022-03-31,87271.6524436125,425.220947265625
2022-04-01,87584.61730749835,426.4260559082031
2022-04-04,88196.02990824639,430.0791320800781
2022-04-05,87107.83818753561,424.6466369628906
2022-04-06,86576.4498314025,420.4004211425781
2022-04-07,86830.31303524345,422.5188293457031
2022-04-08,86768.84657353788,421.3890686035156
2022-04-11,85515.47436902816,414.1865234375
2022-04-12,85250.12882960356,412.65185546875
2022-04-13,86098.45374019684,417.3782043457031
2022-04-14,85458.49187810707,412.1810607910156
2022-04-18,85618.71093058249,412.35064697265625
2022-04-19,86774.93968110056,419.0070495605469
2022-04-20,86586.7431344359,418.6962890625
2022-04-21,85539.51230648355,412.43536376953125
2022-04-22,83484.55318481805,401.1184387207031
2022-04-25,83761.48142119213,403.4439697265625
2022-04-26,81640.33774547224,391.7599182128906
2022-04-27,81601.80408328393,392.8614807128906
2022-04-28,83505.71599242598,402.784912109375
2022-04-29,80763.60725564283,387.8997802734375
2022-05-02,81265.00446132984,390.2346496582031
2022-05-03,81625.5414806875,392.0235290527344
2022-05-04,84103.75908394909,403.96185302734375
2022-05-05,81551.24612942674,389.6038513183594
2022-05-06,81407.57985648002,387.2783508300781
2022-05-09,79265.57399674477,374.8787536621094
2022-05-10,79269.2357567368,375.744873046875
2022-05-11,78296.266728566,369.77581787109375
2022-05-12,78227.3126731758,369.3898010253906
2022-05-13,79671.4255741703,378.22113037109375
2022-05-16,79592.96820088997,376.6864318847656
2022-05-17,81042.92489283989,384.4350280761719
2022-05-18,78110.82576561246,368.93780517578125
2022-05-19,77427.57746960198,366.67822265625
2022-05-20,77507.76309322563,366.8383483886719
2022-05-23,79046.83163018138,373.701904296875
2022-05-24,78797.30169307262,370.8491516113281
2022-05-25,79488.91112340165,374.1255187988281
2022-05-26,81146.05132351255,381.60113525390625
2022-05-27,82702.51921395109,390.968994140625
2022-05-31,82230.5588953561,388.77532958984375
2022-06-01,81607.24007669014,385.6306457519531
2022-06-02,82764.93595172756,392.97442626953125
2022-06-03,81839.06518783046,386.525146484375
2022-06-06,81968.20300691828,387.7019958496094
2022-06-07,82670.58890684202,391.42095947265625
2022-06-08,81841.58911466875,387.16534423828125
2022-06-09,80104.63293216331,377.9574890136719
2022-06-10,77953.15002823358,366.998291015625
2022-06-13,75436.14567082193,353.0640563964844
2022-06-14,75159.1926126141,352.0002746582031
2022-06-15,75941.38835193301,357.0184020996094
2022-06-16,73818.5994632595,345.2025146484375
2022-06-17,73622.8546721811,345.9466247558594
2022-06-21,75352.64318395378,354.6554260253906
2022-06-22,75095.23178811079,354.0124206542969
2022-06-23,75266.22014781997,357.482666015625
2022-06-24,77387.6232079507,368.848388671875
2022-06-27,77295.04477733882,367.4395446777344
2022-06-28,76227.12965404248,359.9316101074219
2022-06-29,76136.0148042479,359.63861083984375
2022-06-30,75656.43129195811,356.71673583984375
2022-07-01,76338.30457334954,360.4895935058594
2022-07-05,76137.29890795186,361.17034912109375
2022-07-06,76237.37232634932,362.39019775390625
2022-07-07,77365.68437632694,367.81768798828125
2022-07-08,77396.09459944791,367.51519775390625
2022-07-11,76627.31982952452,363.31683349609375
2022-07-12,76207.47677867173,360.1018371582031
2022-07-13,75898.61907184706,358.2107849121094
2022-07-14,75862.31020844505,357.3408203125
2022-07-15,77506.15749174583,364.1678771972656
2022-07-18,77081.04828219565,361.16094970703125
2022-07-19,78963.20697970148,370.9192199707031
2022-07-20,79229.64455178428,373.28314208984375
2022-07-21,79899.1159023547,377.0843505859375
2022-07-22,79549.60055436859,373.585693359375
2022-07-25,79750.51736768974,374.03955078125
2022-07-26,78883.7088537423,369.6143493652344
2022-07-27,80363.55480768558,379.2118225097656
2022-07-28,80978.24524684745,383.9681091308594
2022-07-29,81861.25011313746,389.5659484863281
2022-08-01,81937.41189061264,388.4123229980469
2022-08-02,81154.78544408617,385.849853515625
2022-08-03,82121.97641975466,391.8919677734375
2022-08-04,81950.72220432824,391.62725830078125
2022-08-05,81943.8179334948,390.9653625488281
2022-08-08,81766.31258951075,390.5115051269531
2022-08-09,81499.68067792055,388.9607238769531
2022-08-10,83027.18934657851,397.13043212890625
2022-08-11,83154.66020807026,397.13043212890625
2022-08-12,84443.4347694813,403.853515625
2022-08-15,84765.5119288945,405.517578125
2022-08-16,85034.23410233537,406.3119812011719
2022-08-17,84543.66112019627,403.4280090332031
2022-08-18,85053.12433712625,404.6004638671875
2022-08-19,84163.58362077914,399.1634521484375
2022-08-22,82534.53808894502,390.8518981933594
2022-08-23,82423.37424817806,389.90631103515625
2022-08-24,82598.05189591974,391.1544494628906
2022-08-25,83666.11682622523,396.67657470703125
2022-08-26,81065.98052125295,383.24957275390625
2022-08-29,80729.56280022385,380.71533203125
2022-08-30,79908.93963988149,376.5359191894531
2022-08-31,79301.7722181206,373.6707763671875
2022-09-01,79581.27822842464,374.84332275390625
2022-09-02,78884.91676144423,370.89080810546875
2022-09-06,78523.14792021534,369.4914245605469
2022-09-07,79683.20808522623,376.1293640136719
2022-09-08,80330.52852597708,378.587890625
2022-09-09,81452.48985143357,384.46929931640625
2022-09-12,82072.01656877702,388.6014099121094
2022-09-13,78712.77045261521,371.70404052734375
2022-09-14,79004.94159162063,373.1224670410156
2022-09-15,78306.84994970521,368.8861999511719
2022-09-16,77908.97351197143,366.0720520019531
2022-09-19,78407.14858730369,368.9108581542969
2022-09-20,77559.52884237704,364.6763916015625
2022-09-21,76318.67616825787,358.3149719238281
2022-09-22,75819.76835068924,355.3052062988281
2022-09-23,74305.95525560874,349.3521423339844
2022-09-26,73528.43793709025,345.8961181640625
2022-09-27,73309.36921373152,345.0131530761719
2022-09-28,74677.14033489405,351.8017883300781
2022-09-29,73265.30120059733,344.45294189453125
2022-09-30,72204.75075370638,339.12652587890625
2022-10-03,74027.49117205219,348.0799255371094
2022-10-04,76148.32072548725,358.8657531738281
2022-10-05,76051.54349172588,358.0301818847656
2022-10-06,75257.49702371834,354.33685302734375
2022-10-07,73490.93692783773,344.45294189453125
2022-10-10,72987.99675276125,341.8229675292969
2022-10-11,72570.75396437138,339.658203125
2022-10-12,72394.5261686849,338.53790283203125
2022-10-13,74536.80642597149,347.47222900390625
2022-10-14,73296.70416172253,339.5538024902344
2022-10-17,74895.51171414861,348.27923583984375
2022-10-18,75660.70710180153,352.37139892578125
2022-10-19,75241.95950085131,349.87432861328125
2022-10-20,74804.38053301361,346.9405822753906
2022-10-21,76811.51698911766,355.3717041015625
2022-10-24,77837.34023040584,359.7201843261719
2022-10-25,78814.41646811765,365.46441650390625
2022-10-26,78886.88335533303,362.7109375
2022-10-27,78656.68337164771,360.77410888671875
2022-10-28,80466.04287227117,369.357177734375
2022-10-31,79981.21704747167,366.6891784667969
2022-11-01,79889.62516364262,365.0845642089844
2022-11-02,78474.80548199559,355.9223937988281
2022-11-03,77977.46982837391,352.25750732421875
2022-11-04,79116.13707505821,357.32757568359375
2022-11-07,80020.47883181236,360.74566650390625
2022-11-08,80610.57263721545,362.6919860839844
2022-11-09,79135.79756541357,355.2198181152344
2022-11-10,82724.94000053713,374.74053955078125
2022-11-11,83203.88331000737,378.3675537109375
2022-11-14,82571.60092219332,375.14886474609375
2022-11-15,83231.33206935145,378.34844970703125
2022-11-16,82647.00502069088,375.4621887207031
2022-11-17,82598.55751890036,374.31329345703125
2022-11-18,83006.24948384006,376.01287841796875
2022-11-21,82727.5550878496,374.6456604003906
2022-11-22,83845.53099979398,379.687255859375
2022-11-23,84055.85677815037,382.07989501953125
2022-11-25,84112.43340369576,381.99444580078125
2022-11-28,82924.57833882968,375.89898681640625
2022-11-29,82947.68856075023,375.2532653808594
2022-11-30,85082.03886704115,387.0740051269531
2022-12-01,84913.58402786046,386.7891845703125
2022-12-02,84795.40216205124,386.34295654296875
2022-12-05,83302.57060934682,379.3929443359375
2022-12-06,82220.86063446465,373.9241027832031
2022-12-07,82065.14167609093,373.28790283203125
2022-12-08,82541.70858024202,376.21221923828125
2022-12-09,81900.22693810843,373.40185546875
2022-12-12,83130.77652604796,378.7853088378906
2022-12-13,83613.93058919096,381.65264892578125
2022-12-14,83217.74577541911,379.2124938964844
2022-12-15,81303.06473079041,369.93634033203125
2022-12-16,80529.06871222297,365.56884765625
2022-12-19,80138.02910747795,362.46893310546875
2022-12-20,80206.0330874114,362.9649353027344
2022-12-21,81435.401907518,368.39215087890625
2022-12-22,80328.22259929667,363.1366271972656
2022-12-23,80791.19146263557,365.2254943847656
2022-12-27,80629.67286840158,363.78521728515625
2022-12-28,79818.85412974562,359.2640686035156
2022-12-29,80911.81129456457,365.73101806640625
2022-12-30,80830.0703671578,364.7676086425781
2023-01-03,80807.70609488356,363.23199462890625
2023-01-04,81671.64288179326,366.03619384765625
2023-01-05,81011.16861803336,361.8585205078125
2023-01-06,82908.6385595484,370.1566467285156
2023-01-09,82834.27128383596,369.9468078613281
2023-01-10,83336.77530681777,372.54119873046875
2023-01-11,84141.39291087771,377.25311279296875
2023-01-12,84541.17513970732,378.6265563964844
2023-01-13,84936.69925636557,380.0954895019531
2023-01-17,84484.5402162888,379.399169921875
2023-01-18,83143.72267465136,373.4092102050781
2023-01-19,82361.18700982754,370.69085693359375
2023-01-20,83565.00644852604,377.5964050292969
2023-01-23,84533.50789504229,382.12701416015625
2023-01-24,84590.97917968636,381.7169494628906
2023-01-25,84717.26058479016,381.85992431640625
2023-01-26,85245.1212810849,386.0567321777344
2023-01-27,85560.28147773967,386.9438171386719
2023-01-30,84716.96163944257,382.08892822265625
2023-01-31,85660.93238903765,387.7068786621094
2023-02-01,86200.91924470861,391.8273620605469
2023-02-02,86702.31747475051,397.5312194824219
2023-02-03,86150.71480615182,393.3057861328125
2023-02-06,85904.0480612702,390.9021301269531
2023-02-07,86636.41328715903,396.0146484375
2023-02-08,85792.46158254749,391.6842346191406
2023-02-09,85036.58068055185,388.28863525390625
2023-02-10,85315.76879315924,389.19482421875
2023-02-13,86253.67913793158,393.7635803222656
2023-02-14,86278.03422116757,393.5824279785156
2023-02-15,86381.06966292793,394.8605651855469
2023-02-16,85376.22720495082,389.42376708984375
2023-02-17,85250.92876930891,388.4508972167969
2023-02-21,83611.47621542038,380.65814208984375
2023-02-22,83364.87652215161,380.133544921875
2023-02-23,83805.24413801453,382.1556396484375
2023-02-24,83129.91080641173,378.0733642578125
2023-02-27,83356.8246129624,379.361083984375
2023-02-28,83094.54867259244,377.9588928222656
2023-03-01,82837.31147566094,376.50909423828125
2023-03-02,83323.27631441338,379.4372863769531
2023-03-03,84504.92244728768,385.5226745605469
2023-03-06,84556.2345857583,385.7897644042969
2023-03-07,83152.53815607351,379.8759765625
2023-03-08,83269.67906100008,380.4959716796875
2023-03-09,81899.37816086589,373.4759826660156
2023-03-10,80983.77962822645,368.08685302734375
2023-03-13,80457.30404516097,367.56231689453125
2023-03-14,81661.432041296,373.63812255859375
2023-03-15,81010.54710552598,371.3012390136719
2023-03-16,82112.76855623181,377.8158264160156
2023-03-17,81177.91716773564,373.3980407714844
2023-03-20,81920.98433498708,376.98858642578125
2023-03-21,82831.92726204733,381.93865966796875
2023-03-22,81571.37514550956,375.42791748046875
2023-03-23,81872.43832310349,376.4428405761719
2023-03-24,82116.7355380752,378.9130859375
2023-03-27,82589.4878605114,379.62152099609375
2023-03-28,82457.71568758535,378.7694396972656
2023-03-29,83503.91061292536,384.2747802734375
2023-03-30,83833.28217706585,386.52484130859375
2023-03-31,84925.48650186266,391.9727783203125
2023-04-03,85612.54189359379,393.4663391113281
2023-04-04,85006.07040879197,391.2834167480469
2023-04-05,85031.29180932023,390.25897216796875
2023-04-06,85150.01282322677,391.78125
2023-04-10,85306.76208225437,392.18341064453125
2023-04-11,85509.85890052083,392.2887268066406
2023-04-12,85111.83985383275,390.6897888183594
2023-04-13,86040.7242999423,395.879150390625
2023-04-14,86072.45773799508,394.9121398925781
2023-04-17,86348.23441336253,396.3292236328125
2023-04-18,86412.23029598624,396.5876770019531
2023-04-19,86435.96936747947,396.52069091796875
2023-04-20,85896.07460997047,394.35687255859375
2023-04-21,85895.87040426045,394.66326904296875
2023-04-24,85923.21459132525,395.07489013671875
2023-04-25,84639.20967182198,388.80352783203125
2023-04-26,83792.21852029418,387.1567687988281
2023-04-27,85153.94987586366,394.8642578125
2023-04-28,85911.70202480961,398.2345275878906
2023-05-01,85933.99905952843,397.8323974609375
2023-05-02,84710.07291775833,393.3610534667969
2023-05-03,84290.74171308495,390.6610107421875
2023-05-04,83602.29958961385,387.89398193359375
2023-05-05,84997.48529899248,395.07489013671875
2023-05-08,85033.96380171418,395.18023681640625
2023-05-09,84816.5982729805,393.447265625
2023-05-10,84846.89538197094,395.2855529785156
2023-05-11,84625.12904835366,394.59619140625
2023-05-12,84529.75010747588,394.07916259765625
2023-05-15,84860.79236302651,395.4387512207031
2023-05-16,84126.68204463918,392.796142578125
2023-05-17,85442.21150158028,397.5643005371094
2023-05-18,86144.08134376735,401.3941650390625
2023-05-19,86022.94457022019,400.81005859375
2023-05-22,86007.75258330534,400.972900390625
2023-05-23,85371.14914287647,396.4728088378906
2023-05-24,84705.32792362272,393.6004943847656
2023-05-25,85355.84696031678,397.00897216796875
2023-05-26,86678.70764110846,402.15045166015625
2023-05-30,86771.23014775441,402.3036804199219
2023-05-31,86250.01856063005,400.07281494140625
2023-06-01,87096.43605996252,403.8739013671875
2023-06-02,88455.5739067449,409.7144470214844
2023-06-05,88064.30545605642,408.9292297363281
2023-06-06,88356.00813669468,409.8197937011719
2023-06-07,88500.42015906601,408.4027404785156
2023-06-08,89029.66154923958,410.8729553222656
2023-06-09,89178.143439415,411.6102294921875
2023-06-12,90008.31976984638,415.34423828125
2023-06-13,90667.74662300273,418.08258056640625
2023-06-14,90816.70560172488,418.58038330078125
2023-06-15,91866.97168252712,423.7698669433594
2023-06-16,91605.79773268616,422.326416015625
2023-06-20,91020.38044063767,420.13525390625
2023-06-21,90496.23386853312,417.9826965332031
2023-06-22,90396.66114344097,419.4913635253906
2023-06-23,89681.66672167083,416.3200988769531
2023-06-26,89471.70389158954,414.61907958984375
2023-06-27,90403.97033115731,419.1647033691406
2023-06-28,90273.50556482228,419.3761291503906
2023-06-29,90848.82950526084,421.0290832519531
2023-06-30,91828.24379761213,425.99749755859375
2023-07-03,92236.90458562497,426.48760986328125
2023-07-05,92160.46029389904,425.8533630371094
2023-07-06,91083.30134909757,422.5186767578125
2023-07-07,90947.49570020052,421.4519348144531
2023-07-10,91501.86674222066,422.5186767578125
2023-07-11,92296.17897937488,425.20941162109375
2023-07-12,92978.1274089446,428.6307067871094
2023-07-13,93650.00213405961,432.03265380859375
2023-07-14,93358.88372360136,431.7635803222656
2023-07-17,93627.25029138313,433.2627258300781
2023-07-18,94403.97010992996,436.4821472167969
2023-07-19,94857.96334054747,437.4527587890625
2023-07-20,94599.27190774042,434.55047607421875
2023-07-21,94572.24428737587,434.55047607421875
2023-07-24,95137.85359130651,436.4917907714844
2023-07-25,95256.57737642783,437.6833801269531
2023-07-26,95289.62020857823,437.75067138671875
2023-07-27,94788.5363006356,434.8484191894531
2023-07-28,95521.10984219969,439.1057434082031
2023-07-31,95777.1981768989,439.9417724609375
2023-08-01,95588.00824016184,438.6828918457031
2023-08-02,94344.61156357921,432.5804748535156
2023-08-03,94052.35758793163,431.34075927734375
2023-08-04,93727.20264156122,429.3898620605469
2023-08-07,94623.02216247667,433.13787841796875
2023-08-08,94425.23143740078,431.2542419433594
2023-08-09,93802.17586638621,428.37115478515625
2023-08-10,93871.19105633588,428.52490234375
2023-08-11,93978.97117591935,428.2750549316406
2023-08-14,94385.35338206771,430.63916015625
2023-08-15,93297.99151584835,425.6227722167969
2023-08-16,92533.4270654465,422.4993896484375
2023-08-17,92010.45704075623,419.2800598144531
2023-08-18,92122.98345839111,419.4817810058594
2023-08-21,92541.38946757694,422.21112060546875
2023-08-22,92191.45502023402,421.0674743652344
2023-08-23,93109.93699906551,425.7572326660156
2023-08-24,91800.69635333576,419.85662841796875
2023-08-25,92437.90765050783,422.81658935546875
2023-08-28,93068.44998240104,425.49774169921875
2023-08-29,94355.38240739152,431.64825439453125
2023-08-30,94525.65491256876,433.4261474609375
2023-08-31,94447.05438515577,432.79180908203125
2023-09-01,94628.71326589402,433.5991516113281
2023-09-05,94351.63382003627,431.7251281738281
2023-09-06,93853.82961461853,428.8229064941406
2023-09-07,93713.94391990906,427.5062561035156
2023-09-08,93889.58366981342,428.150146484375
2023-09-11,94624.79298306968,430.9659423828125
2023-09-12,94240.94636616383,428.601806640625
2023-09-13,94168.95424617911,429.1015625
2023-09-14,95038.16038366273,432.80145263671875
2023-09-15,93958.27907208649,427.58697509765625
2023-09-18,93870.8762829381,427.837646484375
2023-09-19,93598.1456200024,426.950439453125
2023-09-20,92902.62804443386,423.02532958984375
2023-09-21,91364.22716639603,416.03338623046875
2023-09-22,91059.34564991514,415.09796142578125
2023-09-25,91379.26314395727,416.843505859375
2023-09-26,90067.45393878993,410.71954345703125
2023-09-27,90080.3664777871,410.88348388671875
2023-09-28,90553.76177340315,413.26556396484375
2023-09-29,90085.81962235256,412.2625732421875
2023-10-02,89887.38377479721,412.0986633300781
2023-10-03,88770.03991787512,406.58221435546875
2023-10-04,89106.6244063817,409.5429382324219
2023-10-05,88996.36486878553,409.3887023925781
2023-10-06,89916.12982341555,414.2492370605469
2023-10-09,90488.33621515651,416.9013671875
2023-10-10,91004.671855884,419.0712890625
2023-10-11,91341.0251470555,420.78790283203125
2023-10-12,90831.42216324048,418.22259521484375
2023-10-13,90439.31715137018,416.1394958496094
2023-10-16,91342.62826792483,420.5178527832031
2023-10-17,91382.98620634506,420.49853515625
2023-10-18,90336.88428624297,414.8953552246094
2023-10-19,89854.50073322856,411.25
2023-10-20,88656.25250610441,406.196533203125
2023-10-23,88406.93936335937,405.4924621582031
2023-10-24,89123.67462770283,408.5496520996094
2023-10-25,88019.22289328018,402.6860046386719
2023-10-26,87136.83982070268,397.86407470703125
2023-10-27,86527.81255254395,396.0606689453125
2023-10-30,87718.52412537922,400.79583740234375
2023-10-31,88123.93341908514,403.3130187988281
2023-11-01,88884.0232734259,407.6142272949219
2023-11-02,90743.97641776653,415.42584228515625
2023-11-03,91558.18779119973,419.21588134765625
2023-11-06,91748.07100728783,420.18035888671875
2023-11-07,91683.15698176218,421.3761291503906
2023-11-08,91788.72967843826,421.684814453125
2023-11-09,90956.68909309755,418.3962097167969
2023-11-10,92383.64482218437,424.9252014160156
2023-11-13,92518.04577807793,424.5201416015625
2023-11-14,94390.92575859187,432.756103515625
2023-11-15,94795.4522456493,433.6722106933594
2023-11-16,94455.93110574914,434.2027893066406
2023-11-17,94826.08929977685,434.7427978515625
2023-11-20,95478.14681361764,438.0893249511719
2023-11-21,95180.3456983041,437.134521484375
2023-11-22,95441.6472415528,438.8222351074219
2023-11-24,95650.61557657519,439.09222412109375
2023-11-27,95413.6865394622,438.30145263671875
2023-11-28,95643.3234677707,438.7354431152344
2023-11-29,95721.97626669468,438.42681884765625
2023-11-30,96206.11725818743,440.1531066894531
2023-12-01,96768.67384003848,442.75701904296875
2023-12-04,96439.59970947048,440.4327697753906
2023-12-05,96237.07737417465,440.3459777832031
2023-12-06,95914.62054639222,438.57147216796875
2023-12-07,96568.96850516318,441.9179382324219
2023-12-08,97011.66305592076,443.81781005859375
2023-12-11,97513.75804081147,445.5440368652344
2023-12-12,97714.63887148867,447.57891845703125
2023-12-13,99257.81523773866,453.7511291503906
2023-12-14,100143.90037138783,455.2074279785156
2023-12-15,100483.6129812952,454.4578857421875
2023-12-18,100847.3355029393,457.0143127441406
2023-12-19,101539.07996749152,459.7933349609375
2023-12-20,100025.58103866364,453.42181396484375
2023-12-21,100949.12255630718,457.7211608886719
2023-12-22,101201.10413157038,458.6410217285156
2023-12-26,101787.09959824517,460.5776062011719
2023-12-27,102007.98272494024,461.4104309082031
2023-12-28,102011.94415559374,461.5846862792969
2023-12-29,101743.29070852192,460.2484130859375
2024-01-02,101469.65792900654,457.6726989746094
2024-01-03,100788.5608370084,453.93505859375
2024-01-04,100687.37200303416,452.472900390625
2024-01-05,101054.6623535931,453.09259033203125
2024-01-08,101941.00048882376,459.5608825683594
2024-01-09,101568.41495914038,458.86376953125
2024-01-10,101957.59526149576,461.4588317871094
2024-01-11,101751.09092500323,461.2555236816406
2024-01-12,101794.88995151213,461.57501220703125
2024-01-16,101081.78939065343,459.8804931640625
2024-01-17,100524.0553959815,457.32415771484375
2024-01-18,101305.43200341391,461.3909912109375
2024-01-19,102777.24619963004,467.142822265625
2024-01-22,103073.61786013107,468.1304626464844
2024-01-23,103283.92896980084,469.495849609375
2024-01-24,103530.98344964498,470.009033203125
2024-01-25,104249.97063596375,472.5654296875
2024-01-26,104208.82919646896,471.96502685546875
2024-01-29,104775.87667482591,475.7026672363281
2024-01-30,104825.14400583117,475.3347473144531
2024-01-31,103548.68185960899,467.57855224609375
2024-02-01,104559.48201400897,473.69830322265625
2024-02-02,105465.23028675113,478.6850891113281
2024-02-05,105067.75135519037,476.9421081542969
2024-02-06,105191.45542174806,478.326904296875
2024-02-07,105891.05216557879,482.3162536621094
2024-02-08,105947.36323287584,482.5292663574219
2024-02-09,106191.12621204516,485.31805419921875
2024-02-12,106548.12877585494,485.1049499511719
2024-02-13,105166.07566276271,478.4236145019531
2024-02-14,106171.80048041216,482.7713623046875
2024-02-15,107333.69374840388,486.10235595703125
2024-02-16,106950.34326926598,483.6816101074219
2024-02-20,106380.6341707525,481.01873779296875
2024-02-21,106601.84481032015,481.4544372558594
2024-02-22,108585.16318161297,491.4184265136719
2024-02-23,108740.42054828552,491.75732421875
2024-02-26,108493.80533545534,489.9562072753906
2024-02-27,108690.06895311085,490.8664855957031
2024-02-28,108616.29493795944,490.21771240234375
2024-02-29,109063.60972601266,491.9799499511719
2024-03-01,110090.31377787863,496.598876953125
2024-03-04,110438.37548463009,496.0662536621094
2024-03-05,109496.00645281361,491.1085205078125
2024-03-06,110318.22788073722,493.59710693359375
2024-03-07,111570.1232127695,498.4967346191406
2024-03-08,110665.21666683033,495.50469970703125
2024-03-11,110410.68331550973,495.0786437988281
2024-03-12,111772.26867190501,500.404296875
2024-03-13,111643.45147433193,499.6199645996094
2024-03-14,111040.67635605158,498.6322937011719
2024-03-15,110548.83761974478,495.2084655761719
2024-03-18,111205.32832728447,498.1515197753906
2024-03-19,111806.51767752333,500.91973876953125
2024-03-20,112976.74733468278,505.552978515625
2024-03-21,113875.51208468138,507.2236022949219
2024-03-22,113436.37772947615,506.2620849609375
2024-03-25,113017.29986957826,504.8633728027344
2024-03-26,112628.1566118709,503.93084716796875
2024-03-27,113790.40884722672,508.16583251953125
2024-03-28,113856.58719398465,508.0688171386719
2024-04-01,113656.77285462881,507.1847839355469
2024-04-02,112850.40282898735,503.96002197265625
2024-04-03,113001.81436573302,504.51361083984375
2024-04-04,111664.29321917414,498.35552978515625
2024-04-05,112771.39132447433,503.5617370605469
2024-04-08,112789.72580406294,503.8433532714844
2024-04-09,112853.52950107865,504.4263000488281
2024-04-10,111662.2973694281,499.3753662109375
2024-04-11,112247.54997872087,503.14404296875
2024-04-12,110485.44506413022,496.1991882324219
2024-04-15,109685.87523768908,489.98272705078125
2024-04-16,109341.79832738022,489.0890808105469
2024-04-17,108986.52720253853,486.194580078125
2024-04-18,108785.18441182007,485.194091796875
2024-04-19,108382.44325278571,480.95916748046875
2024-04-22,109333.85145785342,485.38836669921875
2024-04-23,110689.72864191077,491.1482849121094
2024-04-24,110641.50521377944,490.9151916503906
2024-04-25,109896.6199654842,489.0502624511719
2024-04-26,110576.6861721943,493.6835021972656
2024-04-29,110949.69801664661,495.4317932128906
2024-04-30,109418.72802421905,487.5835266113281
2024-05-01,109225.32297265893,486.00030517578125
2024-05-02,110105.01880650688,490.54608154296875
2024-05-03,111180.35354718743,496.6265563964844
2024-05-06,112297.48687374825,501.7550964355469
2024-05-07,112560.69876755179,502.30877685546875
2024-05-08,112832.47402074572,502.35723876953125
2024-05-09,113455.84694223304,505.2518005371094
2024-05-10,113673.14872462886,505.9028015136719
2024-05-13,113573.88736504449,505.9705810546875
2024-05-14,114203.51110704135,508.2921142578125
2024-05-15,115466.65597155331,514.5863037109375
2024-05-16,115289.85501131031,513.5276489257812
2024-05-17,115497.85246151584,514.2656860351562
2024-05-20,115341.0164406467,514.8582153320312
2024-05-21,115802.20820734624,516.1209106445312
2024-05-22,115264.94777449187,514.6348266601562
2024-05-23,114098.27182159167,510.8758544921875
2024-05-24,114810.85568893167,514.2560424804688
2024-05-28,114673.55496773926,514.6154174804688
2024-05-29,113459.8029901024,511.0117492675781
2024-05-30,113270.72001399953,507.6219177246094
2024-05-31,114338.2965372686,512.2454833984375
2024-06-03,114172.54599751525,512.6630249023438
2024-06-04,114345.89268671424,513.236083984375
2024-06-05,115357.84895947066,519.3360595703125
2024-06-06,115249.57984992114,519.3262329101562
2024-06-07,115221.18497087524,518.6950073242188
2024-06-10,115554.84154565737,520.2976684570312
2024-06-11,115110.32843206203,521.5507202148438
2024-06-12,115898.69233382386,525.8341064453125
2024-06-13,116241.09330388396,526.8928833007812
2024-06-14,116190.65453273848,527.2135009765625
2024-06-17,117332.51100108124,531.4095458984375
2024-06-18,117872.47710255452,532.7596435546875
2024-06-20,117807.81013498823,531.3124389648438
2024-06-21,117481.83693733183,530.60009765625
2024-06-24,117585.61144416002,528.8751831054688
2024-06-25,117301.29477452926,530.9120483398438
2024-06-26,117309.96083754263,531.5745239257812
2024-06-27,117352.16354335257,532.41259765625
2024-06-28,117480.30430383419,530.3175048828125
2024-07-01,117910.33760415745,531.408935546875
2024-07-02,118792.35692696931,534.9851684570312
2024-07-03,119190.68156143915,537.37255859375
2024-07-05,119637.73070519695,540.4713134765625
2024-07-08,119877.26341074108,541.094970703125
2024-07-09,120112.87648601082,541.6211547851562
2024-07-10,121169.14015989244,546.9806518554688
2024-07-11,120464.91318922162,542.2642822265625
2024-07-12,120782.93658785896,545.6845703125
2024-07-15,121341.18180120226,547.1854248046875
2024-07-16,122798.92511082804,550.4302368164062
2024-07-17,122200.4941300394,542.7125854492188
2024-07-18,120983.16984294583,538.5418701171875
2024-07-19,120166.17638434295,534.9656982421875
2024-07-22,121085.80006304401,540.4810791015625
2024-07-23,120855.83890817147,539.63330078125
2024-07-24,118661.62809149342,527.4038696289062
2024-07-25,118333.14905158592,524.6558837890625
2024-07-26,119825.58438463173,530.5319213867188
2024-07-29,119600.71934863279,530.84375
2024-07-30,119224.48305407078,528.1541748046875
2024-07-31,120729.0197456669,536.7391357421875
2024-08-01,119073.3319745183,529.138427734375
2024-08-02,116230.17574370012,519.2868041992188
2024-08-05,113051.86359608671,504.1632080078125
2024-08-06,114253.40204151331,508.8113708496094
2024-08-07,113314.48884827121,505.4104309082031
2024-08-08,115953.4625801107,517.0941162109375
2024-08-09,116445.75809848846,519.3743896484375
2024-08-12,116095.44474397224,519.6472778320312
2024-08-13,117723.36608176949,528.1931762695312
2024-08-14,118246.91129307715,529.8595581054688
2024-08-15,120235.11202250952,538.9414672851562
2024-08-16,120610.01178753785,540.1497802734375
2024-08-19,121554.29282000275,545.3143310546875
2024-08-20,121310.2852695498,544.4276733398438
2024-08-21,121644.5127995616,546.2985229492188
2024-08-22,120875.94172535259,542.0109252929688
2024-08-23,122344.98667362254,547.7699584960938
2024-08-26,122287.3335859938,546.4641723632812
2024-08-27,122408.43077027838,547.2145385742188
2024-08-28,121873.99698848775,544.0377807617188
2024-08-29,122338.34146419371,544.08642578125
2024-08-30,123707.50667559038,549.2804565429688
2024-09-03,121312.51409467447,537.9767456054688
2024-09-04,121360.3221613792,536.8756103515625
2024-09-05,120789.56102275738,535.56982421875
2024-09-06,118647.09030835095,526.5560302734375
2024-09-09,120208.0930390975,532.4515991210938
2024-09-10,120595.1491382233,534.770751953125
2024-09-11,121458.83996274303,540.2568359375
2024-09-12,122143.9658246053,544.8077392578125
2024-09-13,123065.80972296755,547.6530151367188
2024-09-16,123883.8782601489,548.4619750976562
2024-09-17,124009.68946095918,548.6859130859375
2024-09-18,123644.65163028569,547.0587158203125
2024-09-19,125589.93652442764,556.3939208984375
2024-09-20,125534.04179683722,555.4320678710938
2024-09-23,125968.3039144474,556.820068359375
2024-09-24,126025.83763664663,558.4132080078125
2024-09-25,125544.03497378695,557.1817016601562
2024-09-26,126039.88075700516,559.3906860351562
2024-09-27,126089.42220173888,558.5794677734375
2024-09-30,126593.82485595747,560.81787109375
2024-10-01,125908.20196640298,555.7937622070312
2024-10-02,126113.2496941793,556.0283203125
2024-10-03,125692.0335536216,555.0117797851562
2024-10-04,126997.969330185,560.055419921875
2024-10-07,126073.6638127936,554.9921875
2024-10-08,126923.99590898813,560.2411499023438
2024-10-09,128169.21729437038,564.12158203125
2024-10-10,127634.20346005693,563.1343383789062
2024-10-11,128967.9704424095,566.5064697265625
2024-10-14,129709.62149315556,571.1396484375
2024-10-15,128821.16565089546,566.7020263671875
2024-10-16,129855.60566264167,569.1651611328125
2024-10-17,129862.22434594565,569.2140502929688
2024-10-18,130125.29859292357,571.4035034179688
2024-10-21,129384.13160173825,570.4652099609375
2024-10-22,129256.10174286205,570.1621704101562
2024-10-23,128529.76958702074,564.952392578125
2024-10-24,128622.33551755256,566.1741943359375
2024-10-25,128021.6809755416,565.9786987304688
2024-10-28,128497.65226968862,567.7283935546875
2024-10-29,128381.66996512034,568.6470336914062
2024-10-30,127863.46922120114,566.9268188476562
2024-10-31,126485.22061146791,555.8132934570312
2024-11-01,127011.11574514395,558.1591186523438
2024-11-04,126447.24189241983,556.9569702148438
2024-11-05,127862.26070002711,563.6913452148438
2024-11-06,132139.32387589157,577.7079467773438
2024-11-07,132367.80575039456,582.1749267578125
2024-11-08,133327.66405567504,584.6966552734375
2024-11-11,133821.3184843615,585.25390625
2024-11-12,132852.20321242022,583.4359130859375
2024-11-13,132807.96387612296,583.7193603515625
2024-11-14,132020.41941000652,579.9658203125
2024-11-15,131031.94696207035,572.5374145507812
2024-11-18,131817.54342941885,574.8832397460938
2024-11-19,131818.59315614795,576.984619140625
2024-11-20,131742.48921309854,577.1803588867188
2024-11-21,132630.1858324972,580.2787475585938
2024-11-22,133583.28372772393,582.0772705078125
2024-11-25,134197.3694143604,584.0517578125
2024-11-26,134713.82353489785,587.1011962890625
2024-11-27,134254.88600423705,585.3223266601562
2024-11-29,134947.34988941601,588.958251953125
2024-12-02,134852.5508331093,590.0140991210938
2024-12-03,134716.40287667388,590.2877197265625
2024-12-04,134989.44423862867,593.953125
2024-12-05,134834.4501688189,592.9757080078125
2024-12-06,135425.6645755823,594.0997924804688
2024-12-09,134512.4745402348,591.0403442382812
2024-12-10,134164.97156003487,589.2026977539062
2024-12-11,134813.77000140242,593.7576293945312
2024-12-12,133996.86857716076,590.6982421875
2024-12-13,134472.65976387926,590.5809936523438
2024-12-16,135044.5721906478,593.102783203125
2024-12-17,134387.6163426448,590.6591186523438
2024-12-18,130404.92385299505,573.055419921875
2024-12-19,130530.39852452709,572.8795166015625
2024-12-20,131776.2384871589,579.7603759765625
2024-12-23,132730.8488057308,583.2321166992188
2024-12-24,134413.34940037658,589.7147827148438
2024-12-26,134447.69800303713,589.7539672851562
2024-12-27,133202.23682708543,583.5458984375
2024-12-30,131715.42218474625,576.88671875
