date,nav,spy
2010-01-04,10000.0,84.36896514892578
2010-01-05,10013.284692362264,84.59230041503906
2010-01-06,10011.277044841981,84.6518783569336
2010-01-07,10041.007416991006,85.00919342041016
2010-01-08,10079.668025815889,85.2921142578125
2010-01-11,10059.769462834183,85.41120147705078
2010-01-12,9952.09026073164,84.61463928222656
2010-01-13,10033.302828269205,85.3293228149414
2010-01-14,10043.596667366815,85.56010437011719
2010-01-15,9958.613118228608,84.59974670410156
2010-01-19,10050.989474173313,85.6568603515625
2010-01-20,9974.879414219824,84.785888671875
2010-01-21,9805.183033796391,83.15550231933594
2010-01-22,9537.77862762698,81.30179595947266
2010-01-25,9557.95122518842,81.71871948242188
2010-01-26,9528.338903173717,81.37622833251953
2010-01-27,9616.909655596408,81.7634048461914
2010-01-28,9539.453372901677,80.82539367675781
2010-01-29,9435.6380641595,79.9469223022461
2010-02-01,9528.072528295757,81.19017028808594
2010-02-02,9605.512374466281,82.17282104492188
2010-02-03,9600.259315731188,81.7634048461914
2010-02-04,9342.215902225917,79.23970031738281
2010-02-05,9381.8711180275,79.40348052978516
2010-02-08,9324.181216075178,78.83025360107422
2010-02-09,9428.553643700674,79.82038116455078
2010-02-10,9428.721673197024,79.66401672363281
2010-02-11,9536.475128468794,80.49781036376953
2010-02-12,9525.999027357608,80.43083953857422
2010-02-16,9668.413225734523,81.6963882446289
2010-02-17,9697.541317010802,82.08350372314453
2010-02-18,9740.141232213713,82.56739044189453
2010-02-19,9736.978756790697,82.73863220214844
2010-02-22,9726.806449654527,82.75352478027344
2010-02-23,9627.345391544522,81.74848937988281
2010-02-24,9707.036607268255,82.50040435791016
2010-02-25,9683.256087615127,82.38873291015625
2010-02-26,9694.985185806378,82.44084930419922
2010-03-01,9799.852235075672,83.29694366455078
2010-03-02,9809.7293154436,83.52774810791016
2010-03-03,9800.082686537095,83.60218811035156
2010-03-04,9855.067489308381,83.8553237915039
2010-03-05,9971.920172893404,85.05381774902344
2010-03-08,9987.559451857018,85.0687484741211
2010-03-09,10001.941245534836,85.210205078125
2010-03-10,10061.407849934953,85.58988189697266
2010-03-11,10084.786097475506,85.94720458984375
2010-03-12,10089.27685235964,85.95464324951172
2010-03-15,10073.187727540339,85.97698211669922
2010-03-16,10131.870867204503,86.66188049316406
2010-03-17,10190.2471572188,87.17555236816406
2010-03-18,10188.009593701292,87.13087463378906
2010-03-19,10120.986517982801,86.68985748291016
2010-03-22,10181.279011574727,87.15330505371094
2010-03-23,10247.268790424436,87.76628112792969
2010-03-24,10192.83276676089,87.3401870727539
2010-03-25,10243.159091839178,87.19815063476562
2010-03-26,10241.708515056576,87.14588165283203
2010-03-29,10279.215530597838,87.69902801513672
2010-03-30,10301.921724010286,87.7588119506836
2010-03-31,10259.477738059975,87.45980072021484
2010-04-01,10301.113635633084,88.05782318115234
2010-04-05,10388.423809316166,88.77544403076172
2010-04-06,10434.884860110551,88.98474884033203
2010-04-07,10386.195341888171,88.4764175415039
2010-04-08,10434.811578320041,88.78291320800781
2010-04-09,10483.400552728883,89.3659896850586
2010-04-12,10526.864893302443,89.50801849365234
2010-04-13,10560.840717216426,89.57532501220703
2010-04-14,10728.655836347885,90.59191131591797
2010-04-15,10754.828867082078,90.66665649414062
2010-04-16,10515.937837167594,89.22398376464844
2010-04-19,10547.526931936125,89.56031036376953
2010-04-20,10624.759969440025,90.36019134521484
2010-04-21,10606.328195668155,90.19575500488281
2010-04-22,10699.966094849931,90.46482849121094
2010-04-23,10750.222401817526,91.05538940429688
2010-04-26,10729.073426871739,90.71153259277344
2010-04-27,10474.098869192361,88.56613159179688
2010-04-28,10518.72054079836,89.23892211914062
2010-04-29,10704.475079235934,90.3452377319336
2010-04-30,10452.990608002696,88.81278991699219
2010-05-03,10589.44232114603,89.96398162841797
2010-05-04,10319.791023410566,87.84854888916016
2010-05-05,10232.206023816645,87.32523345947266
2010-05-06,9897.961764098072,84.42487335205078
2010-05-07,9718.823718354122,83.16903686523438
2010-05-10,10168.41401515615,86.8318862915039
2010-05-11,10128.166052827788,86.58519744873047
2010-05-12,10326.250766532181,87.79618072509766
2010-05-13,10208.28761057485,86.70482635498047
2010-05-14,9923.925852170401,85.1350326538086
2010-05-17,9950.857321674366,85.17984771728516
2010-05-18,9738.552524427163,84.021240234375
2010-05-19,9695.522338066388,83.54283905029297
2010-05-20,9340.694603330758,80.3882827758789
2010-05-21,9511.288733552163,81.5618667602539
2010-05-24,9398.053920009275,80.51537322998047
2010-05-25,9435.114576370857,80.59758758544922
2010-05-26,9372.191077346133,80.11170959472656
2010-05-27,9680.807440442135,82.7952880859375
2010-05-28,9551.23827943508,81.75621032714844
2010-06-01,9399.558468479738,80.38078308105469
2010-06-02,9614.655082104757,82.47388458251953
2010-06-03,9645.346053161938,82.75789642333984
2010-06-04,9342.744161805504,79.85005950927734
2010-06-07,9204.041921364636,78.85585021972656
2010-06-08,9268.215281112465,79.70054626464844
2010-06-09,9217.194845323409,79.27447509765625
2010-06-10,9483.57089053474,81.59180450439453
2010-06-11,9521.616727928751,81.98796081542969
2010-06-14,9500.957175475065,81.86092376708984
2010-06-15,9728.76705366692,83.72220611572266
2010-06-16,9747.591046407728,83.69231414794922
2010-06-17,9779.337415193977,83.82685089111328
2010-06-18,9798.71709212015,83.91776275634766
2010-06-21,9744.99694164475,83.6773910522461
2010-06-22,9603.87059022864,82.29540252685547
2010-06-23,9571.02154093709,82.04005432128906
2010-06-24,9399.300409262163,80.68057250976562
2010-06-25,9474.257869091292,81.01856994628906
2010-06-28,9420.94690104457,80.76322937011719
2010-06-29,9089.201806827374,78.26964569091797
2010-06-30,8977.99774157474,77.52609252929688
2010-07-01,8961.745165807863,77.18059539794922
2010-07-02,8920.050698469186,76.75997161865234
2010-07-06,8972.376037653683,77.26322937011719
2010-07-07,9299.385539091018,79.69669342041016
2010-07-08,9381.391020905014,80.48530578613281
2010-07-09,9476.276671896816,81.08617401123047
2010-07-12,9508.74707487021,81.13876342773438
2010-07-13,9667.230284476182,82.36302185058594
2010-07-14,9677.999663602202,82.35551452636719
2010-07-15,9682.779103534234,82.3780288696289
2010-07-16,9348.547283471822,80.10979461669922
2010-07-19,9415.60230233155,80.58296203613281
2010-07-20,9528.752881800807,81.47677612304688
2010-07-21,9406.114892026877,80.4177474975586
2010-07-22,9612.170515607997,82.21282958984375
2010-07-23,9689.235858689186,82.92633056640625
2010-07-26,9769.79047146445,83.79005432128906
2010-07-27,9769.101159285741,83.78254699707031
2010-07-28,9684.568181925635,83.24176788330078
2010-07-29,9620.664686490216,82.83616638183594
2010-07-30,9629.785351892227,82.8211669921875
2010-08-02,9806.25942230946,84.69132995605469
2010-08-03,9776.558664041968,84.28577423095703
2010-08-04,9856.779886106448,84.84909057617188
2010-08-05,9844.610657603564,84.75894165039062
2010-08-06,9843.857386722078,84.41345977783203
2010-08-09,9918.507099306496,84.86408996582031
2010-08-10,9868.07451748793,84.40595245361328
2010-08-11,9601.858697569203,82.09264373779297
2010-08-12,9524.130670605959,81.58940887451172
2010-08-13,9486.735186776574,81.34906768798828
2010-08-16,9516.948777482849,81.31149291992188
2010-08-17,9606.818865493373,82.31043243408203
2010-08-18,9602.279289336342,82.46067810058594
2010-08-19,9448.171425864168,81.0261001586914
2010-08-20,9421.969201097701,80.76322937011719
2010-08-23,9340.717278212212,80.45527648925781
2010-08-24,9199.528688353503,79.26104736328125
2010-08-25,9252.98519096645,79.5689926147461
2010-08-26,9165.173407593365,79.0357437133789
2010-08-27,9307.969621483642,80.2599868774414
2010-08-30,9133.21423993005,79.09584045410156
2010-08-31,9121.906692735749,79.09584045410156
2010-09-01,9414.777560357177,81.46172332763672
2010-09-02,9513.501655161088,82.2203140258789
2010-09-03,9680.698539364861,83.28683471679688
2010-09-07,9588.28915999808,82.34799194335938
2010-09-08,9654.013799102499,82.92633056640625
2010-09-09,9683.98401975176,83.30935668945312
2010-09-10,9741.275606328507,83.72997283935547
2010-09-13,9886.723702555662,84.66132354736328
2010-09-14,9882.73777651778,84.6087417602539
2010-09-15,9916.935034361171,84.93169403076172
2010-09-16,9925.93215434046,84.90917205810547
2010-09-17,9975.890743005752,84.94088745117188
2010-09-20,10143.881381176427,86.23966217041016
2010-09-21,10147.79891115084,86.06598663330078
2010-09-22,10156.359865463175,85.64311218261719
2010-09-23,10094.777834791548,84.94844818115234
2010-09-24,10330.871528200329,86.70027160644531
2010-09-27,10279.856759938217,86.28497314453125
2010-09-28,10294.846405343176,86.58699035644531
2010-09-29,10302.859713751819,86.43598175048828
2010-09-30,10246.182720041845,86.17923736572266
2010-10-01,10273.911894639386,86.54169464111328
2010-10-04,10178.362021175088,85.89229583740234
2010-10-05,10368.374594466426,87.62147521972656
2010-10-06,10353.697889516428,87.61392211914062
2010-10-07,10337.869378859103,87.50823974609375
2010-10-08,10385.195227439146,87.99903869628906
2010-10-11,10386.839242444761,88.08208465576172
2010-10-12,10447.592896710345,88.35391235351562
2010-10-13,10511.666023355672,89.04108428955078
2010-10-14,10459.171123162005,88.69371032714844
2010-10-15,10492.986928264527,88.87493896484375
2010-10-18,10566.193479461672,89.31289672851562
2010-10-19,10418.351995614052,88.14247131347656
2010-10-20,10521.751133281181,89.00328826904297
2010-10-21,10600.202935087358,89.19963073730469
2010-10-22,10635.293776509714,89.36575317382812
2010-10-25,10650.62180214939,89.6300277709961
2010-10-26,10685.805874660111,89.64511108398438
2010-10-27,10687.153823854167,89.388427734375
2010-10-28,10670.477940008312,89.40351104736328
2010-10-29,10663.4964015469,89.47145080566406
2010-11-01,10645.858191780004,89.50162506103516
2010-11-02,10736.145140531913,90.21146392822266
2010-11-03,10778.249433711579,90.57389831542969
2010-11-04,11014.441503903634,92.31815338134766
2010-11-05,11097.15658167767,92.66551971435547
2010-11-08,11051.673626755624,92.49185180664062
2010-11-09,10968.407637283924,91.82733154296875
2010-11-10,11024.657746031016,92.19735717773438
2010-11-11,10922.888959768095,91.85003662109375
2010-11-12,10793.3591753352,90.76265716552734
2010-11-15,10754.616238950814,90.63429260253906
2010-11-16,10606.58265928919,89.2222900390625
2010-11-17,10630.937302972236,89.26758575439453
2010-11-18,10785.477527662948,90.58145141601562
2010-11-19,10817.801657839895,90.83063507080078
2010-11-22,10830.8096045342,90.755126953125
2010-11-23,10684.047330927027,89.4412612915039
2010-11-24,10850.754358981927,90.76265716552734
2010-11-26,10773.935840313236,89.70555114746094
2010-11-29,10806.315928814822,89.97738647460938
2010-11-30,10742.700825884636,89.47145080566406
2010-12-01,10973.142983684538,91.37430572509766
2010-12-02,11106.390126154629,92.544677734375
2010-12-03,11130.79891017466,92.79387664794922
2010-12-06,11144.416649138984,92.69571685791016
2010-12-07,11114.305362422658,92.74858093261719
2010-12-08,11195.083620398284,93.0883560180664
2010-12-09,11258.085009082968,93.45081329345703
2010-12-10,11339.360545567692,93.9944839477539
2010-12-13,11316.827007026293,94.05487823486328
2010-12-14,11299.315225219172,94.137939453125
2010-12-15,11229.11383269448,93.70756530761719
2010-12-16,11226.250767517,94.25121307373047
2010-12-17,11220.947455648527,94.35215759277344
2010-12-20,11239.212866316368,94.57987213134766
2010-12-21,11341.461178856505,95.17957305908203
2010-12-22,11386.857908182728,95.4755859375
2010-12-23,11353.9304876225,95.33898162841797
2010-12-27,11381.4352344294,95.3769302368164
2010-12-28,11392.609423004496,95.51355743408203
2010-12-29,11395.412370442706,95.5818862915039
2010-12-30,11364.305335378853,95.4300537109375
2010-12-31,11371.143977955795,95.45279693603516
2011-01-03,11515.895894915287,96.43962097167969
2011-01-04,11538.36519912672,96.38650512695312
2011-01-05,11629.252913382834,96.88748168945312
2011-01-06,11664.947629224058,96.69770812988281
2011-01-07,11644.285603202645,96.50794982910156
2011-01-10,11659.170173114473,96.38650512695312
2011-01-11,11699.99102732204,96.72805786132812
2011-01-12,11862.05952664493,97.60096740722656
2011-01-13,11859.335943731307,97.44158172607422
2011-01-14,11990.87275320452,98.14752960205078
2011-01-18,11998.276509579606,98.31450653076172
2011-01-19,11848.475381703956,97.35051727294922
2011-01-20,11835.365947254391,97.22144317626953
2011-01-21,11845.067364091617,97.44158172607422
2011-01-24,11969.943443206426,97.99571990966797
2011-01-25,11956.470601883713,98.04882049560547
2011-01-26,11973.437518373894,98.42835998535156
2011-01-27,12121.53004579209,98.67130279541016
2011-01-28,11911.451993537274,96.9482192993164
2011-01-31,11968.246907451246,97.67688751220703
2011-02-01,12151.287890149873,99.2406005859375
2011-02-02,12139.13295073424,99.05082702636719
2011-02-03,12174.791497561399,99.2709732055664
2011-02-04,12212.704893560665,99.55180358886719
2011-02-07,12269.974713437403,100.17423248291016
2011-02-08,12342.308909975856,100.62966918945312
2011-02-09,12307.848427206005,100.40198516845703
2011-02-10,12290.306897022958,100.43992614746094
2011-02-11,12400.640617596919,101.03958892822266
2011-02-14,12458.671576256282,101.28243255615234
2011-02-15,12410.171758065128,100.96365356445312
2011-02-16,12467.067239201293,101.60131072998047
2011-02-17,12508.918496274171,101.90494537353516
2011-02-18,12538.113589713106,102.11746978759766
2011-02-22,12200.43421751017,100.06794738769531
2011-02-23,12059.485750890335,99.453125
2011-02-24,12095.975028675675,99.38478088378906
2011-02-25,12212.464895306004,100.44749450683594
2011-02-28,12216.060852058637,101.06993103027344
2011-03-01,11999.901019475967,99.38478088378906
2011-03-02,12002.677764726799,99.59734344482422
2011-03-03,12237.000341129542,101.3128662109375
2011-03-04,12131.260514271837,100.55377197265625
2011-03-07,12015.48585652793,99.76432800292969
2011-03-08,12107.274260740975,100.63729858398438
2011-03-09,12078.150169169146,100.4930648803711
2011-03-10,11838.852695278205,98.63335418701172
2011-03-11,11910.363033480078,99.31646728515625
2011-03-14,11835.321784947993,98.71685791015625
2011-03-15,11717.05372858,97.58580017089844
2011-03-16,11460.83086181477,95.77922058105469
2011-03-17,11593.546464638648,97.04686737060547
2011-03-18,11645.427137068866,97.39984130859375
2011-03-21,11813.391523839604,98.9093246459961
2011-03-22,11788.523694616932,98.5662612915039
2011-03-23,11844.344004141067,98.84835815429688
2011-03-24,11982.624496489572,99.7936782836914
2011-03-25,11972.64605180944,100.09861755371094
2011-03-28,11993.76593918809,99.85467529296875
2011-03-29,12099.875579984637,100.52555084228516
2011-03-30,12166.921924970302,101.21929168701172
2011-03-31,12138.06686544729,101.08206176757812
2011-04-01,12208.187975766272,101.5090103149414
2011-04-04,12199.980746945765,101.59285736083984
2011-04-05,12196.317955578488,101.57766723632812
2011-04-06,12259.451850249228,101.89781951904297
2011-04-07,12263.286326814867,101.63862609863281
2011-04-08,12198.989706558166,101.28792572021484
2011-04-11,12163.445630828697,100.98299407958984
2011-04-12,12079.751113665065,100.22823333740234
2011-04-13,12090.65795676981,100.22062683105469
2011-04-14,12075.633316554266,100.29684448242188
2011-04-15,12074.025552537065,100.66280364990234
2011-04-18,11944.719340649555,99.53447723388672
2011-04-19,12012.213108526132,100.10623168945312
2011-04-20,12179.618073537216,101.47091674804688
2011-04-21,12296.903338586073,101.98930358886719
2011-04-25,12283.190458128769,101.88256072998047
2011-04-26,12355.243374112846,102.75929260253906
2011-04-27,12473.33598852067,103.43016815185547
2011-04-28,12503.477336592958,103.76560974121094
2011-04-29,12541.632974592456,104.00955200195312
2011-05-02,12535.337620684437,103.84949493408203
2011-05-03,12515.296232612653,103.47590637207031
2011-05-04,12447.80682631684,102.7898178100586
2011-05-05,12336.061550528611,101.85970306396484
2011-05-06,12401.868235096825,102.30949401855469
2011-05-09,12453.23274658484,102.70591735839844
2011-05-10,12534.966093845827,103.58262634277344
2011-05-11,12430.00058036657,102.49246978759766
2011-05-12,12491.36857390939,102.9803466796875
2011-05-13,12339.164585349965,102.18751525878906
2011-05-16,12225.927890623505,101.53949737548828
2011-05-17,12242.574986418447,101.52425384521484
2011-05-18,12336.408113389953,102.43148040771484
2011-05-19,12366.838486201177,102.67544555664062
2011-05-20,12261.843261147831,101.85970306396484
2011-05-23,12120.68499469799,100.67799377441406
2011-05-24,12077.437005344274,100.59416961669922
2011-05-25,12133.772253299689,100.92961883544922
2011-05-26,12189.210114403844,101.3946304321289
2011-05-27,12275.579184998202,101.78346252441406
2011-05-31,12436.308341659871,102.84317016601562
2011-06-01,12110.712873177796,100.53317260742188
2011-06-02,12136.187647255245,100.42646789550781
2011-06-03,12006.058457436317,99.42774200439453
2011-06-06,11858.61201483485,98.37567901611328
2011-06-07,11839.138688071287,98.314697265625
2011-06-08,11769.71258097018,97.90301513671875
2011-06-09,11860.18137089393,98.65011596679688
2011-06-10,11696.996982144748,97.27788543701172
2011-06-13,11730.176785705693,97.35413360595703
2011-06-14,11874.83182651364,98.5891342163086
2011-06-15,11661.491463525686,96.835693359375
2011-06-16,11663.265099121985,97.04917907714844
2011-06-17,11674.08975266796,97.3387680053711
2011-06-20,11734.95381773589,97.83674621582031
2011-06-21,11917.425087953075,99.17753601074219
2011-06-22,11812.815553051729,98.57994842529297
2011-06-23,11823.355628291147,98.29645538330078
2011-06-24,11671.212630792776,97.15489959716797
2011-06-27,11802.519764538823,98.02066802978516
2011-06-28,11950.172620680218,99.30010223388672
2011-06-29,12109.188069805245,100.15052795410156
2011-06-30,12218.50045778832,101.10820770263672
2011-07-01,12456.49694696346,102.6021957397461
2011-07-05,12461.128096867345,102.51791381835938
2011-07-06,12489.941089117468,102.64051818847656
2011-07-07,12632.29560783323,103.70543670654297
2011-07-08,12535.865347139195,102.96993255615234
2011-07-11,12301.049053720963,101.10820770263672
2011-07-12,12208.643621380614,100.6714859008789
2011-07-13,12258.550022718735,101.00859069824219
2011-07-14,12143.184185019925,100.31140899658203
2011-07-15,12233.955683536407,100.8936767578125
2011-07-18,12130.375073515057,100.06624603271484
2011-07-19,12348.007538160995,101.69051361083984
2011-07-20,12376.230423361507,101.62919616699219
2011-07-21,12530.488340007067,103.0389175415039
2011-07-22,12551.969828529465,103.10783386230469
2011-07-25,12502.558132769966,102.533203125
2011-07-26,12408.16743232004,102.150146484375
2011-07-27,12154.94539118966,100.05857849121094
2011-07-28,12140.102743248493,99.76744842529297
2011-07-29,12072.22259376814,99.08557891845703
2011-08-01,12063.64980082922,98.66417694091797
2011-08-02,11767.668036872545,96.14356994628906
2011-08-03,11901.229368212547,96.6645736694336
2011-08-04,11351.621271434624,92.13665771484375
2011-08-05,11287.51964318259,91.99872589111328
2011-08-08,10507.13750209282,86.00748443603516
2011-08-09,11084.263173713043,90.0067367553711
2011-08-10,10522.053829632945,86.03048706054688
2011-08-11,11023.912342072423,89.89183807373047
2011-08-12,11064.466613709432,90.49708557128906
2011-08-15,11285.649492008097,92.41248321533203
2011-08-16,11153.314825903459,91.62332153320312
2011-08-17,11143.816798365975,91.68462371826172
2011-08-18,10620.845088108437,87.73128509521484
2011-08-19,10433.867172008655,86.29862213134766
2011-08-22,10433.06377134831,86.36756134033203
2011-08-23,10848.329032279244,89.2099609375
2011-08-24,11008.382965747884,90.46643829345703
2011-08-25,10874.237492956938,89.0873794555664
2011-08-26,11052.25313732955,90.38219451904297
2011-08-29,11327.758689656082,92.97940063476562
2011-08-30,11378.695198943122,93.22457122802734
2011-08-31,11427.397109133877,93.6383056640625
2011-09-01,11293.518839453574,92.6576156616211
2011-09-02,10982.62824969452,90.29021453857422
2011-09-06,10925.713923586174,89.63131713867188
2011-09-07,11267.641777755754,92.15962982177734
2011-09-08,11146.90326897747,91.2019271850586
2011-09-09,10854.922348784554,88.81158447265625
2011-09-12,10973.451889110822,89.38619232177734
2011-09-13,11089.693588729813,90.20596313476562
2011-09-14,11254.665988050607,91.45476531982422
2011-09-15,11418.765677665871,93.03303527832031
2011-09-16,11482.187311711818,93.5836410522461
2011-09-19,11372.12418157554,92.65185546875
2011-09-20,11330.321480533514,92.54400634765625
2011-09-21,11034.06109975027,89.81783294677734
2011-09-22,10697.20060056772,86.91447448730469
2011-09-23,10823.139960063289,87.43817901611328
2011-09-26,11044.5179917762,89.5174789428711
2011-09-27,11102.899308426116,90.51861572265625
2011-09-28,10912.051928334015,88.67036437988281
2011-09-29,10940.774745657103,89.37116241455078
2011-09-30,10659.210501213269,87.13784790039062
2011-10-03,10363.128287864904,84.65807342529297
2011-10-04,10564.534546642426,86.5140609741211
2011-10-05,10752.64470975967,88.11589050292969
2011-10-06,10954.839660866994,89.71000671386719
2011-10-07,10862.995416506143,89.10931396484375
2011-10-10,11229.345990132566,92.08963775634766
2011-10-11,11247.534439932133,92.18207550048828
2011-10-12,11376.294252442698,92.99066162109375
2011-10-13,11384.177572123997,92.80583190917969
2011-10-14,11588.090582469233,94.39228820800781
2011-10-17,11345.049724648588,92.59024047851562
2011-10-18,11568.432114413481,94.39998626708984
2011-10-19,11376.466893838493,93.28331756591797
2011-10-20,11407.099914143057,93.69148254394531
2011-10-21,11594.637655888562,95.47044372558594
2011-10-24,11778.639097436482,96.64100646972656
2011-10-25,11414.180817425899,94.76192474365234
2011-10-26,11495.850104526884,95.72453308105469
2011-10-27,11928.201694327217,99.05912017822266
2011-10-28,11949.6817225829,99.03602600097656
2011-10-31,11645.345255123491,96.64868927001953
2011-11-01,11296.037275216357,93.95330810546875
2011-11-02,11499.422517988494,95.48583221435547
2011-11-03,11781.624055935172,97.2262954711914
2011-11-04,11687.20840978215,96.63329315185547
2011-11-07,11761.280822942093,97.2339859008789
2011-11-08,11910.776878782553,98.48158264160156
2011-11-09,11487.154842758866,94.84663391113281
2011-11-10,11547.578790205927,95.73995208740234
2011-11-11,11804.181842934113,97.54202270507812
2011-11-14,11720.878406222026,96.6178970336914
2011-11-15,11796.461644429148,97.09535217285156
2011-11-16,11575.07615026576,95.5551528930664
2011-11-17,11360.199278005703,94.03801727294922
2011-11-18,11342.65120407667,93.93791961669922
2011-11-21,11130.968149260443,92.15126037597656
2011-11-22,11081.729731100137,91.7892837524414
2011-11-23,10815.55013424961,89.76390838623047
2011-11-25,10769.742144178841,89.5945053100586
2011-11-28,11141.67653861011,92.18976593017578
2011-11-29,11144.008877145428,92.45159912109375
2011-11-30,11639.180758722676,96.25593566894531
2011-12-01,11674.821239627136,96.24053192138672
2011-12-02,11696.0718041936,96.15579223632812
2011-12-05,11820.422046448248,97.20316314697266
2011-12-06,11813.91314440459,97.2339859008789
2011-12-07,11872.69224696397,97.5959243774414
2011-12-08,11607.135691686304,95.45502471923828
2011-12-09,11812.44647917761,97.07225036621094
2011-12-12,11634.988479851912,95.65523529052734
2011-12-13,11504.582664926862,94.76192474365234
2011-12-14,11357.502920227149,93.75309753417969
2011-12-15,11364.18350664958,94.0919418334961
2011-12-16,11421.16049761322,94.2314453125
2011-12-19,11276.34093477791,93.22393798828125
2011-12-20,11647.413576293451,96.04490661621094
2011-12-21,11583.397097087618,96.23092651367188
2011-12-22,11715.905853123424,97.08341217041016
2011-12-23,11809.413845442463,97.95137786865234
2011-12-27,11775.027211555287,98.02888488769531
2011-12-28,11629.870582617781,96.74242401123047
2011-12-29,11760.48812955161,97.74214935302734
2011-12-30,11695.424359016384,97.26162719726562
2012-01-03,11931.05837722711,98.8116455078125
2012-01-04,11973.082134669568,98.96664428710938
2012-01-05,12016.879642753303,99.23014831542969
2012-01-06,12003.39744280461,98.9743881225586
2012-01-09,12046.067358810516,99.21463012695312
2012-01-10,12122.220655131478,100.07488250732422
2012-01-11,12128.865619671997,100.129150390625
2012-01-12,12184.74349129679,100.3693618774414
2012-01-13,12128.289069130498,99.85011291503906
2012-01-17,12158.886869792,100.23765563964844
2012-01-18,12373.868775002724,101.34587860107422
2012-01-19,12441.094161395376,101.880615234375
2012-01-20,12394.763813907102,102.26038360595703
2012-01-23,12384.88480330115,101.99687957763672
2012-01-24,12370.18939973446,101.880615234375
2012-01-25,12460.00954082643,102.73310852050781
2012-01-26,12468.596572550672,102.20614624023438
2012-01-27,12515.41297271422,102.15962982177734
2012-01-30,12480.430650877557,101.8108901977539
2012-01-31,12483.54146017103,101.7721176147461
2012-02-01,12579.31691805587,102.6633529663086
2012-02-02,12668.32663455394,102.82610321044922
2012-02-03,12876.354882387603,104.26760864257812
2012-02-06,12871.70372224232,104.19784545898438
2012-02-07,12888.13528405198,104.46135711669922
2012-02-08,12934.842025539603,104.77136993408203
2012-02-09,12963.486563397364,104.90306091308594
2012-02-10,12875.10317148475,104.12808990478516
2012-02-13,12944.580064139538,104.90306091308594
2012-02-14,12952.610408760325,104.77136993408203
2012-02-15,12845.664857115842,104.28312683105469
2012-02-16,12972.234558764789,105.43783569335938
2012-02-17,13021.99518609953,105.71685028076172
2012-02-21,13043.734889825775,105.76334381103516
2012-02-22,12991.785310560344,105.4223403930664
2012-02-23,13039.44094123343,105.88732147216797
2012-02-24,13055.723808907871,106.11981201171875
2012-02-27,13079.416098261328,106.29810333251953
2012-02-28,13156.696717407176,106.60807037353516
2012-02-29,13079.937122793739,106.1895523071289
2012-03-01,13164.687402487876,106.73982238769531
2012-03-02,13125.46275819301,106.41429901123047
2012-03-05,13031.394426866958,105.98031616210938
2012-03-06,12833.847638973857,104.43035125732422
2012-03-07,12952.137141231331,105.15884399414062
2012-03-08,13082.97175467036,106.20504760742188
2012-03-09,13113.09216834073,106.61581420898438
2012-03-12,13075.532298873328,106.62358093261719
2012-03-13,13348.299624540807,108.54557037353516
2012-03-14,13356.839888458802,108.42929077148438
2012-03-15,13474.19188833131,109.05705261230469
2012-03-16,13486.892837498226,109.20806121826172
2012-03-19,13572.594593308897,109.63619995117188
2012-03-20,13549.652220940327,109.3170166015625
2012-03-21,13519.721098038362,109.13799285888672
2012-03-22,13440.4500114435,108.35184478759766
2012-03-23,13498.603823266296,108.7021255493164
2012-03-26,13713.645586653043,110.2277603149414
2012-03-27,13661.298222684058,109.88522338867188
2012-03-28,13631.716762616728,109.34040069580078
2012-03-29,13595.447045001372,109.153564453125
2012-03-30,13630.711129571724,109.60502624511719
2012-04-02,13712.322970754178,110.40675354003906
2012-04-03,13663.019226597338,109.95531463623047
2012-04-04,13490.37904845955,108.8656005859375
2012-04-05,13510.549737058996,108.81105041503906
2012-04-09,13347.111520241495,107.58898162841797
2012-04-10,13105.184981348179,105.78316497802734
2012-04-11,13213.661925294542,106.63937377929688
2012-04-12,13440.897379904814,108.03266906738281
2012-04-13,13248.921087316301,106.74835968017578
2012-04-16,13231.452023371712,106.67826080322266
2012-04-17,13437.246065668283,108.2584228515625
2012-04-18,13368.63401682887,107.89260864257812
2012-04-19,13263.064936303099,107.19979858398438
2012-04-20,13285.489013462051,107.37885284423828
2012-04-23,13163.218767472727,106.47592163085938
2012-04-24,13173.666739911954,106.88068389892578
2012-04-25,13348.746568415118,108.34403991699219
2012-04-26,13427.91756772887,109.09906005859375
2012-04-27,13518.228131940039,109.27810668945312
2012-04-30,13444.905494835766,108.87337493896484
2012-05-01,13502.247203433582,109.55052185058594
2012-05-02,13469.303094213325,109.22367095947266
2012-05-03,13315.91393089595,108.39076232910156
2012-05-04,13092.00005788433,106.63937377929688
2012-05-07,13112.60380719288,106.71722412109375
2012-05-08,13061.946107324364,106.28913116455078
2012-05-09,12967.4762532329,105.65857696533203
2012-05-10,12970.95024100118,105.8765640258789
2012-05-11,12953.297212944808,105.55738830566406
2012-05-14,12800.656690377687,104.38983917236328
2012-05-15,12744.134542550215,103.79045867919922
2012-05-16,12688.586280314505,103.39348602294922
2012-05-17,12478.007768046078,101.86004638671875
2012-05-18,12338.657545099626,100.9882583618164
2012-05-21,12534.626131746616,102.72407531738281
2012-05-22,12535.072782503046,102.9030990600586
2012-05-23,12582.110021768884,102.95759582519531
2012-05-24,12566.738063172466,103.15996551513672
2012-05-25,12515.485266045678,102.82527923583984
2012-05-29,12659.238270936554,104.07069396972656
2012-05-30,12491.304571546707,102.56061553955078
2012-05-31,12454.71974994976,102.33489227294922
2012-06-01,12126.959457571078,99.7584228515625
2012-06-04,12140.540613542045,99.71170806884766
2012-06-05,12227.884595015841,100.46674346923828
2012-06-06,12530.979419479654,102.72407531738281
2012-06-07,12514.135254025376,102.78633117675781
2012-06-08,12620.693992769753,103.60364532470703
2012-06-11,12459.381529785158,102.28819274902344
2012-06-12,12627.1565877615,103.46355438232422
2012-06-13,12536.506044551381,102.80192565917969
2012-06-14,12642.433917859542,103.89167022705078
2012-06-15,12798.800814760778,104.95419311523438
2012-06-18,12807.91842374177,105.15758514404297
2012-06-19,12976.438752800053,106.17474365234375
2012-06-20,12972.54947358847,106.00261688232422
2012-06-21,12686.752792078072,103.62409210205078
2012-06-22,12817.45269564097,104.42216491699219
2012-06-25,12580.425877457967,102.74775695800781
2012-06-26,12639.636362131338,103.26415252685547
2012-06-27,12742.767011961685,104.1951904296875
2012-06-28,12687.017508127417,103.89793395996094
2012-06-29,13018.058170008997,106.48776245117188
2012-07-02,13039.230099635915,106.80854797363281
2012-07-03,13122.649261065304,107.51274871826172
2012-07-05,13096.443759102809,107.02762603759766
2012-07-06,12961.380154201881,106.01049041748047
2012-07-09,12949.96933518674,105.87745666503906
2012-07-10,12826.866172980832,104.95419311523438
2012-07-11,12813.672822869315,104.9698486328125
2012-07-12,12720.276925807808,104.4612808227539
2012-07-13,12950.371525346212,106.21391296386719
2012-07-16,12931.326132277603,105.96349334716797
2012-07-17,12991.54891217523,106.69114685058594
2012-07-18,13127.803969839242,107.48139953613281
2012-07-19,13155.48047295321,107.7630844116211
2012-07-20,13038.215181130867,106.77723693847656
2012-07-23,12942.451106116128,105.69744110107422
2012-07-24,12816.101118109586,104.78984832763672
2012-07-25,12775.813664541998,104.81333923339844
2012-07-26,12974.038456558315,106.54251861572266
2012-07-27,13271.391205309847,108.50640869140625
2012-07-30,13233.845219823157,108.50640869140625
2012-07-31,13160.556031839857,107.74745178222656
2012-08-01,13099.615836829647,107.65349578857422
2012-08-02,12996.876601902302,106.91022491455078
2012-08-03,13248.193702602099,109.03060913085938
2012-08-06,13270.833319325695,109.24186706542969
2012-08-07,13347.735071400577,109.78960418701172
2012-08-08,13363.521529509706,109.92256927490234
2012-08-09,13394.253672078605,110.01644134521484
2012-08-10,13424.59381209752,110.19647216796875
2012-08-13,13418.167182387302,110.14163208007812
2012-08-14,13433.578539112126,110.1572494506836
2012-08-15,13468.953921697886,110.282470703125
2012-08-16,13608.588722398477,111.09624481201172
2012-08-17,13619.060284649933,111.2448501586914
2012-08-20,13619.208097667577,111.25267791748047
2012-08-21,13588.917503473349,110.91627502441406
2012-08-22,13588.288164703217,110.96318054199219
2012-08-23,13480.087480406219,110.0555191040039
2012-08-24,13579.5413262692,110.72061157226562
2012-08-27,13575.964152511793,110.7441177368164
2012-08-28,13568.388550577225,110.63459014892578
2012-08-29,13587.412155907236,110.72061157226562
2012-08-30,13469.279721876801,109.92256927490234
2012-08-31,13545.748536441906,110.44676971435547
2012-09-04,13476.258436032744,110.3449935913086
2012-09-05,13465.162322472699,110.25122833251953
2012-09-06,13773.081882800032,112.48888397216797
2012-09-07,13811.3505237095,112.92705535888672
2012-09-10,13688.757099374572,112.28553009033203
2012-09-11,13727.551342977797,112.59847259521484
2012-09-12,13773.259102243548,112.97400665283203
2012-09-13,14014.951358990427,114.6954116821289
2012-09-14,14083.200232515781,115.20393371582031
2012-09-17,14006.209891749475,114.81269836425781
2012-09-18,14008.95382306668,114.71884155273438
2012-09-19,14022.0477933264,114.78142547607422
2012-09-20,14015.84061515234,114.78926849365234
2012-09-21,14008.429092133274,114.74125671386719
2012-09-24,13970.028083974988,114.5682144165039
2012-09-25,13829.928928652744,113.34898376464844
2012-09-26,13753.612310933388,112.71183776855469
2012-09-27,13893.902076853343,113.77375030517578
2012-09-28,13835.53894734468,113.24671936035156
2012-10-01,13915.997951342286,113.54563903808594
2012-10-02,13913.489831623428,113.6635971069336
2012-10-03,14028.811905246876,114.12779235839844
2012-10-04,14169.433568180206,114.94573974609375
2012-10-05,14160.36910527338,114.95360565185547
2012-10-08,14146.080275070455,114.56037139892578
2012-10-09,13987.299956517641,113.42766571044922
2012-10-10,13907.185290173955,112.70401000976562
2012-10-11,13918.270843801003,112.76689147949219
2012-10-12,13862.615656118818,112.397216796875
2012-10-15,14008.450516406408,113.3332290649414
2012-10-16,14144.579568177545,114.48172760009766
2012-10-17,14192.769955196736,115.0008544921875
2012-10-18,14114.532237153038,114.70196533203125
2012-10-19,13885.222476451232,112.79051208496094
2012-10-22,13891.299581351674,112.80622863769531
2012-10-23,13741.92660179542,111.24089813232422
2012-10-24,13635.50766993941,110.9262924194336
2012-10-25,13660.191533394389,111.24873352050781
2012-10-26,13705.877953375699,111.18582916259766
2012-10-31,13738.449062442294,111.18582916259766
2012-11-01,13917.6231695449,112.35004425048828
2012-11-02,13807.445012585871,111.35102844238281
2012-11-05,13851.996538049554,111.57913208007812
2012-11-06,13974.340524564497,112.4522705078125
2012-11-07,13632.410234112725,109.90367126464844
2012-11-08,13505.362995671981,108.58219146728516
2012-11-09,13547.641632113007,108.67658996582031
2012-11-12,13553.950953384288,108.76312255859375
2012-11-13,13502.42236325269,108.3855209350586
2012-11-14,13302.68402657311,106.92247772216797
2012-11-15,13291.37879792136,106.7415771484375
2012-11-16,13340.364836939729,107.2685775756836
2012-11-19,13596.088888503275,109.43961334228516
2012-11-20,13631.790346423917,109.48676300048828
2012-11-21,13666.388993273198,109.69134521484375
2012-11-23,13829.30595566629,111.18582916259766
2012-11-26,13804.550087311463,110.94985961914062
2012-11-27,13743.443087328797,110.3835220336914
2012-11-28,13870.08265742154,111.27236938476562
2012-11-29,13923.762785165258,111.79149627685547
2012-11-30,13948.780420582383,111.81511688232422
2012-12-03,13869.66012154126,111.2645263671875
2012-12-04,13887.842778426857,111.10719299316406
2012-12-05,13956.410873233703,111.3038330078125
2012-12-06,14001.774182865158,111.68138122558594
2012-12-07,14031.217763967043,112.0196533203125
2012-12-10,14049.9221366163,112.0668716430664
2012-12-11,14146.61521314415,112.82984161376953
2012-12-12,14141.153935493177,112.88490295410156
2012-12-13,14078.643377712087,112.19269561767578
2012-12-14,14006.268161400354,111.7757568359375
2012-12-17,14214.76490934972,113.0893783569336
2012-12-18,14388.485326566908,114.34796905517578
2012-12-19,14281.51124708905,113.49844360351562
2012-12-20,14382.285857015042,114.15132141113281
2012-12-21,14245.661979479162,113.11512756347656
2012-12-24,14205.478060013822,112.7665786743164
2012-12-26,14150.62279177287,112.29127502441406
2012-12-27,14116.474817394188,112.14079284667969
2012-12-28,13975.47612055358,110.9287338256836
2012-12-31,14189.343642005242,112.81413269042969
2013-01-02,14593.225404124692,115.70552825927734
2013-01-03,14562.398242619107,115.44415283203125
2013-01-04,14651.696866328994,115.951171875
2013-01-07,14640.353271599983,115.63428497314453
2013-01-08,14576.140894849012,115.30157470703125
2013-01-09,14635.38696668323,115.59469604492188
2013-01-10,14750.265191806937,116.51358795166016
2013-01-11,14764.420766278568,116.50566101074219
2013-01-14,14746.055407774427,116.42639923095703
2013-01-15,14731.624153388151,116.50566101074219
2013-01-16,14736.448102420009,116.4898452758789
2013-01-17,14786.053405658444,117.24240112304688
2013-01-18,14822.506864741134,117.50385284423828
2013-01-22,14864.130276012986,118.13751983642578
2013-01-23,14900.637482320226,118.32774353027344
2013-01-24,15048.322707035917,118.359375
2013-01-25,15164.180906877556,119.02479553222656
2013-01-28,15127.558314344864,118.8822021484375
2013-01-29,15197.796051379055,119.34961700439453
2013-01-30,15169.417007480128,118.8822021484375
2013-01-31,15150.371871488716,118.589111328125
2013-02-01,15314.549161720286,119.80904388427734
2013-02-04,15161.354012122833,118.46236419677734
2013-02-05,15352.447626093968,119.65858459472656
2013-02-06,15378.889120871914,119.7457046508789
2013-02-07,15314.842696023905,119.58723449707031
2013-02-08,15397.811749141749,120.25267028808594
2013-02-11,15375.564691739895,120.22896575927734
2013-02-12,15405.299610184378,120.427001953125
2013-02-13,15449.222777127283,120.52995300292969
2013-02-14,15496.88749041181,120.64082336425781
2013-02-15,15452.724117371234,120.49820709228516
2013-02-19,15572.531755044649,121.40133666992188
2013-02-20,15357.359884577683,119.8882064819336
2013-02-21,15251.65435406074,119.15948486328125
2013-02-22,15372.19280134273,120.32403564453125
2013-02-25,15117.190867003548,118.03458404541016
2013-02-26,15222.38934889534,118.84260559082031
2013-02-27,15424.016754974178,120.33979797363281
2013-02-28,15404.17994938993,120.10216522216797
2013-03-01,15435.964602362777,120.49820709228516
2013-03-04,15496.131831458086,121.139892578125
2013-03-05,15658.462975885395,122.22520446777344
2013-03-06,15718.242961908967,122.39154815673828
2013-03-07,15777.841025845295,122.61333465576172
2013-03-08,15820.51620342462,123.13614654541016
2013-03-11,15848.639814299038,123.60360717773438
2013-03-12,15816.49066495341,123.32637023925781
2013-03-13,15870.042189596212,123.50057983398438
2013-03-14,15910.322140027656,124.15811157226562
2013-03-15,15889.674066142437,123.99423217773438
2013-03-18,15781.389120733049,123.30990600585938
2013-03-19,15728.82357771916,123.02342987060547
2013-03-20,15836.096105164386,123.88275146484375
2013-03-21,15653.538896469527,122.82453155517578
2013-03-22,15747.413302446304,123.81116485595703
2013-03-25,15708.407486588196,123.29396057128906
2013-03-26,15888.99508772299,124.28069305419922
2013-03-27,15896.491746683838,124.28069305419922
2013-03-28,15947.339762539217,124.66259765625
2013-04-01,15857.308173374258,124.16922760009766
2013-04-02,15950.302767404193,124.78192901611328
2013-04-03,15758.859634735709,123.51675415039062
2013-04-04,15812.688076377028,124.01807403564453
2013-04-05,15724.95575856556,123.46112060546875
2013-04-08,15818.519636679146,124.29657745361328
2013-04-09,15915.783747578987,124.72627258300781
2013-04-10,16132.000537260705,126.2540054321289
2013-04-11,16170.591511496421,126.66777038574219
2013-04-12,16144.227572241873,126.357421875
2013-04-15,15843.008483577552,123.42925262451172
2013-04-16,16025.987501991474,125.25141143798828
2013-04-17,15756.047827827224,123.42124938964844
2013-04-18,15589.44688044937,122.64946746826172
2013-04-19,15714.091548453376,123.71568298339844
2013-04-22,15802.867302417262,124.26469421386719
2013-04-23,16095.850883507086,125.54581451416016
2013-04-24,16116.490663929979,125.62541198730469
2013-04-25,16158.9381121595,126.13468933105469
2013-04-26,16114.673073450418,125.91184997558594
2013-04-29,16182.938124194525,126.75532531738281
2013-04-30,16220.068850749542,127.05764770507812
2013-05-01,16063.624750011082,125.94374084472656
2013-05-02,16233.65903650436,127.1133041381836
2013-05-03,16385.09957256756,128.40234375
2013-05-06,16444.415640502746,128.7285919189453
2013-05-07,16475.934022424906,129.38108825683594
2013-05-08,16591.613586005893,129.96990966796875
2013-05-09,16572.266238079428,129.6038818359375
2013-05-10,16654.833523899084,130.02565002441406
2013-05-13,16681.052270032145,130.12908935546875
2013-05-14,16838.630650863623,131.47381591796875
2013-05-15,16988.88104290364,132.18194580078125
2013-05-16,16941.753927014626,131.56130981445312
2013-05-17,17137.58480373834,132.8343963623047
2013-05-20,17123.29030682855,132.8264617919922
2013-05-21,17179.190070659897,133.01744079589844
2013-05-22,17005.35531478521,132.03076171875
2013-05-23,16939.347505250167,131.6488800048828
2013-05-24,16955.848951164728,131.5374298095703
2013-05-28,17044.467078817885,132.32522583007812
2013-05-29,16975.038186828664,131.46583557128906
2013-05-30,17135.35772465188,131.95126342773438
2013-05-31,16933.21534238473,130.0574951171875
2013-06-03,17016.456209488795,130.7736053466797
2013-06-04,16936.590768234026,130.14492797851562
2013-06-05,16709.014013213004,128.3228302001953
2013-06-06,16813.058445813356,129.48451232910156
2013-06-07,17044.762774218503,131.131591796875
2013-06-10,17054.9269432945,131.131591796875
2013-06-11,16835.716743105062,129.77890014648438
2013-06-12,16682.649472865585,128.70477294921875
2013-06-13,16925.293093597156,130.6621551513672
2013-06-14,16801.08343912821,129.84262084960938
2013-06-17,16999.67359072058,130.84518432617188
2013-06-18,17149.161157634153,131.87962341308594
2013-06-19,16969.840587003615,130.0574951171875
2013-06-20,16554.45176870356,126.8348159790039
2013-06-21,16535.60094094329,127.2419662475586
2013-06-24,16314.315197575665,125.6341552734375
2013-06-25,16457.75167989506,126.84207153320312
2013-06-26,16612.71636915975,128.097900390625
2013-06-27,16722.4884375407,128.84979248046875
2013-06-28,16638.554130276487,128.3218536376953
2013-07-01,16750.89025081452,129.0738525390625
2013-07-02,16707.384221447253,128.95379638671875
2013-07-03,16736.90250324677,129.00982666015625
2013-07-05,16928.840453144447,130.40164184570312
2013-07-08,17013.741596893484,131.1456298828125
2013-07-09,17154.936319396853,132.0894775390625
2013-07-10,17160.125664397343,132.13748168945312
2013-07-11,17382.64850541082,133.93727111816406
2013-07-12,17459.916341396947,133.99327087402344
2013-07-15,17508.784504891948,134.50521850585938
2013-07-16,17485.6323527092,134.0012969970703
2013-07-17,17527.187352968343,134.3452606201172
2013-07-18,17569.61334055064,135.0811767578125
2013-07-19,17573.129471578046,135.3211212158203
2013-07-22,17637.446391599653,135.58505249023438
2013-07-23,17620.741510776737,135.29718017578125
2013-07-24,17558.694525343566,134.80117797851562
2013-07-25,17616.395508460355,135.12913513183594
2013-07-26,17627.648824960026,135.2731475830078
2013-07-29,17561.94876513181,134.85716247558594
2013-07-30,17602.239893989372,134.85716247558594
2013-07-31,17544.206767288502,134.95321655273438
2013-08-01,17774.09622794853,136.51300048828125
2013-08-02,17816.84840999789,136.7449951171875
2013-08-05,17799.242187032014,136.54498291015625
2013-08-06,17691.721476507013,135.76907348632812
2013-08-07,17644.723735466952,135.3291778564453
2013-08-08,17677.214642210205,135.82508850097656
2013-08-09,17610.514066777097,135.43313598632812
2013-08-12,17620.587835605456,135.2731475830078
2013-08-13,17706.26131217455,135.67311096191406
2013-08-14,17625.374908201724,134.97714233398438
2013-08-15,17339.916638873787,133.08935546875
2013-08-16,17321.28103783269,132.6494598388672
2013-08-19,17247.12723332998,131.80148315429688
2013-08-20,17314.856105447503,132.44947814941406
2013-08-21,17219.15098582842,131.63352966308594
2013-08-22,17351.049272178858,132.83343505859375
2013-08-23,17413.40842174016,133.28135681152344
2013-08-26,17403.80888240085,132.78536987304688
2013-08-27,17086.780176881333,130.6496124267578
2013-08-28,17154.559953626303,131.11361694335938
2013-08-29,17208.576903310328,131.3216094970703
2013-08-30,17134.60278045632,130.90560913085938
2013-09-03,17234.82442249924,131.49757385253906
2013-09-04,17375.32219720884,132.58544921875
2013-09-05,17415.306956797504,132.75340270996094
2013-09-06,17388.805075212713,132.81736755371094
2013-09-09,17568.058246093842,134.0893096923828
2013-09-10,17793.803469851755,135.0811767578125
2013-09-11,17809.132528977494,135.5050811767578
2013-09-12,17771.77452707156,135.14515686035156
2013-09-13,17841.991990729275,135.44911193847656
2013-09-16,17952.419670655163,136.23300170898438
2013-09-17,18042.756249229264,136.84091186523438
2013-09-18,18278.895103314208,138.42477416992188
2013-09-19,18248.430062619238,138.1927947998047
2013-09-20,18158.349146022472,137.2266845703125
2013-09-23,18042.24140650875,136.59156799316406
2013-09-24,17995.54129271464,136.27011108398438
2013-09-25,17929.77549105986,135.8762664794922
2013-09-26,17957.252954520063,136.39871215820312
2013-09-27,17868.514382913574,135.77175903320312
2013-09-30,17774.8491200485,135.04830932617188
2013-10-01,17945.541278743272,136.1173858642578
2013-10-02,17954.054663915427,135.98878479003906
2013-10-03,17775.656106600974,134.7348175048828
2013-10-04,17872.108033239725,135.75564575195312
2013-10-07,17679.168612462872,134.5820770263672
2013-10-08,17465.58136284423,133.01466369628906
2013-10-09,17451.587536066072,133.11114501953125
2013-10-10,17892.66588440804,135.98072814941406
2013-10-11,17989.35277007972,136.8568572998047
2013-10-14,18113.958726758523,137.40345764160156
2013-10-15,17982.573431644312,136.40675354003906
2013-10-16,18260.282414308487,138.31178283691406
2013-10-17,18363.25938528851,139.23617553710938
2013-10-18,18510.93236194159,140.1766815185547
2013-10-21,18553.240647179773,140.18463134765625
2013-10-22,18572.864628689364,140.9965362548828
2013-10-23,18454.97197323143,140.3213348388672
2013-10-24,18531.26820984064,140.7875213623047
2013-10-25,18659.202587542186,141.43057250976562
2013-10-28,18665.611203075983,141.6556396484375
2013-10-29,18787.876511215545,142.41119384765625
2013-10-30,18701.355023371107,141.7038116455078
2013-10-31,18628.48224212746,141.30197143554688
2013-11-01,18708.445818404965,141.63958740234375
2013-11-04,18716.672540987773,142.13790893554688
2013-11-05,18700.921197519037,141.687744140625
2013-11-06,18820.459593600594,142.41119384765625
2013-11-07,18551.865096499136,140.6106719970703
2013-11-08,18841.09187921616,142.50770568847656
2013-11-11,18861.828222116546,142.5318603515625
2013-11-12,18816.473754294326,142.24240112304688
2013-11-13,18989.841829903828,143.38381958007812
2013-11-14,19021.036294298727,144.09925842285156
2013-11-15,19132.80661847422,144.72621154785156
2013-11-18,19093.905712230073,144.21978759765625
2013-11-19,19061.693116735525,143.90631103515625
2013-11-20,18966.254237921294,143.45616149902344
2013-11-21,19124.020496040885,144.6136474609375
2013-11-22,19197.87626457886,145.3370819091797
2013-11-25,19224.32504565939,145.19244384765625
2013-11-26,19270.088284836722,145.2326202392578
2013-11-27,19339.86499425704,145.58628845214844
2013-11-29,19354.68691017276,145.4898223876953
2013-12-02,19290.376152604204,145.11199951171875
2013-12-03,19177.906320451984,144.48504638671875
2013-12-04,19172.884694602813,144.46896362304688
2013-12-05,19121.665644808305,143.8339385986328
2013-12-06,19322.801945404663,145.44155883789062
2013-12-09,19347.42634623758,145.8113250732422
2013-12-10,19285.48660417625,145.28887939453125
2013-12-11,19115.296277683094,143.6571502685547
2013-12-12,19033.694187488363,143.1829071044922
2013-12-13,19020.10975184765,143.1667938232422
2013-12-16,19203.642837619198,144.0590362548828
2013-12-17,19232.62858230783,143.60084533691406
2013-12-18,19560.676909480928,146.0524444580078
2013-12-19,19542.303348281064,145.8836212158203
2013-12-20,19653.792542247396,146.7322540283203
2013-12-23,19781.63013361501,147.51622009277344
2013-12-24,19825.590642383402,147.8394012451172
2013-12-26,19923.85176494518,148.5911102294922
2013-12-27,19921.861573852766,148.58297729492188
2013-12-30,19917.198694881423,148.5586700439453
2013-12-31,20002.49013307482,149.26185607910156
2014-01-02,19890.91213805475,147.8313751220703
2014-01-03,19912.090414701197,147.80715942382812
2014-01-06,19887.99508061073,147.37879943847656
2014-01-07,19972.06291374124,148.283935546875
2014-01-08,19983.799923937106,148.31629943847656
2014-01-09,19977.47961490159,148.4132843017578
2014-01-10,19966.570123289264,148.8173828125
2014-01-13,19742.251653514108,146.8373260498047
2014-01-14,19972.753350825613,148.4375
2014-01-15,20136.48321918086,149.23760986328125
2014-01-16,20083.810381331852,149.04359436035156
2014-01-17,20072.626294067042,148.4132843017578
2014-01-21,20101.33193430599,148.849609375
2014-01-22,20147.2658217037,148.94664001464844
2014-01-23,20038.58007434291,147.72633361816406
2014-01-24,19599.098818212024,144.57443237304688
2014-01-27,19491.903414945617,143.86322021484375
2014-01-28,19653.932129602566,144.71987915039062
2014-01-29,19424.204409366623,143.3299102783203
2014-01-30,19650.848058942476,144.8492431640625
2014-01-31,19488.14904754751,144.00064086914062
2014-02-03,19049.12980405693,140.75990295410156
2014-02-04,19123.10058940209,141.74583435058594
2014-02-05,19095.577094350632,141.5680389404297
2014-02-06,19363.886668293424,143.43484497070312
2014-02-07,19649.350366392042,145.2128448486328
2014-02-10,19671.59722083392,145.4795684814453
2014-02-11,19900.847637806786,147.0717315673828
2014-02-12,19916.143046714467,147.14443969726562
2014-02-13,20026.782957652576,147.90408325195312
2014-02-14,20111.8756776744,148.72035217285156
2014-02-18,20116.36717196119,148.89816284179688
2014-02-19,19970.520123531853,147.91226196289062
2014-02-20,20069.89132897024,148.78500366210938
2014-02-21,20015.12266910171,148.61529541015625
2014-02-24,20203.605997022936,149.439697265625
2014-02-25,20190.270827702378,149.3831024169922
2014-02-26,20223.267908236045,149.3911590576172
2014-02-27,20329.381194604248,150.1750946044922
2014-02-28,20372.00306526957,150.55496215820312
2014-03-03,20178.643062774405,149.49618530273438
2014-03-04,20508.91736151187,151.59747314453125
2014-03-05,20533.408869174313,151.73487854003906
2014-03-06,20560.198947844434,152.08241271972656
2014-03-07,20550.223952218796,152.14695739746094
2014-03-10,20538.257039017586,152.0662078857422
2014-03-11,20445.18783767097,151.31463623046875
2014-03-12,20481.947566902632,151.3550262451172
2014-03-13,20200.419747052114,149.6578369140625
2014-03-14,20087.618256207425,149.23760986328125
2014-03-17,20315.158703279136,150.5872344970703
2014-03-18,20486.28248109463,151.66209411621094
2014-03-19,20414.56936041654,150.8539581298828
2014-03-20,20579.63962839108,151.73487854003906
2014-03-21,20453.568216909214,151.14637756347656
2014-03-24,20364.280344895244,150.52130126953125
2014-03-25,20443.62293058046,151.2356719970703
2014-03-26,20316.236949931466,150.1478729248047
2014-03-27,20251.624727447383,149.83128356933594
2014-03-28,20337.272109000205,150.57000732421875
2014-03-31,20488.99419239141,151.8038787841797
2014-04-01,20683.819061898284,152.8104248046875
2014-04-02,20697.522829640202,153.32183837890625
2014-04-03,20653.18975711971,153.118896484375
2014-04-04,20331.272629818865,151.30873107910156
2014-04-07,20142.388292515272,149.63648986816406
2014-04-08,20237.179433375353,150.25344848632812
2014-04-09,20492.626707954532,151.86883544921875
2014-04-10,19997.08310052902,148.6786651611328
2014-04-11,19795.194229010936,147.33924865722656
2014-04-14,20016.78138576812,148.50009155273438
2014-04-15,20155.595598065345,149.5228729248047
2014-04-16,20334.104600039303,151.0895233154297
2014-04-17,20363.784125620394,151.3005828857422
2014-04-21,20429.088678643224,151.8282012939453
2014-04-22,20549.12610642215,152.51815795898438
2014-04-23,20466.229480206493,152.16099548339844
2014-04-24,20527.074348639228,152.46949768066406
2014-04-25,20225.78465821014,151.2194366455078
2014-04-28,20236.134614120336,151.69837951660156
2014-04-29,20345.492785802136,152.40455627441406
2014-04-30,20396.688689033712,152.85911560058594
2014-05-01,20420.94275254532,152.87533569335938
2014-05-02,20400.94995841254,152.65618896484375
2014-05-05,20439.439954047983,152.9484405517578
2014-05-06,20252.33923411571,151.61715698242188
2014-05-07,20373.502003370362,152.51007080078125
2014-05-08,20390.465399094857,152.3477325439453
2014-05-09,20405.428568581094,152.57505798339844
2014-05-12,20638.704145727283,154.0605010986328
2014-05-13,20654.01746172189,154.19850158691406
2014-05-14,20559.715380025493,153.46791076660156
2014-05-15,20361.697668386005,152.12042236328125
2014-05-16,20427.41048680893,152.6480712890625
2014-05-19,20538.384262925716,153.2081756591797
2014-05-20,20438.356556399587,152.24215698242188
2014-05-21,20634.883203155197,153.52476501464844
2014-05-22,20689.325562049893,153.8981475830078
2014-05-23,20807.55045140667,154.51512145996094
2014-05-27,20952.674472559644,155.4647674560547
2014-05-28,20927.07751981022,155.35118103027344
2014-05-29,21033.40959528504,156.15478515625
2014-05-30,21090.65952223021,156.4064178466797
2014-06-02,21112.45616715387,156.58499145507812
2014-06-03,21105.55576516445,156.50387573242188
2014-06-04,21121.478720074105,156.82041931152344
2014-06-05,21285.42549193222,157.84324645996094
2014-06-06,21425.092774847577,158.59815979003906
2014-06-09,21457.46598250671,158.7604522705078
2014-06-10,21490.002656008473,158.77674865722656
2014-06-11,21384.723609117016,158.22471618652344
2014-06-12,21237.0148832311,157.10455322265625
2014-06-13,21299.133123375443,157.58346557617188
2014-06-16,21263.549728829472,157.7133331298828
2014-06-17,21345.587724680492,158.1517333984375
2014-06-18,21493.57417011493,159.3125
2014-06-19,21482.724440679784,159.4910430908203
2014-06-20,21518.66281758543,159.81488037109375
2014-06-23,21521.499969365766,159.7659149169922
2014-06-24,21366.976184941457,158.80349731445312
2014-06-25,21500.646688426423,159.52120971679688
2014-06-26,21460.643429295007,159.40704345703125
2014-06-27,21525.15057766933,159.71702575683594
2014-06-30,21524.192825294118,159.63540649414062
2014-07-01,21769.747467751193,160.703857421875
2014-07-02,21806.002839979046,160.86703491210938
2014-07-03,21943.088636742345,161.65814208984375
2014-07-07,21844.749990106397,161.09542846679688
2014-07-08,21669.37112884111,160.05955505371094
2014-07-09,21758.86760124727,160.77732849121094
2014-07-10,21652.249913022668,160.14108276367188
2014-07-11,21723.62775793361,160.361328125
2014-07-14,21890.733122109363,161.16888427734375
2014-07-15,21887.449642344953,160.86703491210938
2014-07-16,22002.62355296783,161.4624481201172
2014-07-17,21748.096006771342,159.627197265625
2014-07-18,21954.28734363726,161.25856018066406
2014-07-21,21947.906428246206,160.9567413330078
2014-07-22,22047.76917347736,161.65814208984375
2014-07-23,21994.53806689349,162.0170440673828
2014-07-24,21919.598697437556,162.02517700195312
2014-07-25,21728.69828102517,161.26669311523438
2014-07-28,21734.401933236884,161.33193969726562
2014-07-29,21637.63181796271,160.63861083984375
2014-07-30,21703.38987038126,160.66310119628906
2014-07-31,21252.88134533572,157.4903106689453
2014-08-01,21143.116545636014,157.00906372070312
2014-08-04,21283.906044660696,158.1427764892578
2014-08-05,21087.544215782124,156.60940551757812
2014-08-06,21133.930236597018,156.6583709716797
2014-08-07,21050.936276293705,155.81008911132812
2014-08-08,21315.92896561541,157.61268615722656
2014-08-11,21369.36846739406,158.0694122314453
2014-08-12,21348.072770775674,157.84918212890625
2014-08-13,21517.459880588547,158.9176483154297
2014-08-14,21597.528738057554,159.6680145263672
2014-08-15,21587.421254032564,159.63540649414062
2014-08-18,21789.176110297234,160.9730682373047
2014-08-19,21922.83495468957,161.81321716308594
2014-08-20,21996.48187474084,162.24539184570312
2014-08-21,22096.42265570344,162.718505859375
2014-08-22,22063.512363818034,162.4656219482422
2014-08-25,22158.272363117805,163.28945922851562
2014-08-26,22221.158254272123,163.3955078125
2014-08-27,22219.30626039975,163.33023071289062
2014-08-28,22170.109905256842,163.24053955078125
2014-08-29,22285.34422140939,163.70542907714844
2014-09-02,22263.69599219513,163.6238555908203
2014-09-03,22278.19881252877,163.53414916992188
2014-09-04,22290.00578269178,163.297607421875
2014-09-05,22391.101380234428,164.03172302246094
2014-09-08,22367.00110315831,163.6075439453125
2014-09-09,22217.92411073794,162.5717010498047
2014-09-10,22313.784620138053,163.18345642089844
2014-09-11,22319.321232099388,163.3709716796875
2014-09-12,22210.705663198718,162.41671752929688
2014-09-15,22166.495600071932,162.2943572998047
2014-09-16,22342.448876746745,163.51783752441406
2014-09-17,22372.609523762836,163.73806762695312
2014-09-18,22560.38339321634,164.61073303222656
2014-09-19,22530.059317999036,164.4624481201172
2014-09-22,22346.157017129528,163.19235229492188
2014-09-23,22206.511423209988,162.25814819335938
2014-09-24,22381.38270359535,163.5283203125
2014-09-25,21982.636787118445,160.88966369628906
2014-09-26,22170.58254340363,162.16806030273438
2014-09-29,22115.308605936207,161.87298583984375
2014-09-30,22064.581866793622,161.44688415527344
2014-10-01,21796.857506735538,159.2589874267578
2014-10-02,21783.496610284554,159.28355407714844
2014-10-03,22025.094659372786,161.03713989257812
2014-10-06,22012.791074377074,160.8487091064453
2014-10-07,21656.44394912057,158.36578369140625
2014-10-08,22063.992022538438,161.13552856445312
2014-10-09,21632.966341046333,157.93966674804688
2014-10-10,21223.880636547,156.1368865966797
2014-10-13,20924.296589496862,153.572021484375
2014-10-14,21007.31674796785,153.8096466064453
2014-10-15,20795.387948876225,152.7689666748047
2014-10-16,20699.3098552714,152.63787841796875
2014-10-17,20999.20389753534,154.4406280517578
2014-10-20,21138.042535400637,155.94021606445312
2014-10-21,21627.51349951818,159.02951049804688
2014-10-22,21415.07794442323,157.89869689941406
2014-10-23,21724.291327234503,159.73426818847656
2014-10-24,21853.40696085182,160.9634246826172
2014-10-27,21809.6604106267,160.74215698242188
2014-10-28,22124.611534853677,162.58596801757812
2014-10-29,22152.436354026475,162.34011840820312
2014-10-30,22337.953823237272,163.38076782226562
2014-10-31,22649.50907585378,165.2490997314453
2014-11-03,22648.237999044224,165.33924865722656
2014-11-04,22628.773502104737,164.76559448242188
2014-11-05,22759.479533891914,165.80633544921875
2014-11-06,22805.392917757184,166.4700927734375
2014-11-07,22789.973600512916,166.62574768066406
2014-11-10,22901.60709143724,167.15020751953125
2014-11-11,22893.00567893756,167.31410217285156
2014-11-12,22875.595933630062,167.13388061523438
2014-11-13,22916.613929755942,167.32232666015625
2014-11-14,22952.167609953063,167.36329650878906
2014-11-17,22952.004238366753,167.4697723388672
2014-11-18,23082.282179176444,168.43673706054688
2014-11-19,23001.32271388268,168.16636657714844
2014-11-20,23109.247166739562,168.46136474609375
2014-11-21,23225.86591831846,169.3627471923828
2014-11-24,23301.906141338986,169.8379669189453
2014-11-25,23239.410590534673,169.71510314941406
2014-11-26,23352.67683722513,170.1494140625
2014-11-28,23336.92571815628,169.78883361816406
2014-12-01,23167.649603166617,168.60888671875
2014-12-02,23358.548681197834,169.6986846923828
2014-12-03,23490.195370173282,170.35427856445312
2014-12-04,23512.619157357312,170.16575622558594
2014-12-05,23560.920733260107,170.4444122314453
2014-12-08,23384.60467371965,169.30538940429688
2014-12-09,23396.008595585216,169.19065856933594
2014-12-10,22976.148075783432,166.4783172607422
2014-12-11,23071.186808870127,167.32232666015625
2014-12-12,22648.297666451483,164.6181640625
2014-12-15,22516.46490140852,163.4873504638672
2014-12-16,22298.30712061368,162.17623901367188
2014-12-17,22772.07169161143,165.35565185546875
2014-12-18,23372.093323670415,169.44468688964844
2014-12-19,23437.424675922215,170.16561889648438
2014-12-22,23570.02280182154,170.9484100341797
2014-12-23,23609.65808775476,171.1790771484375
2014-12-24,23634.022124446685,171.19561767578125
2014-12-26,23684.313034205745,171.74766540527344
2014-12-29,23674.770141987512,171.9783935546875
2014-12-30,23558.213852034387,171.0554962158203
2014-12-31,23309.499130910768,169.358154296875
2015-01-02,23337.87350708555,169.26751708984375
2015-01-05,22904.929563432062,166.2106170654297
2015-01-06,22627.89729327913,164.6450958251953
2015-01-07,22880.020867183175,166.6967315673828
2015-01-08,23281.956682066473,169.65475463867188
2015-01-09,23082.19744294719,168.29525756835938
2015-01-12,22892.480752524858,166.97689819335938
2015-01-13,22846.593713555725,166.50726318359375
2015-01-14,22708.574770056162,165.50198364257812
2015-01-15,22475.494282117957,163.9858856201172
2015-01-16,22771.545860675134,166.13644409179688
2015-01-20,22839.93642521938,166.4907989501953
2015-01-21,23034.42513276033,167.33120727539062
2015-01-22,23405.201076945636,169.81961059570312
2015-01-23,23353.03041654837,168.88853454589844
2015-01-26,23365.783677076975,169.28399658203125
2015-01-27,23000.434552210518,167.05104064941406
2015-01-28,22744.90812960798,164.90872192382812
2015-01-29,22993.683802183736,166.43309020996094
2015-01-30,22733.549235997154,164.34019470214844
2015-02-02,23026.26985740188,166.37539672851562
2015-02-03,23340.88023920976,168.78138732910156
2015-02-04,23267.8498437162,168.13870239257812
2015-02-05,23534.9607512462,169.83604431152344
2015-02-06,23451.706549946724,169.3663787841797
2015-02-09,23345.552953973547,168.6083984375
2015-02-10,23654.836828998697,170.4046173095703
2015-02-11,23638.950920260817,170.50347900390625
2015-02-12,23926.228392163273,172.1431884765625
2015-02-13,24017.67941576098,172.851806640625
2015-02-17,24073.333693815755,173.12368774414062
2015-02-18,24030.2540683853,173.14013671875
2015-02-19,24009.143431210414,173.0165252685547
2015-02-20,24198.80733238272,174.05477905273438
2015-02-23,24169.50354863057,174.03005981445312
2015-02-24,24272.364615443843,174.5244598388672
2015-02-25,24257.976982458065,174.3761444091797
2015-02-26,24343.50514472685,174.170166015625
2015-02-27,24203.391120444292,173.576904296875
2015-03-02,24438.06589370426,174.67276000976562
2015-03-03,24307.470630128028,173.9558868408203
2015-03-04,24228.226729926708,173.22256469726562
2015-03-05,24310.541371340947,173.41213989257812
2015-03-06,23969.674747712874,170.97312927246094
2015-03-09,24065.10113095716,171.68177795410156
2015-03-10,23640.093072850977,168.89674377441406
2015-03-11,23599.56440079549,168.50115966796875
2015-03-12,23864.137263641023,170.64356994628906
2015-03-13,23734.38354127224,169.59713745117188
2015-03-16,24059.67178688331,171.863037109375
2015-03-17,23967.30667181402,171.35211181640625
2015-03-18,24218.191230383487,173.41213989257812
2015-03-19,24123.845414261992,172.6210479736328
2015-03-20,24350.514917123608,174.144775390625
2015-03-23,24255.897083935906,173.805419921875
2015-03-24,24134.546400243682,172.82884216308594
2015-03-25,23645.567970654225,170.2962646484375
2015-03-26,23588.841244048024,169.8907012939453
2015-03-27,23669.00540007989,170.27967834472656
2015-03-30,23968.843390088034,172.35702514648438
2015-03-31,23720.347555087334,170.85067749023438
2015-04-01,23637.94798464429,170.24652099609375
2015-04-02,23675.093582403875,170.85903930664062
2015-04-06,23835.02403229777,172.00942993164062
2015-04-07,23836.06874123693,171.55422973632812
2015-04-08,23964.298440679995,172.1336212158203
2015-04-09,24091.392141660308,172.89500427246094
2015-04-10,24275.970218081693,173.8385467529297
2015-04-13,24186.48392814785,173.05223083496094
2015-04-14,24204.038490582425,173.38340759277344
2015-04-15,24352.94391315458,174.16128540039062
2015-04-16,24485.632195220205,174.1116485595703
2015-04-17,24131.35712452077,172.10877990722656
2015-04-20,24354.40659474619,173.6813201904297
2015-04-21,24313.84958094462,173.47438049316406
2015-04-22,24503.007042622652,174.3268280029297
2015-04-23,24465.217982613995,174.7654571533203
2015-04-24,24553.823817682376,175.17103576660156
2015-04-27,24478.703398453657,174.4427490234375
2015-04-28,24554.599115112047,174.99728393554688
2015-04-29,24458.84510908516,174.27719116210938
2015-04-30,24218.79954466068,172.5308837890625
2015-05-01,24478.92574531117,174.40133666992188
2015-05-04,24547.6819823551,174.89794921875
2015-05-05,24294.627790751914,172.89500427246094
2015-05-06,24182.23564511528,172.1832733154297
2015-05-07,24333.23762990205,172.87017822265625
2015-05-08,24657.799342220813,175.14617919921875
2015-05-11,24570.872120885757,174.31028747558594
2015-05-12,24506.56347377919,173.78887939453125
2015-05-13,24566.87308795325,173.8219757080078
2015-05-14,24859.833661095574,175.6345672607422
2015-05-15,24898.587725609203,175.8249053955078
2015-05-18,24982.813599408037,176.37110900878906
2015-05-19,24950.77590367711,176.31317138671875
2015-05-20,24909.93261701055,176.1890869140625
2015-05-21,24949.74396258046,176.70220947265625
2015-05-22,24906.997564061487,176.2801055908203
2015-05-26,24651.581677762522,174.3848419189453
2015-05-27,24995.71146070236,176.04006958007812
2015-05-28,24987.407869627885,175.8413848876953
2015-05-29,24884.2459514004,174.74888610839844
2015-06-01,24919.883994934557,175.10484313964844
2015-06-02,24871.816468742436,174.93099975585938
2015-06-03,24941.99096142659,175.39451599121094
2015-06-04,24733.707292398205,173.9130401611328
2015-06-05,24731.06053140583,173.6150665283203
2015-06-08,24532.442823692778,172.54739379882812
2015-06-09,24626.50689022358,172.52256774902344
2015-06-10,24968.631205757632,174.59170532226562
2015-06-11,25039.74054734162,175.15455627441406
2015-06-12,24830.52884452763,173.813720703125
2015-06-15,24721.93752156056,173.06884765625
2015-06-16,24878.572463774457,174.0123291015625
2015-06-17,24883.67487062549,174.293701171875
2015-06-18,25112.77789039382,176.10629272460938
2015-06-19,24951.95190440729,175.3245391845703
2015-06-22,25106.880220017978,176.2227325439453
2015-06-23,25129.176546743478,176.34744262695312
2015-06-24,24903.365222482786,175.06666564941406
2015-06-25,24807.574918777427,174.53440856933594
2015-06-26,24743.61209073962,174.50119018554688
2015-06-29,24223.907965744827,170.84178161621094
2015-06-30,24289.723751867947,171.19940185546875
2015-07-01,24479.882019022116,172.57168579101562
2015-07-02,24478.887724533037,172.41363525390625
2015-07-06,24386.72113158822,171.92295837402344
2015-07-07,24450.0100984598,173.00413513183594
2015-07-08,24049.646960525777,170.10159301757812
2015-07-09,24074.877083819047,170.4093475341797
2015-07-10,24407.747573233864,172.55508422851562
2015-07-13,24707.029162052364,174.4595947265625
2015-07-14,24855.00263272365,175.21633911132812
2015-07-15,24841.270002469228,175.15821838378906
2015-07-16,25198.286623566717,176.56370544433594
2015-07-17,25269.217025817576,176.71336364746094
2015-07-20,25254.778875656662,176.8048858642578
2015-07-21,25148.612104953,176.1063232421875
2015-07-22,25087.212887024314,175.79025268554688
2015-07-23,24947.173362589045,174.8005828857422
2015-07-24,24755.817915888827,172.9875030517578
2015-07-27,24595.493610971283,171.98117065429688
2015-07-28,24872.182760246673,174.09371948242188
2015-07-29,25046.77073990354,175.29124450683594
2015-07-30,25098.612905674298,175.33277893066406
2015-07-31,25063.350840083018,175.06666564941406
2015-08-03,25005.88291560297,174.47622680664062
2015-08-04,25005.883220172196,174.13525390625
2015-08-05,25193.783553542722,174.70907592773438
2015-08-06,25019.468853102797,173.2786407470703
2015-08-07,25054.239684337546,172.94593811035156
2015-08-10,25374.48977804584,175.12489318847656
2015-08-11,25127.940651788012,173.54478454589844
2015-08-12,25136.382984303975,173.752685546875
2015-08-13,25149.49417303028,173.5364227294922
2015-08-14,25247.607935682692,174.16845703125
2015-08-17,25346.980870000734,175.14154052734375
2015-08-18,25262.35877520905,174.63417053222656
2015-08-19,25046.460612205065,173.25367736816406
2015-08-20,24459.85506509587,169.6358642578125
2015-08-21,23612.755627528288,164.52943420410156
2015-08-24,22654.418141458533,157.60162353515625
2015-08-25,22334.65233915628,155.7469940185547
2015-08-26,23334.565288592825,161.7267303466797
2015-08-27,23971.89716466334,165.7270050048828
2015-08-28,24000.797106310307,165.73533630371094
2015-08-31,23816.44029549195,164.3964080810547
2015-09-01,23003.82019841519,159.489501953125
2015-09-02,23458.119274867207,162.51678466796875
2015-09-03,23463.096312341717,162.63320922851562
2015-09-04,23044.86250551363,160.17144775390625
2015-09-08,23679.825826689907,164.1967315673828
2015-09-09,23374.455342735902,162.0011444091797
2015-09-10,23510.013031377202,162.88270568847656
2015-09-11,23614.200832203074,163.6229248046875
2015-09-14,23492.745580745708,163.01577758789062
2015-09-15,23838.017386304884,165.0533905029297
2015-09-16,24058.95323209231,166.48388671875
2015-09-17,24037.21118692703,166.109619140625
2015-09-18,23646.240302344966,163.39512634277344
2015-09-21,23765.5024656433,164.2394561767578
2015-09-22,23461.270553097947,162.1077117919922
2015-09-23,23430.89962594387,161.84854125976562
2015-09-24,23371.08836479354,161.26332092285156
2015-09-25,23403.72680262171,161.2215576171875
2015-09-28,22823.089002504028,157.17538452148438
2015-09-29,22886.222509267136,157.26730346679688
2015-09-30,23384.633137241217,160.20162963867188
2015-10-01,23423.702708272955,160.6195831298828
2015-10-02,23743.444708211802,163.01895141601562
2015-10-05,24221.614774926125,165.91986083984375
2015-10-06,24145.743278834463,165.3513641357422
2015-10-07,24378.370198427107,166.70570373535156
2015-10-08,24566.64554571979,168.21044921875
2015-10-09,24594.037657498437,168.31072998046875
2015-10-12,24626.14708672141,168.4696044921875
2015-10-13,24476.14189927339,167.40792846679688
2015-10-14,24384.133259159633,166.60528564453125
2015-10-15,24663.960498476445,169.1634521484375
2015-10-16,24737.980679807188,169.93260192871094
2015-10-19,24752.61299502532,170.01622009277344
2015-10-20,24668.04779198723,169.798828125
2015-10-21,24533.278031963382,168.74549865722656
2015-10-22,25056.90039200268,171.59622192382812
2015-10-23,25458.68016304648,173.477294921875
2015-10-26,25422.739353406123,173.0509033203125
2015-10-27,25375.463332824373,172.71646118164062
2015-10-28,25761.021685765238,174.68099975585938
2015-10-29,25604.46764151604,174.58071899414062
2015-10-30,25489.847505794347,173.8282928466797
2015-11-02,25711.26364781173,175.88485717773438
2015-11-03,25830.88544313178,176.3948211669922
2015-11-04,25821.890673174672,175.8597869873047
2015-11-05,25762.435591892285,175.68421936035156
2015-11-06,26027.393829219393,175.59231567382812
2015-11-09,25739.164720611974,173.95375061035156
2015-11-10,25757.058580508427,174.3550262451172
2015-11-11,25702.918594230305,173.6694793701172
2015-11-12,25350.8865893374,171.24510192871094
2015-11-13,24994.004626853533,169.3223114013672
2015-11-16,25446.50845707989,171.897216796875
2015-11-17,25512.409533286118,171.77178955078125
2015-11-18,25930.380502001546,174.49710083007812
2015-11-19,25935.604637399003,174.34666442871094
2015-11-20,26097.57845477666,174.98199462890625
2015-11-23,26036.202959936803,174.78140258789062
2015-11-24,26045.72570945734,175.01544189453125
2015-11-25,26026.730026822857,174.9904022216797
2015-11-27,26063.395269351684,175.1909942626953
2015-11-30,25967.93561278069,174.46368408203125
2015-12-01,26294.83582410037,176.1273193359375
2015-12-02,26098.658251452685,174.32994079589844
2015-12-03,25821.595045881484,171.88880920410156
2015-12-04,26434.788217622456,175.24114990234375
2015-12-07,26229.521387869285,174.1794891357422
2015-12-08,26071.302912488543,173.00906372070312
2015-12-09,25792.58682279056,171.66310119628906
2015-12-10,25875.830372223467,172.1061248779297
2015-12-11,25328.586077788983,168.7705535888672
2015-12-14,25509.61722115516,169.62330627441406
2015-12-15,25783.10720273247,171.40394592285156
2015-12-16,26159.572660512324,173.91192626953125
2015-12-17,25785.858064904514,171.26182556152344
2015-12-18,25234.428194220458,168.21078491210938
2015-12-21,25475.130634573143,169.59840393066406
2015-12-22,25649.870687269966,171.1373291015625
2015-12-23,25964.572104485884,173.2566375732422
2015-12-24,25918.757541525916,172.97061157226562
2015-12-28,25900.95659780533,172.57542419433594
2015-12-29,26226.78839557949,174.41714477539062
2015-12-30,26020.352360794146,173.18093872070312
2015-12-31,25724.03813714687,171.44851684570312
2016-01-04,25278.323430850036,169.05178833007812
2016-01-05,25250.93119881493,169.3376922607422
2016-01-06,24965.632434730058,167.20164489746094
2016-01-07,24268.17756561031,163.19020080566406
2016-01-08,23953.060902461846,161.39898681640625
2016-01-11,24084.7725465415,161.55874633789062
2016-01-12,24300.244588266218,162.86224365234375
2016-01-13,23604.193414475245,158.80038452148438
2016-01-14,23974.22512920336,161.4073486328125
2016-01-15,23314.640782245697,157.94252014160156
2016-01-19,23351.588097761636,158.15280151367188
2016-01-20,23127.10501323471,156.12608337402344
2016-01-21,23176.44222438949,157.00070190429688
2016-01-22,23530.08705388172,160.2215576171875
2016-01-25,23185.629777144753,157.799560546875
2016-01-26,23478.227698924882,159.95248413085938
2016-01-27,23183.084046532353,158.21163940429688
2016-01-28,23259.0338611289,159.03587341308594
2016-01-29,23931.778198494452,162.91268920898438
2016-02-01,23921.357943416806,162.85379028320312
2016-02-02,23344.221212758588,159.9188232421875
2016-02-03,23386.16868458112,160.87753295898438
2016-02-04,23487.70242386127,161.12985229492188
2016-02-05,22953.03314693611,158.06031799316406
2016-02-08,22622.11591838967,155.93263244628906
2016-02-09,22607.9293775846,155.94107055664062
2016-02-10,22603.200124127343,155.80645751953125
2016-02-11,22288.078715943055,153.77972412109375
2016-02-12,22781.489328279753,156.95016479492188
2016-02-16,23249.853567223432,159.59927368164062
2016-02-17,23669.839502058305,162.2062530517578
2016-02-18,23542.65602268108,161.54190063476562
2016-02-19,23552.374807781314,161.46621704101562
2016-02-22,23890.467513015723,163.80413818359375
2016-02-23,23544.931632896634,161.73533630371094
2016-02-24,23629.174740916882,162.4753875732422
2016-02-25,23880.980181883227,164.44320678710938
2016-02-26,23855.120002848522,164.06478881835938
2016-02-29,23619.328419803103,162.778076171875
2016-03-01,24289.02507979778,166.60452270507812
2016-03-02,24397.971666057652,167.35301208496094
2016-03-03,24445.392209764526,168.00897216796875
2016-03-04,24594.03453043469,168.5555877685547
2016-03-07,24540.69749642567,168.69012451171875
2016-03-08,24302.700612692457,166.84844970703125
2016-03-09,24402.29383492963,167.672607421875
2016-03-10,24394.435472123434,167.80712890625
2016-03-11,24841.230243041293,170.51502990722656
2016-03-14,24810.266977318563,170.29641723632812
2016-03-15,24797.96110096016,170.0188751220703
2016-03-16,24937.42969824306,171.00279235839844
2016-03-17,25089.502980815603,172.08767700195312
2016-03-18,25301.804079694237,172.763916015625
2016-03-21,25341.492899699006,173.00904846191406
2016-03-22,25328.01784485618,172.9160919189453
2016-03-23,25208.214163089473,171.77493286132812
2016-03-24,25182.177862522334,171.69882202148438
2016-03-28,25187.381258668513,171.8002471923828
2016-03-29,25399.169319989724,173.38941955566406
2016-03-30,25554.516589327013,174.15025329589844
2016-03-31,25497.845839909707,173.72760009765625
2016-04-01,25740.49787941958,174.9110107421875
2016-04-04,25636.01125604365,174.34463500976562
2016-04-05,25449.694161780644,172.60325622558594
2016-04-06,25733.92491570844,174.4883575439453
2016-04-07,25362.475512439854,172.40042114257812
2016-04-08,25406.18030933008,172.8653564453125
2016-04-11,25400.897686761862,172.4596405029297
2016-04-12,25673.00920488819,174.065673828125
2016-04-13,26088.508102682732,175.8239288330078
2016-04-14,26162.392026737867,175.83233642578125
2016-04-15,26106.643197023906,175.6379852294922
2016-04-18,26256.605782357823,176.87208557128906
2016-04-19,26203.28918894183,177.42999267578125
2016-04-20,26348.761068113556,177.5990447998047
2016-04-21,26235.77642507586,176.64389038085938
2016-04-22,26178.903787774263,176.64389038085938
2016-04-25,26098.8903096268,176.33956909179688
2016-04-26,26134.30789658755,176.60157775878906
2016-04-27,26168.029927416406,176.96505737304688
2016-04-28,25838.64236520924,175.35902404785156
2016-04-29,25700.51060884806,174.41226196289062
2016-05-02,25908.826222683838,175.79855346679688
2016-05-03,25593.08744484776,174.26853942871094
2016-05-04,25353.67817252855,173.29638671875
2016-05-05,25295.471479287502,173.26268005371094
2016-05-06,25407.4712325192,173.89662170410156
2016-05-09,25352.71293315225,174.0403289794922
2016-05-10,25716.100265732915,176.20433044433594
2016-05-11,25519.721001800423,174.5559539794922
2016-05-12,25457.802844304984,174.606689453125
2016-05-13,25357.720328296167,173.08514404296875
2016-05-16,25652.665244293457,174.7926025390625
2016-05-17,25387.93997526926,173.1612548828125
2016-05-18,25603.922496002742,173.21185302734375
2016-05-19,25475.11921853687,172.61172485351562
2016-05-20,25702.72901534651,173.70216369628906
2016-05-23,25642.050078963075,173.46554565429688
2016-05-24,26051.869942916193,175.7140350341797
2016-05-25,26303.446526730717,176.90591430664062
2016-05-26,26352.299240433764,176.9566192626953
2016-05-27,26438.171147729154,177.71739196777344
2016-05-31,26416.018974454902,177.37930297851562
2016-06-01,26425.817769315694,177.74281311035156
2016-06-02,26466.49607490672,178.28378295898438
2016-06-03,26351.928546884665,177.75120544433594
2016-06-06,26491.88838089199,178.65565490722656
2016-06-07,26521.99405535259,178.93463134765625
2016-06-08,26604.012285290613,179.5178985595703
2016-06-09,26530.700645785062,179.2727508544922
2016-06-10,26178.357502400788,177.57369995117188
2016-06-13,25964.41233048682,176.20433044433594
2016-06-14,25875.957503191414,175.8577423095703
2016-06-15,25832.98094998242,175.61257934570312
2016-06-16,25929.472826316713,176.1366729736328
2016-06-17,25823.536342428008,175.48072814941406
2016-06-20,25983.845246671328,176.61083984375
2016-06-21,26011.512113892422,177.11215209960938
2016-06-22,25894.200788745275,176.82321166992188
2016-06-23,26320.752551520876,179.1259765625
2016-06-24,25262.548821336735,172.69369506835938
2016-06-27,24801.976286499448,169.6007537841797
2016-06-28,25296.345303592134,172.65969848632812
2016-06-29,25795.270650167236,175.59967041015625
2016-06-30,26051.54900337333,177.99583435058594
2016-07-01,26137.72409248908,178.36973571777344
2016-07-05,25938.973738652065,177.086669921875
2016-07-06,26082.190382019267,178.14877319335938
2016-07-07,26131.279911173617,178.03829956054688
2016-07-08,26589.95114787832,180.6893768310547
2016-07-11,26712.594185004276,181.32667541503906
2016-07-12,26939.709595631095,182.6437225341797
2016-07-13,26903.153639680404,182.61822509765625
2016-07-14,27110.366315878415,183.6378936767578
2016-07-15,27084.752032888005,183.3914794921875
2016-07-18,27214.655351195714,183.88427734375
2016-07-19,27124.119905407526,183.6973419189453
2016-07-20,27326.61864881654,184.46209716796875
2016-07-21,27163.038518605936,183.76528930664062
2016-07-22,27307.156631044974,184.5895538330078
2016-07-25,27299.316905605912,184.08822631835938
2016-07-26,27428.2694507231,184.17320251464844
2016-07-27,27502.034027797657,183.977783203125
2016-07-28,27555.085304011853,184.190185546875
2016-07-29,27602.292144420564,184.48756408691406
2016-08-01,27630.73637151075,184.33460998535156
2016-08-02,27460.05477804293,183.1534881591797
2016-08-03,27525.26747522985,183.68887329101562
2016-08-04,27608.277600111942,183.88427734375
2016-08-05,27809.187576391214,185.38819885253906
2016-08-08,27757.168567648405,185.2777862548828
2016-08-09,27775.17657284899,185.38819885253906
2016-08-10,27637.931291463326,184.92942810058594
2016-08-11,27777.389782630347,185.78756713867188
2016-08-12,27796.21640089834,185.62615966796875
2016-08-15,27907.133488788306,186.16156005859375
2016-08-16,27796.44650323813,185.2013397216797
2016-08-17,27782.324731570432,185.54974365234375
2016-08-18,27806.53970572621,185.966064453125
2016-08-19,27796.52742369264,185.6941375732422
2016-08-22,27793.40188273419,185.68563842773438
2016-08-23,27856.111014335973,186.0594940185547
2016-08-24,27681.57644027231,185.1078643798828
2016-08-25,27673.919061142784,184.98043823242188
2016-08-26,27705.162542586608,184.6320037841797
2016-08-29,27822.10726449657,185.54122924804688
2016-08-30,27769.90376167288,185.23529052734375
2016-08-31,27707.226714616307,184.70852661132812
2016-09-01,27689.18719759049,184.7169952392578
2016-09-02,27733.532508044966,185.54974365234375
2016-09-06,27843.004768937313,186.11045837402344
2016-09-07,27784.452215994283,186.09347534179688
2016-09-08,27758.731756709418,185.6686553955078
2016-09-09,27093.98875569869,181.22474670410156
2016-09-12,27509.33088173861,183.82481384277344
2016-09-13,27129.8404043778,181.1822509765625
2016-09-14,27154.206157991197,181.11424255371094
2016-09-15,27463.43617014233,182.9241485595703
2016-09-16,27427.394718808933,182.2169647216797
2016-09-19,27428.45818896198,182.2511444091797
2016-09-20,27443.53391573311,182.25965881347656
2016-09-21,27676.96186636234,184.30934143066406
2016-09-22,27831.073834421233,185.470703125
2016-09-23,27658.57189948972,184.45443725585938
2016-09-26,27375.206763112386,182.9599609375
2016-09-27,27628.93456083411,184.09576416015625
2016-09-28,27754.27990238158,185.00955200195312
2016-09-29,27534.484948453388,183.3357391357422
2016-09-30,27788.791173771187,184.71920776367188
2016-10-03,27804.727664954124,184.27511596679688
2016-10-04,27737.184312706602,183.3357391357422
2016-10-05,27965.008752047474,184.14703369140625
2016-10-06,27939.886433456966,184.27511596679688
2016-10-07,27847.216326442052,183.6431427001953
2016-10-10,27893.202581826365,184.599609375
2016-10-11,27514.992238483355,182.26820373535156
2016-10-12,27517.65406106513,182.50738525390625
2016-10-13,27405.973897506192,181.90956115722656
2016-10-14,27452.854613140662,182.0034942626953
2016-10-17,27343.239429285695,181.37155151367188
2016-10-18,27702.020253371826,182.50738525390625
2016-10-19,27753.08127257696,182.994140625
2016-10-20,27806.85006772892,182.65255737304688
2016-10-21,27838.47306257603,182.73794555664062
2016-10-24,28025.88564170966,183.51512145996094
2016-10-25,27921.662544907984,182.90023803710938
2016-10-26,27931.765107079304,182.53297424316406
2016-10-27,27928.978384284957,182.0462646484375
2016-10-28,27772.91233144942,181.5081787109375
2016-10-31,27729.905778572294,181.5167236328125
2016-11-01,27496.600513698333,180.2015380859375
2016-11-02,27302.439698245427,179.11700439453125
2016-11-03,27185.485065681834,178.29718017578125
2016-11-04,27134.20122921856,178.1007537841797
2016-11-07,27809.762545019577,182.02906799316406
2016-11-08,27883.482143254154,182.84893798828125
2016-11-09,28219.364428429395,184.7875213623047
2016-11-10,28280.743085153466,185.2487030029297
2016-11-11,28492.572002396213,184.8216552734375
2016-11-14,28388.18804682433,184.9668426513672
2016-11-15,28612.324549176512,186.41009521484375
2016-11-16,28590.229066495704,186.0600128173828
2016-11-17,28725.178288475156,187.0164794921875
2016-11-18,28701.856515201944,186.59800720214844
2016-11-21,28914.244047034965,188.00714111328125
2016-11-22,29026.482728447445,188.3743133544922
2016-11-23,28991.43139381779,188.47679138183594
2016-11-25,29102.68094435481,189.1770782470703
2016-11-28,28915.6568639655,188.28890991210938
2016-11-29,28924.45666775444,188.65614318847656
2016-11-30,28909.91745249721,188.20352172851562
2016-12-01,28707.331518890507,187.51181030273438
2016-12-02,28753.018591661214,187.60569763183594
2016-12-05,28990.413289075736,188.7329864501953
2016-12-06,29131.09833119708,189.33079528808594
2016-12-07,29583.795680807416,191.80735778808594
2016-12-08,29658.499123391575,192.27703857421875
2016-12-09,29824.792582803704,193.43850708007812
2016-12-12,29746.282104950973,193.21649169921875
2016-12-13,30021.43679155395,194.50601196289062
2016-12-14,29915.664406317395,192.9004669189453
2016-12-15,30119.843595705766,193.69468688964844
2016-12-16,30029.973930615666,193.31585693359375
2016-12-19,30122.089045466786,193.73680114746094
2016-12-20,30330.971584971194,194.48419189453125
2016-12-21,30279.405721951498,193.9429931640625
2016-12-22,30206.49043914141,193.60797119140625
2016-12-23,30286.343207901515,193.8914337158203
2016-12-27,30459.886656191356,194.37245178222656
2016-12-28,30124.927886482365,192.76612854003906
2016-12-29,30079.623013776363,192.72315979003906
2016-12-30,29889.492079929623,192.01870727539062
2017-01-03,30162.335737227542,193.48768615722656
2017-01-04,30341.25242548233,194.63877868652344
2017-01-05,30311.835065506923,194.48419189453125
2017-01-06,30488.85370344902,195.17991638183594
2017-01-09,30478.102498406737,194.53567504882812
2017-01-10,30482.994379404543,194.53567504882812
2017-01-11,30557.1586768274,195.08543395996094
2017-01-12,30470.16292088548,194.59584045410156
2017-01-13,30587.0853817048,195.0425262451172
2017-01-17,30368.37499986921,194.35531616210938
2017-01-18,30461.204842428513,194.78480529785156
2017-01-19,30424.24776250657,194.06321716308594
2017-01-20,30450.538497746682,194.77622985839844
2017-01-23,30335.74718744548,194.2693634033203
2017-01-24,30607.460213325612,195.5149688720703
2017-01-25,30894.114245005378,197.20724487304688
2017-01-26,30877.24418439804,197.0011444091797
2017-01-27,30920.81833100563,196.69187927246094
2017-01-30,30719.62805236814,195.47203063964844
2017-01-31,30543.27333900406,195.45481872558594
2017-02-01,30614.11964839007,195.5321807861328
2017-02-02,30615.184800514366,195.6610565185547
2017-02-03,30925.95390687692,197.0097198486328
2017-02-06,30904.586090388813,196.65745544433594
2017-02-07,30960.93277940549,196.66610717773438
2017-02-08,30962.012864667395,196.92381286621094
2017-02-09,31085.943462949544,198.09205627441406
2017-02-10,31179.41903328156,198.87376403808594
2017-02-13,31382.04760376015,199.9561767578125
2017-02-14,31576.520521885985,200.75509643554688
2017-02-15,31786.378455891736,201.80308532714844
2017-02-16,31764.209836271275,201.6313018798828
2017-02-17,31804.42714015555,201.94912719726562
2017-02-21,32050.61226415615,203.15179443359375
2017-02-22,32052.138574433622,202.97140502929688
2017-02-23,31959.32902424672,203.10882568359375
2017-02-24,31994.01334302552,203.3665008544922
2017-02-27,32040.75477446331,203.68434143066406
2017-02-28,31923.18342217567,203.13455200195312
2017-03-01,32440.866315712374,205.97792053222656
2017-03-02,32215.47922265212,204.68084716796875
2017-03-03,32247.753373648004,204.8096466064453
2017-03-06,32176.070354385716,204.19979858398438
2017-03-07,32128.802384119215,203.58985900878906
2017-03-08,32113.831011887363,203.21189880371094
2017-03-09,32168.02158217864,203.46966552734375
2017-03-10,32288.253089712143,204.1826171875
2017-03-13,32301.93455744215,204.2857208251953
2017-03-14,32260.09064356484,203.50396728515625
2017-03-15,32466.271676094948,205.26492309570312
2017-03-16,32498.449549239467,204.86119079589844
2017-03-17,32381.929379711997,204.50140380859375
2017-03-20,32295.09788092552,204.27713012695312
2017-03-21,31796.9005702063,201.654296875
2017-03-22,31905.611837602562,202.12884521484375
2017-03-23,31844.76202362908,201.9131317138672
2017-03-24,31845.299292000924,201.7664794921875
2017-03-27,31838.03944759488,201.5594482421875
2017-03-28,32093.84811366471,203.02613830566406
2017-03-29,32078.41035650911,203.21591186523438
2017-03-30,32240.97609514976,203.86302185058594
2017-03-31,32158.536607882863,203.38845825195312
2017-04-03,32205.510170758713,203.03477478027344
2017-04-04,32194.413532357794,203.16416931152344
2017-04-05,32042.27557005527,202.5602264404297
2017-04-06,32085.733635966462,203.129638671875
2017-04-07,32060.946788970756,202.922607421875
2017-04-10,32073.175220761063,203.0433349609375
2017-04-11,32016.534163485965,202.80177307128906
2017-04-12,31780.882973796637,201.9131317138672
2017-04-13,31562.901227778726,200.60169982910156
2017-04-17,31868.97985308142,202.37901306152344
2017-04-18,31760.846753859052,201.77505493164062
2017-04-19,31671.09633163155,201.4041290283203
2017-04-20,31991.03146111143,203.0433349609375
2017-04-21,31923.81038905822,202.39630126953125
2017-04-24,32339.98187404339,204.6222381591797
2017-04-25,32580.00874282057,205.81288146972656
2017-04-26,32521.202007150798,205.68338012695312
2017-04-27,32588.745816625484,205.85598754882812
2017-04-28,32542.07269634818,205.40733337402344
2017-05-01,32647.045354811067,205.92498779296875
2017-05-02,32694.226254835023,206.00265502929688
2017-05-03,32713.396733931342,205.75245666503906
2017-05-04,32702.556674846663,205.99404907226562
2017-05-05,32780.85478186425,206.8050079345703
2017-05-08,32784.27227138747,206.7705535888672
2017-05-09,32796.186620663844,206.58071899414062
2017-05-10,32990.35581771847,206.95166015625
2017-05-11,32922.03862997125,206.5289306640625
2017-05-12,32956.20761400374,206.18386840820312
2017-05-15,33123.94834235345,207.32266235351562
2017-05-16,33157.37893446818,207.1328887939453
2017-05-17,32393.806812986426,203.45750427246094
2017-05-18,32554.750777793706,204.27713012695312
2017-05-19,32759.228384591144,205.60577392578125
2017-05-22,32922.04003905456,206.64979553222656
2017-05-23,32959.536388851295,207.10696411132812
2017-05-24,33037.19752739755,207.59017944335938
2017-05-25,33223.658484583,208.5823211669922
2017-05-26,33262.87774345174,208.5391845703125
2017-05-30,33260.972078356295,208.35801696777344
2017-05-31,33211.47294785549,208.30624389648438
2017-06-01,33412.863524734494,209.96275329589844
2017-06-02,33605.4615763149,210.66160583496094
2017-06-05,33635.68583782401,210.50628662109375
2017-06-06,33562.32525986492,209.8333282470703
2017-06-07,33675.7214815009,210.22157287597656
2017-06-08,33883.394218341986,210.3251190185547
2017-06-09,33643.38133750888,210.00587463378906
2017-06-12,33571.3483285781,209.96275329589844
2017-06-13,33802.27799574309,210.9894561767578
2017-06-14,33813.12944382869,210.72193908691406
2017-06-15,33723.31971815008,210.3165283203125
2017-06-16,33727.28398307175,210.36241149902344
2017-06-19,34088.881180849115,212.1137237548828
2017-06-20,33904.533405376154,210.68319702148438
2017-06-21,33927.46122750778,210.63121032714844
2017-06-22,33969.96286346104,210.53585815429688
2017-06-23,33964.20399798854,210.7872772216797
2017-06-26,33917.477577987935,210.9259796142578
2017-06-27,33543.942247279156,209.22671508789062
2017-06-28,33918.81304336356,211.09938049316406
2017-06-29,33610.9286489489,209.24404907226562
2017-06-30,33593.13077609198,209.63421630859375
2017-07-03,33617.08478118426,209.98965454101562
2017-07-05,33706.95178946128,210.47515869140625
2017-07-06,33380.14556049524,208.5504913330078
2017-07-07,33656.23866482843,209.90292358398438
2017-07-10,33796.425513261696,210.12838745117188
2017-07-11,33840.87448855639,209.97227478027344
2017-07-12,34130.821355557004,211.55018615722656
2017-07-13,34189.8898989759,211.90565490722656
2017-07-14,34385.686894818245,212.8939666748047
2017-07-17,34313.00955447306,212.86801147460938
2017-07-18,34505.2929490667,212.98069763183594
2017-07-19,34675.74960470598,214.13381958007812
2017-07-20,34628.74582482869,214.2291717529297
2017-07-21,34625.3794061254,214.0383758544922
2017-07-24,34645.19743613687,213.98638916015625
2017-07-25,34775.00761292786,214.50656127929688
2017-07-26,34905.49364290687,214.5152130126953
2017-07-27,34687.39532418503,214.3158416748047
2017-07-28,34714.9066088146,214.06442260742188
2017-07-31,34677.94267525321,213.94308471679688
2017-08-01,34808.963942194,214.41983032226562
2017-08-02,34892.78643431442,214.52392578125
2017-08-03,34883.16036624013,214.10772705078125
2017-08-04,35032.352580321276,214.4979248046875
2017-08-07,35142.242819035804,214.89669799804688
2017-08-08,35082.887022492556,214.3678436279297
2017-08-09,35063.26609716597,214.35919189453125
2017-08-10,34452.215514032585,211.3334503173828
2017-08-11,34484.89596974541,211.6455841064453
2017-08-14,34958.007288437846,213.74362182617188
2017-08-15,34932.73528515468,213.7176513671875
2017-08-16,34957.09096897655,214.0904541015625
2017-08-17,34344.401688994345,210.75254821777344
2017-08-18,34256.97024746985,210.423095703125
2017-08-21,34239.26422525847,210.58782958984375
2017-08-22,34646.97294635857,212.78997802734375
2017-08-23,34589.947399163466,212.02700805664062
2017-08-24,34564.899279891804,211.53285217285156
2017-08-25,34500.423862158095,212.02700805664062
2017-08-28,34555.199283033755,212.0356903076172
2017-08-29,34609.133328054006,212.27847290039062
2017-08-30,34843.473671738255,213.2841033935547
2017-08-31,35058.49281133404,214.5672607421875
2017-09-01,35130.53046191918,214.87071228027344
2017-09-05,34796.61496171629,213.32752990722656
2017-09-06,34917.54511435559,214.05575561523438
2017-09-07,34996.23976369934,214.02975463867188
2017-09-08,34877.497043926676,213.77830505371094
2017-09-11,35413.20066964774,216.05848693847656
2017-09-12,35608.64452767655,216.7867431640625
2017-09-13,35632.93798965451,216.89071655273438
2017-09-14,35662.85978710191,216.8213653564453
2017-09-15,35780.92736070922,217.11325073242188
2017-09-18,35943.88546895271,217.57504272460938
2017-09-19,35990.25628449751,217.7928924560547
2017-09-20,36015.98875623986,217.8712615966797
2017-09-21,35973.32765322451,217.28753662109375
2017-09-22,35954.8678805207,217.33108520507812
2017-09-25,35670.17101758291,216.8867645263672
2017-09-26,35686.18644809237,217.0174102783203
2017-09-27,35906.25482117709,217.86260986328125
2017-09-28,36029.52728050966,218.12396240234375
2017-09-29,36188.1799143749,218.89064025878906
2017-10-02,36342.170569166425,219.84036254882812
2017-10-03,36442.20376303026,220.3108673095703
2017-10-04,36513.861328592546,220.57220458984375
2017-10-05,36838.66684232918,221.87918090820312
2017-10-06,36867.480996041,221.62648010253906
2017-10-09,36780.91979564582,221.2605438232422
2017-10-10,36905.56290352523,221.84432983398438
2017-10-11,36984.25171419269,222.1928253173828
2017-10-12,36893.476860288414,221.8617706298828
2017-10-13,36971.04945808551,222.1317596435547
2017-10-16,37058.95009422792,222.4281005859375
2017-10-17,37075.706646552026,222.58486938476562
2017-10-18,37155.299476225795,222.8026885986328
2017-10-19,37087.907989124586,222.86367797851562
2017-10-20,37268.384171700716,224.01376342773438
2017-10-23,37125.44677517255,223.14254760742188
2017-10-24,37323.98260850256,223.53451538085938
2017-10-25,37086.12280637405,222.4281005859375
2017-10-26,37196.36338731289,222.71554565429688
2017-10-27,37678.79744468711,224.5365447998047
2017-10-30,37596.61888191709,223.70013427734375
2017-10-31,37626.63259256762,224.0486602783203
2017-11-01,37704.68681140109,224.3448028564453
2017-11-02,37678.05828677212,224.43199157714844
2017-11-03,37973.50677200309,225.18136596679688
2017-11-06,38006.067600106886,225.52981567382812
2017-11-07,37950.1342406439,225.37298583984375
2017-11-08,37942.687305330204,225.7563018798828
2017-11-09,37709.94142820989,224.93731689453125
2017-11-10,37667.345115144795,224.86766052246094
2017-11-13,37734.3875094462,225.07672119140625
2017-11-14,37660.86948387809,224.55406188964844
2017-11-15,37481.69328285315,223.43002319335938
2017-11-16,37837.58211764555,225.3294219970703
2017-11-17,37684.3952554133,224.66725158691406
2017-11-20,37787.33370427268,225.0505828857422
2017-11-21,38088.75531189823,226.52310180664062
2017-11-22,38004.158972266385,226.32266235351562
2017-11-24,38161.26840402504,226.84544372558594
2017-11-27,38183.5980313343,226.732177734375
2017-11-28,38567.71629633875,229.03231811523438
2017-11-29,38338.642713331275,228.8928680419922
2017-11-30,38742.33015807082,230.89682006835938
2017-12-01,38623.607493246505,230.41763305664062
2017-12-04,38493.89834666712,230.13893127441406
2017-12-05,38383.77692782772,229.31114196777344
2017-12-06,38375.672370209475,229.3546600341797
2017-12-07,38525.733739956944,230.07791137695312
2017-12-08,38761.13753479789,231.33248901367188
2017-12-11,38895.81711732208,232.0295867919922
2017-12-12,39025.9971210605,232.43905639648438
2017-12-13,38977.75882965008,232.4128875732422
2017-12-14,38829.9083378482,231.46322631835938
2017-12-15,39175.32681247249,233.3906707763672
2017-12-18,39444.51175616881,234.8706512451172
2017-12-19,39301.765158285314,233.96868896484375
2017-12-20,39325.68302143809,233.84605407714844
2017-12-21,39383.641433217934,234.32774353027344
2017-12-22,39334.69083879098,234.2664337158203
2017-12-26,39240.59638105728,233.9861602783203
2017-12-27,39279.867467193646,234.1000518798828
2017-12-28,39401.42423148329,234.5817108154297
2017-12-29,39159.21312303543,233.6971435546875
2018-01-02,39633.050800800105,235.36985778808594
2018-01-03,39943.06640342643,236.85855102539062
2018-01-04,40164.67483202117,237.85691833496094
2018-01-05,40526.82526883996,239.4419708251953
2018-01-08,40659.30185855159,239.87985229492188
2018-01-09,40711.8916637603,240.4228515625
2018-01-10,40723.40044080004,240.05503845214844
2018-01-11,41023.68230966419,241.8064727783203
2018-01-12,41377.070403569734,243.3827667236328
2018-01-16,41343.43350340949,242.55079650878906
2018-01-17,41786.44064676995,244.8627166748047
2018-01-18,41733.05361802545,244.45115661621094
2018-01-19,41898.850810271724,245.56333923339844
2018-01-22,42321.18256927802,247.56002807617188
2018-01-23,42554.515844112175,248.0854034423828
2018-01-24,42487.47274662856,247.98910522460938
2018-01-25,42574.14784569815,248.09414672851562
2018-01-26,43158.36547605188,250.96658325195312
2018-01-29,43009.1927081124,249.30259704589844
2018-01-30,42433.261046119194,246.74557495117188
2018-01-31,42488.11835520496,246.86810302734375
2018-02-01,42407.15057741786,246.58798217773438
2018-02-02,41570.26017716321,241.2197265625
2018-02-05,39693.5770890196,231.13131713867188
2018-02-06,40594.70045650926,235.6851043701172
2018-02-07,40450.2305004218,234.4065399169922
2018-02-08,38731.74124231616,225.61422729492188
2018-02-09,39387.343392634306,229.0032958984375
2018-02-12,39984.86360164663,232.3660888671875
2018-02-13,40124.27461142992,232.94406127929688
2018-02-14,40795.83186145157,236.08795166015625
2018-02-15,41402.75616230178,239.1004180908203
2018-02-16,41377.56975882675,239.1704559326172
2018-02-20,41241.71538172077,237.6729736328125
2018-02-21,41008.298300275965,236.4907989501953
2018-02-22,41068.72824901629,236.7972412109375
2018-02-23,41788.73513481629,240.57167053222656
2018-02-26,42401.589606472015,243.36521911621094
2018-02-27,41947.567762248356,240.326416015625
2018-02-28,41432.446998645806,237.89195251464844
2018-03-01,40741.228018021524,234.43280029296875
2018-03-02,40984.41067460939,235.64125061035156
2018-03-05,41481.239691141855,238.36480712890625
2018-03-06,41593.1205262154,238.96900939941406
2018-03-07,41558.86250431162,238.8814697265625
2018-03-08,41634.99902453336,240.03746032714844
2018-03-09,42492.54434854775,244.21470642089844
2018-03-12,42447.9370541179,243.90818786621094
2018-03-13,42023.1434195447,242.33192443847656
2018-03-14,41803.00325011852,241.0883026123047
2018-03-15,41851.036388787026,240.82557678222656
2018-03-16,41889.29810268179,241.08673095703125
2018-03-19,41158.078129122645,237.8247528076172
2018-03-20,41256.85690774677,238.22923278808594
2018-03-21,41241.96526150227,237.77206420898438
2018-03-22,40071.43084067947,231.8284454345703
2018-03-23,39135.21799364326,226.8870391845703
2018-03-26,40447.66375119537,233.0944366455078
2018-03-27,39389.24739587968,229.1291046142578
2018-03-28,39016.04901752172,228.4520721435547
2018-03-29,39677.44703525047,231.37120056152344
2018-04-02,38686.47006700687,226.37713623046875
2018-04-03,39271.10471387827,229.27859497070312
2018-04-04,39748.95917779018,231.73162841796875
2018-04-05,40139.00478142349,233.56053161621094
2018-04-06,39165.33261203343,228.35537719726562
2018-04-09,39284.49225583376,229.48086547851562
2018-04-10,40173.8445174121,233.129638671875
2018-04-11,39902.76025445057,231.90753173828125
2018-04-12,40366.31664267464,233.81549072265625
2018-04-13,40210.76369871677,233.129638671875
2018-04-16,40385.123976217285,235.04638671875
2018-04-17,40935.74117887019,237.56094360351562
2018-04-18,40943.74498056298,237.73684692382812
2018-04-19,40874.63911686421,236.41798400878906
2018-04-20,40502.68618715649,234.41331481933594
2018-04-23,40321.31946089212,234.37814331054688
2018-04-24,39777.82238987342,231.2217254638672
2018-04-25,39838.947021189655,231.793212890625
2018-04-26,40493.88925261072,234.1496124267578
2018-04-27,40572.946605690646,234.369384765625
2018-04-30,40252.94909231108,232.56700134277344
2018-05-01,40401.40227976625,232.9801483154297
2018-05-02,40209.66499450258,231.41513061523438
2018-05-03,40094.89390325229,230.90521240234375
2018-05-04,40673.59944081151,233.8945770263672
2018-05-07,40986.57401367091,234.6859130859375
2018-05-08,41078.03998622139,234.6859130859375
2018-05-09,41533.610836989596,236.954345703125
2018-05-10,41962.041838797566,239.16993713378906
2018-05-11,42048.02521057637,239.8997802734375
2018-05-14,42123.85074314018,240.0141143798828
2018-05-15,41706.63987335641,238.36111450195312
2018-05-16,41812.58956049511,239.36341857910156
2018-05-17,41713.96246134188,239.1613006591797
2018-05-18,41579.09856866843,238.56326293945312
2018-05-21,42022.075306511164,240.3570098876953
2018-05-22,41873.13362753514,239.6887969970703
2018-05-23,42171.12037092086,240.3481903076172
2018-05-24,42080.79375399478,239.85581970214844
2018-05-25,42058.202965670476,239.28428649902344
2018-05-29,41538.34701231687,236.53228759765625
2018-05-30,42080.46538742897,239.6887969970703
2018-05-31,41865.815543498866,238.22047424316406
2018-06-01,42423.792372417585,240.55923461914062
2018-06-04,42677.143034369794,241.70220947265625
2018-06-05,42660.53761349346,241.8780975341797
2018-06-06,43228.30772643581,243.90042114257812
2018-06-07,43121.188997089426,243.87388610839844
2018-06-08,43123.303202922085,244.5948944091797
2018-06-11,43207.552185350796,244.92018127441406
2018-06-12,43318.790473254645,245.23680114746094
2018-06-13,43197.164993654646,244.45423889160156
2018-06-14,43344.95063958975,245.06973266601562
2018-06-15,43239.75795114844,244.75701904296875
2018-06-18,43229.49043031431,244.25369262695312
2018-06-19,42944.4539239219,243.3174591064453
2018-06-20,43057.83439143562,243.7324981689453
2018-06-21,42717.77673458878,242.2046661376953
2018-06-22,42652.01890642897,242.646240234375
2018-06-25,41883.70027871267,239.3431854248047
2018-06-26,42063.73681249795,239.873046875
2018-06-27,41668.03504332738,237.88587951660156
2018-06-28,41977.562279946214,239.24603271484375
2018-06-29,41929.354727921294,239.59043884277344
2018-07-02,42124.13016193425,240.1026153564453
2018-07-03,41678.90144157227,239.2547607421875
2018-07-05,42091.91627265655,241.20660400390625
2018-07-06,42430.82654545826,243.24679565429688
2018-07-09,42979.26085608505,245.43707275390625
2018-07-10,43185.65015614352,246.3203125
2018-07-11,42871.486019872595,244.51856994628906
2018-07-12,43187.90648455441,246.7354278564453
2018-07-13,43104.868325383424,246.92967224121094
2018-07-16,43163.85014763089,246.70884704589844
2018-07-17,43345.00738712402,247.7068328857422
2018-07-18,43471.74854883345,248.22796630859375
2018-07-19,43234.60242768743,247.2918243408203
2018-07-20,43205.78769119393,247.00917053222656
2018-07-23,43339.775866990596,247.4683837890625
2018-07-24,43596.50845134972,248.7136993408203
2018-07-25,44100.21624564097,250.83334350585938
2018-07-26,43852.139520140896,250.24159240722656
2018-07-27,43499.900108197915,248.54600524902344
2018-07-30,43144.14261570425,247.2476348876953
2018-07-31,43335.54467387967,248.46636962890625
2018-08-01,43239.796308680074,248.0513458251953
2018-08-02,43640.56172511186,249.4026336669922
2018-08-03,43840.67275757653,250.47129821777344
2018-08-06,43970.157749843616,251.38975524902344
2018-08-07,44362.237150215005,252.2200164794922
2018-08-08,44327.24205424566,252.11392211914062
2018-08-09,44136.1970718338,251.76950073242188
2018-08-10,43755.263607558205,250.08262634277344
2018-08-13,43542.12828760469,249.14649963378906
2018-08-14,43732.11358357618,250.73623657226562
2018-08-15,43309.94976841286,248.8638458251953
2018-08-16,43682.91325453872,250.8775634765625
2018-08-17,43636.365420235015,251.76075744628906
2018-08-20,43760.43848087822,252.29934692382812
2018-08-21,44010.17898846677,252.8911590576172
2018-08-22,44172.39538878107,252.74102783203125
2018-08-23,44119.855670089746,252.40541076660156
2018-08-24,44459.27675016462,253.9245147705078
2018-08-27,44883.86077255238,255.9292449951172
2018-08-28,44883.27213739899,256.052978515625
2018-08-29,45085.43233299934,257.43072509765625
2018-08-30,44862.42987947562,256.388671875
2018-08-31,44876.79030916558,256.3973693847656
2018-09-04,44858.52847890774,255.95590209960938
2018-09-05,44555.77087323861,255.2669677734375
2018-09-06,44403.68160231465,254.49862670898438
2018-09-07,44267.561833297164,254.00399780273438
2018-09-10,44520.04522041576,254.44552612304688
2018-09-11,44581.0306833765,255.28468322753906
2018-09-12,44599.963209752124,255.34640502929688
2018-09-13,44833.00481636886,256.8566589355469
2018-09-14,44902.244413412176,256.9008483886719
2018-09-17,44601.19229427833,255.5406951904297
2018-09-18,44910.41074177108,256.92730712890625
2018-09-19,45207.2961428949,257.2011413574219
2018-09-20,45535.67555534327,259.28546142578125
2018-09-21,45514.12448848703,259.04852294921875
2018-09-24,45434.26224543495,258.1880798339844
2018-09-25,45388.59835320857,257.94842529296875
2018-09-26,45244.77511760722,257.1766052246094
2018-09-27,45385.26304363251,257.895263671875
2018-09-28,45218.34155446099,257.9218444824219
2018-10-01,45725.05109079418,258.81793212890625
2018-10-02,45690.645383028175,258.66705322265625
2018-10-03,45741.28095840049,258.80908203125
2018-10-04,45344.57186275133,256.7862548828125
2018-10-05,44916.31613389796,255.34906005859375
2018-10-08,44800.12134233381,255.34906005859375
2018-10-09,44766.389727592636,254.97637939453125
2018-10-10,43143.364722176106,246.9029998779297
2018-10-11,42252.93344441764,241.46456909179688
2018-10-12,42999.221641935306,244.8181915283203
2018-10-15,42672.764950042234,243.44302368164062
2018-10-16,43631.825076480294,248.7660675048828
2018-10-17,43601.0180604562,248.81045532226562
2018-10-18,42790.35842212505,245.2173309326172
2018-10-19,42678.13773142395,245.08424377441406
2018-10-22,42492.13403636581,243.984130859375
2018-10-23,42319.149235452875,242.74212646484375
2018-10-24,40806.156878217356,235.38742065429688
2018-10-25,41783.06620089314,239.6103973388672
2018-10-26,41100.62301952221,235.39625549316406
2018-10-29,40713.56785744555,234.0920867919922
2018-10-30,41329.61479902842,237.5609588623047
2018-10-31,41955.06961683548,240.09835815429688
2018-11-01,42430.95705743196,242.6533966064453
2018-11-02,42081.46675045965,241.21620178222656
2018-11-05,42303.121306603774,242.54698181152344
2018-11-06,42485.00284671446,244.08181762695312
2018-11-07,43483.93884547223,249.30731201171875
2018-11-08,43336.07042259893,248.85484313964844
2018-11-09,42820.94743436761,246.42398071289062
2018-11-12,41704.7346509673,241.81944274902344
2018-11-13,41749.0285274812,241.3669891357422
2018-11-14,41461.3913707118,239.7168426513672
2018-11-15,42091.00814245048,242.21865844726562
2018-11-16,42040.8367438527,242.84866333007812
2018-11-19,41261.997771629,238.740966796875
2018-11-20,40596.59527119434,234.32276916503906
2018-11-21,40568.41545855537,235.12124633789062
2018-11-23,40201.22855478443,233.55093383789062
2018-11-26,40993.128392356586,237.32144165039062
2018-11-27,41190.15513348482,238.1199493408203
2018-11-28,42236.933442020054,243.60275268554688
2018-11-29,42130.04618256675,243.07041931152344
2018-11-30,42653.06888918071,244.55201721191406
2018-12-03,43200.57675620856,247.7902069091797
2018-12-04,41593.85474365574,239.76123046875
2018-12-06,41568.071245780266,239.3974151611328
2018-12-07,40522.719885453975,233.83485412597656
2018-12-10,40699.30919234986,234.2784423828125
2018-12-11,40660.9560465425,234.3316192626953
2018-12-12,40964.727703361845,235.51156616210938
2018-12-13,41091.93147977982,235.43179321289062
2018-12-14,40347.97598881243,231.08457946777344
2018-12-17,39492.73476351274,226.55101013183594
2018-12-18,39617.72270820667,226.30264282226562
2018-12-19,38939.42708571528,222.91358947753906
2018-12-20,38406.297335100906,219.2850341796875
2018-12-21,37602.055935671655,214.79197692871094
2018-12-24,36531.856419002856,209.1165313720703
2018-12-26,38592.74535562863,219.68211364746094
2018-12-27,38880.86207767344,221.3687286376953
2018-12-28,38957.40150250169,221.0831756591797
2018-12-31,39312.63659333472,223.01954650878906
2019-01-02,39345.811330242715,223.25155639648438
2019-01-03,38204.73332533009,217.9241485595703
2019-01-04,39643.05911373695,225.2237091064453
2019-01-07,40045.064739449284,226.99949645996094
2019-01-08,40326.96855679079,229.1322784423828
2019-01-09,40619.61887363046,230.203125
2019-01-10,40828.47280393096,231.01510620117188
2019-01-11,40900.81119616177,231.10440063476562
2019-01-14,40706.612181993085,229.69442749023438
2019-01-15,41168.980426724374,232.32693481445312
2019-01-16,41370.23545389695,232.88912963867188
2019-01-17,41664.95979720651,234.65597534179688
2019-01-18,41999.450439342254,237.7792510986328
2019-01-22,41387.5346169046,234.56675720214844
2019-01-23,41320.74963363406,235.05760192871094
2019-01-24,41521.68678190181,235.18247985839844
2019-01-25,41934.092934579574,237.1724395751953
2019-01-28,41358.22692781188,235.36988830566406
2019-01-29,41228.4983666366,235.05760192871094
2019-01-30,41957.84372642254,238.77871704101562
2019-01-31,42306.53173027672,240.8757781982422
2019-02-01,42398.05930048021,240.99183654785156
2019-02-04,42778.31056804674,242.6872100830078
2019-02-05,43035.20134519571,243.70455932617188
2019-02-06,43051.53250790097,243.38331604003906
2019-02-07,42464.0167743731,241.06314086914062
2019-02-08,42487.06617688976,241.3575897216797
2019-02-11,42507.372646563526,241.49148559570312
2019-02-12,43146.02880144357,244.59689331054688
2019-02-13,43251.002759188676,245.39112854003906
2019-02-14,43189.9925520748,244.8467559814453
2019-02-15,43722.01177834332,247.51492309570312
2019-02-19,43727.531434575096,247.94326782226562
2019-02-20,43887.138797504485,248.44302368164062
2019-02-21,43655.1168292994,247.55955505371094
2019-02-22,43941.58908219587,249.0944366455078
2019-02-25,44112.41002405849,249.43357849121094
2019-02-26,44059.01171857225,249.25515747070312
2019-02-27,44137.06446662573,249.14796447753906
2019-02-28,44035.4646172581,248.68389892578125
2019-03-01,44232.32838836601,250.2366943359375
2019-03-04,44062.56724382484,249.3264923095703
2019-03-05,44018.419792595836,248.98736572265625
2019-03-06,43743.63858405797,247.479248046875
2019-03-07,43334.40809425729,245.40892028808594
2019-03-08,43277.893317882364,244.91819763183594
2019-03-11,43823.32739776111,248.46981811523438
2019-03-12,43847.24223666088,249.40672302246094
2019-03-13,44255.40664440293,251.05764770507812
2019-03-14,44220.451756513175,250.89698791503906
2019-03-15,44517.30231633667,252.13658142089844
2019-03-18,44692.69439599367,253.05081176757812
2019-03-19,44751.284782913935,253.113525390625
2019-03-20,44615.047561787615,252.35166931152344
2019-03-21,45063.91831465046,255.20199584960938
2019-03-22,44082.60056336743,250.29026794433594
2019-03-25,44062.20517106842,250.1020050048828
2019-03-26,44426.445521634436,251.96621704101562
2019-03-27,44207.58381035046,250.64874267578125
2019-03-28,44374.56076562668,251.59881591796875
2019-03-29,44686.85807306253,253.18524169921875
2019-04-01,45376.557626041526,256.18780517578125
2019-04-02,45395.555171203676,256.3133239746094
2019-04-03,45556.34055623112,256.71661376953125
2019-04-04,45560.18070044535,257.3978271484375
2019-04-05,45746.34177906043,258.6436767578125
2019-04-08,45741.48384286307,258.8408508300781
2019-04-09,45441.312613444075,257.5143127441406
2019-04-10,45579.412064758544,258.39276123046875
2019-04-11,45520.156044660944,258.321044921875
2019-04-12,45797.134402699936,260.0687561035156
2019-04-15,45725.4871233473,259.8984680175781
2019-04-16,46117.39694589438,260.0687561035156
2019-04-17,46233.42189023042,259.4324951171875
2019-04-18,46311.469814182514,259.94329833984375
2019-04-22,46396.491416310404,260.1674499511719
2019-04-23,46815.74328513912,262.5067138671875
2019-04-24,46704.28360683297,261.9241638183594
2019-04-25,46527.5271504039,261.7627258300781
2019-04-26,46549.740621886136,262.9818115234375
2019-04-29,46651.03458997074,263.3940124511719
2019-04-30,46658.222231009044,263.52850341796875
2019-05-01,46318.06284699395,261.54766845703125
2019-05-02,46313.21780566364,260.98309326171875
2019-05-03,46785.111324531776,263.53741455078125
2019-05-06,46559.480619775444,262.4529113769531
2019-05-07,45654.68890886947,258.070068359375
2019-05-08,45507.782834462014,257.71148681640625
2019-05-09,45290.39038981786,256.93170166015625
2019-05-10,45434.90396533278,258.2223815917969
2019-05-13,44178.23299957026,251.7332763671875
2019-05-14,44590.646895578204,254.00985717773438
2019-05-15,44890.825742579866,255.49771118164062
2019-05-16,45183.29848247116,257.8639221191406
2019-05-17,44804.480920376984,256.19677734375
2019-05-20,44390.24656602706,254.50286865234375
2019-05-21,44813.37246334297,256.7974853515625
2019-05-22,44318.057867052885,256.00860595703125
2019-05-23,43719.26748753909,252.8805694580078
2019-05-24,43750.161236966946,253.4542236328125
2019-05-28,43357.48923312285,251.09689331054688
2019-05-29,43185.85734750419,249.41183471679688
2019-05-30,43269.40333194678,250.09295654296875
2019-05-31,42672.494821812266,246.72291564941406
2019-06-03,42454.3584046278,246.09559631347656
2019-06-04,43547.73464436158,251.4375
2019-06-05,43789.21877480587,253.61541748046875
2019-06-06,44146.63391696946,255.2646484375
2019-06-07,44601.68886584776,257.819091796875
2019-06-10,44896.3680286299,259.0021667480469
2019-06-11,44997.42148560327,258.9394836425781
2019-06-12,44771.69483020121,258.48236083984375
2019-06-13,44946.32802991909,259.5489501953125
2019-06-14,44793.5417534913,259.26220703125
2019-06-17,44924.41375484397,259.3606872558594
2019-06-18,45568.38540419639,262.0765380859375
2019-06-19,45635.03655110044,262.66802978515625
2019-06-20,46128.30185128198,265.1775817871094
2019-06-21,46109.06821344095,264.7922058105469
2019-06-24,46068.08372872369,264.4679870605469
2019-06-25,45567.75413394562,261.87408447265625
2019-06-26,45799.70108904971,261.6128845214844
2019-06-27,45964.96441491488,262.54058837890625
2019-06-28,46186.522564509054,263.89154052734375
2019-07-01,46659.32858745721,266.2872314453125
2019-07-02,46709.5224767838,266.9808654785156
2019-07-03,47023.523589892015,269.1152648925781
2019-07-05,46950.17712852829,268.8091125488281
2019-07-08,46708.33498514834,267.33203125
2019-07-09,46851.62089384853,267.665283203125
2019-07-10,47031.76020902248,268.94415283203125
2019-07-11,47211.72483240739,269.5747375488281
2019-07-12,47524.66906624908,270.7815856933594
2019-07-15,47542.26976088834,270.87164306640625
2019-07-16,47321.29117922195,269.9980163574219
2019-07-17,47148.92137691546,268.1605529785156
2019-07-18,47245.80136098214,269.1423645019531
2019-07-19,46999.01127104765,267.6472473144531
2019-07-22,47194.508984804146,268.3047180175781
2019-07-23,47473.10383429473,270.2232360839844
2019-07-24,47843.22605464263,271.4930725097656
2019-07-25,47434.02584753874,270.1961975097656
2019-07-26,47774.341463475816,272.0065002441406
2019-07-29,47745.29266573424,271.5110168457031
2019-07-30,47673.21572659267,270.8446044921875
2019-07-31,47125.03020446401,267.88134765625
2019-08-01,46575.53824660087,265.54876708984375
2019-08-02,46286.42961838426,263.5492858886719
2019-08-05,44782.81470834296,255.62355041503906
2019-08-06,45317.80927636257,259.2080993652344
2019-08-07,45309.13179749859,259.3612365722656
2019-08-08,46128.71437803054,264.4498596191406
2019-08-09,45859.59677251918,262.6485290527344
2019-08-12,45313.37686624114,259.4513854980469
2019-08-13,46040.736235239376,263.4862365722656
2019-08-14,44629.064264776294,255.69569396972656
2019-08-15,44631.24991075552,256.37109375
2019-08-16,45347.67578186484,260.1537780761719
2019-08-19,45976.50043599316,263.2881164550781
2019-08-20,45600.474769979715,261.2707214355469
2019-08-21,46029.773377862155,263.3961181640625
2019-08-22,45999.05130288389,263.31512451171875
2019-08-23,44736.307417141,256.5511779785156
2019-08-26,45251.12602041629,259.38818359375
2019-08-27,45139.98273229383,258.3704833984375
2019-08-28,45464.18806729151,260.18994140625
2019-08-29,46154.8697638409,263.5132141113281
2019-08-30,46251.79724093478,263.3961181640625
2019-09-03,45781.08805055547,261.8560791015625
2019-09-04,46330.87912519215,264.8282165527344
2019-09-05,47106.15630596963,268.23272705078125
2019-09-06,47061.68272359125,268.4398498535156
2019-09-09,47204.21160390366,268.57501220703125
2019-09-10,47226.223851612165,268.5119323730469
2019-09-11,47604.076786780744,270.4212951660156
2019-09-12,47627.734882115954,271.35797119140625
2019-09-13,47623.731125149694,271.1778259277344
2019-09-16,47426.45687911343,270.3402099609375
2019-09-17,47541.3280034183,271.0247497558594
2019-09-18,47538.49579408628,271.1868896484375
2019-09-19,47507.81748696558,271.1687927246094
2019-09-20,47223.04236303051,269.88763427734375
2019-09-23,47228.30771432089,269.8242492675781
2019-09-24,46697.59356414222,267.70703125
2019-09-25,47072.314402673284,269.2903747558594
2019-09-26,46981.809838523055,268.7294616699219
2019-09-27,46859.49095742553,267.28167724609375
2019-09-30,47024.17242509855,268.5213317871094
2019-10-01,46496.435282561564,265.3273010253906
2019-10-02,45636.52602717965,260.6404724121094
2019-10-03,46016.84259985102,262.77581787109375
2019-10-04,46657.322699648954,266.33172607421875
2019-10-07,46540.570430329266,265.1825256347656
2019-10-08,45810.751784036765,261.0657043457031
2019-10-09,46262.43397362235,263.54473876953125
2019-10-10,46597.751501139166,265.3273010253906
2019-10-11,47167.57858873275,268.0780029296875
2019-10-14,47142.57585915991,267.7793884277344
2019-10-15,47709.73237093052,270.4305114746094
2019-10-16,47627.96741629386,269.9961853027344
2019-10-17,47790.18939177556,270.79241943359375
2019-10-18,47422.07302226682,269.6070556640625
2019-10-21,47802.236614510555,271.434814453125
2019-10-22,47568.069500212514,270.5481262207031
2019-10-23,47486.75130757544,271.3353271484375
2019-10-24,47741.270401199465,271.77874755859375
2019-10-25,48267.44815299519,272.89154052734375
2019-10-28,48625.633543545264,274.42974853515625
2019-10-29,48464.65403850983,274.34832763671875
2019-10-30,48646.55260752945,275.18988037109375
2019-10-31,48502.32872676301,274.4568786621094
2019-11-01,48986.63584426576,276.99951171875
2019-11-04,49362.03553893867,278.1123046875
2019-11-05,49381.30045447551,277.8047180175781
2019-11-06,49497.99253774592,277.8680419921875
2019-11-07,49888.94081804983,278.84521484375
2019-11-08,50061.65876033649,279.5329895019531
2019-11-11,49940.194140170854,278.99908447265625
2019-11-12,50017.8786100479,279.58721923828125
2019-11-13,49871.4093502601,279.67767333984375
2019-11-14,49856.85495189297,280.0847473144531
2019-11-15,50234.02892905519,282.1116638183594
2019-11-18,50258.181775441524,282.3197326660156
2019-11-19,50230.455128687456,282.2383117675781
2019-11-20,50041.34670800214,281.1886901855469
2019-11-21,50057.01439569581,280.7362060546875
2019-11-22,50088.954696550114,281.3606872558594
2019-11-25,50525.181948925216,283.541259765625
2019-11-26,50503.638174568405,284.18365478515625
2019-11-27,50694.74051775107,285.4504089355469
2019-11-29,50499.54604812857,284.3917236328125
2019-12-02,50020.11222702582,281.97601318359375
2019-12-03,49573.85118251055,280.0847473144531
2019-12-04,49872.944185887834,281.8129577636719
2019-12-05,49938.3923977964,282.3197326660156
2019-12-06,50491.23328672103,284.8984375
2019-12-09,50409.34520613686,284.00274658203125
2019-12-10,50416.68281827932,283.68603515625
2019-12-11,50606.11566562309,284.4912414550781
2019-12-12,51129.40850974495,286.943359375
2019-12-13,51049.72639566993,287.1152038574219
2019-12-16,51466.36436142139,289.0877685546875
2019-12-17,51605.740442154754,289.1510314941406
2019-12-18,51647.54596582523,289.1692199707031
2019-12-19,51967.49572581396,290.3544921875
2019-12-20,52097.11597134876,291.6274108886719
2019-12-23,52218.51307825044,292.07293701171875
2019-12-24,52224.96921886289,292.0821228027344
2019-12-26,52494.760675117504,293.63690185546875
2019-12-27,52466.03673489959,293.56402587890625
2019-12-30,52070.662833425326,291.94561767578125
2019-12-31,52220.48618134916,292.65484619140625
2020-01-02,52838.93794927502,295.3917236328125
2020-01-03,52446.26361840479,293.1550598144531
2020-01-06,52661.466462565295,294.2734069824219
2020-01-07,52625.379042183005,293.4460144042969
2020-01-08,52964.15116821052,295.0098571777344
2020-01-09,53317.370452224946,297.0102844238281
2020-01-10,53091.594548334266,296.1554260253906
2020-01-13,53647.68493449321,298.19232177734375
2020-01-14,53653.86709451357,297.7376403808594
2020-01-15,53611.23825817004,298.4104919433594
2020-01-16,54007.976882414274,300.892822265625
2020-01-17,54214.642980059034,301.8293151855469
2020-01-21,54181.504427146894,301.2382507324219
2020-01-22,54350.81384808001,301.2747802734375
2020-01-23,54529.374561139964,301.6201171875
2020-01-24,54130.858595200116,298.93780517578125
2020-01-27,53127.153353417576,294.1461181640625
2020-01-28,53741.13536475501,297.2284240722656
2020-01-29,53871.144553360355,296.98291015625
2020-01-30,54196.65341717389,297.94677734375
2020-01-31,53121.013346845044,292.5367126464844
2020-02-03,53969.484451257675,294.70977783203125
2020-02-04,55122.24418475221,299.2015075683594
2020-02-05,55393.96929075847,302.6567687988281
2020-02-06,55595.36292967674,303.67510986328125
2020-02-07,55222.431835710086,302.05670166015625
2020-02-10,55663.86338739208,304.3116760253906
2020-02-11,55868.247395494494,304.8389892578125
2020-02-12,56307.38421071869,306.802978515625
2020-02-13,56312.66610621551,306.4756164550781
2020-02-14,56419.1955902911,306.9667053222656
2020-02-18,56500.76858706493,306.175537109375
2020-02-19,57090.730793060924,307.6395263671875
2020-02-20,56790.28392276224,306.3756103515625
2020-02-21,56094.25204801351,303.22052001953125
2020-02-24,53858.84818225444,293.1640930175781
2020-02-25,52033.675966742674,284.2806091308594
2020-02-26,51773.181037330774,283.23504638671875
2020-02-27,49154.16439213236,270.5143737792969
2020-02-28,48848.66481617206,269.3778076171875
2020-03-02,51305.28673933968,281.0436096191406
2020-03-03,49789.8681766501,272.9966735839844
2020-03-04,51874.568287192495,284.4715270996094
2020-03-05,50044.47235976236,275.01513671875
2020-03-06,49206.74521272829,270.46893310546875
2020-03-09,45266.791216720696,249.3467559814453
2020-03-10,47774.13444865114,262.2491455078125
2020-03-11,45400.66508902293,249.4650421142578
2020-03-12,40854.93533751051,225.5968780517578
2020-03-13,44949.520838222874,244.88229370117188
2020-03-16,39093.3889745183,218.0863800048828
2020-03-17,41471.74329656412,229.86129760742188
2020-03-18,39349.26987655457,218.2227783203125
2020-03-19,39940.79162361028,218.68646240234375
2020-03-20,38292.73733289965,209.2623748779297
2020-03-23,37515.24180103555,203.91192626953125
2020-03-24,41226.99297679517,222.386962890625
2020-03-25,41610.72718881867,225.71617126464844
2020-03-26,44175.867034829134,238.8957061767578
2020-03-27,42715.09912710453,231.78001403808594
2020-03-30,43958.90104202066,239.3071746826172
2020-03-31,43295.37560397089,235.7402801513672
2020-04-01,41383.495461064864,225.1307830810547
2020-04-02,42517.74789748512,230.32574462890625
2020-04-03,41743.50594977469,226.9966278076172
2020-04-06,44731.87127936923,242.24310302734375
2020-04-07,44650.343711491056,242.4900665283203
2020-04-08,46087.343601353954,250.63003540039062
2020-04-09,46471.916558523415,254.44400024414062
2020-04-13,46440.67324706444,252.12088012695312
2020-04-14,47757.64130122056,259.5566711425781
2020-04-15,46825.816394249414,254.0415496826172
2020-04-16,47166.56173091294,255.26715087890625
2020-04-17,48344.19593703034,262.1631774902344
2020-04-20,47561.80854164662,257.5445861816406
2020-04-21,46037.45540632017,249.72457885742188
2020-04-22,47162.11901415617,255.26715087890625
2020-04-23,47115.187421630835,255.24884033203125
2020-04-24,47749.85980562655,258.80670166015625
2020-04-27,48613.806839621444,262.5383605957031
2020-04-28,48245.17084597074,261.3310546875
2020-04-29,49580.86309782855,268.1722717285156
2020-04-30,49121.95430154342,265.6753234863281
2020-05-01,47581.37627235618,258.64215087890625
2020-05-04,47912.745010149454,259.3554382324219
2020-05-05,48364.185504741414,261.751708984375
2020-05-06,48185.83952097546,259.9774475097656
2020-05-07,48701.882820754974,263.1145324707031
2020-05-08,49545.676705053185,267.4680480957031
2020-05-11,49529.48857987352,267.5228271484375
2020-05-12,48435.87908351506,262.1907653808594
2020-05-13,47673.014557599665,257.5536804199219
2020-05-14,48468.052535098126,260.6358337402344
2020-05-15,48557.49119330865,261.8340759277344
2020-05-18,50071.27235454428,269.8094177246094
2020-05-19,49459.09368750455,267.0381774902344
2020-05-20,50355.00349035224,271.57452392578125
2020-05-21,50007.187758805405,269.69964599609375
2020-05-22,50124.83094816881,270.2117614746094
2020-05-26,50712.34616444418,273.541015625
2020-05-27,51602.58507029069,277.61102294921875
2020-05-28,51180.32879584502,277.09893798828125
2020-05-29,51502.77617166488,278.3335266113281
2020-06-01,51792.325849243796,279.45849609375
2020-06-02,52327.975212053454,281.7724914550781
2020-06-03,52962.34756985177,285.5223388671875
2020-06-04,52913.44319890757,284.7723693847656
2020-06-05,54267.91122090615,292.071044921875
2020-06-08,55098.409193066145,295.6014404296875
2020-06-09,54746.29778313184,293.397216796875
2020-06-10,54604.09295004877,291.76007080078125
2020-06-11,51317.14427033903,274.9403076171875
2020-06-12,51899.67913880249,278.23297119140625
2020-06-15,52525.883314672275,280.8303527832031
2020-06-16,53608.064040298035,286.23565673828125
2020-06-17,53452.62030346366,285.0467834472656
2020-06-18,53535.93634513219,285.15655517578125
2020-06-19,53289.7390119464,283.52685546875
2020-06-22,53582.725466639386,285.34576416015625
2020-06-23,53839.03444671652,286.659423828125
2020-06-24,52442.68938102083,279.3471374511719
2020-06-25,53187.312446034084,282.341796875
2020-06-26,51689.544464218576,275.6358337402344
2020-06-29,52553.97771764323,279.6870422363281
2020-06-30,53474.191126386795,283.2696228027344
2020-07-01,53876.61384340227,285.25390625
2020-07-02,54247.22216762637,286.82476806640625
2020-07-06,55322.94717026892,291.2525634765625
2020-07-07,54788.64909204886,288.24859619140625
2020-07-08,55200.62467285208,290.45330810546875
2020-07-09,55021.74657305107,288.79986572265625
2020-07-10,55874.67214639089,291.7486267089844
2020-07-13,55336.627037905586,289.22247314453125
2020-07-14,56134.95649595585,292.9704895019531
2020-07-15,56537.73565433968,295.6619873046875
2020-07-16,56267.952481747336,294.6883239746094
2020-07-17,56287.885518879906,295.54254150390625
2020-07-20,56899.950690499456,297.93109130859375
2020-07-21,56865.809625691996,298.56488037109375
2020-07-22,57028.50225284473,300.2643737792969
2020-07-23,56203.6718993013,296.6817321777344
2020-07-24,55474.949227764446,294.77093505859375
2020-07-27,56065.52578893994,296.9205627441406
2020-07-28,55705.84001847293,295.03741455078125
2020-07-29,56152.408694567974,298.6659240722656
2020-07-30,56108.804396061074,297.6003112792969
2020-07-31,56141.68228445842,299.9520263671875
2020-08-03,56674.82679439134,302.037353515625
2020-08-04,57027.537798737474,303.2039794921875
2020-08-05,57427.82925254102,305.0872497558594
2020-08-06,57779.71311769683,307.1265563964844
2020-08-07,57841.56392671111,307.34716796875
2020-08-10,57967.92722882218,308.26568603515625
2020-08-11,57559.565747524204,305.7210693359375
2020-08-12,58689.359892089225,309.9835510253906
2020-08-13,58452.174115277434,309.4230651855469
2020-08-14,58542.414415997344,309.4322814941406
2020-08-17,58944.66829924185,310.415283203125
2020-08-18,59031.03055993301,311.0859069824219
2020-08-19,58838.932036815364,309.7906494140625
2020-08-20,59081.94967611936,310.75518798828125
2020-08-21,59427.890933160255,311.8575744628906
2020-08-24,60008.74762427054,315.01763916015625
2020-08-25,60292.70634158239,316.1199951171875
2020-08-26,61045.48927371975,319.2892150878906
2020-08-27,61346.073090754166,319.9874572753906
2020-08-28,61812.82339488774,322.0543518066406
2020-08-31,61966.437189553995,320.8876037597656
2020-09-01,62332.08393669921,323.9099426269531
2020-09-02,63212.04197710643,328.594970703125
2020-09-03,60704.4821503016,317.28668212890625
2020-09-04,60383.48829848745,314.69610595703125
2020-09-08,58113.90634518948,306.0976867675781
2020-09-09,59475.50462758137,312.142333984375
2020-09-10,58441.59486606539,306.722412109375
2020-09-11,58572.32619956074,306.8785705566406
2020-09-14,59610.95226679517,310.92059326171875
2020-09-15,60185.37796259322,312.4914855957031
2020-09-16,59966.148031673096,311.251220703125
2020-09-17,59492.444089545475,308.5137634277344
2020-09-18,59012.322607229886,304.9618835449219
2020-09-21,58541.52271171484,301.5677795410156
2020-09-22,58784.18486717622,304.6390686035156
2020-09-23,57126.262587665384,297.57415771484375
2020-09-24,57411.56998404677,298.3673400878906
2020-09-25,58386.709069356795,303.1911315917969
2020-09-28,59381.050210524576,308.226806640625
2020-09-29,59169.29860366412,306.5482177734375
2020-09-30,59900.368921662324,308.87249755859375
2020-10-01,60498.796257861155,310.85546875
2020-10-02,59682.21024802615,307.904052734375
2020-10-05,60827.66978116621,313.36407470703125
2020-10-06,60036.68425756582,308.9093322753906
2020-10-07,61216.850565007255,314.2864074707031
2020-10-08,61691.231965959276,317.07177734375
2020-10-09,62255.01341148821,319.9033203125
2020-10-12,63149.87027237756,325.0498046875
2020-10-13,62891.63965835746,322.928466796875
2020-10-14,62520.648342865556,320.8994140625
2020-10-15,62367.38510527043,320.5027770996094
2020-10-16,62490.906264880534,320.3091735839844
2020-10-19,61533.540891942335,315.4394226074219
2020-10-20,61805.755439016786,316.7029724121094
2020-10-21,61360.22932602741,316.10333251953125
2020-10-22,61721.029174345786,317.8373107910156
2020-10-23,61654.32033296222,318.91650390625
2020-10-26,60458.86904598631,313.02288818359375
2020-10-27,60110.151466518124,311.9437561035156
2020-10-28,58064.86273877853,301.2818908691406
2020-10-29,58771.42646700799,304.34393310546875
2020-10-30,58006.193516637286,301.1712341308594
2020-11-02,58783.883421733226,304.54681396484375
2020-11-03,59919.05334955062,309.9238586425781
2020-11-04,61334.15953652133,316.8504333496094
2020-11-05,62652.31799555305,323.0299377441406
2020-11-06,62561.013328508845,322.9562072753906
2020-11-09,62986.44482531124,327.0142822265625
2020-11-10,62983.53634374683,326.5346984863281
2020-11-11,63620.581614088755,328.96038818359375
2020-11-12,62973.504875991246,325.7691650390625
2020-11-13,63724.10608124339,330.2793273925781
2020-11-16,64542.29095491952,334.4020080566406
2020-11-17,64315.10101702487,332.6034851074219
2020-11-18,63755.361054761386,328.6007080078125
2020-11-19,64063.773545029275,329.9841003417969
2020-11-20,63591.927644630705,327.7245178222656
2020-11-23,64175.492258267375,329.6889953613281
2020-11-24,65419.956813320045,335.0014953613281
2020-11-25,65444.275860012254,334.4850769042969
2020-11-27,65700.67502319103,335.41656494140625
2020-11-30,65323.68723945584,333.9316711425781
2020-12-01,66074.03604775917,337.5839538574219
2020-12-02,66307.31097978492,338.294189453125
2020-12-03,66229.32443502735,338.2019348144531
2020-12-04,66898.08908952343,341.116455078125
2020-12-07,67010.9121389689,340.41552734375
2020-12-08,67151.35600738217,341.4116516113281
2020-12-09,66755.96747437157,338.3494873046875
2020-12-10,66737.79965118326,338.2388610839844
2020-12-11,66332.04976756453,337.8421936035156
2020-12-14,66294.87382721926,336.32965087890625
2020-12-15,67062.58754749151,340.8765869140625
2020-12-16,67146.53087678982,341.4116516113281
2020-12-17,67574.40119039656,343.3208312988281
2020-12-18,67448.6550513145,341.94989013671875
2020-12-21,67167.70416565215,340.7273254394531
2020-12-22,66737.43690871661,340.153076171875
2020-12-23,66857.50095265586,340.4586181640625
2020-12-24,67109.3277363772,341.7832336425781
2020-12-28,67586.08818081024,344.7194519042969
2020-12-29,67558.77091222836,344.0618591308594
2020-12-30,67769.11692815588,344.5526123046875
2020-12-31,68326.74902231022,346.30322265625
2021-01-04,67579.047811334,341.5887145996094
2021-01-05,68030.73892702172,343.9413146972656
2021-01-06,68599.08434890668,345.99761962890625
2021-01-07,69581.44721402692,351.1382141113281
2021-01-08,69913.0239329756,353.138916015625
2021-01-11,69814.57322653128,350.7585144042969
2021-01-12,70025.47672173684,350.8326110839844
2021-01-13,70357.47682159017,351.77740478515625
2021-01-14,70123.24712367865,350.54541015625
2021-01-15,69424.83972099502,347.9889831542969
2021-01-19,70040.61605754135,350.7215270996094
2021-01-20,70967.87144824024,355.5748596191406
2021-01-21,71057.00663550553,355.899169921875
2021-01-22,70661.3745250148,354.6394348144531
2021-01-25,70840.28594650472,356.0381164550781
2021-01-26,70799.15688606851,355.4822998046875
2021-01-27,68917.21419862795,346.7941589355469
2021-01-28,69597.85182200934,349.7767333984375
2021-01-29,68360.3084592784,342.77435302734375
2021-02-01,69217.41948927358,348.47991943359375
2021-02-02,70361.07831314861,353.40753173828125
2021-02-03,70359.77466473347,353.6854553222656
2021-02-04,71040.89515873323,357.70526123046875
2021-02-05,71194.73772043124,359.1131896972656
2021-02-08,71868.693691569,361.7066650390625
2021-02-09,71744.0313088102,361.4658203125
2021-02-10,71722.54276746266,361.308349609375
2021-02-11,71841.43065611577,361.8919677734375
2021-02-12,72193.82036049453,363.6795654296875
2021-02-16,72322.29491927235,363.3646545410156
2021-02-17,72288.0176709632,363.4479675292969
2021-02-18,71786.92526067523,361.9011535644531
2021-02-19,71835.06488862063,361.2620849609375
2021-02-22,71477.08276623314,358.48333740234375
2021-02-23,71565.1064993221,358.918701171875
2021-02-24,72592.16665279795,362.8736877441406
2021-02-25,70863.19659311953,354.1300048828125
2021-02-26,70463.7416503729,352.3052978515625
2021-03-01,72175.49993846581,360.84527587890625
2021-03-02,71578.681193109,358.02947998046875
2021-03-03,70832.1054096065,353.2871398925781
2021-03-04,69922.98353446851,348.915283203125
2021-03-05,71329.42713167604,355.3341979980469
2021-03-08,71042.49372617289,353.56494140625
2021-03-09,72147.10878948958,358.613037109375
2021-03-10,72558.89479098885,360.84527587890625
2021-03-11,73020.78919568156,364.5039367675781
2021-03-12,73260.7833240322,364.994873046875
2021-03-15,73534.92426949422,367.17156982421875
2021-03-16,73516.54079925477,366.7082824707031
2021-03-17,73817.54372956841,367.9588317871094
2021-03-18,72835.32367451946,362.60516357421875
2021-03-19,72849.83757030028,361.9342041015625
2021-03-22,73318.76395202246,364.82427978515625
2021-03-23,72698.32788989393,361.9527587890625
2021-03-24,72254.48008309111,360.1128234863281
2021-03-25,72777.03056391726,362.1386413574219
2021-03-26,74158.18988136605,367.9744873046875
2021-03-29,74142.07553459548,367.7887268066406
2021-03-30,73950.53521688719,366.81298828125
2021-03-31,74238.52176722542,368.2997131347656
2021-04-01,75117.8496945423,372.2769775390625
2021-04-05,76140.97538031996,377.6203308105469
2021-04-06,75917.79889793094,377.3973388671875
2021-04-07,76096.89146650153,377.8341369628906
2021-04-08,76439.63190931462,379.6275329589844
2021-04-09,77014.34689377873,382.38751220703125
2021-04-12,77032.48731276164,382.5269775390625
2021-04-13,77187.68014802855,383.6606750488281
2021-04-14,77052.35136935642,382.350341796875
2021-04-15,77876.18812967524,386.4577331542969
2021-04-16,78144.79695131996,387.7494812011719
2021-04-19,77623.0896862921,385.844482421875
2021-04-20,76873.21550153506,383.01947021484375
2021-04-21,77389.10046897813,386.6435852050781
2021-04-22,76508.01119463122,383.1123962402344
2021-04-23,77101.5690932394,387.26629638671875
2021-04-26,77276.0222087133,388.07470703125
2021-04-27,77348.30192202178,387.9910583496094
2021-04-28,77202.190656166,387.8795471191406
2021-04-29,77969.36199449297,390.35137939453125
2021-04-30,77381.62618406967,387.78668212890625
2021-05-03,77729.05616117954,388.6230163574219
2021-05-04,77515.93612024606,386.2253723144531
2021-05-05,77840.94060377538,386.34625244140625
2021-05-06,78609.26114925466,389.431396484375
2021-05-07,79191.12106276448,392.2657165527344
2021-05-10,78279.98329672583,388.38140869140625
2021-05-11,77488.12062391468,384.9151916503906
2021-05-12,75891.1115398032,376.737548828125
2021-05-13,76792.70274582654,381.2631530761719
2021-05-14,77943.2249565714,387.1175842285156
2021-05-17,77832.50410167647,386.13250732421875
2021-05-18,77157.21855550303,382.80572509765625
2021-05-19,76953.28147669089,381.8021240234375
2021-05-20,77636.73203211727,385.9095458984375
2021-05-21,77796.92561460364,385.5935363769531
2021-05-24,78503.89160645766,389.5244140625
2021-05-25,78256.18596262042,388.6600341796875
2021-05-26,78389.7218440224,389.431396484375
2021-05-27,78714.98726588638,389.63592529296875
2021-05-28,78797.44405870987,390.3327941894531
2021-06-01,78775.80943659623,389.98907470703125
2021-06-02,79048.03468437583,390.6023254394531
2021-06-03,78839.17623841166,389.15264892578125
2021-06-04,79479.73130454503,392.71173095703125
2021-06-07,79609.02358581898,392.33074951171875
2021-06-08,79496.2465102539,392.41436767578125
2021-06-09,79101.39239832961,391.8289794921875
2021-06-10,79227.32921853404,393.6502990722656
2021-06-11,79325.98542896639,394.3009033203125
2021-06-14,79362.344587454,395.18365478515625
2021-06-15,79114.49072643675,394.4588317871094
2021-06-16,78446.78364700574,392.2563781738281
2021-06-17,78225.29691385444,392.1263427734375
2021-06-18,77144.42316261183,386.8363342285156
2021-06-21,78347.71249940348,392.3742980957031
2021-06-22,78764.62078768735,394.4720764160156
2021-06-23,78733.08740349709,393.99658203125
2021-06-24,79562.35590540511,396.3274230957031
2021-06-25,79744.3563275021,397.7351989746094
2021-06-28,79936.4150084583,398.5369873046875
2021-06-29,79893.28065856606,398.7513427734375
2021-06-30,80173.30568719502,399.0870361328125
2021-07-01,80664.30766403262,401.2966003417969
2021-07-02,81124.70378326128,404.3639221191406
2021-07-06,80679.25108988796,403.62738037109375
2021-07-07,80735.79949964862,405.0538330078125
2021-07-08,80127.46473637989,401.7535095214844
2021-07-09,81166.35984683006,406.0421447753906
2021-07-12,81543.7889096176,407.4964599609375
2021-07-13,81143.32637697477,406.1073913574219
2021-07-14,81073.32427525223,406.7132873535156
2021-07-15,80837.95374222532,405.32415771484375
2021-07-16,80046.93431375053,402.14501953125
2021-07-19,78718.88154326173,396.2061767578125
2021-07-20,79931.2189820575,401.884033203125
2021-07-21,80794.22233866042,405.1377258300781
2021-07-22,80628.20030567888,405.9861755371094
2021-07-23,81222.09795332568,410.1629333496094
2021-07-26,81514.85865727688,411.1697998046875
2021-07-27,80999.81211485433,409.2958679199219
2021-07-28,81034.45633418052,409.1280822753906
2021-07-29,81548.41745625866,410.8248596191406
2021-07-30,80936.51373408514,408.8296813964844
2021-08-02,80735.03125300694,407.9720153808594
2021-08-03,81415.43935488051,411.291015625
2021-08-04,80999.66977103757,409.26788330078125
2021-08-05,81595.91198641554,411.8597412109375
2021-08-06,81811.43342495615,412.540283203125
2021-08-09,81735.84391295051,412.20465087890625
2021-08-10,82068.22661980783,412.7174987792969
2021-08-11,82387.00720944398,413.7430725097656
2021-08-12,82447.90342699173,414.98297119140625
2021-08-13,82387.88485761824,415.7382507324219
2021-08-16,82503.36549372683,416.7170715332031
2021-08-17,81671.22975434296,413.9853515625
2021-08-18,80974.25488148142,409.454345703125
2021-08-19,80946.48552418679,410.08831787109375
2021-08-20,81534.79184737771,413.3514404296875
2021-08-23,82321.85504710962,416.98748779296875
2021-08-24,82475.09815476941,417.6494140625
2021-08-25,82738.15929644191,418.5257873535156
2021-08-26,82247.48935955772,416.0551452636719
2021-08-27,83073.35035844397,419.7751159667969
2021-08-30,83114.79709500038,421.6210632324219
2021-08-31,82991.1854423718,420.9964599609375
2021-09-01,82838.37377503203,421.22015380859375
2021-09-02,83172.51371472563,422.51611328125
2021-09-03,83051.30711109164,422.4135437011719
2021-09-07,82754.69895158218,420.9032287597656
2021-09-08,82541.56834774066,420.3904113769531
2021-09-09,82116.63694901096,418.5910339355469
2021-09-10,81788.25044660897,415.2906494140625
2021-09-13,82335.03377583042,416.3534851074219
2021-09-14,81615.24747823134,414.1066589355469
2021-09-15,82361.14878615893,417.5655517578125
2021-09-16,82149.60357799064,416.9035949707031
2021-09-17,81549.61134672504,412.842529296875
2021-09-20,80058.21450495909,405.9586486816406
2021-09-21,80109.68676196953,405.57513427734375
2021-09-22,80962.15247006001,409.5315246582031
2021-09-23,82128.32033618607,414.5072937011719
2021-09-24,82437.5125319405,415.1900939941406
2021-09-27,82614.08857464242,414.0023498535156
2021-09-28,81318.57592277913,405.65936279296875
2021-09-29,81555.15445044916,406.34210205078125
2021-09-30,80537.74870583156,401.375732421875
2021-10-01,81511.22572349542,406.145751953125
2021-10-04,80614.22837959061,400.90802001953125
2021-10-05,81516.93026989576,405.0794677734375
2021-10-06,81709.98175539705,406.7630310058594
2021-10-07,82411.96112631811,410.27972412109375
2021-10-08,82553.84739917767,409.5315246582031
2021-10-11,82042.935467847,406.56658935546875
2021-10-12,81617.97803387331,405.5658874511719
2021-10-13,81732.49227415174,407.0248718261719
2021-10-14,82908.75422338668,413.871337890625
2021-10-15,83893.51406505716,417.0232849121094
2021-10-18,84241.41519397199,418.2579040527344
2021-10-19,84935.46851321416,421.4847412109375
2021-10-20,85248.14668157871,423.1401062011719
2021-10-21,85436.96970293202,424.24383544921875
2021-10-22,85474.62753201931,423.80426025390625
2021-10-25,86021.76308372678,426.07708740234375
2021-10-26,86353.23343628987,426.46044921875
2021-10-27,85450.12872493503,424.57122802734375
2021-10-28,86287.7991587878,428.6678161621094
2021-10-29,86514.06445982252,429.5376892089844
2021-11-01,86818.3372745462,430.27655029296875
2021-11-02,86993.86428471432,432.0162048339844
2021-11-03,87593.7995916014,434.65380859375
2021-11-04,88119.47133311396,436.7020263671875
2021-11-05,88554.02616351371,438.21722412109375
2021-11-08,88800.77381271552,438.5914306640625
2021-11-09,88302.5261531137,437.1416931152344
2021-11-10,87751.55291851608,433.6248779296875
2021-11-11,87797.1015438838,433.7652587890625
2021-11-12,88268.52311589729,437.038818359375
2021-11-15,88283.4852150115,437.1883850097656
2021-11-16,88646.61172723326,438.918701171875
2021-11-17,88175.54880416962,437.8525085449219
2021-11-18,88391.10316743622,439.33966064453125
2021-11-19,87915.12035377389,438.5540771484375
2021-11-22,87806.95638991772,437.3193054199219
2021-11-23,88187.61038449818,437.8992614746094
2021-11-24,88506.34257502216,439.0684509277344
2021-11-26,86154.58079701918,429.27581787109375
2021-11-29,87126.7142182491,434.5414733886719
2021-11-30,85415.93390922727,426.0864562988281
2021-12-01,84386.4466280189,421.3537902832031
2021-12-02,85710.28718974738,427.8073425292969
2021-12-03,84998.15085829147,424.0848693847656
2021-12-06,86213.00625682076,429.107421875
2021-12-07,88006.34196444474,437.9833984375
2021-12-08,87902.80547323398,439.1431579589844
2021-12-09,87428.88689776552,436.1783142089844
2021-12-10,88488.85626313415,440.2843017578125
2021-12-13,87283.14187160556,436.384033203125
2021-12-14,86830.23186122449,433.3817443847656
2021-12-15,88434.09546543282,440.1532287597656
2021-12-16,87893.1032405488,436.2718200683594
2021-12-17,86528.49094871354,431.6286315917969
2021-12-20,85501.23283589046,427.0389709472656
2021-12-21,86974.06286453601,434.6227722167969
2021-12-22,87805.30349330297,438.96844482421875
2021-12-23,88473.00363300886,441.6996154785156
2021-12-27,89538.78203385085,447.9507141113281
2021-12-28,89467.09667337693,447.5846252441406
2021-12-29,89481.83712726267,448.1571350097656
2021-12-30,89160.71912573325,446.918212890625
2021-12-31,88962.59233558965,445.7919006347656
2022-01-03,90275.64345320385,448.37298583984375
2022-01-04,90847.77636892944,448.2229309082031
2022-01-05,89507.4884292914,439.61602783203125
2022-01-06,89745.82181946724,439.2030334472656
2022-01-07,89705.76819796301,437.4666442871094
2022-01-10,89604.85223219448,436.92230224609375
2022-01-11,90448.32696030573,440.90185546875
2022-01-12,90552.783293298,442.0938720703125
2022-01-13,89672.14432457848,436.0024719238281
2022-01-14,89801.166688463,436.1808166503906
2022-01-18,88220.32702419341,428.4561767578125
2022-01-19,86966.01639786245,424.00738525390625
2022-01-20,85904.57956860232,419.3143005371094
2022-01-21,84131.05031181796,411.0829772949219
2022-01-24,84241.56803629723,412.8287658691406
2022-01-25,83862.44091650994,407.78851318359375
2022-01-26,83904.63804006275,406.7654724121094
2022-01-27,83339.95539442614,404.7568054199219
2022-01-28,85155.05823101362,414.80908203125
2022-01-31,86587.18743448307,422.2803039550781
2022-02-01,87830.96973850932,425.13360595703125
2022-02-02,88649.72627789012,429.2633972167969
2022-02-03,86474.93131849196,419.173583984375
2022-02-04,86820.96987799597,421.14459228515625
2022-02-07,86781.8687180685,419.7930603027344
2022-02-08,87355.75499864727,423.2470397949219
2022-02-09,88406.11068829456,429.4417419433594
2022-02-10,86822.44738248442,421.7265319824219
2022-02-11,85396.77325720155,413.4106750488281
2022-02-14,84999.77904597833,412.0590515136719
2022-02-15,86435.70454039231,418.7043151855469
2022-02-16,86463.32608087994,419.173583984375
2022-02-17,84679.11960630768,410.219482421875
2022-02-18,83915.30889960559,407.563232421875
2022-02-22,82999.49398015166,403.1893615722656
2022-02-23,81630.90341729236,396.037353515625
2022-02-24,82220.9105852163,401.9974060058594
2022-02-25,84115.0210488678,410.8671569824219
2022-02-28,83978.19826910595,409.81585693359375
2022-03-01,82148.44231118241,403.5742492675781
2022-03-02,83813.18563218336,410.9985046386719
2022-03-03,83257.08981479575,408.9523620605469
2022-03-04,82599.05312313729,405.6297912597656
2022-03-07,80485.2792081456,393.6721496582031
2022-03-08,80528.00730659981,390.68743896484375
2022-03-09,82229.21403517551,401.16204833984375
2022-03-10,82088.20523913098,399.35064697265625
2022-03-11,81301.20691160785,394.2727966308594
2022-03-14,80973.98573329434,391.3912658691406
2022-03-15,82385.92491160912,399.9982604980469
2022-03-16,83911.92422968731,408.8678894042969
2022-03-17,85102.54342310784,413.9831237792969
2022-03-18,85867.75534113846,418.51739501953125
2022-03-21,85727.90553953336,418.3950500488281
2022-03-22,86593.85231111864,423.2908630371094
2022-03-23,85461.20779403311,417.839599609375
2022-03-24,86619.75962777248,424.13824462890625
2022-03-25,87104.11989970965,426.2095642089844
2022-03-28,87299.09082489998,429.2412109375
2022-03-29,88217.98664400997,434.55120849609375
2022-03-30,87526.44388011035,431.8679504394531
2022-03-31,86077.69843572793,425.220947265625
2022-04-01,86238.96135315779,426.4260559082031
2022-04-04,86944.15967265608,430.0791320800781
2022-04-05,85724.0545132763,424.6466369628906
2022-04-06,84966.48292815544,420.4004211425781
2022-04-07,85120.8419116772,422.5188293457031
2022-04-08,85031.0691092496,421.3890686035156
2022-04-11,83773.37974761412,414.1865234375
2022-04-12,83480.65706258135,412.65185546875
2022-04-13,84371.13324234968,417.3782043457031
2022-04-14,83679.38711613251,412.1810607910156
2022-04-18,83927.90349198999,412.35064697265625
2022-04-19,85113.17749360914,419.0070495605469
2022-04-20,84784.38555119112,418.6962890625
2022-04-21,83703.37221530323,412.43536376953125
2022-04-22,81630.38276162458,401.1184387207031
2022-04-25,81931.45727228136,403.4439697265625
2022-04-26,79751.73343977625,391.7599182128906
2022-04-27,79718.67413635412,392.8614807128906
2022-04-28,81621.17294755312,402.784912109375
2022-04-29,78955.00328169791,387.8997802734375
2022-05-02,79563.59294483386,390.2346496582031
2022-05-03,79923.84356125692,392.0235290527344
2022-05-04,82382.37315080088,403.96185302734375
2022-05-05,79766.10574141117,389.6038513183594
2022-05-06,79576.41778230589,387.2783508300781
2022-05-09,77305.46119449876,374.8787536621094
2022-05-10,77367.63644881864,375.744873046875
2022-05-11,76303.7893148135,369.77581787109375
2022-05-12,76199.35293139197,369.3898010253906
2022-05-13,77685.34816409128,378.22113037109375
2022-05-16,77517.41902188266,376.6864318847656
2022-05-17,79048.67977288745,384.4350280761719
2022-05-18,76230.61919166036,368.93780517578125
2022-05-19,75576.58464427423,366.67822265625
2022-05-20,75619.49465472066,366.8383483886719
2022-05-23,77137.54724963313,373.701904296875
2022-05-24,76689.57354824815,370.8491516113281
2022-05-25,77431.41793111978,374.1255187988281
2022-05-26,79149.09643035593,381.60113525390625
2022-05-27,80756.05905174938,390.968994140625
2022-05-31,80350.00274086969,388.77532958984375
2022-06-01,79734.65099264642,385.6306457519531
2022-06-02,80881.77147994823,392.97442626953125
2022-06-03,79938.43566047498,386.525146484375
2022-06-06,80085.85805907601,387.7019958496094
2022-06-07,80774.33724949823,391.42095947265625
2022-06-08,79972.41526761437,387.16534423828125
2022-06-09,78222.97964426487,377.9574890136719
2022-06-10,75982.70496971357,366.998291015625
2022-06-13,73510.53905772207,353.0640563964844
2022-06-14,73336.54813758374,352.0002746582031
2022-06-15,74172.3065785293,357.0184020996094
2022-06-16,71980.06495793565,345.2025146484375
2022-06-17,71847.1456410051,345.9466247558594
2022-06-21,73458.89548736332,354.6554260253906
2022-06-22,73129.8823783961,354.0124206542969
2022-06-23,73137.21246668673,357.482666015625
2022-06-24,75302.90748655416,368.848388671875
2022-06-27,75177.22165543889,367.4395446777344
2022-06-28,74112.61991409474,359.9316101074219
2022-06-29,73992.57471072742,359.63861083984375
2022-06-30,73410.1683296537,356.71673583984375
2022-07-01,73940.36471301026,360.4895935058594
2022-07-05,73869.54957388125,361.17034912109375
2022-07-06,73945.3337166339,362.39019775390625
2022-07-07,75136.1533636358,367.81768798828125
2022-07-08,75195.17307974878,367.51519775390625
2022-07-11,74355.83588241503,363.31683349609375
2022-07-12,73945.43338848467,360.1018371582031
2022-07-13,73636.2166950535,358.2107849121094
2022-07-14,73622.7430269584,357.3408203125
2022-07-15,75343.43047032449,364.1678771972656
2022-07-18,74987.28016120182,361.16094970703125
2022-07-19,76954.72253606525,370.9192199707031
2022-07-20,77333.54255986905,373.28314208984375
2022-07-21,78086.59607173823,377.0843505859375
2022-07-22,77688.78202810815,373.585693359375
2022-07-25,77825.05683994138,374.03955078125
2022-07-26,76834.8146732941,369.6143493652344
2022-07-27,78410.05308067938,379.2118225097656
2022-07-28,78955.76907529958,383.9681091308594
2022-07-29,79836.14200088455,389.5659484863281
2022-08-01,79914.90105026639,388.4123229980469
2022-08-02,79162.03166815269,385.849853515625
2022-08-03,80184.65264707067,391.8919677734375
2022-08-04,80034.869095849,391.62725830078125
2022-08-05,80019.45962952162,390.9653625488281
2022-08-08,79827.96582030355,390.5115051269531
2022-08-09,79490.92110182629,388.9607238769531
2022-08-10,81095.80047824405,397.13043212890625
2022-08-11,81247.54146478005,397.13043212890625
2022-08-12,82531.28182364498,403.853515625
2022-08-15,82857.21277778938,405.517578125
2022-08-16,83126.90063193852,406.3119812011719
2022-08-17,82622.52240051822,403.4280090332031
2022-08-18,83159.27449109289,404.6004638671875
2022-08-19,82182.25755914219,399.1634521484375
2022-08-22,80512.47367167797,390.8518981933594
2022-08-23,80413.20532525597,389.90631103515625
2022-08-24,80605.69653011204,391.1544494628906
2022-08-25,81717.06268614391,396.67657470703125
2022-08-26,79087.2756974739,383.24957275390625
2022-08-29,78750.4515242778,380.71533203125
2022-08-30,77968.887133231,376.5359191894531
2022-08-31,77388.35032101086,373.6707763671875
2022-09-01,77608.82389671037,374.84332275390625
2022-09-02,76945.12327561418,370.89080810546875
2022-09-06,76577.36050016711,369.4914245605469
2022-09-07,77717.93377003512,376.1293640136719
2022-09-08,78404.96291573386,378.587890625
2022-09-09,79532.2210548109,384.46929931640625
2022-09-12,80129.01365907922,388.6014099121094
2022-09-13,76718.49209995336,371.70404052734375
2022-09-14,76985.49156431532,373.1224670410156
2022-09-15,76335.7600472018,368.8861999511719
2022-09-16,75911.46041962187,366.0720520019531
2022-09-19,76425.0921922956,368.9108581542969
2022-09-20,75585.54270317755,364.6763916015625
2022-09-21,74358.60169209605,358.3149719238281
2022-09-22,73791.41445353102,355.3052062988281
2022-09-23,72263.79420471958,349.3521423339844
2022-09-26,71530.84924244636,345.8961181640625
2022-09-27,71370.01808157949,345.0131530761719
2022-09-28,72753.56943748327,351.8017883300781
2022-09-29,71388.26907290638,344.45294189453125
2022-09-30,70360.90072453147,339.12652587890625
2022-10-03,72096.20737610683,348.0799255371094
2022-10-04,74233.65659126482,358.8657531738281
2022-10-05,74209.50807968937,358.0301818847656
2022-10-06,73507.86226808275,354.33685302734375
2022-10-07,71727.2686156727,344.45294189453125
2022-10-10,71182.81862544507,341.8229675292969
2022-10-11,70730.84793303773,339.658203125
2022-10-12,70603.51217482693,338.53790283203125
2022-10-13,72713.74852399211,347.47222900390625
2022-10-14,71467.6941646753,339.5538024902344
2022-10-17,73073.8021432644,348.27923583984375
2022-10-18,73807.96859597127,352.37139892578125
2022-10-19,73405.80238121747,349.87432861328125
2022-10-20,72996.75506540622,346.9405822753906
2022-10-21,75000.13128793784,355.3717041015625
2022-10-24,76016.98406652136,359.7201843261719
2022-10-25,76985.24177403231,365.46441650390625
2022-10-26,76998.1063011218,362.7109375
2022-10-27,76707.62662671796,360.77410888671875
2022-10-28,78451.93204227739,369.357177734375
2022-10-31,77980.53226226752,366.6891784667969
2022-11-01,77848.46280838546,365.0845642089844
2022-11-02,76416.16009720248,355.9223937988281
2022-11-03,75878.5879056868,352.25750732421875
2022-11-04,77031.44962185169,357.32757568359375
2022-11-07,78029.18854073645,360.74566650390625
2022-11-08,78608.27504523785,362.6919860839844
2022-11-09,77117.33541995159,355.2198181152344
2022-11-10,80768.77781409827,374.74053955078125
2022-11-11,81293.15366990725,378.3675537109375
2022-11-14,80634.74112875125,375.14886474609375
2022-11-15,81334.01152418113,378.34844970703125
2022-11-16,80698.91401718362,375.4621887207031
2022-11-17,80665.51506373174,374.31329345703125
2022-11-18,81026.36347026385,376.01287841796875
2022-11-21,80685.74039068675,374.6456604003906
2022-11-22,81795.50904433278,379.687255859375
2022-11-23,81997.83721581059,382.07989501953125
2022-11-25,82038.28007617584,381.99444580078125
2022-11-28,80846.63085475957,375.89898681640625
2022-11-29,80869.98900936065,375.2532653808594
2022-11-30,83031.00360913078,387.0740051269531
2022-12-01,82852.17325732566,386.7891845703125
2022-12-02,82732.86487920054,386.34295654296875
2022-12-05,81210.57383327137,379.3929443359375
2022-12-06,80060.07039597337,373.9241027832031
2022-12-07,79865.52257876002,373.28790283203125
2022-12-08,80329.24921755065,376.21221923828125
2022-12-09,79706.26491674698,373.40185546875
2022-12-12,80896.08589424958,378.7853088378906
2022-12-13,81380.06051874744,381.65264892578125
2022-12-14,80950.62988820774,379.2124938964844
2022-12-15,79009.1127567193,369.93634033203125
2022-12-16,78253.09104956155,365.56884765625
2022-12-19,77839.7879285386,362.46893310546875
2022-12-20,77891.77091377084,362.9649353027344
2022-12-21,79104.49955652734,368.39215087890625
2022-12-22,77945.70689055228,363.1366271972656
2022-12-23,78380.92022843043,365.2254943847656
2022-12-27,78148.8108017105,363.78521728515625
2022-12-28,77362.27053908395,359.2640686035156
2022-12-29,78486.14578157879,365.73101806640625
2022-12-30,78424.77128312603,364.7676086425781
2023-01-03,78329.57766387207,363.23199462890625
2023-01-04,79217.24200480312,366.03619384765625
2023-01-05,78564.62993813242,361.8585205078125
2023-01-06,80471.04734223643,370.1566467285156
2023-01-09,80481.46945016904,369.9468078613281
2023-01-10,81012.88506849311,372.54119873046875
2023-01-11,81874.97072561398,377.25311279296875
2023-01-12,82321.25603274262,378.6265563964844
2023-01-13,82726.87414286147,380.0954895019531
2023-01-17,82285.93061981945,379.399169921875
2023-01-18,81021.55955262338,373.4092102050781
2023-01-19,80215.10214539143,370.69085693359375
2023-01-20,81473.46876034094,377.5964050292969
2023-01-23,82536.51889902524,382.12701416015625
2023-01-24,82603.52508084012,381.7169494628906
2023-01-25,82762.27573343566,381.85992431640625
2023-01-26,83320.86537764248,386.0567321777344
2023-01-27,83718.99643596864,386.9438171386719
2023-01-30,82840.20404484081,382.08892822265625
2023-01-31,83779.46499613755,387.7068786621094
2023-02-01,84376.67157364431,391.8273620605469
2023-02-02,84961.49277605032,397.5312194824219
2023-02-03,84412.66403917069,393.3057861328125
2023-02-06,84127.07531285463,390.9021301269531
2023-02-07,84916.01560684021,396.0146484375
2023-02-08,84074.2513789841,391.6842346191406
2023-02-09,83347.4534602363,388.28863525390625
2023-02-10,83529.16618453062,389.19482421875
2023-02-13,84493.27249602905,393.7635803222656
2023-02-14,84561.15636162234,393.5824279785156
2023-02-15,84680.67062865193,394.8605651855469
2023-02-16,83655.13021638915,389.42376708984375
2023-02-17,83454.58741884478,388.4508972167969
2023-02-21,81768.45869971217,380.65814208984375
2023-02-22,81518.5582243443,380.133544921875
2023-02-23,82009.0214589372,382.1556396484375
2023-02-24,81305.4985189193,378.0733642578125
2023-02-27,81571.59310388082,379.361083984375
2023-02-28,81381.63088386426,377.9588928222656
2023-03-01,81150.24930925056,376.50909423828125
2023-03-02,81595.93617640038,379.4372863769531
2023-03-03,82803.5778756245,385.5226745605469
2023-03-06,82831.18037860766,385.7897644042969
2023-03-07,81427.1469590152,379.8759765625
2023-03-08,81568.87333795866,380.4959716796875
2023-03-09,80175.14048000198,373.4759826660156
2023-03-10,79217.2746799612,368.08685302734375
2023-03-13,78607.95783760834,367.56231689453125
2023-03-14,79851.36371136218,373.63812255859375
2023-03-15,79126.00783406054,371.3012390136719
2023-03-16,80303.69260066793,377.8158264160156
2023-03-17,79368.19164043247,373.3980407714844
2023-03-20,80074.40813752566,376.98858642578125
2023-03-21,81083.5838652047,381.93865966796875
2023-03-22,79821.13052090771,375.42791748046875
2023-03-23,80191.54558365906,376.4428405761719
2023-03-24,80332.79236993575,378.9130859375
2023-03-27,80793.01368909508,379.62152099609375
2023-03-28,80638.96578275124,378.7694396972656
2023-03-29,81706.48930975382,384.2747802734375
2023-03-30,82040.56720052518,386.52484130859375
2023-03-31,83162.73830737096,391.9727783203125
2023-04-03,83776.9081774111,393.4663391113281
2023-04-04,83123.2472723113,391.2834167480469
2023-04-05,83005.63929703092,390.25897216796875
2023-04-06,83114.37502457487,391.78125
2023-04-10,83302.57284011933,392.18341064453125
2023-04-11,83500.5390745228,392.2887268066406
2023-04-12,83064.57090197044,390.6897888183594
2023-04-13,84018.59730451745,395.879150390625
2023-04-14,84073.11017429123,394.9121398925781
2023-04-17,84342.04416536441,396.3292236328125
2023-04-18,84440.65259805165,396.5876770019531
2023-04-19,84461.63960146146,396.52069091796875
2023-04-20,83936.97701333837,394.35687255859375
2023-04-21,83874.08915825681,394.66326904296875
2023-04-24,83883.38823925852,395.07489013671875
2023-04-25,82503.29790207793,388.80352783203125
2023-04-26,81742.62279705636,387.1567687988281
2023-04-27,83111.59512963382,394.8642578125
2023-04-28,83909.58241047783,398.2345275878906
2023-05-01,83903.34383339192,397.8323974609375
2023-05-02,82680.08876101326,393.3610534667969
2023-05-03,82273.09788572209,390.6610107421875
2023-05-04,81545.73557332391,387.89398193359375
2023-05-05,82980.99533737829,395.07489013671875
2023-05-08,83025.78793524553,395.18023681640625
2023-05-09,82832.39440840104,393.447265625
2023-05-10,82845.06088460953,395.2855529785156
2023-05-11,82643.48072636923,394.59619140625
2023-05-12,82536.92535541292,394.07916259765625
2023-05-15,82953.932986182,395.4387512207031
2023-05-16,82288.99843523308,392.796142578125
2023-05-17,83705.6352643979,397.5643005371094
2023-05-18,84502.07297704396,401.3941650390625
2023-05-19,84358.25236389396,400.81005859375
2023-05-22,84389.27030243112,400.972900390625
2023-05-23,83711.80272762096,396.4728088378906
2023-05-24,83061.2279319592,393.6004943847656
2023-05-25,83886.84618155181,397.00897216796875
2023-05-26,85333.66099614263,402.15045166015625
2023-05-30,85497.15176168826,402.3036804199219
2023-05-31,84907.90960233673,400.07281494140625
2023-06-01,85818.07600040274,403.8739013671875
2023-06-02,87173.31032327151,409.7144470214844
2023-06-05,86751.1542515223,408.9292297363281
2023-06-06,87094.34465589943,409.8197937011719
2023-06-07,87167.76149811469,408.4027404785156
2023-06-08,87703.43081169619,410.8729553222656
2023-06-09,87887.36194296987,411.6102294921875
2023-06-12,88798.22886773653,415.34423828125
2023-06-13,89512.17552719459,418.08258056640625
2023-06-14,89684.62994798589,418.58038330078125
2023-06-15,90726.23641487106,423.7698669433594
2023-06-16,90391.38416417423,422.326416015625
2023-06-20,89843.44023218598,420.13525390625
2023-06-21,89243.22123167025,417.9826965332031
2023-06-22,89152.31427621504,419.4913635253906
2023-06-23,88451.556278025,416.3200988769531
2023-06-26,88200.4938999984,414.61907958984375
2023-06-27,89217.72664047673,419.1647033691406
2023-06-28,89129.49197439227,419.3761291503906
2023-06-29,89714.16267647131,421.0290832519531
2023-06-30,90700.92904445183,425.99749755859375
2023-07-03,91041.74029613852,426.48760986328125
2023-07-05,90959.8658223103,425.8533630371094
2023-07-06,89897.96884948996,422.5186767578125
2023-07-07,89833.85026589397,421.4519348144531
2023-07-10,90431.61636489941,422.5186767578125
2023-07-11,91233.85168869655,425.20941162109375
2023-07-12,91942.4045610298,428.6307067871094
2023-07-13,92661.07758781165,432.03265380859375
2023-07-14,92378.76080111977,431.7635803222656
2023-07-17,92770.55941690938,433.2627258300781
2023-07-18,93639.61268454968,436.4821472167969
2023-07-19,94036.68533177295,437.4527587890625
2023-07-20,93625.12450364624,434.55047607421875
2023-07-21,93483.70202663245,434.55047607421875
2023-07-24,94062.73771730803,436.4917907714844
2023-07-25,94195.08098529415,437.6833801269531
2023-07-26,94240.55757559951,437.75067138671875
2023-07-27,93829.24417599279,434.8484191894531
2023-07-28,94620.89206463879,439.1057434082031
2023-07-31,94884.43309736116,439.9417724609375
2023-08-01,94752.72629539884,438.6828918457031
2023-08-02,93420.67277343638,432.5804748535156
2023-08-03,93189.03238848787,431.34075927734375
2023-08-04,92925.65301199301,429.3898620605469
2023-08-07,93859.60470333688,433.13787841796875
2023-08-08,93655.23239571806,431.2542419433594
2023-08-09,92945.36965484156,428.37115478515625
2023-08-10,93015.85722449416,428.52490234375
2023-08-11,93074.15931769666,428.2750549316406
2023-08-14,93538.4964058227,430.63916015625
2023-08-15,92479.07513335177,425.6227722167969
2023-08-16,91664.70654791388,422.4993896484375
2023-08-17,91069.61288137078,419.2800598144531
2023-08-18,91160.52296910709,419.4817810058594
2023-08-21,91672.51540938298,422.21112060546875
2023-08-22,91317.52551052706,421.0674743652344
2023-08-23,92280.05395138657,425.7572326660156
2023-08-24,90898.54620709612,419.85662841796875
2023-08-25,91519.04059788486,422.81658935546875
2023-08-28,92181.05923704436,425.49774169921875
2023-08-29,93518.93847713551,431.64825439453125
2023-08-30,93720.30624155802,433.4261474609375
2023-08-31,93685.73845600415,432.79180908203125
2023-09-01,93884.05650840122,433.5991516113281
2023-09-05,93672.36153883183,431.7251281738281
2023-09-06,93157.6238526468,428.8229064941406
2023-09-07,92964.93550769317,427.5062561035156
2023-09-08,93120.4309973689,428.150146484375
2023-09-11,93886.89793506717,430.9659423828125
2023-09-12,93462.7559880255,428.601806640625
2023-09-13,93373.48941983389,429.1015625
2023-09-14,94229.76265753504,432.80145263671875
2023-09-15,93103.60889276637,427.58697509765625
2023-09-18,92997.86102566596,427.837646484375
2023-09-19,92735.54270459633,426.950439453125
2023-09-20,91970.48103402345,423.02532958984375
2023-09-21,90385.44637787474,416.03338623046875
2023-09-22,90084.43028932477,415.09796142578125
2023-09-25,90444.9064730673,416.843505859375
2023-09-26,89138.01840458035,410.71954345703125
2023-09-27,89232.39210670053,410.88348388671875
2023-09-28,89790.42971528403,413.26556396484375
2023-09-29,89305.83447700669,412.2625732421875
2023-10-02,89172.12585518669,412.0986633300781
2023-10-03,87959.47315315445,406.58221435546875
2023-10-04,88358.01534539042,409.5429382324219
2023-10-05,88314.375935393,409.3887023925781
2023-10-06,89280.05043464355,414.2492370605469
2023-10-09,89844.15811052985,416.9013671875
2023-10-10,90340.28662826294,419.0712890625
2023-10-11,90731.60601107441,420.78790283203125
2023-10-12,90264.76190163795,418.22259521484375
2023-10-13,89788.25655290886,416.1394958496094
2023-10-16,90691.28944457535,420.5178527832031
2023-10-17,90732.38330280175,420.49853515625
2023-10-18,89659.72833708956,414.8953552246094
2023-10-19,89146.43035145593,411.25
2023-10-20,87882.85752874035,406.196533203125
2023-10-23,87698.06888231076,405.4924621582031
2023-10-24,88366.93276134874,408.5496520996094
2023-10-25,87165.77049248017,402.6860046386719
2023-10-26,86190.46072462575,397.86407470703125
2023-10-27,85724.34044384692,396.0606689453125
2023-10-30,86922.44354104533,400.79583740234375
2023-10-31,87290.19333023166,403.3130187988281
2023-11-01,88096.85224040375,407.6142272949219
2023-11-02,89970.96044042736,415.42584228515625
2023-11-03,90798.25064873447,419.21588134765625
2023-11-06,91026.25783307901,420.18035888671875
2023-11-07,90992.28038324445,421.3761291503906
2023-11-08,91141.27753487322,421.684814453125
2023-11-09,90322.69586506068,418.3962097167969
2023-11-10,91832.6648890171,424.9252014160156
2023-11-13,92001.39815330497,424.5201416015625
2023-11-14,93891.553934452,432.756103515625
2023-11-15,94297.9456464573,433.6722106933594
2023-11-16,93903.37823202125,434.2027893066406
2023-11-17,94291.13207698375,434.7427978515625
2023-11-20,95000.44683968624,438.0893249511719
2023-11-21,94644.61603632942,437.134521484375
2023-11-22,94895.23831631296,438.8222351074219
2023-11-24,95090.95083039314,439.09222412109375
2023-11-27,94848.6934189323,438.30145263671875
2023-11-28,95070.02828278935,438.7354431152344
2023-11-29,95160.28737700386,438.42681884765625
2023-11-30,95596.32920951005,440.1531066894531
2023-12-01,96148.97888904398,442.75701904296875
2023-12-04,95768.21829623746,440.4327697753906
2023-12-05,95594.16081881088,440.3459777832031
2023-12-06,95220.24573125858,438.57147216796875
2023-12-07,95940.88353911629,441.9179382324219
2023-12-08,96438.0838115794,443.81781005859375
2023-12-11,96945.52944492284,445.5440368652344
2023-12-12,97183.282805143,447.57891845703125
2023-12-13,98707.18439514648,453.7511291503906
2023-12-14,99663.09432884773,455.2074279785156
2023-12-15,100095.29898661599,454.4578857421875
2023-12-18,100497.56184680936,457.0143127441406
2023-12-19,101194.44623682502,459.7933349609375
2023-12-20,99698.9810628999,453.42181396484375
2023-12-21,100652.12727504605,457.7211608886719
2023-12-22,100879.80977812661,458.6410217285156
2023-12-26,101480.42883418869,460.5776062011719
2023-12-27,101712.22271788839,461.4104309082031
2023-12-28,101685.51938516478,461.5846862792969
2023-12-29,101387.76604215751,460.2484130859375
2024-01-02,100870.25808542261,457.6726989746094
2024-01-03,100134.2550522127,453.93505859375
2024-01-04,100037.56802877373,452.472900390625
2024-01-05,100402.35798118605,453.09259033203125
2024-01-08,101327.55142007809,459.5608825683594
2024-01-09,100947.82342385345,458.86376953125
2024-01-10,101396.49054255574,461.4588317871094
2024-01-11,101266.9256471409,461.2555236816406
2024-01-12,101246.91018113644,461.57501220703125
2024-01-16,100527.25717853148,459.8804931640625
2024-01-17,99977.01808846294,457.32415771484375
2024-01-18,100826.695967484,461.3909912109375
2024-01-19,102390.4869735374,467.142822265625
2024-01-22,102718.7371776832,468.1304626464844
2024-01-23,102912.59864818183,469.495849609375
2024-01-24,103307.85094926134,470.009033203125
2024-01-25,103987.0203010431,472.5654296875
2024-01-26,103920.59696128861,471.96502685546875
2024-01-29,104507.87540520162,475.7026672363281
2024-01-30,104540.00779743127,475.3347473144531
2024-01-31,103187.90082702365,467.57855224609375
2024-02-01,104184.66945249698,473.69830322265625
2024-02-02,105253.34896880481,478.6850891113281
2024-02-05,104909.50716239585,476.9421081542969
2024-02-06,104995.81500718623,478.326904296875
2024-02-07,105749.08348962537,482.3162536621094
2024-02-08,105836.33707419957,482.5292663574219
2024-02-09,106122.64110258619,485.31805419921875
2024-02-12,106441.0345183205,485.1049499511719
2024-02-13,105046.43206909383,478.4236145019531
2024-02-14,106115.34400784785,482.7713623046875
2024-02-15,107263.14135514888,486.10235595703125
2024-02-16,106851.15554907935,483.6816101074219
2024-02-20,106189.5125006775,481.01873779296875
2024-02-21,106338.58054814009,481.4544372558594
2024-02-22,108482.01934088844,491.4184265136719
2024-02-23,108611.9265779978,491.75732421875
2024-02-26,108422.2005925649,489.9562072753906
2024-02-27,108597.65029184874,490.8664855957031
2024-02-28,108522.19796309751,490.21771240234375
2024-02-29,108999.19879140449,491.9799499511719
2024-03-01,110114.43166847396,496.598876953125
2024-03-04,110454.01585765746,496.0662536621094
2024-03-05,109424.89234117809,491.1085205078125
2024-03-06,110221.88088690779,493.59710693359375
2024-03-07,111517.50743537108,498.4967346191406
2024-03-08,110576.21274206336,495.50469970703125
2024-03-11,110244.08063756351,495.0786437988281
2024-03-12,111698.1503200906,500.404296875
2024-03-13,111519.72297848512,499.6199645996094
2024-03-14,110937.73938681056,498.6322937011719
2024-03-15,110401.48762953292,495.2084655761719
2024-03-18,111098.11426763367,498.1515197753906
2024-03-19,111730.32960480859,500.91973876953125
2024-03-20,112955.74252118006,505.552978515625
2024-03-21,113897.48188948155,507.2236022949219
2024-03-22,113450.28704244095,506.2620849609375
2024-03-25,112989.92471572595,504.8633728027344
2024-03-26,112606.73444957522,503.93084716796875
2024-03-27,113686.99729726453,508.16583251953125
2024-03-28,113693.17615150243,508.0688171386719
2024-04-01,113432.65204455725,507.1847839355469
2024-04-02,112565.52256344174,503.96002197265625
2024-04-03,112788.68425384662,504.51361083984375
2024-04-04,111385.95730083859,498.35552978515625
2024-04-05,112590.82119147129,503.5617370605469
2024-04-08,112612.35577972014,503.8433532714844
2024-04-09,112596.41999906213,504.4263000488281
2024-04-10,111422.36418439135,499.3753662109375
2024-04-11,112120.11750324721,503.14404296875
2024-04-12,110302.96148592862,496.1991882324219
2024-04-15,109430.90473397882,489.98272705078125
2024-04-16,109157.96421975986,489.0890808105469
2024-04-17,108696.14185472396,486.194580078125
2024-04-18,108409.28682698858,485.194091796875
2024-04-19,107797.2526155898,480.95916748046875
2024-04-22,108773.82642927454,485.38836669921875
2024-04-23,110184.20487532712,491.1482849121094
2024-04-24,110050.87647172245,490.9151916503906
2024-04-25,109264.93858764927,489.0502624511719
2024-04-26,110032.5135701236,493.6835021972656
2024-04-29,110376.66452474165,495.4317932128906
2024-04-30,108749.19132541843,487.5835266113281
2024-05-01,108475.14368868206,486.00030517578125
2024-05-02,109446.44977313168,490.54608154296875
2024-05-03,110607.46582936448,496.6265563964844
2024-05-06,111781.4228010458,501.7550964355469
2024-05-07,111985.7298821346,502.30877685546875
2024-05-08,112289.07435356056,502.35723876953125
2024-05-09,112850.47014319045,505.2518005371094
2024-05-10,113049.62513260044,505.9028015136719
2024-05-13,112927.84394028713,505.9705810546875
2024-05-14,113622.23074749444,508.2921142578125
2024-05-15,114925.54185643594,514.5863037109375
2024-05-16,114686.5168788965,513.5276489257812
2024-05-17,114895.66880551817,514.2656860351562
2024-05-20,114770.32211137256,514.8582153320312
2024-05-21,115264.76374203387,516.1209106445312
2024-05-22,114673.16243979671,514.6348266601562
2024-05-23,113562.36383638525,510.8758544921875
2024-05-24,114327.08652826208,514.2560424804688
2024-05-28,114279.92565809324,514.6154174804688
2024-05-29,113063.2227325993,511.0117492675781
2024-05-30,112746.3409163721,507.6219177246094
2024-05-31,113687.5329071262,512.2454833984375
2024-06-03,113533.51466913425,512.6630249023438
2024-06-04,113666.0730628307,513.236083984375
2024-06-05,114816.15270053205,519.3360595703125
2024-06-06,114696.68482241883,519.3262329101562
2024-06-07,114675.34062823871,518.6950073242188
2024-06-10,115047.68922281277,520.2976684570312
2024-06-11,114626.31773243437,521.5507202148438
2024-06-12,115602.0458041459,525.8341064453125
2024-06-13,115979.84512869967,526.8928833007812
2024-06-14,115931.48882175717,527.2135009765625
2024-06-17,117210.7934572492,531.4095458984375
2024-06-18,117747.9571596476,532.7596435546875
2024-06-20,117606.79530759895,531.3124389648438
2024-06-21,117258.70051392296,530.60009765625
2024-06-24,117217.72701607451,528.8751831054688
2024-06-25,116983.87673151227,530.9120483398438
2024-06-26,117020.51785665973,531.5745239257812
2024-06-27,117074.95866140396,532.41259765625
2024-06-28,117253.94382502841,530.3175048828125
2024-07-01,117673.53820234968,531.408935546875
2024-07-02,118593.50708587977,534.9851684570312
2024-07-03,119051.79109352737,537.37255859375
2024-07-05,119534.1059246695,540.4713134765625
2024-07-08,119804.56343985959,541.094970703125
2024-07-09,120064.83199312592,541.6211547851562
2024-07-10,121061.7734751371,546.9806518554688
2024-07-11,120143.20334479226,542.2642822265625
2024-07-12,120450.50233448175,545.6845703125
2024-07-15,121134.67718104442,547.1854248046875
2024-07-16,122554.48530358073,550.4302368164062
2024-07-17,121657.44991483471,542.7125854492188
2024-07-18,120416.58845914912,538.5418701171875
2024-07-19,119546.21225214619,534.9656982421875
2024-07-22,120576.13879264508,540.4810791015625
2024-07-23,120474.72386387162,539.63330078125
2024-07-24,117866.18230698249,527.4038696289062
2024-07-25,117500.54563954759,524.6558837890625
2024-07-26,118881.63029622004,530.5319213867188
2024-07-29,118635.37381312,530.84375
2024-07-30,118239.19782195883,528.1541748046875
2024-07-31,119954.30451461521,536.7391357421875
2024-08-01,118037.29195586489,529.138427734375
2024-08-02,114868.52176089084,519.2868041992188
2024-08-05,111715.86594734037,504.1632080078125
2024-08-06,112965.6488421848,508.8113708496094
2024-08-07,111904.35107444275,505.4104309082031
2024-08-08,114724.05037096795,517.0941162109375
2024-08-09,115278.44751381679,519.3743896484375
2024-08-12,114953.24653961378,519.6472778320312
2024-08-13,116649.76363518838,528.1931762695312
2024-08-14,117185.45346414477,529.8595581054688
2024-08-15,119353.58766893516,538.9414672851562
2024-08-16,119702.96817217997,540.1497802734375
2024-08-19,120654.21053382679,545.3143310546875
2024-08-20,120402.67912833643,544.4276733398438
2024-08-21,120693.93763911638,546.2985229492188
2024-08-22,119848.84520374052,542.0109252929688
2024-08-23,121347.54012203647,547.7699584960938
2024-08-26,121209.60834492129,546.4641723632812
2024-08-27,121374.81100159502,547.2145385742188
2024-08-28,120769.90680844647,544.0377807617188
2024-08-29,121218.20398945422,544.08642578125
2024-08-30,122602.898637722,549.2804565429688
2024-09-03,119954.80737601507,537.9767456054688
2024-09-04,119991.75020780253,536.8756103515625
2024-09-05,119426.15492340585,535.56982421875
2024-09-06,117171.24629523621,526.5560302734375
2024-09-09,118725.96525991174,532.4515991210938
2024-09-10,119142.84970888433,534.770751953125
2024-09-11,120184.24017740396,540.2568359375
2024-09-12,120979.61494260398,544.8077392578125
2024-09-13,121877.7174614121,547.6530151367188
2024-09-16,122657.69268571626,548.4619750976562
2024-09-17,122843.76888686891,548.6859130859375
2024-09-18,122517.07713946793,547.0587158203125
2024-09-19,124646.41810537351,556.3939208984375
2024-09-20,124569.77328309532,555.4320678710938
2024-09-23,125009.37900847469,556.820068359375
2024-09-24,125112.01665915694,558.4132080078125
2024-09-25,124663.85955646509,557.1817016601562
2024-09-26,125178.21813730052,559.3906860351562
2024-09-27,125157.21106801217,558.5794677734375
2024-09-30,125659.94925170744,560.81787109375
2024-10-01,124838.7156846467,555.7937622070312
2024-10-02,125076.33948639032,556.0283203125
2024-10-03,124708.16541308748,555.0117797851562
2024-10-04,126152.77679447788,560.055419921875
2024-10-07,125246.79789873377,554.9921875
2024-10-08,126156.90696902871,560.2411499023438
2024-10-09,127443.64857556605,564.12158203125
2024-10-10,126946.47020685697,563.1343383789062
2024-10-11,128287.62500326219,566.5064697265625
2024-10-14,129013.60822228003,571.1396484375
2024-10-15,128013.73073145826,566.7020263671875
2024-10-16,129035.97965360462,569.1651611328125
2024-10-17,129092.49184999644,569.2140502929688
2024-10-18,129353.95986859222,571.4035034179688
2024-10-21,128665.11322682642,570.4652099609375
2024-10-22,128588.74600519832,570.1621704101562
2024-10-23,127729.82882929697,564.952392578125
2024-10-24,127873.47474794285,566.1741943359375
2024-10-25,127405.1342639907,565.9786987304688
2024-10-28,127847.75402970333,567.7283935546875
2024-10-29,127849.45954466081,568.6470336914062
2024-10-30,127320.45335869069,566.9268188476562
2024-10-31,125799.28746773394,555.8132934570312
2024-11-01,126442.51208043056,558.1591186523438
2024-11-04,125869.06241606844,556.9569702148438
2024-11-05,127343.4733333834,563.6913452148438
2024-11-06,132036.88984934022,577.7079467773438
2024-11-07,132330.42729560117,582.1749267578125
2024-11-08,133241.10135532363,584.6966552734375
2024-11-11,133828.30800568574,585.25390625
2024-11-12,132875.90248398558,583.4359130859375
2024-11-13,132833.5557739926,583.7193603515625
2024-11-14,131991.86483312698,579.9658203125
2024-11-15,130867.48445277133,572.5374145507812
2024-11-18,131630.85091203294,574.8832397460938
2024-11-19,131702.09152471757,576.984619140625
2024-11-20,131623.62544538174,577.1803588867188
2024-11-21,132501.65122879614,580.2787475585938
2024-11-22,133499.05696827243,582.0772705078125
2024-11-25,134059.4631756425,584.0517578125
2024-11-26,134580.6180723029,587.1011962890625
2024-11-27,134043.9249932725,585.3223266601562
2024-11-29,134803.2397843128,588.958251953125
2024-12-02,134833.0307509488,590.0140991210938
2024-12-03,134777.24180786638,590.2877197265625
2024-12-04,135193.6528355873,593.953125
2024-12-05,134937.21396085378,592.9757080078125
2024-12-06,135672.72440107883,594.0997924804688
2024-12-09,134731.74774148298,591.0403442382812
2024-12-10,134397.12967223878,589.2026977539062
2024-12-11,135221.3149415183,593.7576293945312
2024-12-12,134309.09133806184,590.6982421875
2024-12-13,134834.0708624865,590.5809936523438
2024-12-16,135621.3268715446,593.102783203125
2024-12-17,134862.76226959348,590.6591186523438
2024-12-18,130678.82858036406,573.055419921875
2024-12-19,130814.43112127502,572.8795166015625
2024-12-20,132084.0211268851,579.7603759765625
2024-12-23,133100.19604432496,583.2321166992188
2024-12-24,134885.49362381894,589.7147827148438
2024-12-26,134920.27008906787,589.7539672851562
2024-12-27,133575.21330141177,583.5458984375
2024-12-30,132062.31562542688,576.88671875
