date,nav,spy
2010-01-04,10000.0,84.36896514892578
2010-01-05,9995.372218707638,84.59230041503906
2010-01-06,9992.841040896208,84.6518783569336
2010-01-07,10014.252449806232,85.00919342041016
2010-01-08,10041.522443152828,85.2921142578125
2010-01-11,10042.011351477595,85.41120147705078
2010-01-12,9954.72015096879,84.61463928222656
2010-01-13,10032.631041421831,85.3293228149414
2010-01-14,10038.038199176866,85.56010437011719
2010-01-15,9956.491050657423,84.59974670410156
2010-01-19,10056.601776866346,85.6568603515625
2010-01-20,9975.932189800584,84.785888671875
2010-01-21,9807.800971302278,83.15550231933594
2010-01-22,9570.11576397541,81.30179595947266
2010-01-25,9587.435433622977,81.71871948242188
2010-01-26,9564.981114146653,81.37622833251953
2010-01-27,9635.164663977039,81.7634048461914
2010-01-28,9555.756581344422,80.82539367675781
2010-01-29,9465.285578903007,79.9469223022461
2010-02-01,9555.170704419073,81.19017028808594
2010-02-02,9640.371236511133,82.17282104492188
2010-02-03,9620.187437443446,81.7634048461914
2010-02-04,9367.830501418823,79.23970031738281
2010-02-05,9391.605389355329,79.40348052978516
2010-02-08,9329.662125408377,78.83025360107422
2010-02-09,9433.34046162934,79.82038116455078
2010-02-10,9424.68076371325,79.66401672363281
2010-02-11,9521.548653572409,80.49781036376953
2010-02-12,9505.077135048356,80.43083953857422
2010-02-16,9648.499611610161,81.6963882446289
2010-02-17,9672.236864234479,82.08350372314453
2010-02-18,9719.438821418307,82.56739044189453
2010-02-19,9729.434140575477,82.73863220214844
2010-02-22,9710.737425108779,82.75352478027344
2010-02-23,9619.44044380311,81.74848937988281
2010-02-24,9695.625826391628,82.50040435791016
2010-02-25,9663.810116816958,82.38873291015625
2010-02-26,9666.904853440477,82.44084930419922
2010-03-01,9766.563276803834,83.29694366455078
2010-03-02,9778.06089455169,83.52774810791016
2010-03-03,9767.599517442903,83.60218811035156
2010-03-04,9815.025119347352,83.8553237915039
2010-03-05,9924.554591354414,85.05381774902344
2010-03-08,9939.006498399107,85.0687484741211
2010-03-09,9949.541682235144,85.210205078125
2010-03-10,9995.285385864827,85.58988189697266
2010-03-11,10022.576296252359,85.94720458984375
2010-03-12,10022.3062544057,85.95464324951172
2010-03-15,10022.33782411519,85.97698211669922
2010-03-16,10077.791789639037,86.66188049316406
2010-03-17,10133.030683639096,87.17555236816406
2010-03-18,10134.659606720781,87.13087463378906
2010-03-19,10082.39971867254,86.68985748291016
2010-03-22,10130.54982286739,87.15330505371094
2010-03-23,10197.40313525279,87.76628112792969
2010-03-24,10136.080461027414,87.3401870727539
2010-03-25,10172.59000316534,87.19815063476562
2010-03-26,10174.13458151104,87.14588165283203
2010-03-29,10220.526702866744,87.69902801513672
2010-03-30,10235.673302088748,87.7588119506836
2010-03-31,10197.91039904591,87.45980072021484
2010-04-01,10284.68669568483,88.05782318115234
2010-04-05,10351.862028012338,88.77544403076172
2010-04-06,10386.751673170878,88.98474884033203
2010-04-07,10335.902106834867,88.4764175415039
2010-04-08,10372.646039488269,88.78291320800781
2010-04-09,10426.714648262625,89.3659896850586
2010-04-12,10460.714772533374,89.50801849365234
2010-04-13,10484.740061474437,89.57532501220703
2010-04-14,10608.984976630321,90.59191131591797
2010-04-15,10623.930724093081,90.66665649414062
2010-04-16,10428.834042093835,89.22398376464844
2010-04-19,10467.529541915754,89.56031036376953
2010-04-20,10538.363012913582,90.36019134521484
2010-04-21,10511.366626341114,90.19575500488281
2010-04-22,10570.695818974027,90.46482849121094
2010-04-23,10622.902008664469,91.05538940429688
2010-04-26,10599.939172197142,90.71153259277344
2010-04-27,10370.975569727654,88.56613159179688
2010-04-28,10426.41466378887,89.23892211914062
2010-04-29,10585.370857682277,90.3452377319336
2010-04-30,10390.188945711168,88.81278991699219
2010-05-03,10513.591167685798,89.96398162841797
2010-05-04,10279.32151518174,87.84854888916016
2010-05-05,10210.415987518847,87.32523345947266
2010-05-06,9897.174246570159,84.42487335205078
2010-05-07,9751.237781946922,83.16903686523438
2010-05-10,10159.14914262931,86.8318862915039
2010-05-11,10123.57742984463,86.58519744873047
2010-05-12,10286.168629822494,87.79618072509766
2010-05-13,10177.207741098733,86.70482635498047
2010-05-14,9935.195828905766,85.1350326538086
2010-05-17,9964.464376985969,85.17984771728516
2010-05-18,9781.326786648884,84.021240234375
2010-05-19,9739.76782029198,83.54283905029297
2010-05-20,9400.89185872672,80.3882827758789
2010-05-21,9542.915428014248,81.5618667602539
2010-05-24,9439.211875618978,80.51537322998047
2010-05-25,9453.878538058063,80.59758758544922
2010-05-26,9384.983315796568,80.11170959472656
2010-05-27,9670.495301865629,82.7952880859375
2010-05-28,9559.88928173634,81.75621032714844
2010-06-01,9421.050230901132,80.38078308105469
2010-06-02,9624.92717524255,82.47388458251953
2010-06-03,9657.121364851935,82.75789642333984
2010-06-04,9366.018970464425,79.85005950927734
2010-06-07,9267.155010722014,78.85585021972656
2010-06-08,9350.407092649575,79.70054626464844
2010-06-09,9299.882927101771,79.27447509765625
2010-06-10,9556.317177627556,81.59180450439453
2010-06-11,9587.70236442514,81.98796081542969
2010-06-14,9574.730905960536,81.86092376708984
2010-06-15,9786.204155341224,83.72220611572266
2010-06-16,9805.761111861158,83.69231414794922
2010-06-17,9836.210808005433,83.82685089111328
2010-06-18,9848.467046570158,83.91776275634766
2010-06-21,9796.372982925946,83.6773910522461
2010-06-22,9662.164676597116,82.29540252685547
2010-06-23,9624.168916695355,82.04005432128906
2010-06-24,9474.366170097306,80.68057250976562
2010-06-25,9518.038476170283,81.01856994628906
2010-06-28,9489.639635359965,80.76322937011719
2010-06-29,9201.44783993613,78.26964569091797
2010-06-30,9101.310393511932,77.52609252929688
2010-07-01,9131.018540938867,77.18059539794922
2010-07-02,9096.13676038096,76.75997161865234
2010-07-06,9152.572930493941,77.26322937011719
2010-07-07,9460.79482300178,79.69669342041016
2010-07-08,9548.169452953083,80.48530578613281
2010-07-09,9625.982890251269,81.08617401123047
2010-07-12,9654.852911433862,81.13876342773438
2010-07-13,9789.3357450655,82.36302185058594
2010-07-14,9799.978946093412,82.35551452636719
2010-07-15,9811.935701652024,82.3780288696289
2010-07-16,9520.424040479405,80.10979461669922
2010-07-19,9585.447423601598,80.58296203613281
2010-07-20,9689.040807398116,81.47677612304688
2010-07-21,9574.42600600937,80.4177474975586
2010-07-22,9760.84811111025,82.21282958984375
2010-07-23,9822.135240258569,82.92633056640625
2010-07-26,9906.409629797703,83.79005432128906
2010-07-27,9929.67189706954,83.78254699707031
2010-07-28,9854.940450138989,83.24176788330078
2010-07-29,9789.777643008692,82.83616638183594
2010-07-30,9792.805124548939,82.8211669921875
2010-08-02,9975.003078942695,84.69132995605469
2010-08-03,9957.528595837459,84.28577423095703
2010-08-04,10027.62372379225,84.84909057617188
2010-08-05,10017.55436005744,84.75894165039062
2010-08-06,10020.635914791286,84.41345977783203
2010-08-09,10095.255175658795,84.86408996582031
2010-08-10,10064.410797935192,84.40595245361328
2010-08-11,9813.472844624555,82.09264373779297
2010-08-12,9754.977152923315,81.58940887451172
2010-08-13,9722.403323694205,81.34906768798828
2010-08-16,9746.748290967034,81.31149291992188
2010-08-17,9837.973541580366,82.31043243408203
2010-08-18,9826.402069868349,82.46067810058594
2010-08-19,9677.999032486417,81.0261001586914
2010-08-20,9657.254682546267,80.76322937011719
2010-08-23,9604.935672729198,80.45527648925781
2010-08-24,9486.852314361371,79.26104736328125
2010-08-25,9527.52725528069,79.5689926147461
2010-08-26,9447.678024858487,79.0357437133789
2010-08-27,9588.72496780419,80.2599868774414
2010-08-30,9426.986645655692,79.09584045410156
2010-08-31,9430.151039992981,79.09584045410156
2010-09-01,9703.241857492201,81.46172332763672
2010-09-02,9782.55871447263,82.2203140258789
2010-09-03,9924.937713503854,83.28683471679688
2010-09-07,9844.846840571085,82.34799194335938
2010-09-08,9904.93361975298,82.92633056640625
2010-09-09,9944.208607182138,83.30935668945312
2010-09-10,10000.148095902558,83.72997283935547
2010-09-13,10119.294982260262,84.66132354736328
2010-09-14,10111.993611975326,84.6087417602539
2010-09-15,10139.780210042552,84.93169403076172
2010-09-16,10146.084405919186,84.90917205810547
2010-09-17,10182.194025718314,84.94088745117188
2010-09-20,10343.207814734877,86.23966217041016
2010-09-21,10341.03678207326,86.06598663330078
2010-09-22,10354.531137870219,85.64311218261719
2010-09-23,10283.886906065136,84.94844818115234
2010-09-24,10493.890310700568,86.70027160644531
2010-09-27,10451.64456217364,86.28497314453125
2010-09-28,10470.803999713167,86.58699035644531
2010-09-29,10468.571572870625,86.43598175048828
2010-09-30,10412.386123027432,86.17923736572266
2010-10-01,10489.421797618568,86.54169464111328
2010-10-04,10405.92086706551,85.89229583740234
2010-10-05,10586.286615051737,87.62147521972656
2010-10-06,10579.715206311475,87.61392211914062
2010-10-07,10558.078934403067,87.50823974609375
2010-10-08,10601.362891495019,87.99903869628906
2010-10-11,10603.028223526011,88.08208465576172
2010-10-12,10649.292184405322,88.35391235351562
2010-10-13,10707.72544271654,89.04108428955078
2010-10-14,10669.557810562808,88.69371032714844
2010-10-15,10692.860016868217,88.87493896484375
2010-10-18,10769.360369676266,89.31289672851562
2010-10-19,10629.021043418403,88.14247131347656
2010-10-20,10731.053312562655,89.00328826904297
2010-10-21,10796.231734271294,89.19963073730469
2010-10-22,10813.096058824234,89.36575317382812
2010-10-25,10823.303355777029,89.6300277709961
2010-10-26,10841.46628503516,89.64511108398438
2010-10-27,10828.335214226508,89.388427734375
2010-10-28,10827.728467692576,89.40351104736328
2010-10-29,10819.816906358334,89.47145080566406
2010-11-01,10797.867569946342,89.50162506103516
2010-11-02,10883.755498373483,90.21146392822266
2010-11-03,10919.29191206838,90.57389831542969
2010-11-04,11128.050376849964,92.31815338134766
2010-11-05,11188.569990135959,92.66551971435547
2010-11-08,11143.780184731517,92.49185180664062
2010-11-09,11071.314149401376,91.82733154296875
2010-11-10,11110.049050943351,92.19735717773438
2010-11-11,11032.090838650834,91.85003662109375
2010-11-12,10913.859688024728,90.76265716552734
2010-11-15,10884.919073727231,90.63429260253906
2010-11-16,10737.23159637149,89.2222900390625
2010-11-17,10754.534545420824,89.26758575439453
2010-11-18,10903.134848706666,90.58145141601562
2010-11-19,10924.988286046586,90.83063507080078
2010-11-22,10932.84194110132,90.755126953125
2010-11-23,10792.364174560173,89.4412612915039
2010-11-24,10936.359193857092,90.76265716552734
2010-11-26,10858.88134286672,89.70555114746094
2010-11-29,10877.565343914606,89.97738647460938
2010-11-30,10823.089533747214,89.47145080566406
2010-12-01,11041.016165470219,91.37430572509766
2010-12-02,11153.51421517681,92.544677734375
2010-12-03,11175.661183857645,92.79387664794922
2010-12-06,11176.626368083429,92.69571685791016
2010-12-07,11153.80178219287,92.74858093261719
2010-12-08,11216.200661344863,93.0883560180664
2010-12-09,11274.50753801544,93.45081329345703
2010-12-10,11349.533247432511,93.9944839477539
2010-12-13,11342.921349967233,94.05487823486328
2010-12-14,11338.306228728203,94.137939453125
2010-12-15,11278.104209109237,93.70756530761719
2010-12-16,11292.423465009044,94.25121307373047
2010-12-17,11288.883703301306,94.35215759277344
2010-12-20,11308.089615920268,94.57987213134766
2010-12-21,11387.212236641213,95.17957305908203
2010-12-22,11431.260319574545,95.4755859375
2010-12-23,11410.396643707887,95.33898162841797
2010-12-27,11424.841405183879,95.3769302368164
2010-12-28,11441.088201320164,95.51355743408203
2010-12-29,11441.922489597478,95.5818862915039
2010-12-30,11413.22211875882,95.4300537109375
2010-12-31,11420.362836387196,95.45279693603516
2011-01-03,11589.087253653819,96.43962097167969
2011-01-04,11615.626357812296,96.38650512695312
2011-01-05,11686.45065737478,96.88748168945312
2011-01-06,11707.539562249103,96.69770812988281
2011-01-07,11690.269987250473,96.50794982910156
2011-01-10,11686.43019928506,96.38650512695312
2011-01-11,11714.62888642126,96.72805786132812
2011-01-12,11860.055573997053,97.60096740722656
2011-01-13,11849.713854905342,97.44158172607422
2011-01-14,11958.728140140209,98.14752960205078
2011-01-18,11965.555749880234,98.31450653076172
2011-01-19,11847.160054877893,97.35051727294922
2011-01-20,11845.086347591929,97.22144317626953
2011-01-21,11858.931387898941,97.44158172607422
2011-01-24,11962.549423344637,97.99571990966797
2011-01-25,11953.956966632466,98.04882049560547
2011-01-26,11959.110759025278,98.42835998535156
2011-01-27,12069.824303028694,98.67130279541016
2011-01-28,11870.330627499323,96.9482192993164
2011-01-31,11915.485432203654,97.67688751220703
2011-02-01,12091.395437289977,99.2406005859375
2011-02-02,12074.06090525577,99.05082702636719
2011-02-03,12111.978528748148,99.2709732055664
2011-02-04,12140.025489104943,99.55180358886719
2011-02-07,12189.591163530627,100.17423248291016
2011-02-08,12254.164954214673,100.62966918945312
2011-02-09,12224.143892923616,100.40198516845703
2011-02-10,12209.865901557336,100.43992614746094
2011-02-11,12298.227753614063,101.03958892822266
2011-02-14,12340.07595141313,101.28243255615234
2011-02-15,12304.168440978592,100.96365356445312
2011-02-16,12346.362872565489,101.60131072998047
2011-02-17,12392.624064139412,101.90494537353516
2011-02-18,12417.824103480289,102.11746978759766
2011-02-22,12144.38483681004,100.06794738769531
2011-02-23,12031.624757184481,99.453125
2011-02-24,12054.782367852664,99.38478088378906
2011-02-25,12155.525094329216,100.44749450683594
2011-02-28,12188.171686006626,101.06993103027344
2011-03-01,11995.43279972696,99.38478088378906
2011-03-02,12000.150269123083,99.59734344482422
2011-03-03,12214.748286357482,101.3128662109375
2011-03-04,12121.79993096703,100.55377197265625
2011-03-07,12028.617674737812,99.76432800292969
2011-03-08,12118.248680670873,100.63729858398438
2011-03-09,12107.71966903835,100.4930648803711
2011-03-10,11894.129817925752,98.63335418701172
2011-03-11,11953.778916631481,99.31646728515625
2011-03-14,11876.576782678989,98.71685791015625
2011-03-15,11749.09223265127,97.58580017089844
2011-03-16,11498.659281801958,95.77922058105469
2011-03-17,11629.507026992098,97.04686737060547
2011-03-18,11685.11393040472,97.39984130859375
2011-03-21,11846.33828823075,98.9093246459961
2011-03-22,11830.113692763542,98.5662612915039
2011-03-23,11876.328816951369,98.84835815429688
2011-03-24,11998.495161532957,99.7936782836914
2011-03-25,11999.766414595513,100.09861755371094
2011-03-28,12013.060609977058,99.85467529296875
2011-03-29,12116.403623267233,100.52555084228516
2011-03-30,12193.17306360912,101.21929168701172
2011-03-31,12162.100201850766,101.08206176757812
2011-04-01,12280.632408953526,101.5090103149414
2011-04-04,12284.88947089614,101.59285736083984
2011-04-05,12276.15397185953,101.57766723632812
2011-04-06,12337.075351519356,101.89781951904297
2011-04-07,12334.026748834627,101.63862609863281
2011-04-08,12284.933239094229,101.28792572021484
2011-04-11,12246.39096273713,100.98299407958984
2011-04-12,12172.38457905899,100.22823333740234
2011-04-13,12178.981595547684,100.22062683105469
2011-04-14,12184.435017373757,100.29684448242188
2011-04-15,12201.999551906945,100.66280364990234
2011-04-18,12081.349466124779,99.53447723388672
2011-04-19,12136.407723665725,100.10623168945312
2011-04-20,12288.680865964268,101.47091674804688
2011-04-21,12375.103954194175,101.98930358886719
2011-04-25,12362.232602431633,101.88256072998047
2011-04-26,12441.923053891023,102.75929260253906
2011-04-27,12557.719785513576,103.43016815185547
2011-04-28,12597.828999623254,103.76560974121094
2011-04-29,12627.746595773458,104.00955200195312
2011-05-02,12630.626273641556,103.84949493408203
2011-05-03,12626.415517246558,103.47590637207031
2011-05-04,12572.235331787224,102.7898178100586
2011-05-05,12457.73225638697,101.85970306396484
2011-05-06,12517.175717119939,102.30949401855469
2011-05-09,12567.261009851041,102.70591735839844
2011-05-10,12653.196748258773,103.58262634277344
2011-05-11,12566.59384326947,102.49246978759766
2011-05-12,12646.04770467421,102.9803466796875
2011-05-13,12519.164606041686,102.18751525878906
2011-05-16,12427.365081510423,101.53949737548828
2011-05-17,12453.713949780904,101.52425384521484
2011-05-18,12531.67058854964,102.43148040771484
2011-05-19,12557.45073866187,102.67544555664062
2011-05-20,12462.632835792827,101.85970306396484
2011-05-23,12335.881366463094,100.67799377441406
2011-05-24,12306.382601037425,100.59416961669922
2011-05-25,12339.58720104365,100.92961883544922
2011-05-26,12379.12986428602,101.3946304321289
2011-05-27,12448.075332542903,101.78346252441406
2011-05-31,12598.974792594898,102.84317016601562
2011-06-01,12313.91010344154,100.53317260742188
2011-06-02,12320.58558730196,100.42646789550781
2011-06-03,12198.454939343283,99.42774200439453
2011-06-06,12075.193103305155,98.37567901611328
2011-06-07,12059.177817164256,98.314697265625
2011-06-08,12013.52719888858,97.90301513671875
2011-06-09,12090.756809390989,98.65011596679688
2011-06-10,11936.888674020805,97.27788543701172
2011-06-13,11978.884774647686,97.35413360595703
2011-06-14,12104.560304253615,98.5891342163086
2011-06-15,11905.761132783746,96.835693359375
2011-06-16,11924.560261878263,97.04917907714844
2011-06-17,11945.941372650364,97.3387680053711
2011-06-20,12009.27662457717,97.83674621582031
2011-06-21,12156.745169582091,99.17753601074219
2011-06-22,12059.78165041791,98.57994842529297
2011-06-23,12058.155255023843,98.29645538330078
2011-06-24,11925.54313478979,97.15489959716797
2011-06-27,12041.142997474315,98.02066802978516
2011-06-28,12178.430395699896,99.30010223388672
2011-06-29,12314.995940736082,100.15052795410156
2011-06-30,12417.615567805715,101.10820770263672
2011-07-01,12679.41407635997,102.6021957397461
2011-07-05,12679.87792593792,102.51791381835938
2011-07-06,12708.222875015472,102.64051818847656
2011-07-07,12829.154867048255,103.70543670654297
2011-07-08,12744.589906943747,102.96993255615234
2011-07-11,12537.51900699502,101.10820770263672
2011-07-12,12466.473643694279,100.6714859008789
2011-07-13,12508.034285070777,101.00859069824219
2011-07-14,12411.72453223769,100.31140899658203
2011-07-15,12482.752573034708,100.8936767578125
2011-07-18,12381.085615283144,100.06624603271484
2011-07-19,12579.179340399758,101.69051361083984
2011-07-20,12602.60480128315,101.62919616699219
2011-07-21,12751.216424172695,103.0389175415039
2011-07-22,12761.615728594026,103.10783386230469
2011-07-25,12700.866119187984,102.533203125
2011-07-26,12618.312207589883,102.150146484375
2011-07-27,12395.947217627456,100.05857849121094
2011-07-28,12369.271201922546,99.76744842529297
2011-07-29,12290.235213400001,99.08557891845703
2011-08-01,12285.119398888895,98.66417694091797
2011-08-02,12009.568169041815,96.14356994628906
2011-08-03,12124.530303416335,96.6645736694336
2011-08-04,11608.949178413795,92.13665771484375
2011-08-05,11588.805303706898,91.99872589111328
2011-08-08,10855.101157637911,86.00748443603516
2011-08-09,11382.480414246098,90.0067367553711
2011-08-10,10861.750585622043,86.03048706054688
2011-08-11,11362.055359688591,89.89183807373047
2011-08-12,11398.8822954943,90.49708557128906
2011-08-15,11638.664095885944,92.41248321533203
2011-08-16,11528.305398326173,91.62332153320312
2011-08-17,11543.529839014283,91.68462371826172
2011-08-18,11071.424236899007,87.73128509521484
2011-08-19,10911.02729583601,86.29862213134766
2011-08-22,10920.262673484816,86.36756134033203
2011-08-23,11311.797858314028,89.2099609375
2011-08-24,11470.634599128478,90.46643829345703
2011-08-25,11320.175190034035,89.0873794555664
2011-08-26,11469.618231764525,90.38219451904297
2011-08-29,11731.877876446584,92.97940063476562
2011-08-30,11778.460373117563,93.22457122802734
2011-08-31,11827.918499750947,93.6383056640625
2011-09-01,11707.857628513786,92.6576156616211
2011-09-02,11424.859843900544,90.29021453857422
2011-09-06,11372.830113834723,89.63131713867188
2011-09-07,11677.123850064012,92.15962982177734
2011-09-08,11567.712713188599,91.2019271850586
2011-09-09,11277.958503759515,88.81158447265625
2011-09-12,11388.875630688028,89.38619232177734
2011-09-13,11486.557905609221,90.20596313476562
2011-09-14,11637.945670389046,91.45476531982422
2011-09-15,11803.680668456402,93.03303527832031
2011-09-16,11875.62405922788,93.5836410522461
2011-09-19,11771.724650838292,92.65185546875
2011-09-20,11765.77438672884,92.54400634765625
2011-09-21,11483.611159514518,89.81783294677734
2011-09-22,11167.957420948285,86.91447448730469
2011-09-23,11280.546095591657,87.43817901611328
2011-09-26,11493.324630254308,89.5174789428711
2011-09-27,11563.29702161514,90.51861572265625
2011-09-28,11385.672443419224,88.67036437988281
2011-09-29,11452.606724743564,89.37116241455078
2011-09-30,11202.12032540005,87.13784790039062
2011-10-03,10959.713089820474,84.65807342529297
2011-10-04,11128.380910111115,86.5140609741211
2011-10-05,11293.463220540489,88.11589050292969
2011-10-06,11474.94273036502,89.71000671386719
2011-10-07,11413.696698139234,89.10931396484375
2011-10-10,11763.582380423215,92.08963775634766
2011-10-11,11759.978225520897,92.18207550048828
2011-10-12,11877.370523555574,92.99066162109375
2011-10-13,11879.594524407175,92.80583190917969
2011-10-14,12065.079183849528,94.39228820800781
2011-10-17,11841.251042214662,92.59024047851562
2011-10-18,12046.190629384124,94.39998626708984
2011-10-19,11887.732836793817,93.28331756591797
2011-10-20,11922.862307534,93.69148254394531
2011-10-21,12113.373126202407,95.47044372558594
2011-10-24,12248.277148468149,96.64100646972656
2011-10-25,11915.55081842958,94.76192474365234
2011-10-26,12009.64518757697,95.72453308105469
2011-10-27,12411.238897368217,99.05912017822266
2011-10-28,12421.626453110404,99.03602600097656
2011-10-31,12140.199040224683,96.64868927001953
2011-11-01,11815.922233339697,93.95330810546875
2011-11-02,12007.259097314018,95.48583221435547
2011-11-03,12270.393118794296,97.2262954711914
2011-11-04,12174.909803532622,96.63329315185547
2011-11-07,12256.554124314403,97.2339859008789
2011-11-08,12400.269742679156,98.48158264160156
2011-11-09,11995.151269371896,94.84663391113281
2011-11-10,12076.42193082139,95.73995208740234
2011-11-11,12318.138218845195,97.54202270507812
2011-11-14,12228.547456378315,96.6178970336914
2011-11-15,12291.287388247863,97.09535217285156
2011-11-16,12085.622205890648,95.5551528930664
2011-11-17,11896.25668792375,94.03801727294922
2011-11-18,11887.175992785236,93.93791961669922
2011-11-21,11675.780876298682,92.15126037597656
2011-11-22,11624.9399097339,91.7892837524414
2011-11-23,11367.579656529606,89.76390838623047
2011-11-25,11331.574952127476,89.5945053100586
2011-11-28,11680.51675721183,92.18976593017578
2011-11-29,11709.207722651334,92.45159912109375
2011-11-30,12190.199243661826,96.25593566894531
2011-12-01,12209.361165604087,96.24053192138672
2011-12-02,12214.030403297049,96.15579223632812
2011-12-05,12324.811181902849,97.20316314697266
2011-12-06,12337.248602473788,97.2339859008789
2011-12-07,12395.915477116878,97.5959243774414
2011-12-08,12152.253474065374,95.45502471923828
2011-12-09,12353.592427787817,97.07225036621094
2011-12-12,12186.408154146882,95.65523529052734
2011-12-13,12089.637579662307,94.76192474365234
2011-12-14,11959.16581806229,93.75309753417969
2011-12-15,11994.883705989238,94.0919418334961
2011-12-16,12039.501322549011,94.2314453125
2011-12-19,11909.347620594142,93.22393798828125
2011-12-20,12261.720154033492,96.04490661621094
2011-12-21,12242.015363214154,96.23092651367188
2011-12-22,12354.684710380281,97.08341217041016
2011-12-23,12456.538968968727,97.95137786865234
2011-12-27,12437.983265199653,98.02888488769531
2011-12-28,12299.895484981023,96.74242401123047
2011-12-29,12428.784195025304,97.74214935302734
2011-12-30,12365.66783964092,97.26162719726562
2012-01-03,12589.820169592662,98.8116455078125
2012-01-04,12606.30023080616,98.96664428710938
2012-01-05,12631.734439931266,99.23014831542969
2012-01-06,12599.265361707108,98.9743881225586
2012-01-09,12642.04720238437,99.21463012695312
2012-01-10,12712.519597955528,100.07488250732422
2012-01-11,12701.945934398278,100.129150390625
2012-01-12,12743.841529435522,100.3693618774414
2012-01-13,12689.740929535305,99.85011291503906
2012-01-17,12725.747723791837,100.23765563964844
2012-01-18,12901.107781905175,101.34587860107422
2012-01-19,12947.15936884739,101.880615234375
2012-01-20,12915.272038282557,102.26038360595703
2012-01-23,12897.211909445705,101.99687957763672
2012-01-24,12871.417303062712,101.880615234375
2012-01-25,12960.677262405598,102.73310852050781
2012-01-26,12951.424939036078,102.20614624023438
2012-01-27,12959.583851580364,102.15962982177734
2012-01-30,12930.523068733408,101.8108901977539
2012-01-31,12933.91747139182,101.7721176147461
2012-02-01,13026.524514813484,102.6633529663086
2012-02-02,13093.027088236113,102.82610321044922
2012-02-03,13263.560360255768,104.26760864257812
2012-02-06,13263.70659967444,104.19784545898438
2012-02-07,13285.476410449684,104.46135711669922
2012-02-08,13320.109624422228,104.77136993408203
2012-02-09,13333.190297617515,104.90306091308594
2012-02-10,13249.804346148037,104.12808990478516
2012-02-13,13313.303542017678,104.90306091308594
2012-02-14,13320.35259344285,104.77136993408203
2012-02-15,13225.085428714381,104.28312683105469
2012-02-16,13347.601529443109,105.43783569335938
2012-02-17,13396.99075704464,105.71685028076172
2012-02-21,13406.965256705205,105.76334381103516
2012-02-22,13368.2413926935,105.4223403930664
2012-02-23,13407.551160152876,105.88732147216797
2012-02-24,13431.013946410301,106.11981201171875
2012-02-27,13453.860591595996,106.29810333251953
2012-02-28,13516.698704828805,106.60807037353516
2012-02-29,13451.104568000777,106.1895523071289
2012-03-01,13523.133016976919,106.73982238769531
2012-03-02,13494.223213361052,106.41429901123047
2012-03-05,13427.479272902765,105.98031616210938
2012-03-06,13242.897002612804,104.43035125732422
2012-03-07,13339.529183674731,105.15884399414062
2012-03-08,13459.204852520923,106.20504760742188
2012-03-09,13493.887035310876,106.61581420898438
2012-03-12,13493.0269667395,106.62358093261719
2012-03-13,13734.83494149828,108.54557037353516
2012-03-14,13727.29495085652,108.42929077148438
2012-03-15,13820.771197399514,109.05705261230469
2012-03-16,13827.853269398149,109.20806121826172
2012-03-19,13899.137113022834,109.63619995117188
2012-03-20,13875.51658850739,109.3170166015625
2012-03-21,13847.631339355681,109.13799285888672
2012-03-22,13778.05893225188,108.35184478759766
2012-03-23,13825.493551361646,108.7021255493164
2012-03-26,14023.12708177396,110.2277603149414
2012-03-27,13982.915223997597,109.88522338867188
2012-03-28,13949.540041522401,109.34040069580078
2012-03-29,13919.358264312958,109.153564453125
2012-03-30,13965.350671187882,109.60502624511719
2012-04-02,14092.318966384582,110.40675354003906
2012-04-03,14045.266123290134,109.95531463623047
2012-04-04,13901.879270626374,108.8656005859375
2012-04-05,13909.489158676093,108.81105041503906
2012-04-09,13754.693602739631,107.58898162841797
2012-04-10,13520.488604364165,105.78316497802734
2012-04-11,13623.689220233184,106.63937377929688
2012-04-12,13814.850277015636,108.03266906738281
2012-04-13,13647.106039908042,106.74835968017578
2012-04-16,13661.459832158278,106.67826080322266
2012-04-17,13854.813600702293,108.2584228515625
2012-04-18,13794.57672931479,107.89260864257812
2012-04-19,13700.56840191756,107.19979858398438
2012-04-20,13740.916610642134,107.37885284423828
2012-04-23,13625.359669299585,106.47592163085938
2012-04-24,13663.957177323024,106.88068389892578
2012-04-25,13825.777145684537,108.34403991699219
2012-04-26,13902.26877027289,109.09906005859375
2012-04-27,13964.657507675203,109.27810668945312
2012-04-30,13905.956076249426,108.87337493896484
2012-05-01,13964.01837252052,109.55052185058594
2012-05-02,13940.115431584307,109.22367095947266
2012-05-03,13809.28897131801,108.39076232910156
2012-05-04,13607.24790619273,106.63937377929688
2012-05-07,13623.439538215493,106.71722412109375
2012-05-08,13577.927125633822,106.28913116455078
2012-05-09,13481.948044408677,105.65857696533203
2012-05-10,13508.532342837587,105.8765640258789
2012-05-11,13488.49050698741,105.55738830566406
2012-05-14,13358.25226950632,104.38983917236328
2012-05-15,13299.307920882356,103.79045867919922
2012-05-16,13267.386213085692,103.39348602294922
2012-05-17,13077.697049749522,101.86004638671875
2012-05-18,12961.038072324951,100.9882583618164
2012-05-21,13089.436456003552,102.72407531738281
2012-05-22,13091.447217162044,102.9030990600586
2012-05-23,13121.9219869302,102.95759582519531
2012-05-24,13141.860025400923,103.15996551513672
2012-05-25,13101.821554091093,102.82527923583984
2012-05-29,13230.566662467902,104.07069396972656
2012-05-30,13070.404051406673,102.56061553955078
2012-05-31,13042.714051421948,102.33489227294922
2012-06-01,12746.57907416533,99.7584228515625
2012-06-04,12768.745755575015,99.71170806884766
2012-06-05,12839.303601122343,100.46674346923828
2012-06-06,13134.504752917845,102.72407531738281
2012-06-07,13139.231110338033,102.78633117675781
2012-06-08,13242.37849437022,103.60364532470703
2012-06-11,13091.346076974341,102.28819274902344
2012-06-12,13249.80648280538,103.46355438232422
2012-06-13,13172.276219146646,102.80192565917969
2012-06-14,13305.533388809803,103.89167022705078
2012-06-15,13442.297171038712,104.95419311523438
2012-06-18,13456.621588187842,105.15758514404297
2012-06-19,13593.475039858571,106.17474365234375
2012-06-20,13569.126773261867,106.00261688232422
2012-06-21,13301.035764294162,103.62409210205078
2012-06-22,13419.542809836305,104.42216491699219
2012-06-25,13206.301297420838,102.74775695800781
2012-06-26,13269.25495162923,103.26415252685547
2012-06-27,13379.95780697258,104.1951904296875
2012-06-28,13342.730193310163,103.89793395996094
2012-06-29,13660.234564038901,106.48776245117188
2012-07-02,13737.002680101796,106.80854797363281
2012-07-03,13789.247255513728,107.51274871826172
2012-07-05,13757.879039574796,107.02762603759766
2012-07-06,13643.260329657262,106.01049041748047
2012-07-09,13632.225895613974,105.87745666503906
2012-07-10,13531.2068289048,104.95419311523438
2012-07-11,13517.065305202981,104.9698486328125
2012-07-12,13453.602939792367,104.4612808227539
2012-07-13,13671.748038876809,106.21391296386719
2012-07-16,13648.319802931112,105.96349334716797
2012-07-17,13718.066393488869,106.69114685058594
2012-07-18,13836.933530167127,107.48139953613281
2012-07-19,13858.588448053626,107.7630844116211
2012-07-20,13746.673590718188,106.77723693847656
2012-07-23,13650.754152233292,105.69744110107422
2012-07-24,13520.654051336396,104.78984832763672
2012-07-25,13494.481789205462,104.81333923339844
2012-07-26,13721.206794564781,106.54251861572266
2012-07-27,14004.385354419292,108.50640869140625
2012-07-30,13976.27007664235,108.50640869140625
2012-07-31,13891.441252155428,107.74745178222656
2012-08-01,13835.205986851372,107.65349578857422
2012-08-02,13715.94162881668,106.91022491455078
2012-08-03,13951.997981933755,109.03060913085938
2012-08-06,13960.538132120906,109.24186706542969
2012-08-07,14010.18465948837,109.78960418701172
2012-08-08,14028.328486263468,109.92256927490234
2012-08-09,14056.596791478441,110.01644134521484
2012-08-10,14091.82549761196,110.19647216796875
2012-08-13,14075.062391725132,110.14163208007812
2012-08-14,14093.221091669278,110.1572494506836
2012-08-15,14119.197772194279,110.282470703125
2012-08-16,14238.821875564032,111.09624481201172
2012-08-17,14241.947222732986,111.2448501586914
2012-08-20,14221.830395910147,111.25267791748047
2012-08-21,14178.910999831915,110.91627502441406
2012-08-22,14184.61608787888,110.96318054199219
2012-08-23,14084.566896199107,110.0555191040039
2012-08-24,14192.737763664032,110.72061157226562
2012-08-27,14190.252076797673,110.7441177368164
2012-08-28,14182.59129397426,110.63459014892578
2012-08-29,14199.819626454024,110.72061157226562
2012-08-30,14090.55882339665,109.92256927490234
2012-08-31,14163.065189768673,110.44676971435547
2012-09-04,14107.900695216593,110.3449935913086
2012-09-05,14094.341528960122,110.25122833251953
2012-09-06,14386.265939877825,112.48888397216797
2012-09-07,14407.795141059556,112.92705535888672
2012-09-10,14310.654034378758,112.28553009033203
2012-09-11,14341.220027208603,112.59847259521484
2012-09-12,14367.811213850764,112.97400665283203
2012-09-13,14613.60359881723,114.6954116821289
2012-09-14,14646.780244999656,115.20393371582031
2012-09-17,14588.973506983375,114.81269836425781
2012-09-18,14591.189036309392,114.71884155273438
2012-09-19,14613.080756135838,114.78142547607422
2012-09-20,14632.499809551426,114.78926849365234
2012-09-21,14633.162945949354,114.74125671386719
2012-09-24,14615.54586581274,114.5682144165039
2012-09-25,14494.48106287903,113.34898376464844
2012-09-26,14434.802951250782,112.71183776855469
2012-09-27,14555.692691872546,113.77375030517578
2012-09-28,14499.944157609869,113.24671936035156
2012-10-01,14617.782838757144,113.54563903808594
2012-10-02,14619.263979524305,113.6635971069336
2012-10-03,14726.499416433535,114.12779235839844
2012-10-04,14865.494981968146,114.94573974609375
2012-10-05,14873.276877168324,114.95360565185547
2012-10-08,14854.339173109003,114.56037139892578
2012-10-09,14708.169038902648,113.42766571044922
2012-10-10,14614.680408938922,112.70401000976562
2012-10-11,14614.282812788255,112.76689147949219
2012-10-12,14557.23564322953,112.397216796875
2012-10-15,14714.262218307214,113.3332290649414
2012-10-16,14843.30679585997,114.48172760009766
2012-10-17,14904.950357491998,115.0008544921875
2012-10-18,14846.444487800325,114.70196533203125
2012-10-19,14622.8318403077,112.79051208496094
2012-10-22,14616.44795011086,112.80622863769531
2012-10-23,14439.55369687005,111.24089813232422
2012-10-24,14343.01048656094,110.9262924194336
2012-10-25,14367.962764008884,111.24873352050781
2012-10-26,14394.429129365755,111.18582916259766
2012-10-31,14436.714738285847,111.18582916259766
2012-11-01,14598.007731590149,112.35004425048828
2012-11-02,14488.985240784219,111.35102844238281
2012-11-05,14505.169903869279,111.57913208007812
2012-11-06,14616.37035388055,112.4522705078125
2012-11-07,14268.702259002754,109.90367126464844
2012-11-08,14133.541711718926,108.58219146728516
2012-11-09,14165.899374690658,108.67658996582031
2012-11-12,14167.751847460186,108.76312255859375
2012-11-13,14127.862737854603,108.3855209350586
2012-11-14,13935.19179855688,106.92247772216797
2012-11-15,13916.060474418604,106.7415771484375
2012-11-16,13983.432417812035,107.2685775756836
2012-11-19,14241.612485394893,109.43961334228516
2012-11-20,14276.7522204292,109.48676300048828
2012-11-21,14310.916677666057,109.69134521484375
2012-11-23,14473.396463106305,111.18582916259766
2012-11-26,14453.831355008806,110.94985961914062
2012-11-27,14393.74310034844,110.3835220336914
2012-11-28,14521.909867201657,111.27236938476562
2012-11-29,14578.832724362961,111.79149627685547
2012-11-30,14612.16111507318,111.81511688232422
2012-12-03,14531.627894457131,111.2645263671875
2012-12-04,14527.995231414125,111.10719299316406
2012-12-05,14607.736230223845,111.3038330078125
2012-12-06,14651.542060996344,111.68138122558594
2012-12-07,14689.813622146172,112.0196533203125
2012-12-10,14699.573624074697,112.0668716430664
2012-12-11,14807.91028290041,112.82984161376953
2012-12-12,14809.032241190956,112.88490295410156
2012-12-13,14736.298137174788,112.19269561767578
2012-12-14,14664.454401383722,111.7757568359375
2012-12-17,14870.873011088412,113.0893783569336
2012-12-18,15033.154072969863,114.34796905517578
2012-12-19,14905.966509501937,113.49844360351562
2012-12-20,15001.365188981394,114.15132141113281
2012-12-21,14864.62231648035,113.11512756347656
2012-12-24,14823.183438028911,112.7665786743164
2012-12-26,14768.23136142851,112.29127502441406
2012-12-27,14732.226643582688,112.14079284667969
2012-12-28,14579.700700638292,110.9287338256836
2012-12-31,14798.53308441619,112.81413269042969
2013-01-02,15243.314454747779,115.70552825927734
2013-01-03,15229.986169271264,115.44415283203125
2013-01-04,15311.022602815108,115.951171875
2013-01-07,15287.593511559278,115.63428497314453
2013-01-08,15230.917701569835,115.30157470703125
2013-01-09,15280.964878112376,115.59469604492188
2013-01-10,15397.402366041071,116.51358795166016
2013-01-11,15399.949275841818,116.50566101074219
2013-01-14,15382.23411968494,116.42639923095703
2013-01-15,15380.251174768367,116.50566101074219
2013-01-16,15366.925996069765,116.4898452758789
2013-01-17,15433.731965729146,117.24240112304688
2013-01-18,15484.22425749348,117.50385284423828
2013-01-22,15536.824660903772,118.13751983642578
2013-01-23,15567.043294888359,118.32774353027344
2013-01-24,15707.66076438253,118.359375
2013-01-25,15834.511579136675,119.02479553222656
2013-01-28,15795.565381992796,118.8822021484375
2013-01-29,15891.722693338335,119.34961700439453
2013-01-30,15855.773928164557,118.8822021484375
2013-01-31,15833.343966061759,118.589111328125
2013-02-01,15981.385437181236,119.80904388427734
2013-02-04,15833.636278535028,118.46236419677734
2013-02-05,16011.491616101206,119.65858459472656
2013-02-06,16039.068700998596,119.7457046508789
2013-02-07,15992.514207529113,119.58723449707031
2013-02-08,16063.161306267291,120.25267028808594
2013-02-11,16044.440705579618,120.22896575927734
2013-02-12,16084.498785360367,120.427001953125
2013-02-13,16110.649369453315,120.52995300292969
2013-02-14,16144.381669611425,120.64082336425781
2013-02-15,16135.487425317859,120.49820709228516
2013-02-19,16265.084325176891,121.40133666992188
2013-02-20,16080.003879225009,119.8882064819336
2013-02-21,15983.709115211328,119.15948486328125
2013-02-22,16110.567372343145,120.32403564453125
2013-02-25,15858.391854463362,118.03458404541016
2013-02-26,15961.17121989368,118.84260559082031
2013-02-27,16166.607003438587,120.33979797363281
2013-02-28,16148.542275585985,120.10216522216797
2013-03-01,16180.280772031409,120.49820709228516
2013-03-04,16252.314503249478,121.139892578125
2013-03-05,16401.177764919492,122.22520446777344
2013-03-06,16447.019939336744,122.39154815673828
2013-03-07,16488.22175037224,122.61333465576172
2013-03-08,16536.029590659582,123.13614654541016
2013-03-11,16569.7303747434,123.60360717773438
2013-03-12,16534.183213689976,123.32637023925781
2013-03-13,16576.96738674106,123.50057983398438
2013-03-14,16623.42059525975,124.15811157226562
2013-03-15,16600.188725605767,123.99423217773438
2013-03-18,16500.15242556913,123.30990600585938
2013-03-19,16466.605480171667,123.02342987060547
2013-03-20,16571.150910964665,123.88275146484375
2013-03-21,16404.292004244086,122.82453155517578
2013-03-22,16508.757110656636,123.81116485595703
2013-03-25,16464.03028178983,123.29396057128906
2013-03-26,16654.5023537193,124.28069305419922
2013-03-27,16657.59877366546,124.28069305419922
2013-03-28,16721.20926348853,124.66259765625
2013-04-01,16698.680659049198,124.16922760009766
2013-04-02,16819.766014242417,124.78192901611328
2013-04-03,16638.16550986412,123.51675415039062
2013-04-04,16712.05137418682,124.01807403564453
2013-04-05,16635.7762023421,123.46112060546875
2013-04-08,16736.131885663326,124.29657745361328
2013-04-09,16803.626646948273,124.72627258300781
2013-04-10,17019.22103646916,126.2540054321289
2013-04-11,17068.336532628,126.66777038574219
2013-04-12,17054.40625874175,126.357421875
2013-04-15,16747.621868470847,123.42925262451172
2013-04-16,16935.584323286585,125.25141143798828
2013-04-17,16712.552807026175,123.42124938964844
2013-04-18,16594.604181179064,122.64946746826172
2013-04-19,16758.5080552417,123.71568298339844
2013-04-22,16834.449929302617,124.26469421386719
2013-04-23,17094.711873090728,125.54581451416016
2013-04-24,17070.01705613884,125.62541198730469
2013-04-25,17101.17269580288,126.13468933105469
2013-04-26,17067.617747159373,125.91184997558594
2013-04-29,17145.88868527808,126.75532531738281
2013-04-30,17181.175729250714,127.05764770507812
2013-05-01,17021.507798841787,125.94374084472656
2013-05-02,17173.98788066171,127.1133041381836
2013-05-03,17306.82644416788,128.40234375
2013-05-06,17322.70728895273,128.7285919189453
2013-05-07,17380.516090219393,129.38108825683594
2013-05-08,17480.07265086191,129.96990966796875
2013-05-09,17424.412892140026,129.6038818359375
2013-05-10,17501.93088334084,130.02565002441406
2013-05-13,17533.571157061466,130.12908935546875
2013-05-14,17713.149185783408,131.47381591796875
2013-05-15,17872.765110304852,132.18194580078125
2013-05-16,17790.353942593658,131.56130981445312
2013-05-17,17971.633681295756,132.8343963623047
2013-05-20,17949.108820460202,132.8264617919922
2013-05-21,18002.673247459406,133.01744079589844
2013-05-22,17862.009164088424,132.03076171875
2013-05-23,17804.89513884746,131.6488800048828
2013-05-24,17814.07019327714,131.5374298095703
2013-05-28,17879.849811633732,132.32522583007812
2013-05-29,17758.320931369646,131.46583557128906
2013-05-30,17850.072557269254,131.95126342773438
2013-05-31,17617.8678080691,130.0574951171875
2013-06-03,17728.422765236737,130.7736053466797
2013-06-04,17641.133553347674,130.14492797851562
2013-06-05,17409.27242581012,128.3228302001953
2013-06-06,17545.385044647785,129.48451232910156
2013-06-07,17768.477839110514,131.131591796875
2013-06-10,17790.68539018029,131.131591796875
2013-06-11,17586.430791691237,129.77890014648438
2013-06-12,17431.037114781637,128.70477294921875
2013-06-13,17673.15106433268,130.6621551513672
2013-06-14,17555.583962160104,129.84262084960938
2013-06-17,17733.964312681357,130.84518432617188
2013-06-18,17876.153057413212,131.87962341308594
2013-06-19,17660.80258038419,130.0574951171875
2013-06-20,17221.31047307752,126.8348159790039
2013-06-21,17238.426240251734,127.2419662475586
2013-06-24,17038.021266129548,125.6341552734375
2013-06-25,17182.254291512025,126.84207153320312
2013-06-26,17363.007245355646,128.097900390625
2013-06-27,17466.596709915026,128.84979248046875
2013-06-28,17375.57856001606,128.3218536376953
2013-07-01,17506.61707891345,129.0738525390625
2013-07-02,17479.306278269145,128.95379638671875
2013-07-03,17498.705368206287,129.00982666015625
2013-07-05,17677.603456377736,130.40164184570312
2013-07-08,17796.888662046535,131.1456298828125
2013-07-09,17937.656388924446,132.0894775390625
2013-07-10,17935.71898272914,132.13748168945312
2013-07-11,18165.335657751475,133.93727111816406
2013-07-12,18236.712975545066,133.99327087402344
2013-07-15,18301.706781222263,134.50521850585938
2013-07-16,18260.299396135146,134.0012969970703
2013-07-17,18305.867457584878,134.3452606201172
2013-07-18,18366.42415588546,135.0811767578125
2013-07-19,18380.968884489692,135.3211212158203
2013-07-22,18439.29209682874,135.58505249023438
2013-07-23,18435.450430633537,135.29718017578125
2013-07-24,18357.09063890675,134.80117797851562
2013-07-25,18407.331772777892,135.12913513183594
2013-07-26,18422.58555250636,135.2731475830078
2013-07-29,18362.682066326346,134.85716247558594
2013-07-30,18390.989608086227,134.85716247558594
2013-07-31,18334.278843011663,134.95321655273438
2013-08-01,18549.917900006054,136.51300048828125
2013-08-02,18580.71228596929,136.7449951171875
2013-08-05,18564.615674040695,136.54498291015625
2013-08-06,18465.58518407755,135.76907348632812
2013-08-07,18417.845114583448,135.3291778564453
2013-08-08,18456.643528523004,135.82508850097656
2013-08-09,18381.837939175086,135.43313598632812
2013-08-12,18363.099232724842,135.2731475830078
2013-08-13,18430.160349260666,135.67311096191406
2013-08-14,18333.22997122573,134.97714233398438
2013-08-15,18056.94582185481,133.08935546875
2013-08-16,18013.888853206336,132.6494598388672
2013-08-19,17931.287998545067,131.80148315429688
2013-08-20,17995.00335119166,132.44947814941406
2013-08-21,17896.35045387413,131.63352966308594
2013-08-22,18043.99974901855,132.83343505859375
2013-08-23,18118.531209974353,133.28135681152344
2013-08-26,18070.667503658802,132.78536987304688
2013-08-27,17787.705655551516,130.6496124267578
2013-08-28,17843.67430857039,131.11361694335938
2013-08-29,17874.31223668106,131.3216094970703
2013-08-30,17812.24378011456,130.90560913085938
2013-09-03,17877.42806267028,131.49757385253906
2013-09-04,18011.01697708429,132.58544921875
2013-09-05,18043.91509106126,132.75340270996094
2013-09-06,18034.767113960323,132.81736755371094
2013-09-09,18203.129175232258,134.0893096923828
2013-09-10,18410.007448400003,135.0811767578125
2013-09-11,18432.40141201861,135.5050811767578
2013-09-12,18394.804855202892,135.14515686035156
2013-09-13,18469.337962456215,135.44911193847656
2013-09-16,18582.35488894168,136.23300170898438
2013-09-17,18653.900026784104,136.84091186523438
2013-09-18,18913.145507615398,138.42477416992188
2013-09-19,18886.429065475157,138.1927947998047
2013-09-20,18756.842027611223,137.2266845703125
2013-09-23,18638.622007023103,136.59156799316406
2013-09-24,18584.081462107777,136.27011108398438
2013-09-25,18519.09180068666,135.8762664794922
2013-09-26,18557.94213800739,136.39871215820312
2013-09-27,18458.928149062198,135.77175903320312
2013-09-30,18354.391134109046,135.04830932617188
2013-10-01,18567.482116411687,136.1173858642578
2013-10-02,18566.59828844977,135.98878479003906
2013-10-03,18384.049729210525,134.7348175048828
2013-10-04,18481.46951227688,135.75564575195312
2013-10-07,18301.99483626294,134.5820770263672
2013-10-08,18106.633556790213,133.01466369628906
2013-10-09,18112.154863547632,133.11114501953125
2013-10-10,18523.11322623529,135.98072814941406
2013-10-11,18633.38600869248,136.8568572998047
2013-10-14,18722.800030672934,137.40345764160156
2013-10-15,18584.503321072843,136.40675354003906
2013-10-16,18855.73709299133,138.31178283691406
2013-10-17,18985.051453931443,139.23617553710938
2013-10-18,19097.549765489064,140.1766815185547
2013-10-21,19126.30771832579,140.18463134765625
2013-10-22,19182.870867688707,140.9965362548828
2013-10-23,19114.579120890943,140.3213348388672
2013-10-24,19176.11430498373,140.7875213623047
2013-10-25,19307.031043524687,141.43057250976562
2013-10-28,19340.436480904773,141.6556396484375
2013-10-29,19480.1451801032,142.41119384765625
2013-10-30,19394.52763812709,141.7038116455078
2013-10-31,19311.978012359414,141.30197143554688
2013-11-01,19401.316739083974,141.63958740234375
2013-11-04,19433.29228625697,142.13790893554688
2013-11-05,19405.356669751585,141.687744140625
2013-11-06,19541.388276837344,142.41119384765625
2013-11-07,19292.202321783614,140.6106719970703
2013-11-08,19539.755499538667,142.50770568847656
2013-11-11,19562.060474428738,142.5318603515625
2013-11-12,19521.140573733006,142.24240112304688
2013-11-13,19686.66882231115,143.38381958007812
2013-11-14,19773.83772240858,144.09925842285156
2013-11-15,19862.379528970854,144.72621154785156
2013-11-18,19829.61422455405,144.21978759765625
2013-11-19,19798.975602128772,143.90631103515625
2013-11-20,19675.95629122293,143.45616149902344
2013-11-21,19830.27897694668,144.6136474609375
2013-11-22,19900.262084127015,145.3370819091797
2013-11-25,19903.850649383032,145.19244384765625
2013-11-26,19911.343786354802,145.2326202392578
2013-11-27,19960.857240845482,145.58628845214844
2013-11-29,19962.788342265925,145.4898223876953
2013-12-02,19879.423475052754,145.11199951171875
2013-12-03,19786.77022724793,144.48504638671875
2013-12-04,19781.48341488713,144.46896362304688
2013-12-05,19679.1787506049,143.8339385986328
2013-12-06,19915.760601972426,145.44155883789062
2013-12-09,19925.31167924695,145.8113250732422
2013-12-10,19850.413973639526,145.28887939453125
2013-12-11,19682.131054459507,143.6571502685547
2013-12-12,19591.83665724639,143.1829071044922
2013-12-13,19583.456431748025,143.1667938232422
2013-12-16,19704.80433183448,144.0590362548828
2013-12-17,19667.383443580326,143.60084533691406
2013-12-18,20028.108036376983,146.0524444580078
2013-12-19,20028.44451673828,145.8836212158203
2013-12-20,20118.881155019626,146.7322540283203
2013-12-23,20220.060919308744,147.51622009277344
2013-12-24,20264.87832212633,147.8394012451172
2013-12-26,20360.30476561381,148.5911102294922
2013-12-27,20360.341976779648,148.58297729492188
2013-12-30,20367.501436887116,148.5586700439453
2013-12-31,20440.17237486224,149.26185607910156
2014-01-02,20351.698769066803,147.8313751220703
2014-01-03,20360.703649455434,147.80715942382812
2014-01-06,20336.72849898791,147.37879943847656
2014-01-07,20428.57812577268,148.283935546875
2014-01-08,20419.248660522022,148.31629943847656
2014-01-09,20431.938504224345,148.4132843017578
2014-01-10,20459.583521667217,148.8173828125
2014-01-13,20238.502299477645,146.8373260498047
2014-01-14,20417.05984687902,148.4375
2014-01-15,20534.97917578208,149.23760986328125
2014-01-16,20515.558557891287,149.04359436035156
2014-01-17,20481.55818053265,148.4132843017578
2014-01-21,20521.095629812437,148.849609375
2014-01-22,20545.666317205218,148.94664001464844
2014-01-23,20446.15347438653,147.72633361816406
2014-01-24,20047.921993058353,144.57443237304688
2014-01-27,19954.905161898885,143.86322021484375
2014-01-28,20102.110978175308,144.71987915039062
2014-01-29,19876.772540757396,143.3299102783203
2014-01-30,20093.48772090533,144.8492431640625
2014-01-31,19949.215279748645,144.00064086914062
2014-02-03,19537.62037354875,140.75990295410156
2014-02-04,19600.01598886093,141.74583435058594
2014-02-05,19570.753020660224,141.5680389404297
2014-02-06,19828.065347039512,143.43484497070312
2014-02-07,20073.74846180002,145.2128448486328
2014-02-10,20118.090220334205,145.4795684814453
2014-02-11,20338.69783310747,147.0717315673828
2014-02-12,20332.958202725757,147.14443969726562
2014-02-13,20449.467781802556,147.90408325195312
2014-02-14,20556.26100502401,148.72035217285156
2014-02-18,20540.19679538415,148.89816284179688
2014-02-19,20396.82542838838,147.91226196289062
2014-02-20,20511.858746652393,148.78500366210938
2014-02-21,20468.744433448366,148.61529541015625
2014-02-24,20614.53044532366,149.439697265625
2014-02-25,20611.416006381438,149.3831024169922
2014-02-26,20619.69022203745,149.3911590576172
2014-02-27,20724.328345985527,150.1750946044922
2014-02-28,20766.044733629362,150.55496215820312
2014-03-03,20577.520989598903,149.49618530273438
2014-03-04,20893.976735110224,151.59747314453125
2014-03-05,20896.9516071834,151.73487854003906
2014-03-06,20905.72579824366,152.08241271972656
2014-03-07,20922.129895086076,152.14695739746094
2014-03-10,20913.34239369042,152.0662078857422
2014-03-11,20825.74684193766,151.31463623046875
2014-03-12,20857.070694814334,151.3550262451172
2014-03-13,20608.57782317189,149.6578369140625
2014-03-14,20522.37679964149,149.23760986328125
2014-03-17,20739.685814120123,150.5872344970703
2014-03-18,20882.893288154082,151.66209411621094
2014-03-19,20779.579205966067,150.8539581298828
2014-03-20,20920.936374872945,151.73487854003906
2014-03-21,20831.362440873305,151.14637756347656
2014-03-24,20762.650095588448,150.52130126953125
2014-03-25,20842.382387759015,151.2356719970703
2014-03-26,20749.495186195694,150.1478729248047
2014-03-27,20715.85673698774,149.83128356933594
2014-03-28,20789.05372842499,150.57000732421875
2014-03-31,20934.23406028543,151.8038787841797
2014-04-01,21121.320612982836,152.8104248046875
2014-04-02,21136.021074190157,153.32183837890625
2014-04-03,21107.869189086246,153.118896484375
2014-04-04,20851.46517290582,151.30873107910156
2014-04-07,20686.460670400535,149.63648986816406
2014-04-08,20794.163803487252,150.25344848632812
2014-04-09,21010.438857578723,151.86883544921875
2014-04-10,20577.76503265409,148.6786651611328
2014-04-11,20399.59594343712,147.33924865722656
2014-04-14,20589.600488476615,148.50009155273438
2014-04-15,20741.482906831316,149.5228729248047
2014-04-16,20927.08960161313,151.0895233154297
2014-04-17,20938.103901483333,151.3005828857422
2014-04-21,21000.754781228497,151.8282012939453
2014-04-22,21094.169905834256,152.51815795898438
2014-04-23,20998.645750782463,152.16099548339844
2014-04-24,21036.12313348743,152.46949768066406
2014-04-25,20811.99169433992,151.2194366455078
2014-04-28,20869.22449860674,151.69837951660156
2014-04-29,20952.95037449063,152.40455627441406
2014-04-30,20975.84191345492,152.85911560058594
2014-05-01,20995.96994619949,152.87533569335938
2014-05-02,20949.339459404746,152.65618896484375
2014-05-05,20976.11213368669,152.9484405517578
2014-05-06,20768.85623171743,151.61715698242188
2014-05-07,20912.356365771666,152.51007080078125
2014-05-08,20902.008635150687,152.3477325439453
2014-05-09,20917.19307742299,152.57505798339844
2014-05-12,21094.725453755247,154.0605010986328
2014-05-13,21121.90404580876,154.19850158691406
2014-05-14,21042.81517716234,153.46791076660156
2014-05-15,20847.634096245525,152.12042236328125
2014-05-16,20918.80191861361,152.6480712890625
2014-05-19,20987.579865154763,153.2081756591797
2014-05-20,20898.598233205616,152.24215698242188
2014-05-21,21075.275954129662,153.52476501464844
2014-05-22,21143.80171328773,153.8981475830078
2014-05-23,21227.665300321078,154.51512145996094
2014-05-27,21365.727229513115,155.4647674560547
2014-05-28,21349.167155235813,155.35118103027344
2014-05-29,21449.312311938113,156.15478515625
2014-05-30,21520.578697938305,156.4064178466797
2014-06-02,21525.505310713048,156.58499145507812
2014-06-03,21519.63910876278,156.50387573242188
2014-06-04,21524.176554394293,156.82041931152344
2014-06-05,21677.020945811484,157.84324645996094
2014-06-06,21795.31009183658,158.59815979003906
2014-06-09,21800.859363970514,158.7604522705078
2014-06-10,21830.977477664317,158.77674865722656
2014-06-11,21706.960089706838,158.22471618652344
2014-06-12,21564.391907364265,157.10455322265625
2014-06-13,21648.054208493024,157.58346557617188
2014-06-16,21636.540366368492,157.7133331298828
2014-06-17,21704.047311008377,158.1517333984375
2014-06-18,21880.55125878069,159.3125
2014-06-19,21896.76957772741,159.4910430908203
2014-06-20,21918.0299560637,159.81488037109375
2014-06-23,21915.19035257537,159.7659149169922
2014-06-24,21786.654350573157,158.80349731445312
2014-06-25,21919.845277233442,159.52120971679688
2014-06-26,21893.927313329707,159.40704345703125
2014-06-27,21945.31280206736,159.71702575683594
2014-06-30,21946.137257615646,159.63540649414062
2014-07-01,22184.81075614384,160.703857421875
2014-07-02,22193.304777821555,160.86703491210938
2014-07-03,22295.96561285462,161.65814208984375
2014-07-07,22216.18101415814,161.09542846679688
2014-07-08,22072.982490005223,160.05955505371094
2014-07-09,22151.864657250295,160.77732849121094
2014-07-10,22071.910269200467,160.14108276367188
2014-07-11,22119.114336200044,160.361328125
2014-07-14,22249.01473837172,161.16888427734375
2014-07-15,22267.375489250015,160.86703491210938
2014-07-16,22385.318092335565,161.4624481201172
2014-07-17,22130.230233741688,159.627197265625
2014-07-18,22321.90359598005,161.25856018066406
2014-07-21,22305.401239403214,160.9567413330078
2014-07-22,22384.294255043693,161.65814208984375
2014-07-23,22357.772290944547,162.0170440673828
2014-07-24,22319.10058140248,162.02517700195312
2014-07-25,22159.764721097177,161.26669311523438
2014-07-28,22178.476756013897,161.33193969726562
2014-07-29,22079.403305005464,160.63861083984375
2014-07-30,22106.542137862387,160.66310119628906
2014-07-31,21661.66864420134,157.4903106689453
2014-08-01,21563.010868743895,157.00906372070312
2014-08-04,21678.072798472524,158.1427764892578
2014-08-05,21474.033632520317,156.60940551757812
2014-08-06,21508.73952186459,156.6583709716797
2014-08-07,21430.126411904657,155.81008911132812
2014-08-08,21707.948680594374,157.61268615722656
2014-08-11,21752.40998308977,158.0694122314453
2014-08-12,21730.709695077046,157.84918212890625
2014-08-13,21884.3684186437,158.9176483154297
2014-08-14,21968.53723399472,159.6680145263672
2014-08-15,21954.52504420428,159.63540649414062
2014-08-18,22133.689907522094,160.9730682373047
2014-08-19,22271.925156271885,161.81321716308594
2014-08-20,22342.075309287597,162.24539184570312
2014-08-21,22438.477962700905,162.718505859375
2014-08-22,22396.7701548596,162.4656219482422
2014-08-25,22506.566302841242,163.28945922851562
2014-08-26,22543.563830645235,163.3955078125
2014-08-27,22555.407886044897,163.33023071289062
2014-08-28,22518.078243389147,163.24053955078125
2014-08-29,22592.9540681172,163.70542907714844
2014-09-02,22531.15464416339,163.6238555908203
2014-09-03,22562.472452600236,163.53414916992188
2014-09-04,22576.91735858669,163.297607421875
2014-09-05,22682.837308758848,164.03172302246094
2014-09-08,22638.69141698922,163.6075439453125
2014-09-09,22466.84807694732,162.5717010498047
2014-09-10,22554.17684763664,163.18345642089844
2014-09-11,22571.71742795104,163.3709716796875
2014-09-12,22449.291153627433,162.41671752929688
2014-09-15,22437.6734226501,162.2943572998047
2014-09-16,22618.80677078766,163.51783752441406
2014-09-17,22649.685376863796,163.73806762695312
2014-09-18,22799.603934533054,164.61073303222656
2014-09-19,22802.05259886888,164.4624481201172
2014-09-22,22645.865857718298,163.19235229492188
2014-09-23,22505.87307041486,162.25814819335938
2014-09-24,22662.53840569592,163.5283203125
2014-09-25,22301.332733971485,160.88966369628906
2014-09-26,22461.65553193871,162.16806030273438
2014-09-29,22429.167519948314,161.87298583984375
2014-09-30,22383.479383065842,161.44688415527344
2014-10-01,22199.86609777992,159.2589874267578
2014-10-02,22201.3076286678,159.28355407714844
2014-10-03,22443.6900591542,161.03713989257812
2014-10-06,22432.35301369791,160.8487091064453
2014-10-07,22107.75570689475,158.36578369140625
2014-10-08,22524.737519962146,161.13552856445312
2014-10-09,22111.020182857104,157.93966674804688
2014-10-10,21834.353520759436,156.1368865966797
2014-10-13,21537.78507864811,153.572021484375
2014-10-14,21581.735978556535,153.8096466064453
2014-10-15,21370.7320641771,152.7689666748047
2014-10-16,21263.659808739696,152.63787841796875
2014-10-17,21559.990463525155,154.4406280517578
2014-10-20,21721.622097137722,155.94021606445312
2014-10-21,22143.07507623356,159.02951049804688
2014-10-22,21975.406031334373,157.89869689941406
2014-10-23,22246.63813742564,159.73426818847656
2014-10-24,22398.17533953063,160.9634246826172
2014-10-27,22369.51594114807,160.74215698242188
2014-10-28,22645.88591842219,162.58596801757812
2014-10-29,22654.837134575253,162.34011840820312
2014-10-30,22897.243539627554,163.38076782226562
2014-10-31,23167.849652354897,165.2490997314453
2014-11-03,23180.45049017212,165.33924865722656
2014-11-04,23180.210701375865,164.76559448242188
2014-11-05,23325.869428368896,165.80633544921875
2014-11-06,23352.46823074035,166.4700927734375
2014-11-07,23370.86211653503,166.62574768066406
2014-11-10,23470.577875035095,167.15020751953125
2014-11-11,23458.384981643267,167.31410217285156
2014-11-12,23408.88231207446,167.13388061523438
2014-11-13,23413.891168566057,167.32232666015625
2014-11-14,23421.099826374117,167.36329650878906
2014-11-17,23445.262061879024,167.4697723388672
2014-11-18,23537.088450353618,168.43673706054688
2014-11-19,23520.737291393216,168.16636657714844
2014-11-20,23599.040550044716,168.46136474609375
2014-11-21,23722.730144917878,169.3627471923828
2014-11-24,23744.701546042354,169.8379669189453
2014-11-25,23685.127529645142,169.71510314941406
2014-11-26,23782.739068854593,170.1494140625
2014-11-28,23806.33560132459,169.78883361816406
2014-12-01,23688.126945875494,168.60888671875
2014-12-02,23867.137153020598,169.6986846923828
2014-12-03,23947.263990056414,170.35427856445312
2014-12-04,23912.32466843368,170.16575622558594
2014-12-05,23957.140010786097,170.4444122314453
2014-12-08,23833.332561318704,169.30538940429688
2014-12-09,23803.246043530045,169.19065856933594
2014-12-10,23419.718206317903,166.4783172607422
2014-12-11,23522.50085672512,167.32232666015625
2014-12-12,23106.171687923186,164.6181640625
2014-12-15,22979.423884519503,163.4873504638672
2014-12-16,22780.878855962503,162.17623901367188
2014-12-17,23250.00055829171,165.35565185546875
2014-12-18,23828.533951311114,169.44468688964844
2014-12-19,23911.82884058463,170.16561889648438
2014-12-22,24037.811799173305,170.9484100341797
2014-12-23,24075.646813102398,171.1790771484375
2014-12-24,24111.98981775692,171.19561767578125
2014-12-26,24175.03557169161,171.74766540527344
2014-12-29,24189.583981482632,171.9783935546875
2014-12-30,24057.37512996806,171.0554962158203
2014-12-31,23799.004453332807,169.358154296875
2015-01-02,23880.67147297869,169.26751708984375
2015-01-05,23446.64736895528,166.2106170654297
2015-01-06,23238.067745375505,164.6450958251953
2015-01-07,23497.295586544005,166.6967315673828
2015-01-08,23884.543979947128,169.65475463867188
2015-01-09,23664.41309219772,168.29525756835938
2015-01-12,23507.219077763028,166.97689819335938
2015-01-13,23474.01037828973,166.50726318359375
2015-01-14,23345.95958104583,165.50198364257812
2015-01-15,23142.06323599576,163.9858856201172
2015-01-16,23442.709684040634,166.13644409179688
2015-01-20,23492.97479225448,166.4907989501953
2015-01-21,23675.23557354598,167.33120727539062
2015-01-22,24029.255394596366,169.81961059570312
2015-01-23,23875.54217445018,168.88853454589844
2015-01-26,23896.944573714893,169.28399658203125
2015-01-27,23552.684981701164,167.05104064941406
2015-01-28,23266.378668252255,164.90872192382812
2015-01-29,23510.07510857045,166.43309020996094
2015-01-30,23205.15023993789,164.34019470214844
2015-02-02,23510.0899500199,166.37539672851562
2015-02-03,23829.090136708695,168.78138732910156
2015-02-04,23729.941166463566,168.13870239257812
2015-02-05,23989.10811416635,169.83604431152344
2015-02-06,23874.315296251618,169.3663787841797
2015-02-09,23762.77374328258,168.6083984375
2015-02-10,24061.120347600587,170.4046173095703
2015-02-11,24013.041014455586,170.50347900390625
2015-02-12,24258.439436152636,172.1431884765625
2015-02-13,24323.602796970834,172.851806640625
2015-02-17,24361.740950913136,173.12368774414062
2015-02-18,24350.172485488765,173.14013671875
2015-02-19,24283.118380543718,173.0165252685547
2015-02-20,24454.370576306097,174.05477905273438
2015-02-23,24427.813574599615,174.03005981445312
2015-02-24,24547.724532871987,174.5244598388672
2015-02-25,24532.710529478645,174.3761444091797
2015-02-26,24513.16560744028,174.170166015625
2015-02-27,24399.740890143592,173.576904296875
2015-03-02,24575.93571909934,174.67276000976562
2015-03-03,24465.64716579617,173.9558868408203
2015-03-04,24371.998040386814,173.22256469726562
2015-03-05,24443.93979246337,173.41213989257812
2015-03-06,24078.208210914047,170.97312927246094
2015-03-09,24176.677301531035,171.68177795410156
2015-03-10,23774.56889760419,168.89674377441406
2015-03-11,23718.364903899866,168.50115966796875
2015-03-12,24011.25584699325,170.64356994628906
2015-03-13,23873.57323337591,169.59713745117188
2015-03-16,24194.33742505757,171.863037109375
2015-03-17,24084.970177215666,171.35211181640625
2015-03-18,24366.28947132271,173.41213989257812
2015-03-19,24242.606516252188,172.6210479736328
2015-03-20,24464.838685251143,174.144775390625
2015-03-23,24396.50337196694,173.805419921875
2015-03-24,24261.01847886368,172.82884216308594
2015-03-25,23843.146443321697,170.2962646484375
2015-03-26,23760.9744245727,169.8907012939453
2015-03-27,23820.12861411898,170.27967834472656
2015-03-30,24127.046982759577,172.35702514648438
2015-03-31,23903.778704834018,170.85067749023438
2015-04-01,23879.939033235307,170.24652099609375
2015-04-02,23928.08105627361,170.85903930664062
2015-04-06,24087.48433756424,172.00942993164062
2015-04-07,24075.574949562273,171.55422973632812
2015-04-08,24164.640488472112,172.1336212158203
2015-04-09,24268.604569444622,172.89500427246094
2015-04-10,24452.226798678337,173.8385467529297
2015-04-13,24352.665639917803,173.05223083496094
2015-04-14,24404.2457494402,173.38340759277344
2015-04-15,24536.847726704593,174.16128540039062
2015-04-16,24620.435023350383,174.1116485595703
2015-04-17,24324.651947897117,172.10877990722656
2015-04-20,24558.191050466266,173.6813201904297
2015-04-21,24519.974766601106,173.47438049316406
2015-04-22,24674.21625221696,174.3268280029297
2015-04-23,24669.827303607926,174.7654571533203
2015-04-24,24757.112355404228,175.17103576660156
2015-04-27,24655.309411060018,174.4427490234375
2015-04-28,24780.51560878916,174.99728393554688
2015-04-29,24697.01768359941,174.27719116210938
2015-04-30,24472.468917479207,172.5308837890625
2015-05-01,24691.142881079686,174.40133666992188
2015-05-04,24772.67596186218,174.89794921875
2015-05-05,24530.7417539425,172.89500427246094
2015-05-06,24418.170835312518,172.1832733154297
2015-05-07,24523.947821063095,172.87017822265625
2015-05-08,24841.942446921774,175.14617919921875
2015-05-11,24750.353412876804,174.31028747558594
2015-05-12,24682.334036812095,173.78887939453125
2015-05-13,24721.5889544811,173.8219757080078
2015-05-14,24990.39336047742,175.6345672607422
2015-05-15,25055.050097267715,175.8249053955078
2015-05-18,25114.99188388512,176.37110900878906
2015-05-19,25104.73461565669,176.31317138671875
2015-05-20,25074.546867464873,176.1890869140625
2015-05-21,25101.916425965224,176.70220947265625
2015-05-22,25024.978123702884,176.2801055908203
2015-05-26,24783.0054630959,174.3848419189453
2015-05-27,25045.66618273228,176.04006958007812
2015-05-28,25028.953786763635,175.8413848876953
2015-05-29,24875.044892917726,174.74888610839844
2015-06-01,24922.509403031076,175.10484313964844
2015-06-02,24869.81553273542,174.93099975585938
2015-06-03,24926.265540877288,175.39451599121094
2015-06-04,24739.145273444097,173.9130401611328
2015-06-05,24693.355652232756,173.6150665283203
2015-06-08,24534.42974209829,172.54739379882812
2015-06-09,24605.16135684754,172.52256774902344
2015-06-10,24915.67808704797,174.59170532226562
2015-06-11,24992.09761398747,175.15455627441406
2015-06-12,24789.45111802768,173.813720703125
2015-06-15,24663.831571960665,173.06884765625
2015-06-16,24828.48463614605,174.0123291015625
2015-06-17,24859.21604979582,174.293701171875
2015-06-18,25086.84430629054,176.10629272460938
2015-06-19,24924.343911221396,175.3245391845703
2015-06-22,25064.52243607002,176.2227325439453
2015-06-23,25075.929614684675,176.34744262695312
2015-06-24,24864.613546759447,175.06666564941406
2015-06-25,24762.922908051478,174.53440856933594
2015-06-26,24753.37033066649,174.50119018554688
2015-06-29,24272.410750274445,170.84178161621094
2015-06-30,24309.076376642814,171.19940185546875
2015-07-01,24545.1946852438,172.57168579101562
2015-07-02,24554.444743587013,172.41363525390625
2015-07-06,24479.94991480261,171.92295837402344
2015-07-07,24616.460727312122,173.00413513183594
2015-07-08,24261.102543478723,170.10159301757812
2015-07-09,24284.254867569918,170.4093475341797
2015-07-10,24589.264423048942,172.55508422851562
2015-07-13,24867.007859033383,174.4595947265625
2015-07-14,24994.550113836554,175.21633911132812
2015-07-15,24977.458496063216,175.15821838378906
2015-07-16,25284.528347735086,176.56370544433594
2015-07-17,25321.233725861246,176.71336364746094
2015-07-20,25308.73851167335,176.8048858642578
2015-07-21,25190.987758372154,176.1063232421875
2015-07-22,25159.13283493744,175.79025268554688
2015-07-23,24985.525470030803,174.8005828857422
2015-07-24,24795.71973968722,172.9875030517578
2015-07-27,24670.77904892445,171.98117065429688
2015-07-28,24948.95775003943,174.09371948242188
2015-07-29,25125.65492782057,175.29124450683594
2015-07-30,25180.83721693689,175.33277893066406
2015-07-31,25173.432928148733,175.06666564941406
2015-08-03,25131.73906688018,174.47622680664062
2015-08-04,25107.564783861693,174.13525390625
2015-08-05,25272.634515971775,174.70907592773438
2015-08-06,25118.08595185655,173.2786407470703
2015-08-07,25147.185943226406,172.94593811035156
2015-08-10,25425.88667646822,175.12489318847656
2015-08-11,25217.55487509412,173.54478454589844
2015-08-12,25236.240788882125,173.752685546875
2015-08-13,25253.954904355604,173.5364227294922
2015-08-14,25367.659753222462,174.16845703125
2015-08-17,25455.08699205137,175.14154052734375
2015-08-18,25402.732785560078,174.63417053222656
2015-08-19,25216.45528674189,173.25367736816406
2015-08-20,24697.307775186,169.6358642578125
2015-08-21,23914.025251749954,164.52943420410156
2015-08-24,22936.819668434284,157.60162353515625
2015-08-25,22573.325384689037,155.7469940185547
2015-08-26,23513.872545801565,161.7267303466797
2015-08-27,24076.394424557293,165.7270050048828
2015-08-28,24080.02896137962,165.73533630371094
2015-08-31,23889.189350218425,164.3964080810547
2015-09-01,23133.44251158022,159.489501953125
2015-09-02,23537.500603418513,162.51678466796875
2015-09-03,23543.299754467178,162.63320922851562
2015-09-04,23132.530151126513,160.17144775390625
2015-09-08,23720.67833523597,164.1967315673828
2015-09-09,23404.94634090745,162.0011444091797
2015-09-10,23520.235664594835,162.88270568847656
2015-09-11,23619.19756049934,163.6229248046875
2015-09-14,23519.03504285429,163.01577758789062
2015-09-15,23856.65363711417,165.0533905029297
2015-09-16,24093.458741446593,166.48388671875
2015-09-17,24088.228084859813,166.109619140625
2015-09-18,23727.33907517579,163.39512634277344
2015-09-21,23833.042024201855,164.2394561767578
2015-09-22,23542.550845854534,162.1077117919922
2015-09-23,23511.25301391463,161.84854125976562
2015-09-24,23470.002671787723,161.26332092285156
2015-09-25,23502.433584927847,161.2215576171875
2015-09-28,22979.19404658235,157.17538452148438
2015-09-29,23065.03219532241,157.26730346679688
2015-09-30,23502.08627596395,160.20162963867188
2015-10-01,23584.7256922299,160.6195831298828
2015-10-02,23900.928203056857,163.01895141601562
2015-10-05,24391.289975240394,165.91986083984375
2015-10-06,24325.236483423658,165.3513641357422
2015-10-07,24529.526756947427,166.70570373535156
2015-10-08,24735.951991078855,168.21044921875
2015-10-09,24767.11149864584,168.31072998046875
2015-10-12,24813.71534137968,168.4696044921875
2015-10-13,24682.167167350537,167.40792846679688
2015-10-14,24581.564326774558,166.60528564453125
2015-10-15,24873.446593491914,169.1634521484375
2015-10-16,24976.289337043763,169.93260192871094
2015-10-19,24996.58009183977,170.01622009277344
2015-10-20,24915.347322589747,169.798828125
2015-10-21,24793.74154825569,168.74549865722656
2015-10-22,25304.231950411082,171.59622192382812
2015-10-23,25613.21165574408,173.477294921875
2015-10-26,25595.36326048855,173.0509033203125
2015-10-27,25556.31598315811,172.71646118164062
2015-10-28,25865.345644805635,174.68099975585938
2015-10-29,25770.150356726335,174.58071899414062
2015-10-30,25626.76350359936,173.8282928466797
2015-11-02,25856.37567590617,175.88485717773438
2015-11-03,25962.040233636963,176.3948211669922
2015-11-04,25937.98523685727,175.8597869873047
2015-11-05,25918.150474127866,175.68421936035156
2015-11-06,26032.268916908513,175.59231567382812
2015-11-09,25777.42921822406,173.95375061035156
2015-11-10,25853.924994612127,174.3550262451172
2015-11-11,25825.36187700953,173.6694793701172
2015-11-12,25472.136870403643,171.24510192871094
2015-11-13,25144.995258259245,169.3223114013672
2015-11-16,25571.531105763093,171.897216796875
2015-11-17,25596.42626102245,171.77178955078125
2015-11-18,25986.676558413703,174.49710083007812
2015-11-19,26001.90241522539,174.34666442871094
2015-11-20,26125.033268810148,174.98199462890625
2015-11-23,26069.64829550436,174.78140258789062
2015-11-24,26060.507097123034,175.01544189453125
2015-11-25,26043.009598700624,174.9904022216797
2015-11-27,26078.878587516472,175.1909942626953
2015-11-30,25969.223412786025,174.46368408203125
2015-12-01,26289.227744294953,176.1273193359375
2015-12-02,26058.991060140324,174.32994079589844
2015-12-03,25725.4574050185,171.88880920410156
2015-12-04,26309.995947681553,175.24114990234375
2015-12-07,26128.433227833306,174.1794891357422
2015-12-08,25982.48070650962,173.00906372070312
2015-12-09,25724.71220592476,171.66310119628906
2015-12-10,25786.521853738173,172.1061248779297
2015-12-11,25279.349257247795,168.7705535888672
2015-12-14,25489.33742869375,169.62330627441406
2015-12-15,25782.00016435115,171.40394592285156
2015-12-16,26176.157781069676,173.91192626953125
2015-12-17,25839.736008065494,171.26182556152344
2015-12-18,25312.48562116635,168.21078491210938
2015-12-21,25509.84182620141,169.59840393066406
2015-12-22,25702.89977753809,171.1373291015625
2015-12-23,25998.24944092469,173.2566375732422
2015-12-24,25953.98421726645,172.97061157226562
2015-12-28,25936.84224631251,172.57542419433594
2015-12-29,26238.176296738064,174.41714477539062
2015-12-30,26051.107844112325,173.18093872070312
2015-12-31,25763.853421422416,171.44851684570312
2016-01-04,25412.889970290602,169.05178833007812
2016-01-05,25473.21711308241,169.3376922607422
2016-01-06,25225.667829497746,167.20164489746094
2016-01-07,24578.726196963078,163.19020080566406
2016-01-08,24270.259051607194,161.39898681640625
2016-01-11,24387.954441803973,161.55874633789062
2016-01-12,24574.855410773467,162.86224365234375
2016-01-13,23948.129249136247,158.80038452148438
2016-01-14,24339.2122262256,161.4073486328125
2016-01-15,23752.380044165522,157.94252014160156
2016-01-19,23830.724729114092,158.15280151367188
2016-01-20,23534.485812904444,156.12608337402344
2016-01-21,23610.201351647924,157.00070190429688
2016-01-22,23998.181754913192,160.2215576171875
2016-01-25,23667.474087015304,157.799560546875
2016-01-26,23968.81778442559,159.95248413085938
2016-01-27,23718.425642556875,158.21163940429688
2016-01-28,23891.74304196758,159.03587341308594
2016-01-29,24524.683568083772,162.91268920898438
2016-02-01,24528.134010195357,162.85379028320312
2016-02-02,24028.239330753237,159.9188232421875
2016-02-03,24107.185410934933,160.87753295898438
2016-02-04,24135.416990080896,161.12985229492188
2016-02-05,23694.586801162848,158.06031799316406
2016-02-08,23463.349219635846,155.93263244628906
2016-02-09,23463.9470911413,155.94107055664062
2016-02-10,23443.677048757207,155.80645751953125
2016-02-11,23126.269390346555,153.77972412109375
2016-02-12,23575.4189427344,156.95016479492188
2016-02-16,23976.904129941122,159.59927368164062
2016-02-17,24344.383532251,162.2062530517578
2016-02-18,24245.35807752258,161.54190063476562
2016-02-19,24244.372654418927,161.46621704101562
2016-02-22,24573.65904619852,163.80413818359375
2016-02-23,24250.414559637684,161.73533630371094
2016-02-24,24342.364437986787,162.4753875732422
2016-02-25,24598.04322773905,164.44320678710938
2016-02-26,24488.43380650489,164.06478881835938
2016-02-29,24261.824773767283,162.778076171875
2016-03-01,24871.207456176962,166.60452270507812
2016-03-02,24997.129766117512,167.35301208496094
2016-03-03,25043.7318467038,168.00897216796875
2016-03-04,25147.55344080271,168.5555877685547
2016-03-07,25144.27576116911,168.69012451171875
2016-03-08,24972.61957969726,166.84844970703125
2016-03-09,25070.917418045963,167.672607421875
2016-03-10,25056.39171149006,167.80712890625
2016-03-11,25436.921677875125,170.51502990722656
2016-03-14,25416.37350568968,170.29641723632812
2016-03-15,25415.57436524523,170.0188751220703
2016-03-16,25540.820719238363,171.00279235839844
2016-03-17,25673.134144283194,172.08767700195312
2016-03-18,25853.79520768025,172.763916015625
2016-03-21,25897.51731720754,173.00904846191406
2016-03-22,25862.961696028837,172.9160919189453
2016-03-23,25773.12537409523,171.77493286132812
2016-03-24,25771.075411323793,171.69882202148438
2016-03-28,25772.140685406706,171.8002471923828
2016-03-29,26010.227238145806,173.38941955566406
2016-03-30,26128.13222261988,174.15025329589844
2016-03-31,26080.405566315607,173.72760009765625
2016-04-01,26360.226726905865,174.9110107421875
2016-04-04,26261.580152845276,174.34463500976562
2016-04-05,26046.1823139214,172.60325622558594
2016-04-06,26295.897823585405,174.4883575439453
2016-04-07,25988.892520969395,172.40042114257812
2016-04-08,26057.354506884294,172.8653564453125
2016-04-11,26014.7109646582,172.4596405029297
2016-04-12,26295.101019238697,174.065673828125
2016-04-13,26603.252222484785,175.8239288330078
2016-04-14,26668.81406636996,175.83233642578125
2016-04-15,26634.04284295899,175.6379852294922
2016-04-18,26792.62901685709,176.87208557128906
2016-04-19,26791.221075054753,177.42999267578125
2016-04-20,26831.453467575906,177.5990447998047
2016-04-21,26672.065896550666,176.64389038085938
2016-04-22,26637.487246721765,176.64389038085938
2016-04-25,26584.347388670554,176.33956909179688
2016-04-26,26603.99632104106,176.60157775878906
2016-04-27,26685.322859012907,176.96505737304688
2016-04-28,26421.76717774781,175.35902404785156
2016-04-29,26314.66584605359,174.41226196289062
2016-05-02,26514.25729991419,175.79855346679688
2016-05-03,26267.251371479586,174.26853942871094
2016-05-04,26110.605656648724,173.29638671875
2016-05-05,26072.665738985077,173.26268005371094
2016-05-06,26163.700799096037,173.89662170410156
2016-05-09,26146.5330300117,174.0403289794922
2016-05-10,26477.544129530073,176.20433044433594
2016-05-11,26285.224287528938,174.5559539794922
2016-05-12,26273.17922500942,174.606689453125
2016-05-13,26133.57898480724,173.08514404296875
2016-05-16,26416.324357338446,174.7926025390625
2016-05-17,26131.141842381217,173.1612548828125
2016-05-18,26221.44297171934,173.21185302734375
2016-05-19,26142.721183248676,172.61172485351562
2016-05-20,26316.38932785199,173.70216369628906
2016-05-23,26246.693165128756,173.46554565429688
2016-05-24,26628.16583666843,175.7140350341797
2016-05-25,26843.41545202471,176.90591430664062
2016-05-26,26902.782685388116,176.9566192626953
2016-05-27,26990.356670634344,177.71739196777344
2016-05-31,26969.55161378985,177.37930297851562
2016-06-01,27000.731690377077,177.74281311035156
2016-06-02,27053.836991345863,178.28378295898438
2016-06-03,27003.570585025074,177.75120544433594
2016-06-06,27140.360913118697,178.65565490722656
2016-06-07,27152.37922353552,178.93463134765625
2016-06-08,27241.770158791915,179.5178985595703
2016-06-09,27216.9784079136,179.2727508544922
2016-06-10,26952.833253577977,177.57369995117188
2016-06-13,26757.757070298292,176.20433044433594
2016-06-14,26722.937335962768,175.8577423095703
2016-06-15,26659.697394213403,175.61257934570312
2016-06-16,26770.938179104982,176.1366729736328
2016-06-17,26677.420644796162,175.48072814941406
2016-06-20,26812.91795095586,176.61083984375
2016-06-21,26855.845709016838,177.11215209960938
2016-06-22,26807.60522925422,176.82321166992188
2016-06-23,27197.37102109713,179.1259765625
2016-06-24,26258.45097223182,172.69369506835938
2016-06-27,25880.881414193038,169.6007537841797
2016-06-28,26336.83126614804,172.65969848632812
2016-06-29,26784.579219736468,175.59967041015625
2016-06-30,27088.852807470543,177.99583435058594
2016-07-01,27213.447124457067,178.36973571777344
2016-07-05,27081.77983011954,177.086669921875
2016-07-06,27212.999823046786,178.14877319335938
2016-07-07,27206.751970138204,178.03829956054688
2016-07-08,27642.60208979252,180.6893768310547
2016-07-11,27735.850108852053,181.32667541503906
2016-07-12,27903.940599145175,182.6437225341797
2016-07-13,27906.634905290615,182.61822509765625
2016-07-14,28082.345246097404,183.6378936767578
2016-07-15,28068.821343532945,183.3914794921875
2016-07-18,28156.80006653918,183.88427734375
2016-07-19,28083.69206349197,183.6973419189453
2016-07-20,28222.555784748154,184.46209716796875
2016-07-21,28106.52735018031,183.76528930664062
2016-07-22,28264.082971956534,184.5895538330078
2016-07-25,28215.408527587886,184.08822631835938
2016-07-26,28285.241107168004,184.17320251464844
2016-07-27,28294.009214578586,183.977783203125
2016-07-28,28326.01344334304,184.190185546875
2016-07-29,28374.30263754606,184.48756408691406
2016-08-01,28399.374352050418,184.33460998535156
2016-08-02,28241.447333609256,183.1534881591797
2016-08-03,28275.17502780231,183.68887329101562
2016-08-04,28331.28587513544,183.88427734375
2016-08-05,28518.701050594962,185.38819885253906
2016-08-08,28472.263534198526,185.2777862548828
2016-08-09,28484.69727645403,185.38819885253906
2016-08-10,28389.726321193113,184.92942810058594
2016-08-11,28526.70851905739,185.78756713867188
2016-08-12,28544.68427420732,185.62615966796875
2016-08-15,28604.827817792044,186.16156005859375
2016-08-16,28467.349173941246,185.2013397216797
2016-08-17,28496.66183351383,185.54974365234375
2016-08-18,28537.937271887913,185.966064453125
2016-08-19,28480.139188079615,185.6941375732422
2016-08-22,28476.791717524116,185.68563842773438
2016-08-23,28520.125377228593,186.0594940185547
2016-08-24,28379.676870806004,185.1078643798828
2016-08-25,28367.31427518734,184.98043823242188
2016-08-26,28348.730340576007,184.6320037841797
2016-08-29,28491.00307932222,185.54122924804688
2016-08-30,28422.199101352264,185.23529052734375
2016-08-31,28368.416582760558,184.70852661132812
2016-09-01,28377.63081830354,184.7169952392578
2016-09-02,28454.205940372234,185.54974365234375
2016-09-06,28574.573135210267,186.11045837402344
2016-09-07,28513.507826258792,186.09347534179688
2016-09-08,28500.435731109126,185.6686553955078
2016-09-09,27802.21057893716,181.22474670410156
2016-09-12,28223.283217301745,183.82481384277344
2016-09-13,27827.852278299815,181.1822509765625
2016-09-14,27844.376777624777,181.11424255371094
2016-09-15,28136.000368772362,182.9241485595703
2016-09-16,28090.527741932867,182.2169647216797
2016-09-19,28093.527857869634,182.2511444091797
2016-09-20,28119.763438587914,182.25965881347656
2016-09-21,28384.736693582374,184.30934143066406
2016-09-22,28541.063521021275,185.470703125
2016-09-23,28376.16269030399,184.45443725585938
2016-09-26,28102.86009626622,182.9599609375
2016-09-27,28332.877815536507,184.09576416015625
2016-09-28,28447.69582481071,185.00955200195312
2016-09-29,28218.56105304668,183.3357391357422
2016-09-30,28457.290821908053,184.71920776367188
2016-10-03,28466.07818481433,184.27511596679688
2016-10-04,28342.81936116508,183.3357391357422
2016-10-05,28542.0480505802,184.14703369140625
2016-10-06,28532.65394944372,184.27511596679688
2016-10-07,28460.951850619236,183.6431427001953
2016-10-10,28518.444702245484,184.599609375
2016-10-11,28159.780106791353,182.26820373535156
2016-10-12,28179.5704959826,182.50738525390625
2016-10-13,28108.680308924646,181.90956115722656
2016-10-14,28141.261854414242,182.0034942626953
2016-10-17,28053.70707537537,181.37155151367188
2016-10-18,28342.033080667974,182.50738525390625
2016-10-19,28365.986613488963,182.994140625
2016-10-20,28394.730066966113,182.65255737304688
2016-10-21,28385.632944169585,182.73794555664062
2016-10-24,28537.226583993805,183.51512145996094
2016-10-25,28455.384475437957,182.90023803710938
2016-10-26,28471.672279684568,182.53297424316406
2016-10-27,28454.513687249393,182.0462646484375
2016-10-28,28333.059489073337,181.5081787109375
2016-10-31,28334.57172726879,181.5167236328125
2016-11-01,28112.58487801537,180.2015380859375
2016-11-02,27928.20065042381,179.11700439453125
2016-11-03,27838.069455248035,178.29718017578125
2016-11-04,27764.562779330194,178.1007537841797
2016-11-07,28399.36010197503,182.02906799316406
2016-11-08,28510.980344581523,182.84893798828125
2016-11-09,28784.092189992338,184.7875213623047
2016-11-10,28779.579341015808,185.2487030029297
2016-11-11,28923.910505424905,184.8216552734375
2016-11-14,28832.43296424914,184.9668426513672
2016-11-15,29064.712950658453,186.41009521484375
2016-11-16,29026.965080155052,186.0600128173828
2016-11-17,29116.17253298872,187.0164794921875
2016-11-18,29100.054373395364,186.59800720214844
2016-11-21,29318.466263574246,188.00714111328125
2016-11-22,29406.323811515744,188.3743133544922
2016-11-23,29379.5946043226,188.47679138183594
2016-11-25,29510.225139908165,189.1770782470703
2016-11-28,29390.291929386058,188.28890991210938
2016-11-29,29413.89099863644,188.65614318847656
2016-11-30,29321.95957626376,188.20352172851562
2016-12-01,29151.19567709768,187.51181030273438
2016-12-02,29218.33389699969,187.60569763183594
2016-12-05,29396.96723473483,188.7329864501953
2016-12-06,29521.998083372124,189.33079528808594
2016-12-07,29949.27412295041,191.80735778808594
2016-12-08,30008.34560298803,192.27703857421875
2016-12-09,30207.161380130732,193.43850708007812
2016-12-12,30200.3474802923,193.21649169921875
2016-12-13,30455.497069920395,194.50601196289062
2016-12-14,30283.005915505168,192.9004669189453
2016-12-15,30480.65083468213,193.69468688964844
2016-12-16,30416.15984592435,193.31585693359375
2016-12-19,30501.149803968914,193.73680114746094
2016-12-20,30660.168313546394,194.48419189453125
2016-12-21,30590.540569108958,193.9429931640625
2016-12-22,30556.65294420924,193.60797119140625
2016-12-23,30605.61702876278,193.8914337158203
2016-12-27,30731.73098296012,194.37245178222656
2016-12-28,30422.427223732106,192.76612854003906
2016-12-29,30429.399006593405,192.72315979003906
2016-12-30,30252.79720196232,192.01870727539062
2017-01-03,30543.749032109507,193.48768615722656
2017-01-04,30670.334892827937,194.63877868652344
2017-01-05,30661.100402453925,194.48419189453125
2017-01-06,30793.165452204372,195.17991638183594
2017-01-09,30727.96130677515,194.53567504882812
2017-01-10,30706.949331078176,194.53567504882812
2017-01-11,30793.916031897494,195.08543395996094
2017-01-12,30733.48324333578,194.59584045410156
2017-01-13,30804.946280159813,195.0425262451172
2017-01-17,30667.29779909763,194.35531616210938
2017-01-18,30726.21543581322,194.78480529785156
2017-01-19,30658.743457933528,194.06321716308594
2017-01-20,30724.906522243524,194.77622985839844
2017-01-23,30605.77821578338,194.2693634033203
2017-01-24,30816.219444532,195.5149688720703
2017-01-25,31061.367281055158,197.20724487304688
2017-01-26,31040.3392373794,197.0011444091797
2017-01-27,31082.182823762305,196.69187927246094
2017-01-30,30908.447770491,195.47203063964844
2017-01-31,30792.56091832409,195.45481872558594
2017-02-01,30797.91917526939,195.5321807861328
2017-02-02,30828.339100170535,195.6610565185547
2017-02-03,31093.272868556167,197.0097198486328
2017-02-06,31052.606248743294,196.65745544433594
2017-02-07,31113.442708545404,196.66610717773438
2017-02-08,31122.949068077618,196.92381286621094
2017-02-09,31205.61581737522,198.09205627441406
2017-02-10,31311.96673795617,198.87376403808594
2017-02-13,31471.067508709042,199.9561767578125
2017-02-14,31620.742451793303,200.75509643554688
2017-02-15,31819.450649718005,201.80308532714844
2017-02-16,31860.991629316653,201.6313018798828
2017-02-17,31912.12343731393,201.94912719726562
2017-02-21,32139.810087144047,203.15179443359375
2017-02-22,32160.629564165032,202.97140502929688
2017-02-23,32161.6488166632,203.10882568359375
2017-02-24,32232.44753863292,203.3665008544922
2017-02-27,32271.70980797056,203.68434143066406
2017-02-28,32181.917450497083,203.13455200195312
2017-03-01,32618.153174423842,205.97792053222656
2017-03-02,32437.666212382188,204.68084716796875
2017-03-03,32439.874932431547,204.8096466064453
2017-03-06,32367.722894984723,204.19979858398438
2017-03-07,32321.488679791975,203.58985900878906
2017-03-08,32266.415844252948,203.21189880371094
2017-03-09,32310.404386918355,203.46966552734375
2017-03-10,32440.62447292822,204.1826171875
2017-03-13,32444.251121090652,204.2857208251953
2017-03-14,32371.511990204133,203.50396728515625
2017-03-15,32614.571402021425,205.26492309570312
2017-03-16,32608.570937951306,204.86119079589844
2017-03-17,32523.14928676048,204.50140380859375
2017-03-20,32450.98446996959,204.27713012695312
2017-03-21,32085.17872132635,201.654296875
2017-03-22,32163.266547115207,202.12884521484375
2017-03-23,32098.81879802087,201.9131317138672
2017-03-24,32073.621033618336,201.7664794921875
2017-03-27,32035.77465744567,201.5594482421875
2017-03-28,32239.234297965017,203.02613830566406
2017-03-29,32222.077186150244,203.21591186523438
2017-03-30,32346.893321195184,203.86302185058594
2017-03-31,32269.41233457414,203.38845825195312
2017-04-03,32320.766441338073,203.03477478027344
2017-04-04,32324.406054638777,203.16416931152344
2017-04-05,32223.721498971583,202.5602264404297
2017-04-06,32250.811857956556,203.129638671875
2017-04-07,32212.42582402038,202.922607421875
2017-04-10,32206.285952454822,203.0433349609375
2017-04-11,32167.59106413509,202.80177307128906
2017-04-12,32025.99299191927,201.9131317138672
2017-04-13,31783.96912598266,200.60169982910156
2017-04-17,32071.244005916098,202.37901306152344
2017-04-18,31979.67739397941,201.77505493164062
2017-04-19,31845.30580614857,201.4041290283203
2017-04-20,32129.46786060924,203.0433349609375
2017-04-21,32052.10973668211,202.39630126953125
2017-04-24,32433.370918868164,204.6222381591797
2017-04-25,32664.633083424782,205.81288146972656
2017-04-26,32619.715360399325,205.68338012695312
2017-04-27,32665.0079789144,205.85598754882812
2017-04-28,32596.857626234072,205.40733337402344
2017-05-01,32640.532397393305,205.92498779296875
2017-05-02,32690.120344103525,206.00265502929688
2017-05-03,32724.171413599106,205.75245666503906
2017-05-04,32764.709608806275,205.99404907226562
2017-05-05,32814.51610194506,206.8050079345703
2017-05-08,32820.27703270303,206.7705535888672
2017-05-09,32759.118025210857,206.58071899414062
2017-05-10,32921.688655642225,206.95166015625
2017-05-11,32872.44255248174,206.5289306640625
2017-05-12,32899.506780839234,206.18386840820312
2017-05-15,33098.83487674657,207.32266235351562
2017-05-16,33106.49242562555,207.1328887939453
2017-05-17,32470.18718179619,203.45750427246094
2017-05-18,32615.64130040262,204.27713012695312
2017-05-19,32825.29582622903,205.60577392578125
2017-05-22,32985.24098362575,206.64979553222656
2017-05-23,33043.74164358748,207.10696411132812
2017-05-24,33121.13657798748,207.59017944335938
2017-05-25,33295.83297105374,208.5823211669922
2017-05-26,33311.68431689414,208.5391845703125
2017-05-30,33294.58202688931,208.35801696777344
2017-05-31,33268.70269273538,208.30624389648438
2017-06-01,33478.265279393185,209.96275329589844
2017-06-02,33639.99276566643,210.66160583496094
2017-06-05,33641.25481205704,210.50628662109375
2017-06-06,33553.53366194812,209.8333282470703
2017-06-07,33624.390212526654,210.22157287597656
2017-06-08,33733.6239411879,210.3251190185547
2017-06-09,33627.14549022657,210.00587463378906
2017-06-12,33567.609811440794,209.96275329589844
2017-06-13,33718.67453327088,210.9894561767578
2017-06-14,33737.11093603633,210.72193908691406
2017-06-15,33690.847732537455,210.3165283203125
2017-06-16,33700.70363654301,210.36241149902344
2017-06-19,33998.04801285875,212.1137237548828
2017-06-20,33849.6800466248,210.68319702148438
2017-06-21,33816.99609890661,210.63121032714844
2017-06-22,33838.512436624194,210.53585815429688
2017-06-23,33831.28441645098,210.7872772216797
2017-06-26,33838.252449127656,210.9259796142578
2017-06-27,33517.452338277864,209.22671508789062
2017-06-28,33800.74509885412,211.09938049316406
2017-06-29,33512.327370027815,209.24404907226562
2017-06-30,33502.60510915118,209.63421630859375
2017-07-03,33618.56742980288,209.98965454101562
2017-07-05,33722.97118787606,210.47515869140625
2017-07-06,33457.857724045425,208.5504913330078
2017-07-07,33684.51491940033,209.90292358398438
2017-07-10,33765.21389434808,210.12838745117188
2017-07-11,33760.244991584404,209.97227478027344
2017-07-12,34025.76249936478,211.55018615722656
2017-07-13,34069.3514590183,211.90565490722656
2017-07-14,34244.77302708851,212.8939666748047
2017-07-17,34203.56223573372,212.86801147460938
2017-07-18,34333.08151166096,212.98069763183594
2017-07-19,34485.233507136196,214.13381958007812
2017-07-20,34456.3434896318,214.2291717529297
2017-07-21,34459.80573928306,214.0383758544922
2017-07-24,34408.43534488043,213.98638916015625
2017-07-25,34551.9706665529,214.50656127929688
2017-07-26,34660.52607506734,214.5152130126953
2017-07-27,34575.34528427684,214.3158416748047
2017-07-28,34588.94080922917,214.06442260742188
2017-07-31,34612.33212118665,213.94308471679688
2017-08-01,34737.57559630705,214.41983032226562
2017-08-02,34799.93845450748,214.52392578125
2017-08-03,34762.30092946874,214.10772705078125
2017-08-04,34848.288261846414,214.4979248046875
2017-08-07,34942.611075617715,214.89669799804688
2017-08-08,34872.16277848101,214.3678436279297
2017-08-09,34857.57321549783,214.35919189453125
2017-08-10,34372.382406810015,211.3334503173828
2017-08-11,34371.2826644292,211.6455841064453
2017-08-14,34774.37565487655,213.74362182617188
2017-08-15,34774.04951208558,213.7176513671875
2017-08-16,34819.55922407353,214.0904541015625
2017-08-17,34283.88811817701,210.75254821777344
2017-08-18,34217.9833243886,210.423095703125
2017-08-21,34247.26809085461,210.58782958984375
2017-08-22,34598.413043867506,212.78997802734375
2017-08-23,34517.264672573314,212.02700805664062
2017-08-24,34470.719731483085,211.53285217285156
2017-08-25,34460.71202356812,212.02700805664062
2017-08-28,34509.64551910668,212.0356903076172
2017-08-29,34556.09549751526,212.27847290039062
2017-08-30,34721.82179575621,213.2841033935547
2017-08-31,34909.56269999735,214.5672607421875
2017-09-01,34973.71786507295,214.87071228027344
2017-09-05,34722.17764480346,213.32752990722656
2017-09-06,34823.98236554041,214.05575561523438
2017-09-07,34900.198765612426,214.02975463867188
2017-09-08,34804.585521022935,213.77830505371094
2017-09-11,35262.86184497827,216.05848693847656
2017-09-12,35410.721320010955,216.7867431640625
2017-09-13,35424.94336256007,216.89071655273438
2017-09-14,35459.52895713206,216.8213653564453
2017-09-15,35546.814702656055,217.11325073242188
2017-09-18,35654.875288174044,217.57504272460938
2017-09-19,35731.71097144621,217.7928924560547
2017-09-20,35745.52434911965,217.8712615966797
2017-09-21,35693.085329966816,217.28753662109375
2017-09-22,35697.32391490064,217.33108520507812
2017-09-25,35505.94317328008,216.8867645263672
2017-09-26,35501.854477194815,217.0174102783203
2017-09-27,35650.57171642844,217.86260986328125
2017-09-28,35779.80231690472,218.12396240234375
2017-09-29,35900.570414839916,218.89064025878906
2017-10-02,36104.363362380085,219.84036254882812
2017-10-03,36174.592500014485,220.3108673095703
2017-10-04,36251.56506042108,220.57220458984375
2017-10-05,36522.79334587605,221.87918090820312
2017-10-06,36523.081833348064,221.62648010253906
2017-10-09,36492.95215265899,221.2605438232422
2017-10-10,36627.243667908006,221.84432983398438
2017-10-11,36732.90627623326,222.1928253173828
2017-10-12,36670.791596891744,221.8617706298828
2017-10-13,36753.25748358067,222.1317596435547
2017-10-16,36836.48800516918,222.4281005859375
2017-10-17,36849.90629840826,222.58486938476562
2017-10-18,36913.817889990976,222.8026885986328
2017-10-19,36921.004372194206,222.86367797851562
2017-10-20,37077.981750641404,224.01376342773438
2017-10-23,36965.73818916532,223.14254760742188
2017-10-24,37153.33221306132,223.53451538085938
2017-10-25,36967.02062508013,222.4281005859375
2017-10-26,37042.57066026885,222.71554565429688
2017-10-27,37427.617616351716,224.5365447998047
2017-10-30,37315.25996598398,223.70013427734375
2017-10-31,37329.215077184774,224.0486602783203
2017-11-01,37417.286031598494,224.3448028564453
2017-11-02,37460.59821375069,224.43199157714844
2017-11-03,37690.38004383444,225.18136596679688
2017-11-06,37690.531182105864,225.52981567382812
2017-11-07,37690.05141552646,225.37298583984375
2017-11-08,37711.54436537374,225.7563018798828
2017-11-09,37501.50768393567,224.93731689453125
2017-11-10,37453.013243934874,224.86766052246094
2017-11-13,37521.83683120988,225.07672119140625
2017-11-14,37517.034009823394,224.55406188964844
2017-11-15,37300.3550086518,223.43002319335938
2017-11-16,37654.740641184035,225.3294219970703
2017-11-17,37484.30547849101,224.66725158691406
2017-11-20,37593.1868360848,225.0505828857422
2017-11-21,37842.31227152939,226.52310180664062
2017-11-22,37791.02016698872,226.32266235351562
2017-11-24,37920.62788012696,226.84544372558594
2017-11-27,37955.57171910128,226.732177734375
2017-11-28,38330.99480816433,229.03231811523438
2017-11-29,38212.158890827945,228.8928680419922
2017-11-30,38600.11320215832,230.89682006835938
2017-12-01,38529.07418101475,230.41763305664062
2017-12-04,38435.445944843625,230.13893127441406
2017-12-05,38320.54550374383,229.31114196777344
2017-12-06,38285.54726976923,229.3546600341797
2017-12-07,38403.01545601378,230.07791137695312
2017-12-08,38612.99003875923,231.33248901367188
2017-12-11,38728.67486555152,232.0295867919922
2017-12-12,38782.30957765255,232.43905639648438
2017-12-13,38788.14135857935,232.4128875732422
2017-12-14,38636.96380247404,231.46322631835938
2017-12-15,38932.364880852285,233.3906707763672
2017-12-18,39142.176256853425,234.8706512451172
2017-12-19,39006.01557977859,233.96868896484375
2017-12-20,39010.94101214966,233.84605407714844
2017-12-21,39051.7274591822,234.32774353027344
2017-12-22,39023.38035789926,234.2664337158203
2017-12-26,38977.13071852103,233.9861602783203
2017-12-27,39046.044563278134,234.1000518798828
2017-12-28,39151.68554379016,234.5817108154297
2017-12-29,38943.426538964115,233.6971435546875
2018-01-02,39328.69821827449,235.36985778808594
2018-01-03,39573.99835066573,236.85855102539062
2018-01-04,39790.038155797025,237.85691833496094
2018-01-05,40092.1431780078,239.4419708251953
2018-01-08,40189.57479148375,239.87985229492188
2018-01-09,40205.61732218492,240.4228515625
2018-01-10,40169.80014502129,240.05503845214844
2018-01-11,40431.158226606414,241.8064727783203
2018-01-12,40740.54199783378,243.3827667236328
2018-01-16,40696.16635913097,242.55079650878906
2018-01-17,41109.827669163555,244.8627166748047
2018-01-18,41049.178486982666,244.45115661621094
2018-01-19,41172.27423800726,245.56333923339844
2018-01-22,41553.348504087306,247.56002807617188
2018-01-23,41723.69089029525,248.0854034423828
2018-01-24,41687.54843274122,247.98910522460938
2018-01-25,41848.02252451715,248.09414672851562
2018-01-26,42373.146854288294,250.96658325195312
2018-01-29,42146.63101550865,249.30259704589844
2018-01-30,41626.883256965084,246.74557495117188
2018-01-31,41615.68662938845,246.86810302734375
2018-02-01,41547.82813606933,246.58798217773438
2018-02-02,40748.88622536543,241.2197265625
2018-02-05,38968.6219655202,231.13131713867188
2018-02-06,39722.18931805891,235.6851043701172
2018-02-07,39555.41425244047,234.4065399169922
2018-02-08,38048.167728982895,225.61422729492188
2018-02-09,38685.287197523074,229.0032958984375
2018-02-12,39234.39609854159,232.3660888671875
2018-02-13,39350.687984214426,232.94406127929688
2018-02-14,39901.56342382218,236.08795166015625
2018-02-15,40492.52765833841,239.1004180908203
2018-02-16,40492.65078403832,239.1704559326172
2018-02-20,40214.93787536348,237.6729736328125
2018-02-21,39939.94648535693,236.4907989501953
2018-02-22,40002.19829303398,236.7972412109375
2018-02-23,40693.349548067534,240.57167053222656
2018-02-26,41251.250827064716,243.36521911621094
2018-02-27,40784.52513227126,240.326416015625
2018-02-28,40276.422353709284,237.89195251464844
2018-03-01,39689.49049806993,234.43280029296875
2018-03-02,39863.84807348051,235.64125061035156
2018-03-05,40377.41529245181,238.36480712890625
2018-03-06,40445.11702539597,238.96900939941406
2018-03-07,40380.06801090978,238.8814697265625
2018-03-08,40514.313968151466,240.03746032714844
2018-03-09,41300.10246803581,244.21470642089844
2018-03-12,41187.87088513113,243.90818786621094
2018-03-13,40844.07161869877,242.33192443847656
2018-03-14,40674.442240655655,241.0883026123047
2018-03-15,40729.51476472967,240.82557678222656
2018-03-16,40829.62523926542,241.08673095703125
2018-03-19,40160.7870376737,237.8247528076172
2018-03-20,40218.93018437362,238.22923278808594
2018-03-21,40183.7003438752,237.77206420898438
2018-03-22,39131.81657550911,231.8284454345703
2018-03-23,38269.68311791846,226.8870391845703
2018-03-26,39454.49103477847,233.0944366455078
2018-03-27,38668.42713306455,229.1291046142578
2018-03-28,38463.270518651116,228.4520721435547
2018-03-29,39026.48478077265,231.37120056152344
2018-04-02,38180.380829142436,226.37713623046875
2018-04-03,38685.416135694475,229.27859497070312
2018-04-04,39071.46373702915,231.73162841796875
2018-04-05,39365.617437786714,233.56053161621094
2018-04-06,38486.25827740653,228.35537719726562
2018-04-09,38637.71320119808,229.48086547851562
2018-04-10,39346.549847731934,233.129638671875
2018-04-11,39100.77684995686,231.90753173828125
2018-04-12,39474.73596263498,233.81549072265625
2018-04-13,39357.65336984776,233.129638671875
2018-04-16,39585.01029908559,235.04638671875
2018-04-17,40061.54377665241,237.56094360351562
2018-04-18,40009.92093349608,237.73684692382812
2018-04-19,39915.96671985629,236.41798400878906
2018-04-20,39571.052808514134,234.41331481933594
2018-04-23,39454.061672028045,234.37814331054688
2018-04-24,38983.04509293495,231.2217254638672
2018-04-25,39039.58696922206,231.793212890625
2018-04-26,39573.06164896363,234.1496124267578
2018-04-27,39626.66699907774,234.369384765625
2018-04-30,39352.923286535326,232.56700134277344
2018-05-01,39395.85360941018,232.9801483154297
2018-05-02,39160.73966454215,231.41513061523438
2018-05-03,39121.34891850675,230.90521240234375
2018-05-04,39621.233870266195,233.8945770263672
2018-05-07,39797.779951768185,234.6859130859375
2018-05-08,39820.50100875368,234.6859130859375
2018-05-09,40163.25904893817,236.954345703125
2018-05-10,40581.44761230679,239.16993713378906
2018-05-11,40716.00433571062,239.8997802734375
2018-05-14,40808.71235378788,240.0141143798828
2018-05-15,40462.24862325815,238.36111450195312
2018-05-16,40540.06664812666,239.36341857910156
2018-05-17,40448.24015293408,239.1613006591797
2018-05-18,40332.88957930774,238.56326293945312
2018-05-21,40726.27504472574,240.3570098876953
2018-05-22,40607.182414833354,239.6887969970703
2018-05-23,40857.266181600506,240.3481903076172
2018-05-24,40789.557886077215,239.85581970214844
2018-05-25,40752.200093180014,239.28428649902344
2018-05-29,40273.345062743785,236.53228759765625
2018-05-30,40789.206235390826,239.6887969970703
2018-05-31,40579.02088588459,238.22047424316406
2018-06-01,40999.36749686051,240.55923461914062
2018-06-04,41198.38619412584,241.70220947265625
2018-06-05,41181.22595750687,241.8780975341797
2018-06-06,41556.61659542803,243.90042114257812
2018-06-07,41569.80240855674,243.87388610839844
2018-06-08,41598.311988131754,244.5948944091797
2018-06-11,41595.64504689882,244.92018127441406
2018-06-12,41669.93910668969,245.23680114746094
2018-06-13,41523.06538831263,244.45423889160156
2018-06-14,41593.9085900984,245.06973266601562
2018-06-15,41559.77563979657,244.75701904296875
2018-06-18,41457.78221704468,244.25369262695312
2018-06-19,41318.90041956525,243.3174591064453
2018-06-20,41327.49715814419,243.7324981689453
2018-06-21,41095.30338618501,242.2046661376953
2018-06-22,41174.30206522579,242.646240234375
2018-06-25,40600.82327138223,239.3431854248047
2018-06-26,40706.653014414325,239.873046875
2018-06-27,40379.15330831365,237.88587951660156
2018-06-28,40624.95584536324,239.24603271484375
2018-06-29,40624.88936791726,239.59043884277344
2018-07-02,40869.316886285975,240.1026153564453
2018-07-03,40624.63646213408,239.2547607421875
2018-07-05,41016.34062926056,241.20660400390625
2018-07-06,41325.93009184987,243.24679565429688
2018-07-09,41697.14568088046,245.43707275390625
2018-07-10,41937.288629719944,246.3203125
2018-07-11,41660.15398445203,244.51856994628906
2018-07-12,41961.313010581034,246.7354278564453
2018-07-13,41911.545853371936,246.92967224121094
2018-07-16,41965.42712653704,246.70884704589844
2018-07-17,42095.73409846595,247.7068328857422
2018-07-18,42172.18792901139,248.22796630859375
2018-07-19,41998.22400395737,247.2918243408203
2018-07-20,41992.56744349902,247.00917053222656
2018-07-23,42099.43884425532,247.4683837890625
2018-07-24,42394.76246782053,248.7136993408203
2018-07-25,42776.61913827756,250.83334350585938
2018-07-26,42628.03237578743,250.24159240722656
2018-07-27,42389.96285639615,248.54600524902344
2018-07-30,42163.895772505035,247.2476348876953
2018-07-31,42342.28901400137,248.46636962890625
2018-08-01,42199.16008805411,248.0513458251953
2018-08-02,42362.17077757603,249.4026336669922
2018-08-03,42608.66248707963,250.47129821777344
2018-08-06,42741.33780227903,251.38975524902344
2018-08-07,42924.66245468739,252.2200164794922
2018-08-08,42910.001526675056,252.11392211914062
2018-08-09,42795.258827933794,251.76950073242188
2018-08-10,42471.43149770049,250.08262634277344
2018-08-13,42273.26356320367,249.14649963378906
2018-08-14,42495.72170923299,250.73623657226562
2018-08-15,42191.74187600967,248.8638458251953
2018-08-16,42667.36109628225,250.8775634765625
2018-08-17,42769.12050704914,251.76075744628906
2018-08-20,42854.32888719466,252.29934692382812
2018-08-21,42982.657405667545,252.8911590576172
2018-08-22,43080.58025681977,252.74102783203125
2018-08-23,43026.722309194665,252.40541076660156
2018-08-24,43319.7969787176,253.9245147705078
2018-08-27,43656.88699932755,255.9292449951172
2018-08-28,43666.65422877812,256.052978515625
2018-08-29,43879.45776197684,257.43072509765625
2018-08-30,43698.600662941484,256.388671875
2018-08-31,43703.39683512605,256.3973693847656
2018-09-04,43712.13738462927,255.95590209960938
2018-09-05,43597.734745576374,255.2669677734375
2018-09-06,43477.42029612691,254.49862670898438
2018-09-07,43412.642210320206,254.00399780273438
2018-09-10,43584.4296874187,254.44552612304688
2018-09-11,43651.09589336232,255.28468322753906
2018-09-12,43634.24507315587,255.34640502929688
2018-09-13,43855.5005198903,256.8566589355469
2018-09-14,43864.878030208514,256.9008483886719
2018-09-17,43656.05754490998,255.5406951904297
2018-09-18,43945.987112503804,256.92730712890625
2018-09-19,44089.66681392392,257.2011413574219
2018-09-20,44413.487723495564,259.28546142578125
2018-09-21,44453.91605713396,259.04852294921875
2018-09-24,44315.943970540095,258.1880798339844
2018-09-25,44241.50614489122,257.94842529296875
2018-09-26,44054.21627799979,257.1766052246094
2018-09-27,44194.22898714187,257.895263671875
2018-09-28,44235.98174000021,257.9218444824219
2018-10-01,44584.50574778882,258.81793212890625
2018-10-02,44628.31844310431,258.66705322265625
2018-10-03,44621.32258063248,258.80908203125
2018-10-04,44352.14329527555,256.7862548828125
2018-10-05,44065.733816263346,255.34906005859375
2018-10-08,44088.8425175138,255.34906005859375
2018-10-09,44062.79032634179,254.97637939453125
2018-10-10,42635.47317431795,246.9029998779297
2018-10-11,41712.73974474726,241.46456909179688
2018-10-12,42341.928076830525,244.8181915283203
2018-10-15,42071.12675629917,243.44302368164062
2018-10-16,42880.973813773475,248.7660675048828
2018-10-17,42891.57523817263,248.81045532226562
2018-10-18,42248.83032181824,245.2173309326172
2018-10-19,42278.10627156351,245.08424377441406
2018-10-22,42067.55413764168,243.984130859375
2018-10-23,41811.543177863416,242.74212646484375
2018-10-24,40564.935798526225,235.38742065429688
2018-10-25,41247.12696549618,239.6103973388672
2018-10-26,40550.68865675414,235.39625549316406
2018-10-29,40300.63496844819,234.0920867919922
2018-10-30,40951.90805130968,237.5609588623047
2018-10-31,41370.47646596556,240.09835815429688
2018-11-01,41717.221243142885,242.6533966064453
2018-11-02,41435.40711324516,241.21620178222656
2018-11-05,41774.49410472257,242.54698181152344
2018-11-06,41967.97028756834,244.08181762695312
2018-11-07,42855.173687072915,249.30731201171875
2018-11-08,42723.41400511845,248.85484313964844
2018-11-09,42368.174081983605,246.42398071289062
2018-11-12,41509.110545843614,241.81944274902344
2018-11-13,41496.35689823962,241.3669891357422
2018-11-14,41220.60017190162,239.7168426513672
2018-11-15,41742.46172362575,242.21865844726562
2018-11-16,41760.19933663178,242.84866333007812
2018-11-19,41152.533178980884,238.740966796875
2018-11-20,40464.891561705495,234.32276916503906
2018-11-21,40418.88365196508,235.12124633789062
2018-11-23,40151.440230916276,233.55093383789062
2018-11-26,40761.382035501745,237.32144165039062
2018-11-27,40983.3364925126,238.1199493408203
2018-11-28,41916.88893984777,243.60275268554688
2018-11-29,41861.638742916206,243.07041931152344
2018-11-30,42365.38636911116,244.55201721191406
2018-12-03,42784.0990199094,247.7902069091797
2018-12-04,41378.527430974944,239.76123046875
2018-12-06,41354.809902027344,239.3974151611328
2018-12-07,40448.61016757679,233.83485412597656
2018-12-10,40575.090116206775,234.2784423828125
2018-12-11,40560.37350717265,234.3316192626953
2018-12-12,40798.2867681596,235.51156616210938
2018-12-13,40926.09322726055,235.43179321289062
2018-12-14,40170.00220764495,231.08457946777344
2018-12-17,39335.622323005824,226.55101013183594
2018-12-18,39435.4255146634,226.30264282226562
2018-12-19,38843.7999453749,222.91358947753906
2018-12-20,38371.19686541394,219.2850341796875
2018-12-21,37657.11144800439,214.79197692871094
2018-12-24,36595.21990640221,209.1165313720703
2018-12-26,38407.33768929073,219.68211364746094
2018-12-27,38779.96601521556,221.3687286376953
2018-12-28,38781.34586144937,221.0831756591797
2018-12-31,39131.26980140354,223.01954650878906
2019-01-02,39271.907988870385,223.25155639648438
2019-01-03,38273.71845357906,217.9241485595703
2019-01-04,39544.42136507856,225.2237091064453
2019-01-07,39842.6238277849,226.99949645996094
2019-01-08,40153.73474598786,229.1322784423828
2019-01-09,40311.87364378172,230.203125
2019-01-10,40513.34119710279,231.01510620117188
2019-01-11,40569.99618502156,231.10440063476562
2019-01-14,40375.063890219215,229.69442749023438
2019-01-15,40805.1098914943,232.32693481445312
2019-01-16,40915.99884495355,232.88912963867188
2019-01-17,41193.52662313559,234.65597534179688
2019-01-18,41662.4407019198,237.7792510986328
2019-01-22,41146.55507458602,234.56675720214844
2019-01-23,41203.85147254328,235.05760192871094
2019-01-24,41308.94105067599,235.18247985839844
2019-01-25,41542.73528220774,237.1724395751953
2019-01-28,41054.528429704864,235.36988830566406
2019-01-29,40957.76321654374,235.05760192871094
2019-01-30,41524.438068268624,238.77871704101562
2019-01-31,41938.36861653726,240.8757781982422
2019-02-01,41992.106117489326,240.99183654785156
2019-02-04,42316.54898814555,242.6872100830078
2019-02-05,42500.42152970206,243.70455932617188
2019-02-06,42532.40742951046,243.38331604003906
2019-02-07,42088.90115114198,241.06314086914062
2019-02-08,42121.913646465575,241.3575897216797
2019-02-11,42124.45235296526,241.49148559570312
2019-02-12,42704.39493665039,244.59689331054688
2019-02-13,42828.912708096024,245.39112854003906
2019-02-14,42744.92025196543,244.8467559814453
2019-02-15,43269.92468322724,247.51492309570312
2019-02-19,43325.449340736675,247.94326782226562
2019-02-20,43458.24852242541,248.44302368164062
2019-02-21,43324.422585007225,247.55955505371094
2019-02-22,43594.68191127805,249.0944366455078
2019-02-25,43689.97443897998,249.43357849121094
2019-02-26,43635.23480955488,249.25515747070312
2019-02-27,43647.69676555186,249.14796447753906
2019-02-28,43595.63796835056,248.68389892578125
2019-03-01,43845.24351859653,250.2366943359375
2019-03-04,43706.06029899426,249.3264923095703
2019-03-05,43704.74462823446,248.98736572265625
2019-03-06,43458.009914526534,247.479248046875
2019-03-07,43092.330811859174,245.40892028808594
2019-03-08,43059.41730213087,244.91819763183594
2019-03-11,43584.32779246335,248.46981811523438
2019-03-12,43658.01523311506,249.40672302246094
2019-03-13,44004.08078871995,251.05764770507812
2019-03-14,43951.34392765995,250.89698791503906
2019-03-15,44275.79945110932,252.13658142089844
2019-03-18,44442.565981341366,253.05081176757812
2019-03-19,44470.76314851331,253.113525390625
2019-03-20,44332.32840069864,252.35166931152344
2019-03-21,44759.358345055305,255.20199584960938
2019-03-22,43989.55298399436,250.29026794433594
2019-03-25,43968.23006758718,250.1020050048828
2019-03-26,44338.466600333995,251.96621704101562
2019-03-27,44106.76627775643,250.64874267578125
2019-03-28,44202.59632762886,251.59881591796875
2019-03-29,44486.64770572981,253.18524169921875
2019-04-01,45090.320675662835,256.18780517578125
2019-04-02,45074.494369272754,256.3133239746094
2019-04-03,45196.23474966039,256.71661376953125
2019-04-04,45212.737966791305,257.3978271484375
2019-04-05,45406.95824658912,258.6436767578125
2019-04-08,45405.711827856016,258.8408508300781
2019-04-09,45136.803510474114,257.5143127441406
2019-04-10,45249.57287445668,258.39276123046875
2019-04-11,45223.50164089133,258.321044921875
2019-04-12,45453.16420952316,260.0687561035156
2019-04-15,45428.51742776357,259.8984680175781
2019-04-16,45702.32475819263,260.0687561035156
2019-04-17,45765.73483973618,259.4324951171875
2019-04-18,45817.85435971372,259.94329833984375
2019-04-22,45904.6178503911,260.1674499511719
2019-04-23,46249.90479119778,262.5067138671875
2019-04-24,46134.88357223838,261.9241638183594
2019-04-25,45941.317727414724,261.7627258300781
2019-04-26,45972.802023545955,262.9818115234375
2019-04-29,46038.7167824308,263.3940124511719
2019-04-30,46165.93235756941,263.52850341796875
2019-05-01,45804.49498682307,261.54766845703125
2019-05-02,45786.252306672366,260.98309326171875
2019-05-03,46218.58528447872,263.53741455078125
2019-05-06,46007.65391775337,262.4529113769531
2019-05-07,45199.18959966273,258.070068359375
2019-05-08,45044.504649962495,257.71148681640625
2019-05-09,44871.01155920219,256.93170166015625
2019-05-10,45090.03819317367,258.2223815917969
2019-05-13,44052.42959084275,251.7332763671875
2019-05-14,44385.45714728129,254.00985717773438
2019-05-15,44652.54463562311,255.49771118164062
2019-05-16,44963.13997388033,257.8639221191406
2019-05-17,44669.276353008536,256.19677734375
2019-05-20,44370.27573545737,254.50286865234375
2019-05-21,44719.138552285796,256.7974853515625
2019-05-22,44384.903280158396,256.00860595703125
2019-05-23,43887.750946898675,252.8805694580078
2019-05-24,43921.480050031976,253.4542236328125
2019-05-28,43495.104226615134,251.09689331054688
2019-05-29,43259.00584166087,249.41183471679688
2019-05-30,43322.267007371345,250.09295654296875
2019-05-31,42767.68287342391,246.72291564941406
2019-06-03,42708.96908175277,246.09559631347656
2019-06-04,43652.440572462794,251.4375
2019-06-05,43955.027771663415,253.61541748046875
2019-06-06,44317.82995383475,255.2646484375
2019-06-07,44715.19406868184,257.819091796875
2019-06-10,44942.004119016034,259.0021667480469
2019-06-11,45020.08281040038,258.9394836425781
2019-06-12,44907.4809723637,258.48236083984375
2019-06-13,45058.15595239905,259.5489501953125
2019-06-14,44976.556750583746,259.26220703125
2019-06-17,45070.5634868306,259.3606872558594
2019-06-18,45590.186248207254,262.0765380859375
2019-06-19,45680.14472711978,262.66802978515625
2019-06-20,46135.09510450215,265.1775817871094
2019-06-21,46145.182656263416,264.7922058105469
2019-06-24,46118.272530638074,264.4679870605469
2019-06-25,45675.9019240846,261.87408447265625
2019-06-26,45731.31840368661,261.6128845214844
2019-06-27,45871.504678320394,262.54058837890625
2019-06-28,46071.05514097201,263.89154052734375
2019-07-01,46552.39418575295,266.2872314453125
2019-07-02,46665.5391157017,266.9808654785156
2019-07-03,46996.77802283293,269.1152648925781
2019-07-05,46899.57961635772,268.8091125488281
2019-07-08,46690.66653955765,267.33203125
2019-07-09,46782.87410226505,267.665283203125
2019-07-10,46981.279808122985,268.94415283203125
2019-07-11,47100.967990487756,269.5747375488281
2019-07-12,47336.52419869315,270.7815856933594
2019-07-15,47385.153536869904,270.87164306640625
2019-07-16,47185.03443583777,269.9980163574219
2019-07-17,47023.39717350839,268.1605529785156
2019-07-18,47133.619692059394,269.1423645019531
2019-07-19,46845.34082082066,267.6472473144531
2019-07-22,46959.156805945895,268.3047180175781
2019-07-23,47215.886919851844,270.2232360839844
2019-07-24,47499.00334656496,271.4930725097656
2019-07-25,47191.20299480862,270.1961975097656
2019-07-26,47491.69641189871,272.0065002441406
2019-07-29,47503.57958810428,271.5110168457031
2019-07-30,47391.80099018942,270.8446044921875
2019-07-31,46852.989212675566,267.88134765625
2019-08-01,46397.758937297986,265.54876708984375
2019-08-02,46175.626600613105,263.5492858886719
2019-08-05,44793.605498442725,255.62355041503906
2019-08-06,45314.05993105454,259.2080993652344
2019-08-07,45327.9744771559,259.3612365722656
2019-08-08,46101.676692549474,264.4498596191406
2019-08-09,45852.76775484435,262.6485290527344
2019-08-12,45356.44646054256,259.4513854980469
2019-08-13,46008.21547884722,263.4862365722656
2019-08-14,44686.75720947516,255.69569396972656
2019-08-15,44773.498206981734,256.37109375
2019-08-16,45441.94448650633,260.1537780761719
2019-08-19,46028.25611877993,263.2881164550781
2019-08-20,45654.12849280036,261.2707214355469
2019-08-21,46061.63504705432,263.3961181640625
2019-08-22,46063.497815008246,263.31512451171875
2019-08-23,44873.278073533686,256.5511779785156
2019-08-26,45402.1164945407,259.38818359375
2019-08-27,45360.775486419174,258.3704833984375
2019-08-28,45672.75971674043,260.18994140625
2019-08-29,46280.275414629905,263.5132141113281
2019-08-30,46363.64273769291,263.3961181640625
2019-09-03,46034.896128568755,261.8560791015625
2019-09-04,46532.03322822464,264.8282165527344
2019-09-05,47154.22877804933,268.23272705078125
2019-09-06,47149.422345105064,268.4398498535156
2019-09-09,47243.38651776496,268.57501220703125
2019-09-10,47306.64775742479,268.5119323730469
2019-09-11,47666.22457870483,270.4212951660156
2019-09-12,47705.82782649764,271.35797119140625
2019-09-13,47685.086232865,271.1778259277344
2019-09-16,47472.99218053864,270.3402099609375
2019-09-17,47609.325837561286,271.0247497558594
2019-09-18,47633.31241143632,271.1868896484375
2019-09-19,47619.332853251784,271.1687927246094
2019-09-20,47420.29802288256,269.88763427734375
2019-09-23,47432.18960567402,269.8242492675781
2019-09-24,47007.70789271526,267.70703125
2019-09-25,47292.71946360353,269.2903747558594
2019-09-26,47230.28030930741,268.7294616699219
2019-09-27,47127.79412652144,267.28167724609375
2019-09-30,47282.42722199707,268.5213317871094
2019-10-01,46861.158006617276,265.3273010253906
2019-10-02,46007.46859978418,260.6404724121094
2019-10-03,46370.73055371258,262.77581787109375
2019-10-04,47030.06517568636,266.33172607421875
2019-10-07,46884.61708066022,265.1825256347656
2019-10-08,46178.0252487427,261.0657043457031
2019-10-09,46596.906173261996,263.54473876953125
2019-10-10,46900.01130005955,265.3273010253906
2019-10-11,47422.05180733483,268.0780029296875
2019-10-14,47377.16213647052,267.7793884277344
2019-10-15,47869.70069821061,270.4305114746094
2019-10-16,47781.236364369535,269.9961853027344
2019-10-17,47924.33186970749,270.79241943359375
2019-10-18,47644.54322879202,269.6070556640625
2019-10-21,47993.3775806576,271.434814453125
2019-10-22,47819.447799082016,270.5481262207031
2019-10-23,47820.320768265374,271.3353271484375
2019-10-24,47982.349674878715,271.77874755859375
2019-10-25,48414.95879791807,272.89154052734375
2019-10-28,48706.919115317694,274.42974853515625
2019-10-29,48596.9296953832,274.34832763671875
2019-10-30,48814.39836112473,275.18988037109375
2019-10-31,48680.2716816907,274.4568786621094
2019-11-01,49108.19108449651,276.99951171875
2019-11-04,49376.99067704759,278.1123046875
2019-11-05,49356.201814476044,277.8047180175781
2019-11-06,49462.356629243666,277.8680419921875
2019-11-07,49758.88745130632,278.84521484375
2019-11-08,49878.491400012186,279.5329895019531
2019-11-11,49723.08136835718,278.99908447265625
2019-11-12,49776.95170807206,279.58721923828125
2019-11-13,49711.57055310962,279.67767333984375
2019-11-14,49705.92462118241,280.0847473144531
2019-11-15,50074.75567797587,282.1116638183594
2019-11-18,50084.773102023464,282.3197326660156
2019-11-19,50020.61133304641,282.2383117675781
2019-11-20,49866.045842913445,281.1886901855469
2019-11-21,49897.028820103566,280.7362060546875
2019-11-22,49951.06398700103,281.3606872558594
2019-11-25,50300.53453933348,283.541259765625
2019-11-26,50324.15506145876,284.18365478515625
2019-11-27,50504.99820011863,285.4504089355469
2019-11-29,50319.988216733596,284.3917236328125
2019-12-02,49894.598918607335,281.97601318359375
2019-12-03,49525.65645992486,280.0847473144531
2019-12-04,49866.4548438477,281.8129577636719
2019-12-05,49928.07220995864,282.3197326660156
2019-12-06,50432.765221090944,284.8984375
2019-12-09,50352.45165186921,284.00274658203125
2019-12-10,50343.35748981952,283.68603515625
2019-12-11,50511.94970465908,284.4912414550781
2019-12-12,50989.459325233496,286.943359375
2019-12-13,50916.64050817382,287.1152038574219
2019-12-16,51315.067513163114,289.0877685546875
2019-12-17,51443.73064104481,289.1510314941406
2019-12-18,51464.52140164427,289.1692199707031
2019-12-19,51729.653082883786,290.3544921875
2019-12-20,51938.27855585604,291.6274108886719
2019-12-23,52006.505839440055,292.07293701171875
2019-12-24,51999.86418016113,292.0821228027344
2019-12-26,52240.73863509463,293.63690185546875
2019-12-27,52245.68366876264,293.56402587890625
2019-12-30,51875.76881002582,291.94561767578125
2019-12-31,52037.72605525331,292.65484619140625
2020-01-02,52600.13707397916,295.3917236328125
2020-01-03,52239.755940793846,293.1550598144531
2020-01-06,52429.411405437335,294.2734069824219
2020-01-07,52347.21151154965,293.4460144042969
2020-01-08,52629.28060285659,295.0098571777344
2020-01-09,52971.36767478836,297.0102844238281
2020-01-10,52784.75374473225,296.1554260253906
2020-01-13,53274.269382031234,298.19232177734375
2020-01-14,53297.687819789295,297.7376403808594
2020-01-15,53330.97048483263,298.4104919433594
2020-01-16,53700.13209375753,300.892822265625
2020-01-17,53915.50469812301,301.8293151855469
2020-01-21,53888.67319563811,301.2382507324219
2020-01-22,54038.5067320611,301.2747802734375
2020-01-23,54186.358701905294,301.6201171875
2020-01-24,53796.33641770772,298.93780517578125
2020-01-27,52948.48559730829,294.1461181640625
2020-01-28,53436.82489030948,297.2284240722656
2020-01-29,53484.2131173153,296.98291015625
2020-01-30,53809.26161115414,297.94677734375
2020-01-31,52834.00658170609,292.5367126464844
2020-02-03,53501.91790693508,294.70977783203125
2020-02-04,54439.85100725411,299.2015075683594
2020-02-05,54787.16224375124,302.6567687988281
2020-02-06,54963.52385490649,303.67510986328125
2020-02-07,54613.64861423313,302.05670166015625
2020-02-10,54994.07431885294,304.3116760253906
2020-02-11,55181.16446812781,304.8389892578125
2020-02-12,55526.655440206065,306.802978515625
2020-02-13,55550.38901250934,306.4756164550781
2020-02-14,55660.120709872645,306.9667053222656
2020-02-18,55702.97303294129,306.175537109375
2020-02-19,56141.656169124915,307.6395263671875
2020-02-20,55910.2784059324,306.3756103515625
2020-02-21,55338.84219208384,303.22052001953125
2020-02-24,53355.256350614894,293.1640930175781
2020-02-25,51679.269034788354,284.2806091308594
2020-02-26,51423.746955183364,283.23504638671875
2020-02-27,48945.8465846464,270.5143737792969
2020-02-28,48506.20209208886,269.3778076171875
2020-03-02,50931.365765244474,281.0436096191406
2020-03-03,49529.868800483135,272.9966735839844
2020-03-04,51685.273595410516,284.4715270996094
2020-03-05,50004.69784793644,275.01513671875
2020-03-06,49241.38025518639,270.46893310546875
2020-03-09,45480.78890068114,249.3467559814453
2020-03-10,47702.71287485879,262.2491455078125
2020-03-11,45356.937436540844,249.4650421142578
2020-03-12,40911.74554956729,225.5968780517578
2020-03-13,44756.78299548211,244.88229370117188
2020-03-16,39321.8417566399,218.0863800048828
2020-03-17,41911.43364493387,229.86129760742188
2020-03-18,39844.61756524916,218.2227783203125
2020-03-19,39996.72023176269,218.68646240234375
2020-03-20,38192.50299971635,209.2623748779297
2020-03-23,37217.90218490113,203.91192626953125
2020-03-24,40805.119502149544,222.386962890625
2020-03-25,41211.276151717204,225.71617126464844
2020-03-26,43833.16477185288,238.8957061767578
2020-03-27,42522.04670144159,231.78001403808594
2020-03-30,43887.79575520096,239.3071746826172
2020-03-31,43174.035728387666,235.7402801513672
2020-04-01,41382.88853990567,225.1307830810547
2020-04-02,42623.337391594556,230.32574462890625
2020-04-03,41870.836697885476,226.9966278076172
2020-04-06,44725.96378363751,242.24310302734375
2020-04-07,44570.863521442705,242.4900665283203
2020-04-08,46023.03816239667,250.63003540039062
2020-04-09,46503.08048348031,254.44400024414062
2020-04-13,46268.444673774495,252.12088012695312
2020-04-14,47582.64662216347,259.5566711425781
2020-04-15,46579.38547247569,254.0415496826172
2020-04-16,46825.80300117472,255.26715087890625
2020-04-17,48085.039880599645,262.1631774902344
2020-04-20,47235.54607685738,257.5445861816406
2020-04-21,45848.54387478157,249.72457885742188
2020-04-22,46923.90119639317,255.26715087890625
2020-04-23,46858.05591201205,255.24884033203125
2020-04-24,47443.33721139481,258.80670166015625
2020-04-27,48244.08655340383,262.5383605957031
2020-04-28,47942.79023371518,261.3310546875
2020-04-29,49033.06897114379,268.1722717285156
2020-04-30,48536.44706384895,265.6753234863281
2020-05-01,47108.63763003655,258.64215087890625
2020-05-04,47365.811985591004,259.3554382324219
2020-05-05,47788.8892469957,261.751708984375
2020-05-06,47458.23858397936,259.9774475097656
2020-05-07,47870.738246746376,263.1145324707031
2020-05-08,48744.852708980856,267.4680480957031
2020-05-11,48699.91150387683,267.5228271484375
2020-05-12,47725.21465676401,262.1907653808594
2020-05-13,47003.130354819135,257.5536804199219
2020-05-14,47728.68829045809,260.6358337402344
2020-05-15,47771.128028915424,261.8340759277344
2020-05-18,49227.03226181706,269.8094177246094
2020-05-19,48553.50590486894,267.0381774902344
2020-05-20,49351.46644289741,271.57452392578125
2020-05-21,48988.22829049433,269.69964599609375
2020-05-22,49121.08165201551,270.2117614746094
2020-05-26,49664.617735239786,273.541015625
2020-05-27,50507.306120750676,277.61102294921875
2020-05-28,50285.23215565081,277.09893798828125
2020-05-29,50577.83593405893,278.3335266113281
2020-06-01,50808.20904053521,279.45849609375
2020-06-02,51298.81824599532,281.7724914550781
2020-06-03,51951.14417893762,285.5223388671875
2020-06-04,51831.28417107638,284.7723693847656
2020-06-05,53120.24610117666,292.071044921875
2020-06-08,53946.36933221085,295.6014404296875
2020-06-09,53524.9052704834,293.397216796875
2020-06-10,53309.37862111183,291.76007080078125
2020-06-11,50193.28580320359,274.9403076171875
2020-06-12,50694.57033514007,278.23297119140625
2020-06-15,51201.25794935822,280.8303527832031
2020-06-16,52185.56679078012,286.23565673828125
2020-06-17,52007.384359711206,285.0467834472656
2020-06-18,52078.650601579706,285.15655517578125
2020-06-19,51766.56918758953,283.52685546875
2020-06-22,51992.42552248761,285.34576416015625
2020-06-23,52164.658263656835,286.659423828125
2020-06-24,50877.53423026052,279.3471374511719
2020-06-25,51476.15812618288,282.341796875
2020-06-26,50149.385051631056,275.6358337402344
2020-06-29,50989.16019061448,279.6870422363281
2020-06-30,51793.23698347237,283.2696228027344
2020-07-01,52246.73110527725,285.25390625
2020-07-02,52587.802603162265,286.82476806640625
2020-07-06,53421.84739189498,291.2525634765625
2020-07-07,52934.373797044886,288.24859619140625
2020-07-08,53287.48039492314,290.45330810546875
2020-07-09,52979.98612624784,288.79986572265625
2020-07-10,53802.58535435957,291.7486267089844
2020-07-13,53440.30863610457,289.22247314453125
2020-07-14,54209.90529515486,292.9704895019531
2020-07-15,54565.18940596952,295.6619873046875
2020-07-16,54417.521859240864,294.6883239746094
2020-07-17,54512.03303354823,295.54254150390625
2020-07-20,54865.14496909461,297.93109130859375
2020-07-21,54975.06645973589,298.56488037109375
2020-07-22,55206.42359672672,300.2643737792969
2020-07-23,54587.47699743243,296.6817321777344
2020-07-24,53961.01763781401,294.77093505859375
2020-07-27,54407.08959752591,296.9205627441406
2020-07-28,54189.871145319536,295.03741455078125
2020-07-29,54591.01694517586,298.6659240722656
2020-07-30,54521.554493249736,297.6003112792969
2020-07-31,54506.29314871051,299.9520263671875
2020-08-03,54886.567087924035,302.037353515625
2020-08-04,55289.476460390826,303.2039794921875
2020-08-05,55597.22843763135,305.0872497558594
2020-08-06,55887.68918618995,307.1265563964844
2020-08-07,56068.47267062201,307.34716796875
2020-08-10,56227.378990809375,308.26568603515625
2020-08-11,55868.98826943621,305.7210693359375
2020-08-12,56852.38051710799,309.9835510253906
2020-08-13,56622.90944284933,309.4230651855469
2020-08-14,56667.73997133184,309.4322814941406
2020-08-17,56947.99904211534,310.415283203125
2020-08-18,56993.59173898632,311.0859069824219
2020-08-19,56803.268553560614,309.7906494140625
2020-08-20,56939.13691425885,310.75518798828125
2020-08-21,57221.47220583196,311.8575744628906
2020-08-24,57801.64470751703,315.01763916015625
2020-08-25,57960.66074584447,316.1199951171875
2020-08-26,58479.7154400564,319.2892150878906
2020-08-27,58731.83254626265,319.9874572753906
2020-08-28,59160.240018401884,322.0543518066406
2020-08-31,59220.31818954754,320.8876037597656
2020-09-01,59417.23912759154,323.9099426269531
2020-09-02,60354.974707983834,328.594970703125
2020-09-03,58260.40265579498,317.28668212890625
2020-09-04,58007.488844183375,314.69610595703125
2020-09-08,56137.20542606213,306.0976867675781
2020-09-09,57307.97041840489,312.142333984375
2020-09-10,56354.025147959735,306.722412109375
2020-09-11,56559.71029002543,306.8785705566406
2020-09-14,57447.413788316175,310.92059326171875
2020-09-15,57873.916755893224,312.4914855957031
2020-09-16,57731.67433153898,311.251220703125
2020-09-17,57343.89336862758,308.5137634277344
2020-09-18,56884.033084309885,304.9618835449219
2020-09-21,56336.86860790735,301.5677795410156
2020-09-22,56555.34583149705,304.6390686035156
2020-09-23,55131.33876489963,297.57415771484375
2020-09-24,55391.313537109585,298.3673400878906
2020-09-25,56230.14534519568,303.1911315917969
2020-09-28,57106.369648797954,308.226806640625
2020-09-29,56875.41682788896,306.5482177734375
2020-09-30,57530.966401029196,308.87249755859375
2020-10-01,58061.952306423016,310.85546875
2020-10-02,57498.72361643279,307.904052734375
2020-10-05,58521.657889584276,313.36407470703125
2020-10-06,57861.30150844421,308.9093322753906
2020-10-07,58911.99459121491,314.2864074707031
2020-10-08,59473.543234683246,317.07177734375
2020-10-09,59891.75087264434,319.9033203125
2020-10-12,60637.1866417612,325.0498046875
2020-10-13,60342.19749929079,322.928466796875
2020-10-14,60028.44047977803,320.8994140625
2020-10-15,59915.54047560938,320.5027770996094
2020-10-16,60098.183451531506,320.3091735839844
2020-10-19,59216.85311210684,315.4394226074219
2020-10-20,59430.689485204166,316.7029724121094
2020-10-21,59006.19153954369,316.10333251953125
2020-10-22,59484.453299777546,317.8373107910156
2020-10-23,59408.69639831513,318.91650390625
2020-10-26,58347.253347795915,313.02288818359375
2020-10-27,57940.5992038206,311.9437561035156
2020-10-28,56031.77498805191,301.2818908691406
2020-10-29,56655.969163967784,304.34393310546875
2020-10-30,56086.65314209533,301.1712341308594
2020-11-02,56926.532965109895,304.54681396484375
2020-11-03,57914.8151246052,309.9238586425781
2020-11-04,58878.84758125996,316.8504333496094
2020-11-05,59994.1810389217,323.0299377441406
2020-11-06,59916.70500490082,322.9562072753906
2020-11-09,60741.49240464308,327.0142822265625
2020-11-10,60944.7996170428,326.5346984863281
2020-11-11,61401.409531990605,328.96038818359375
2020-11-12,60731.466242190545,325.7691650390625
2020-11-13,61477.58589405674,330.2793273925781
2020-11-16,62282.741715259435,334.4020080566406
2020-11-17,62046.3034920284,332.6034851074219
2020-11-18,61408.680687499764,328.6007080078125
2020-11-19,61627.19124943705,329.9841003417969
2020-11-20,61235.186170577595,327.7245178222656
2020-11-23,61838.50401477928,329.6889953613281
2020-11-24,63057.54456907878,335.0014953613281
2020-11-25,62992.14405555132,334.4850769042969
2020-11-27,63144.72839728732,335.41656494140625
2020-11-30,62667.90077648701,333.9316711425781
2020-12-01,63338.377399233206,337.5839538574219
2020-12-02,63639.49584103991,338.294189453125
2020-12-03,63556.00346340714,338.2019348144531
2020-12-04,64173.25435455945,341.116455078125
2020-12-07,64183.71750221349,340.41552734375
2020-12-08,64389.16313226739,341.4116516113281
2020-12-09,64114.5633782313,338.3494873046875
2020-12-10,64066.637489230816,338.2388610839844
2020-12-11,63769.52811775659,337.8421936035156
2020-12-14,63556.70743935028,336.32965087890625
2020-12-15,64310.770987789154,340.8765869140625
2020-12-16,64296.15315907118,341.4116516113281
2020-12-17,64649.02905172366,343.3208312988281
2020-12-18,64512.04125046194,341.94989013671875
2020-12-21,64189.31600644678,340.7273254394531
2020-12-22,63745.45490245471,340.153076171875
2020-12-23,63912.70312805958,340.4586181640625
2020-12-24,64119.0215833858,341.7832336425781
2020-12-28,64502.92888458863,344.7194519042969
2020-12-29,64459.75669024087,344.0618591308594
2020-12-30,64661.573126122916,344.5526123046875
2020-12-31,65192.93467534879,346.30322265625
2021-01-04,64591.06616452062,341.5887145996094
2021-01-05,65002.764515070965,343.9413146972656
2021-01-06,65651.6739311086,345.99761962890625
2021-01-07,66371.77278423584,351.1382141113281
2021-01-08,66661.4331916105,353.138916015625
2021-01-11,66585.45286607978,350.7585144042969
2021-01-12,66712.62577048165,350.8326110839844
2021-01-13,67028.34190459023,351.77740478515625
2021-01-14,66911.38468575566,350.54541015625
2021-01-15,66331.29101879126,347.9889831542969
2021-01-19,66819.53993369437,350.7215270996094
2021-01-20,67541.66998161662,355.5748596191406
2021-01-21,67497.77845102425,355.899169921875
2021-01-22,67165.61068094679,354.6394348144531
2021-01-25,67440.33266979922,356.0381164550781
2021-01-26,67394.25038150582,355.4822998046875
2021-01-27,65679.57377400773,346.7941589355469
2021-01-28,66257.24479521181,349.7767333984375
2021-01-29,65134.227676120274,342.77435302734375
2021-02-01,65817.2041986412,348.47991943359375
2021-02-02,66770.43711857703,353.40753173828125
2021-02-03,66796.40308630417,353.6854553222656
2021-02-04,67430.93412851563,357.70526123046875
2021-02-05,67631.28441241742,359.1131896972656
2021-02-08,68186.07460446836,361.7066650390625
2021-02-09,68072.86216686005,361.4658203125
2021-02-10,68057.38825317271,361.308349609375
2021-02-11,68049.47310328555,361.8919677734375
2021-02-12,68311.52154568554,363.6795654296875
2021-02-16,68396.5997463297,363.3646545410156
2021-02-17,68503.36563111175,363.4479675292969
2021-02-18,68173.48354780066,361.9011535644531
2021-02-19,68060.05897316654,361.2620849609375
2021-02-22,67805.62876219391,358.48333740234375
2021-02-23,67905.43877855374,358.918701171875
2021-02-24,68748.56019486707,362.8736877441406
2021-02-25,67316.70544192646,354.1300048828125
2021-02-26,66723.09575810417,352.3052978515625
2021-03-01,68226.19779637316,360.84527587890625
2021-03-02,67764.25402804758,358.02947998046875
2021-03-03,67224.88577011085,353.2871398925781
2021-03-04,66493.34727349029,348.915283203125
2021-03-05,67818.6717646956,355.3341979980469
2021-03-08,67770.79147951333,353.56494140625
2021-03-09,68597.7024081667,358.613037109375
2021-03-10,69111.1378256564,360.84527587890625
2021-03-11,69363.91008961128,364.5039367675781
2021-03-12,69664.17695027584,364.994873046875
2021-03-15,69964.64580916167,367.17156982421875
2021-03-16,69914.3073813899,366.7082824707031
2021-03-17,70112.19410877417,367.9588317871094
2021-03-18,69295.65775104356,362.60516357421875
2021-03-19,69265.90785194711,361.9342041015625
2021-03-22,69666.59310010528,364.82427978515625
2021-03-23,69234.66574927895,361.9527587890625
2021-03-24,68960.46766294606,360.1128234863281
2021-03-25,69467.2784048111,362.1386413574219
2021-03-26,70709.05582483739,367.9744873046875
2021-03-29,70795.10254205101,367.7887268066406
2021-03-30,70520.53994185956,366.81298828125
2021-03-31,70698.6364070309,368.2997131347656
2021-04-01,71522.3234565997,372.2769775390625
2021-04-05,72396.76159367072,377.6203308105469
2021-04-06,72228.35221658801,377.3973388671875
2021-04-07,72377.70188146131,377.8341369628906
2021-04-08,72594.40663148051,379.6275329589844
2021-04-09,73053.62727145305,382.38751220703125
2021-04-12,73065.30645825574,382.5269775390625
2021-04-13,73207.68250715871,383.6606750488281
2021-04-14,73139.3725700547,382.350341796875
2021-04-15,73852.71264068023,386.4577331542969
2021-04-16,74176.55551927903,387.7494812011719
2021-04-19,73764.10719505222,385.844482421875
2021-04-20,73288.9553238366,383.01947021484375
2021-04-21,73706.7681751962,386.6435852050781
2021-04-22,72931.27288511177,383.1123962402344
2021-04-23,73365.53277033358,387.26629638671875
2021-04-26,73378.09195979586,388.07470703125
2021-04-27,73396.14774579002,387.9910583496094
2021-04-28,73316.9409229942,387.8795471191406
2021-04-29,73999.77216475802,390.35137939453125
2021-04-30,73537.43957905067,387.78668212890625
2021-05-03,73937.33970686367,388.6230163574219
2021-05-04,73789.43226270567,386.2253723144531
2021-05-05,74022.30028619639,386.34625244140625
2021-05-06,74726.81320079447,389.431396484375
2021-05-07,75198.05325012846,392.2657165527344
2021-05-10,74627.09718341839,388.38140869140625
2021-05-11,73838.65567534517,384.9151916503906
2021-05-12,72464.18851998456,376.737548828125
2021-05-13,73349.46651685052,381.2631530761719
2021-05-14,74296.59027228046,387.1175842285156
2021-05-17,74193.44008886497,386.13250732421875
2021-05-18,73559.07861621272,382.80572509765625
2021-05-19,73311.62463736342,381.8021240234375
2021-05-20,73938.06325642498,385.9095458984375
2021-05-21,74088.8177317954,385.5935363769531
2021-05-24,74636.1169447904,389.5244140625
2021-05-25,74326.3909074597,388.6600341796875
2021-05-26,74408.1681740908,389.431396484375
2021-05-27,74616.13357261155,389.63592529296875
2021-05-28,74677.56525900967,390.3327941894531
2021-06-01,74640.69648993855,389.98907470703125
2021-06-02,74931.73542927904,390.6023254394531
2021-06-03,74834.74554949588,389.15264892578125
2021-06-04,75366.78989588076,392.71173095703125
2021-06-07,75407.91367963438,392.33074951171875
2021-06-08,75237.45011916227,392.41436767578125
2021-06-09,75023.8372403853,391.8289794921875
2021-06-10,75250.61540274743,393.6502990722656
2021-06-11,75306.65440434974,394.3009033203125
2021-06-14,75315.19876655054,395.18365478515625
2021-06-15,75168.18888873578,394.4588317871094
2021-06-16,74535.7204697239,392.2563781738281
2021-06-17,74342.85857477349,392.1263427734375
2021-06-18,73227.01048303119,386.8363342285156
2021-06-21,74345.92113079556,392.3742980957031
2021-06-22,74656.27497298011,394.4720764160156
2021-06-23,74536.33955953855,393.99658203125
2021-06-24,75208.94302263595,396.3274230957031
2021-06-25,75452.42040010024,397.7351989746094
2021-06-28,75565.66927861942,398.5369873046875
2021-06-29,75449.12185253594,398.7513427734375
2021-06-30,75721.6773596786,399.0870361328125
2021-07-01,76302.87853160875,401.2966003417969
2021-07-02,76693.15007714462,404.3639221191406
2021-07-06,76316.29243787064,403.62738037109375
2021-07-07,76429.88639496372,405.0538330078125
2021-07-08,75913.56495238167,401.7535095214844
2021-07-09,76793.04188674489,406.0421447753906
2021-07-12,77099.31137147872,407.4964599609375
2021-07-13,76763.6034562105,406.1073913574219
2021-07-14,76856.21374972892,406.7132873535156
2021-07-15,76771.63391643959,405.32415771484375
2021-07-16,76177.65147000554,402.14501953125
2021-07-19,75017.21110654135,396.2061767578125
2021-07-20,76016.52164671702,401.884033203125
2021-07-21,76673.04580114102,405.1377258300781
2021-07-22,76543.12452647393,405.9861755371094
2021-07-23,77094.1123601474,410.1629333496094
2021-07-26,77324.89337578256,411.1697998046875
2021-07-27,77041.6821153735,409.2958679199219
2021-07-28,77036.12621293835,409.1280822753906
2021-07-29,77479.51631672832,410.8248596191406
2021-07-30,76990.21433334281,408.8296813964844
2021-08-02,76877.09941761901,407.9720153808594
2021-08-03,77545.69080999451,411.291015625
2021-08-04,77123.17270049572,409.26788330078125
2021-08-05,77670.07277040624,411.8597412109375
2021-08-06,77857.69470582216,412.540283203125
2021-08-09,77800.77121377637,412.20465087890625
2021-08-10,78162.1655231507,412.7174987792969
2021-08-11,78445.88027743285,413.7430725097656
2021-08-12,78564.33984527981,414.98297119140625
2021-08-13,78590.03725659187,415.7382507324219
2021-08-16,78779.57153364067,416.7170715332031
2021-08-17,78175.71539898892,413.9853515625
2021-08-18,77461.60072851709,409.454345703125
2021-08-19,77469.52315454914,410.08831787109375
2021-08-20,77994.64717514465,413.3514404296875
2021-08-23,78543.45178638327,416.98748779296875
2021-08-24,78548.77936872152,417.6494140625
2021-08-25,78742.6997757153,418.5257873535156
2021-08-26,78316.18813205158,416.0551452636719
2021-08-27,78933.60218789085,419.7751159667969
2021-08-30,79001.31563048156,421.6210632324219
2021-08-31,78823.09925543645,420.9964599609375
2021-09-01,78717.04756223323,421.22015380859375
2021-09-02,79103.66181917486,422.51611328125
2021-09-03,78977.96423083439,422.4135437011719
2021-09-07,78586.699731225,420.9032287597656
2021-09-08,78569.0617112069,420.3904113769531
2021-09-09,78151.82904377194,418.5910339355469
2021-09-10,77783.93488298079,415.2906494140625
2021-09-13,78212.47684257482,416.3534851074219
2021-09-14,77592.1728871309,414.1066589355469
2021-09-15,78181.21035617612,417.5655517578125
2021-09-16,77924.71248665295,416.9035949707031
2021-09-17,77347.35980783934,412.842529296875
2021-09-20,76133.83699484306,405.9586486816406
2021-09-21,76145.35881461835,405.57513427734375
2021-09-22,76865.59529645118,409.5315246582031
2021-09-23,77793.40523962416,414.5072937011719
2021-09-24,78040.29400958345,415.1900939941406
2021-09-27,78086.8044755958,414.0023498535156
2021-09-28,76939.87452726465,405.65936279296875
2021-09-29,77296.66848426283,406.34210205078125
2021-09-30,76358.69333250243,401.375732421875
2021-10-01,77342.4842406648,406.145751953125
2021-10-04,76719.03648525118,400.90802001953125
2021-10-05,77423.00836266126,405.0794677734375
2021-10-06,77660.73346898734,406.7630310058594
2021-10-07,78236.39917240305,410.27972412109375
2021-10-08,78280.34999272814,409.5315246582031
2021-10-11,77740.44755311108,406.56658935546875
2021-10-12,77380.24877084667,405.5658874511719
2021-10-13,77492.42800505713,407.0248718261719
2021-10-14,78536.97329102215,413.871337890625
2021-10-15,79313.64238949423,417.0232849121094
2021-10-18,79471.46306939691,418.2579040527344
2021-10-19,80177.51867792019,421.4847412109375
2021-10-20,80596.9228769074,423.1401062011719
2021-10-21,80669.5486402888,424.24383544921875
2021-10-22,80741.43889490677,423.80426025390625
2021-10-25,81150.48817907601,426.07708740234375
2021-10-26,81499.37881980397,426.46044921875
2021-10-27,80652.35365167589,424.57122802734375
2021-10-28,81434.34767672868,428.6678161621094
2021-10-29,81625.80305247242,429.5376892089844
2021-11-01,81891.81210456273,430.27655029296875
2021-11-02,82091.23065001609,432.0162048339844
2021-11-03,82548.82038689054,434.65380859375
2021-11-04,82907.62596354641,436.7020263671875
2021-11-05,83327.26781264467,438.21722412109375
2021-11-08,83425.47435306034,438.5914306640625
2021-11-09,83072.16939730343,437.1416931152344
2021-11-10,82747.48347055419,433.6248779296875
2021-11-11,82750.92746908267,433.7652587890625
2021-11-12,83106.9280983465,437.038818359375
2021-11-15,83189.52141577746,437.1883850097656
2021-11-16,83416.32575360367,438.918701171875
2021-11-17,83058.94039453634,437.8525085449219
2021-11-18,83147.54434996631,439.33966064453125
2021-11-19,82696.11057999714,438.5540771484375
2021-11-22,82730.15029482434,437.3193054199219
2021-11-23,83144.00149732015,437.8992614746094
2021-11-24,83335.72475014399,439.0684509277344
2021-11-26,81380.9469152016,429.27581787109375
2021-11-29,82141.35909547341,434.5414733886719
2021-11-30,80484.44669793017,426.0864562988281
2021-12-01,79710.6094414737,421.3537902832031
2021-12-02,80847.58839312154,427.8073425292969
2021-12-03,80445.38486485547,424.0848693847656
2021-12-06,81497.50555392561,429.107421875
2021-12-07,82924.2002375995,437.9833984375
2021-12-08,82824.86678182699,439.1431579589844
2021-12-09,82455.32998879664,436.1783142089844
2021-12-10,83373.26508397669,440.2843017578125
2021-12-13,82595.54798990293,436.384033203125
2021-12-14,82243.09169408529,433.3817443847656
2021-12-15,83643.73790507275,440.1532287597656
2021-12-16,83460.95174500071,436.2718200683594
2021-12-17,82172.81731816498,431.6286315917969
2021-12-20,81434.96841271195,427.0389709472656
2021-12-21,82518.51066620414,434.6227722167969
2021-12-22,83227.11790787928,438.96844482421875
2021-12-23,83730.50057442416,441.6996154785156
2021-12-27,84663.55126019345,447.9507141113281
2021-12-28,84665.48940482913,447.5846252441406
2021-12-29,84711.07923868984,448.1571350097656
2021-12-30,84494.1094726618,446.918212890625
2021-12-31,84384.08136790844,445.7919006347656
2022-01-03,85486.74586847897,448.37298583984375
2022-01-04,86006.31976015135,448.2229309082031
2022-01-05,85056.5949297037,439.61602783203125
2022-01-06,85164.54042524728,439.2030334472656
2022-01-07,85276.51958153202,437.4666442871094
2022-01-10,85156.22489149074,436.92230224609375
2022-01-11,85778.28076549948,440.90185546875
2022-01-12,85874.88151688776,442.0938720703125
2022-01-13,85214.57008426239,436.0024719238281
2022-01-14,85237.15895788914,436.1808166503906
2022-01-18,83882.5747053404,428.4561767578125
2022-01-19,82989.73071499563,424.00738525390625
2022-01-20,82126.32961635772,419.3143005371094
2022-01-21,80706.42552717749,411.0829772949219
2022-01-24,80693.45528717784,412.8287658691406
2022-01-25,80388.27253754564,407.78851318359375
2022-01-26,80227.21632771385,406.7654724121094
2022-01-27,79918.5873613941,404.7568054199219
2022-01-28,81452.91181064401,414.80908203125
2022-01-31,82687.15640544593,422.2803039550781
2022-02-01,83656.78931613207,425.13360595703125
2022-02-02,84448.05118775695,429.2633972167969
2022-02-03,82753.81695230391,419.173583984375
2022-02-04,82913.11471894084,421.14459228515625
2022-02-07,82900.1324126886,419.7930603027344
2022-02-08,83289.33026035377,423.2470397949219
2022-02-09,84134.4577166792,429.4417419433594
2022-02-10,82666.22720514692,421.7265319824219
2022-02-11,81605.90382750296,413.4106750488281
2022-02-14,81193.55488282489,412.0590515136719
2022-02-15,82279.48089253296,418.7043151855469
2022-02-16,82288.02280641723,419.173583984375
2022-02-17,80896.771168428,410.219482421875
2022-02-18,80314.05397196815,407.563232421875
2022-02-22,79543.88488925493,403.1893615722656
2022-02-23,78350.58834868614,396.037353515625
2022-02-24,78700.85755506574,401.9974060058594
2022-02-25,80662.79951366491,410.8671569824219
2022-02-28,80496.74963502555,409.81585693359375
2022-03-01,79040.83395525419,403.5742492675781
2022-03-02,80512.01115287073,410.9985046386719
2022-03-03,80273.39901260154,408.9523620605469
2022-03-04,79954.24853711831,405.6297912597656
2022-03-07,78397.50776507141,393.6721496582031
2022-03-08,78208.23383923023,390.68743896484375
2022-03-09,79450.66437004988,401.16204833984375
2022-03-10,79391.78658280082,399.35064697265625
2022-03-11,78733.02863823588,394.2727966308594
2022-03-14,78483.81072566663,391.3912658691406
2022-03-15,79644.19171058924,399.9982604980469
2022-03-16,80807.55196372338,408.8678894042969
2022-03-17,81876.89692005535,413.9831237792969
2022-03-18,82423.4598902885,418.51739501953125
2022-03-21,82402.56366248098,418.3950500488281
2022-03-22,83094.02507495198,423.2908630371094
2022-03-23,82212.34712315365,417.839599609375
2022-03-24,83205.08396698242,424.13824462890625
2022-03-25,83769.79550969295,426.2095642089844
2022-03-28,83948.09337008809,429.2412109375
2022-03-29,84741.96921880242,434.55120849609375
2022-03-30,84313.14244482183,431.8679504394531
2022-03-31,83078.96386207627,425.220947265625
2022-04-01,83512.57228140623,426.4260559082031
2022-04-04,83999.16847395417,430.0791320800781
2022-04-05,83106.48795995899,424.6466369628906
2022-04-06,82799.77722765952,420.4004211425781
2022-04-07,83074.23715886207,422.5188293457031
2022-04-08,83077.62237885314,421.3890686035156
2022-04-11,81946.17953273046,414.1865234375
2022-04-12,81732.3466992583,412.65185546875
2022-04-13,82462.5436940051,417.3782043457031
2022-04-14,81932.07079117082,412.1810607910156
2022-04-18,82019.19804448157,412.35064697265625
2022-04-19,83040.2051644698,419.0070495605469
2022-04-20,82954.39892890421,418.6962890625
2022-04-21,82020.22176256821,412.43536376953125
2022-04-22,80131.11747593297,401.1184387207031
2022-04-25,80375.21148586005,403.4439697265625
2022-04-26,78474.22067939168,391.7599182128906
2022-04-27,78439.65501704685,392.8614807128906
2022-04-28,80197.82147384183,402.784912109375
2022-04-29,77633.6262575013,387.8997802734375
2022-05-02,78001.53934558829,390.2346496582031
2022-05-03,78354.11599009394,392.0235290527344
2022-05-04,80669.36754228924,403.96185302734375
2022-05-05,78397.71076308085,389.6038513183594
2022-05-06,78343.04346911903,387.2783508300781
2022-05-09,76448.70041786596,374.8787536621094
2022-05-10,76388.71948885806,375.744873046875
2022-05-11,75599.97932041595,369.77581787109375
2022-05-12,75561.64523778074,369.3898010253906
2022-05-13,76848.26282681088,378.22113037109375
2022-05-16,76873.65737568322,376.6864318847656
2022-05-17,78169.2428118728,384.4350280761719
2022-05-18,75473.3933367155,368.93780517578125
2022-05-19,74831.01817764663,366.67822265625
2022-05-20,74942.86072086183,366.8383483886719
2022-05-23,76387.55686687533,373.701904296875
2022-05-24,76326.06322352037,370.8491516113281
2022-05-25,76924.64617674255,374.1255187988281
2022-05-26,78353.02222178511,381.60113525390625
2022-05-27,79754.46123882003,390.968994140625
2022-05-31,79254.99295413455,388.77532958984375
2022-06-01,78690.40847162,385.6306457519531
2022-06-02,79709.42227580288,392.97442626953125
2022-06-03,78894.30878146143,386.525146484375
2022-06-06,79015.69688442316,387.7019958496094
2022-06-07,79698.42237856043,391.42095947265625
2022-06-08,78917.58802840959,387.16534423828125
2022-06-09,77280.35658938027,377.9574890136719
2022-06-10,75352.90821731166,366.998291015625
2022-06-13,72951.46254624479,353.0640563964844
2022-06-14,72575.68217458953,352.0002746582031
2022-06-15,73244.60891952323,357.0184020996094
2022-06-16,71312.79510594306,345.2025146484375
2022-06-17,71079.73013607787,345.9466247558594
2022-06-21,72780.10603683158,354.6554260253906
2022-06-22,72604.92518166872,354.0124206542969
2022-06-23,72867.32522451335,357.482666015625
2022-06-24,74796.05187925046,368.848388671875
2022-06-27,74751.31196818856,367.4395446777344
2022-06-28,73780.13702715033,359.9316101074219
2022-06-29,73716.75644558352,359.63861083984375
2022-06-30,73326.55405306215,356.71673583984375
2022-07-01,74108.90290676198,360.4895935058594
2022-07-05,73784.28370457258,361.17034912109375
2022-07-06,73900.19758791603,362.39019775390625
2022-07-07,74893.3758374329,367.81768798828125
2022-07-08,74890.25162413319,367.51519775390625
2022-07-11,74241.65825941274,363.31683349609375
2022-07-12,73834.77764768625,360.1018371582031
2022-07-13,73543.3103832758,358.2107849121094
2022-07-14,73476.27852927505,357.3408203125
2022-07-15,74944.0356937613,364.1678771972656
2022-07-18,74474.57537329977,361.16094970703125
2022-07-19,76156.61866797035,370.9192199707031
2022-07-20,76292.05435557467,373.28314208984375
2022-07-21,76835.10319214831,377.0843505859375
2022-07-22,76559.65577453344,373.585693359375
2022-07-25,76817.22928155039,374.03955078125
2022-07-26,76128.80362077728,369.6143493652344
2022-07-27,77407.05058065969,379.2118225097656
2022-07-28,78053.47771816252,383.9681091308594
2022-07-29,78881.51037002346,389.5659484863281
2022-08-01,78952.612779145,388.4123229980469
2022-08-02,78186.31092416227,385.849853515625
2022-08-03,79031.57623072837,391.8919677734375
2022-08-04,78847.56058982368,391.62725830078125
2022-08-05,78851.84436800973,390.9653625488281
2022-08-08,78701.30743750058,390.5115051269531
2022-08-09,78534.07047192183,388.9607238769531
2022-08-10,79887.12332963842,397.13043212890625
2022-08-11,79985.4528848795,397.13043212890625
2022-08-12,81200.077800267,403.853515625
2022-08-15,81499.44842511888,405.517578125
2022-08-16,81756.12650417106,406.3119812011719
2022-08-17,81318.65117084327,403.4280090332031
2022-08-18,81766.93677802106,404.6004638671875
2022-08-19,81019.10722436254,399.1634521484375
2022-08-22,79532.51719349116,390.8518981933594
2022-08-23,79412.8858952188,389.90631103515625
2022-08-24,79560.62123472066,391.1544494628906
2022-08-25,80514.98937238939,396.67657470703125
2022-08-26,78106.49921401651,383.24957275390625
2022-08-29,77791.79115571888,380.71533203125
2022-08-30,76979.48328854593,376.5359191894531
2022-08-31,76382.17639668571,373.6707763671875
2022-09-01,76705.08909483714,374.84332275390625
2022-09-02,76020.46454240322,370.89080810546875
2022-09-06,75687.41685999898,369.4914245605469
2022-09-07,76798.90010696369,376.1293640136719
2022-09-08,77364.5288547836,378.587890625
2022-09-09,78411.65067956611,384.46929931640625
2022-09-12,79019.76583555562,388.6014099121094
2022-09-13,75916.36711970514,371.70404052734375
2022-09-14,76209.90820937286,373.1224670410156
2022-09-15,75503.91796652316,368.8861999511719
2022-09-16,75148.37553522448,366.0720520019531
2022-09-19,75602.81358120928,368.9108581542969
2022-09-20,74793.36094156567,364.6763916015625
2022-09-21,73612.4987303072,358.3149719238281
2022-09-22,73211.4032834178,355.3052062988281
2022-09-23,71799.96306902554,349.3521423339844
2022-09-26,71019.72862633587,345.8961181640625
2022-09-27,70753.09378489964,345.0131530761719
2022-09-28,72024.65688900773,351.8017883300781
2022-09-29,70651.13174966583,344.45294189453125
2022-09-30,69622.77327858147,339.12652587890625
2022-10-03,71419.67118469549,348.0799255371094
2022-10-04,73387.68725324469,358.8657531738281
2022-10-05,73215.13547976191,358.0301818847656
2022-10-06,72374.085224709,354.33685302734375
2022-10-07,70739.73842442303,344.45294189453125
2022-10-10,70314.85040174155,341.8229675292969
2022-10-11,69960.92640436078,339.658203125
2022-10-12,69747.10528661695,338.53790283203125
2022-10-13,71787.68602967204,347.47222900390625
2022-10-14,70639.7753013001,339.5538024902344
2022-10-17,72132.06770041272,348.27923583984375
2022-10-18,72883.93732200691,352.37139892578125
2022-10-19,72469.30288863249,349.87432861328125
2022-10-20,72024.39530350102,346.9405822753906
2022-10-21,73902.47262602391,355.3717041015625
2022-10-24,74872.45455231243,359.7201843261719
2022-10-25,75802.61889716516,365.46441650390625
2022-10-26,75936.06322289821,362.7109375
2022-10-27,75781.98985580639,360.77410888671875
2022-10-28,77539.78695747559,369.357177734375
2022-10-31,77068.97458081866,366.6891784667969
2022-11-01,77020.9976524138,365.0845642089844
2022-11-02,75717.52680792911,355.9223937988281
2022-11-03,75296.28411376955,352.25750732421875
2022-11-04,76343.59733564645,357.32757568359375
2022-11-07,77091.233663738,360.74566650390625
2022-11-08,77652.89321492416,362.6919860839844
2022-11-09,76291.92365348052,355.2198181152344
2022-11-10,79591.63800379225,374.74053955078125
2022-11-11,79990.35499563171,378.3675537109375
2022-11-14,79423.24631313536,375.14886474609375
2022-11-15,80005.21304537397,378.34844970703125
2022-11-16,79515.15983548373,375.4621887207031
2022-11-17,79447.45142562853,374.31329345703125
2022-11-18,79877.89775648704,376.01287841796875
2022-11-21,79685.94537479589,374.6456604003906
2022-11-22,80735.62213522685,379.687255859375
2022-11-23,80939.58159785841,382.07989501953125
2022-11-25,81012.82942564349,381.99444580078125
2022-11-28,79905.61370267854,375.89898681640625
2022-11-29,79926.2535712224,375.2532653808594
2022-11-30,81891.01938261928,387.0740051269531
2022-12-01,81747.29402221394,386.7891845703125
2022-12-02,81637.01734882219,386.34295654296875
2022-12-05,80264.69675601638,379.3929443359375
2022-12-06,79322.41790362273,373.9241027832031
2022-12-07,79216.23481737827,373.28790283203125
2022-12-08,79671.29870399236,376.21221923828125
2022-12-09,79055.01687657188,373.40185546875
2022-12-12,80247.51552967507,378.7853088378906
2022-12-13,80703.19699009681,381.65264892578125
2022-12-14,80366.03357048634,379.2124938964844
2022-12-15,78603.44262698528,369.93634033203125
2022-12-16,77858.73341729942,365.56884765625
2022-12-19,77516.74978951566,362.46893310546875
2022-12-20,77600.5201692544,362.9649353027344
2022-12-21,78768.61334501981,368.39215087890625
2022-12-22,77786.61619865935,363.1366271972656
2022-12-23,78250.49835015662,365.2254943847656
2022-12-27,78171.04135855392,363.78521728515625
2022-12-28,77390.06393289429,359.2640686035156
2022-12-29,78379.7880730562,365.73101806640625
2022-12-30,78281.77879267912,364.7676086425781
2023-01-03,78337.44931204875,363.23199462890625
2023-01-04,79130.03486282553,366.03619384765625
2023-01-05,78496.25347763136,361.8585205078125
2023-01-06,80278.5671488996,370.1566467285156
2023-01-09,80120.9909089552,369.9468078613281
2023-01-10,80565.30404885256,372.54119873046875
2023-01-11,81264.29531434951,377.25311279296875
2023-01-12,81593.01818385634,378.6265563964844
2023-01-13,81955.58277391705,380.0954895019531
2023-01-17,81517.96024304419,379.399169921875
2023-01-18,80170.59221172423,373.4092102050781
2023-01-19,79456.86526023159,370.69085693359375
2023-01-20,80535.43251894705,377.5964050292969
2023-01-23,81351.92905675067,382.12701416015625
2023-01-24,81396.3563549327,381.7169494628906
2023-01-25,81475.61472967695,381.85992431640625
2023-01-26,81940.32538363058,386.0567321777344
2023-01-27,82149.71275475294,386.9438171386719
2023-01-30,81391.33447263682,382.08892822265625
2023-01-31,82286.60358984015,387.7068786621094
2023-02-01,82735.41629641906,391.8273620605469
2023-02-02,83124.78400350791,397.5312194824219
2023-02-03,82599.77494453611,393.3057861328125
2023-02-06,82407.88300166746,390.9021301269531
2023-02-07,83040.4706971545,396.0146484375
2023-02-08,82239.86912709996,391.6842346191406
2023-02-09,81493.28859041916,388.28863525390625
2023-02-10,81859.71000990846,389.19482421875
2023-02-13,82718.4806979614,393.7635803222656
2023-02-14,82696.40741478259,393.5824279785156
2023-02-15,82777.14110053712,394.8605651855469
2023-02-16,81850.10920319971,389.42376708984375
2023-02-17,81811.63625706045,388.4508972167969
2023-02-21,80311.40734271858,380.65814208984375
2023-02-22,80082.1959352172,380.133544921875
2023-02-23,80444.96374383685,382.1556396484375
2023-02-24,79837.01333120049,378.0733642578125
2023-02-27,80009.13442407144,379.361083984375
2023-02-28,79686.25042361114,377.9588928222656
2023-03-01,79416.20731221313,376.50909423828125
2023-03-02,79918.73128417092,379.4372863769531
2023-03-03,81008.22247340217,385.5226745605469
2023-03-06,81081.25640404441,385.7897644042969
2023-03-07,79756.52119785704,379.8759765625
2023-03-08,79841.55254323626,380.4959716796875
2023-03-09,78569.67002748446,373.4759826660156
2023-03-10,77748.96818083887,368.08685302734375
2023-03-13,77334.6413683785,367.56231689453125
2023-03-14,78433.21061527655,373.63812255859375
2023-03-15,77896.12668364756,371.3012390136719
2023-03-16,78858.85302491453,377.8158264160156
2023-03-17,77974.67861880119,373.3980407714844
2023-03-20,78714.78424156309,376.98858642578125
2023-03-21,79472.65307861447,381.93865966796875
2023-03-22,78282.21777564674,375.42791748046875
2023-03-23,78493.6981193801,376.4428405761719
2023-03-24,78833.07236937694,378.9130859375
2023-03-27,79292.88894554987,379.62152099609375
2023-03-28,79192.6688056151,378.7694396972656
2023-03-29,80158.6749633752,384.2747802734375
2023-03-30,80464.76487239871,386.52484130859375
2023-03-31,81463.93717735486,391.9727783203125
2023-04-03,82180.36511307092,393.4663391113281
2023-04-04,81661.44162046086,391.2834167480469
2023-04-05,81830.43657971304,390.25897216796875
2023-04-06,81954.36450631876,391.78125
2023-04-10,82068.45211155123,392.18341064453125
2023-04-11,82262.57712694474,392.2887268066406
2023-04-12,81927.53101477548,390.6897888183594
2023-04-13,82771.74568773735,395.879150390625
2023-04-14,82777.81884930046,394.9121398925781
2023-04-17,83043.84447044514,396.3292236328125
2023-04-18,83067.98183223767,396.5876770019531
2023-04-19,83093.01923102843,396.52069091796875
2023-04-20,82571.61734074977,394.35687255859375
2023-04-21,82634.543083563,394.66326904296875
2023-04-24,82677.98641677282,395.07489013671875
2023-04-25,81569.87335719517,388.80352783203125
2023-04-26,80686.52905311048,387.1567687988281
2023-04-27,81958.58051175608,394.8642578125
2023-04-28,82627.96066218529,398.2345275878906
2023-05-01,82676.92705595864,397.8323974609375
2023-05-02,81528.7493761331,393.3610534667969
2023-05-03,81122.21584322269,390.6610107421875
2023-05-04,80516.70367994734,387.89398193359375
2023-05-05,81782.3968088097,395.07489013671875
2023-05-08,81808.6035311419,395.18023681640625
2023-05-09,81580.01668079029,393.447265625
2023-05-10,81628.60926129784,395.2855529785156
2023-05-11,81401.48554818147,394.59619140625
2023-05-12,81325.98525821192,394.07916259765625
2023-05-15,81548.49621022845,395.4387512207031
2023-05-16,80789.85269607158,392.796142578125
2023-05-17,81919.0433610978,397.5643005371094
2023-05-18,82481.79653163279,401.3941650390625
2023-05-19,82390.1516783747,400.81005859375
2023-05-22,82330.27168650237,400.972900390625
2023-05-23,81776.03713756996,396.4728088378906
2023-05-24,81138.12087411924,393.6004943847656
2023-05-25,81572.51390008282,397.00897216796875
2023-05-26,82687.62228340989,402.15045166015625
2023-05-30,82702.5196071439,402.3036804199219
2023-05-31,82283.48804816412,400.07281494140625
2023-06-01,83011.53222827686,403.8739013671875
2023-06-02,84288.0279251673,409.7144470214844
2023-06-05,83953.43534466176,408.9292297363281
2023-06-06,84173.90788376018,409.8197937011719
2023-06-07,84379.92430798088,408.4027404785156
2023-06-08,84871.05828719943,410.8729553222656
2023-06-09,84973.07688781334,411.6102294921875
2023-06-12,85667.9041714798,415.34423828125
2023-06-13,86231.92778695111,418.08258056640625
2023-06-14,86347.221230223,418.58038330078125
2023-06-15,87341.13810379984,423.7698669433594
2023-06-16,87172.03917080197,422.326416015625
2023-06-20,86586.41712383441,420.13525390625
2023-06-21,86172.43166301976,417.9826965332031
2023-06-22,86070.01053212771,419.4913635253906
2023-06-23,85385.27047386797,416.3200988769531
2023-06-26,85228.78326092505,414.61907958984375
2023-06-27,86014.999030092,419.1647033691406
2023-06-28,85849.52049898774,419.3761291503906
2023-06-29,86375.85548639785,421.0290832519531
2023-06-30,87287.89529743293,425.99749755859375
2023-07-03,87734.51620693335,426.48760986328125
2023-07-05,87673.70221607422,425.8533630371094
2023-07-06,86629.71398112597,422.5186767578125
2023-07-07,86453.33605200412,421.4519348144531
2023-07-10,86901.13591449278,422.5186767578125
2023-07-11,87650.28963358425,425.20941162109375
2023-07-12,88265.82992349201,428.6307067871094
2023-07-13,88868.53006833079,432.03265380859375
2023-07-14,88581.87072525873,431.7635803222656
2023-07-17,88693.4639737481,433.2627258300781
2023-07-18,89337.94374084444,436.4821472167969
2023-07-19,89835.31614384045,437.4527587890625
2023-07-20,89749.78038074347,434.55047607421875
2023-07-21,89835.85124920179,434.55047607421875
2023-07-24,90345.94869563599,436.4917907714844
2023-07-25,90450.52589405811,437.6833801269531
2023-07-26,90493.74601103192,437.75067138671875
2023-07-27,89928.37534941052,434.8484191894531
2023-07-28,90570.28225502053,439.1057434082031
2023-07-31,90800.65307249769,439.9417724609375
2023-08-01,90552.76133886627,438.6828918457031
2023-08-02,89478.17090402103,432.5804748535156
2023-08-03,89139.43760210072,431.34075927734375
2023-08-04,88828.21867799741,429.3898620605469
2023-08-07,89638.87416091417,433.13787841796875
2023-08-08,89463.0156884931,431.2542419433594
2023-08-09,88956.5430750523,428.37115478515625
2023-08-10,89015.69348846152,428.52490234375
2023-08-11,89179.87926162915,428.2750549316406
2023-08-14,89492.57032259367,430.63916015625
2023-08-15,88436.19123867706,425.6227722167969
2023-08-16,87760.28102388693,422.4993896484375
2023-08-17,87348.10662994527,419.2800598144531
2023-08-18,87469.57418110802,419.4817810058594
2023-08-21,87763.4811864975,422.21112060546875
2023-08-22,87431.33131105498,421.0674743652344
2023-08-23,88241.42126141209,425.7572326660156
2023-08-24,87081.9496937402,419.85662841796875
2023-08-25,87696.11918497327,422.81658935546875
2023-08-28,88250.13276847605,425.49774169921875
2023-08-29,89405.0117950625,431.64825439453125
2023-08-30,89536.76804778808,433.4261474609375
2023-08-31,89437.75265124322,432.79180908203125
2023-09-01,89589.75271149495,433.5991516113281
2023-09-05,89267.25616560005,431.7251281738281
2023-09-06,88807.0871669756,428.8229064941406
2023-09-07,88746.24317739732,427.5062561035156
2023-09-08,88936.93648032291,428.150146484375
2023-09-11,89611.12687257213,430.9659423828125
2023-09-12,89298.81110559708,428.601806640625
2023-09-13,89262.97978288947,429.1015625
2023-09-14,90105.89526040899,432.80145263671875
2023-09-15,89121.62342721576,427.58697509765625
2023-09-18,89051.37646058867,427.837646484375
2023-09-19,88772.47807461418,426.950439453125
2023-09-20,88179.32161797222,423.02532958984375
2023-09-21,86762.26552541401,416.03338623046875
2023-09-22,86474.83492216909,415.09796142578125
2023-09-25,86751.95876622779,416.843505859375
2023-09-26,85500.49309481596,410.71954345703125
2023-09-27,85432.46389388414,410.88348388671875
2023-09-28,85776.91507868862,413.26556396484375
2023-09-29,85356.26932935804,412.2625732421875
2023-10-02,85092.00306044937,412.0986633300781
2023-10-03,84159.58698758918,406.58221435546875
2023-10-04,84403.3127999164,409.5429382324219
2023-10-05,84231.53883750415,409.3887023925781
2023-10-06,85051.82568347783,414.2492370605469
2023-10-09,85607.47948571177,416.9013671875
2023-10-10,86127.21197845846,419.0712890625
2023-10-11,86402.77913437755,420.78790283203125
2023-10-12,85906.02527647051,418.22259521484375
2023-10-13,85621.19539226315,416.1394958496094
2023-10-16,86485.0392871327,420.5178527832031
2023-10-17,86506.7524789026,420.49853515625
2023-10-18,85555.6583950969,414.8953552246094
2023-10-19,85126.41896144002,411.25
2023-10-20,84043.01589230925,406.196533203125
2023-10-23,83719.81231477036,405.4924621582031
2023-10-24,84468.02657672233,408.5496520996094
2023-10-25,83472.46309831933,402.6860046386719
2023-10-26,82716.82769005098,397.86407470703125
2023-10-27,82121.63714798045,396.0606689453125
2023-10-30,83247.79622513373,400.79583740234375
2023-10-31,83679.5348666408,403.3130187988281
2023-11-01,84368.36186205088,407.6142272949219
2023-11-02,86064.0692067663,415.42584228515625
2023-11-03,86796.4614951778,419.21588134765625
2023-11-06,86953.03395611957,420.18035888671875
2023-11-07,86901.62707090512,421.3761291503906
2023-11-08,86916.34055537876,421.684814453125
2023-11-09,86115.92857450437,418.3962097167969
2023-11-10,87379.22267749521,424.9252014160156
2023-11-13,87450.27333454284,424.5201416015625
2023-11-14,89167.95634763269,432.756103515625
2023-11-15,89544.81766641926,433.6722106933594
2023-11-16,89340.57324914963,434.2027893066406
2023-11-17,89691.71522974933,434.7427978515625
2023-11-20,90256.05116519322,438.0893249511719
2023-11-21,89991.25766519422,437.134521484375
2023-11-22,90254.65252803928,438.8222351074219
2023-11-24,90472.61206717353,439.09222412109375
2023-11-27,90263.91414155305,438.30145263671875
2023-11-28,90479.1222527835,438.7354431152344
2023-11-29,90539.2416598737,438.42681884765625
2023-11-30,91026.44757494378,440.1531066894531
2023-12-01,91530.51147796585,442.75701904296875
2023-12-04,91217.79518924386,440.4327697753906
2023-12-05,90990.32412354427,440.3459777832031
2023-12-06,90717.91982788715,438.57147216796875
2023-12-07,91290.05320397131,441.9179382324219
2023-12-08,91662.53784106801,443.81781005859375
2023-12-11,92150.7149185373,445.5440368652344
2023-12-12,92287.10287919108,447.57891845703125
2023-12-13,93744.44363897957,453.7511291503906
2023-12-14,94451.21560182076,455.2074279785156
2023-12-15,94687.66131671648,454.4578857421875
2023-12-18,95045.67586563795,457.0143127441406
2023-12-19,95706.37997711761,459.7933349609375
2023-12-20,94258.01258847813,453.42181396484375
2023-12-21,95122.51745648123,457.7211608886719
2023-12-22,95402.41949570097,458.6410217285156
2023-12-26,95995.3989445138,460.5776062011719
2023-12-27,96186.88762099543,461.4104309082031
2023-12-28,96207.08160059422,461.5846862792969
2023-12-29,95980.44285922688,460.2484130859375
2024-01-02,95931.5910260056,457.6726989746094
2024-01-03,95356.07508867247,453.93505859375
2024-01-04,95243.424703241,452.472900390625
2024-01-05,95586.55187626148,453.09259033203125
2024-01-08,96398.18305985545,459.5608825683594
2024-01-09,96044.79915632337,458.86376953125
2024-01-10,96347.88396409187,461.4588317871094
2024-01-11,96094.059787122,461.2555236816406
2024-01-12,96184.55836294184,461.57501220703125
2024-01-16,95505.68586873774,459.8804931640625
2024-01-17,94964.91194861231,457.32415771484375
2024-01-18,95610.28478528661,461.3909912109375
2024-01-19,96887.65944236612,467.142822265625
2024-01-22,97127.06671100302,468.1304626464844
2024-01-23,97354.76992771741,469.495849609375
2024-01-24,97458.39969606114,470.009033203125
2024-01-25,98192.87688236781,472.5654296875
2024-01-26,98092.05071318307,471.96502685546875
2024-01-29,98607.58200491103,475.7026672363281
2024-01-30,98647.8391747046,475.3347473144531
2024-01-31,97517.6606151714,467.57855224609375
2024-02-01,98514.50623283988,473.69830322265625
2024-02-02,99224.42203503814,478.6850891113281
2024-02-05,98783.73559824865,476.9421081542969
2024-02-06,98931.45282954819,478.326904296875
2024-02-07,99507.74624422913,482.3162536621094
2024-02-08,99515.24946049749,482.5292663574219
2024-02-09,99712.30032215742,485.31805419921875
2024-02-12,100090.420784005,485.1049499511719
2024-02-13,98808.02749607197,478.4236145019531
2024-02-14,99689.7038179111,482.7713623046875
2024-02-15,100769.1343660288,486.10235595703125
2024-02-16,100433.7104478283,483.6816101074219
2024-02-20,99989.61491812495,481.01873779296875
2024-02-21,100259.07414458484,481.4544372558594
2024-02-22,101926.37574263928,491.4184265136719
2024-02-23,102105.72800517268,491.75732421875
2024-02-26,101802.59635299115,489.9562072753906
2024-02-27,101983.18710065837,490.8664855957031
2024-02-28,101908.78516979545,490.21771240234375
2024-02-29,102313.94544043766,491.9799499511719
2024-03-01,103180.3183954514,496.598876953125
2024-03-04,103501.0001431181,496.0662536621094
2024-03-05,102656.35092864613,491.1085205078125
2024-03-06,103432.17613476246,493.59710693359375
2024-03-07,104564.77051329306,498.4967346191406
2024-03-08,103743.52130321188,495.50469970703125
2024-03-11,103594.81804338432,495.0786437988281
2024-03-12,104772.24051516839,500.404296875
2024-03-13,104690.5405043569,499.6199645996094
2024-03-14,104128.57224146527,498.6322937011719
2024-03-15,103689.45795216205,495.2084655761719
2024-03-18,104268.45370669916,498.1515197753906
2024-03-19,104809.45791697624,500.91973876953125
2024-03-20,105823.53425510082,505.552978515625
2024-03-21,106586.28046586933,507.2236022949219
2024-03-22,106201.38536422832,506.2620849609375
2024-03-25,105862.12069989565,504.8633728027344
2024-03-26,105496.50565586031,503.93084716796875
2024-03-27,106689.04554226618,508.16583251953125
2024-03-28,106818.2160845659,508.0688171386719
2024-04-01,106699.46209422548,507.1847839355469
2024-04-02,105986.41371766695,503.96002197265625
2024-04-03,106037.2360269749,504.51361083984375
2024-04-04,104855.5875968673,498.35552978515625
2024-04-05,105790.54978553868,503.5617370605469
2024-04-08,105807.84378887013,503.8433532714844
2024-04-09,105934.36550933754,504.4263000488281
2024-04-10,104797.10403562202,499.3753662109375
2024-04-11,105246.72605609396,503.14404296875
2024-04-12,103671.6328204877,496.1991882324219
2024-04-15,102962.67634384388,489.98272705078125
2024-04-16,102572.65196644272,489.0890808105469
2024-04-17,102337.32473461429,486.194580078125
2024-04-18,102230.47342359727,485.194091796875
2024-04-19,102075.91240243941,480.95916748046875
2024-04-22,102938.57941278552,485.38836669921875
2024-04-23,104127.07269442335,491.1482849121094
2024-04-24,104158.70848839235,490.9151916503906
2024-04-25,103468.30810150526,489.0502624511719
2024-04-26,104013.06172705624,493.6835021972656
2024-04-29,104409.27541058652,495.4317932128906
2024-04-30,103081.24459784647,487.5835266113281
2024-05-01,103049.83774533182,486.00030517578125
2024-05-02,103796.35955007985,490.54608154296875
2024-05-03,104741.7378248814,496.6265563964844
2024-05-06,105718.28357249795,501.7550964355469
2024-05-07,106005.00420011148,502.30877685546875
2024-05-08,106259.07800563144,502.35723876953125
2024-05-09,106900.13738794978,505.2518005371094
2024-05-10,107115.67832450327,505.9028015136719
2024-05-13,107053.7070747191,505.9705810546875
2024-05-14,107570.47683908047,508.2921142578125
2024-05-15,108710.16899142385,514.5863037109375
2024-05-16,108592.64110048297,513.5276489257812
2024-05-17,108773.07743756482,514.2656860351562
2024-05-20,108596.40969225527,514.8582153320312
2024-05-21,108981.0173917839,516.1209106445312
2024-05-22,108521.92936088654,514.6348266601562
2024-05-23,107356.35175748698,510.8758544921875
2024-05-24,107970.21293707896,514.2560424804688
2024-05-28,107746.69568801441,514.6154174804688
2024-05-29,106615.15090892473,511.0117492675781
2024-05-30,106588.80110946648,507.6219177246094
2024-05-31,107716.97763522383,512.2454833984375
2024-06-03,107555.0167544372,512.6630249023438
2024-06-04,107746.54556201576,513.236083984375
2024-06-05,108533.98713004535,519.3360595703125
2024-06-06,108417.718413925,519.3262329101562
2024-06-07,108342.70406413685,518.6950073242188
2024-06-10,108606.21041690653,520.2976684570312
2024-06-11,108198.29309861199,521.5507202148438
2024-06-12,108740.71453565355,525.8341064453125
2024-06-13,109045.5811454436,526.8928833007812
2024-06-14,108989.63436679899,527.2135009765625
2024-06-17,109901.45996817946,531.4095458984375
2024-06-18,110389.81581836675,532.7596435546875
2024-06-20,110412.5897438257,531.3124389648438
2024-06-21,110149.06770407117,530.60009765625
2024-06-24,110414.70060502662,528.8751831054688
2024-06-25,110085.18684403942,530.9120483398438
2024-06-26,110055.09043740181,531.5745239257812
2024-06-27,110103.26602392847,532.41259765625
2024-06-28,110152.746801586,530.3175048828125
2024-07-01,110554.40684911408,531.408935546875
2024-07-02,111263.6106292459,534.9851684570312
2024-07-03,111597.25619054628,537.37255859375
2024-07-05,111995.35717240199,540.4713134765625
2024-07-08,112177.37675508726,541.094970703125
2024-07-09,112371.65004362854,541.6211547851562
2024-07-10,113395.75799369511,546.9806518554688
2024-07-11,112954.89369408113,542.2642822265625
2024-07-12,113256.40485039447,545.6845703125
2024-07-15,113636.35093244519,547.1854248046875
2024-07-16,114984.46745402667,550.4302368164062
2024-07-17,114718.90273888901,542.7125854492188
2024-07-18,113645.91936624824,538.5418701171875
2024-07-19,112938.2348469384,534.9656982421875
2024-07-22,113644.8629905529,540.4810791015625
2024-07-23,113304.18014984891,539.63330078125
2024-07-24,111715.04884161084,527.4038696289062
2024-07-25,111477.60218127159,524.6558837890625
2024-07-26,113102.13765236821,530.5319213867188
2024-07-29,112892.94821894956,530.84375
2024-07-30,112606.5642717212,528.1541748046875
2024-07-31,113786.71485216368,536.7391357421875
2024-08-01,112578.28921039184,529.138427734375
2024-08-02,110310.3910506685,519.2868041992188
2024-08-05,107342.36017894781,504.1632080078125
2024-08-06,108345.88930070943,508.8113708496094
2024-08-07,107573.74757596372,505.4104309082031
2024-08-08,109801.76870145006,517.0941162109375
2024-08-09,110200.35576932108,519.3743896484375
2024-08-12,109894.07036721025,519.6472778320312
2024-08-13,111344.00168437835,528.1931762695312
2024-08-14,111805.42603111608,529.8595581054688
2024-08-15,113462.2411631704,538.9414672851562
2024-08-16,113832.20991842842,540.1497802734375
2024-08-19,114697.86974168876,545.3143310546875
2024-08-20,114481.37367569964,544.4276733398438
2024-08-21,114803.40663792803,546.2985229492188
2024-08-22,114123.7706842155,542.0109252929688
2024-08-23,115421.8935466939,547.7699584960938
2024-08-26,115454.00822017096,546.4641723632812
2024-08-27,115499.18005373738,547.2145385742188
2024-08-28,115084.58966681866,544.0377807617188
2024-08-29,115528.98810307698,544.08642578125
2024-08-30,116761.23834561529,549.2804565429688
2024-09-03,114808.84591772118,537.9767456054688
2024-09-04,114864.11340208429,536.8756103515625
2024-09-05,114354.52043495091,535.56982421875
2024-09-06,112486.00985527772,526.5560302734375
2024-09-09,113904.64725065495,532.4515991210938
2024-09-10,114279.21360786994,534.770751953125
2024-09-11,114901.15796955644,540.2568359375
2024-09-12,115480.71539488931,544.8077392578125
2024-09-13,116370.72713649132,547.6530151367188
2024-09-16,117210.46113536811,548.4619750976562
2024-09-17,117243.12917774337,548.6859130859375
2024-09-18,116877.40512456898,547.0587158203125
2024-09-19,118423.22828817647,556.3939208984375
2024-09-20,118440.7039660158,555.4320678710938
2024-09-23,118857.81456527335,556.820068359375
2024-09-24,118903.91634206261,558.4132080078125
2024-09-25,118408.02528717824,557.1817016601562
2024-09-26,118798.89843888812,559.3906860351562
2024-09-27,118946.21008620656,558.5794677734375
2024-09-30,119415.13061937733,560.81787109375
2024-10-01,119043.12102760219,555.7937622070312
2024-10-02,119219.76459555292,556.0283203125
2024-10-03,118809.73112333607,555.0117797851562
2024-10-04,119869.3566459104,560.055419921875
2024-10-07,118963.08131602951,554.9921875
2024-10-08,119643.7637829522,560.2411499023438
2024-10-09,120753.96610914159,564.12158203125
2024-10-10,120242.44109146703,563.1343383789062
2024-10-11,121415.22252293785,566.5064697265625
2024-10-14,122110.1568895367,571.1396484375
2024-10-15,121415.67600621696,566.7020263671875
2024-10-16,122394.11122064586,569.1651611328125
2024-10-17,122387.3558550253,569.2140502929688
2024-10-18,122629.91382190834,571.4035034179688
2024-10-21,121903.43840302975,570.4652099609375
2024-10-22,121734.43388659388,570.1621704101562
2024-10-23,121147.48515857084,564.952392578125
2024-10-24,121134.19367875934,566.1741943359375
2024-10-25,120450.88386070919,565.9786987304688
2024-10-28,120919.22626236112,567.7283935546875
2024-10-29,120643.44468087477,568.6470336914062
2024-10-30,120186.70095076469,566.9268188476562
2024-10-31,119181.96396476428,555.8132934570312
2024-11-01,119492.73128368823,558.1591186523438
2024-11-04,119023.72701344006,556.9569702148438
2024-11-05,120296.93821688413,563.6913452148438
2024-11-06,123769.98222748039,577.7079467773438
2024-11-07,123900.11701330684,582.1749267578125
2024-11-08,124807.28795036142,584.6966552734375
2024-11-11,125285.91785137814,585.25390625
2024-11-12,124352.77914277434,583.4359130859375
2024-11-13,124357.77755569438,583.7193603515625
2024-11-14,123700.31646470075,579.9658203125
2024-11-15,122868.55051872357,572.5374145507812
2024-11-18,123612.05615393005,574.8832397460938
2024-11-19,123604.1221844447,576.984619140625
2024-11-20,123569.04130442416,577.1803588867188
2024-11-21,124389.99074020384,580.2787475585938
2024-11-22,125230.51023467831,582.0772705078125
2024-11-25,125782.8020955901,584.0517578125
2024-11-26,126297.4425846051,587.1011962890625
2024-11-27,125957.39914622047,585.3223266601562
2024-11-29,126539.48526241563,588.958251953125
2024-12-02,126340.41747605016,590.0140991210938
2024-12-03,126131.15287394599,590.2877197265625
2024-12-04,126226.39259613487,593.953125
2024-12-05,126203.82229262404,592.9757080078125
2024-12-06,126589.12508640395,594.0997924804688
2024-12-09,125786.20693859989,591.0403442382812
2024-12-10,125439.84584729664,589.2026977539062
2024-12-11,125829.13501369052,593.7576293945312
2024-12-12,125133.45824972694,590.6982421875
2024-12-13,125533.1909528956,590.5809936523438
2024-12-16,125845.3694537308,593.102783203125
2024-12-17,125366.57909239536,590.6591186523438
2024-12-18,121840.86846826799,573.055419921875
2024-12-19,121922.93024759342,572.8795166015625
2024-12-20,123063.86243420946,579.7603759765625
2024-12-23,123898.97081771122,583.2321166992188
2024-12-24,125357.59265081171,589.7147827148438
2024-12-26,125384.85658777443,589.7539672851562
2024-12-27,124319.326889634,583.5458984375
2024-12-30,122959.02910501577,576.88671875
