{
  "warren_buffett": 0.8437044115312065,
  "aswath_damodaran": 1.2807325749817524,
  "ben_graham": 1.0392731867950946,
  "bill_ackman": 0.9697909556733715,
  "cathie_wood": 0.9246904407500339,
  "charlie_munger": 0.82,
  "michael_burry": 1.0717712459296105,
  "mohnish_pabrai": 1.0292231717793747,
  "peter_lynch": 0.8437044115312065,
  "phil_fisher": 1.0292231717793747,
  "rakesh_jhunjhunwala": 0.9246904407500339,
  "stanley_druckenmiller": 1.0196928674199754,
  "valuation_analyst": 1.293860000502092,
  "sentiment_analyst": 1.0378845338201854,
  "fundamentals_analyst": 1.0341726578353896,
  "technicals_analyst": 1.0,
  "growth_analyst": 1.288910514446077,
  "news_sentiment_analyst": 1.4,
  "aditya_iyer": 0.8510198959261643,
  "chamath_palihapitiya": 1.11336443473163,
  "ron_baron": 1.288910514446077,
  "congressional_trader": 1.1405536289257774
}